combination_id,task,representation,embedding,classifier,fold,unit_id,group,gold,prediction,semantic_prediction,covered,correct,confidence,p_obra,p_demo,p_sob_demanda,p_triagem_manual,p_nao_duplicado,p_duplicado
classification__tfidf__none__logistic_regression,classification,tfidf,,logistic_regression,0,DEV-LOCAL-V1-000346,50f27c00168f30835c9e781d2fbb0fb94fc5e75214d3c87b28e0d15f97180d34,SOB_DEMANDA,SOB_DEMANDA,SOB_DEMANDA,True,True,0.8915877174418613,0.003306209385809779,0.005659264255051664,0.8915877174418613,0.0994468089172771,,
classification__tfidf__none__logistic_regression,classification,tfidf,,logistic_regression,0,DEV-LOCAL-V1-000347,50f27c00168f30835c9e781d2fbb0fb94fc5e75214d3c87b28e0d15f97180d34,SOB_DEMANDA,TRIAGEM_MANUAL,SOB_DEMANDA,False,False,0.654857805755106,0.028721477516987542,0.007782498905645038,0.654857805755106,0.3086382178222615,,
classification__tfidf__none__logistic_regression,classification,tfidf,,logistic_regression,0,DEV-LOCAL-V1-000348,50f27c00168f30835c9e781d2fbb0fb94fc5e75214d3c87b28e0d15f97180d34,SOB_DEMANDA,SOB_DEMANDA,SOB_DEMANDA,True,True,0.9052795829715018,0.004091015297984342,0.005806589339902748,0.9052795829715018,0.08482281239061108,,
classification__tfidf__none__logistic_regression,classification,tfidf,,logistic_regression,0,DEV-LOCAL-V1-000349,50f27c00168f30835c9e781d2fbb0fb94fc5e75214d3c87b28e0d15f97180d34,SOB_DEMANDA,SOB_DEMANDA,SOB_DEMANDA,True,True,0.8989247836408375,0.004336330403986257,0.0041570143270197755,0.8989247836408375,0.09258187162815643,,
classification__tfidf__none__logistic_regression,classification,tfidf,,logistic_regression,0,DEV-LOCAL-V1-000350,50f27c00168f30835c9e781d2fbb0fb94fc5e75214d3c87b28e0d15f97180d34,SOB_DEMANDA,SOB_DEMANDA,SOB_DEMANDA,True,True,0.858703104361779,0.0035231523075047013,0.0069148685428256276,0.858703104361779,0.13085887478789077,,
classification__tfidf__none__logistic_regression,classification,tfidf,,logistic_regression,0,DEV-LOCAL-V1-000056,01be3bf606fc78a7fdfc7a5b45fe83b77852a0793ff39623dff51811c98298ae,OBRA,TRIAGEM_MANUAL,OBRA,False,False,0.545715764000366,0.545715764000366,0.4307982120942376,0.0022603083474716135,0.02122571555792466,,
classification__tfidf__none__logistic_regression,classification,tfidf,,logistic_regression,0,DEV-LOCAL-V1-000057,01be3bf606fc78a7fdfc7a5b45fe83b77852a0793ff39623dff51811c98298ae,OBRA,DEMO,DEMO,True,False,0.8530923967113826,0.06700941587062673,0.8530923967113826,0.06834468607349693,0.011553501344493644,,
classification__tfidf__none__logistic_regression,classification,tfidf,,logistic_regression,0,DEV-LOCAL-V1-000058,01be3bf606fc78a7fdfc7a5b45fe83b77852a0793ff39623dff51811c98298ae,OBRA,TRIAGEM_MANUAL,OBRA,False,False,0.5643015693141907,0.5643015693141907,0.4175206013783492,0.0019024047905965007,0.016275424516863517,,
classification__tfidf__none__logistic_regression,classification,tfidf,,logistic_regression,0,DEV-LOCAL-V1-000059,01be3bf606fc78a7fdfc7a5b45fe83b77852a0793ff39623dff51811c98298ae,OBRA,TRIAGEM_MANUAL,OBRA,False,False,0.5844317992595226,0.5844317992595226,0.3968016771832632,0.0017494043593825881,0.01701711919783163,,
classification__tfidf__none__logistic_regression,classification,tfidf,,logistic_regression,0,DEV-LOCAL-V1-000060,01be3bf606fc78a7fdfc7a5b45fe83b77852a0793ff39623dff51811c98298ae,OBRA,TRIAGEM_MANUAL,OBRA,False,False,0.5376456865128262,0.5376456865128262,0.42334677211152055,0.002456887197822369,0.03655065417783084,,
classification__tfidf__none__logistic_regression,classification,tfidf,,logistic_regression,0,DEV-LOCAL-V1-000006,2d9c7185842c9e6087b6b02d07f8b02ca2ddab2e6e039cfd72ad8b990e180cc2,OBRA,OBRA,OBRA,True,True,0.9572220930709016,0.9572220930709016,0.025238022835152262,0.005177631296667542,0.0123622527972786,,
classification__tfidf__none__logistic_regression,classification,tfidf,,logistic_regression,0,DEV-LOCAL-V1-000007,2d9c7185842c9e6087b6b02d07f8b02ca2ddab2e6e039cfd72ad8b990e180cc2,OBRA,OBRA,OBRA,True,True,0.9301898260790203,0.9301898260790203,0.03583561399202501,0.029108085441051666,0.004866474487903229,,
classification__tfidf__none__logistic_regression,classification,tfidf,,logistic_regression,0,DEV-LOCAL-V1-000008,2d9c7185842c9e6087b6b02d07f8b02ca2ddab2e6e039cfd72ad8b990e180cc2,OBRA,OBRA,OBRA,True,True,0.9541941453530879,0.9541941453530879,0.029065644181206357,0.005949457571038166,0.010790752894667535,,
classification__tfidf__none__logistic_regression,classification,tfidf,,logistic_regression,0,DEV-LOCAL-V1-000009,2d9c7185842c9e6087b6b02d07f8b02ca2ddab2e6e039cfd72ad8b990e180cc2,OBRA,OBRA,OBRA,True,True,0.9637835712333666,0.9637835712333666,0.020735428886287533,0.0050455577742668884,0.01043544210607885,,
classification__tfidf__none__logistic_regression,classification,tfidf,,logistic_regression,0,DEV-LOCAL-V1-000010,2d9c7185842c9e6087b6b02d07f8b02ca2ddab2e6e039cfd72ad8b990e180cc2,OBRA,OBRA,OBRA,True,True,0.9507436384952992,0.9507436384952992,0.023157323425767082,0.0046932788797197115,0.021405759199214006,,
classification__tfidf__none__logistic_regression,classification,tfidf,,logistic_regression,0,DEV-LOCAL-V1-000047,6292d824e91c32ab66527d8f823b60f52fd7633c01d0bbda17eed8f1ef4df0b9,OBRA,OBRA,OBRA,True,True,0.9551166372653473,0.9551166372653473,0.017069823319665632,0.005992940263670025,0.02182059915131712,,
classification__tfidf__none__logistic_regression,classification,tfidf,,logistic_regression,0,DEV-LOCAL-V1-000050,6292d824e91c32ab66527d8f823b60f52fd7633c01d0bbda17eed8f1ef4df0b9,OBRA,OBRA,OBRA,True,True,0.9446028577802605,0.9446028577802605,0.016485038119042637,0.0012608809222650007,0.03765122317843182,,
classification__tfidf__none__logistic_regression,classification,tfidf,,logistic_regression,0,DEV-LOCAL-V1-000616,b2d2145e1c6f107fafe084efbdf48e8de6fbf76f8392d1cda683474a81fe23f6,TRIAGEM_MANUAL,DEMO,DEMO,True,False,0.7053597691108361,0.0049377636007972795,0.7053597691108361,0.005080507331458556,0.28462195995690803,,
classification__tfidf__none__logistic_regression,classification,tfidf,,logistic_regression,0,DEV-LOCAL-V1-000617,b2d2145e1c6f107fafe084efbdf48e8de6fbf76f8392d1cda683474a81fe23f6,TRIAGEM_MANUAL,DEMO,DEMO,True,False,0.9058844072945387,0.003636450597471933,0.9058844072945387,0.0082855099364938,0.08219363217149553,,
classification__tfidf__none__logistic_regression,classification,tfidf,,logistic_regression,0,DEV-LOCAL-V1-000618,b2d2145e1c6f107fafe084efbdf48e8de6fbf76f8392d1cda683474a81fe23f6,TRIAGEM_MANUAL,TRIAGEM_MANUAL,DEMO,False,False,0.6427960741433181,0.003769272097025593,0.6427960741433181,0.0027701910355647443,0.35066446272409174,,
classification__tfidf__none__logistic_regression,classification,tfidf,,logistic_regression,0,DEV-LOCAL-V1-000619,b2d2145e1c6f107fafe084efbdf48e8de6fbf76f8392d1cda683474a81fe23f6,TRIAGEM_MANUAL,TRIAGEM_MANUAL,DEMO,False,False,0.5978178962031784,0.0028697664273980407,0.5978178962031784,0.0026270196482581654,0.39668531772116533,,
classification__tfidf__none__logistic_regression,classification,tfidf,,logistic_regression,0,DEV-LOCAL-V1-000620,b2d2145e1c6f107fafe084efbdf48e8de6fbf76f8392d1cda683474a81fe23f6,TRIAGEM_MANUAL,TRIAGEM_MANUAL,DEMO,False,False,0.5431601182081901,0.0036299844524107527,0.5431601182081901,0.004156939588742762,0.44905295775065635,,
classification__tfidf__none__logistic_regression,classification,tfidf,,logistic_regression,0,DEV-LOCAL-V1-000356,8db79e4b879c64296ca62f1d351556bcc67e974506ae12cee1a7e7907608ebe7,SOB_DEMANDA,SOB_DEMANDA,SOB_DEMANDA,True,True,0.9577045485972492,0.015660048733228703,0.009689228419941227,0.9577045485972492,0.016946174249580982,,
classification__tfidf__none__logistic_regression,classification,tfidf,,logistic_regression,0,DEV-LOCAL-V1-000357,8db79e4b879c64296ca62f1d351556bcc67e974506ae12cee1a7e7907608ebe7,SOB_DEMANDA,TRIAGEM_MANUAL,SOB_DEMANDA,False,False,0.6543227220357143,0.3219866642466584,0.010372534920409692,0.6543227220357143,0.013318078797217752,,
classification__tfidf__none__logistic_regression,classification,tfidf,,logistic_regression,0,DEV-LOCAL-V1-000358,8db79e4b879c64296ca62f1d351556bcc67e974506ae12cee1a7e7907608ebe7,SOB_DEMANDA,SOB_DEMANDA,SOB_DEMANDA,True,True,0.9555185060101293,0.020348153668100572,0.010669919181144343,0.9555185060101293,0.01346342114062581,,
classification__tfidf__none__logistic_regression,classification,tfidf,,logistic_regression,0,DEV-LOCAL-V1-000359,8db79e4b879c64296ca62f1d351556bcc67e974506ae12cee1a7e7907608ebe7,SOB_DEMANDA,SOB_DEMANDA,SOB_DEMANDA,True,True,0.9592215226949712,0.019424039012967832,0.007505928132000501,0.9592215226949712,0.013848510160060484,,
classification__tfidf__none__logistic_regression,classification,tfidf,,logistic_regression,0,DEV-LOCAL-V1-000360,8db79e4b879c64296ca62f1d351556bcc67e974506ae12cee1a7e7907608ebe7,SOB_DEMANDA,SOB_DEMANDA,SOB_DEMANDA,True,True,0.9468415119213776,0.015315770043433296,0.011400197817896307,0.9468415119213776,0.02644252021729277,,
classification__tfidf__none__logistic_regression,classification,tfidf,,logistic_regression,0,DEV-LOCAL-V1-000021,72682d208df6920206e2c1311c3af416610c982e8fd3ae9ac51894dd8bb0a569,OBRA,TRIAGEM_MANUAL,OBRA,False,False,0.6632205198432101,0.6632205198432101,0.04271237445987107,0.28024371998259184,0.013823385714327101,,
classification__tfidf__none__logistic_regression,classification,tfidf,,logistic_regression,0,DEV-LOCAL-V1-000022,72682d208df6920206e2c1311c3af416610c982e8fd3ae9ac51894dd8bb0a569,OBRA,SOB_DEMANDA,SOB_DEMANDA,True,False,0.806302414234899,0.07136955281680746,0.1117148105699526,0.806302414234899,0.010613222378340871,,
classification__tfidf__none__logistic_regression,classification,tfidf,,logistic_regression,0,DEV-LOCAL-V1-000023,72682d208df6920206e2c1311c3af416610c982e8fd3ae9ac51894dd8bb0a569,OBRA,TRIAGEM_MANUAL,OBRA,False,False,0.6910191767114342,0.6910191767114342,0.043015577383636455,0.25506420024300147,0.010901045661927802,,
classification__tfidf__none__logistic_regression,classification,tfidf,,logistic_regression,0,DEV-LOCAL-V1-000024,72682d208df6920206e2c1311c3af416610c982e8fd3ae9ac51894dd8bb0a569,OBRA,TRIAGEM_MANUAL,OBRA,False,False,0.6679460748912099,0.6679460748912099,0.043798194549425316,0.27980740938031406,0.00844832117905072,,
classification__tfidf__none__logistic_regression,classification,tfidf,,logistic_regression,0,DEV-LOCAL-V1-000025,72682d208df6920206e2c1311c3af416610c982e8fd3ae9ac51894dd8bb0a569,OBRA,TRIAGEM_MANUAL,OBRA,False,False,0.6829597828296612,0.6829597828296612,0.05082623971004455,0.2423656149284597,0.02384836253183453,,
classification__tfidf__none__logistic_regression,classification,tfidf,,logistic_regression,0,DEV-LOCAL-V1-000381,780b79e27f5037df9a39917de184620dfd0efb472c279b16c4a72375bbb5df7a,SOB_DEMANDA,SOB_DEMANDA,SOB_DEMANDA,True,True,0.9432253288797543,0.003976748530804889,0.04536809205166586,0.9432253288797543,0.007429830537774914,,
classification__tfidf__none__logistic_regression,classification,tfidf,,logistic_regression,0,DEV-LOCAL-V1-000382,780b79e27f5037df9a39917de184620dfd0efb472c279b16c4a72375bbb5df7a,SOB_DEMANDA,SOB_DEMANDA,SOB_DEMANDA,True,True,0.768432782626973,0.031516729507122074,0.1914418470289918,0.768432782626973,0.008608640836913203,,
classification__tfidf__none__logistic_regression,classification,tfidf,,logistic_regression,0,DEV-LOCAL-V1-000383,780b79e27f5037df9a39917de184620dfd0efb472c279b16c4a72375bbb5df7a,SOB_DEMANDA,SOB_DEMANDA,SOB_DEMANDA,True,True,0.9354708439275357,0.005179225006918957,0.053525058155122526,0.9354708439275357,0.005824872910422935,,
classification__tfidf__none__logistic_regression,classification,tfidf,,logistic_regression,0,DEV-LOCAL-V1-000384,780b79e27f5037df9a39917de184620dfd0efb472c279b16c4a72375bbb5df7a,SOB_DEMANDA,SOB_DEMANDA,SOB_DEMANDA,True,True,0.9368889354155048,0.006569494644893426,0.049138020935924766,0.9368889354155048,0.007403549003677148,,
classification__tfidf__none__logistic_regression,classification,tfidf,,logistic_regression,0,DEV-LOCAL-V1-000385,780b79e27f5037df9a39917de184620dfd0efb472c279b16c4a72375bbb5df7a,SOB_DEMANDA,SOB_DEMANDA,SOB_DEMANDA,True,True,0.9401417836278925,0.0039386328850734426,0.04365612372809702,0.9401417836278925,0.012263459758937242,,
classification__tfidf__none__logistic_regression,classification,tfidf,,logistic_regression,0,DEV-LOCAL-V1-000341,fc0a119332429107907e75715cd75e6af5b3031cd2b4401d68a08cd62acceee1,SOB_DEMANDA,SOB_DEMANDA,SOB_DEMANDA,True,True,0.9636941585761717,0.001189281834926551,0.01587921643366893,0.9636941585761717,0.01923734315523276,,
classification__tfidf__none__logistic_regression,classification,tfidf,,logistic_regression,0,DEV-LOCAL-V1-000342,fc0a119332429107907e75715cd75e6af5b3031cd2b4401d68a08cd62acceee1,SOB_DEMANDA,SOB_DEMANDA,SOB_DEMANDA,True,True,0.9676849344527859,0.007592081557111488,0.008832684897737534,0.9676849344527859,0.015890299092364942,,
classification__tfidf__none__logistic_regression,classification,tfidf,,logistic_regression,0,DEV-LOCAL-V1-000343,fc0a119332429107907e75715cd75e6af5b3031cd2b4401d68a08cd62acceee1,SOB_DEMANDA,SOB_DEMANDA,SOB_DEMANDA,True,True,0.9658505047162037,0.00145570271764121,0.016657626614188462,0.9658505047162037,0.016036165951966667,,
classification__tfidf__none__logistic_regression,classification,tfidf,,logistic_regression,0,DEV-LOCAL-V1-000344,fc0a119332429107907e75715cd75e6af5b3031cd2b4401d68a08cd62acceee1,SOB_DEMANDA,SOB_DEMANDA,SOB_DEMANDA,True,True,0.969677359078907,0.0015284691395441433,0.015134143397350776,0.969677359078907,0.013660028384198115,,
classification__tfidf__none__logistic_regression,classification,tfidf,,logistic_regression,0,DEV-LOCAL-V1-000345,fc0a119332429107907e75715cd75e6af5b3031cd2b4401d68a08cd62acceee1,SOB_DEMANDA,SOB_DEMANDA,SOB_DEMANDA,True,True,0.9600244384174049,0.0008860646526829261,0.011349642142046028,0.9600244384174049,0.027739854787865965,,
classification__tfidf__none__logistic_regression,classification,tfidf,,logistic_regression,0,DEV-LOCAL-V1-000386,edfc81703e159cc4321e8c9728593b0a279ac2c7c0e03283e7927fd2fc24b17e,SOB_DEMANDA,SOB_DEMANDA,SOB_DEMANDA,True,True,0.8480428044182563,0.04742570074401392,0.07386314097292919,0.8480428044182563,0.0306683538648005,,
classification__tfidf__none__logistic_regression,classification,tfidf,,logistic_regression,0,DEV-LOCAL-V1-000387,edfc81703e159cc4321e8c9728593b0a279ac2c7c0e03283e7927fd2fc24b17e,SOB_DEMANDA,TRIAGEM_MANUAL,SOB_DEMANDA,False,False,0.6145866246217526,0.22764112236001094,0.12997937747528643,0.6145866246217526,0.02779287554295001,,
classification__tfidf__none__logistic_regression,classification,tfidf,,logistic_regression,0,DEV-LOCAL-V1-000388,edfc81703e159cc4321e8c9728593b0a279ac2c7c0e03283e7927fd2fc24b17e,SOB_DEMANDA,SOB_DEMANDA,SOB_DEMANDA,True,True,0.8391949206063997,0.061741943598696766,0.07439627452845748,0.8391949206063997,0.024666861266445992,,
classification__tfidf__none__logistic_regression,classification,tfidf,,logistic_regression,0,DEV-LOCAL-V1-000389,edfc81703e159cc4321e8c9728593b0a279ac2c7c0e03283e7927fd2fc24b17e,SOB_DEMANDA,SOB_DEMANDA,SOB_DEMANDA,True,True,0.8395284558609892,0.07199105233663322,0.06978852847712436,0.8395284558609892,0.01869196332525311,,
classification__tfidf__none__logistic_regression,classification,tfidf,,logistic_regression,0,DEV-LOCAL-V1-000390,edfc81703e159cc4321e8c9728593b0a279ac2c7c0e03283e7927fd2fc24b17e,SOB_DEMANDA,SOB_DEMANDA,SOB_DEMANDA,True,True,0.8308307970237998,0.042837014087302026,0.07529327288212638,0.8308307970237998,0.051038916006771816,,
classification__tfidf__none__logistic_regression,classification,tfidf,,logistic_regression,0,DEV-LOCAL-V1-000326,5846be7c5d9d8500b51fccf5050a4949394ac32bea598df559827c98aa1378f4,SOB_DEMANDA,SOB_DEMANDA,SOB_DEMANDA,True,True,0.8824894178875554,0.006252907234798388,0.05478454681893512,0.8824894178875554,0.05647312805871093,,
classification__tfidf__none__logistic_regression,classification,tfidf,,logistic_regression,0,DEV-LOCAL-V1-000327,5846be7c5d9d8500b51fccf5050a4949394ac32bea598df559827c98aa1378f4,SOB_DEMANDA,SOB_DEMANDA,SOB_DEMANDA,True,True,0.8431734499628433,0.0580310266779522,0.08976519164283019,0.8431734499628433,0.009030331716374186,,
classification__tfidf__none__logistic_regression,classification,tfidf,,logistic_regression,0,DEV-LOCAL-V1-000328,5846be7c5d9d8500b51fccf5050a4949394ac32bea598df559827c98aa1378f4,SOB_DEMANDA,SOB_DEMANDA,SOB_DEMANDA,True,True,0.8836894149558577,0.008144382809266387,0.060682159599648205,0.8836894149558577,0.047484042635227784,,
classification__tfidf__none__logistic_regression,classification,tfidf,,logistic_regression,0,DEV-LOCAL-V1-000329,5846be7c5d9d8500b51fccf5050a4949394ac32bea598df559827c98aa1378f4,SOB_DEMANDA,SOB_DEMANDA,SOB_DEMANDA,True,True,0.8971216487586595,0.007312194356751478,0.04418121657277278,0.8971216487586595,0.051384940311816105,,
classification__tfidf__none__logistic_regression,classification,tfidf,,logistic_regression,0,DEV-LOCAL-V1-000330,5846be7c5d9d8500b51fccf5050a4949394ac32bea598df559827c98aa1378f4,SOB_DEMANDA,SOB_DEMANDA,SOB_DEMANDA,True,True,0.8607176425794459,0.005935326737276152,0.04559348508487301,0.8607176425794459,0.0877535455984049,,
classification__tfidf__none__logistic_regression,classification,tfidf,,logistic_regression,0,DEV-LOCAL-V1-000211,cf876eede53c324d590910302fbb7c19c111f6c7dcf0e930f81751daf49b0d93,DEMO,TRIAGEM_MANUAL,TRIAGEM_MANUAL,False,False,0.5909596811843253,0.028478822862874488,0.3685316266318988,0.012029869320901294,0.5909596811843253,,
classification__tfidf__none__logistic_regression,classification,tfidf,,logistic_regression,0,DEV-LOCAL-V1-000212,cf876eede53c324d590910302fbb7c19c111f6c7dcf0e930f81751daf49b0d93,DEMO,TRIAGEM_MANUAL,TRIAGEM_MANUAL,False,False,0.5545283618582386,0.0037590918484154494,0.12665514614047943,0.31505740015286665,0.5545283618582386,,
classification__tfidf__none__logistic_regression,classification,tfidf,,logistic_regression,0,DEV-LOCAL-V1-000213,cf876eede53c324d590910302fbb7c19c111f6c7dcf0e930f81751daf49b0d93,DEMO,TRIAGEM_MANUAL,TRIAGEM_MANUAL,False,False,0.5890330389927698,0.036977630868334034,0.3644642092538086,0.009525120885087475,0.5890330389927698,,
classification__tfidf__none__logistic_regression,classification,tfidf,,logistic_regression,0,DEV-LOCAL-V1-000214,cf876eede53c324d590910302fbb7c19c111f6c7dcf0e930f81751daf49b0d93,DEMO,TRIAGEM_MANUAL,TRIAGEM_MANUAL,False,False,0.5885485047451536,0.024466643055118996,0.372333677245582,0.014651174954145333,0.5885485047451536,,
classification__tfidf__none__logistic_regression,classification,tfidf,,logistic_regression,0,DEV-LOCAL-V1-000215,cf876eede53c324d590910302fbb7c19c111f6c7dcf0e930f81751daf49b0d93,DEMO,TRIAGEM_MANUAL,TRIAGEM_MANUAL,False,False,0.6622649104074915,0.03200144811120404,0.2930253656891814,0.01270827579212306,0.6622649104074915,,
classification__tfidf__none__logistic_regression,classification,tfidf,,logistic_regression,0,DEV-LOCAL-V1-000106,81601f08df6c900e17b8c650178e481962ed282d6d053dbd8b6229d0858c0b7c,OBRA,TRIAGEM_MANUAL,OBRA,False,False,0.886828291957503,0.886828291957503,0.003305087036942222,2.442626801620218e-05,0.10984219473753852,,
classification__tfidf__none__logistic_regression,classification,tfidf,,logistic_regression,0,DEV-LOCAL-V1-000107,81601f08df6c900e17b8c650178e481962ed282d6d053dbd8b6229d0858c0b7c,OBRA,TRIAGEM_MANUAL,OBRA,False,False,0.8175011450401736,0.8175011450401736,0.0030245772470177154,3.810045253192688e-05,0.1794361772602768,,
classification__tfidf__none__logistic_regression,classification,tfidf,,logistic_regression,0,DEV-LOCAL-V1-000108,81601f08df6c900e17b8c650178e481962ed282d6d053dbd8b6229d0858c0b7c,OBRA,TRIAGEM_MANUAL,OBRA,False,False,0.8973340099476887,0.8973340099476887,0.003947010029478816,2.7025563034601844e-05,0.09869195445979773,,
classification__tfidf__none__logistic_regression,classification,tfidf,,logistic_regression,0,DEV-LOCAL-V1-000109,81601f08df6c900e17b8c650178e481962ed282d6d053dbd8b6229d0858c0b7c,OBRA,TRIAGEM_MANUAL,OBRA,False,False,0.8945785573121727,0.8945785573121727,0.0023127079160897893,1.6953842791727644e-05,0.10309178092894575,,
classification__tfidf__none__logistic_regression,classification,tfidf,,logistic_regression,0,DEV-LOCAL-V1-000110,81601f08df6c900e17b8c650178e481962ed282d6d053dbd8b6229d0858c0b7c,OBRA,TRIAGEM_MANUAL,OBRA,False,False,0.8612956382089603,0.8612956382089603,0.0035097086955355925,3.543404429338772e-05,0.13515921905121064,,
classification__tfidf__none__logistic_regression,classification,tfidf,,logistic_regression,0,DEV-LOCAL-V1-000591,a20f1f018907b09eecd93402b466c9abc2b07a9de6a41b22270263e845afad34,TRIAGEM_MANUAL,SOB_DEMANDA,SOB_DEMANDA,True,False,0.8620827717334778,0.008896966960276339,0.039104882508529164,0.8620827717334778,0.08991537879771676,,
classification__tfidf__none__logistic_regression,classification,tfidf,,logistic_regression,0,DEV-LOCAL-V1-000592,a20f1f018907b09eecd93402b466c9abc2b07a9de6a41b22270263e845afad34,TRIAGEM_MANUAL,SOB_DEMANDA,SOB_DEMANDA,True,False,0.8827130215344677,0.0698829504744799,0.03526778549407818,0.8827130215344677,0.012136242496974264,,
classification__tfidf__none__logistic_regression,classification,tfidf,,logistic_regression,0,DEV-LOCAL-V1-000593,a20f1f018907b09eecd93402b466c9abc2b07a9de6a41b22270263e845afad34,TRIAGEM_MANUAL,SOB_DEMANDA,SOB_DEMANDA,True,False,0.877981630856752,0.004135751752558735,0.042135553455591744,0.877981630856752,0.07574706393509763,,
classification__tfidf__none__logistic_regression,classification,tfidf,,logistic_regression,0,DEV-LOCAL-V1-000594,a20f1f018907b09eecd93402b466c9abc2b07a9de6a41b22270263e845afad34,TRIAGEM_MANUAL,SOB_DEMANDA,SOB_DEMANDA,True,False,0.8830546327225085,0.011198555923216589,0.03891954531581199,0.8830546327225085,0.06682726603846285,,
classification__tfidf__none__logistic_regression,classification,tfidf,,logistic_regression,0,DEV-LOCAL-V1-000595,a20f1f018907b09eecd93402b466c9abc2b07a9de6a41b22270263e845afad34,TRIAGEM_MANUAL,SOB_DEMANDA,SOB_DEMANDA,True,False,0.8402701934233782,0.00933344474095568,0.035944774752064,0.8402701934233782,0.11445158708360205,,
classification__tfidf__none__logistic_regression,classification,tfidf,,logistic_regression,0,DEV-LOCAL-V1-000466,287b569b271c80146f54d84a4dd7a26e5eb19ed2e39e16dc087ba9fcfad1a4b3,SOB_DEMANDA,SOB_DEMANDA,SOB_DEMANDA,True,True,0.8684639204527127,0.06735428110097201,0.05062701862747582,0.8684639204527127,0.013554779818839532,,
classification__tfidf__none__logistic_regression,classification,tfidf,,logistic_regression,0,DEV-LOCAL-V1-000467,287b569b271c80146f54d84a4dd7a26e5eb19ed2e39e16dc087ba9fcfad1a4b3,SOB_DEMANDA,TRIAGEM_MANUAL,SOB_DEMANDA,False,False,0.508441277015664,0.24858819927202772,0.2210526867860412,0.508441277015664,0.021917836926267052,,
classification__tfidf__none__logistic_regression,classification,tfidf,,logistic_regression,0,DEV-LOCAL-V1-000468,287b569b271c80146f54d84a4dd7a26e5eb19ed2e39e16dc087ba9fcfad1a4b3,SOB_DEMANDA,SOB_DEMANDA,SOB_DEMANDA,True,True,0.8478643007128447,0.0915657657870947,0.04973955254780006,0.8478643007128447,0.010830380952260445,,
classification__tfidf__none__logistic_regression,classification,tfidf,,logistic_regression,0,DEV-LOCAL-V1-000469,287b569b271c80146f54d84a4dd7a26e5eb19ed2e39e16dc087ba9fcfad1a4b3,SOB_DEMANDA,SOB_DEMANDA,SOB_DEMANDA,True,True,0.8612128136264662,0.08923681346165255,0.03843719904811684,0.8612128136264662,0.011113173863764389,,
classification__tfidf__none__logistic_regression,classification,tfidf,,logistic_regression,0,DEV-LOCAL-V1-000470,287b569b271c80146f54d84a4dd7a26e5eb19ed2e39e16dc087ba9fcfad1a4b3,SOB_DEMANDA,SOB_DEMANDA,SOB_DEMANDA,True,True,0.8679249896846549,0.05371174469121457,0.05633295599879592,0.8679249896846549,0.022030309625334556,,
classification__tfidf__none__logistic_regression,classification,tfidf,,logistic_regression,0,DEV-LOCAL-V1-000101,d2458a58ab9e3a8342e8fa5e22f3db661bcc1661ad3ce13f035177a8685bf605,OBRA,OBRA,OBRA,True,True,0.9051135180594928,0.9051135180594928,0.028544143642011258,0.057115223610442245,0.009227114688053765,,
classification__tfidf__none__logistic_regression,classification,tfidf,,logistic_regression,0,DEV-LOCAL-V1-000102,d2458a58ab9e3a8342e8fa5e22f3db661bcc1661ad3ce13f035177a8685bf605,OBRA,TRIAGEM_MANUAL,OBRA,False,False,0.8572340779430923,0.8572340779430923,0.013814658910857954,0.12127348719389756,0.007677775952152156,,
classification__tfidf__none__logistic_regression,classification,tfidf,,logistic_regression,0,DEV-LOCAL-V1-000103,d2458a58ab9e3a8342e8fa5e22f3db661bcc1661ad3ce13f035177a8685bf605,OBRA,OBRA,OBRA,True,True,0.9068747283065849,0.9068747283065849,0.03131970145673485,0.054339940529544294,0.007465629707135855,,
classification__tfidf__none__logistic_regression,classification,tfidf,,logistic_regression,0,DEV-LOCAL-V1-000104,d2458a58ab9e3a8342e8fa5e22f3db661bcc1661ad3ce13f035177a8685bf605,OBRA,OBRA,OBRA,True,True,0.9072161067061965,0.9072161067061965,0.02494821513207849,0.060133033224403415,0.007702644937321642,,
classification__tfidf__none__logistic_regression,classification,tfidf,,logistic_regression,0,DEV-LOCAL-V1-000105,d2458a58ab9e3a8342e8fa5e22f3db661bcc1661ad3ce13f035177a8685bf605,OBRA,OBRA,OBRA,True,True,0.9099246180210021,0.9099246180210021,0.027482917715821367,0.04821185640571412,0.014380607857462398,,
classification__tfidf__none__logistic_regression,classification,tfidf,,logistic_regression,0,DEV-LOCAL-V1-000196,97af988f240c6241a0872a65fa6ffabed51e485abb329060efcc970634f77d07,DEMO,DEMO,DEMO,True,True,0.9461928688354817,0.024417149902468273,0.9461928688354817,0.013492849296206408,0.015897131965843758,,
classification__tfidf__none__logistic_regression,classification,tfidf,,logistic_regression,0,DEV-LOCAL-V1-000197,97af988f240c6241a0872a65fa6ffabed51e485abb329060efcc970634f77d07,DEMO,DEMO,DEMO,True,True,0.9720297732699944,0.00521951962905877,0.9720297732699944,0.008368163804243026,0.014382543296703848,,
classification__tfidf__none__logistic_regression,classification,tfidf,,logistic_regression,0,DEV-LOCAL-V1-000198,97af988f240c6241a0872a65fa6ffabed51e485abb329060efcc970634f77d07,DEMO,DEMO,DEMO,True,True,0.9439350652029184,0.030491720844339442,0.9439350652029184,0.012481408339324877,0.013091805613417168,,
classification__tfidf__none__logistic_regression,classification,tfidf,,logistic_regression,0,DEV-LOCAL-V1-000199,97af988f240c6241a0872a65fa6ffabed51e485abb329060efcc970634f77d07,DEMO,DEMO,DEMO,True,True,0.9465778299096502,0.026406462201202904,0.9465778299096502,0.01344233629042012,0.013573371598726654,,
classification__tfidf__none__logistic_regression,classification,tfidf,,logistic_regression,0,DEV-LOCAL-V1-000200,97af988f240c6241a0872a65fa6ffabed51e485abb329060efcc970634f77d07,DEMO,DEMO,DEMO,True,True,0.942569507587248,0.019920474940803356,0.942569507587248,0.012231366129532907,0.025278651342415765,,
classification__tfidf__none__logistic_regression,classification,tfidf,,logistic_regression,0,DEV-LOCAL-V1-000201,153ba1a9f686c4cb7a73745fd8b6665f356880bce4fc03800f46e846f7ef97fb,DEMO,TRIAGEM_MANUAL,DEMO,False,False,0.5767758225170267,0.36704542689516534,0.5767758225170267,0.0062337839933447395,0.049944966594463194,,
classification__tfidf__none__logistic_regression,classification,tfidf,,logistic_regression,0,DEV-LOCAL-V1-000202,153ba1a9f686c4cb7a73745fd8b6665f356880bce4fc03800f46e846f7ef97fb,DEMO,TRIAGEM_MANUAL,OBRA,False,False,0.7779667568294536,0.7779667568294536,0.19931381398184667,0.012496334464920407,0.010223094723779394,,
classification__tfidf__none__logistic_regression,classification,tfidf,,logistic_regression,0,DEV-LOCAL-V1-000203,153ba1a9f686c4cb7a73745fd8b6665f356880bce4fc03800f46e846f7ef97fb,DEMO,TRIAGEM_MANUAL,DEMO,False,False,0.5526291812640768,0.40583373553803304,0.5526291812640768,0.005804972318582848,0.035732110879307236,,
classification__tfidf__none__logistic_regression,classification,tfidf,,logistic_regression,0,DEV-LOCAL-V1-000204,153ba1a9f686c4cb7a73745fd8b6665f356880bce4fc03800f46e846f7ef97fb,DEMO,TRIAGEM_MANUAL,DEMO,False,False,0.525049292980658,0.4300039466810778,0.525049292980658,0.005258434958136396,0.0396883253801279,,
classification__tfidf__none__logistic_regression,classification,tfidf,,logistic_regression,0,DEV-LOCAL-V1-000205,153ba1a9f686c4cb7a73745fd8b6665f356880bce4fc03800f46e846f7ef97fb,DEMO,TRIAGEM_MANUAL,DEMO,False,False,0.5974565653138512,0.3099797784781128,0.5974565653138512,0.007225104728613961,0.08533855147942213,,
classification__tfidf__none__logistic_regression,classification,tfidf,,logistic_regression,0,DEV-LOCAL-V1-000166,b6f10ee8e5fa7431fd11b5d5efd9ddd5b624de245f8f092155020e5e3071d65f,DEMO,DEMO,DEMO,True,True,0.8379600388417671,0.032893689998157,0.8379600388417671,0.002824573883942425,0.12632169727613352,,
classification__tfidf__none__logistic_regression,classification,tfidf,,logistic_regression,0,DEV-LOCAL-V1-000167,b6f10ee8e5fa7431fd11b5d5efd9ddd5b624de245f8f092155020e5e3071d65f,DEMO,TRIAGEM_MANUAL,OBRA,False,False,0.6058524106237273,0.6058524106237273,0.1907222748659782,0.004967895660661141,0.19845741884963347,,
classification__tfidf__none__logistic_regression,classification,tfidf,,logistic_regression,0,DEV-LOCAL-V1-000168,b6f10ee8e5fa7431fd11b5d5efd9ddd5b624de245f8f092155020e5e3071d65f,DEMO,DEMO,DEMO,True,True,0.851600425629723,0.04353082744103605,0.851600425629723,0.0024041439950948785,0.10246460293414605,,
classification__tfidf__none__logistic_regression,classification,tfidf,,logistic_regression,0,DEV-LOCAL-V1-000169,b6f10ee8e5fa7431fd11b5d5efd9ddd5b624de245f8f092155020e5e3071d65f,DEMO,DEMO,DEMO,True,True,0.8443384448768027,0.03945904313045574,0.8443384448768027,0.0025824581518383185,0.1136200538409033,,
classification__tfidf__none__logistic_regression,classification,tfidf,,logistic_regression,0,DEV-LOCAL-V1-000170,b6f10ee8e5fa7431fd11b5d5efd9ddd5b624de245f8f092155020e5e3071d65f,DEMO,DEMO,DEMO,True,True,0.7629974890475982,0.03146326396839553,0.7629974890475982,0.0033702109078739893,0.2021690360761323,,
classification__tfidf__none__logistic_regression,classification,tfidf,,logistic_regression,0,DEV-LOCAL-V1-000276,4b5f0bad8548b8323573722bfd0acbaceafb96f41bd6d578fe4d42960ad7c2d5,DEMO,DEMO,DEMO,True,True,0.8196874027315568,0.045883075998949314,0.8196874027315568,0.11553175853699571,0.018897762732498175,,
classification__tfidf__none__logistic_regression,classification,tfidf,,logistic_regression,0,DEV-LOCAL-V1-000277,4b5f0bad8548b8323573722bfd0acbaceafb96f41bd6d578fe4d42960ad7c2d5,DEMO,DEMO,DEMO,True,True,0.7259503287336637,0.04816122909679535,0.7259503287336637,0.22247236927564293,0.0034160728938979028,,
classification__tfidf__none__logistic_regression,classification,tfidf,,logistic_regression,0,DEV-LOCAL-V1-000278,4b5f0bad8548b8323573722bfd0acbaceafb96f41bd6d578fe4d42960ad7c2d5,DEMO,DEMO,DEMO,True,True,0.8224410657598191,0.06121765854652855,0.8224410657598191,0.10190389005317563,0.014437385640476825,,
classification__tfidf__none__logistic_regression,classification,tfidf,,logistic_regression,0,DEV-LOCAL-V1-000279,4b5f0bad8548b8323573722bfd0acbaceafb96f41bd6d578fe4d42960ad7c2d5,DEMO,DEMO,DEMO,True,True,0.8026152450661754,0.06688475079746,0.8026152450661754,0.11562149954774788,0.014878504588616647,,
classification__tfidf__none__logistic_regression,classification,tfidf,,logistic_regression,0,DEV-LOCAL-V1-000280,4b5f0bad8548b8323573722bfd0acbaceafb96f41bd6d578fe4d42960ad7c2d5,DEMO,DEMO,DEMO,True,True,0.822325984535561,0.04410055559798706,0.822325984535561,0.09876121447209961,0.034812245394352286,,
classification__tfidf__none__logistic_regression,classification,tfidf,,logistic_regression,0,DEV-LOCAL-V1-000151,42afa2d16482dd5c2e6582807282dc6b783a0b92444822e1be433b140a3b940c,OBRA,TRIAGEM_MANUAL,OBRA,False,False,0.8532730757672294,0.8532730757672294,0.043431993761349895,0.003933257063037134,0.09936167340838349,,
classification__tfidf__none__logistic_regression,classification,tfidf,,logistic_regression,0,DEV-LOCAL-V1-000152,42afa2d16482dd5c2e6582807282dc6b783a0b92444822e1be433b140a3b940c,OBRA,TRIAGEM_MANUAL,OBRA,False,False,0.8617899172906381,0.8617899172906381,0.005514226607633466,0.010671432907692234,0.12202442319403613,,
classification__tfidf__none__logistic_regression,classification,tfidf,,logistic_regression,0,DEV-LOCAL-V1-000153,42afa2d16482dd5c2e6582807282dc6b783a0b92444822e1be433b140a3b940c,OBRA,TRIAGEM_MANUAL,OBRA,False,False,0.8650955384675232,0.8650955384675232,0.04957070712353115,0.003590612109727916,0.08174314229921777,,
classification__tfidf__none__logistic_regression,classification,tfidf,,logistic_regression,0,DEV-LOCAL-V1-000154,42afa2d16482dd5c2e6582807282dc6b783a0b92444822e1be433b140a3b940c,OBRA,TRIAGEM_MANUAL,OBRA,False,False,0.8732700420440493,0.8732700420440493,0.03520331344699576,0.0035564127475305393,0.08797023176142435,,
classification__tfidf__none__logistic_regression,classification,tfidf,,logistic_regression,0,DEV-LOCAL-V1-000155,42afa2d16482dd5c2e6582807282dc6b783a0b92444822e1be433b140a3b940c,OBRA,TRIAGEM_MANUAL,OBRA,False,False,0.6827876816883774,0.6827876816883774,0.14208631486685344,0.004717874958707544,0.17040812848606143,,
classification__tfidf__none__logistic_regression,classification,tfidf,,logistic_regression,1,DEV-LOCAL-V1-000406,4eb71d31a5cb31ca426c09a71d73b7836c059492b920247c3a31773e1f62df79,SOB_DEMANDA,SOB_DEMANDA,SOB_DEMANDA,True,True,0.971028943807287,0.004509758964092185,0.022047603997115618,0.971028943807287,0.002413693231505161,,
classification__tfidf__none__logistic_regression,classification,tfidf,,logistic_regression,1,DEV-LOCAL-V1-000407,4eb71d31a5cb31ca426c09a71d73b7836c059492b920247c3a31773e1f62df79,SOB_DEMANDA,SOB_DEMANDA,SOB_DEMANDA,True,True,0.9378938639646502,0.038142668311196684,0.022868006676226366,0.9378938639646502,0.001095461047926807,,
classification__tfidf__none__logistic_regression,classification,tfidf,,logistic_regression,1,DEV-LOCAL-V1-000408,4eb71d31a5cb31ca426c09a71d73b7836c059492b920247c3a31773e1f62df79,SOB_DEMANDA,SOB_DEMANDA,SOB_DEMANDA,True,True,0.9728510589562991,0.005496678115006534,0.019906681216368585,0.9728510589562991,0.0017455817123258545,,
classification__tfidf__none__logistic_regression,classification,tfidf,,logistic_regression,1,DEV-LOCAL-V1-000409,4eb71d31a5cb31ca426c09a71d73b7836c059492b920247c3a31773e1f62df79,SOB_DEMANDA,SOB_DEMANDA,SOB_DEMANDA,True,True,0.9708323320586021,0.0060989900967988175,0.0214175441759131,0.9708323320586021,0.00165113366868601,,
classification__tfidf__none__logistic_regression,classification,tfidf,,logistic_regression,1,DEV-LOCAL-V1-000410,4eb71d31a5cb31ca426c09a71d73b7836c059492b920247c3a31773e1f62df79,SOB_DEMANDA,SOB_DEMANDA,SOB_DEMANDA,True,True,0.9629977344668236,0.005778104824951186,0.028377755456492435,0.9629977344668236,0.002846405251732764,,
classification__tfidf__none__logistic_regression,classification,tfidf,,logistic_regression,1,DEV-LOCAL-V1-000331,f52e9f1cc62e3ab45b37de6ffd2a9bc806f36c809e0cc0efca8e5c2518e51fc7,SOB_DEMANDA,SOB_DEMANDA,SOB_DEMANDA,True,True,0.9550973171405184,0.014319836102214129,0.026367041052344897,0.9550973171405184,0.004215805704922621,,
classification__tfidf__none__logistic_regression,classification,tfidf,,logistic_regression,1,DEV-LOCAL-V1-000332,f52e9f1cc62e3ab45b37de6ffd2a9bc806f36c809e0cc0efca8e5c2518e51fc7,SOB_DEMANDA,TRIAGEM_MANUAL,OBRA,False,False,0.526052152929886,0.526052152929886,0.015428841106732323,0.4556123165419498,0.002906689421431905,,
classification__tfidf__none__logistic_regression,classification,tfidf,,logistic_regression,1,DEV-LOCAL-V1-000333,f52e9f1cc62e3ab45b37de6ffd2a9bc806f36c809e0cc0efca8e5c2518e51fc7,SOB_DEMANDA,SOB_DEMANDA,SOB_DEMANDA,True,True,0.9504521864925234,0.028958365874836786,0.016457035777710818,0.9504521864925234,0.004132411854928863,,
classification__tfidf__none__logistic_regression,classification,tfidf,,logistic_regression,1,DEV-LOCAL-V1-000334,f52e9f1cc62e3ab45b37de6ffd2a9bc806f36c809e0cc0efca8e5c2518e51fc7,SOB_DEMANDA,SOB_DEMANDA,SOB_DEMANDA,True,True,0.9494818796785245,0.019692854424740152,0.027593868163217204,0.9494818796785245,0.0032313977335180623,,
classification__tfidf__none__logistic_regression,classification,tfidf,,logistic_regression,1,DEV-LOCAL-V1-000335,f52e9f1cc62e3ab45b37de6ffd2a9bc806f36c809e0cc0efca8e5c2518e51fc7,SOB_DEMANDA,SOB_DEMANDA,SOB_DEMANDA,True,True,0.9477000599923465,0.016037694576349078,0.03158927030823261,0.9477000599923465,0.004672975123071698,,
classification__tfidf__none__logistic_regression,classification,tfidf,,logistic_regression,1,DEV-LOCAL-V1-000111,2f8252b982618f6cb52127512bee092328700bffa261bd9e66a2dbaa17d53907,OBRA,TRIAGEM_MANUAL,OBRA,False,False,0.8131753358753003,0.8131753358753003,0.08224276815963884,0.0007148004942221878,0.10386709547083868,,
classification__tfidf__none__logistic_regression,classification,tfidf,,logistic_regression,1,DEV-LOCAL-V1-000112,2f8252b982618f6cb52127512bee092328700bffa261bd9e66a2dbaa17d53907,OBRA,TRIAGEM_MANUAL,OBRA,False,False,0.6095316170874483,0.6095316170874483,0.2758076731999226,0.0051513539768703615,0.10950935573575879,,
classification__tfidf__none__logistic_regression,classification,tfidf,,logistic_regression,1,DEV-LOCAL-V1-000113,2f8252b982618f6cb52127512bee092328700bffa261bd9e66a2dbaa17d53907,OBRA,TRIAGEM_MANUAL,OBRA,False,False,0.804050616968106,0.804050616968106,0.12517092015946477,0.0007695299735504107,0.07000893289887881,,
classification__tfidf__none__logistic_regression,classification,tfidf,,logistic_regression,1,DEV-LOCAL-V1-000114,2f8252b982618f6cb52127512bee092328700bffa261bd9e66a2dbaa17d53907,OBRA,TRIAGEM_MANUAL,OBRA,False,False,0.8317892252107901,0.8317892252107901,0.10611681214106065,0.0007685017115772832,0.06132546093657203,,
classification__tfidf__none__logistic_regression,classification,tfidf,,logistic_regression,1,DEV-LOCAL-V1-000115,2f8252b982618f6cb52127512bee092328700bffa261bd9e66a2dbaa17d53907,OBRA,TRIAGEM_MANUAL,OBRA,False,False,0.807675274639748,0.807675274639748,0.09725489728771121,0.0011012892958912987,0.09396853877664943,,
classification__tfidf__none__logistic_regression,classification,tfidf,,logistic_regression,1,DEV-LOCAL-V1-000471,fda1e68aed16dd999475c04c38f4eea140297fd0513ae781404f02b71ba7ded5,SOB_DEMANDA,TRIAGEM_MANUAL,DEMO,False,False,0.3882627643358539,0.03446932754331252,0.3882627643358539,0.3851962936414635,0.19207161447937013,,
classification__tfidf__none__logistic_regression,classification,tfidf,,logistic_regression,1,DEV-LOCAL-V1-000472,fda1e68aed16dd999475c04c38f4eea140297fd0513ae781404f02b71ba7ded5,SOB_DEMANDA,TRIAGEM_MANUAL,TRIAGEM_MANUAL,False,False,0.5544506896682297,0.012995524094183471,0.19033234129380056,0.24222144494378628,0.5544506896682297,,
classification__tfidf__none__logistic_regression,classification,tfidf,,logistic_regression,1,DEV-LOCAL-V1-000473,fda1e68aed16dd999475c04c38f4eea140297fd0513ae781404f02b71ba7ded5,SOB_DEMANDA,TRIAGEM_MANUAL,DEMO,False,False,0.40118079809921164,0.04369017881624264,0.40118079809921164,0.396005046646001,0.15912397643854484,,
classification__tfidf__none__logistic_regression,classification,tfidf,,logistic_regression,1,DEV-LOCAL-V1-000474,fda1e68aed16dd999475c04c38f4eea140297fd0513ae781404f02b71ba7ded5,SOB_DEMANDA,TRIAGEM_MANUAL,DEMO,False,False,0.48632334548868905,0.05676103688896879,0.48632334548868905,0.28016926551806587,0.1767463521042764,,
classification__tfidf__none__logistic_regression,classification,tfidf,,logistic_regression,1,DEV-LOCAL-V1-000475,fda1e68aed16dd999475c04c38f4eea140297fd0513ae781404f02b71ba7ded5,SOB_DEMANDA,TRIAGEM_MANUAL,DEMO,False,False,0.45167253315051026,0.04629488440785935,0.45167253315051026,0.3275506068338421,0.1744819756077883,,
classification__tfidf__none__logistic_regression,classification,tfidf,,logistic_regression,1,DEV-LOCAL-V1-000561,8e7f0a5f21c8b3e1c8d9afefd910e66f7f2715beb52462485dbcbafb7212e664,TRIAGEM_MANUAL,DEMO,DEMO,True,False,0.7090351806929146,0.0412880427133304,0.7090351806929146,0.15488284067996633,0.0947939359137888,,
classification__tfidf__none__logistic_regression,classification,tfidf,,logistic_regression,1,DEV-LOCAL-V1-000563,8e7f0a5f21c8b3e1c8d9afefd910e66f7f2715beb52462485dbcbafb7212e664,TRIAGEM_MANUAL,DEMO,DEMO,True,False,0.7068811148948897,0.03824196703994585,0.7068811148948897,0.1041988373641962,0.15067808070096828,,
classification__tfidf__none__logistic_regression,classification,tfidf,,logistic_regression,1,DEV-LOCAL-V1-000564,8e7f0a5f21c8b3e1c8d9afefd910e66f7f2715beb52462485dbcbafb7212e664,TRIAGEM_MANUAL,DEMO,DEMO,True,False,0.6863689866732768,0.06767204685055449,0.6863689866732768,0.11559616969605184,0.13036279678011684,,
classification__tfidf__none__logistic_regression,classification,tfidf,,logistic_regression,1,DEV-LOCAL-V1-000565,8e7f0a5f21c8b3e1c8d9afefd910e66f7f2715beb52462485dbcbafb7212e664,TRIAGEM_MANUAL,DEMO,DEMO,True,False,0.6636760097558896,0.04738185121444484,0.6636760097558896,0.12555950948422404,0.16338262954544155,,
classification__tfidf__none__logistic_regression,classification,tfidf,,logistic_regression,1,DEV-LOCAL-V1-000570,c168407e5f218f06cf047a24232b2fabb43985ebb859dfdb60e5347d3c0689c5,TRIAGEM_MANUAL,TRIAGEM_MANUAL,TRIAGEM_MANUAL,False,False,0.7601516994683324,0.017257767448967152,0.2144101642374231,0.008180368845277428,0.7601516994683324,,
classification__tfidf__none__logistic_regression,classification,tfidf,,logistic_regression,1,DEV-LOCAL-V1-000491,5c0acfc6c989be825fe9f72d83320add0b92cd9e49f32ac60828f15e01ba38c3,TRIAGEM_MANUAL,TRIAGEM_MANUAL,TRIAGEM_MANUAL,False,False,0.5272993793067812,0.19373834791087416,0.2776152795318293,0.0013469932505153564,0.5272993793067812,,
classification__tfidf__none__logistic_regression,classification,tfidf,,logistic_regression,1,DEV-LOCAL-V1-000492,5c0acfc6c989be825fe9f72d83320add0b92cd9e49f32ac60828f15e01ba38c3,TRIAGEM_MANUAL,TRIAGEM_MANUAL,OBRA,False,False,0.7026005715823955,0.7026005715823955,0.03231118582762698,0.0009290737112482081,0.2641591688787293,,
classification__tfidf__none__logistic_regression,classification,tfidf,,logistic_regression,1,DEV-LOCAL-V1-000493,5c0acfc6c989be825fe9f72d83320add0b92cd9e49f32ac60828f15e01ba38c3,TRIAGEM_MANUAL,TRIAGEM_MANUAL,TRIAGEM_MANUAL,False,False,0.4503119947899285,0.24005826851763043,0.3083055491418687,0.0013241875505723814,0.4503119947899285,,
classification__tfidf__none__logistic_regression,classification,tfidf,,logistic_regression,1,DEV-LOCAL-V1-000494,5c0acfc6c989be825fe9f72d83320add0b92cd9e49f32ac60828f15e01ba38c3,TRIAGEM_MANUAL,TRIAGEM_MANUAL,TRIAGEM_MANUAL,False,False,0.3927765021325471,0.32866395796314163,0.27677653328289353,0.0017830066214176781,0.3927765021325471,,
classification__tfidf__none__logistic_regression,classification,tfidf,,logistic_regression,1,DEV-LOCAL-V1-000495,5c0acfc6c989be825fe9f72d83320add0b92cd9e49f32ac60828f15e01ba38c3,TRIAGEM_MANUAL,TRIAGEM_MANUAL,TRIAGEM_MANUAL,False,False,0.48967906790258325,0.21392392153964265,0.2947252802764272,0.0016717302813469403,0.48967906790258325,,
classification__tfidf__none__logistic_regression,classification,tfidf,,logistic_regression,1,DEV-LOCAL-V1-000396,06e065b4bbc57c4a6e788beae9d749a44d1aaf4544b6bce9a35b44e30cd2410a,SOB_DEMANDA,SOB_DEMANDA,SOB_DEMANDA,True,True,0.8030486485213055,0.001852328155783049,0.1861273467098155,0.8030486485213055,0.008971676613095834,,
classification__tfidf__none__logistic_regression,classification,tfidf,,logistic_regression,1,DEV-LOCAL-V1-000397,06e065b4bbc57c4a6e788beae9d749a44d1aaf4544b6bce9a35b44e30cd2410a,SOB_DEMANDA,DEMO,DEMO,True,False,0.8113843228308709,0.07198769351808659,0.8113843228308709,0.10904688094705439,0.007581102703988155,,
classification__tfidf__none__logistic_regression,classification,tfidf,,logistic_regression,1,DEV-LOCAL-V1-000398,06e065b4bbc57c4a6e788beae9d749a44d1aaf4544b6bce9a35b44e30cd2410a,SOB_DEMANDA,SOB_DEMANDA,SOB_DEMANDA,True,True,0.7894638176315141,0.001992985107130458,0.20154776456587598,0.7894638176315141,0.006995432695479452,,
classification__tfidf__none__logistic_regression,classification,tfidf,,logistic_regression,1,DEV-LOCAL-V1-000399,06e065b4bbc57c4a6e788beae9d749a44d1aaf4544b6bce9a35b44e30cd2410a,SOB_DEMANDA,SOB_DEMANDA,SOB_DEMANDA,True,True,0.769339699180965,0.0022780927925848023,0.21945076209655884,0.769339699180965,0.008931445929891379,,
classification__tfidf__none__logistic_regression,classification,tfidf,,logistic_regression,1,DEV-LOCAL-V1-000400,06e065b4bbc57c4a6e788beae9d749a44d1aaf4544b6bce9a35b44e30cd2410a,SOB_DEMANDA,SOB_DEMANDA,SOB_DEMANDA,True,True,0.7826689583816887,0.0038883276605768125,0.20321138088730875,0.7826689583816887,0.010231333070425919,,
classification__tfidf__none__logistic_regression,classification,tfidf,,logistic_regression,1,DEV-LOCAL-V1-000281,43add2a6227378ec779624ec7ac337e20f71d732f29020295b044856ec9c7d0c,DEMO,DEMO,DEMO,True,True,0.944556611063427,0.038918374753146925,0.944556611063427,0.006871159640609477,0.009653854542816642,,
classification__tfidf__none__logistic_regression,classification,tfidf,,logistic_regression,1,DEV-LOCAL-V1-000282,43add2a6227378ec779624ec7ac337e20f71d732f29020295b044856ec9c7d0c,DEMO,DEMO,DEMO,True,True,0.9016926395393338,0.07235130023453439,0.9016926395393338,0.016359990056483503,0.009596070169648451,,
classification__tfidf__none__logistic_regression,classification,tfidf,,logistic_regression,1,DEV-LOCAL-V1-000283,43add2a6227378ec779624ec7ac337e20f71d732f29020295b044856ec9c7d0c,DEMO,DEMO,DEMO,True,True,0.9432538036735513,0.042301397581748244,0.9432538036735513,0.00648444177916858,0.007960356965531766,,
classification__tfidf__none__logistic_regression,classification,tfidf,,logistic_regression,1,DEV-LOCAL-V1-000284,43add2a6227378ec779624ec7ac337e20f71d732f29020295b044856ec9c7d0c,DEMO,DEMO,DEMO,True,True,0.9361521896980656,0.05172853977566262,0.9361521896980656,0.004099893967015781,0.008019376559256042,,
classification__tfidf__none__logistic_regression,classification,tfidf,,logistic_regression,1,DEV-LOCAL-V1-000285,43add2a6227378ec779624ec7ac337e20f71d732f29020295b044856ec9c7d0c,DEMO,DEMO,DEMO,True,True,0.934821147498306,0.04699187647637848,0.934821147498306,0.008534029964110628,0.00965294606120483,,
classification__tfidf__none__logistic_regression,classification,tfidf,,logistic_regression,1,DEV-LOCAL-V1-000216,9eb45a60d38b650be55451f1e8ae21bf05eaa5681be81a575c6bc66e0613c326,DEMO,DEMO,DEMO,True,True,0.8841259187489524,0.09109900621137473,0.8841259187489524,0.022165482488758423,0.0026095925509146104,,
classification__tfidf__none__logistic_regression,classification,tfidf,,logistic_regression,1,DEV-LOCAL-V1-000217,9eb45a60d38b650be55451f1e8ae21bf05eaa5681be81a575c6bc66e0613c326,DEMO,TRIAGEM_MANUAL,DEMO,False,False,0.5188575377783732,0.45041334826116036,0.5188575377783732,0.03036631226478486,0.00036280169568151814,,
classification__tfidf__none__logistic_regression,classification,tfidf,,logistic_regression,1,DEV-LOCAL-V1-000218,9eb45a60d38b650be55451f1e8ae21bf05eaa5681be81a575c6bc66e0613c326,DEMO,DEMO,DEMO,True,True,0.8624103090722375,0.11247916356096246,0.8624103090722375,0.023248280723016015,0.0018622466437840418,,
classification__tfidf__none__logistic_regression,classification,tfidf,,logistic_regression,1,DEV-LOCAL-V1-000219,9eb45a60d38b650be55451f1e8ae21bf05eaa5681be81a575c6bc66e0613c326,DEMO,DEMO,DEMO,True,True,0.8481881529119218,0.13694976017825602,0.8481881529119218,0.013014951622144602,0.0018471352876775532,,
classification__tfidf__none__logistic_regression,classification,tfidf,,logistic_regression,1,DEV-LOCAL-V1-000220,9eb45a60d38b650be55451f1e8ae21bf05eaa5681be81a575c6bc66e0613c326,DEMO,DEMO,DEMO,True,True,0.8644324293527696,0.10734273989059098,0.8644324293527696,0.02492769160694619,0.003297139149693296,,
classification__tfidf__none__logistic_regression,classification,tfidf,,logistic_regression,1,DEV-LOCAL-V1-000031,07964b0c46f0192aac14b326f0397e8b5d389ef2d0e4b85876e4d0074ce0d249,OBRA,TRIAGEM_MANUAL,OBRA,False,False,0.5791139619827155,0.5791139619827155,0.23463512513718507,0.008779350375192486,0.1774715625049069,,
classification__tfidf__none__logistic_regression,classification,tfidf,,logistic_regression,1,DEV-LOCAL-V1-000032,07964b0c46f0192aac14b326f0397e8b5d389ef2d0e4b85876e4d0074ce0d249,OBRA,TRIAGEM_MANUAL,TRIAGEM_MANUAL,False,False,0.5288122958209868,0.190168588939234,0.2693110174179487,0.011708097821830521,0.5288122958209868,,
classification__tfidf__none__logistic_regression,classification,tfidf,,logistic_regression,1,DEV-LOCAL-V1-000033,07964b0c46f0192aac14b326f0397e8b5d389ef2d0e4b85876e4d0074ce0d249,OBRA,TRIAGEM_MANUAL,OBRA,False,False,0.5199846735820648,0.5199846735820648,0.36250766411816493,0.01024644671187362,0.10726121558789665,,
classification__tfidf__none__logistic_regression,classification,tfidf,,logistic_regression,1,DEV-LOCAL-V1-000034,07964b0c46f0192aac14b326f0397e8b5d389ef2d0e4b85876e4d0074ce0d249,OBRA,TRIAGEM_MANUAL,OBRA,False,False,0.6446451961032043,0.6446451961032043,0.22154454799085985,0.003930396111649941,0.129879859794286,,
classification__tfidf__none__logistic_regression,classification,tfidf,,logistic_regression,1,DEV-LOCAL-V1-000035,07964b0c46f0192aac14b326f0397e8b5d389ef2d0e4b85876e4d0074ce0d249,OBRA,TRIAGEM_MANUAL,OBRA,False,False,0.562656476023413,0.562656476023413,0.27182681981163265,0.01214173081320941,0.15337497335174502,,
classification__tfidf__none__logistic_regression,classification,tfidf,,logistic_regression,1,DEV-LOCAL-V1-000636,679904ddffa4789efe4c433a436eec7a7cac3a67a6bdc1c77fc8f0e91d8000dc,TRIAGEM_MANUAL,DEMO,DEMO,True,False,0.6181979735754253,0.14387752915284008,0.6181979735754253,0.0002745390830677891,0.23764995818866683,,
classification__tfidf__none__logistic_regression,classification,tfidf,,logistic_regression,1,DEV-LOCAL-V1-000638,679904ddffa4789efe4c433a436eec7a7cac3a67a6bdc1c77fc8f0e91d8000dc,TRIAGEM_MANUAL,DEMO,DEMO,True,False,0.6257795933276133,0.1785899747350925,0.6257795933276133,0.00019371304314260508,0.19543671889415165,,
classification__tfidf__none__logistic_regression,classification,tfidf,,logistic_regression,1,DEV-LOCAL-V1-000639,679904ddffa4789efe4c433a436eec7a7cac3a67a6bdc1c77fc8f0e91d8000dc,TRIAGEM_MANUAL,TRIAGEM_MANUAL,DEMO,False,False,0.5845739899833647,0.2629454259153543,0.5845739899833647,0.00018994114682627553,0.15229064295445485,,
classification__tfidf__none__logistic_regression,classification,tfidf,,logistic_regression,1,DEV-LOCAL-V1-000640,679904ddffa4789efe4c433a436eec7a7cac3a67a6bdc1c77fc8f0e91d8000dc,TRIAGEM_MANUAL,DEMO,DEMO,True,False,0.6331300025332454,0.17797124158502992,0.6331300025332454,0.0005333917761767608,0.18836536410554805,,
classification__tfidf__none__logistic_regression,classification,tfidf,,logistic_regression,1,DEV-LOCAL-V1-000461,1d40d5d9fb6d9d875c3a22f694afea2e651c6f817aa415883d74b33738850372,SOB_DEMANDA,SOB_DEMANDA,SOB_DEMANDA,True,True,0.9366445654687701,0.000841748243286592,0.03729639614183666,0.9366445654687701,0.025217290146106717,,
classification__tfidf__none__logistic_regression,classification,tfidf,,logistic_regression,1,DEV-LOCAL-V1-000462,1d40d5d9fb6d9d875c3a22f694afea2e651c6f817aa415883d74b33738850372,SOB_DEMANDA,SOB_DEMANDA,SOB_DEMANDA,True,True,0.8470773951550464,0.0006437334602317227,0.08059787189671903,0.8470773951550464,0.07168099948800268,,
classification__tfidf__none__logistic_regression,classification,tfidf,,logistic_regression,1,DEV-LOCAL-V1-000463,1d40d5d9fb6d9d875c3a22f694afea2e651c6f817aa415883d74b33738850372,SOB_DEMANDA,SOB_DEMANDA,SOB_DEMANDA,True,True,0.9433851909065508,0.001426046851731063,0.02917114565478255,0.9433851909065508,0.026017616586935535,,
classification__tfidf__none__logistic_regression,classification,tfidf,,logistic_regression,1,DEV-LOCAL-V1-000464,1d40d5d9fb6d9d875c3a22f694afea2e651c6f817aa415883d74b33738850372,SOB_DEMANDA,SOB_DEMANDA,SOB_DEMANDA,True,True,0.9349940788011305,0.0012503897227272274,0.04103448895162802,0.9349940788011305,0.022721042524514075,,
classification__tfidf__none__logistic_regression,classification,tfidf,,logistic_regression,1,DEV-LOCAL-V1-000465,1d40d5d9fb6d9d875c3a22f694afea2e651c6f817aa415883d74b33738850372,SOB_DEMANDA,SOB_DEMANDA,SOB_DEMANDA,True,True,0.9280019504617838,0.0015030338740533887,0.04550947695384327,0.9280019504617838,0.024985538710319433,,
classification__tfidf__none__logistic_regression,classification,tfidf,,logistic_regression,1,DEV-LOCAL-V1-000441,7d235d7dc62348851890868f652b5855ca09f897168454c710bfb0d3921820de,SOB_DEMANDA,SOB_DEMANDA,SOB_DEMANDA,True,True,0.7840358635927072,0.000379176887288891,0.21028566726212916,0.7840358635927072,0.0052992922578747655,,
classification__tfidf__none__logistic_regression,classification,tfidf,,logistic_regression,1,DEV-LOCAL-V1-000442,7d235d7dc62348851890868f652b5855ca09f897168454c710bfb0d3921820de,SOB_DEMANDA,TRIAGEM_MANUAL,SOB_DEMANDA,False,False,0.5947004244447264,0.007791502611216425,0.39569365972241183,0.5947004244447264,0.0018144132216454628,,
classification__tfidf__none__logistic_regression,classification,tfidf,,logistic_regression,1,DEV-LOCAL-V1-000443,7d235d7dc62348851890868f652b5855ca09f897168454c710bfb0d3921820de,SOB_DEMANDA,SOB_DEMANDA,SOB_DEMANDA,True,True,0.8020404411163953,0.0006044933678036076,0.19170989745004002,0.8020404411163953,0.005645168065761063,,
classification__tfidf__none__logistic_regression,classification,tfidf,,logistic_regression,1,DEV-LOCAL-V1-000444,7d235d7dc62348851890868f652b5855ca09f897168454c710bfb0d3921820de,SOB_DEMANDA,SOB_DEMANDA,SOB_DEMANDA,True,True,0.8212075476494805,0.0006755405622947009,0.1747233140252243,0.8212075476494805,0.0033935977630004596,,
classification__tfidf__none__logistic_regression,classification,tfidf,,logistic_regression,1,DEV-LOCAL-V1-000445,7d235d7dc62348851890868f652b5855ca09f897168454c710bfb0d3921820de,SOB_DEMANDA,SOB_DEMANDA,SOB_DEMANDA,True,True,0.7850016543271312,0.0007408893595146946,0.20894277972911648,0.7850016543271312,0.005314676584237637,,
classification__tfidf__none__logistic_regression,classification,tfidf,,logistic_regression,1,DEV-LOCAL-V1-000206,a69be5e4335d2b953bde218ebc6df23990bd36638d867296ef88431971f14900,DEMO,TRIAGEM_MANUAL,DEMO,False,False,0.525759095546043,0.0018921480882583145,0.525759095546043,0.4556500045836521,0.016698751782046488,,
classification__tfidf__none__logistic_regression,classification,tfidf,,logistic_regression,1,DEV-LOCAL-V1-000207,a69be5e4335d2b953bde218ebc6df23990bd36638d867296ef88431971f14900,DEMO,SOB_DEMANDA,SOB_DEMANDA,True,False,0.9000507259896118,0.002387098727004504,0.08045110375564772,0.9000507259896118,0.01711107152773601,,
classification__tfidf__none__logistic_regression,classification,tfidf,,logistic_regression,1,DEV-LOCAL-V1-000208,a69be5e4335d2b953bde218ebc6df23990bd36638d867296ef88431971f14900,DEMO,TRIAGEM_MANUAL,DEMO,False,False,0.5516740610932852,0.0023535371372134157,0.5516740610932852,0.43195739843758935,0.014015003331912107,,
classification__tfidf__none__logistic_regression,classification,tfidf,,logistic_regression,1,DEV-LOCAL-V1-000209,a69be5e4335d2b953bde218ebc6df23990bd36638d867296ef88431971f14900,DEMO,DEMO,DEMO,True,True,0.658953057732284,0.002940272298839234,0.658953057732284,0.3230188057974577,0.015087864171419123,,
classification__tfidf__none__logistic_regression,classification,tfidf,,logistic_regression,1,DEV-LOCAL-V1-000210,a69be5e4335d2b953bde218ebc6df23990bd36638d867296ef88431971f14900,DEMO,TRIAGEM_MANUAL,DEMO,False,False,0.582957633021221,0.003252885136828635,0.582957633021221,0.39668730502653693,0.01710217681541337,,
classification__tfidf__none__logistic_regression,classification,tfidf,,logistic_regression,1,DEV-LOCAL-V1-000147,8b2b97dc91574cd28a03ecb75da4062b65f277cadb4675469e18e1397947938f,OBRA,TRIAGEM_MANUAL,OBRA,False,False,0.8985689934084835,0.8985689934084835,0.08559791858471409,0.0013617047489206024,0.01447138325788185,,
classification__tfidf__none__logistic_regression,classification,tfidf,,logistic_regression,1,DEV-LOCAL-V1-000271,b4866bb784543c9af5b81b4afa0a536e3da254a2f727228447e164384c6daa39,DEMO,DEMO,DEMO,True,True,0.8555119936466055,0.0030258269397928856,0.8555119936466055,0.01052432593658058,0.13093785347702108,,
classification__tfidf__none__logistic_regression,classification,tfidf,,logistic_regression,1,DEV-LOCAL-V1-000272,b4866bb784543c9af5b81b4afa0a536e3da254a2f727228447e164384c6daa39,DEMO,DEMO,DEMO,True,True,0.8551632493275418,0.012661244584322131,0.8551632493275418,0.044414449674898965,0.08776105641323702,,
classification__tfidf__none__logistic_regression,classification,tfidf,,logistic_regression,1,DEV-LOCAL-V1-000273,b4866bb784543c9af5b81b4afa0a536e3da254a2f727228447e164384c6daa39,DEMO,DEMO,DEMO,True,True,0.8660048702759424,0.0037191902828836733,0.8660048702759424,0.007581784845156135,0.12269415459601773,,
classification__tfidf__none__logistic_regression,classification,tfidf,,logistic_regression,1,DEV-LOCAL-V1-000274,b4866bb784543c9af5b81b4afa0a536e3da254a2f727228447e164384c6daa39,DEMO,DEMO,DEMO,True,True,0.8920528676187114,0.005635072840667487,0.8920528676187114,0.009711080742297522,0.09260097879832357,,
classification__tfidf__none__logistic_regression,classification,tfidf,,logistic_regression,1,DEV-LOCAL-V1-000275,b4866bb784543c9af5b81b4afa0a536e3da254a2f727228447e164384c6daa39,DEMO,DEMO,DEMO,True,True,0.8690002193107889,0.00491230891552382,0.8690002193107889,0.014902039764676939,0.11118543200901025,,
classification__tfidf__none__logistic_regression,classification,tfidf,,logistic_regression,1,DEV-LOCAL-V1-000371,cf0d42272d27669051266106a97987d1fe45c4a21734b5a7c6f04237231c84c0,SOB_DEMANDA,SOB_DEMANDA,SOB_DEMANDA,True,True,0.84580538977733,0.011739133182221525,0.1383405472010851,0.84580538977733,0.004114929839363461,,
classification__tfidf__none__logistic_regression,classification,tfidf,,logistic_regression,1,DEV-LOCAL-V1-000372,cf0d42272d27669051266106a97987d1fe45c4a21734b5a7c6f04237231c84c0,SOB_DEMANDA,TRIAGEM_MANUAL,DEMO,False,False,0.47049205470450445,0.37435310065983474,0.47049205470450445,0.1510725560643191,0.004082288571341708,,
classification__tfidf__none__logistic_regression,classification,tfidf,,logistic_regression,1,DEV-LOCAL-V1-000375,cf0d42272d27669051266106a97987d1fe45c4a21734b5a7c6f04237231c84c0,SOB_DEMANDA,SOB_DEMANDA,SOB_DEMANDA,True,True,0.8144874474660351,0.019707378190337334,0.16063869261824665,0.8144874474660351,0.005166481725381145,,
classification__tfidf__none__logistic_regression,classification,tfidf,,logistic_regression,1,DEV-LOCAL-V1-000311,1612b6191362c6adf4fe6e2e1c4057aa63be59f4f0d9b945611ddc1935639ee8,DEMO,DEMO,DEMO,True,True,0.9741795079706229,0.007321153907086515,0.9741795079706229,0.011247767659787874,0.007251570462502768,,
classification__tfidf__none__logistic_regression,classification,tfidf,,logistic_regression,1,DEV-LOCAL-V1-000312,1612b6191362c6adf4fe6e2e1c4057aa63be59f4f0d9b945611ddc1935639ee8,DEMO,DEMO,DEMO,True,True,0.930942599481325,0.05338179502291016,0.930942599481325,0.01251417328194709,0.003161432213817925,,
classification__tfidf__none__logistic_regression,classification,tfidf,,logistic_regression,1,DEV-LOCAL-V1-000313,1612b6191362c6adf4fe6e2e1c4057aa63be59f4f0d9b945611ddc1935639ee8,DEMO,DEMO,DEMO,True,True,0.9749929263534549,0.009564737689974082,0.9749929263534549,0.010171370258500605,0.005270965698070468,,
classification__tfidf__none__logistic_regression,classification,tfidf,,logistic_regression,1,DEV-LOCAL-V1-000314,1612b6191362c6adf4fe6e2e1c4057aa63be59f4f0d9b945611ddc1935639ee8,DEMO,DEMO,DEMO,True,True,0.9700332563961008,0.01427630441432855,0.9700332563961008,0.012336373521281257,0.003354065668289585,,
classification__tfidf__none__logistic_regression,classification,tfidf,,logistic_regression,1,DEV-LOCAL-V1-000315,1612b6191362c6adf4fe6e2e1c4057aa63be59f4f0d9b945611ddc1935639ee8,DEMO,DEMO,DEMO,True,True,0.9685606758046567,0.010850950625973818,0.9685606758046567,0.013309523544309554,0.007278850025059944,,
classification__tfidf__none__logistic_regression,classification,tfidf,,logistic_regression,1,DEV-LOCAL-V1-000186,e0d3d102d5aacb1c78845d6303033e0b938f72b327456a809f39aa587c274117,DEMO,TRIAGEM_MANUAL,TRIAGEM_MANUAL,False,False,0.4940757119955629,0.2415728606210452,0.24971990543834327,0.014631521945048659,0.4940757119955629,,
classification__tfidf__none__logistic_regression,classification,tfidf,,logistic_regression,1,DEV-LOCAL-V1-000187,e0d3d102d5aacb1c78845d6303033e0b938f72b327456a809f39aa587c274117,DEMO,TRIAGEM_MANUAL,TRIAGEM_MANUAL,False,False,0.6463312899358339,0.3341632057173728,0.005317650590439365,0.014187853756354117,0.6463312899358339,,
classification__tfidf__none__logistic_regression,classification,tfidf,,logistic_regression,1,DEV-LOCAL-V1-000188,e0d3d102d5aacb1c78845d6303033e0b938f72b327456a809f39aa587c274117,DEMO,TRIAGEM_MANUAL,TRIAGEM_MANUAL,False,False,0.39929553889080743,0.31278671538691033,0.2730207328273231,0.014897012894959207,0.39929553889080743,,
classification__tfidf__none__logistic_regression,classification,tfidf,,logistic_regression,1,DEV-LOCAL-V1-000189,e0d3d102d5aacb1c78845d6303033e0b938f72b327456a809f39aa587c274117,DEMO,TRIAGEM_MANUAL,OBRA,False,False,0.47011931178060556,0.47011931178060556,0.2111281595727633,0.0169601511715636,0.3017923774750675,,
classification__tfidf__none__logistic_regression,classification,tfidf,,logistic_regression,1,DEV-LOCAL-V1-000190,e0d3d102d5aacb1c78845d6303033e0b938f72b327456a809f39aa587c274117,DEMO,TRIAGEM_MANUAL,TRIAGEM_MANUAL,False,False,0.3926132600410756,0.2754838062204114,0.3113176084908328,0.020585325247680183,0.3926132600410756,,
classification__tfidf__none__logistic_regression,classification,tfidf,,logistic_regression,1,DEV-LOCAL-V1-000041,7040db0681db1335fb3adc47ac7a28f612c6bbf15be111576faa4e0bdc1c1d04,OBRA,OBRA,OBRA,True,True,0.9172041834541975,0.9172041834541975,0.07278186339741123,0.0058420195945327125,0.0041719335538587185,,
classification__tfidf__none__logistic_regression,classification,tfidf,,logistic_regression,1,DEV-LOCAL-V1-000042,7040db0681db1335fb3adc47ac7a28f612c6bbf15be111576faa4e0bdc1c1d04,OBRA,OBRA,OBRA,True,True,0.9322788706468782,0.9322788706468782,0.056132149645680085,0.008679924739448642,0.0029090549679931478,,
classification__tfidf__none__logistic_regression,classification,tfidf,,logistic_regression,1,DEV-LOCAL-V1-000043,7040db0681db1335fb3adc47ac7a28f612c6bbf15be111576faa4e0bdc1c1d04,OBRA,OBRA,OBRA,True,True,0.9104974466929736,0.9104974466929736,0.08067820543427608,0.00557419833421658,0.0032501495385334656,,
classification__tfidf__none__logistic_regression,classification,tfidf,,logistic_regression,1,DEV-LOCAL-V1-000044,7040db0681db1335fb3adc47ac7a28f612c6bbf15be111576faa4e0bdc1c1d04,OBRA,OBRA,OBRA,True,True,0.9049157361404091,0.9049157361404091,0.08771272079722481,0.003985530417461246,0.0033860126449047952,,
classification__tfidf__none__logistic_regression,classification,tfidf,,logistic_regression,1,DEV-LOCAL-V1-000045,7040db0681db1335fb3adc47ac7a28f612c6bbf15be111576faa4e0bdc1c1d04,OBRA,OBRA,OBRA,True,True,0.9058247379699099,0.9058247379699099,0.08248128036542667,0.00722463575251597,0.0044693459121474,,
classification__tfidf__none__logistic_regression,classification,tfidf,,logistic_regression,2,DEV-LOCAL-V1-000261,f542ddd6a78629f660c4bc11e9e7c3797151d74ef8a6d4ec58bc0d0943ea8c8d,DEMO,TRIAGEM_MANUAL,DEMO,False,False,0.7106413147331269,0.24223222114836426,0.7106413147331269,0.04603636253947796,0.0010901015790310616,,
classification__tfidf__none__logistic_regression,classification,tfidf,,logistic_regression,2,DEV-LOCAL-V1-000262,f542ddd6a78629f660c4bc11e9e7c3797151d74ef8a6d4ec58bc0d0943ea8c8d,DEMO,TRIAGEM_MANUAL,OBRA,False,False,0.6303097122610666,0.6303097122610666,0.09098967442522948,0.27751140579177086,0.0011892075219330951,,
classification__tfidf__none__logistic_regression,classification,tfidf,,logistic_regression,2,DEV-LOCAL-V1-000263,f542ddd6a78629f660c4bc11e9e7c3797151d74ef8a6d4ec58bc0d0943ea8c8d,DEMO,TRIAGEM_MANUAL,DEMO,False,False,0.7103836368592809,0.2606473865203808,0.7103836368592809,0.0283492306038391,0.0006197460164993434,,
classification__tfidf__none__logistic_regression,classification,tfidf,,logistic_regression,2,DEV-LOCAL-V1-000264,f542ddd6a78629f660c4bc11e9e7c3797151d74ef8a6d4ec58bc0d0943ea8c8d,DEMO,TRIAGEM_MANUAL,DEMO,False,False,0.6037420760274218,0.33209293674339757,0.6037420760274218,0.06351368184558269,0.0006513053835979503,,
classification__tfidf__none__logistic_regression,classification,tfidf,,logistic_regression,2,DEV-LOCAL-V1-000265,f542ddd6a78629f660c4bc11e9e7c3797151d74ef8a6d4ec58bc0d0943ea8c8d,DEMO,TRIAGEM_MANUAL,DEMO,False,False,0.5464148572911088,0.35515710579142,0.5464148572911088,0.08705051337988937,0.011377523537581877,,
classification__tfidf__none__logistic_regression,classification,tfidf,,logistic_regression,2,DEV-LOCAL-V1-000226,7337249ac06a9a5f0eaca34217cf6f7b2826cd9f0fa1dcf0a98da0ed107163a9,DEMO,TRIAGEM_MANUAL,DEMO,False,False,0.9178422909596736,0.05514645156676693,0.9178422909596736,0.01966213246134786,0.007349125012211629,,
classification__tfidf__none__logistic_regression,classification,tfidf,,logistic_regression,2,DEV-LOCAL-V1-000227,7337249ac06a9a5f0eaca34217cf6f7b2826cd9f0fa1dcf0a98da0ed107163a9,DEMO,TRIAGEM_MANUAL,DEMO,False,False,0.45217127867302725,0.14216521941588556,0.45217127867302725,0.4044874549367658,0.0011760469743212346,,
classification__tfidf__none__logistic_regression,classification,tfidf,,logistic_regression,2,DEV-LOCAL-V1-000228,7337249ac06a9a5f0eaca34217cf6f7b2826cd9f0fa1dcf0a98da0ed107163a9,DEMO,TRIAGEM_MANUAL,DEMO,False,False,0.9161867355841922,0.06769037422256913,0.9161867355841922,0.01131689477690185,0.004805995416336717,,
classification__tfidf__none__logistic_regression,classification,tfidf,,logistic_regression,2,DEV-LOCAL-V1-000229,7337249ac06a9a5f0eaca34217cf6f7b2826cd9f0fa1dcf0a98da0ed107163a9,DEMO,TRIAGEM_MANUAL,DEMO,False,False,0.8845835403342587,0.09750466217637975,0.8845835403342587,0.01537311253793608,0.0025386849514255527,,
classification__tfidf__none__logistic_regression,classification,tfidf,,logistic_regression,2,DEV-LOCAL-V1-000230,7337249ac06a9a5f0eaca34217cf6f7b2826cd9f0fa1dcf0a98da0ed107163a9,DEMO,TRIAGEM_MANUAL,DEMO,False,False,0.8975351716265776,0.05489776507234437,0.8975351716265776,0.02106025692045486,0.026506806380623235,,
classification__tfidf__none__logistic_regression,classification,tfidf,,logistic_regression,2,DEV-LOCAL-V1-000081,3f243a0de03fd7b98aa88c4b0815162080a37de67994191844cb872c4da0eddc,OBRA,TRIAGEM_MANUAL,OBRA,False,False,0.9909604730143303,0.9909604730143303,0.003158491833164007,0.0019444165692029506,0.003936618583302761,,
classification__tfidf__none__logistic_regression,classification,tfidf,,logistic_regression,2,DEV-LOCAL-V1-000082,3f243a0de03fd7b98aa88c4b0815162080a37de67994191844cb872c4da0eddc,OBRA,TRIAGEM_MANUAL,OBRA,False,False,0.970421020101562,0.970421020101562,0.0027813039039616683,0.002588406441841868,0.024209269552634523,,
classification__tfidf__none__logistic_regression,classification,tfidf,,logistic_regression,2,DEV-LOCAL-V1-000083,3f243a0de03fd7b98aa88c4b0815162080a37de67994191844cb872c4da0eddc,OBRA,TRIAGEM_MANUAL,OBRA,False,False,0.9919722074734938,0.9919722074734938,0.004159941548266174,0.0013451255333680875,0.002522725444872008,,
classification__tfidf__none__logistic_regression,classification,tfidf,,logistic_regression,2,DEV-LOCAL-V1-000084,3f243a0de03fd7b98aa88c4b0815162080a37de67994191844cb872c4da0eddc,OBRA,TRIAGEM_MANUAL,OBRA,False,False,0.9935458783197648,0.9935458783197648,0.002161520330378533,0.0020942668067434876,0.002198334543113032,,
classification__tfidf__none__logistic_regression,classification,tfidf,,logistic_regression,2,DEV-LOCAL-V1-000085,3f243a0de03fd7b98aa88c4b0815162080a37de67994191844cb872c4da0eddc,OBRA,TRIAGEM_MANUAL,OBRA,False,False,0.9820005769307978,0.9820005769307978,0.0023340116545979587,0.0021620329479032072,0.013503378466700989,,
classification__tfidf__none__logistic_regression,classification,tfidf,,logistic_regression,2,DEV-LOCAL-V1-000061,2a7272c7e7044ee3a56f66179879805e33209464adcf0ef00535fa7fa2bfc599,OBRA,TRIAGEM_MANUAL,OBRA,False,False,0.9080981197295089,0.9080981197295089,0.010823255959634112,0.004003017387253264,0.07707560692360375,,
classification__tfidf__none__logistic_regression,classification,tfidf,,logistic_regression,2,DEV-LOCAL-V1-000062,2a7272c7e7044ee3a56f66179879805e33209464adcf0ef00535fa7fa2bfc599,OBRA,TRIAGEM_MANUAL,OBRA,False,False,0.5868755489254176,0.5868755489254176,0.010986123230710338,0.003680729010119577,0.3984575988337524,,
classification__tfidf__none__logistic_regression,classification,tfidf,,logistic_regression,2,DEV-LOCAL-V1-000063,2a7272c7e7044ee3a56f66179879805e33209464adcf0ef00535fa7fa2bfc599,OBRA,TRIAGEM_MANUAL,OBRA,False,False,0.932537277912351,0.932537277912351,0.014773636505229771,0.0025997488463204046,0.05008933673609873,,
classification__tfidf__none__logistic_regression,classification,tfidf,,logistic_regression,2,DEV-LOCAL-V1-000064,2a7272c7e7044ee3a56f66179879805e33209464adcf0ef00535fa7fa2bfc599,OBRA,TRIAGEM_MANUAL,OBRA,False,False,0.9519280635851985,0.9519280635851985,0.00736067785491555,0.0027438096584622112,0.0379674489014237,,
classification__tfidf__none__logistic_regression,classification,tfidf,,logistic_regression,2,DEV-LOCAL-V1-000065,2a7272c7e7044ee3a56f66179879805e33209464adcf0ef00535fa7fa2bfc599,OBRA,TRIAGEM_MANUAL,OBRA,False,False,0.7802292861062232,0.7802292861062232,0.006906362807993775,0.003581238774879732,0.20928311231090335,,
classification__tfidf__none__logistic_regression,classification,tfidf,,logistic_regression,2,DEV-LOCAL-V1-000401,c68e6e52a90e28754e4a97b0653c1364ec92dbe05843b5a4b04f581b34c830ad,SOB_DEMANDA,TRIAGEM_MANUAL,SOB_DEMANDA,False,False,0.9224623789173516,0.07479654641381073,0.002373119673545744,0.9224623789173516,0.0003679549952918551,,
classification__tfidf__none__logistic_regression,classification,tfidf,,logistic_regression,2,DEV-LOCAL-V1-000402,c68e6e52a90e28754e4a97b0653c1364ec92dbe05843b5a4b04f581b34c830ad,SOB_DEMANDA,TRIAGEM_MANUAL,SOB_DEMANDA,False,False,0.6739968290205693,0.3227424655872022,0.003043185929137512,0.6739968290205693,0.00021751946309087617,,
classification__tfidf__none__logistic_regression,classification,tfidf,,logistic_regression,2,DEV-LOCAL-V1-000403,c68e6e52a90e28754e4a97b0653c1364ec92dbe05843b5a4b04f581b34c830ad,SOB_DEMANDA,TRIAGEM_MANUAL,SOB_DEMANDA,False,False,0.9163707384526595,0.08037917005911605,0.002973501444233347,0.9163707384526595,0.0002765900439910617,,
classification__tfidf__none__logistic_regression,classification,tfidf,,logistic_regression,2,DEV-LOCAL-V1-000404,c68e6e52a90e28754e4a97b0653c1364ec92dbe05843b5a4b04f581b34c830ad,SOB_DEMANDA,TRIAGEM_MANUAL,SOB_DEMANDA,False,False,0.9207910050755542,0.076526134783285,0.002497561823969498,0.9207910050755542,0.00018529831719109931,,
classification__tfidf__none__logistic_regression,classification,tfidf,,logistic_regression,2,DEV-LOCAL-V1-000405,c68e6e52a90e28754e4a97b0653c1364ec92dbe05843b5a4b04f581b34c830ad,SOB_DEMANDA,TRIAGEM_MANUAL,SOB_DEMANDA,False,False,0.9332911853325839,0.06295300437828168,0.0019957144426991694,0.9332911853325839,0.0017600958464352593,,
classification__tfidf__none__logistic_regression,classification,tfidf,,logistic_regression,2,DEV-LOCAL-V1-000246,b103d5807c9c86e3d179af648d204d63059c9d85400e01fd2f790e64b6d90a45,DEMO,TRIAGEM_MANUAL,DEMO,False,False,0.6238810699074621,0.013495964864601188,0.6238810699074621,0.35885281849854134,0.0037701467293955473,,
classification__tfidf__none__logistic_regression,classification,tfidf,,logistic_regression,2,DEV-LOCAL-V1-000247,b103d5807c9c86e3d179af648d204d63059c9d85400e01fd2f790e64b6d90a45,DEMO,TRIAGEM_MANUAL,DEMO,False,False,0.4739237501466366,0.06748935087538704,0.4739237501466366,0.457281902921283,0.0013049960566932485,,
classification__tfidf__none__logistic_regression,classification,tfidf,,logistic_regression,2,DEV-LOCAL-V1-000248,b103d5807c9c86e3d179af648d204d63059c9d85400e01fd2f790e64b6d90a45,DEMO,TRIAGEM_MANUAL,DEMO,False,False,0.6683836110180646,0.016550965471592693,0.6683836110180646,0.31256373944026344,0.0025016840700791557,,
classification__tfidf__none__logistic_regression,classification,tfidf,,logistic_regression,2,DEV-LOCAL-V1-000249,b103d5807c9c86e3d179af648d204d63059c9d85400e01fd2f790e64b6d90a45,DEMO,TRIAGEM_MANUAL,DEMO,False,False,0.6026418576088778,0.011748338974452597,0.6026418576088778,0.38413518641148836,0.0014746170051811983,,
classification__tfidf__none__logistic_regression,classification,tfidf,,logistic_regression,2,DEV-LOCAL-V1-000250,b103d5807c9c86e3d179af648d204d63059c9d85400e01fd2f790e64b6d90a45,DEMO,TRIAGEM_MANUAL,DEMO,False,False,0.6105546151880623,0.016191579569262367,0.6105546151880623,0.345463891359839,0.027789913882836248,,
classification__tfidf__none__logistic_regression,classification,tfidf,,logistic_regression,2,DEV-LOCAL-V1-000011,815f59163c40ac61b72ad43f81559f58ab0624c00f34146f679376ae2042e7a6,OBRA,TRIAGEM_MANUAL,OBRA,False,False,0.8722066089039775,0.8722066089039775,0.05635677192094033,0.05055422555066182,0.0208823936244203,,
classification__tfidf__none__logistic_regression,classification,tfidf,,logistic_regression,2,DEV-LOCAL-V1-000012,815f59163c40ac61b72ad43f81559f58ab0624c00f34146f679376ae2042e7a6,OBRA,TRIAGEM_MANUAL,SOB_DEMANDA,False,False,0.32812340550274527,0.2631216487490447,0.2979570502763682,0.32812340550274527,0.1107978954718418,,
classification__tfidf__none__logistic_regression,classification,tfidf,,logistic_regression,2,DEV-LOCAL-V1-000013,815f59163c40ac61b72ad43f81559f58ab0624c00f34146f679376ae2042e7a6,OBRA,TRIAGEM_MANUAL,OBRA,False,False,0.8242218676283202,0.8242218676283202,0.11461996108036772,0.05097532317116753,0.010182848120144401,,
classification__tfidf__none__logistic_regression,classification,tfidf,,logistic_regression,2,DEV-LOCAL-V1-000014,815f59163c40ac61b72ad43f81559f58ab0624c00f34146f679376ae2042e7a6,OBRA,TRIAGEM_MANUAL,OBRA,False,False,0.9175796760666782,0.9175796760666782,0.03790655157693871,0.03566312169539974,0.008850650660983306,,
classification__tfidf__none__logistic_regression,classification,tfidf,,logistic_regression,2,DEV-LOCAL-V1-000015,815f59163c40ac61b72ad43f81559f58ab0624c00f34146f679376ae2042e7a6,OBRA,TRIAGEM_MANUAL,OBRA,False,False,0.8399442810884019,0.8399442810884019,0.03821602209333438,0.044268321400339115,0.07757137541792469,,
classification__tfidf__none__logistic_regression,classification,tfidf,,logistic_regression,2,DEV-LOCAL-V1-000181,83de73d7f38927ba1b294bf8c5119da1fe16c012486a23f19c0e85378d341b39,DEMO,TRIAGEM_MANUAL,TRIAGEM_MANUAL,False,False,0.6813936661233172,0.16675063284325373,0.1368030868593263,0.015052614174102766,0.6813936661233172,,
classification__tfidf__none__logistic_regression,classification,tfidf,,logistic_regression,2,DEV-LOCAL-V1-000182,83de73d7f38927ba1b294bf8c5119da1fe16c012486a23f19c0e85378d341b39,DEMO,TRIAGEM_MANUAL,TRIAGEM_MANUAL,False,False,0.6938972289136651,0.28691784664193193,0.0017374212183905204,0.01744750322601249,0.6938972289136651,,
classification__tfidf__none__logistic_regression,classification,tfidf,,logistic_regression,2,DEV-LOCAL-V1-000183,83de73d7f38927ba1b294bf8c5119da1fe16c012486a23f19c0e85378d341b39,DEMO,TRIAGEM_MANUAL,TRIAGEM_MANUAL,False,False,0.6343993202464414,0.17163239823036883,0.18366159211600466,0.010306689407185076,0.6343993202464414,,
classification__tfidf__none__logistic_regression,classification,tfidf,,logistic_regression,2,DEV-LOCAL-V1-000184,83de73d7f38927ba1b294bf8c5119da1fe16c012486a23f19c0e85378d341b39,DEMO,TRIAGEM_MANUAL,TRIAGEM_MANUAL,False,False,0.5865340572887802,0.26493355114703077,0.13194656783525266,0.016585823728936338,0.5865340572887802,,
classification__tfidf__none__logistic_regression,classification,tfidf,,logistic_regression,2,DEV-LOCAL-V1-000185,83de73d7f38927ba1b294bf8c5119da1fe16c012486a23f19c0e85378d341b39,DEMO,TRIAGEM_MANUAL,TRIAGEM_MANUAL,False,False,0.8074858373761978,0.10559458904138844,0.07124607023414962,0.015673503348264138,0.8074858373761978,,
classification__tfidf__none__logistic_regression,classification,tfidf,,logistic_regression,2,DEV-LOCAL-V1-000076,ed162d247dc1260d78ea826270a3cf7db093af0288520b2aa36ef14d669caadb,OBRA,TRIAGEM_MANUAL,OBRA,False,False,0.8235593997083808,0.8235593997083808,0.11376845558793618,0.0543279497663596,0.008344194937323262,,
classification__tfidf__none__logistic_regression,classification,tfidf,,logistic_regression,2,DEV-LOCAL-V1-000077,ed162d247dc1260d78ea826270a3cf7db093af0288520b2aa36ef14d669caadb,OBRA,TRIAGEM_MANUAL,OBRA,False,False,0.6158954872541655,0.6158954872541655,0.055963181492026136,0.3193886200807008,0.008752711173107585,,
classification__tfidf__none__logistic_regression,classification,tfidf,,logistic_regression,2,DEV-LOCAL-V1-000078,ed162d247dc1260d78ea826270a3cf7db093af0288520b2aa36ef14d669caadb,OBRA,TRIAGEM_MANUAL,OBRA,False,False,0.727881887861497,0.727881887861497,0.21995987204553413,0.04827046019190792,0.0038877799010610817,,
classification__tfidf__none__logistic_regression,classification,tfidf,,logistic_regression,2,DEV-LOCAL-V1-000079,ed162d247dc1260d78ea826270a3cf7db093af0288520b2aa36ef14d669caadb,OBRA,TRIAGEM_MANUAL,OBRA,False,False,0.7965745200915543,0.7965745200915543,0.13913320661887352,0.05992667342004038,0.004365599869531792,,
classification__tfidf__none__logistic_regression,classification,tfidf,,logistic_regression,2,DEV-LOCAL-V1-000080,ed162d247dc1260d78ea826270a3cf7db093af0288520b2aa36ef14d669caadb,OBRA,TRIAGEM_MANUAL,OBRA,False,False,0.7976006346883844,0.7976006346883844,0.09474231326409455,0.06403300354629395,0.04362404850122706,,
classification__tfidf__none__logistic_regression,classification,tfidf,,logistic_regression,2,DEV-LOCAL-V1-000136,157d4cca3bb9b2f7a9f0bcd51aca15864f88e3a39fad7aef377625cc7cba4ee3,OBRA,TRIAGEM_MANUAL,OBRA,False,False,0.6222469536132522,0.6222469536132522,0.09937007276614711,0.006105280158691021,0.2722776934619097,,
classification__tfidf__none__logistic_regression,classification,tfidf,,logistic_regression,2,DEV-LOCAL-V1-000137,157d4cca3bb9b2f7a9f0bcd51aca15864f88e3a39fad7aef377625cc7cba4ee3,OBRA,TRIAGEM_MANUAL,TRIAGEM_MANUAL,False,False,0.6619613929681426,0.3302978894634701,0.0022020505980294373,0.005538666970357891,0.6619613929681426,,
classification__tfidf__none__logistic_regression,classification,tfidf,,logistic_regression,2,DEV-LOCAL-V1-000138,157d4cca3bb9b2f7a9f0bcd51aca15864f88e3a39fad7aef377625cc7cba4ee3,OBRA,TRIAGEM_MANUAL,OBRA,False,False,0.6782208139987912,0.6782208139987912,0.12744058495528066,0.004171085792354403,0.19016751525357373,,
classification__tfidf__none__logistic_regression,classification,tfidf,,logistic_regression,2,DEV-LOCAL-V1-000139,157d4cca3bb9b2f7a9f0bcd51aca15864f88e3a39fad7aef377625cc7cba4ee3,OBRA,TRIAGEM_MANUAL,OBRA,False,False,0.5750092894368138,0.5750092894368138,0.12087287991874716,0.014295288578934843,0.28982254206550423,,
classification__tfidf__none__logistic_regression,classification,tfidf,,logistic_regression,2,DEV-LOCAL-V1-000140,157d4cca3bb9b2f7a9f0bcd51aca15864f88e3a39fad7aef377625cc7cba4ee3,OBRA,TRIAGEM_MANUAL,TRIAGEM_MANUAL,False,False,0.49530206731377485,0.44887273908014724,0.050240883908164696,0.005584309697913265,0.49530206731377485,,
classification__tfidf__none__logistic_regression,classification,tfidf,,logistic_regression,2,DEV-LOCAL-V1-000551,8f13954ee0887d503b0937ffd0e05059833a322ed1c104c95a0e1f42bfc02e0d,TRIAGEM_MANUAL,TRIAGEM_MANUAL,DEMO,False,False,0.7056562932023834,0.04312862313283429,0.7056562932023834,0.005879628567239075,0.24533545509754315,,
classification__tfidf__none__logistic_regression,classification,tfidf,,logistic_regression,2,DEV-LOCAL-V1-000552,8f13954ee0887d503b0937ffd0e05059833a322ed1c104c95a0e1f42bfc02e0d,TRIAGEM_MANUAL,TRIAGEM_MANUAL,DEMO,False,False,0.6939955663400196,0.27710070265833947,0.6939955663400196,0.0029333254008225224,0.02597040560081859,,
classification__tfidf__none__logistic_regression,classification,tfidf,,logistic_regression,2,DEV-LOCAL-V1-000553,8f13954ee0887d503b0937ffd0e05059833a322ed1c104c95a0e1f42bfc02e0d,TRIAGEM_MANUAL,TRIAGEM_MANUAL,DEMO,False,False,0.7666066835855192,0.050688513059360875,0.7666066835855192,0.0033262844580828994,0.179378518897037,,
classification__tfidf__none__logistic_regression,classification,tfidf,,logistic_regression,2,DEV-LOCAL-V1-000554,8f13954ee0887d503b0937ffd0e05059833a322ed1c104c95a0e1f42bfc02e0d,TRIAGEM_MANUAL,TRIAGEM_MANUAL,DEMO,False,False,0.791086942722833,0.04399796988998177,0.791086942722833,0.005272288081639167,0.15964279930554606,,
classification__tfidf__none__logistic_regression,classification,tfidf,,logistic_regression,2,DEV-LOCAL-V1-000555,8f13954ee0887d503b0937ffd0e05059833a322ed1c104c95a0e1f42bfc02e0d,TRIAGEM_MANUAL,TRIAGEM_MANUAL,DEMO,False,False,0.5106442056606328,0.04017364616736987,0.5106442056606328,0.00648570284407632,0.44269644532792096,,
classification__tfidf__none__logistic_regression,classification,tfidf,,logistic_regression,2,DEV-LOCAL-V1-000241,71ccd860ae615219b27a5e8f7be94e30cfc8cc982833744d80d2da793d3fcb34,DEMO,TRIAGEM_MANUAL,DEMO,False,False,0.8901922032543333,0.10406836313557767,0.8901922032543333,0.004276364825069725,0.0014630687850191967,,
classification__tfidf__none__logistic_regression,classification,tfidf,,logistic_regression,2,DEV-LOCAL-V1-000242,71ccd860ae615219b27a5e8f7be94e30cfc8cc982833744d80d2da793d3fcb34,DEMO,TRIAGEM_MANUAL,DEMO,False,False,0.6629270490924373,0.3334259011078777,0.6629270490924373,0.0034465628139225307,0.00020048698576253756,,
classification__tfidf__none__logistic_regression,classification,tfidf,,logistic_regression,2,DEV-LOCAL-V1-000243,71ccd860ae615219b27a5e8f7be94e30cfc8cc982833744d80d2da793d3fcb34,DEMO,TRIAGEM_MANUAL,DEMO,False,False,0.8771928155221755,0.11904217807558917,0.8771928155221755,0.0027716951197444143,0.0009933112824905782,,
classification__tfidf__none__logistic_regression,classification,tfidf,,logistic_regression,2,DEV-LOCAL-V1-000244,71ccd860ae615219b27a5e8f7be94e30cfc8cc982833744d80d2da793d3fcb34,DEMO,TRIAGEM_MANUAL,DEMO,False,False,0.8400621303256571,0.1560480625073023,0.8400621303256571,0.003327243483623599,0.0005625636834169701,,
classification__tfidf__none__logistic_regression,classification,tfidf,,logistic_regression,2,DEV-LOCAL-V1-000245,71ccd860ae615219b27a5e8f7be94e30cfc8cc982833744d80d2da793d3fcb34,DEMO,TRIAGEM_MANUAL,DEMO,False,False,0.8974394570667534,0.09198756819377223,0.8974394570667534,0.004613079121136215,0.005959895618338122,,
classification__tfidf__none__logistic_regression,classification,tfidf,,logistic_regression,2,DEV-LOCAL-V1-000571,45afa982bd4fcfd026be9ffad5fdd3fd5c22ceb7a3d791df752b8fbba78ba5d7,TRIAGEM_MANUAL,TRIAGEM_MANUAL,TRIAGEM_MANUAL,False,False,0.6740918582949512,0.01417682640027831,0.30875991692386534,0.0029713983809051586,0.6740918582949512,,
classification__tfidf__none__logistic_regression,classification,tfidf,,logistic_regression,2,DEV-LOCAL-V1-000573,45afa982bd4fcfd026be9ffad5fdd3fd5c22ceb7a3d791df752b8fbba78ba5d7,TRIAGEM_MANUAL,TRIAGEM_MANUAL,TRIAGEM_MANUAL,False,False,0.611787976157968,0.01709984454617213,0.3695745766902227,0.0015376026056372497,0.611787976157968,,
classification__tfidf__none__logistic_regression,classification,tfidf,,logistic_regression,2,DEV-LOCAL-V1-000574,45afa982bd4fcfd026be9ffad5fdd3fd5c22ceb7a3d791df752b8fbba78ba5d7,TRIAGEM_MANUAL,TRIAGEM_MANUAL,TRIAGEM_MANUAL,False,False,0.6636825156505705,0.02694805140240612,0.3072351288320417,0.0021343041149816094,0.6636825156505705,,
classification__tfidf__none__logistic_regression,classification,tfidf,,logistic_regression,2,DEV-LOCAL-V1-000575,45afa982bd4fcfd026be9ffad5fdd3fd5c22ceb7a3d791df752b8fbba78ba5d7,TRIAGEM_MANUAL,TRIAGEM_MANUAL,TRIAGEM_MANUAL,False,False,0.7906271321972942,0.017592779239325725,0.1880928296843587,0.0036872588790214577,0.7906271321972942,,
classification__tfidf__none__logistic_regression,classification,tfidf,,logistic_regression,2,DEV-LOCAL-V1-000126,5d6a8582c21548847dbfed920d5d5bd71e483217c63149c53e851ea9f19af7da,OBRA,TRIAGEM_MANUAL,OBRA,False,False,0.8500537084470414,0.8500537084470414,0.14197385353882422,0.0016378000735224926,0.006334637940611837,,
classification__tfidf__none__logistic_regression,classification,tfidf,,logistic_regression,2,DEV-LOCAL-V1-000127,5d6a8582c21548847dbfed920d5d5bd71e483217c63149c53e851ea9f19af7da,OBRA,TRIAGEM_MANUAL,OBRA,False,False,0.9081456336200671,0.9081456336200671,0.0826309642502554,0.0031083489729760573,0.006115053156701584,,
classification__tfidf__none__logistic_regression,classification,tfidf,,logistic_regression,2,DEV-LOCAL-V1-000128,5d6a8582c21548847dbfed920d5d5bd71e483217c63149c53e851ea9f19af7da,OBRA,TRIAGEM_MANUAL,OBRA,False,False,0.731541250668522,0.731541250668522,0.26421257882500593,0.0012867737605552043,0.002959396745916759,,
classification__tfidf__none__logistic_regression,classification,tfidf,,logistic_regression,2,DEV-LOCAL-V1-000129,5d6a8582c21548847dbfed920d5d5bd71e483217c63149c53e851ea9f19af7da,OBRA,TRIAGEM_MANUAL,OBRA,False,False,0.8322528066694499,0.8322528066694499,0.1632511696584967,0.0017401019533699869,0.0027559217186834024,,
classification__tfidf__none__logistic_regression,classification,tfidf,,logistic_regression,2,DEV-LOCAL-V1-000130,5d6a8582c21548847dbfed920d5d5bd71e483217c63149c53e851ea9f19af7da,OBRA,TRIAGEM_MANUAL,OBRA,False,False,0.8786151165015007,0.8786151165015007,0.0966570991766399,0.002399117967060812,0.022328666354798594,,
classification__tfidf__none__logistic_regression,classification,tfidf,,logistic_regression,2,DEV-LOCAL-V1-000476,168c4d9b6834392e677e48772596592d110cc3016e8e87f42301ed45ce86a705,SOB_DEMANDA,TRIAGEM_MANUAL,SOB_DEMANDA,False,False,0.9770521115036431,0.013490949884976514,0.008907569290967126,0.9770521115036431,0.0005493693204132526,,
classification__tfidf__none__logistic_regression,classification,tfidf,,logistic_regression,2,DEV-LOCAL-V1-000477,168c4d9b6834392e677e48772596592d110cc3016e8e87f42301ed45ce86a705,SOB_DEMANDA,TRIAGEM_MANUAL,SOB_DEMANDA,False,False,0.9030122054540083,0.02324516649728945,0.07309277279522242,0.9030122054540083,0.0006498552534799073,,
classification__tfidf__none__logistic_regression,classification,tfidf,,logistic_regression,2,DEV-LOCAL-V1-000478,168c4d9b6834392e677e48772596592d110cc3016e8e87f42301ed45ce86a705,SOB_DEMANDA,TRIAGEM_MANUAL,SOB_DEMANDA,False,False,0.9709147241841916,0.015917088187263614,0.012839589375504019,0.9709147241841916,0.00032859825304084374,,
classification__tfidf__none__logistic_regression,classification,tfidf,,logistic_regression,2,DEV-LOCAL-V1-000479,168c4d9b6834392e677e48772596592d110cc3016e8e87f42301ed45ce86a705,SOB_DEMANDA,TRIAGEM_MANUAL,SOB_DEMANDA,False,False,0.9705750556496883,0.022627780657984542,0.006627828724550954,0.9705750556496883,0.00016933496777630366,,
classification__tfidf__none__logistic_regression,classification,tfidf,,logistic_regression,2,DEV-LOCAL-V1-000480,168c4d9b6834392e677e48772596592d110cc3016e8e87f42301ed45ce86a705,SOB_DEMANDA,TRIAGEM_MANUAL,SOB_DEMANDA,False,False,0.9773848676385858,0.013881899789291415,0.006428001567904475,0.9773848676385858,0.0023052310042182165,,
classification__tfidf__none__logistic_regression,classification,tfidf,,logistic_regression,2,DEV-LOCAL-V1-000361,ae5825b2d3eac1cc8e3e4216b5dd2cda18003145c3b320215ae5c88f20502f07,SOB_DEMANDA,TRIAGEM_MANUAL,SOB_DEMANDA,False,False,0.8272550423077518,0.11486345793864533,0.0551729289466789,0.8272550423077518,0.0027085708069240345,,
classification__tfidf__none__logistic_regression,classification,tfidf,,logistic_regression,2,DEV-LOCAL-V1-000362,ae5825b2d3eac1cc8e3e4216b5dd2cda18003145c3b320215ae5c88f20502f07,SOB_DEMANDA,TRIAGEM_MANUAL,SOB_DEMANDA,False,False,0.3653071919777837,0.2729361770397823,0.35359003843037445,0.3653071919777837,0.008166592552059525,,
classification__tfidf__none__logistic_regression,classification,tfidf,,logistic_regression,2,DEV-LOCAL-V1-000363,ae5825b2d3eac1cc8e3e4216b5dd2cda18003145c3b320215ae5c88f20502f07,SOB_DEMANDA,TRIAGEM_MANUAL,SOB_DEMANDA,False,False,0.7766262458883166,0.14205629198170514,0.0794456814576972,0.7766262458883166,0.001871780672281095,,
classification__tfidf__none__logistic_regression,classification,tfidf,,logistic_regression,2,DEV-LOCAL-V1-000364,ae5825b2d3eac1cc8e3e4216b5dd2cda18003145c3b320215ae5c88f20502f07,SOB_DEMANDA,TRIAGEM_MANUAL,SOB_DEMANDA,False,False,0.8116449352993195,0.12391635370821515,0.06343404515953559,0.8116449352993195,0.001004665832929923,,
classification__tfidf__none__logistic_regression,classification,tfidf,,logistic_regression,2,DEV-LOCAL-V1-000365,ae5825b2d3eac1cc8e3e4216b5dd2cda18003145c3b320215ae5c88f20502f07,SOB_DEMANDA,TRIAGEM_MANUAL,SOB_DEMANDA,False,False,0.8399689501314385,0.10845487723221492,0.03853873272236108,0.8399689501314385,0.013037439913985554,,
classification__tfidf__none__logistic_regression,classification,tfidf,,logistic_regression,2,DEV-LOCAL-V1-000066,d6c1d63157d783a327c391bebad1a0d1e1567514509b82750c10232367d2decb,OBRA,TRIAGEM_MANUAL,OBRA,False,False,0.9686304759961575,0.9686304759961575,0.0113557994741815,0.01869324487819748,0.001320479651463548,,
classification__tfidf__none__logistic_regression,classification,tfidf,,logistic_regression,2,DEV-LOCAL-V1-000067,d6c1d63157d783a327c391bebad1a0d1e1567514509b82750c10232367d2decb,OBRA,TRIAGEM_MANUAL,OBRA,False,False,0.771983673726217,0.771983673726217,0.010339538436166333,0.21595837898520254,0.0017184088524140832,,
classification__tfidf__none__logistic_regression,classification,tfidf,,logistic_regression,2,DEV-LOCAL-V1-000068,d6c1d63157d783a327c391bebad1a0d1e1567514509b82750c10232367d2decb,OBRA,TRIAGEM_MANUAL,OBRA,False,False,0.9722441222132605,0.9722441222132605,0.013925076599428739,0.012936436846704116,0.0008943643406066523,,
classification__tfidf__none__logistic_regression,classification,tfidf,,logistic_regression,2,DEV-LOCAL-V1-000069,d6c1d63157d783a327c391bebad1a0d1e1567514509b82750c10232367d2decb,OBRA,TRIAGEM_MANUAL,OBRA,False,False,0.9602936278915652,0.9602936278915652,0.01104164383329728,0.027871999382086697,0.0007927288930506897,,
classification__tfidf__none__logistic_regression,classification,tfidf,,logistic_regression,2,DEV-LOCAL-V1-000070,d6c1d63157d783a327c391bebad1a0d1e1567514509b82750c10232367d2decb,OBRA,TRIAGEM_MANUAL,OBRA,False,False,0.968622020141138,0.968622020141138,0.008432633554798513,0.01707468884132058,0.005870657462742971,,
classification__tfidf__none__logistic_regression,classification,tfidf,,logistic_regression,2,DEV-LOCAL-V1-000411,28868cae381ab08b061df8747c42f03579c42365cd192952fa47756a2e8310a7,SOB_DEMANDA,TRIAGEM_MANUAL,SOB_DEMANDA,False,False,0.8848988311323329,0.0039360448386476805,0.01435991452645786,0.8848988311323329,0.09680520950256147,,
classification__tfidf__none__logistic_regression,classification,tfidf,,logistic_regression,2,DEV-LOCAL-V1-000412,28868cae381ab08b061df8747c42f03579c42365cd192952fa47756a2e8310a7,SOB_DEMANDA,TRIAGEM_MANUAL,SOB_DEMANDA,False,False,0.6031479146717018,0.013149140876286302,0.041178126704151,0.6031479146717018,0.34252481774786075,,
classification__tfidf__none__logistic_regression,classification,tfidf,,logistic_regression,2,DEV-LOCAL-V1-000413,28868cae381ab08b061df8747c42f03579c42365cd192952fa47756a2e8310a7,SOB_DEMANDA,TRIAGEM_MANUAL,SOB_DEMANDA,False,False,0.9052328761893983,0.004681982050359869,0.019958522896467015,0.9052328761893983,0.07012661886377493,,
classification__tfidf__none__logistic_regression,classification,tfidf,,logistic_regression,2,DEV-LOCAL-V1-000414,28868cae381ab08b061df8747c42f03579c42365cd192952fa47756a2e8310a7,SOB_DEMANDA,TRIAGEM_MANUAL,SOB_DEMANDA,False,False,0.9255821390414052,0.00388362817860822,0.016949241615394135,0.9255821390414052,0.05358499116459239,,
classification__tfidf__none__logistic_regression,classification,tfidf,,logistic_regression,2,DEV-LOCAL-V1-000415,28868cae381ab08b061df8747c42f03579c42365cd192952fa47756a2e8310a7,SOB_DEMANDA,TRIAGEM_MANUAL,SOB_DEMANDA,False,False,0.7811381766952705,0.004186099619731044,0.008842444695075934,0.7811381766952705,0.20583327898992262,,
classification__tfidf__none__logistic_regression,classification,tfidf,,logistic_regression,2,DEV-LOCAL-V1-000586,1089875c09c73b61ffa5acfbd4acf87409982147cfb101745afd8a30d13cef7b,TRIAGEM_MANUAL,TRIAGEM_MANUAL,TRIAGEM_MANUAL,False,False,0.7354311643909373,0.0073628470214161905,0.24673847371295105,0.010467514874695553,0.7354311643909373,,
classification__tfidf__none__logistic_regression,classification,tfidf,,logistic_regression,2,DEV-LOCAL-V1-000587,1089875c09c73b61ffa5acfbd4acf87409982147cfb101745afd8a30d13cef7b,TRIAGEM_MANUAL,TRIAGEM_MANUAL,SOB_DEMANDA,False,False,0.5871101210080953,0.09346280233496287,0.22161901126501019,0.5871101210080953,0.09780806539193154,,
classification__tfidf__none__logistic_regression,classification,tfidf,,logistic_regression,2,DEV-LOCAL-V1-000588,1089875c09c73b61ffa5acfbd4acf87409982147cfb101745afd8a30d13cef7b,TRIAGEM_MANUAL,TRIAGEM_MANUAL,TRIAGEM_MANUAL,False,False,0.6824134896037315,0.0072098530027687084,0.30380501953567357,0.00657163785782619,0.6824134896037315,,
classification__tfidf__none__logistic_regression,classification,tfidf,,logistic_regression,2,DEV-LOCAL-V1-000589,1089875c09c73b61ffa5acfbd4acf87409982147cfb101745afd8a30d13cef7b,TRIAGEM_MANUAL,TRIAGEM_MANUAL,TRIAGEM_MANUAL,False,False,0.6949342802573223,0.006639161655422521,0.2896153932958716,0.008811164791383507,0.6949342802573223,,
classification__tfidf__none__logistic_regression,classification,tfidf,,logistic_regression,2,DEV-LOCAL-V1-000590,1089875c09c73b61ffa5acfbd4acf87409982147cfb101745afd8a30d13cef7b,TRIAGEM_MANUAL,TRIAGEM_MANUAL,TRIAGEM_MANUAL,False,False,0.8625160437334781,0.006186579967470389,0.12367299459961012,0.007624381699441368,0.8625160437334781,,
classification__tfidf__none__logistic_regression,classification,tfidf,,logistic_regression,2,DEV-LOCAL-V1-000306,9548847f83567d6292e994a484e4ad963b00ea470318cb26f01b25154ce35118,DEMO,TRIAGEM_MANUAL,DEMO,False,False,0.8786444676043006,0.07760280099758196,0.8786444676043006,0.0401316789083917,0.0036210524897258684,,
classification__tfidf__none__logistic_regression,classification,tfidf,,logistic_regression,2,DEV-LOCAL-V1-000307,9548847f83567d6292e994a484e4ad963b00ea470318cb26f01b25154ce35118,DEMO,TRIAGEM_MANUAL,DEMO,False,False,0.8004974870416796,0.03942391031914478,0.8004974870416796,0.15713102072351975,0.0029475819156559234,,
classification__tfidf__none__logistic_regression,classification,tfidf,,logistic_regression,2,DEV-LOCAL-V1-000308,9548847f83567d6292e994a484e4ad963b00ea470318cb26f01b25154ce35118,DEMO,TRIAGEM_MANUAL,DEMO,False,False,0.8827881976907109,0.08993712281230416,0.8827881976907109,0.02483673730080969,0.0024379421961753175,,
classification__tfidf__none__logistic_regression,classification,tfidf,,logistic_regression,2,DEV-LOCAL-V1-000310,9548847f83567d6292e994a484e4ad963b00ea470318cb26f01b25154ce35118,DEMO,TRIAGEM_MANUAL,DEMO,False,False,0.8629020692382057,0.08047473535115705,0.8629020692382057,0.04059950443384339,0.016023690976793913,,
classification__tfidf__none__logistic_regression,classification,tfidf,,logistic_regression,2,DEV-LOCAL-V1-000436,48f1d38d3f47a377102f8a6b70b51ae3d22352d694bd287dcd54d1a2c1e58169,SOB_DEMANDA,TRIAGEM_MANUAL,SOB_DEMANDA,False,False,0.9341704968420741,0.036723617628487845,0.020240930409044202,0.9341704968420741,0.008864955120393965,,
classification__tfidf__none__logistic_regression,classification,tfidf,,logistic_regression,2,DEV-LOCAL-V1-000437,48f1d38d3f47a377102f8a6b70b51ae3d22352d694bd287dcd54d1a2c1e58169,SOB_DEMANDA,TRIAGEM_MANUAL,SOB_DEMANDA,False,False,0.9447511139691931,0.04174713558735203,0.004917082029379065,0.9447511139691931,0.008584668414075729,,
classification__tfidf__none__logistic_regression,classification,tfidf,,logistic_regression,2,DEV-LOCAL-V1-000438,48f1d38d3f47a377102f8a6b70b51ae3d22352d694bd287dcd54d1a2c1e58169,SOB_DEMANDA,TRIAGEM_MANUAL,SOB_DEMANDA,False,False,0.9238812569440711,0.04278718675115053,0.02713038230666486,0.9238812569440711,0.006201173998113451,,
classification__tfidf__none__logistic_regression,classification,tfidf,,logistic_regression,2,DEV-LOCAL-V1-000439,48f1d38d3f47a377102f8a6b70b51ae3d22352d694bd287dcd54d1a2c1e58169,SOB_DEMANDA,TRIAGEM_MANUAL,SOB_DEMANDA,False,False,0.9365920432450351,0.03778021919918437,0.021498817646066752,0.9365920432450351,0.004128919909713754,,
classification__tfidf__none__logistic_regression,classification,tfidf,,logistic_regression,2,DEV-LOCAL-V1-000440,48f1d38d3f47a377102f8a6b70b51ae3d22352d694bd287dcd54d1a2c1e58169,SOB_DEMANDA,TRIAGEM_MANUAL,SOB_DEMANDA,False,False,0.9141950135129749,0.035581928680232855,0.015207279747624798,0.9141950135129749,0.0350157780591674,,
classification__tfidf__none__logistic_regression,classification,tfidf,,logistic_regression,3,DEV-LOCAL-V1-000451,b279c31be2733aded474df3c1f63896014b297664a1eeb61e87755e43a0f72f7,SOB_DEMANDA,SOB_DEMANDA,SOB_DEMANDA,True,True,0.8109844601236753,0.1179892750268384,0.05535649926259379,0.8109844601236753,0.015669765586892502,,
classification__tfidf__none__logistic_regression,classification,tfidf,,logistic_regression,3,DEV-LOCAL-V1-000452,b279c31be2733aded474df3c1f63896014b297664a1eeb61e87755e43a0f72f7,SOB_DEMANDA,TRIAGEM_MANUAL,OBRA,False,False,0.7340199801970737,0.7340199801970737,0.030950421666905745,0.2318342089483514,0.003195389187669155,,
classification__tfidf__none__logistic_regression,classification,tfidf,,logistic_regression,3,DEV-LOCAL-V1-000453,b279c31be2733aded474df3c1f63896014b297664a1eeb61e87755e43a0f72f7,SOB_DEMANDA,SOB_DEMANDA,SOB_DEMANDA,True,True,0.7729411141892593,0.14298318144364633,0.07893316110299238,0.7729411141892593,0.005142543264101988,,
classification__tfidf__none__logistic_regression,classification,tfidf,,logistic_regression,3,DEV-LOCAL-V1-000454,b279c31be2733aded474df3c1f63896014b297664a1eeb61e87755e43a0f72f7,SOB_DEMANDA,SOB_DEMANDA,SOB_DEMANDA,True,True,0.8109611940199224,0.1313625356015449,0.051734859256098484,0.8109611940199224,0.0059414111224341815,,
classification__tfidf__none__logistic_regression,classification,tfidf,,logistic_regression,3,DEV-LOCAL-V1-000455,b279c31be2733aded474df3c1f63896014b297664a1eeb61e87755e43a0f72f7,SOB_DEMANDA,SOB_DEMANDA,SOB_DEMANDA,True,True,0.7792358249405484,0.09736863201495827,0.047567598652102874,0.7792358249405484,0.0758279443923905,,
classification__tfidf__none__logistic_regression,classification,tfidf,,logistic_regression,3,DEV-LOCAL-V1-000001,999fd4b36077db420c882949ef9bf8db65a9dc1ccfe032482ded33760c896257,OBRA,TRIAGEM_MANUAL,OBRA,False,False,0.7933967912398766,0.7933967912398766,0.1965649070655229,0.00028692440163442177,0.009751377292966094,,
classification__tfidf__none__logistic_regression,classification,tfidf,,logistic_regression,3,DEV-LOCAL-V1-000002,999fd4b36077db420c882949ef9bf8db65a9dc1ccfe032482ded33760c896257,OBRA,TRIAGEM_MANUAL,OBRA,False,False,0.6069674858860592,0.6069674858860592,0.34397130159219536,0.002454313263265834,0.04660689925847952,,
classification__tfidf__none__logistic_regression,classification,tfidf,,logistic_regression,3,DEV-LOCAL-V1-000003,999fd4b36077db420c882949ef9bf8db65a9dc1ccfe032482ded33760c896257,OBRA,TRIAGEM_MANUAL,OBRA,False,False,0.7527166082698544,0.7527166082698544,0.24367241941171794,0.00026799983322579836,0.003342972485201839,,
classification__tfidf__none__logistic_regression,classification,tfidf,,logistic_regression,3,DEV-LOCAL-V1-000004,999fd4b36077db420c882949ef9bf8db65a9dc1ccfe032482ded33760c896257,OBRA,TRIAGEM_MANUAL,OBRA,False,False,0.7864340203822829,0.7864340203822829,0.209357633234629,0.0002683195180842291,0.0039400268650037545,,
classification__tfidf__none__logistic_regression,classification,tfidf,,logistic_regression,3,DEV-LOCAL-V1-000005,999fd4b36077db420c882949ef9bf8db65a9dc1ccfe032482ded33760c896257,OBRA,TRIAGEM_MANUAL,OBRA,False,False,0.827215884473013,0.827215884473013,0.1322105791590911,0.0003293395288829509,0.04024419683901278,,
classification__tfidf__none__logistic_regression,classification,tfidf,,logistic_regression,3,DEV-LOCAL-V1-000171,78df5350f26cd4763ae2175d4afd59842562b058fd204e10a33e96b4ab20f775,DEMO,TRIAGEM_MANUAL,DEMO,False,False,0.4364436616119067,0.0029317835665065373,0.4364436616119067,0.23637771403552388,0.3242468407860629,,
classification__tfidf__none__logistic_regression,classification,tfidf,,logistic_regression,3,DEV-LOCAL-V1-000172,78df5350f26cd4763ae2175d4afd59842562b058fd204e10a33e96b4ab20f775,DEMO,SOB_DEMANDA,SOB_DEMANDA,True,False,0.7410878580045328,0.008683261397949579,0.009358230841123359,0.7410878580045328,0.24087064975639413,,
classification__tfidf__none__logistic_regression,classification,tfidf,,logistic_regression,3,DEV-LOCAL-V1-000173,78df5350f26cd4763ae2175d4afd59842562b058fd204e10a33e96b4ab20f775,DEMO,TRIAGEM_MANUAL,DEMO,False,False,0.568672211066018,0.003956633546283527,0.568672211066018,0.26335435492158654,0.16401680046611194,,
classification__tfidf__none__logistic_regression,classification,tfidf,,logistic_regression,3,DEV-LOCAL-V1-000174,78df5350f26cd4763ae2175d4afd59842562b058fd204e10a33e96b4ab20f775,DEMO,TRIAGEM_MANUAL,DEMO,False,False,0.4844709505773157,0.0025947966037031707,0.4844709505773157,0.2825816447764106,0.23035260804257052,,
classification__tfidf__none__logistic_regression,classification,tfidf,,logistic_regression,3,DEV-LOCAL-V1-000175,78df5350f26cd4763ae2175d4afd59842562b058fd204e10a33e96b4ab20f775,DEMO,TRIAGEM_MANUAL,TRIAGEM_MANUAL,False,False,0.6127975339442681,0.0020945725017222474,0.2591370149285855,0.12597087862542422,0.6127975339442681,,
classification__tfidf__none__logistic_regression,classification,tfidf,,logistic_regression,3,DEV-LOCAL-V1-000336,969eafff16339a6ed821eb4aa5b78b2d4d81c9c68af7bbcf43e0aa3c5c28ee77,SOB_DEMANDA,SOB_DEMANDA,SOB_DEMANDA,True,True,0.8725614918557616,0.009097508784803936,0.09093401271983657,0.8725614918557616,0.02740698663959794,,
classification__tfidf__none__logistic_regression,classification,tfidf,,logistic_regression,3,DEV-LOCAL-V1-000337,969eafff16339a6ed821eb4aa5b78b2d4d81c9c68af7bbcf43e0aa3c5c28ee77,SOB_DEMANDA,DEMO,DEMO,True,False,0.6499886199293581,0.03326036398390745,0.6499886199293581,0.2666859331809391,0.0500650829057954,,
classification__tfidf__none__logistic_regression,classification,tfidf,,logistic_regression,3,DEV-LOCAL-V1-000338,969eafff16339a6ed821eb4aa5b78b2d4d81c9c68af7bbcf43e0aa3c5c28ee77,SOB_DEMANDA,SOB_DEMANDA,SOB_DEMANDA,True,True,0.8510392852525216,0.012544330208261172,0.12701817537144197,0.8510392852525216,0.009398209167775392,,
classification__tfidf__none__logistic_regression,classification,tfidf,,logistic_regression,3,DEV-LOCAL-V1-000339,969eafff16339a6ed821eb4aa5b78b2d4d81c9c68af7bbcf43e0aa3c5c28ee77,SOB_DEMANDA,SOB_DEMANDA,SOB_DEMANDA,True,True,0.8856229205853295,0.010308295888046328,0.09229166492036098,0.8856229205853295,0.01177711860626323,,
classification__tfidf__none__logistic_regression,classification,tfidf,,logistic_regression,3,DEV-LOCAL-V1-000340,969eafff16339a6ed821eb4aa5b78b2d4d81c9c68af7bbcf43e0aa3c5c28ee77,SOB_DEMANDA,SOB_DEMANDA,SOB_DEMANDA,True,True,0.8138703215650412,0.008420416812632442,0.06662956481315825,0.8138703215650412,0.11107969680916813,,
classification__tfidf__none__logistic_regression,classification,tfidf,,logistic_regression,3,DEV-LOCAL-V1-000291,900239935e5766f9310f725a6a5d435e13255be422e584c842820f7266297385,DEMO,TRIAGEM_MANUAL,DEMO,False,False,0.5125439474248092,0.486411020948466,0.5125439474248092,0.000630342205132438,0.0004146894215924409,,
classification__tfidf__none__logistic_regression,classification,tfidf,,logistic_regression,3,DEV-LOCAL-V1-000292,900239935e5766f9310f725a6a5d435e13255be422e584c842820f7266297385,DEMO,TRIAGEM_MANUAL,OBRA,False,False,0.5613596864655799,0.5613596864655799,0.4372844390285655,0.001226269057519625,0.00012960544833501053,,
classification__tfidf__none__logistic_regression,classification,tfidf,,logistic_regression,3,DEV-LOCAL-V1-000293,900239935e5766f9310f725a6a5d435e13255be422e584c842820f7266297385,DEMO,TRIAGEM_MANUAL,DEMO,False,False,0.5056588683448645,0.49354975416572777,0.5056588683448645,0.0006582450688668051,0.00013313242054095953,,
classification__tfidf__none__logistic_regression,classification,tfidf,,logistic_regression,3,DEV-LOCAL-V1-000294,900239935e5766f9310f725a6a5d435e13255be422e584c842820f7266297385,DEMO,TRIAGEM_MANUAL,OBRA,False,False,0.5013873975282863,0.5013873975282863,0.49782239208610385,0.000707782283239059,8.242810237077572e-05,,
classification__tfidf__none__logistic_regression,classification,tfidf,,logistic_regression,3,DEV-LOCAL-V1-000295,900239935e5766f9310f725a6a5d435e13255be422e584c842820f7266297385,DEMO,TRIAGEM_MANUAL,DEMO,False,False,0.5079926672392803,0.48930417133211496,0.5079926672392803,0.0006307194597081223,0.0020724419688966434,,
classification__tfidf__none__logistic_regression,classification,tfidf,,logistic_regression,3,DEV-LOCAL-V1-000376,d0172b983ff90b9de81be5c170d93215ea8b890e882a40d9ed46169577e7959e,SOB_DEMANDA,SOB_DEMANDA,SOB_DEMANDA,True,True,0.9399853817609807,0.023459863639893185,0.016553195912473857,0.9399853817609807,0.020001558686652272,,
classification__tfidf__none__logistic_regression,classification,tfidf,,logistic_regression,3,DEV-LOCAL-V1-000377,d0172b983ff90b9de81be5c170d93215ea8b890e882a40d9ed46169577e7959e,SOB_DEMANDA,TRIAGEM_MANUAL,OBRA,False,False,0.7942511674863721,0.7942511674863721,0.059222170191327396,0.09490409909060384,0.051622563231696665,,
classification__tfidf__none__logistic_regression,classification,tfidf,,logistic_regression,3,DEV-LOCAL-V1-000378,d0172b983ff90b9de81be5c170d93215ea8b890e882a40d9ed46169577e7959e,SOB_DEMANDA,SOB_DEMANDA,SOB_DEMANDA,True,True,0.9324613895506848,0.03692448158200615,0.024266833307677,0.9324613895506848,0.0063472955596321195,,
classification__tfidf__none__logistic_regression,classification,tfidf,,logistic_regression,3,DEV-LOCAL-V1-000379,d0172b983ff90b9de81be5c170d93215ea8b890e882a40d9ed46169577e7959e,SOB_DEMANDA,SOB_DEMANDA,SOB_DEMANDA,True,True,0.9477800741540516,0.027882300520760902,0.01495437960291908,0.9477800741540516,0.00938324572226851,,
classification__tfidf__none__logistic_regression,classification,tfidf,,logistic_regression,3,DEV-LOCAL-V1-000380,d0172b983ff90b9de81be5c170d93215ea8b890e882a40d9ed46169577e7959e,SOB_DEMANDA,SOB_DEMANDA,SOB_DEMANDA,True,True,0.9030943574824887,0.019131676842461327,0.012378257417387595,0.9030943574824887,0.0653957082576623,,
classification__tfidf__none__logistic_regression,classification,tfidf,,logistic_regression,3,DEV-LOCAL-V1-000251,4d8228d884faf8c837fe7562faa38afa21f24094b0dc595743c265197325caad,DEMO,TRIAGEM_MANUAL,TRIAGEM_MANUAL,False,False,0.5027170448278464,0.024479375703701966,0.4667264657505007,0.006077113717951038,0.5027170448278464,,
classification__tfidf__none__logistic_regression,classification,tfidf,,logistic_regression,3,DEV-LOCAL-V1-000252,4d8228d884faf8c837fe7562faa38afa21f24094b0dc595743c265197325caad,DEMO,TRIAGEM_MANUAL,SOB_DEMANDA,False,False,0.5141136036445649,0.21615522140338425,0.014086188016956857,0.5141136036445649,0.255644986935094,,
classification__tfidf__none__logistic_regression,classification,tfidf,,logistic_regression,3,DEV-LOCAL-V1-000253,4d8228d884faf8c837fe7562faa38afa21f24094b0dc595743c265197325caad,DEMO,TRIAGEM_MANUAL,DEMO,False,False,0.6014738699664034,0.0434863994583189,0.6014738699664034,0.005728400614194276,0.3493113299610835,,
classification__tfidf__none__logistic_regression,classification,tfidf,,logistic_regression,3,DEV-LOCAL-V1-000254,4d8228d884faf8c837fe7562faa38afa21f24094b0dc595743c265197325caad,DEMO,TRIAGEM_MANUAL,DEMO,False,False,0.5229239292810816,0.038399032547656656,0.5229239292810816,0.0061459494330249114,0.4325310887382369,,
classification__tfidf__none__logistic_regression,classification,tfidf,,logistic_regression,3,DEV-LOCAL-V1-000255,4d8228d884faf8c837fe7562faa38afa21f24094b0dc595743c265197325caad,DEMO,TRIAGEM_MANUAL,TRIAGEM_MANUAL,False,False,0.6672674406134732,0.018611606345833396,0.30931418958793727,0.004806763452756138,0.6672674406134732,,
classification__tfidf__none__logistic_regression,classification,tfidf,,logistic_regression,3,DEV-LOCAL-V1-000456,5e7337b0796e448a25524a6e6551150854e3fe21ac728b908205c801360847f5,SOB_DEMANDA,SOB_DEMANDA,SOB_DEMANDA,True,True,0.9569452915415245,0.013637742697983143,0.003773184205247278,0.9569452915415245,0.02564378155524513,,
classification__tfidf__none__logistic_regression,classification,tfidf,,logistic_regression,3,DEV-LOCAL-V1-000457,5e7337b0796e448a25524a6e6551150854e3fe21ac728b908205c801360847f5,SOB_DEMANDA,TRIAGEM_MANUAL,OBRA,False,False,0.7572235887318671,0.7572235887318671,0.027428074155849035,0.10429813279404611,0.11105020431823784,,
classification__tfidf__none__logistic_regression,classification,tfidf,,logistic_regression,3,DEV-LOCAL-V1-000458,5e7337b0796e448a25524a6e6551150854e3fe21ac728b908205c801360847f5,SOB_DEMANDA,SOB_DEMANDA,SOB_DEMANDA,True,True,0.9655280774610989,0.018535372997399664,0.005416917096149954,0.9655280774610989,0.01051963244535145,,
classification__tfidf__none__logistic_regression,classification,tfidf,,logistic_regression,3,DEV-LOCAL-V1-000459,5e7337b0796e448a25524a6e6551150854e3fe21ac728b908205c801360847f5,SOB_DEMANDA,SOB_DEMANDA,SOB_DEMANDA,True,True,0.9599698648440486,0.015986923037507903,0.004177721447981637,0.9599698648440486,0.01986549067046183,,
classification__tfidf__none__logistic_regression,classification,tfidf,,logistic_regression,3,DEV-LOCAL-V1-000460,5e7337b0796e448a25524a6e6551150854e3fe21ac728b908205c801360847f5,SOB_DEMANDA,SOB_DEMANDA,SOB_DEMANDA,True,True,0.9003889996032775,0.01050613961060747,0.002839767293557811,0.9003889996032775,0.08626509349255727,,
classification__tfidf__none__logistic_regression,classification,tfidf,,logistic_regression,3,DEV-LOCAL-V1-000301,694abb596378dbcb2740d9e96548d910f86d4f2df913a00fbe2e20a433cb0b1d,DEMO,DEMO,DEMO,True,True,0.7247779137282011,0.27098316322455795,0.7247779137282011,0.001283886193990932,0.0029550368532499454,,
classification__tfidf__none__logistic_regression,classification,tfidf,,logistic_regression,3,DEV-LOCAL-V1-000302,694abb596378dbcb2740d9e96548d910f86d4f2df913a00fbe2e20a433cb0b1d,DEMO,TRIAGEM_MANUAL,DEMO,False,False,0.6139291155418771,0.3848834645008724,0.6139291155418771,0.000777260566885558,0.0004101593903649256,,
classification__tfidf__none__logistic_regression,classification,tfidf,,logistic_regression,3,DEV-LOCAL-V1-000303,694abb596378dbcb2740d9e96548d910f86d4f2df913a00fbe2e20a433cb0b1d,DEMO,DEMO,DEMO,True,True,0.6627774284144113,0.33522971818621283,0.6627774284144113,0.0011007157623864224,0.0008921376369895487,,
classification__tfidf__none__logistic_regression,classification,tfidf,,logistic_regression,3,DEV-LOCAL-V1-000304,694abb596378dbcb2740d9e96548d910f86d4f2df913a00fbe2e20a433cb0b1d,DEMO,DEMO,DEMO,True,True,0.7290731771567921,0.2671337516838088,0.7290731771567921,0.002297174587549982,0.001495896571849177,,
classification__tfidf__none__logistic_regression,classification,tfidf,,logistic_regression,3,DEV-LOCAL-V1-000305,694abb596378dbcb2740d9e96548d910f86d4f2df913a00fbe2e20a433cb0b1d,DEMO,DEMO,DEMO,True,True,0.7748507367855588,0.20789392097661888,0.7748507367855588,0.0014844846615977513,0.015770857576224474,,
classification__tfidf__none__logistic_regression,classification,tfidf,,logistic_regression,3,DEV-LOCAL-V1-000391,73e89e1664ab439e608462112723e29e601389502e364ff5bf46c17f109490a2,SOB_DEMANDA,SOB_DEMANDA,SOB_DEMANDA,True,True,0.9670362705653908,0.0010982902113709386,0.011449731810878553,0.9670362705653908,0.020415707412359783,,
classification__tfidf__none__logistic_regression,classification,tfidf,,logistic_regression,3,DEV-LOCAL-V1-000392,73e89e1664ab439e608462112723e29e601389502e364ff5bf46c17f109490a2,SOB_DEMANDA,SOB_DEMANDA,SOB_DEMANDA,True,True,0.9567574152822923,0.0011844938548509782,0.017420015245062703,0.9567574152822923,0.024638075617794162,,
classification__tfidf__none__logistic_regression,classification,tfidf,,logistic_regression,3,DEV-LOCAL-V1-000393,73e89e1664ab439e608462112723e29e601389502e364ff5bf46c17f109490a2,SOB_DEMANDA,SOB_DEMANDA,SOB_DEMANDA,True,True,0.9737278976281464,0.0014325002846484226,0.015896241510048967,0.9737278976281464,0.008943360577156289,,
classification__tfidf__none__logistic_regression,classification,tfidf,,logistic_regression,3,DEV-LOCAL-V1-000394,73e89e1664ab439e608462112723e29e601389502e364ff5bf46c17f109490a2,SOB_DEMANDA,SOB_DEMANDA,SOB_DEMANDA,True,True,0.9777351900609141,0.0014294121409617181,0.01342892453822822,0.9777351900609141,0.007406473259895856,,
classification__tfidf__none__logistic_regression,classification,tfidf,,logistic_regression,3,DEV-LOCAL-V1-000395,73e89e1664ab439e608462112723e29e601389502e364ff5bf46c17f109490a2,SOB_DEMANDA,SOB_DEMANDA,SOB_DEMANDA,True,True,0.9187498936544463,0.0009811312200749258,0.007467008214432809,0.9187498936544463,0.07280196691104616,,
classification__tfidf__none__logistic_regression,classification,tfidf,,logistic_regression,3,DEV-LOCAL-V1-000446,15e64dfeb9588573ba870513c9f6b5fe3bc6c8bd834ca7a5b2ff32788f83b6dd,SOB_DEMANDA,SOB_DEMANDA,SOB_DEMANDA,True,True,0.8989851615167163,0.005223104824366524,0.09311264452071114,0.8989851615167163,0.0026790891382061184,,
classification__tfidf__none__logistic_regression,classification,tfidf,,logistic_regression,3,DEV-LOCAL-V1-000447,15e64dfeb9588573ba870513c9f6b5fe3bc6c8bd834ca7a5b2ff32788f83b6dd,SOB_DEMANDA,TRIAGEM_MANUAL,SOB_DEMANDA,False,False,0.5957550111992053,0.00820520486073221,0.3956479851372704,0.5957550111992053,0.00039179880279203554,,
classification__tfidf__none__logistic_regression,classification,tfidf,,logistic_regression,3,DEV-LOCAL-V1-000448,15e64dfeb9588573ba870513c9f6b5fe3bc6c8bd834ca7a5b2ff32788f83b6dd,SOB_DEMANDA,SOB_DEMANDA,SOB_DEMANDA,True,True,0.8709639161583947,0.006353349796186388,0.1215252386569138,0.8709639161583947,0.0011574953885050393,,
classification__tfidf__none__logistic_regression,classification,tfidf,,logistic_regression,3,DEV-LOCAL-V1-000449,15e64dfeb9588573ba870513c9f6b5fe3bc6c8bd834ca7a5b2ff32788f83b6dd,SOB_DEMANDA,SOB_DEMANDA,SOB_DEMANDA,True,True,0.8961491958996608,0.004463533409421698,0.09795907081132228,0.8961491958996608,0.001428199879595158,,
classification__tfidf__none__logistic_regression,classification,tfidf,,logistic_regression,3,DEV-LOCAL-V1-000450,15e64dfeb9588573ba870513c9f6b5fe3bc6c8bd834ca7a5b2ff32788f83b6dd,SOB_DEMANDA,SOB_DEMANDA,SOB_DEMANDA,True,True,0.9202168739940089,0.0044111291348928935,0.06406210950985804,0.9202168739940089,0.011309887361240084,,
classification__tfidf__none__logistic_regression,classification,tfidf,,logistic_regression,3,DEV-LOCAL-V1-000581,45cbeec448033c0724f7f261bb20e54920dcb948f54e425b82d2b856af95c4aa,TRIAGEM_MANUAL,TRIAGEM_MANUAL,TRIAGEM_MANUAL,False,False,0.8430247166632429,0.008573858105450284,0.1442683663731896,0.004133058858117119,0.8430247166632429,,
classification__tfidf__none__logistic_regression,classification,tfidf,,logistic_regression,3,DEV-LOCAL-V1-000582,45cbeec448033c0724f7f261bb20e54920dcb948f54e425b82d2b856af95c4aa,TRIAGEM_MANUAL,TRIAGEM_MANUAL,TRIAGEM_MANUAL,False,False,0.5860975691991979,0.028258155516308826,0.3832816046181955,0.002362670666297894,0.5860975691991979,,
classification__tfidf__none__logistic_regression,classification,tfidf,,logistic_regression,3,DEV-LOCAL-V1-000583,45cbeec448033c0724f7f261bb20e54920dcb948f54e425b82d2b856af95c4aa,TRIAGEM_MANUAL,TRIAGEM_MANUAL,TRIAGEM_MANUAL,False,False,0.7580853013010069,0.013503380870610177,0.2239608638053674,0.004450454023015408,0.7580853013010069,,
classification__tfidf__none__logistic_regression,classification,tfidf,,logistic_regression,3,DEV-LOCAL-V1-000584,45cbeec448033c0724f7f261bb20e54920dcb948f54e425b82d2b856af95c4aa,TRIAGEM_MANUAL,TRIAGEM_MANUAL,TRIAGEM_MANUAL,False,False,0.7622198682711057,0.017152737307792237,0.21469159919896091,0.005935795222141173,0.7622198682711057,,
classification__tfidf__none__logistic_regression,classification,tfidf,,logistic_regression,3,DEV-LOCAL-V1-000585,45cbeec448033c0724f7f261bb20e54920dcb948f54e425b82d2b856af95c4aa,TRIAGEM_MANUAL,TRIAGEM_MANUAL,TRIAGEM_MANUAL,False,False,0.9044588248072866,0.008171142220531948,0.0836757993968749,0.0036942335753066243,0.9044588248072866,,
classification__tfidf__none__logistic_regression,classification,tfidf,,logistic_regression,3,DEV-LOCAL-V1-000431,ee7fd169a18042f5d3f3ddbae2689ab7cdf23db410dd9fb9813eeadcab7b333a,SOB_DEMANDA,SOB_DEMANDA,SOB_DEMANDA,True,True,0.7687438812951587,0.00031161345599763757,0.009899240930058102,0.7687438812951587,0.2210452643187855,,
classification__tfidf__none__logistic_regression,classification,tfidf,,logistic_regression,3,DEV-LOCAL-V1-000432,ee7fd169a18042f5d3f3ddbae2689ab7cdf23db410dd9fb9813eeadcab7b333a,SOB_DEMANDA,TRIAGEM_MANUAL,TRIAGEM_MANUAL,False,False,0.7783716281936688,0.00037305720683108887,0.024177834042157283,0.19707748055734287,0.7783716281936688,,
classification__tfidf__none__logistic_regression,classification,tfidf,,logistic_regression,3,DEV-LOCAL-V1-000433,ee7fd169a18042f5d3f3ddbae2689ab7cdf23db410dd9fb9813eeadcab7b333a,SOB_DEMANDA,SOB_DEMANDA,SOB_DEMANDA,True,True,0.8553022342828082,0.0004099498625624137,0.014706687765087023,0.8553022342828082,0.12958112808954247,,
classification__tfidf__none__logistic_regression,classification,tfidf,,logistic_regression,3,DEV-LOCAL-V1-000434,ee7fd169a18042f5d3f3ddbae2689ab7cdf23db410dd9fb9813eeadcab7b333a,SOB_DEMANDA,SOB_DEMANDA,SOB_DEMANDA,True,True,0.8915817370335392,0.0005602186577374415,0.01353237867808239,0.8915817370335392,0.09432566563064103,,
classification__tfidf__none__logistic_regression,classification,tfidf,,logistic_regression,3,DEV-LOCAL-V1-000435,ee7fd169a18042f5d3f3ddbae2689ab7cdf23db410dd9fb9813eeadcab7b333a,SOB_DEMANDA,TRIAGEM_MANUAL,SOB_DEMANDA,False,False,0.6247382413734571,0.0002813544533988238,0.0063311057415684985,0.6247382413734571,0.3686492984315755,,
classification__tfidf__none__logistic_regression,classification,tfidf,,logistic_regression,3,DEV-LOCAL-V1-000221,ec461a519e1316fbb84f105cf3cec7371189c18e78df708e5de4884c984ac43a,DEMO,TRIAGEM_MANUAL,TRIAGEM_MANUAL,False,False,0.5456442336364896,0.02901971910550811,0.42408094376016486,0.0012551034978373846,0.5456442336364896,,
classification__tfidf__none__logistic_regression,classification,tfidf,,logistic_regression,3,DEV-LOCAL-V1-000222,ec461a519e1316fbb84f105cf3cec7371189c18e78df708e5de4884c984ac43a,DEMO,TRIAGEM_MANUAL,TRIAGEM_MANUAL,False,False,0.6480009709831531,0.07240273171386795,0.27787952578214425,0.0017167715208347143,0.6480009709831531,,
classification__tfidf__none__logistic_regression,classification,tfidf,,logistic_regression,3,DEV-LOCAL-V1-000223,ec461a519e1316fbb84f105cf3cec7371189c18e78df708e5de4884c984ac43a,DEMO,TRIAGEM_MANUAL,DEMO,False,False,0.5685715346306521,0.04548733578860486,0.5685715346306521,0.0015980848653452315,0.38434304471539776,,
classification__tfidf__none__logistic_regression,classification,tfidf,,logistic_regression,3,DEV-LOCAL-V1-000224,ec461a519e1316fbb84f105cf3cec7371189c18e78df708e5de4884c984ac43a,DEMO,TRIAGEM_MANUAL,DEMO,False,False,0.49930270256143455,0.04386299449863312,0.49930270256143455,0.0018105337742742673,0.4550237691656581,,
classification__tfidf__none__logistic_regression,classification,tfidf,,logistic_regression,3,DEV-LOCAL-V1-000225,ec461a519e1316fbb84f105cf3cec7371189c18e78df708e5de4884c984ac43a,DEMO,TRIAGEM_MANUAL,TRIAGEM_MANUAL,False,False,0.7208519959068406,0.02152193861145915,0.2563681760337092,0.0012578894479909916,0.7208519959068406,,
classification__tfidf__none__logistic_regression,classification,tfidf,,logistic_regression,3,DEV-LOCAL-V1-000191,7ede77cdf88b10a6bb856cad0bde3faf3e917121ae4f2ef50d9900330460f5e4,DEMO,DEMO,DEMO,True,True,0.7484051377684324,0.0036897583319209616,0.7484051377684324,0.0012950812337079644,0.24661002266593876,,
classification__tfidf__none__logistic_regression,classification,tfidf,,logistic_regression,3,DEV-LOCAL-V1-000192,7ede77cdf88b10a6bb856cad0bde3faf3e917121ae4f2ef50d9900330460f5e4,DEMO,TRIAGEM_MANUAL,TRIAGEM_MANUAL,False,False,0.6992653380887963,0.03323428681088816,0.26148546937542716,0.0060149057248882936,0.6992653380887963,,
classification__tfidf__none__logistic_regression,classification,tfidf,,logistic_regression,3,DEV-LOCAL-V1-000193,7ede77cdf88b10a6bb856cad0bde3faf3e917121ae4f2ef50d9900330460f5e4,DEMO,DEMO,DEMO,True,True,0.8296413538191393,0.0066990310741234516,0.8296413538191393,0.0012284873654090133,0.16243112774132834,,
classification__tfidf__none__logistic_regression,classification,tfidf,,logistic_regression,3,DEV-LOCAL-V1-000194,7ede77cdf88b10a6bb856cad0bde3faf3e917121ae4f2ef50d9900330460f5e4,DEMO,DEMO,DEMO,True,True,0.8983698725092912,0.009783018021595154,0.8983698725092912,0.0019712294183824195,0.08987588005073119,,
classification__tfidf__none__logistic_regression,classification,tfidf,,logistic_regression,3,DEV-LOCAL-V1-000195,7ede77cdf88b10a6bb856cad0bde3faf3e917121ae4f2ef50d9900330460f5e4,DEMO,TRIAGEM_MANUAL,DEMO,False,False,0.6004588200572116,0.0031445463157092303,0.6004588200572116,0.0012420223937886444,0.3951546112332905,,
classification__tfidf__none__logistic_regression,classification,tfidf,,logistic_regression,3,DEV-LOCAL-V1-000026,c6b88c9bfd2a92a63f7c12b896eab80ac8f0959b241481219be39dfbb8a6dea6,OBRA,OBRA,OBRA,True,True,0.9503956255427269,0.9503956255427269,0.004138200094947994,0.002096814428398361,0.04336935993392685,,
classification__tfidf__none__logistic_regression,classification,tfidf,,logistic_regression,3,DEV-LOCAL-V1-000027,c6b88c9bfd2a92a63f7c12b896eab80ac8f0959b241481219be39dfbb8a6dea6,OBRA,OBRA,OBRA,True,True,0.9537272346793496,0.9537272346793496,0.0024069673334103907,0.015963883739837283,0.027901914247402786,,
classification__tfidf__none__logistic_regression,classification,tfidf,,logistic_regression,3,DEV-LOCAL-V1-000028,c6b88c9bfd2a92a63f7c12b896eab80ac8f0959b241481219be39dfbb8a6dea6,OBRA,OBRA,OBRA,True,True,0.9747324610631521,0.9747324610631521,0.006051503276830499,0.002181254138376978,0.017034781521640303,,
classification__tfidf__none__logistic_regression,classification,tfidf,,logistic_regression,3,DEV-LOCAL-V1-000029,c6b88c9bfd2a92a63f7c12b896eab80ac8f0959b241481219be39dfbb8a6dea6,OBRA,OBRA,OBRA,True,True,0.9817221685248235,0.9817221685248235,0.0043047020205812195,0.003034536640319013,0.01093859281427616,,
classification__tfidf__none__logistic_regression,classification,tfidf,,logistic_regression,3,DEV-LOCAL-V1-000030,c6b88c9bfd2a92a63f7c12b896eab80ac8f0959b241481219be39dfbb8a6dea6,OBRA,TRIAGEM_MANUAL,OBRA,False,False,0.8663415429814099,0.8663415429814099,0.0030273938718060754,0.0017102515379250822,0.12892081160885885,,
classification__tfidf__none__logistic_regression,classification,tfidf,,logistic_regression,3,DEV-LOCAL-V1-000351,89f8db83fc9c1f61a8af218f66d6b9b110a44c1b49825f91a28e821ead976270,SOB_DEMANDA,SOB_DEMANDA,SOB_DEMANDA,True,True,0.8623777078049834,0.005024279945467111,0.08778348197065958,0.8623777078049834,0.04481453027888996,,
classification__tfidf__none__logistic_regression,classification,tfidf,,logistic_regression,3,DEV-LOCAL-V1-000352,89f8db83fc9c1f61a8af218f66d6b9b110a44c1b49825f91a28e821ead976270,SOB_DEMANDA,DEMO,DEMO,True,False,0.6842645708658488,0.00153529632433848,0.6842645708658488,0.06843810865830148,0.24576202415151135,,
classification__tfidf__none__logistic_regression,classification,tfidf,,logistic_regression,3,DEV-LOCAL-V1-000353,89f8db83fc9c1f61a8af218f66d6b9b110a44c1b49825f91a28e821ead976270,SOB_DEMANDA,SOB_DEMANDA,SOB_DEMANDA,True,True,0.8482159675159303,0.0068465852829389644,0.12732743860327195,0.8482159675159303,0.01761000859785879,,
classification__tfidf__none__logistic_regression,classification,tfidf,,logistic_regression,3,DEV-LOCAL-V1-000354,89f8db83fc9c1f61a8af218f66d6b9b110a44c1b49825f91a28e821ead976270,SOB_DEMANDA,SOB_DEMANDA,SOB_DEMANDA,True,True,0.8831358663417151,0.005078031793185931,0.08961604110930453,0.8831358663417151,0.022170060755794304,,
classification__tfidf__none__logistic_regression,classification,tfidf,,logistic_regression,3,DEV-LOCAL-V1-000355,89f8db83fc9c1f61a8af218f66d6b9b110a44c1b49825f91a28e821ead976270,SOB_DEMANDA,SOB_DEMANDA,SOB_DEMANDA,True,True,0.7578385691495413,0.0046211561396040405,0.06057159891804145,0.7578385691495413,0.17696867579281314,,
classification__tfidf__none__logistic_regression,classification,tfidf,,logistic_regression,3,DEV-LOCAL-V1-000121,39083e466671387bd8139296daacee71d1bccc6b3a7f246845fa0e4c4cebfce4,OBRA,TRIAGEM_MANUAL,OBRA,False,False,0.8423212355882527,0.8423212355882527,0.04113490527342548,0.11139715578305033,0.005146703355271517,,
classification__tfidf__none__logistic_regression,classification,tfidf,,logistic_regression,3,DEV-LOCAL-V1-000122,39083e466671387bd8139296daacee71d1bccc6b3a7f246845fa0e4c4cebfce4,OBRA,TRIAGEM_MANUAL,SOB_DEMANDA,False,False,0.5860989913620108,0.05557771548221028,0.35799082504548774,0.5860989913620108,0.00033246811029128385,,
classification__tfidf__none__logistic_regression,classification,tfidf,,logistic_regression,3,DEV-LOCAL-V1-000123,39083e466671387bd8139296daacee71d1bccc6b3a7f246845fa0e4c4cebfce4,OBRA,TRIAGEM_MANUAL,OBRA,False,False,0.835883419933252,0.835883419933252,0.05496057267046552,0.10756667418485226,0.0015893332114301842,,
classification__tfidf__none__logistic_regression,classification,tfidf,,logistic_regression,3,DEV-LOCAL-V1-000124,39083e466671387bd8139296daacee71d1bccc6b3a7f246845fa0e4c4cebfce4,OBRA,TRIAGEM_MANUAL,OBRA,False,False,0.8330191824737364,0.8330191824737364,0.0335619651563783,0.131622865090132,0.0017959872797532297,,
classification__tfidf__none__logistic_regression,classification,tfidf,,logistic_regression,3,DEV-LOCAL-V1-000125,39083e466671387bd8139296daacee71d1bccc6b3a7f246845fa0e4c4cebfce4,OBRA,TRIAGEM_MANUAL,OBRA,False,False,0.8450522048620405,0.8450522048620405,0.030050540889959267,0.09096406138565956,0.03393319286234085,,
classification__tfidf__none__logistic_regression,classification,tfidf,,logistic_regression,3,DEV-LOCAL-V1-000231,1e5ea75b46a31ac0c395c628730f733d84fb732a0a362953ac057422bc0aa419,DEMO,DEMO,DEMO,True,True,0.9208962614270693,0.006201966731200948,0.9208962614270693,0.03865673046445211,0.03424504137727777,,
classification__tfidf__none__logistic_regression,classification,tfidf,,logistic_regression,3,DEV-LOCAL-V1-000232,1e5ea75b46a31ac0c395c628730f733d84fb732a0a362953ac057422bc0aa419,DEMO,TRIAGEM_MANUAL,DEMO,False,False,0.5274421132417257,0.011097367327171426,0.5274421132417257,0.4222613208107658,0.03919919862033708,,
classification__tfidf__none__logistic_regression,classification,tfidf,,logistic_regression,3,DEV-LOCAL-V1-000233,1e5ea75b46a31ac0c395c628730f733d84fb732a0a362953ac057422bc0aa419,DEMO,DEMO,DEMO,True,True,0.9376499047637906,0.008719316287848193,0.9376499047637906,0.04106775695231672,0.012563021996044529,,
classification__tfidf__none__logistic_regression,classification,tfidf,,logistic_regression,3,DEV-LOCAL-V1-000234,1e5ea75b46a31ac0c395c628730f733d84fb732a0a362953ac057422bc0aa419,DEMO,DEMO,DEMO,True,True,0.9210268288549177,0.010139150380273616,0.9210268288549177,0.06134724850732287,0.007486772257485714,,
classification__tfidf__none__logistic_regression,classification,tfidf,,logistic_regression,3,DEV-LOCAL-V1-000235,1e5ea75b46a31ac0c395c628730f733d84fb732a0a362953ac057422bc0aa419,DEMO,DEMO,DEMO,True,True,0.8467541615341545,0.005407256524284961,0.8467541615341545,0.027695772471367543,0.12014280947019294,,
classification__tfidf__none__logistic_regression,classification,tfidf,,logistic_regression,3,DEV-LOCAL-V1-000256,114c8bc9569ac774a419e1e8de4531e835510fc513654d0fb33c55525ee71ffb,DEMO,DEMO,DEMO,True,True,0.884565706152118,0.00561053183883302,0.884565706152118,0.011875727987089106,0.09794803402195977,,
classification__tfidf__none__logistic_regression,classification,tfidf,,logistic_regression,3,DEV-LOCAL-V1-000257,114c8bc9569ac774a419e1e8de4531e835510fc513654d0fb33c55525ee71ffb,DEMO,DEMO,DEMO,True,True,0.9371027351826978,0.019236680304702956,0.9371027351826978,0.017568688107941346,0.026091896404657977,,
classification__tfidf__none__logistic_regression,classification,tfidf,,logistic_regression,3,DEV-LOCAL-V1-000258,114c8bc9569ac774a419e1e8de4531e835510fc513654d0fb33c55525ee71ffb,DEMO,DEMO,DEMO,True,True,0.9390960242603879,0.008537599621129285,0.9390960242603879,0.013361491806891362,0.039004884311591624,,
classification__tfidf__none__logistic_regression,classification,tfidf,,logistic_regression,3,DEV-LOCAL-V1-000259,114c8bc9569ac774a419e1e8de4531e835510fc513654d0fb33c55525ee71ffb,DEMO,DEMO,DEMO,True,True,0.9277106766815215,0.007211397785678965,0.9277106766815215,0.011502007004687996,0.05357591852811157,,
classification__tfidf__none__logistic_regression,classification,tfidf,,logistic_regression,3,DEV-LOCAL-V1-000260,114c8bc9569ac774a419e1e8de4531e835510fc513654d0fb33c55525ee71ffb,DEMO,DEMO,DEMO,True,True,0.7323539048008169,0.005034747690995292,0.7323539048008169,0.008059619367970948,0.2545517281402169,,
classification__tfidf__none__logistic_regression,classification,tfidf,,logistic_regression,3,DEV-LOCAL-V1-000296,5ba578e86be8b8155f1e77800bda7133f48d764a2812a32e919a642ab219f90c,DEMO,TRIAGEM_MANUAL,OBRA,False,False,0.7519404922407605,0.7519404922407605,0.1298799402445736,0.01794123648042498,0.10023833103424087,,
classification__tfidf__none__logistic_regression,classification,tfidf,,logistic_regression,3,DEV-LOCAL-V1-000297,5ba578e86be8b8155f1e77800bda7133f48d764a2812a32e919a642ab219f90c,DEMO,TRIAGEM_MANUAL,OBRA,False,False,0.839032144046711,0.839032144046711,0.025008741802796528,0.0028835730915200684,0.1330755410589724,,
classification__tfidf__none__logistic_regression,classification,tfidf,,logistic_regression,3,DEV-LOCAL-V1-000298,5ba578e86be8b8155f1e77800bda7133f48d764a2812a32e919a642ab219f90c,DEMO,TRIAGEM_MANUAL,OBRA,False,False,0.7966519536092679,0.7966519536092679,0.15484253901334905,0.017222911856908222,0.03128259552047496,,
classification__tfidf__none__logistic_regression,classification,tfidf,,logistic_regression,3,DEV-LOCAL-V1-000299,5ba578e86be8b8155f1e77800bda7133f48d764a2812a32e919a642ab219f90c,DEMO,TRIAGEM_MANUAL,OBRA,False,False,0.8561580263939839,0.8561580263939839,0.09257376496209435,0.019013437962054028,0.03225477068186783,,
classification__tfidf__none__logistic_regression,classification,tfidf,,logistic_regression,3,DEV-LOCAL-V1-000300,5ba578e86be8b8155f1e77800bda7133f48d764a2812a32e919a642ab219f90c,DEMO,TRIAGEM_MANUAL,OBRA,False,False,0.5936190527195773,0.5936190527195773,0.07733343282410914,0.01824639582552864,0.3108011186307849,,
classification__tfidf__none__logistic_regression,classification,tfidf,,logistic_regression,4,DEV-LOCAL-V1-000086,d177efae0184a38f04114500b2eb281e155ccf0cb1732e8aa78138987c40effb,OBRA,TRIAGEM_MANUAL,OBRA,False,False,0.627793198621456,0.627793198621456,0.3088343584785825,0.059554794573951984,0.0038176483260096068,,
classification__tfidf__none__logistic_regression,classification,tfidf,,logistic_regression,4,DEV-LOCAL-V1-000087,d177efae0184a38f04114500b2eb281e155ccf0cb1732e8aa78138987c40effb,OBRA,TRIAGEM_MANUAL,SOB_DEMANDA,False,False,0.4608489537646138,0.3349915429166898,0.1998720146650609,0.4608489537646138,0.004287488653635445,,
classification__tfidf__none__logistic_regression,classification,tfidf,,logistic_regression,4,DEV-LOCAL-V1-000088,d177efae0184a38f04114500b2eb281e155ccf0cb1732e8aa78138987c40effb,OBRA,TRIAGEM_MANUAL,OBRA,False,False,0.6689618843863315,0.6689618843863315,0.2889583201574075,0.039312442891658375,0.002767352564602388,,
classification__tfidf__none__logistic_regression,classification,tfidf,,logistic_regression,4,DEV-LOCAL-V1-000089,d177efae0184a38f04114500b2eb281e155ccf0cb1732e8aa78138987c40effb,OBRA,TRIAGEM_MANUAL,OBRA,False,False,0.6654779773281907,0.6654779773281907,0.2966800088872469,0.03482720353088237,0.003014810253680209,,
classification__tfidf__none__logistic_regression,classification,tfidf,,logistic_regression,4,DEV-LOCAL-V1-000090,d177efae0184a38f04114500b2eb281e155ccf0cb1732e8aa78138987c40effb,OBRA,TRIAGEM_MANUAL,OBRA,False,False,0.6781229763040161,0.6781229763040161,0.2645600143468192,0.04327193572208308,0.014045073627081616,,
classification__tfidf__none__logistic_regression,classification,tfidf,,logistic_regression,4,DEV-LOCAL-V1-000051,2cf68ff7071eaf3b28316c7cad0b45421543bfb09ee1d411199669558ccdc664,OBRA,DEMO,DEMO,True,False,0.7634113066075577,0.17233542113446382,0.7634113066075577,0.05344367698225283,0.010809595275725505,,
classification__tfidf__none__logistic_regression,classification,tfidf,,logistic_regression,4,DEV-LOCAL-V1-000052,2cf68ff7071eaf3b28316c7cad0b45421543bfb09ee1d411199669558ccdc664,OBRA,DEMO,DEMO,True,False,0.9171815566714084,0.0037526667499851144,0.9171815566714084,0.06441615669535806,0.014649619883248519,,
classification__tfidf__none__logistic_regression,classification,tfidf,,logistic_regression,4,DEV-LOCAL-V1-000053,2cf68ff7071eaf3b28316c7cad0b45421543bfb09ee1d411199669558ccdc664,OBRA,DEMO,DEMO,True,False,0.746850738912583,0.21282698013483145,0.746850738912583,0.031523598824229206,0.008798682128356296,,
classification__tfidf__none__logistic_regression,classification,tfidf,,logistic_regression,4,DEV-LOCAL-V1-000054,2cf68ff7071eaf3b28316c7cad0b45421543bfb09ee1d411199669558ccdc664,OBRA,DEMO,DEMO,True,False,0.698845091505702,0.25542959909141505,0.698845091505702,0.03842687611026056,0.007298433292622475,,
classification__tfidf__none__logistic_regression,classification,tfidf,,logistic_regression,4,DEV-LOCAL-V1-000055,2cf68ff7071eaf3b28316c7cad0b45421543bfb09ee1d411199669558ccdc664,OBRA,DEMO,DEMO,True,False,0.723774915824379,0.20173464888096385,0.723774915824379,0.0435357403251143,0.030954694969542874,,
classification__tfidf__none__logistic_regression,classification,tfidf,,logistic_regression,4,DEV-LOCAL-V1-000506,908419568f18471380c0e492fec19bb177e3b2c7fbb223222f4c348c3bb7c788,TRIAGEM_MANUAL,TRIAGEM_MANUAL,TRIAGEM_MANUAL,False,False,0.787550307783666,0.00048827914013199264,0.13471095227446914,0.07725046080173285,0.787550307783666,,
classification__tfidf__none__logistic_regression,classification,tfidf,,logistic_regression,4,DEV-LOCAL-V1-000507,908419568f18471380c0e492fec19bb177e3b2c7fbb223222f4c348c3bb7c788,TRIAGEM_MANUAL,TRIAGEM_MANUAL,DEMO,False,False,0.4089725611737712,0.005538906055169375,0.4089725611737712,0.27405576571783513,0.3114327670532244,,
classification__tfidf__none__logistic_regression,classification,tfidf,,logistic_regression,4,DEV-LOCAL-V1-000508,908419568f18471380c0e492fec19bb177e3b2c7fbb223222f4c348c3bb7c788,TRIAGEM_MANUAL,TRIAGEM_MANUAL,TRIAGEM_MANUAL,False,False,0.48791462715692757,0.0012866107626622772,0.393680830097933,0.11711793198247712,0.48791462715692757,,
classification__tfidf__none__logistic_regression,classification,tfidf,,logistic_regression,4,DEV-LOCAL-V1-000509,908419568f18471380c0e492fec19bb177e3b2c7fbb223222f4c348c3bb7c788,TRIAGEM_MANUAL,TRIAGEM_MANUAL,TRIAGEM_MANUAL,False,False,0.5422572737133787,0.0014581593889529275,0.3217112504939802,0.13457331640368828,0.5422572737133787,,
classification__tfidf__none__logistic_regression,classification,tfidf,,logistic_regression,4,DEV-LOCAL-V1-000510,908419568f18471380c0e492fec19bb177e3b2c7fbb223222f4c348c3bb7c788,TRIAGEM_MANUAL,TRIAGEM_MANUAL,TRIAGEM_MANUAL,False,False,0.7417075334194115,0.0013856362792797705,0.1804927685385744,0.07641406176273431,0.7417075334194115,,
classification__tfidf__none__logistic_regression,classification,tfidf,,logistic_regression,4,DEV-LOCAL-V1-000096,3abc6aa9018480036738b1d5050a2977cf5ed99ed7f29d1fc9aff62d90d0dbb0,OBRA,TRIAGEM_MANUAL,OBRA,False,False,0.7572914003723225,0.7572914003723225,0.039730522946800254,0.20160246533920936,0.0013756113416680048,,
classification__tfidf__none__logistic_regression,classification,tfidf,,logistic_regression,4,DEV-LOCAL-V1-000097,3abc6aa9018480036738b1d5050a2977cf5ed99ed7f29d1fc9aff62d90d0dbb0,OBRA,TRIAGEM_MANUAL,SOB_DEMANDA,False,False,0.5166313773815493,0.3489415563064992,0.13203285004120716,0.5166313773815493,0.0023942162707443755,,
classification__tfidf__none__logistic_regression,classification,tfidf,,logistic_regression,4,DEV-LOCAL-V1-000098,3abc6aa9018480036738b1d5050a2977cf5ed99ed7f29d1fc9aff62d90d0dbb0,OBRA,TRIAGEM_MANUAL,OBRA,False,False,0.7956141756854332,0.7956141756854332,0.04828716541308015,0.15501407788801164,0.0010845810134749126,,
classification__tfidf__none__logistic_regression,classification,tfidf,,logistic_regression,4,DEV-LOCAL-V1-000099,3abc6aa9018480036738b1d5050a2977cf5ed99ed7f29d1fc9aff62d90d0dbb0,OBRA,TRIAGEM_MANUAL,OBRA,False,False,0.7334310099549292,0.7334310099549292,0.03326860023146493,0.23259579698317254,0.0007045928304334242,,
classification__tfidf__none__logistic_regression,classification,tfidf,,logistic_regression,4,DEV-LOCAL-V1-000100,3abc6aa9018480036738b1d5050a2977cf5ed99ed7f29d1fc9aff62d90d0dbb0,OBRA,TRIAGEM_MANUAL,OBRA,False,False,0.8368514077852816,0.8368514077852816,0.03176014228178014,0.12674867985375957,0.00463977007917865,,
classification__tfidf__none__logistic_regression,classification,tfidf,,logistic_regression,4,DEV-LOCAL-V1-000016,f48c1a3d11b9bc15f5354d0ca6a51adff284b41fdb503000b55f35813bfa32a8,OBRA,TRIAGEM_MANUAL,OBRA,False,False,0.7717731790221881,0.7717731790221881,0.2007671446089051,0.025505681022939562,0.001953995345967198,,
classification__tfidf__none__logistic_regression,classification,tfidf,,logistic_regression,4,DEV-LOCAL-V1-000017,f48c1a3d11b9bc15f5354d0ca6a51adff284b41fdb503000b55f35813bfa32a8,OBRA,TRIAGEM_MANUAL,OBRA,False,False,0.6249043137682455,0.6249043137682455,0.19855025750208014,0.17135728579617554,0.005188142933498766,,
classification__tfidf__none__logistic_regression,classification,tfidf,,logistic_regression,4,DEV-LOCAL-V1-000018,f48c1a3d11b9bc15f5354d0ca6a51adff284b41fdb503000b55f35813bfa32a8,OBRA,TRIAGEM_MANUAL,OBRA,False,False,0.7557027544365378,0.7557027544365378,0.22589312191249922,0.016979267612610423,0.0014248560383525626,,
classification__tfidf__none__logistic_regression,classification,tfidf,,logistic_regression,4,DEV-LOCAL-V1-000019,f48c1a3d11b9bc15f5354d0ca6a51adff284b41fdb503000b55f35813bfa32a8,OBRA,TRIAGEM_MANUAL,OBRA,False,False,0.8498017917488527,0.8498017917488527,0.1355032332488849,0.013639921206168519,0.0010550537960940611,,
classification__tfidf__none__logistic_regression,classification,tfidf,,logistic_regression,4,DEV-LOCAL-V1-000020,f48c1a3d11b9bc15f5354d0ca6a51adff284b41fdb503000b55f35813bfa32a8,OBRA,TRIAGEM_MANUAL,OBRA,False,False,0.8897909080985292,0.8897909080985292,0.09219164207434938,0.012221419273337312,0.005796030553784311,,
classification__tfidf__none__logistic_regression,classification,tfidf,,logistic_regression,4,DEV-LOCAL-V1-000316,bfbc7543e568f69aa91a3356511f0db974bb0549ffa88ea3d4eb147b238cbd87,DEMO,DEMO,DEMO,True,True,0.8283399109017067,0.0026251937597312138,0.8283399109017067,0.1340127739247516,0.03502212141381049,,
classification__tfidf__none__logistic_regression,classification,tfidf,,logistic_regression,4,DEV-LOCAL-V1-000317,bfbc7543e568f69aa91a3356511f0db974bb0549ffa88ea3d4eb147b238cbd87,DEMO,TRIAGEM_MANUAL,SOB_DEMANDA,False,False,0.4990249020386512,0.010005187873144673,0.011895921096990348,0.4990249020386512,0.47907398899121384,,
classification__tfidf__none__logistic_regression,classification,tfidf,,logistic_regression,4,DEV-LOCAL-V1-000318,bfbc7543e568f69aa91a3356511f0db974bb0549ffa88ea3d4eb147b238cbd87,DEMO,TRIAGEM_MANUAL,SOB_DEMANDA,False,False,0.49652055177367255,0.006187772605322747,0.4518347255122538,0.49652055177367255,0.04545695010875106,,
classification__tfidf__none__logistic_regression,classification,tfidf,,logistic_regression,4,DEV-LOCAL-V1-000319,bfbc7543e568f69aa91a3356511f0db974bb0549ffa88ea3d4eb147b238cbd87,DEMO,TRIAGEM_MANUAL,SOB_DEMANDA,False,False,0.5617881568669635,0.006519820303979303,0.3870465388239212,0.5617881568669635,0.04464548400513584,,
classification__tfidf__none__logistic_regression,classification,tfidf,,logistic_regression,4,DEV-LOCAL-V1-000320,bfbc7543e568f69aa91a3356511f0db974bb0549ffa88ea3d4eb147b238cbd87,DEMO,TRIAGEM_MANUAL,SOB_DEMANDA,False,False,0.47892870203852317,0.0065064349223526545,0.344453906374928,0.47892870203852317,0.1701109566641961,,
classification__tfidf__none__logistic_regression,classification,tfidf,,logistic_regression,4,DEV-LOCAL-V1-000541,8abb0d222e16164942aa19c9e82ef7d53731204cf8bde18bde71b96cb930b39b,TRIAGEM_MANUAL,TRIAGEM_MANUAL,TRIAGEM_MANUAL,False,False,0.8365130601120231,0.00016566346962396206,0.017681912343814145,0.14563936407453887,0.8365130601120231,,
classification__tfidf__none__logistic_regression,classification,tfidf,,logistic_regression,4,DEV-LOCAL-V1-000542,8abb0d222e16164942aa19c9e82ef7d53731204cf8bde18bde71b96cb930b39b,TRIAGEM_MANUAL,TRIAGEM_MANUAL,TRIAGEM_MANUAL,False,False,0.8988702336882352,0.00201069630803245,0.06849152441411237,0.03062754558961998,0.8988702336882352,,
classification__tfidf__none__logistic_regression,classification,tfidf,,logistic_regression,4,DEV-LOCAL-V1-000543,8abb0d222e16164942aa19c9e82ef7d53731204cf8bde18bde71b96cb930b39b,TRIAGEM_MANUAL,TRIAGEM_MANUAL,TRIAGEM_MANUAL,False,False,0.873479582898472,0.00028065897160053335,0.021625235922957366,0.10461452220697,0.873479582898472,,
classification__tfidf__none__logistic_regression,classification,tfidf,,logistic_regression,4,DEV-LOCAL-V1-000544,8abb0d222e16164942aa19c9e82ef7d53731204cf8bde18bde71b96cb930b39b,TRIAGEM_MANUAL,TRIAGEM_MANUAL,TRIAGEM_MANUAL,False,False,0.89856403845196,0.00022984675899236112,0.01792448508558371,0.08328162970346399,0.89856403845196,,
classification__tfidf__none__logistic_regression,classification,tfidf,,logistic_regression,4,DEV-LOCAL-V1-000545,8abb0d222e16164942aa19c9e82ef7d53731204cf8bde18bde71b96cb930b39b,TRIAGEM_MANUAL,TRIAGEM_MANUAL,TRIAGEM_MANUAL,False,False,0.9029174465235611,0.00027818925592318334,0.013364054404063533,0.08344030981645212,0.9029174465235611,,
classification__tfidf__none__logistic_regression,classification,tfidf,,logistic_regression,4,DEV-LOCAL-V1-000496,b4d062692e329b55491d9499643b58dd99801aa6b2ce49d3718a1ca13bef08de,TRIAGEM_MANUAL,TRIAGEM_MANUAL,TRIAGEM_MANUAL,False,False,0.937215765958634,5.70979180767505e-05,0.020213079331880605,0.04251405679140862,0.937215765958634,,
classification__tfidf__none__logistic_regression,classification,tfidf,,logistic_regression,4,DEV-LOCAL-V1-000497,b4d062692e329b55491d9499643b58dd99801aa6b2ce49d3718a1ca13bef08de,TRIAGEM_MANUAL,SOB_DEMANDA,SOB_DEMANDA,True,False,0.7189596569075414,0.001768297872961903,0.25514795317504546,0.7189596569075414,0.024124092044451345,,
classification__tfidf__none__logistic_regression,classification,tfidf,,logistic_regression,4,DEV-LOCAL-V1-000498,b4d062692e329b55491d9499643b58dd99801aa6b2ce49d3718a1ca13bef08de,TRIAGEM_MANUAL,TRIAGEM_MANUAL,TRIAGEM_MANUAL,False,False,0.9494817645303034,9.27044687704479e-05,0.02419479306578971,0.02623073793513641,0.9494817645303034,,
classification__tfidf__none__logistic_regression,classification,tfidf,,logistic_regression,4,DEV-LOCAL-V1-000499,b4d062692e329b55491d9499643b58dd99801aa6b2ce49d3718a1ca13bef08de,TRIAGEM_MANUAL,TRIAGEM_MANUAL,TRIAGEM_MANUAL,False,False,0.9602472435530383,7.042587243854094e-05,0.02045827080665765,0.019224059767865488,0.9602472435530383,,
classification__tfidf__none__logistic_regression,classification,tfidf,,logistic_regression,4,DEV-LOCAL-V1-000500,b4d062692e329b55491d9499643b58dd99801aa6b2ce49d3718a1ca13bef08de,TRIAGEM_MANUAL,TRIAGEM_MANUAL,TRIAGEM_MANUAL,False,False,0.9600003343105027,0.00010909792086152178,0.015785407138128357,0.02410516063050755,0.9600003343105027,,
classification__tfidf__none__logistic_regression,classification,tfidf,,logistic_regression,4,DEV-LOCAL-V1-000416,467cc707bc75eaba69582ccfac5833806ba748022a59f481e51e7dce075e5dff,SOB_DEMANDA,SOB_DEMANDA,SOB_DEMANDA,True,True,0.9361535823681223,0.0013381876199758862,0.05486470923306646,0.9361535823681223,0.007643520778835266,,
classification__tfidf__none__logistic_regression,classification,tfidf,,logistic_regression,4,DEV-LOCAL-V1-000417,467cc707bc75eaba69582ccfac5833806ba748022a59f481e51e7dce075e5dff,SOB_DEMANDA,SOB_DEMANDA,SOB_DEMANDA,True,True,0.8128496879839532,0.0007953072013743858,0.18295432104336073,0.8128496879839532,0.0034006837713116207,,
classification__tfidf__none__logistic_regression,classification,tfidf,,logistic_regression,4,DEV-LOCAL-V1-000418,467cc707bc75eaba69582ccfac5833806ba748022a59f481e51e7dce075e5dff,SOB_DEMANDA,SOB_DEMANDA,SOB_DEMANDA,True,True,0.9286582927300431,0.001956005100159322,0.06341155377154797,0.9286582927300431,0.005974148398249485,,
classification__tfidf__none__logistic_regression,classification,tfidf,,logistic_regression,4,DEV-LOCAL-V1-000419,467cc707bc75eaba69582ccfac5833806ba748022a59f481e51e7dce075e5dff,SOB_DEMANDA,SOB_DEMANDA,SOB_DEMANDA,True,True,0.9438241724238172,0.002345791756137002,0.048072642920520214,0.9438241724238172,0.005757392899525589,,
classification__tfidf__none__logistic_regression,classification,tfidf,,logistic_regression,4,DEV-LOCAL-V1-000420,467cc707bc75eaba69582ccfac5833806ba748022a59f481e51e7dce075e5dff,SOB_DEMANDA,SOB_DEMANDA,SOB_DEMANDA,True,True,0.9346864780985054,0.0018864087071566896,0.0413389366757385,0.9346864780985054,0.022088176518599456,,
classification__tfidf__none__logistic_regression,classification,tfidf,,logistic_regression,4,DEV-LOCAL-V1-000426,ad08184f174c28350283701a0c98177c0c571246f8983fb1498bdb80a7e51efa,SOB_DEMANDA,SOB_DEMANDA,SOB_DEMANDA,True,True,0.9695656565106864,0.017253522006652915,0.0043164232984624785,0.9695656565106864,0.008864398184198258,,
classification__tfidf__none__logistic_regression,classification,tfidf,,logistic_regression,4,DEV-LOCAL-V1-000427,ad08184f174c28350283701a0c98177c0c571246f8983fb1498bdb80a7e51efa,SOB_DEMANDA,TRIAGEM_MANUAL,OBRA,False,False,0.7271755608161653,0.7271755608161653,0.00787521728185532,0.22034965833223816,0.04459956356974133,,
classification__tfidf__none__logistic_regression,classification,tfidf,,logistic_regression,4,DEV-LOCAL-V1-000428,ad08184f174c28350283701a0c98177c0c571246f8983fb1498bdb80a7e51efa,SOB_DEMANDA,SOB_DEMANDA,SOB_DEMANDA,True,True,0.9763403463184657,0.015072359471430624,0.0030938347565237045,0.9763403463184657,0.005493459453579946,,
classification__tfidf__none__logistic_regression,classification,tfidf,,logistic_regression,4,DEV-LOCAL-V1-000429,ad08184f174c28350283701a0c98177c0c571246f8983fb1498bdb80a7e51efa,SOB_DEMANDA,SOB_DEMANDA,SOB_DEMANDA,True,True,0.9780655316737038,0.013250413635660005,0.0025207932466779987,0.9780655316737038,0.00616326144395814,,
classification__tfidf__none__logistic_regression,classification,tfidf,,logistic_regression,4,DEV-LOCAL-V1-000430,ad08184f174c28350283701a0c98177c0c571246f8983fb1498bdb80a7e51efa,SOB_DEMANDA,SOB_DEMANDA,SOB_DEMANDA,True,True,0.9666612065080727,0.010476429274773864,0.002678318495840154,0.9666612065080727,0.02018404572131325,,
classification__tfidf__none__logistic_regression,classification,tfidf,,logistic_regression,4,DEV-LOCAL-V1-000236,5167855cbb3255b47edc869e42bd4197caf929d977b75775dfe0015c5abda6c2,DEMO,DEMO,DEMO,True,True,0.8868622620601216,0.010901332515418215,0.8868622620601216,0.07298636749347275,0.02925003793098734,,
classification__tfidf__none__logistic_regression,classification,tfidf,,logistic_regression,4,DEV-LOCAL-V1-000237,5167855cbb3255b47edc869e42bd4197caf929d977b75775dfe0015c5abda6c2,DEMO,DEMO,DEMO,True,True,0.7996342945831584,0.0020440372742044494,0.7996342945831584,0.1694771585885298,0.028844509554107348,,
classification__tfidf__none__logistic_regression,classification,tfidf,,logistic_regression,4,DEV-LOCAL-V1-000238,5167855cbb3255b47edc869e42bd4197caf929d977b75775dfe0015c5abda6c2,DEMO,DEMO,DEMO,True,True,0.918504711857632,0.014255705245355315,0.918504711857632,0.04438643563230231,0.022853147264710324,,
classification__tfidf__none__logistic_regression,classification,tfidf,,logistic_regression,4,DEV-LOCAL-V1-000239,5167855cbb3255b47edc869e42bd4197caf929d977b75775dfe0015c5abda6c2,DEMO,DEMO,DEMO,True,True,0.8946686187341609,0.00826221641469277,0.8946686187341609,0.07681193135531605,0.020257233495830286,,
classification__tfidf__none__logistic_regression,classification,tfidf,,logistic_regression,4,DEV-LOCAL-V1-000240,5167855cbb3255b47edc869e42bd4197caf929d977b75775dfe0015c5abda6c2,DEMO,DEMO,DEMO,True,True,0.8733857587866469,0.013701447282028614,0.8733857587866469,0.04813372714281249,0.06477906678851199,,
classification__tfidf__none__logistic_regression,classification,tfidf,,logistic_regression,4,DEV-LOCAL-V1-000286,165d8104233292f8ad4a2585835b22067de6886f25c2350031022ac90a926c58,DEMO,TRIAGEM_MANUAL,OBRA,False,False,0.5671731170197086,0.5671731170197086,0.08298275780179165,0.11002748031236757,0.23981664486613205,,
classification__tfidf__none__logistic_regression,classification,tfidf,,logistic_regression,4,DEV-LOCAL-V1-000287,165d8104233292f8ad4a2585835b22067de6886f25c2350031022ac90a926c58,DEMO,TRIAGEM_MANUAL,OBRA,False,False,0.5399997507319613,0.5399997507319613,0.00542337903220246,0.4407718165396648,0.013805053696171452,,
classification__tfidf__none__logistic_regression,classification,tfidf,,logistic_regression,4,DEV-LOCAL-V1-000288,165d8104233292f8ad4a2585835b22067de6886f25c2350031022ac90a926c58,DEMO,TRIAGEM_MANUAL,OBRA,False,False,0.6156507266809316,0.6156507266809316,0.12950587902018393,0.08454305179399017,0.17030034250489431,,
classification__tfidf__none__logistic_regression,classification,tfidf,,logistic_regression,4,DEV-LOCAL-V1-000289,165d8104233292f8ad4a2585835b22067de6886f25c2350031022ac90a926c58,DEMO,TRIAGEM_MANUAL,OBRA,False,False,0.6894275652238177,0.6894275652238177,0.07290652002419712,0.05769232476143394,0.1799735899905514,,
classification__tfidf__none__logistic_regression,classification,tfidf,,logistic_regression,4,DEV-LOCAL-V1-000290,165d8104233292f8ad4a2585835b22067de6886f25c2350031022ac90a926c58,DEMO,TRIAGEM_MANUAL,OBRA,False,False,0.46889153566357894,0.46889153566357894,0.05493735201963209,0.06504993317046387,0.4111211791463251,,
classification__tfidf__none__logistic_regression,classification,tfidf,,logistic_regression,4,DEV-LOCAL-V1-000176,740524437f79a05126810643f76ca63a5a14888e8958640a243346a11d7c8550,DEMO,DEMO,DEMO,True,True,0.7353479762994051,0.0008797058745974162,0.7353479762994051,0.2292323801742296,0.03453993765176796,,
classification__tfidf__none__logistic_regression,classification,tfidf,,logistic_regression,4,DEV-LOCAL-V1-000177,740524437f79a05126810643f76ca63a5a14888e8958640a243346a11d7c8550,DEMO,TRIAGEM_MANUAL,DEMO,False,False,0.5818298417355046,0.002368839574678543,0.5818298417355046,0.4135915581345775,0.0022097605552394237,,
classification__tfidf__none__logistic_regression,classification,tfidf,,logistic_regression,4,DEV-LOCAL-V1-000178,740524437f79a05126810643f76ca63a5a14888e8958640a243346a11d7c8550,DEMO,DEMO,DEMO,True,True,0.812871083582486,0.001439218627943531,0.812871083582486,0.15118526199880067,0.03450443579076975,,
classification__tfidf__none__logistic_regression,classification,tfidf,,logistic_regression,4,DEV-LOCAL-V1-000179,740524437f79a05126810643f76ca63a5a14888e8958640a243346a11d7c8550,DEMO,DEMO,DEMO,True,True,0.7750345456903498,0.0018254367863376896,0.7750345456903498,0.19473385554145903,0.0284061619818535,,
classification__tfidf__none__logistic_regression,classification,tfidf,,logistic_regression,4,DEV-LOCAL-V1-000180,740524437f79a05126810643f76ca63a5a14888e8958640a243346a11d7c8550,DEMO,DEMO,DEMO,True,True,0.720095907527918,0.0017482667986293628,0.720095907527918,0.1800030468368963,0.09815277883655628,,
classification__tfidf__none__logistic_regression,classification,tfidf,,logistic_regression,4,DEV-LOCAL-V1-000366,5d50f5a213117ab241e9e9003ca0c6ed24d3a218f66fd35f24837a52b12d6f7f,SOB_DEMANDA,SOB_DEMANDA,SOB_DEMANDA,True,True,0.9786508333186376,0.01050308687182605,0.004972919851311821,0.9786508333186376,0.005873159958224532,,
classification__tfidf__none__logistic_regression,classification,tfidf,,logistic_regression,4,DEV-LOCAL-V1-000367,5d50f5a213117ab241e9e9003ca0c6ed24d3a218f66fd35f24837a52b12d6f7f,SOB_DEMANDA,SOB_DEMANDA,SOB_DEMANDA,True,True,0.6727286813612723,0.3154876942832853,0.0037029659603545696,0.6727286813612723,0.00808065839508796,,
classification__tfidf__none__logistic_regression,classification,tfidf,,logistic_regression,4,DEV-LOCAL-V1-000368,5d50f5a213117ab241e9e9003ca0c6ed24d3a218f66fd35f24837a52b12d6f7f,SOB_DEMANDA,SOB_DEMANDA,SOB_DEMANDA,True,True,0.9745697074232549,0.015429675646163396,0.005143363161811928,0.9745697074232549,0.004857253768769837,,
classification__tfidf__none__logistic_regression,classification,tfidf,,logistic_regression,4,DEV-LOCAL-V1-000369,5d50f5a213117ab241e9e9003ca0c6ed24d3a218f66fd35f24837a52b12d6f7f,SOB_DEMANDA,SOB_DEMANDA,SOB_DEMANDA,True,True,0.9765566959615338,0.01386928062382782,0.004389498235434037,0.9765566959615338,0.0051845251792042545,,
classification__tfidf__none__logistic_regression,classification,tfidf,,logistic_regression,4,DEV-LOCAL-V1-000370,5d50f5a213117ab241e9e9003ca0c6ed24d3a218f66fd35f24837a52b12d6f7f,SOB_DEMANDA,SOB_DEMANDA,SOB_DEMANDA,True,True,0.9673312226414041,0.011098147297916864,0.003934218152510398,0.9673312226414041,0.017636411908168646,,
classification__tfidf__none__logistic_regression,classification,tfidf,,logistic_regression,4,DEV-LOCAL-V1-000141,98f8409e8dc971fe069e87a88e20ac7ca33377fa2e895438389b5dbb2a2ed3f0,OBRA,TRIAGEM_MANUAL,OBRA,False,False,0.8654828328988659,0.8654828328988659,0.11628503900455484,0.014199994633038879,0.004032133463540351,,
classification__tfidf__none__logistic_regression,classification,tfidf,,logistic_regression,4,DEV-LOCAL-V1-000142,98f8409e8dc971fe069e87a88e20ac7ca33377fa2e895438389b5dbb2a2ed3f0,OBRA,TRIAGEM_MANUAL,OBRA,False,False,0.4588869165406393,0.4588869165406393,0.39698105825138225,0.10391260076904879,0.04021942443892962,,
classification__tfidf__none__logistic_regression,classification,tfidf,,logistic_regression,4,DEV-LOCAL-V1-000143,98f8409e8dc971fe069e87a88e20ac7ca33377fa2e895438389b5dbb2a2ed3f0,OBRA,TRIAGEM_MANUAL,OBRA,False,False,0.8494841325796308,0.8494841325796308,0.1376878694235911,0.009635047206928132,0.0031929507898496652,,
classification__tfidf__none__logistic_regression,classification,tfidf,,logistic_regression,4,DEV-LOCAL-V1-000144,98f8409e8dc971fe069e87a88e20ac7ca33377fa2e895438389b5dbb2a2ed3f0,OBRA,TRIAGEM_MANUAL,OBRA,False,False,0.8713983606931226,0.8713983606931226,0.11484643011721164,0.010720352993366376,0.0030348561962994,,
classification__tfidf__none__logistic_regression,classification,tfidf,,logistic_regression,4,DEV-LOCAL-V1-000145,98f8409e8dc971fe069e87a88e20ac7ca33377fa2e895438389b5dbb2a2ed3f0,OBRA,TRIAGEM_MANUAL,OBRA,False,False,0.894516137134822,0.894516137134822,0.08334656369545354,0.009677163211812136,0.012460135957912366,,
classification__tfidf__none__logistic_regression,classification,tfidf,,logistic_regression,4,DEV-LOCAL-V1-000156,d7763ce2e8c802026b1fbf816dc90dc9fe47755e87aa3ffbd20a671c24f8d5a8,OBRA,TRIAGEM_MANUAL,OBRA,False,False,0.8711172730201833,0.8711172730201833,0.0271348372427885,0.055454696549314876,0.0462931931877133,,
classification__tfidf__none__logistic_regression,classification,tfidf,,logistic_regression,4,DEV-LOCAL-V1-000157,d7763ce2e8c802026b1fbf816dc90dc9fe47755e87aa3ffbd20a671c24f8d5a8,OBRA,TRIAGEM_MANUAL,OBRA,False,False,0.7119822332249018,0.7119822332249018,0.004562306797557458,0.11326003784211358,0.17019542213542702,,
classification__tfidf__none__logistic_regression,classification,tfidf,,logistic_regression,4,DEV-LOCAL-V1-000158,d7763ce2e8c802026b1fbf816dc90dc9fe47755e87aa3ffbd20a671c24f8d5a8,OBRA,OBRA,OBRA,True,True,0.9025720686637662,0.9025720686637662,0.02566846696607857,0.03697046973192198,0.034788994638233366,,
classification__tfidf__none__logistic_regression,classification,tfidf,,logistic_regression,4,DEV-LOCAL-V1-000159,d7763ce2e8c802026b1fbf816dc90dc9fe47755e87aa3ffbd20a671c24f8d5a8,OBRA,TRIAGEM_MANUAL,OBRA,False,False,0.8794000950607022,0.8794000950607022,0.028604981484469775,0.048157592259484926,0.043837331195343276,,
classification__tfidf__none__logistic_regression,classification,tfidf,,logistic_regression,4,DEV-LOCAL-V1-000160,d7763ce2e8c802026b1fbf816dc90dc9fe47755e87aa3ffbd20a671c24f8d5a8,OBRA,TRIAGEM_MANUAL,OBRA,False,False,0.8322852000923475,0.8322852000923475,0.020855666257202393,0.03605451508506076,0.1108046185653893,,
classification__tfidf__none__logistic_regression,classification,tfidf,,logistic_regression,4,DEV-LOCAL-V1-000161,556e254c1be7aa96072244a299b52c7aae7c703552e6c791d5f00b988e4d8764,DEMO,DEMO,DEMO,True,True,0.9650608719240409,0.0094185120012035,0.9650608719240409,0.01591973737622793,0.009600878698527722,,
classification__tfidf__none__logistic_regression,classification,tfidf,,logistic_regression,4,DEV-LOCAL-V1-000162,556e254c1be7aa96072244a299b52c7aae7c703552e6c791d5f00b988e4d8764,DEMO,DEMO,DEMO,True,True,0.931180086088184,0.03744380445133433,0.931180086088184,0.028497889623164793,0.0028782198373168747,,
classification__tfidf__none__logistic_regression,classification,tfidf,,logistic_regression,4,DEV-LOCAL-V1-000163,556e254c1be7aa96072244a299b52c7aae7c703552e6c791d5f00b988e4d8764,DEMO,DEMO,DEMO,True,True,0.9666381347184851,0.014940713062103648,0.9666381347184851,0.009820403262003556,0.00860074895740774,,
classification__tfidf__none__logistic_regression,classification,tfidf,,logistic_regression,4,DEV-LOCAL-V1-000164,556e254c1be7aa96072244a299b52c7aae7c703552e6c791d5f00b988e4d8764,DEMO,DEMO,DEMO,True,True,0.9705455051562805,0.0071977498328109615,0.9705455051562805,0.011748763170606939,0.010507981840301658,,
classification__tfidf__none__logistic_regression,classification,tfidf,,logistic_regression,4,DEV-LOCAL-V1-000165,556e254c1be7aa96072244a299b52c7aae7c703552e6c791d5f00b988e4d8764,DEMO,DEMO,DEMO,True,True,0.9548932109987839,0.010094945793198981,0.9548932109987839,0.010609098996928528,0.024402744211088484,,
classification__tfidf__none__logistic_regression,classification,tfidf,,logistic_regression,4,DEV-LOCAL-V1-000321,972cb192c56257cd2227c22905c91f429d32720db0ccab4e2d9d5580acbde59b,SOB_DEMANDA,SOB_DEMANDA,SOB_DEMANDA,True,True,0.9412184761195173,0.00015413291041754533,0.05382350752289203,0.9412184761195173,0.00480388344717315,,
classification__tfidf__none__logistic_regression,classification,tfidf,,logistic_regression,4,DEV-LOCAL-V1-000322,972cb192c56257cd2227c22905c91f429d32720db0ccab4e2d9d5580acbde59b,SOB_DEMANDA,SOB_DEMANDA,SOB_DEMANDA,True,True,0.7654932573252646,0.0003544524224346361,0.21097915913797505,0.7654932573252646,0.023173131114325663,,
classification__tfidf__none__logistic_regression,classification,tfidf,,logistic_regression,4,DEV-LOCAL-V1-000323,972cb192c56257cd2227c22905c91f429d32720db0ccab4e2d9d5580acbde59b,SOB_DEMANDA,SOB_DEMANDA,SOB_DEMANDA,True,True,0.9374504522411707,0.00019176234236560022,0.05807981779832422,0.9374504522411707,0.0042779676181394465,,
classification__tfidf__none__logistic_regression,classification,tfidf,,logistic_regression,4,DEV-LOCAL-V1-000324,972cb192c56257cd2227c22905c91f429d32720db0ccab4e2d9d5580acbde59b,SOB_DEMANDA,SOB_DEMANDA,SOB_DEMANDA,True,True,0.9475539356912818,0.00020165981771775915,0.04847955221554817,0.9475539356912818,0.0037648522754522074,,
classification__tfidf__none__logistic_regression,classification,tfidf,,logistic_regression,4,DEV-LOCAL-V1-000325,972cb192c56257cd2227c22905c91f429d32720db0ccab4e2d9d5580acbde59b,SOB_DEMANDA,SOB_DEMANDA,SOB_DEMANDA,True,True,0.9497564133546464,0.00021763865428150675,0.039153623849424335,0.9497564133546464,0.010872324141647838,,
classification__tfidf__none__logistic_regression,classification,tfidf,,logistic_regression,4,DEV-LOCAL-V1-000116,14cdb9b8a3a4e35ebe70a9bd06d977d55f73c15caa925cfb19cdb679929d8c49,OBRA,TRIAGEM_MANUAL,OBRA,False,False,0.8187026473478758,0.8187026473478758,0.16861328330473688,0.009626613290988557,0.0030574560563987234,,
classification__tfidf__none__logistic_regression,classification,tfidf,,logistic_regression,4,DEV-LOCAL-V1-000117,14cdb9b8a3a4e35ebe70a9bd06d977d55f73c15caa925cfb19cdb679929d8c49,OBRA,TRIAGEM_MANUAL,DEMO,False,False,0.49365301056960553,0.45892815908900536,0.49365301056960553,0.041256406565258655,0.006162423776130378,,
classification__tfidf__none__logistic_regression,classification,tfidf,,logistic_regression,4,DEV-LOCAL-V1-000118,14cdb9b8a3a4e35ebe70a9bd06d977d55f73c15caa925cfb19cdb679929d8c49,OBRA,TRIAGEM_MANUAL,OBRA,False,False,0.8047520657082559,0.8047520657082559,0.18612667819656906,0.006563107993988049,0.002558148101186893,,
classification__tfidf__none__logistic_regression,classification,tfidf,,logistic_regression,4,DEV-LOCAL-V1-000119,14cdb9b8a3a4e35ebe70a9bd06d977d55f73c15caa925cfb19cdb679929d8c49,OBRA,TRIAGEM_MANUAL,OBRA,False,False,0.8132650223978632,0.8132650223978632,0.17845927371864942,0.005640172790452723,0.0026355310930345813,,
classification__tfidf__none__logistic_regression,classification,tfidf,,logistic_regression,4,DEV-LOCAL-V1-000120,14cdb9b8a3a4e35ebe70a9bd06d977d55f73c15caa925cfb19cdb679929d8c49,OBRA,TRIAGEM_MANUAL,OBRA,False,False,0.8594359428606364,0.8594359428606364,0.12533242218146712,0.006660865732300741,0.008570769225595494,,
classification__tfidf__none__logistic_regression,classification,tfidf,,logistic_regression,4,DEV-LOCAL-V1-000421,8d5bafc255e225cd72fcc7c34d46e9e19f0e3e3d58398bdaf7612f9625438f12,SOB_DEMANDA,SOB_DEMANDA,SOB_DEMANDA,True,True,0.8510077852258962,0.10832894879715528,0.040076171764385646,0.8510077852258962,0.0005870942125629026,,
classification__tfidf__none__logistic_regression,classification,tfidf,,logistic_regression,4,DEV-LOCAL-V1-000422,8d5bafc255e225cd72fcc7c34d46e9e19f0e3e3d58398bdaf7612f9625438f12,SOB_DEMANDA,TRIAGEM_MANUAL,SOB_DEMANDA,False,False,0.5169242779559627,0.4588323648742966,0.023899682639428294,0.5169242779559627,0.00034367453031246373,,
classification__tfidf__none__logistic_regression,classification,tfidf,,logistic_regression,4,DEV-LOCAL-V1-000423,8d5bafc255e225cd72fcc7c34d46e9e19f0e3e3d58398bdaf7612f9625438f12,SOB_DEMANDA,SOB_DEMANDA,SOB_DEMANDA,True,True,0.793517108357632,0.1637882822533637,0.04227095300364077,0.793517108357632,0.0004236563853634821,,
classification__tfidf__none__logistic_regression,classification,tfidf,,logistic_regression,4,DEV-LOCAL-V1-000424,8d5bafc255e225cd72fcc7c34d46e9e19f0e3e3d58398bdaf7612f9625438f12,SOB_DEMANDA,SOB_DEMANDA,SOB_DEMANDA,True,True,0.811705254445325,0.1466880421612358,0.041122943577948295,0.811705254445325,0.00048375981549091736,,
classification__tfidf__none__logistic_regression,classification,tfidf,,logistic_regression,4,DEV-LOCAL-V1-000425,8d5bafc255e225cd72fcc7c34d46e9e19f0e3e3d58398bdaf7612f9625438f12,SOB_DEMANDA,SOB_DEMANDA,SOB_DEMANDA,True,True,0.8754297236036133,0.09169367529711467,0.030644719059530222,0.8754297236036133,0.0022318820397419638,,
classification__tfidf__none__logistic_regression,classification,tfidf,,logistic_regression,4,DEV-LOCAL-V1-000266,8049431e611f7d9664bdbffee6b21bcbeea8737801ab7d9f02c62ecfbde44443,DEMO,DEMO,DEMO,True,True,0.740648348682248,0.11100226060275001,0.740648348682248,0.02246459802207324,0.12588479269292882,,
classification__tfidf__none__logistic_regression,classification,tfidf,,logistic_regression,4,DEV-LOCAL-V1-000267,8049431e611f7d9664bdbffee6b21bcbeea8737801ab7d9f02c62ecfbde44443,DEMO,OBRA,OBRA,True,False,0.9090756119559111,0.9090756119559111,0.031210726047883993,0.0035569001355131623,0.056156761860691684,,
classification__tfidf__none__logistic_regression,classification,tfidf,,logistic_regression,4,DEV-LOCAL-V1-000268,8049431e611f7d9664bdbffee6b21bcbeea8737801ab7d9f02c62ecfbde44443,DEMO,DEMO,DEMO,True,True,0.7392441501294179,0.14987693271373556,0.7392441501294179,0.012281118600324775,0.0985977985565217,,
classification__tfidf__none__logistic_regression,classification,tfidf,,logistic_regression,4,DEV-LOCAL-V1-000269,8049431e611f7d9664bdbffee6b21bcbeea8737801ab7d9f02c62ecfbde44443,DEMO,DEMO,DEMO,True,True,0.7389135556643699,0.12910906412030487,0.7389135556643699,0.00906369793344129,0.12291368228188376,,
classification__tfidf__none__logistic_regression,classification,tfidf,,logistic_regression,4,DEV-LOCAL-V1-000270,8049431e611f7d9664bdbffee6b21bcbeea8737801ab7d9f02c62ecfbde44443,DEMO,TRIAGEM_MANUAL,DEMO,False,False,0.573954594209965,0.12520364059050193,0.573954594209965,0.016618272116157302,0.2842234930833757,,
deduplication__tfidf__none__logistic_regression,deduplication,tfidf,,logistic_regression,0,DEV-LOCAL-V1-001026,DEV_EP_DD_065,DUPLICADO,DUPLICADO,DUPLICADO,True,True,0.9748809380460837,,,,,0.025119061953916333,0.9748809380460837
deduplication__tfidf__none__logistic_regression,deduplication,tfidf,,logistic_regression,0,DEV-LOCAL-V1-001027,DEV_EP_DD_065,DUPLICADO,DUPLICADO,DUPLICADO,True,True,0.9789955034106071,,,,,0.02100449658939285,0.9789955034106071
deduplication__tfidf__none__logistic_regression,deduplication,tfidf,,logistic_regression,0,DEV-LOCAL-V1-001028,DEV_EP_DD_065,DUPLICADO,DUPLICADO,DUPLICADO,True,True,0.9777974740393741,,,,,0.022202525960625885,0.9777974740393741
deduplication__tfidf__none__logistic_regression,deduplication,tfidf,,logistic_regression,0,DEV-LOCAL-V1-001029,DEV_EP_DD_065,DUPLICADO,DUPLICADO,DUPLICADO,True,True,0.9766764363208652,,,,,0.023323563679134796,0.9766764363208652
deduplication__tfidf__none__logistic_regression,deduplication,tfidf,,logistic_regression,0,DEV-LOCAL-V1-001030,DEV_EP_DD_065,DUPLICADO,DUPLICADO,DUPLICADO,True,True,0.9725629775052447,,,,,0.027437022494755325,0.9725629775052447
deduplication__tfidf__none__logistic_regression,deduplication,tfidf,,logistic_regression,0,DEV-LOCAL-V1-000942,DEV_EP_DD_051,DUPLICADO,DUPLICADO,DUPLICADO,True,True,0.9952112208147731,,,,,0.00478877918522691,0.9952112208147731
deduplication__tfidf__none__logistic_regression,deduplication,tfidf,,logistic_regression,0,DEV-LOCAL-V1-000943,DEV_EP_DD_051,DUPLICADO,DUPLICADO,DUPLICADO,True,True,0.9975280286789481,,,,,0.0024719713210519245,0.9975280286789481
deduplication__tfidf__none__logistic_regression,deduplication,tfidf,,logistic_regression,0,DEV-LOCAL-V1-000944,DEV_EP_DD_051,DUPLICADO,DUPLICADO,DUPLICADO,True,True,0.996327082724684,,,,,0.0036729172753160455,0.996327082724684
deduplication__tfidf__none__logistic_regression,deduplication,tfidf,,logistic_regression,0,DEV-LOCAL-V1-000945,DEV_EP_DD_051,DUPLICADO,DUPLICADO,DUPLICADO,True,True,0.996220279666012,,,,,0.0037797203339879903,0.996220279666012
deduplication__tfidf__none__logistic_regression,deduplication,tfidf,,logistic_regression,0,DEV-LOCAL-V1-000946,DEV_EP_DD_051,DUPLICADO,DUPLICADO,DUPLICADO,True,True,0.995093578462298,,,,,0.004906421537702044,0.995093578462298
deduplication__tfidf__none__logistic_regression,deduplication,tfidf,,logistic_regression,0,DEV-LOCAL-V1-000714,DEV_EP_DD_013,DUPLICADO,DUPLICADO,DUPLICADO,True,True,0.9869294242129404,,,,,0.013070575787059613,0.9869294242129404
deduplication__tfidf__none__logistic_regression,deduplication,tfidf,,logistic_regression,0,DEV-LOCAL-V1-000715,DEV_EP_DD_013,DUPLICADO,DUPLICADO,DUPLICADO,True,True,0.9897212321183281,,,,,0.010278767881671924,0.9897212321183281
deduplication__tfidf__none__logistic_regression,deduplication,tfidf,,logistic_regression,0,DEV-LOCAL-V1-000716,DEV_EP_DD_013,DUPLICADO,DUPLICADO,DUPLICADO,True,True,0.9815339609742807,,,,,0.018466039025719305,0.9815339609742807
deduplication__tfidf__none__logistic_regression,deduplication,tfidf,,logistic_regression,0,DEV-LOCAL-V1-000717,DEV_EP_DD_013,DUPLICADO,DUPLICADO,DUPLICADO,True,True,0.9906750816583619,,,,,0.009324918341638067,0.9906750816583619
deduplication__tfidf__none__logistic_regression,deduplication,tfidf,,logistic_regression,0,DEV-LOCAL-V1-000718,DEV_EP_DD_013,DUPLICADO,DUPLICADO,DUPLICADO,True,True,0.9827459583976479,,,,,0.01725404160235211,0.9827459583976479
deduplication__tfidf__none__logistic_regression,deduplication,tfidf,,logistic_regression,0,DEV-LOCAL-V1-001122,DEV_EP_DD_081,DUPLICADO,DUPLICADO,DUPLICADO,True,True,0.9828987264680648,,,,,0.017101273531935246,0.9828987264680648
deduplication__tfidf__none__logistic_regression,deduplication,tfidf,,logistic_regression,0,DEV-LOCAL-V1-001123,DEV_EP_DD_081,DUPLICADO,DUPLICADO,DUPLICADO,True,True,0.9879863178925716,,,,,0.01201368210742837,0.9879863178925716
deduplication__tfidf__none__logistic_regression,deduplication,tfidf,,logistic_regression,0,DEV-LOCAL-V1-001124,DEV_EP_DD_081,DUPLICADO,DUPLICADO,DUPLICADO,True,True,0.9823183595431153,,,,,0.017681640456884695,0.9823183595431153
deduplication__tfidf__none__logistic_regression,deduplication,tfidf,,logistic_regression,0,DEV-LOCAL-V1-001125,DEV_EP_DD_081,DUPLICADO,DUPLICADO,DUPLICADO,True,True,0.9899842265884197,,,,,0.010015773411580331,0.9899842265884197
deduplication__tfidf__none__logistic_regression,deduplication,tfidf,,logistic_regression,0,DEV-LOCAL-V1-001126,DEV_EP_DD_081,DUPLICADO,DUPLICADO,DUPLICADO,True,True,0.9852370946217478,,,,,0.0147629053782522,0.9852370946217478
deduplication__tfidf__none__logistic_regression,deduplication,tfidf,,logistic_regression,0,DEV-LOCAL-V1-000984,DEV_EP_DD_058,NAO_DUPLICADO,NAO_DUPLICADO,NAO_DUPLICADO,True,True,0.9974936142577133,,,,,0.9974936142577133,0.0025063857422867055
deduplication__tfidf__none__logistic_regression,deduplication,tfidf,,logistic_regression,0,DEV-LOCAL-V1-000985,DEV_EP_DD_058,NAO_DUPLICADO,NAO_DUPLICADO,NAO_DUPLICADO,True,True,0.9984462080730319,,,,,0.9984462080730319,0.0015537919269681944
deduplication__tfidf__none__logistic_regression,deduplication,tfidf,,logistic_regression,0,DEV-LOCAL-V1-000986,DEV_EP_DD_058,NAO_DUPLICADO,NAO_DUPLICADO,NAO_DUPLICADO,True,True,0.9975284142954949,,,,,0.9975284142954949,0.002471585704505108
deduplication__tfidf__none__logistic_regression,deduplication,tfidf,,logistic_regression,0,DEV-LOCAL-V1-000987,DEV_EP_DD_058,NAO_DUPLICADO,NAO_DUPLICADO,NAO_DUPLICADO,True,True,0.9976891724862278,,,,,0.9976891724862278,0.0023108275137722557
deduplication__tfidf__none__logistic_regression,deduplication,tfidf,,logistic_regression,0,DEV-LOCAL-V1-000988,DEV_EP_DD_058,NAO_DUPLICADO,NAO_DUPLICADO,NAO_DUPLICADO,True,True,0.9972434007518397,,,,,0.9972434007518397,0.002756599248160344
deduplication__tfidf__none__logistic_regression,deduplication,tfidf,,logistic_regression,0,DEV-LOCAL-V1-000798,DEV_EP_DD_027,DUPLICADO,DUPLICADO,DUPLICADO,True,True,0.9949075768227917,,,,,0.005092423177208261,0.9949075768227917
deduplication__tfidf__none__logistic_regression,deduplication,tfidf,,logistic_regression,0,DEV-LOCAL-V1-000799,DEV_EP_DD_027,DUPLICADO,DUPLICADO,DUPLICADO,True,True,0.9962060189026087,,,,,0.0037939810973912635,0.9962060189026087
deduplication__tfidf__none__logistic_regression,deduplication,tfidf,,logistic_regression,0,DEV-LOCAL-V1-000800,DEV_EP_DD_027,DUPLICADO,DUPLICADO,DUPLICADO,True,True,0.9946441035531836,,,,,0.005355896446816444,0.9946441035531836
deduplication__tfidf__none__logistic_regression,deduplication,tfidf,,logistic_regression,0,DEV-LOCAL-V1-000801,DEV_EP_DD_027,DUPLICADO,DUPLICADO,DUPLICADO,True,True,0.9973035962470282,,,,,0.0026964037529717544,0.9973035962470282
deduplication__tfidf__none__logistic_regression,deduplication,tfidf,,logistic_regression,0,DEV-LOCAL-V1-000802,DEV_EP_DD_027,DUPLICADO,DUPLICADO,DUPLICADO,True,True,0.9925652162415388,,,,,0.007434783758461183,0.9925652162415388
deduplication__tfidf__none__logistic_regression,deduplication,tfidf,,logistic_regression,0,DEV-LOCAL-V1-001188,DEV_EP_DD_092,NAO_DUPLICADO,NAO_DUPLICADO,NAO_DUPLICADO,True,True,0.9950754877135424,,,,,0.9950754877135424,0.004924512286457593
deduplication__tfidf__none__logistic_regression,deduplication,tfidf,,logistic_regression,0,DEV-LOCAL-V1-001189,DEV_EP_DD_092,NAO_DUPLICADO,NAO_DUPLICADO,NAO_DUPLICADO,True,True,0.9974300782757223,,,,,0.9974300782757223,0.002569921724277758
deduplication__tfidf__none__logistic_regression,deduplication,tfidf,,logistic_regression,0,DEV-LOCAL-V1-001190,DEV_EP_DD_092,NAO_DUPLICADO,NAO_DUPLICADO,NAO_DUPLICADO,True,True,0.9971360795899807,,,,,0.9971360795899807,0.002863920410019239
deduplication__tfidf__none__logistic_regression,deduplication,tfidf,,logistic_regression,0,DEV-LOCAL-V1-001191,DEV_EP_DD_092,NAO_DUPLICADO,NAO_DUPLICADO,NAO_DUPLICADO,True,True,0.9972345665250245,,,,,0.9972345665250245,0.0027654334749754985
deduplication__tfidf__none__logistic_regression,deduplication,tfidf,,logistic_regression,0,DEV-LOCAL-V1-001192,DEV_EP_DD_092,NAO_DUPLICADO,NAO_DUPLICADO,NAO_DUPLICADO,True,True,0.9959902800232605,,,,,0.9959902800232605,0.004009719976739473
deduplication__tfidf__none__logistic_regression,deduplication,tfidf,,logistic_regression,0,DEV-LOCAL-V1-000642,DEV_EP_DD_001,DUPLICADO,DUPLICADO,DUPLICADO,True,True,0.9835748701653042,,,,,0.016425129834695795,0.9835748701653042
deduplication__tfidf__none__logistic_regression,deduplication,tfidf,,logistic_regression,0,DEV-LOCAL-V1-000643,DEV_EP_DD_001,DUPLICADO,DUPLICADO,DUPLICADO,True,True,0.9898906387587338,,,,,0.010109361241266157,0.9898906387587338
deduplication__tfidf__none__logistic_regression,deduplication,tfidf,,logistic_regression,0,DEV-LOCAL-V1-000644,DEV_EP_DD_001,DUPLICADO,DUPLICADO,DUPLICADO,True,True,0.9867318512303124,,,,,0.013268148769687627,0.9867318512303124
deduplication__tfidf__none__logistic_regression,deduplication,tfidf,,logistic_regression,0,DEV-LOCAL-V1-000645,DEV_EP_DD_001,DUPLICADO,DUPLICADO,DUPLICADO,True,True,0.988335505262942,,,,,0.011664494737057995,0.988335505262942
deduplication__tfidf__none__logistic_regression,deduplication,tfidf,,logistic_regression,0,DEV-LOCAL-V1-000646,DEV_EP_DD_001,DUPLICADO,DUPLICADO,DUPLICADO,True,True,0.9809063708582636,,,,,0.0190936291417364,0.9809063708582636
deduplication__tfidf__none__logistic_regression,deduplication,tfidf,,logistic_regression,0,DEV-LOCAL-V1-000672,DEV_EP_DD_006,NAO_DUPLICADO,NAO_DUPLICADO,NAO_DUPLICADO,True,True,0.9993549754156696,,,,,0.9993549754156696,0.0006450245843303188
deduplication__tfidf__none__logistic_regression,deduplication,tfidf,,logistic_regression,0,DEV-LOCAL-V1-000673,DEV_EP_DD_006,NAO_DUPLICADO,NAO_DUPLICADO,NAO_DUPLICADO,True,True,0.9996129591844133,,,,,0.9996129591844133,0.0003870408155867409
deduplication__tfidf__none__logistic_regression,deduplication,tfidf,,logistic_regression,0,DEV-LOCAL-V1-000674,DEV_EP_DD_006,NAO_DUPLICADO,NAO_DUPLICADO,NAO_DUPLICADO,True,True,0.9991826225404863,,,,,0.9991826225404863,0.000817377459513672
deduplication__tfidf__none__logistic_regression,deduplication,tfidf,,logistic_regression,0,DEV-LOCAL-V1-000675,DEV_EP_DD_006,NAO_DUPLICADO,NAO_DUPLICADO,NAO_DUPLICADO,True,True,0.9994091036341899,,,,,0.9994091036341899,0.0005908963658100854
deduplication__tfidf__none__logistic_regression,deduplication,tfidf,,logistic_regression,0,DEV-LOCAL-V1-000676,DEV_EP_DD_006,NAO_DUPLICADO,NAO_DUPLICADO,NAO_DUPLICADO,True,True,0.9994473695245141,,,,,0.9994473695245141,0.0005526304754859086
deduplication__tfidf__none__logistic_regression,deduplication,tfidf,,logistic_regression,0,DEV-LOCAL-V1-001152,DEV_EP_DD_086,NAO_DUPLICADO,NAO_DUPLICADO,NAO_DUPLICADO,True,True,0.977888130862087,,,,,0.977888130862087,0.02211186913791295
deduplication__tfidf__none__logistic_regression,deduplication,tfidf,,logistic_regression,0,DEV-LOCAL-V1-001153,DEV_EP_DD_086,NAO_DUPLICADO,NAO_DUPLICADO,NAO_DUPLICADO,True,True,0.9814026274298455,,,,,0.9814026274298455,0.01859737257015445
deduplication__tfidf__none__logistic_regression,deduplication,tfidf,,logistic_regression,0,DEV-LOCAL-V1-001154,DEV_EP_DD_086,NAO_DUPLICADO,NAO_DUPLICADO,NAO_DUPLICADO,True,True,0.9674702658786128,,,,,0.9674702658786128,0.03252973412138716
deduplication__tfidf__none__logistic_regression,deduplication,tfidf,,logistic_regression,0,DEV-LOCAL-V1-001155,DEV_EP_DD_086,NAO_DUPLICADO,NAO_DUPLICADO,NAO_DUPLICADO,True,True,0.9604050764628802,,,,,0.9604050764628802,0.03959492353711977
deduplication__tfidf__none__logistic_regression,deduplication,tfidf,,logistic_regression,0,DEV-LOCAL-V1-001156,DEV_EP_DD_086,NAO_DUPLICADO,NAO_DUPLICADO,NAO_DUPLICADO,True,True,0.9710191813453448,,,,,0.9710191813453448,0.028980818654655148
deduplication__tfidf__none__logistic_regression,deduplication,tfidf,,logistic_regression,0,DEV-LOCAL-V1-000918,DEV_EP_DD_047,DUPLICADO,DUPLICADO,DUPLICADO,True,True,0.9965333303834577,,,,,0.003466669616542295,0.9965333303834577
deduplication__tfidf__none__logistic_regression,deduplication,tfidf,,logistic_regression,0,DEV-LOCAL-V1-000919,DEV_EP_DD_047,DUPLICADO,DUPLICADO,DUPLICADO,True,True,0.9978860567196313,,,,,0.0021139432803687352,0.9978860567196313
deduplication__tfidf__none__logistic_regression,deduplication,tfidf,,logistic_regression,0,DEV-LOCAL-V1-000920,DEV_EP_DD_047,DUPLICADO,DUPLICADO,DUPLICADO,True,True,0.9972492892415667,,,,,0.00275071075843325,0.9972492892415667
deduplication__tfidf__none__logistic_regression,deduplication,tfidf,,logistic_regression,0,DEV-LOCAL-V1-000921,DEV_EP_DD_047,DUPLICADO,DUPLICADO,DUPLICADO,True,True,0.9970926124661912,,,,,0.002907387533808814,0.9970926124661912
deduplication__tfidf__none__logistic_regression,deduplication,tfidf,,logistic_regression,0,DEV-LOCAL-V1-000922,DEV_EP_DD_047,DUPLICADO,DUPLICADO,DUPLICADO,True,True,0.9951298072738891,,,,,0.004870192726110889,0.9951298072738891
deduplication__tfidf__none__logistic_regression,deduplication,tfidf,,logistic_regression,0,DEV-LOCAL-V1-000768,DEV_EP_DD_022,NAO_DUPLICADO,NAO_DUPLICADO,NAO_DUPLICADO,True,True,0.9969553912041594,,,,,0.9969553912041594,0.003044608795840575
deduplication__tfidf__none__logistic_regression,deduplication,tfidf,,logistic_regression,0,DEV-LOCAL-V1-000769,DEV_EP_DD_022,NAO_DUPLICADO,NAO_DUPLICADO,NAO_DUPLICADO,True,True,0.9980906972612796,,,,,0.9980906972612796,0.001909302738720356
deduplication__tfidf__none__logistic_regression,deduplication,tfidf,,logistic_regression,0,DEV-LOCAL-V1-000770,DEV_EP_DD_022,NAO_DUPLICADO,NAO_DUPLICADO,NAO_DUPLICADO,True,True,0.9966424754849131,,,,,0.9966424754849131,0.003357524515086812
deduplication__tfidf__none__logistic_regression,deduplication,tfidf,,logistic_regression,0,DEV-LOCAL-V1-000771,DEV_EP_DD_022,NAO_DUPLICADO,NAO_DUPLICADO,NAO_DUPLICADO,True,True,0.9958345500705097,,,,,0.9958345500705097,0.004165449929490252
deduplication__tfidf__none__logistic_regression,deduplication,tfidf,,logistic_regression,0,DEV-LOCAL-V1-000772,DEV_EP_DD_022,NAO_DUPLICADO,NAO_DUPLICADO,NAO_DUPLICADO,True,True,0.9970402506162441,,,,,0.9970402506162441,0.0029597493837559266
deduplication__tfidf__none__logistic_regression,deduplication,tfidf,,logistic_regression,0,DEV-LOCAL-V1-001212,DEV_EP_DD_096,NAO_DUPLICADO,NAO_DUPLICADO,NAO_DUPLICADO,True,True,0.9886430051248958,,,,,0.9886430051248958,0.011356994875104245
deduplication__tfidf__none__logistic_regression,deduplication,tfidf,,logistic_regression,0,DEV-LOCAL-V1-001213,DEV_EP_DD_096,NAO_DUPLICADO,NAO_DUPLICADO,NAO_DUPLICADO,True,True,0.9934856792483892,,,,,0.9934856792483892,0.006514320751610815
deduplication__tfidf__none__logistic_regression,deduplication,tfidf,,logistic_regression,0,DEV-LOCAL-V1-001214,DEV_EP_DD_096,NAO_DUPLICADO,NAO_DUPLICADO,NAO_DUPLICADO,True,True,0.9864499155004144,,,,,0.9864499155004144,0.013550084499585611
deduplication__tfidf__none__logistic_regression,deduplication,tfidf,,logistic_regression,0,DEV-LOCAL-V1-001215,DEV_EP_DD_096,NAO_DUPLICADO,NAO_DUPLICADO,NAO_DUPLICADO,True,True,0.98740945294741,,,,,0.98740945294741,0.012590547052590046
deduplication__tfidf__none__logistic_regression,deduplication,tfidf,,logistic_regression,0,DEV-LOCAL-V1-001216,DEV_EP_DD_096,NAO_DUPLICADO,NAO_DUPLICADO,NAO_DUPLICADO,True,True,0.9889028722808312,,,,,0.9889028722808312,0.011097127719168869
deduplication__tfidf__none__logistic_regression,deduplication,tfidf,,logistic_regression,0,DEV-LOCAL-V1-000894,DEV_EP_DD_043,DUPLICADO,DUPLICADO,DUPLICADO,True,True,0.987494693507492,,,,,0.012505306492508028,0.987494693507492
deduplication__tfidf__none__logistic_regression,deduplication,tfidf,,logistic_regression,0,DEV-LOCAL-V1-000895,DEV_EP_DD_043,DUPLICADO,DUPLICADO,DUPLICADO,True,True,0.9905389184344143,,,,,0.009461081565585672,0.9905389184344143
deduplication__tfidf__none__logistic_regression,deduplication,tfidf,,logistic_regression,0,DEV-LOCAL-V1-000896,DEV_EP_DD_043,DUPLICADO,DUPLICADO,DUPLICADO,True,True,0.9883661155043975,,,,,0.011633884495602542,0.9883661155043975
deduplication__tfidf__none__logistic_regression,deduplication,tfidf,,logistic_regression,0,DEV-LOCAL-V1-000897,DEV_EP_DD_043,DUPLICADO,DUPLICADO,DUPLICADO,True,True,0.9920508112035596,,,,,0.007949188796440354,0.9920508112035596
deduplication__tfidf__none__logistic_regression,deduplication,tfidf,,logistic_regression,0,DEV-LOCAL-V1-000898,DEV_EP_DD_043,DUPLICADO,DUPLICADO,DUPLICADO,True,True,0.9871875782199656,,,,,0.012812421780034389,0.9871875782199656
deduplication__tfidf__none__logistic_regression,deduplication,tfidf,,logistic_regression,0,DEV-LOCAL-V1-001044,DEV_EP_DD_068,NAO_DUPLICADO,NAO_DUPLICADO,NAO_DUPLICADO,True,True,0.9957776772814393,,,,,0.9957776772814393,0.004222322718560731
deduplication__tfidf__none__logistic_regression,deduplication,tfidf,,logistic_regression,0,DEV-LOCAL-V1-001045,DEV_EP_DD_068,NAO_DUPLICADO,NAO_DUPLICADO,NAO_DUPLICADO,True,True,0.9973910950428252,,,,,0.9973910950428252,0.0026089049571748108
deduplication__tfidf__none__logistic_regression,deduplication,tfidf,,logistic_regression,0,DEV-LOCAL-V1-001046,DEV_EP_DD_068,NAO_DUPLICADO,NAO_DUPLICADO,NAO_DUPLICADO,True,True,0.9960874203923122,,,,,0.9960874203923122,0.003912579607687718
deduplication__tfidf__none__logistic_regression,deduplication,tfidf,,logistic_regression,0,DEV-LOCAL-V1-001047,DEV_EP_DD_068,NAO_DUPLICADO,NAO_DUPLICADO,NAO_DUPLICADO,True,True,0.9961054581714454,,,,,0.9961054581714454,0.003894541828554591
deduplication__tfidf__none__logistic_regression,deduplication,tfidf,,logistic_regression,0,DEV-LOCAL-V1-001048,DEV_EP_DD_068,NAO_DUPLICADO,NAO_DUPLICADO,NAO_DUPLICADO,True,True,0.9948067925557051,,,,,0.9948067925557051,0.005193207444294815
deduplication__tfidf__none__logistic_regression,deduplication,tfidf,,logistic_regression,0,DEV-LOCAL-V1-000732,DEV_EP_DD_016,NAO_DUPLICADO,NAO_DUPLICADO,NAO_DUPLICADO,True,True,0.997413327960582,,,,,0.997413327960582,0.0025866720394179675
deduplication__tfidf__none__logistic_regression,deduplication,tfidf,,logistic_regression,0,DEV-LOCAL-V1-000733,DEV_EP_DD_016,NAO_DUPLICADO,NAO_DUPLICADO,NAO_DUPLICADO,True,True,0.9972073650621762,,,,,0.9972073650621762,0.0027926349378237453
deduplication__tfidf__none__logistic_regression,deduplication,tfidf,,logistic_regression,0,DEV-LOCAL-V1-000734,DEV_EP_DD_016,NAO_DUPLICADO,NAO_DUPLICADO,NAO_DUPLICADO,True,True,0.9961686131928326,,,,,0.9961686131928326,0.003831386807167406
deduplication__tfidf__none__logistic_regression,deduplication,tfidf,,logistic_regression,0,DEV-LOCAL-V1-000735,DEV_EP_DD_016,NAO_DUPLICADO,NAO_DUPLICADO,NAO_DUPLICADO,True,True,0.9966125326302693,,,,,0.9966125326302693,0.003387467369730671
deduplication__tfidf__none__logistic_regression,deduplication,tfidf,,logistic_regression,0,DEV-LOCAL-V1-000736,DEV_EP_DD_016,NAO_DUPLICADO,NAO_DUPLICADO,NAO_DUPLICADO,True,True,0.9940865688928372,,,,,0.9940865688928372,0.005913431107162857
deduplication__tfidf__none__logistic_regression,deduplication,tfidf,,logistic_regression,0,DEV-LOCAL-V1-001332,DEV_EP_DD_116,NAO_DUPLICADO,NAO_DUPLICADO,NAO_DUPLICADO,True,True,0.9960476672877984,,,,,0.9960476672877984,0.003952332712201667
deduplication__tfidf__none__logistic_regression,deduplication,tfidf,,logistic_regression,0,DEV-LOCAL-V1-001333,DEV_EP_DD_116,NAO_DUPLICADO,NAO_DUPLICADO,NAO_DUPLICADO,True,True,0.9963115492790473,,,,,0.9963115492790473,0.003688450720952747
deduplication__tfidf__none__logistic_regression,deduplication,tfidf,,logistic_regression,0,DEV-LOCAL-V1-001334,DEV_EP_DD_116,NAO_DUPLICADO,NAO_DUPLICADO,NAO_DUPLICADO,True,True,0.9955855349610794,,,,,0.9955855349610794,0.004414465038920641
deduplication__tfidf__none__logistic_regression,deduplication,tfidf,,logistic_regression,0,DEV-LOCAL-V1-001335,DEV_EP_DD_116,NAO_DUPLICADO,NAO_DUPLICADO,NAO_DUPLICADO,True,True,0.9945920281124151,,,,,0.9945920281124151,0.005407971887584916
deduplication__tfidf__none__logistic_regression,deduplication,tfidf,,logistic_regression,0,DEV-LOCAL-V1-001336,DEV_EP_DD_116,NAO_DUPLICADO,NAO_DUPLICADO,NAO_DUPLICADO,True,True,0.9956546648939376,,,,,0.9956546648939376,0.004345335106062405
deduplication__tfidf__none__logistic_regression,deduplication,tfidf,,logistic_regression,0,DEV-LOCAL-V1-001068,DEV_EP_DD_072,NAO_DUPLICADO,NAO_DUPLICADO,NAO_DUPLICADO,True,True,0.9946436964534925,,,,,0.9946436964534925,0.005356303546507521
deduplication__tfidf__none__logistic_regression,deduplication,tfidf,,logistic_regression,0,DEV-LOCAL-V1-001069,DEV_EP_DD_072,NAO_DUPLICADO,NAO_DUPLICADO,NAO_DUPLICADO,True,True,0.9971931416307468,,,,,0.9971931416307468,0.0028068583692531838
deduplication__tfidf__none__logistic_regression,deduplication,tfidf,,logistic_regression,0,DEV-LOCAL-V1-001070,DEV_EP_DD_072,NAO_DUPLICADO,NAO_DUPLICADO,NAO_DUPLICADO,True,True,0.9953056334575363,,,,,0.9953056334575363,0.004694366542463692
deduplication__tfidf__none__logistic_regression,deduplication,tfidf,,logistic_regression,0,DEV-LOCAL-V1-001071,DEV_EP_DD_072,NAO_DUPLICADO,NAO_DUPLICADO,NAO_DUPLICADO,True,True,0.9934749300250894,,,,,0.9934749300250894,0.0065250699749106345
deduplication__tfidf__none__logistic_regression,deduplication,tfidf,,logistic_regression,0,DEV-LOCAL-V1-001072,DEV_EP_DD_072,NAO_DUPLICADO,NAO_DUPLICADO,NAO_DUPLICADO,True,True,0.9958010568377837,,,,,0.9958010568377837,0.004198943162216221
deduplication__tfidf__none__logistic_regression,deduplication,tfidf,,logistic_regression,0,DEV-LOCAL-V1-000822,DEV_EP_DD_031,DUPLICADO,DUPLICADO,DUPLICADO,True,True,0.9852996500779229,,,,,0.014700349922077138,0.9852996500779229
deduplication__tfidf__none__logistic_regression,deduplication,tfidf,,logistic_regression,0,DEV-LOCAL-V1-000823,DEV_EP_DD_031,DUPLICADO,DUPLICADO,DUPLICADO,True,True,0.9913531407700501,,,,,0.0086468592299499,0.9913531407700501
deduplication__tfidf__none__logistic_regression,deduplication,tfidf,,logistic_regression,0,DEV-LOCAL-V1-000824,DEV_EP_DD_031,DUPLICADO,DUPLICADO,DUPLICADO,True,True,0.9902023714534648,,,,,0.009797628546535209,0.9902023714534648
deduplication__tfidf__none__logistic_regression,deduplication,tfidf,,logistic_regression,0,DEV-LOCAL-V1-000825,DEV_EP_DD_031,DUPLICADO,DUPLICADO,DUPLICADO,True,True,0.9927732010441567,,,,,0.007226798955843328,0.9927732010441567
deduplication__tfidf__none__logistic_regression,deduplication,tfidf,,logistic_regression,0,DEV-LOCAL-V1-000826,DEV_EP_DD_031,DUPLICADO,DUPLICADO,DUPLICADO,True,True,0.9841556162362577,,,,,0.01584438376374231,0.9841556162362577
deduplication__tfidf__none__logistic_regression,deduplication,tfidf,,logistic_regression,0,DEV-LOCAL-V1-001242,DEV_EP_DD_101,DUPLICADO,DUPLICADO,DUPLICADO,True,True,0.9862495870001418,,,,,0.013750412999858241,0.9862495870001418
deduplication__tfidf__none__logistic_regression,deduplication,tfidf,,logistic_regression,0,DEV-LOCAL-V1-001243,DEV_EP_DD_101,DUPLICADO,DUPLICADO,DUPLICADO,True,True,0.987661382643607,,,,,0.012338617356392967,0.987661382643607
deduplication__tfidf__none__logistic_regression,deduplication,tfidf,,logistic_regression,0,DEV-LOCAL-V1-001244,DEV_EP_DD_101,DUPLICADO,DUPLICADO,DUPLICADO,True,True,0.9844474742496231,,,,,0.015552525750376911,0.9844474742496231
deduplication__tfidf__none__logistic_regression,deduplication,tfidf,,logistic_regression,0,DEV-LOCAL-V1-001245,DEV_EP_DD_101,DUPLICADO,DUPLICADO,DUPLICADO,True,True,0.9852128919937048,,,,,0.014787108006295235,0.9852128919937048
deduplication__tfidf__none__logistic_regression,deduplication,tfidf,,logistic_regression,0,DEV-LOCAL-V1-001246,DEV_EP_DD_101,DUPLICADO,DUPLICADO,DUPLICADO,True,True,0.9893422311133396,,,,,0.010657768886660368,0.9893422311133396
deduplication__tfidf__none__logistic_regression,deduplication,tfidf,,logistic_regression,0,DEV-LOCAL-V1-001314,DEV_EP_DD_113,DUPLICADO,DUPLICADO,DUPLICADO,True,True,0.979656528881011,,,,,0.020343471118989043,0.979656528881011
deduplication__tfidf__none__logistic_regression,deduplication,tfidf,,logistic_regression,0,DEV-LOCAL-V1-001315,DEV_EP_DD_113,DUPLICADO,DUPLICADO,DUPLICADO,True,True,0.9781297773724947,,,,,0.021870222627505265,0.9781297773724947
deduplication__tfidf__none__logistic_regression,deduplication,tfidf,,logistic_regression,0,DEV-LOCAL-V1-001316,DEV_EP_DD_113,DUPLICADO,DUPLICADO,DUPLICADO,True,True,0.9829239965946412,,,,,0.017076003405358753,0.9829239965946412
deduplication__tfidf__none__logistic_regression,deduplication,tfidf,,logistic_regression,0,DEV-LOCAL-V1-001317,DEV_EP_DD_113,DUPLICADO,DUPLICADO,DUPLICADO,True,True,0.9868739915565707,,,,,0.01312600844342926,0.9868739915565707
deduplication__tfidf__none__logistic_regression,deduplication,tfidf,,logistic_regression,0,DEV-LOCAL-V1-001318,DEV_EP_DD_113,DUPLICADO,DUPLICADO,DUPLICADO,True,True,0.9736181455404502,,,,,0.02638185445954977,0.9736181455404502
deduplication__tfidf__none__logistic_regression,deduplication,tfidf,,logistic_regression,0,DEV-LOCAL-V1-001272,DEV_EP_DD_106,NAO_DUPLICADO,NAO_DUPLICADO,NAO_DUPLICADO,True,True,0.9970664092357341,,,,,0.9970664092357341,0.002933590764265934
deduplication__tfidf__none__logistic_regression,deduplication,tfidf,,logistic_regression,0,DEV-LOCAL-V1-001273,DEV_EP_DD_106,NAO_DUPLICADO,NAO_DUPLICADO,NAO_DUPLICADO,True,True,0.9983631078151689,,,,,0.9983631078151689,0.0016368921848310904
deduplication__tfidf__none__logistic_regression,deduplication,tfidf,,logistic_regression,0,DEV-LOCAL-V1-001274,DEV_EP_DD_106,NAO_DUPLICADO,NAO_DUPLICADO,NAO_DUPLICADO,True,True,0.9969213428485582,,,,,0.9969213428485582,0.0030786571514418394
deduplication__tfidf__none__logistic_regression,deduplication,tfidf,,logistic_regression,0,DEV-LOCAL-V1-001275,DEV_EP_DD_106,NAO_DUPLICADO,NAO_DUPLICADO,NAO_DUPLICADO,True,True,0.9963028247016632,,,,,0.9963028247016632,0.003697175298336842
deduplication__tfidf__none__logistic_regression,deduplication,tfidf,,logistic_regression,0,DEV-LOCAL-V1-001276,DEV_EP_DD_106,NAO_DUPLICADO,NAO_DUPLICADO,NAO_DUPLICADO,True,True,0.9974760009527898,,,,,0.9974760009527898,0.002523999047210284
deduplication__tfidf__none__logistic_regression,deduplication,tfidf,,logistic_regression,0,DEV-LOCAL-V1-000852,DEV_EP_DD_036,NAO_DUPLICADO,NAO_DUPLICADO,NAO_DUPLICADO,True,True,0.9936491460494709,,,,,0.9936491460494709,0.006350853950529156
deduplication__tfidf__none__logistic_regression,deduplication,tfidf,,logistic_regression,0,DEV-LOCAL-V1-000853,DEV_EP_DD_036,NAO_DUPLICADO,NAO_DUPLICADO,NAO_DUPLICADO,True,True,0.9938953977054736,,,,,0.9938953977054736,0.00610460229452634
deduplication__tfidf__none__logistic_regression,deduplication,tfidf,,logistic_regression,0,DEV-LOCAL-V1-000854,DEV_EP_DD_036,NAO_DUPLICADO,NAO_DUPLICADO,NAO_DUPLICADO,True,True,0.9926202541593834,,,,,0.9926202541593834,0.0073797458406166345
deduplication__tfidf__none__logistic_regression,deduplication,tfidf,,logistic_regression,0,DEV-LOCAL-V1-000855,DEV_EP_DD_036,NAO_DUPLICADO,NAO_DUPLICADO,NAO_DUPLICADO,True,True,0.9908439924263126,,,,,0.9908439924263126,0.009156007573687409
deduplication__tfidf__none__logistic_regression,deduplication,tfidf,,logistic_regression,0,DEV-LOCAL-V1-000856,DEV_EP_DD_036,NAO_DUPLICADO,NAO_DUPLICADO,NAO_DUPLICADO,True,True,0.9895015894600907,,,,,0.9895015894600907,0.010498410539909263
deduplication__tfidf__none__logistic_regression,deduplication,tfidf,,logistic_regression,0,DEV-LOCAL-V1-001092,DEV_EP_DD_076,NAO_DUPLICADO,NAO_DUPLICADO,NAO_DUPLICADO,True,True,0.9970887913441056,,,,,0.9970887913441056,0.0029112086558944696
deduplication__tfidf__none__logistic_regression,deduplication,tfidf,,logistic_regression,0,DEV-LOCAL-V1-001093,DEV_EP_DD_076,NAO_DUPLICADO,NAO_DUPLICADO,NAO_DUPLICADO,True,True,0.9978697070693029,,,,,0.9978697070693029,0.0021302929306971463
deduplication__tfidf__none__logistic_regression,deduplication,tfidf,,logistic_regression,0,DEV-LOCAL-V1-001094,DEV_EP_DD_076,NAO_DUPLICADO,NAO_DUPLICADO,NAO_DUPLICADO,True,True,0.9976276251229395,,,,,0.9976276251229395,0.002372374877060598
deduplication__tfidf__none__logistic_regression,deduplication,tfidf,,logistic_regression,0,DEV-LOCAL-V1-001095,DEV_EP_DD_076,NAO_DUPLICADO,NAO_DUPLICADO,NAO_DUPLICADO,True,True,0.9973478835727962,,,,,0.9973478835727962,0.0026521164272037025
deduplication__tfidf__none__logistic_regression,deduplication,tfidf,,logistic_regression,0,DEV-LOCAL-V1-001096,DEV_EP_DD_076,NAO_DUPLICADO,NAO_DUPLICADO,NAO_DUPLICADO,True,True,0.9963171975150281,,,,,0.9963171975150281,0.0036828024849718533
deduplication__tfidf__none__logistic_regression,deduplication,tfidf,,logistic_regression,1,DEV-LOCAL-V1-001320,DEV_EP_DD_114,NAO_DUPLICADO,NAO_DUPLICADO,NAO_DUPLICADO,True,True,0.9948182528520791,,,,,0.9948182528520791,0.005181747147920808
deduplication__tfidf__none__logistic_regression,deduplication,tfidf,,logistic_regression,1,DEV-LOCAL-V1-001321,DEV_EP_DD_114,NAO_DUPLICADO,NAO_DUPLICADO,NAO_DUPLICADO,True,True,0.9966944576609074,,,,,0.9966944576609074,0.003305542339092657
deduplication__tfidf__none__logistic_regression,deduplication,tfidf,,logistic_regression,1,DEV-LOCAL-V1-001322,DEV_EP_DD_114,NAO_DUPLICADO,NAO_DUPLICADO,NAO_DUPLICADO,True,True,0.9968725658622147,,,,,0.9968725658622147,0.003127434137785251
deduplication__tfidf__none__logistic_regression,deduplication,tfidf,,logistic_regression,1,DEV-LOCAL-V1-001323,DEV_EP_DD_114,NAO_DUPLICADO,NAO_DUPLICADO,NAO_DUPLICADO,True,True,0.9955166071678351,,,,,0.9955166071678351,0.004483392832164896
deduplication__tfidf__none__logistic_regression,deduplication,tfidf,,logistic_regression,1,DEV-LOCAL-V1-001324,DEV_EP_DD_114,NAO_DUPLICADO,NAO_DUPLICADO,NAO_DUPLICADO,True,True,0.9958474702084317,,,,,0.9958474702084317,0.004152529791568301
deduplication__tfidf__none__logistic_regression,deduplication,tfidf,,logistic_regression,1,DEV-LOCAL-V1-001278,DEV_EP_DD_107,DUPLICADO,DUPLICADO,DUPLICADO,True,True,0.9986458549510078,,,,,0.001354145048992228,0.9986458549510078
deduplication__tfidf__none__logistic_regression,deduplication,tfidf,,logistic_regression,1,DEV-LOCAL-V1-001279,DEV_EP_DD_107,DUPLICADO,DUPLICADO,DUPLICADO,True,True,0.9986138666446689,,,,,0.0013861333553311095,0.9986138666446689
deduplication__tfidf__none__logistic_regression,deduplication,tfidf,,logistic_regression,1,DEV-LOCAL-V1-001280,DEV_EP_DD_107,DUPLICADO,DUPLICADO,DUPLICADO,True,True,0.9971187200204273,,,,,0.0028812799795726596,0.9971187200204273
deduplication__tfidf__none__logistic_regression,deduplication,tfidf,,logistic_regression,1,DEV-LOCAL-V1-001281,DEV_EP_DD_107,DUPLICADO,DUPLICADO,DUPLICADO,True,True,0.998054663918398,,,,,0.0019453360816019671,0.998054663918398
deduplication__tfidf__none__logistic_regression,deduplication,tfidf,,logistic_regression,1,DEV-LOCAL-V1-001282,DEV_EP_DD_107,DUPLICADO,DUPLICADO,DUPLICADO,True,True,0.9976374421712875,,,,,0.0023625578287125304,0.9976374421712875
deduplication__tfidf__none__logistic_regression,deduplication,tfidf,,logistic_regression,1,DEV-LOCAL-V1-001344,DEV_EP_DD_118,NAO_DUPLICADO,NAO_DUPLICADO,NAO_DUPLICADO,True,True,0.9986109120749502,,,,,0.9986109120749502,0.0013890879250497336
deduplication__tfidf__none__logistic_regression,deduplication,tfidf,,logistic_regression,1,DEV-LOCAL-V1-001345,DEV_EP_DD_118,NAO_DUPLICADO,NAO_DUPLICADO,NAO_DUPLICADO,True,True,0.9991979585752699,,,,,0.9991979585752699,0.0008020414247300988
deduplication__tfidf__none__logistic_regression,deduplication,tfidf,,logistic_regression,1,DEV-LOCAL-V1-001346,DEV_EP_DD_118,NAO_DUPLICADO,NAO_DUPLICADO,NAO_DUPLICADO,True,True,0.9986442394032795,,,,,0.9986442394032795,0.0013557605967204388
deduplication__tfidf__none__logistic_regression,deduplication,tfidf,,logistic_regression,1,DEV-LOCAL-V1-001347,DEV_EP_DD_118,NAO_DUPLICADO,NAO_DUPLICADO,NAO_DUPLICADO,True,True,0.9987984557145209,,,,,0.9987984557145209,0.0012015442854791038
deduplication__tfidf__none__logistic_regression,deduplication,tfidf,,logistic_regression,1,DEV-LOCAL-V1-001348,DEV_EP_DD_118,NAO_DUPLICADO,NAO_DUPLICADO,NAO_DUPLICADO,True,True,0.9985586561007186,,,,,0.9985586561007186,0.0014413438992814619
deduplication__tfidf__none__logistic_regression,deduplication,tfidf,,logistic_regression,1,DEV-LOCAL-V1-001158,DEV_EP_DD_087,DUPLICADO,DUPLICADO,DUPLICADO,True,True,0.9981707841012021,,,,,0.0018292158987979201,0.9981707841012021
deduplication__tfidf__none__logistic_regression,deduplication,tfidf,,logistic_regression,1,DEV-LOCAL-V1-001159,DEV_EP_DD_087,DUPLICADO,DUPLICADO,DUPLICADO,True,True,0.9971675438336723,,,,,0.002832456166327657,0.9971675438336723
deduplication__tfidf__none__logistic_regression,deduplication,tfidf,,logistic_regression,1,DEV-LOCAL-V1-001160,DEV_EP_DD_087,DUPLICADO,DUPLICADO,DUPLICADO,True,True,0.996495469065879,,,,,0.003504530934120953,0.996495469065879
deduplication__tfidf__none__logistic_regression,deduplication,tfidf,,logistic_regression,1,DEV-LOCAL-V1-001161,DEV_EP_DD_087,DUPLICADO,DUPLICADO,DUPLICADO,True,True,0.9965874308427554,,,,,0.003412569157244638,0.9965874308427554
deduplication__tfidf__none__logistic_regression,deduplication,tfidf,,logistic_regression,1,DEV-LOCAL-V1-001162,DEV_EP_DD_087,DUPLICADO,DUPLICADO,DUPLICADO,True,True,0.9970939685842922,,,,,0.002906031415707777,0.9970939685842922
deduplication__tfidf__none__logistic_regression,deduplication,tfidf,,logistic_regression,1,DEV-LOCAL-V1-001128,DEV_EP_DD_082,NAO_DUPLICADO,NAO_DUPLICADO,NAO_DUPLICADO,True,True,0.9968934860608749,,,,,0.9968934860608749,0.0031065139391250936
deduplication__tfidf__none__logistic_regression,deduplication,tfidf,,logistic_regression,1,DEV-LOCAL-V1-001129,DEV_EP_DD_082,NAO_DUPLICADO,NAO_DUPLICADO,NAO_DUPLICADO,True,True,0.9985609212522272,,,,,0.9985609212522272,0.0014390787477728346
deduplication__tfidf__none__logistic_regression,deduplication,tfidf,,logistic_regression,1,DEV-LOCAL-V1-001130,DEV_EP_DD_082,NAO_DUPLICADO,NAO_DUPLICADO,NAO_DUPLICADO,True,True,0.9985981043513241,,,,,0.9985981043513241,0.00140189564867583
deduplication__tfidf__none__logistic_regression,deduplication,tfidf,,logistic_regression,1,DEV-LOCAL-V1-001131,DEV_EP_DD_082,NAO_DUPLICADO,NAO_DUPLICADO,NAO_DUPLICADO,True,True,0.9983694726764276,,,,,0.9983694726764276,0.0016305273235723392
deduplication__tfidf__none__logistic_regression,deduplication,tfidf,,logistic_regression,1,DEV-LOCAL-V1-001132,DEV_EP_DD_082,NAO_DUPLICADO,NAO_DUPLICADO,NAO_DUPLICADO,True,True,0.9975821206672908,,,,,0.9975821206672908,0.002417879332709242
deduplication__tfidf__none__logistic_regression,deduplication,tfidf,,logistic_regression,1,DEV-LOCAL-V1-000936,DEV_EP_DD_050,NAO_DUPLICADO,NAO_DUPLICADO,NAO_DUPLICADO,True,True,0.9531555353209853,,,,,0.9531555353209853,0.04684446467901466
deduplication__tfidf__none__logistic_regression,deduplication,tfidf,,logistic_regression,1,DEV-LOCAL-V1-000937,DEV_EP_DD_050,NAO_DUPLICADO,NAO_DUPLICADO,NAO_DUPLICADO,True,True,0.9732827854031556,,,,,0.9732827854031556,0.026717214596844445
deduplication__tfidf__none__logistic_regression,deduplication,tfidf,,logistic_regression,1,DEV-LOCAL-V1-000938,DEV_EP_DD_050,NAO_DUPLICADO,NAO_DUPLICADO,NAO_DUPLICADO,True,True,0.9776053266067855,,,,,0.9776053266067855,0.022394673393214527
deduplication__tfidf__none__logistic_regression,deduplication,tfidf,,logistic_regression,1,DEV-LOCAL-V1-000939,DEV_EP_DD_050,NAO_DUPLICADO,NAO_DUPLICADO,NAO_DUPLICADO,True,True,0.9816646254294379,,,,,0.9816646254294379,0.018335374570562096
deduplication__tfidf__none__logistic_regression,deduplication,tfidf,,logistic_regression,1,DEV-LOCAL-V1-000940,DEV_EP_DD_050,NAO_DUPLICADO,NAO_DUPLICADO,NAO_DUPLICADO,True,True,0.9642157918342289,,,,,0.9642157918342289,0.03578420816577105
deduplication__tfidf__none__logistic_regression,deduplication,tfidf,,logistic_regression,1,DEV-LOCAL-V1-001050,DEV_EP_DD_069,DUPLICADO,DUPLICADO,DUPLICADO,True,True,0.995093165932972,,,,,0.004906834067027965,0.995093165932972
deduplication__tfidf__none__logistic_regression,deduplication,tfidf,,logistic_regression,1,DEV-LOCAL-V1-001051,DEV_EP_DD_069,DUPLICADO,DUPLICADO,DUPLICADO,True,True,0.9946443532544846,,,,,0.005355646745515363,0.9946443532544846
deduplication__tfidf__none__logistic_regression,deduplication,tfidf,,logistic_regression,1,DEV-LOCAL-V1-001052,DEV_EP_DD_069,DUPLICADO,DUPLICADO,DUPLICADO,True,True,0.986663402782966,,,,,0.013336597217033952,0.986663402782966
deduplication__tfidf__none__logistic_regression,deduplication,tfidf,,logistic_regression,1,DEV-LOCAL-V1-001053,DEV_EP_DD_069,DUPLICADO,DUPLICADO,DUPLICADO,True,True,0.9915028868668816,,,,,0.008497113133118406,0.9915028868668816
deduplication__tfidf__none__logistic_regression,deduplication,tfidf,,logistic_regression,1,DEV-LOCAL-V1-001054,DEV_EP_DD_069,DUPLICADO,DUPLICADO,DUPLICADO,True,True,0.9894989654119885,,,,,0.010501034588011549,0.9894989654119885
deduplication__tfidf__none__logistic_regression,deduplication,tfidf,,logistic_regression,1,DEV-LOCAL-V1-001002,DEV_EP_DD_061,DUPLICADO,DUPLICADO,DUPLICADO,True,True,0.9727821388660888,,,,,0.027217861133911225,0.9727821388660888
deduplication__tfidf__none__logistic_regression,deduplication,tfidf,,logistic_regression,1,DEV-LOCAL-V1-001003,DEV_EP_DD_061,DUPLICADO,DUPLICADO,DUPLICADO,True,True,0.9851011724600336,,,,,0.014898827539966408,0.9851011724600336
deduplication__tfidf__none__logistic_regression,deduplication,tfidf,,logistic_regression,1,DEV-LOCAL-V1-001004,DEV_EP_DD_061,DUPLICADO,DUPLICADO,DUPLICADO,True,True,0.9769941974117407,,,,,0.02300580258825935,0.9769941974117407
deduplication__tfidf__none__logistic_regression,deduplication,tfidf,,logistic_regression,1,DEV-LOCAL-V1-001005,DEV_EP_DD_061,DUPLICADO,DUPLICADO,DUPLICADO,True,True,0.9839804762685386,,,,,0.016019523731461427,0.9839804762685386
deduplication__tfidf__none__logistic_regression,deduplication,tfidf,,logistic_regression,1,DEV-LOCAL-V1-001006,DEV_EP_DD_061,DUPLICADO,DUPLICADO,DUPLICADO,True,True,0.9762862597781847,,,,,0.02371374022181527,0.9762862597781847
deduplication__tfidf__none__logistic_regression,deduplication,tfidf,,logistic_regression,1,DEV-LOCAL-V1-000750,DEV_EP_DD_019,DUPLICADO,DUPLICADO,DUPLICADO,True,True,0.9969088997710769,,,,,0.003091100228923116,0.9969088997710769
deduplication__tfidf__none__logistic_regression,deduplication,tfidf,,logistic_regression,1,DEV-LOCAL-V1-000751,DEV_EP_DD_019,DUPLICADO,DUPLICADO,DUPLICADO,True,True,0.9974213455114997,,,,,0.002578654488500254,0.9974213455114997
deduplication__tfidf__none__logistic_regression,deduplication,tfidf,,logistic_regression,1,DEV-LOCAL-V1-000752,DEV_EP_DD_019,DUPLICADO,DUPLICADO,DUPLICADO,True,True,0.9928639807921431,,,,,0.007136019207856892,0.9928639807921431
deduplication__tfidf__none__logistic_regression,deduplication,tfidf,,logistic_regression,1,DEV-LOCAL-V1-000753,DEV_EP_DD_019,DUPLICADO,DUPLICADO,DUPLICADO,True,True,0.9966218138732545,,,,,0.0033781861267454527,0.9966218138732545
deduplication__tfidf__none__logistic_regression,deduplication,tfidf,,logistic_regression,1,DEV-LOCAL-V1-000754,DEV_EP_DD_019,DUPLICADO,DUPLICADO,DUPLICADO,True,True,0.9939793483933101,,,,,0.006020651606689853,0.9939793483933101
deduplication__tfidf__none__logistic_regression,deduplication,tfidf,,logistic_regression,1,DEV-LOCAL-V1-001254,DEV_EP_DD_103,DUPLICADO,DUPLICADO,DUPLICADO,True,True,0.9966234481257864,,,,,0.003376551874213596,0.9966234481257864
deduplication__tfidf__none__logistic_regression,deduplication,tfidf,,logistic_regression,1,DEV-LOCAL-V1-001255,DEV_EP_DD_103,DUPLICADO,DUPLICADO,DUPLICADO,True,True,0.9960023026510215,,,,,0.0039976973489784795,0.9960023026510215
deduplication__tfidf__none__logistic_regression,deduplication,tfidf,,logistic_regression,1,DEV-LOCAL-V1-001256,DEV_EP_DD_103,DUPLICADO,DUPLICADO,DUPLICADO,True,True,0.9964496168007276,,,,,0.0035503831992723667,0.9964496168007276
deduplication__tfidf__none__logistic_regression,deduplication,tfidf,,logistic_regression,1,DEV-LOCAL-V1-001257,DEV_EP_DD_103,DUPLICADO,DUPLICADO,DUPLICADO,True,True,0.9937782084390266,,,,,0.006221791560973355,0.9937782084390266
deduplication__tfidf__none__logistic_regression,deduplication,tfidf,,logistic_regression,1,DEV-LOCAL-V1-001258,DEV_EP_DD_103,DUPLICADO,DUPLICADO,DUPLICADO,True,True,0.993312902972547,,,,,0.0066870970274529595,0.993312902972547
deduplication__tfidf__none__logistic_regression,deduplication,tfidf,,logistic_regression,1,DEV-LOCAL-V1-000828,DEV_EP_DD_032,NAO_DUPLICADO,NAO_DUPLICADO,NAO_DUPLICADO,True,True,0.9803950563420543,,,,,0.9803950563420543,0.019604943657945767
deduplication__tfidf__none__logistic_regression,deduplication,tfidf,,logistic_regression,1,DEV-LOCAL-V1-000829,DEV_EP_DD_032,NAO_DUPLICADO,NAO_DUPLICADO,NAO_DUPLICADO,True,True,0.9890230600480355,,,,,0.9890230600480355,0.010976939951964478
deduplication__tfidf__none__logistic_regression,deduplication,tfidf,,logistic_regression,1,DEV-LOCAL-V1-000830,DEV_EP_DD_032,NAO_DUPLICADO,NAO_DUPLICADO,NAO_DUPLICADO,True,True,0.9902347820258476,,,,,0.9902347820258476,0.009765217974152439
deduplication__tfidf__none__logistic_regression,deduplication,tfidf,,logistic_regression,1,DEV-LOCAL-V1-000831,DEV_EP_DD_032,NAO_DUPLICADO,NAO_DUPLICADO,NAO_DUPLICADO,True,True,0.9884164755116153,,,,,0.9884164755116153,0.01158352448838477
deduplication__tfidf__none__logistic_regression,deduplication,tfidf,,logistic_regression,1,DEV-LOCAL-V1-000832,DEV_EP_DD_032,NAO_DUPLICADO,NAO_DUPLICADO,NAO_DUPLICADO,True,True,0.9853874206651517,,,,,0.9853874206651517,0.014612579334848271
deduplication__tfidf__none__logistic_regression,deduplication,tfidf,,logistic_regression,1,DEV-LOCAL-V1-001062,DEV_EP_DD_071,DUPLICADO,DUPLICADO,DUPLICADO,True,True,0.998443071892586,,,,,0.001556928107414035,0.998443071892586
deduplication__tfidf__none__logistic_regression,deduplication,tfidf,,logistic_regression,1,DEV-LOCAL-V1-001063,DEV_EP_DD_071,DUPLICADO,DUPLICADO,DUPLICADO,True,True,0.998982026998323,,,,,0.0010179730016770527,0.998982026998323
deduplication__tfidf__none__logistic_regression,deduplication,tfidf,,logistic_regression,1,DEV-LOCAL-V1-001064,DEV_EP_DD_071,DUPLICADO,DUPLICADO,DUPLICADO,True,True,0.9983338372139409,,,,,0.0016661627860591333,0.9983338372139409
deduplication__tfidf__none__logistic_regression,deduplication,tfidf,,logistic_regression,1,DEV-LOCAL-V1-001065,DEV_EP_DD_071,DUPLICADO,DUPLICADO,DUPLICADO,True,True,0.9988221161920277,,,,,0.0011778838079723464,0.9988221161920277
deduplication__tfidf__none__logistic_regression,deduplication,tfidf,,logistic_regression,1,DEV-LOCAL-V1-001066,DEV_EP_DD_071,DUPLICADO,DUPLICADO,DUPLICADO,True,True,0.9981369076592272,,,,,0.001863092340772754,0.9981369076592272
deduplication__tfidf__none__logistic_regression,deduplication,tfidf,,logistic_regression,1,DEV-LOCAL-V1-000900,DEV_EP_DD_044,NAO_DUPLICADO,NAO_DUPLICADO,NAO_DUPLICADO,True,True,0.9865500429627176,,,,,0.9865500429627176,0.013449957037282391
deduplication__tfidf__none__logistic_regression,deduplication,tfidf,,logistic_regression,1,DEV-LOCAL-V1-000901,DEV_EP_DD_044,NAO_DUPLICADO,NAO_DUPLICADO,NAO_DUPLICADO,True,True,0.9914261639407883,,,,,0.9914261639407883,0.008573836059211665
deduplication__tfidf__none__logistic_regression,deduplication,tfidf,,logistic_regression,1,DEV-LOCAL-V1-000902,DEV_EP_DD_044,NAO_DUPLICADO,NAO_DUPLICADO,NAO_DUPLICADO,True,True,0.9918442396253526,,,,,0.9918442396253526,0.00815576037464741
deduplication__tfidf__none__logistic_regression,deduplication,tfidf,,logistic_regression,1,DEV-LOCAL-V1-000903,DEV_EP_DD_044,NAO_DUPLICADO,NAO_DUPLICADO,NAO_DUPLICADO,True,True,0.9903666304659183,,,,,0.9903666304659183,0.009633369534081724
deduplication__tfidf__none__logistic_regression,deduplication,tfidf,,logistic_regression,1,DEV-LOCAL-V1-000904,DEV_EP_DD_044,NAO_DUPLICADO,NAO_DUPLICADO,NAO_DUPLICADO,True,True,0.9873606901654222,,,,,0.9873606901654222,0.012639309834577851
deduplication__tfidf__none__logistic_regression,deduplication,tfidf,,logistic_regression,1,DEV-LOCAL-V1-001098,DEV_EP_DD_077,DUPLICADO,DUPLICADO,DUPLICADO,True,True,0.9991080704079213,,,,,0.0008919295920787329,0.9991080704079213
deduplication__tfidf__none__logistic_regression,deduplication,tfidf,,logistic_regression,1,DEV-LOCAL-V1-001099,DEV_EP_DD_077,DUPLICADO,DUPLICADO,DUPLICADO,True,True,0.9989133246842207,,,,,0.0010866753157793285,0.9989133246842207
deduplication__tfidf__none__logistic_regression,deduplication,tfidf,,logistic_regression,1,DEV-LOCAL-V1-001100,DEV_EP_DD_077,DUPLICADO,DUPLICADO,DUPLICADO,True,True,0.9979859067411381,,,,,0.0020140932588619265,0.9979859067411381
deduplication__tfidf__none__logistic_regression,deduplication,tfidf,,logistic_regression,1,DEV-LOCAL-V1-001101,DEV_EP_DD_077,DUPLICADO,DUPLICADO,DUPLICADO,True,True,0.9985756842488416,,,,,0.0014243157511584226,0.9985756842488416
deduplication__tfidf__none__logistic_regression,deduplication,tfidf,,logistic_regression,1,DEV-LOCAL-V1-001102,DEV_EP_DD_077,DUPLICADO,DUPLICADO,DUPLICADO,True,True,0.9985381671496777,,,,,0.0014618328503223088,0.9985381671496777
deduplication__tfidf__none__logistic_regression,deduplication,tfidf,,logistic_regression,1,DEV-LOCAL-V1-001218,DEV_EP_DD_097,DUPLICADO,DUPLICADO,DUPLICADO,True,True,0.9859385820329211,,,,,0.014061417967078937,0.9859385820329211
deduplication__tfidf__none__logistic_regression,deduplication,tfidf,,logistic_regression,1,DEV-LOCAL-V1-001219,DEV_EP_DD_097,DUPLICADO,DUPLICADO,DUPLICADO,True,True,0.9814591057509717,,,,,0.018540894249028272,0.9814591057509717
deduplication__tfidf__none__logistic_regression,deduplication,tfidf,,logistic_regression,1,DEV-LOCAL-V1-001220,DEV_EP_DD_097,DUPLICADO,DUPLICADO,DUPLICADO,True,True,0.9745548334103858,,,,,0.025445166589614154,0.9745548334103858
deduplication__tfidf__none__logistic_regression,deduplication,tfidf,,logistic_regression,1,DEV-LOCAL-V1-001221,DEV_EP_DD_097,DUPLICADO,DUPLICADO,DUPLICADO,True,True,0.9862122987106113,,,,,0.013787701289388665,0.9862122987106113
deduplication__tfidf__none__logistic_regression,deduplication,tfidf,,logistic_regression,1,DEV-LOCAL-V1-001222,DEV_EP_DD_097,DUPLICADO,DUPLICADO,DUPLICADO,True,True,0.9793868871372232,,,,,0.020613112862776783,0.9793868871372232
deduplication__tfidf__none__logistic_regression,deduplication,tfidf,,logistic_regression,1,DEV-LOCAL-V1-001200,DEV_EP_DD_094,NAO_DUPLICADO,NAO_DUPLICADO,NAO_DUPLICADO,True,True,0.9970476770925595,,,,,0.9970476770925595,0.0029523229074404863
deduplication__tfidf__none__logistic_regression,deduplication,tfidf,,logistic_regression,1,DEV-LOCAL-V1-001201,DEV_EP_DD_094,NAO_DUPLICADO,NAO_DUPLICADO,NAO_DUPLICADO,True,True,0.9985167490181642,,,,,0.9985167490181642,0.0014832509818357245
deduplication__tfidf__none__logistic_regression,deduplication,tfidf,,logistic_regression,1,DEV-LOCAL-V1-001202,DEV_EP_DD_094,NAO_DUPLICADO,NAO_DUPLICADO,NAO_DUPLICADO,True,True,0.998652305860499,,,,,0.998652305860499,0.0013476941395009845
deduplication__tfidf__none__logistic_regression,deduplication,tfidf,,logistic_regression,1,DEV-LOCAL-V1-001203,DEV_EP_DD_094,NAO_DUPLICADO,NAO_DUPLICADO,NAO_DUPLICADO,True,True,0.9980756865070851,,,,,0.9980756865070851,0.0019243134929149235
deduplication__tfidf__none__logistic_regression,deduplication,tfidf,,logistic_regression,1,DEV-LOCAL-V1-001204,DEV_EP_DD_094,NAO_DUPLICADO,NAO_DUPLICADO,NAO_DUPLICADO,True,True,0.9973441291362158,,,,,0.9973441291362158,0.0026558708637842
deduplication__tfidf__none__logistic_regression,deduplication,tfidf,,logistic_regression,1,DEV-LOCAL-V1-000648,DEV_EP_DD_002,NAO_DUPLICADO,NAO_DUPLICADO,NAO_DUPLICADO,True,True,0.9732475583605642,,,,,0.9732475583605642,0.02675244163943575
deduplication__tfidf__none__logistic_regression,deduplication,tfidf,,logistic_regression,1,DEV-LOCAL-V1-000649,DEV_EP_DD_002,NAO_DUPLICADO,NAO_DUPLICADO,NAO_DUPLICADO,True,True,0.9892785888539148,,,,,0.9892785888539148,0.010721411146085187
deduplication__tfidf__none__logistic_regression,deduplication,tfidf,,logistic_regression,1,DEV-LOCAL-V1-000650,DEV_EP_DD_002,NAO_DUPLICADO,NAO_DUPLICADO,NAO_DUPLICADO,True,True,0.9890685114307431,,,,,0.9890685114307431,0.010931488569256801
deduplication__tfidf__none__logistic_regression,deduplication,tfidf,,logistic_regression,1,DEV-LOCAL-V1-000651,DEV_EP_DD_002,NAO_DUPLICADO,NAO_DUPLICADO,NAO_DUPLICADO,True,True,0.9881163112516927,,,,,0.9881163112516927,0.011883688748307242
deduplication__tfidf__none__logistic_regression,deduplication,tfidf,,logistic_regression,1,DEV-LOCAL-V1-000652,DEV_EP_DD_002,NAO_DUPLICADO,NAO_DUPLICADO,NAO_DUPLICADO,True,True,0.9785549380507895,,,,,0.9785549380507895,0.021445061949210486
deduplication__tfidf__none__logistic_regression,deduplication,tfidf,,logistic_regression,1,DEV-LOCAL-V1-000708,DEV_EP_DD_012,NAO_DUPLICADO,NAO_DUPLICADO,NAO_DUPLICADO,True,True,0.9974114582962709,,,,,0.9974114582962709,0.0025885417037291216
deduplication__tfidf__none__logistic_regression,deduplication,tfidf,,logistic_regression,1,DEV-LOCAL-V1-000709,DEV_EP_DD_012,NAO_DUPLICADO,NAO_DUPLICADO,NAO_DUPLICADO,True,True,0.9993260625725586,,,,,0.9993260625725586,0.0006739374274413199
deduplication__tfidf__none__logistic_regression,deduplication,tfidf,,logistic_regression,1,DEV-LOCAL-V1-000710,DEV_EP_DD_012,NAO_DUPLICADO,NAO_DUPLICADO,NAO_DUPLICADO,True,True,0.9991045550178923,,,,,0.9991045550178923,0.00089544498210766
deduplication__tfidf__none__logistic_regression,deduplication,tfidf,,logistic_regression,1,DEV-LOCAL-V1-000711,DEV_EP_DD_012,NAO_DUPLICADO,NAO_DUPLICADO,NAO_DUPLICADO,True,True,0.9985358443700046,,,,,0.9985358443700046,0.0014641556299953436
deduplication__tfidf__none__logistic_regression,deduplication,tfidf,,logistic_regression,1,DEV-LOCAL-V1-000712,DEV_EP_DD_012,NAO_DUPLICADO,NAO_DUPLICADO,NAO_DUPLICADO,True,True,0.9980722153310785,,,,,0.9980722153310785,0.001927784668921482
deduplication__tfidf__none__logistic_regression,deduplication,tfidf,,logistic_regression,1,DEV-LOCAL-V1-000780,DEV_EP_DD_024,NAO_DUPLICADO,NAO_DUPLICADO,NAO_DUPLICADO,True,True,0.9977589471899597,,,,,0.9977589471899597,0.002241052810040258
deduplication__tfidf__none__logistic_regression,deduplication,tfidf,,logistic_regression,1,DEV-LOCAL-V1-000781,DEV_EP_DD_024,NAO_DUPLICADO,NAO_DUPLICADO,NAO_DUPLICADO,True,True,0.9987797273268527,,,,,0.9987797273268527,0.0012202726731473249
deduplication__tfidf__none__logistic_regression,deduplication,tfidf,,logistic_regression,1,DEV-LOCAL-V1-000782,DEV_EP_DD_024,NAO_DUPLICADO,NAO_DUPLICADO,NAO_DUPLICADO,True,True,0.9990383566249734,,,,,0.9990383566249734,0.0009616433750265933
deduplication__tfidf__none__logistic_regression,deduplication,tfidf,,logistic_regression,1,DEV-LOCAL-V1-000783,DEV_EP_DD_024,NAO_DUPLICADO,NAO_DUPLICADO,NAO_DUPLICADO,True,True,0.9985056950565235,,,,,0.9985056950565235,0.0014943049434764208
deduplication__tfidf__none__logistic_regression,deduplication,tfidf,,logistic_regression,1,DEV-LOCAL-V1-000784,DEV_EP_DD_024,NAO_DUPLICADO,NAO_DUPLICADO,NAO_DUPLICADO,True,True,0.9980621764027992,,,,,0.9980621764027992,0.0019378235972008122
deduplication__tfidf__none__logistic_regression,deduplication,tfidf,,logistic_regression,1,DEV-LOCAL-V1-000690,DEV_EP_DD_009,DUPLICADO,DUPLICADO,DUPLICADO,True,True,0.9938845028560507,,,,,0.006115497143949322,0.9938845028560507
deduplication__tfidf__none__logistic_regression,deduplication,tfidf,,logistic_regression,1,DEV-LOCAL-V1-000691,DEV_EP_DD_009,DUPLICADO,DUPLICADO,DUPLICADO,True,True,0.9933191015742813,,,,,0.006680898425718729,0.9933191015742813
deduplication__tfidf__none__logistic_regression,deduplication,tfidf,,logistic_regression,1,DEV-LOCAL-V1-000692,DEV_EP_DD_009,DUPLICADO,DUPLICADO,DUPLICADO,True,True,0.9843853640724824,,,,,0.01561463592751755,0.9843853640724824
deduplication__tfidf__none__logistic_regression,deduplication,tfidf,,logistic_regression,1,DEV-LOCAL-V1-000693,DEV_EP_DD_009,DUPLICADO,DUPLICADO,DUPLICADO,True,True,0.9916973033686529,,,,,0.008302696631347084,0.9916973033686529
deduplication__tfidf__none__logistic_regression,deduplication,tfidf,,logistic_regression,1,DEV-LOCAL-V1-000694,DEV_EP_DD_009,DUPLICADO,DUPLICADO,DUPLICADO,True,True,0.9883557811362353,,,,,0.011644218863764655,0.9883557811362353
deduplication__tfidf__none__logistic_regression,deduplication,tfidf,,logistic_regression,1,DEV-LOCAL-V1-000948,DEV_EP_DD_052,NAO_DUPLICADO,NAO_DUPLICADO,NAO_DUPLICADO,True,True,0.9744443360347139,,,,,0.9744443360347139,0.025555663965286128
deduplication__tfidf__none__logistic_regression,deduplication,tfidf,,logistic_regression,1,DEV-LOCAL-V1-000949,DEV_EP_DD_052,NAO_DUPLICADO,NAO_DUPLICADO,NAO_DUPLICADO,True,True,0.9880665190973934,,,,,0.9880665190973934,0.011933480902606593
deduplication__tfidf__none__logistic_regression,deduplication,tfidf,,logistic_regression,1,DEV-LOCAL-V1-000950,DEV_EP_DD_052,NAO_DUPLICADO,NAO_DUPLICADO,NAO_DUPLICADO,True,True,0.9912995174712058,,,,,0.9912995174712058,0.00870048252879422
deduplication__tfidf__none__logistic_regression,deduplication,tfidf,,logistic_regression,1,DEV-LOCAL-V1-000951,DEV_EP_DD_052,NAO_DUPLICADO,NAO_DUPLICADO,NAO_DUPLICADO,True,True,0.9894126211057044,,,,,0.9894126211057044,0.01058737889429563
deduplication__tfidf__none__logistic_regression,deduplication,tfidf,,logistic_regression,1,DEV-LOCAL-V1-000952,DEV_EP_DD_052,NAO_DUPLICADO,NAO_DUPLICADO,NAO_DUPLICADO,True,True,0.9845771378270533,,,,,0.9845771378270533,0.01542286217294677
deduplication__tfidf__none__logistic_regression,deduplication,tfidf,,logistic_regression,1,DEV-LOCAL-V1-000972,DEV_EP_DD_056,NAO_DUPLICADO,NAO_DUPLICADO,NAO_DUPLICADO,True,True,0.9819011184225291,,,,,0.9819011184225291,0.018098881577470843
deduplication__tfidf__none__logistic_regression,deduplication,tfidf,,logistic_regression,1,DEV-LOCAL-V1-000973,DEV_EP_DD_056,NAO_DUPLICADO,NAO_DUPLICADO,NAO_DUPLICADO,True,True,0.9804410226477024,,,,,0.9804410226477024,0.01955897735229766
deduplication__tfidf__none__logistic_regression,deduplication,tfidf,,logistic_regression,1,DEV-LOCAL-V1-000974,DEV_EP_DD_056,NAO_DUPLICADO,NAO_DUPLICADO,NAO_DUPLICADO,True,True,0.9837655391119916,,,,,0.9837655391119916,0.01623446088800842
deduplication__tfidf__none__logistic_regression,deduplication,tfidf,,logistic_regression,1,DEV-LOCAL-V1-000975,DEV_EP_DD_056,NAO_DUPLICADO,NAO_DUPLICADO,NAO_DUPLICADO,True,True,0.9830012691483485,,,,,0.9830012691483485,0.01699873085165151
deduplication__tfidf__none__logistic_regression,deduplication,tfidf,,logistic_regression,1,DEV-LOCAL-V1-000976,DEV_EP_DD_056,NAO_DUPLICADO,NAO_DUPLICADO,NAO_DUPLICADO,True,True,0.9755667215961188,,,,,0.9755667215961188,0.024433278403881233
deduplication__tfidf__none__logistic_regression,deduplication,tfidf,,logistic_regression,1,DEV-LOCAL-V1-000810,DEV_EP_DD_029,DUPLICADO,DUPLICADO,DUPLICADO,True,True,0.99844803326116,,,,,0.0015519667388399494,0.99844803326116
deduplication__tfidf__none__logistic_regression,deduplication,tfidf,,logistic_regression,1,DEV-LOCAL-V1-000811,DEV_EP_DD_029,DUPLICADO,DUPLICADO,DUPLICADO,True,True,0.9989532221521725,,,,,0.0010467778478274736,0.9989532221521725
deduplication__tfidf__none__logistic_regression,deduplication,tfidf,,logistic_regression,1,DEV-LOCAL-V1-000812,DEV_EP_DD_029,DUPLICADO,DUPLICADO,DUPLICADO,True,True,0.9973171583455882,,,,,0.002682841654411794,0.9973171583455882
deduplication__tfidf__none__logistic_regression,deduplication,tfidf,,logistic_regression,1,DEV-LOCAL-V1-000813,DEV_EP_DD_029,DUPLICADO,DUPLICADO,DUPLICADO,True,True,0.9984134496787573,,,,,0.0015865503212426635,0.9984134496787573
deduplication__tfidf__none__logistic_regression,deduplication,tfidf,,logistic_regression,1,DEV-LOCAL-V1-000814,DEV_EP_DD_029,DUPLICADO,DUPLICADO,DUPLICADO,True,True,0.9968782800714973,,,,,0.003121719928502742,0.9968782800714973
deduplication__tfidf__none__logistic_regression,deduplication,tfidf,,logistic_regression,1,DEV-LOCAL-V1-000864,DEV_EP_DD_038,NAO_DUPLICADO,NAO_DUPLICADO,NAO_DUPLICADO,True,True,0.982608228552903,,,,,0.982608228552903,0.017391771447096985
deduplication__tfidf__none__logistic_regression,deduplication,tfidf,,logistic_regression,1,DEV-LOCAL-V1-000865,DEV_EP_DD_038,NAO_DUPLICADO,NAO_DUPLICADO,NAO_DUPLICADO,True,True,0.9908528907059019,,,,,0.9908528907059019,0.009147109294098085
deduplication__tfidf__none__logistic_regression,deduplication,tfidf,,logistic_regression,1,DEV-LOCAL-V1-000866,DEV_EP_DD_038,NAO_DUPLICADO,NAO_DUPLICADO,NAO_DUPLICADO,True,True,0.9845004318192164,,,,,0.9845004318192164,0.015499568180783605
deduplication__tfidf__none__logistic_regression,deduplication,tfidf,,logistic_regression,1,DEV-LOCAL-V1-000867,DEV_EP_DD_038,NAO_DUPLICADO,NAO_DUPLICADO,NAO_DUPLICADO,True,True,0.9908588029982679,,,,,0.9908588029982679,0.009141197001732089
deduplication__tfidf__none__logistic_regression,deduplication,tfidf,,logistic_regression,1,DEV-LOCAL-V1-000868,DEV_EP_DD_038,NAO_DUPLICADO,NAO_DUPLICADO,NAO_DUPLICADO,True,True,0.9865618308699096,,,,,0.9865618308699096,0.013438169130090386
deduplication__tfidf__none__logistic_regression,deduplication,tfidf,,logistic_regression,2,DEV-LOCAL-V1-001326,DEV_EP_DD_115,DUPLICADO,DUPLICADO,DUPLICADO,True,True,0.9730422835781651,,,,,0.026957716421834865,0.9730422835781651
deduplication__tfidf__none__logistic_regression,deduplication,tfidf,,logistic_regression,2,DEV-LOCAL-V1-001327,DEV_EP_DD_115,DUPLICADO,DUPLICADO,DUPLICADO,True,True,0.9778821325136811,,,,,0.022117867486318943,0.9778821325136811
deduplication__tfidf__none__logistic_regression,deduplication,tfidf,,logistic_regression,2,DEV-LOCAL-V1-001328,DEV_EP_DD_115,DUPLICADO,DUPLICADO,DUPLICADO,True,True,0.9813126776527992,,,,,0.01868732234720083,0.9813126776527992
deduplication__tfidf__none__logistic_regression,deduplication,tfidf,,logistic_regression,2,DEV-LOCAL-V1-001329,DEV_EP_DD_115,DUPLICADO,DUPLICADO,DUPLICADO,True,True,0.9790051349387856,,,,,0.020994865061214396,0.9790051349387856
deduplication__tfidf__none__logistic_regression,deduplication,tfidf,,logistic_regression,2,DEV-LOCAL-V1-001330,DEV_EP_DD_115,DUPLICADO,DUPLICADO,DUPLICADO,True,True,0.9722301035442835,,,,,0.02776989645571648,0.9722301035442835
deduplication__tfidf__none__logistic_regression,deduplication,tfidf,,logistic_regression,2,DEV-LOCAL-V1-001008,DEV_EP_DD_062,NAO_DUPLICADO,NAO_DUPLICADO,NAO_DUPLICADO,True,True,0.970308065984043,,,,,0.970308065984043,0.029691934015957086
deduplication__tfidf__none__logistic_regression,deduplication,tfidf,,logistic_regression,2,DEV-LOCAL-V1-001009,DEV_EP_DD_062,NAO_DUPLICADO,NAO_DUPLICADO,NAO_DUPLICADO,True,True,0.9705642969319087,,,,,0.9705642969319087,0.029435703068091307
deduplication__tfidf__none__logistic_regression,deduplication,tfidf,,logistic_regression,2,DEV-LOCAL-V1-001010,DEV_EP_DD_062,NAO_DUPLICADO,NAO_DUPLICADO,NAO_DUPLICADO,True,True,0.9454761530279048,,,,,0.9454761530279048,0.05452384697209518
deduplication__tfidf__none__logistic_regression,deduplication,tfidf,,logistic_regression,2,DEV-LOCAL-V1-001011,DEV_EP_DD_062,NAO_DUPLICADO,NAO_DUPLICADO,NAO_DUPLICADO,True,True,0.9597472116204767,,,,,0.9597472116204767,0.040252788379523306
deduplication__tfidf__none__logistic_regression,deduplication,tfidf,,logistic_regression,2,DEV-LOCAL-V1-001012,DEV_EP_DD_062,NAO_DUPLICADO,NAO_DUPLICADO,NAO_DUPLICADO,True,True,0.9591551386579293,,,,,0.9591551386579293,0.0408448613420707
deduplication__tfidf__none__logistic_regression,deduplication,tfidf,,logistic_regression,2,DEV-LOCAL-V1-001164,DEV_EP_DD_088,NAO_DUPLICADO,NAO_DUPLICADO,NAO_DUPLICADO,True,True,0.982974760557922,,,,,0.982974760557922,0.017025239442077993
deduplication__tfidf__none__logistic_regression,deduplication,tfidf,,logistic_regression,2,DEV-LOCAL-V1-001165,DEV_EP_DD_088,NAO_DUPLICADO,NAO_DUPLICADO,NAO_DUPLICADO,True,True,0.9820726169912629,,,,,0.9820726169912629,0.017927383008737044
deduplication__tfidf__none__logistic_regression,deduplication,tfidf,,logistic_regression,2,DEV-LOCAL-V1-001166,DEV_EP_DD_088,NAO_DUPLICADO,NAO_DUPLICADO,NAO_DUPLICADO,True,True,0.9842703035732422,,,,,0.9842703035732422,0.015729696426757825
deduplication__tfidf__none__logistic_regression,deduplication,tfidf,,logistic_regression,2,DEV-LOCAL-V1-001167,DEV_EP_DD_088,NAO_DUPLICADO,NAO_DUPLICADO,NAO_DUPLICADO,True,True,0.9819847248906546,,,,,0.9819847248906546,0.018015275109345367
deduplication__tfidf__none__logistic_regression,deduplication,tfidf,,logistic_regression,2,DEV-LOCAL-V1-001168,DEV_EP_DD_088,NAO_DUPLICADO,NAO_DUPLICADO,NAO_DUPLICADO,True,True,0.9748622668321965,,,,,0.9748622668321965,0.025137733167803555
deduplication__tfidf__none__logistic_regression,deduplication,tfidf,,logistic_regression,2,DEV-LOCAL-V1-001350,DEV_EP_DD_119,DUPLICADO,DUPLICADO,DUPLICADO,True,True,0.9976357199002266,,,,,0.002364280099773408,0.9976357199002266
deduplication__tfidf__none__logistic_regression,deduplication,tfidf,,logistic_regression,2,DEV-LOCAL-V1-001351,DEV_EP_DD_119,DUPLICADO,DUPLICADO,DUPLICADO,True,True,0.9985888128871372,,,,,0.0014111871128628106,0.9985888128871372
deduplication__tfidf__none__logistic_regression,deduplication,tfidf,,logistic_regression,2,DEV-LOCAL-V1-001352,DEV_EP_DD_119,DUPLICADO,DUPLICADO,DUPLICADO,True,True,0.9983867114238603,,,,,0.0016132885761397375,0.9983867114238603
deduplication__tfidf__none__logistic_regression,deduplication,tfidf,,logistic_regression,2,DEV-LOCAL-V1-001353,DEV_EP_DD_119,DUPLICADO,DUPLICADO,DUPLICADO,True,True,0.9978249027220655,,,,,0.0021750972779345235,0.9978249027220655
deduplication__tfidf__none__logistic_regression,deduplication,tfidf,,logistic_regression,2,DEV-LOCAL-V1-001354,DEV_EP_DD_119,DUPLICADO,DUPLICADO,DUPLICADO,True,True,0.9970103750466693,,,,,0.0029896249533306607,0.9970103750466693
deduplication__tfidf__none__logistic_regression,deduplication,tfidf,,logistic_regression,2,DEV-LOCAL-V1-000696,DEV_EP_DD_010,NAO_DUPLICADO,NAO_DUPLICADO,NAO_DUPLICADO,True,True,0.9974708263566979,,,,,0.9974708263566979,0.0025291736433020696
deduplication__tfidf__none__logistic_regression,deduplication,tfidf,,logistic_regression,2,DEV-LOCAL-V1-000697,DEV_EP_DD_010,NAO_DUPLICADO,NAO_DUPLICADO,NAO_DUPLICADO,True,True,0.9984320298447569,,,,,0.9984320298447569,0.001567970155243073
deduplication__tfidf__none__logistic_regression,deduplication,tfidf,,logistic_regression,2,DEV-LOCAL-V1-000698,DEV_EP_DD_010,NAO_DUPLICADO,NAO_DUPLICADO,NAO_DUPLICADO,True,True,0.9967570763430073,,,,,0.9967570763430073,0.003242923656992745
deduplication__tfidf__none__logistic_regression,deduplication,tfidf,,logistic_regression,2,DEV-LOCAL-V1-000699,DEV_EP_DD_010,NAO_DUPLICADO,NAO_DUPLICADO,NAO_DUPLICADO,True,True,0.9973047305467907,,,,,0.9973047305467907,0.0026952694532092984
deduplication__tfidf__none__logistic_regression,deduplication,tfidf,,logistic_regression,2,DEV-LOCAL-V1-000700,DEV_EP_DD_010,NAO_DUPLICADO,NAO_DUPLICADO,NAO_DUPLICADO,True,True,0.9964829571134192,,,,,0.9964829571134192,0.0035170428865808566
deduplication__tfidf__none__logistic_regression,deduplication,tfidf,,logistic_regression,2,DEV-LOCAL-V1-000876,DEV_EP_DD_040,NAO_DUPLICADO,NAO_DUPLICADO,NAO_DUPLICADO,True,True,0.9869532419304287,,,,,0.9869532419304287,0.013046758069571306
deduplication__tfidf__none__logistic_regression,deduplication,tfidf,,logistic_regression,2,DEV-LOCAL-V1-000877,DEV_EP_DD_040,NAO_DUPLICADO,NAO_DUPLICADO,NAO_DUPLICADO,True,True,0.9886255708057077,,,,,0.9886255708057077,0.011374429194292318
deduplication__tfidf__none__logistic_regression,deduplication,tfidf,,logistic_regression,2,DEV-LOCAL-V1-000878,DEV_EP_DD_040,NAO_DUPLICADO,NAO_DUPLICADO,NAO_DUPLICADO,True,True,0.9802085045037267,,,,,0.9802085045037267,0.019791495496273376
deduplication__tfidf__none__logistic_regression,deduplication,tfidf,,logistic_regression,2,DEV-LOCAL-V1-000879,DEV_EP_DD_040,NAO_DUPLICADO,NAO_DUPLICADO,NAO_DUPLICADO,True,True,0.9823740485947282,,,,,0.9823740485947282,0.01762595140527174
deduplication__tfidf__none__logistic_regression,deduplication,tfidf,,logistic_regression,2,DEV-LOCAL-V1-000880,DEV_EP_DD_040,NAO_DUPLICADO,NAO_DUPLICADO,NAO_DUPLICADO,True,True,0.975407677543806,,,,,0.975407677543806,0.024592322456194
deduplication__tfidf__none__logistic_regression,deduplication,tfidf,,logistic_regression,2,DEV-LOCAL-V1-001224,DEV_EP_DD_098,NAO_DUPLICADO,NAO_DUPLICADO,NAO_DUPLICADO,True,True,0.9539302082183224,,,,,0.9539302082183224,0.046069791781677576
deduplication__tfidf__none__logistic_regression,deduplication,tfidf,,logistic_regression,2,DEV-LOCAL-V1-001225,DEV_EP_DD_098,NAO_DUPLICADO,NAO_DUPLICADO,NAO_DUPLICADO,True,True,0.9521100713439777,,,,,0.9521100713439777,0.047889928656022276
deduplication__tfidf__none__logistic_regression,deduplication,tfidf,,logistic_regression,2,DEV-LOCAL-V1-001226,DEV_EP_DD_098,NAO_DUPLICADO,NAO_DUPLICADO,NAO_DUPLICADO,True,True,0.9499733960148653,,,,,0.9499733960148653,0.05002660398513466
deduplication__tfidf__none__logistic_regression,deduplication,tfidf,,logistic_regression,2,DEV-LOCAL-V1-001227,DEV_EP_DD_098,NAO_DUPLICADO,NAO_DUPLICADO,NAO_DUPLICADO,True,True,0.9503515798777802,,,,,0.9503515798777802,0.04964842012221982
deduplication__tfidf__none__logistic_regression,deduplication,tfidf,,logistic_regression,2,DEV-LOCAL-V1-001228,DEV_EP_DD_098,NAO_DUPLICADO,NAO_DUPLICADO,NAO_DUPLICADO,True,True,0.9369014989569879,,,,,0.9369014989569879,0.06309850104301204
deduplication__tfidf__none__logistic_regression,deduplication,tfidf,,logistic_regression,2,DEV-LOCAL-V1-001134,DEV_EP_DD_083,DUPLICADO,DUPLICADO,DUPLICADO,True,True,0.9976717058728483,,,,,0.002328294127151742,0.9976717058728483
deduplication__tfidf__none__logistic_regression,deduplication,tfidf,,logistic_regression,2,DEV-LOCAL-V1-001135,DEV_EP_DD_083,DUPLICADO,DUPLICADO,DUPLICADO,True,True,0.9986383113876097,,,,,0.0013616886123902772,0.9986383113876097
deduplication__tfidf__none__logistic_regression,deduplication,tfidf,,logistic_regression,2,DEV-LOCAL-V1-001136,DEV_EP_DD_083,DUPLICADO,DUPLICADO,DUPLICADO,True,True,0.9975814214036557,,,,,0.002418578596344312,0.9975814214036557
deduplication__tfidf__none__logistic_regression,deduplication,tfidf,,logistic_regression,2,DEV-LOCAL-V1-001137,DEV_EP_DD_083,DUPLICADO,DUPLICADO,DUPLICADO,True,True,0.9977271521148537,,,,,0.0022728478851462564,0.9977271521148537
deduplication__tfidf__none__logistic_regression,deduplication,tfidf,,logistic_regression,2,DEV-LOCAL-V1-001138,DEV_EP_DD_083,DUPLICADO,DUPLICADO,DUPLICADO,True,True,0.9966734688176172,,,,,0.003326531182382797,0.9966734688176172
deduplication__tfidf__none__logistic_regression,deduplication,tfidf,,logistic_regression,2,DEV-LOCAL-V1-000720,DEV_EP_DD_014,NAO_DUPLICADO,NAO_DUPLICADO,NAO_DUPLICADO,True,True,0.9513830852939387,,,,,0.9513830852939387,0.0486169147060613
deduplication__tfidf__none__logistic_regression,deduplication,tfidf,,logistic_regression,2,DEV-LOCAL-V1-000721,DEV_EP_DD_014,NAO_DUPLICADO,NAO_DUPLICADO,NAO_DUPLICADO,True,True,0.9473259512668881,,,,,0.9473259512668881,0.05267404873311192
deduplication__tfidf__none__logistic_regression,deduplication,tfidf,,logistic_regression,2,DEV-LOCAL-V1-000722,DEV_EP_DD_014,NAO_DUPLICADO,NAO_DUPLICADO,NAO_DUPLICADO,True,True,0.9278298980305606,,,,,0.9278298980305606,0.07217010196943942
deduplication__tfidf__none__logistic_regression,deduplication,tfidf,,logistic_regression,2,DEV-LOCAL-V1-000723,DEV_EP_DD_014,NAO_DUPLICADO,NAO_DUPLICADO,NAO_DUPLICADO,True,True,0.9468309125687346,,,,,0.9468309125687346,0.05316908743126535
deduplication__tfidf__none__logistic_regression,deduplication,tfidf,,logistic_regression,2,DEV-LOCAL-V1-000724,DEV_EP_DD_014,NAO_DUPLICADO,NAO_DUPLICADO,NAO_DUPLICADO,True,True,0.9254368845917745,,,,,0.9254368845917745,0.0745631154082255
deduplication__tfidf__none__logistic_regression,deduplication,tfidf,,logistic_regression,2,DEV-LOCAL-V1-000912,DEV_EP_DD_046,NAO_DUPLICADO,NAO_DUPLICADO,NAO_DUPLICADO,True,True,0.9919849183987044,,,,,0.9919849183987044,0.008015081601295566
deduplication__tfidf__none__logistic_regression,deduplication,tfidf,,logistic_regression,2,DEV-LOCAL-V1-000913,DEV_EP_DD_046,NAO_DUPLICADO,NAO_DUPLICADO,NAO_DUPLICADO,True,True,0.9950690012483696,,,,,0.9950690012483696,0.004930998751630408
deduplication__tfidf__none__logistic_regression,deduplication,tfidf,,logistic_regression,2,DEV-LOCAL-V1-000914,DEV_EP_DD_046,NAO_DUPLICADO,NAO_DUPLICADO,NAO_DUPLICADO,True,True,0.9882986208096893,,,,,0.9882986208096893,0.011701379190310624
deduplication__tfidf__none__logistic_regression,deduplication,tfidf,,logistic_regression,2,DEV-LOCAL-V1-000915,DEV_EP_DD_046,NAO_DUPLICADO,NAO_DUPLICADO,NAO_DUPLICADO,True,True,0.9896789830352046,,,,,0.9896789830352046,0.010321016964795381
deduplication__tfidf__none__logistic_regression,deduplication,tfidf,,logistic_regression,2,DEV-LOCAL-V1-000916,DEV_EP_DD_046,NAO_DUPLICADO,NAO_DUPLICADO,NAO_DUPLICADO,True,True,0.9918196157122959,,,,,0.9918196157122959,0.00818038428770412
deduplication__tfidf__none__logistic_regression,deduplication,tfidf,,logistic_regression,2,DEV-LOCAL-V1-001080,DEV_EP_DD_074,NAO_DUPLICADO,NAO_DUPLICADO,NAO_DUPLICADO,True,True,0.9572895030685937,,,,,0.9572895030685937,0.0427104969314063
deduplication__tfidf__none__logistic_regression,deduplication,tfidf,,logistic_regression,2,DEV-LOCAL-V1-001081,DEV_EP_DD_074,NAO_DUPLICADO,NAO_DUPLICADO,NAO_DUPLICADO,True,True,0.9618895735239426,,,,,0.9618895735239426,0.03811042647605745
deduplication__tfidf__none__logistic_regression,deduplication,tfidf,,logistic_regression,2,DEV-LOCAL-V1-001082,DEV_EP_DD_074,NAO_DUPLICADO,NAO_DUPLICADO,NAO_DUPLICADO,True,True,0.949493662796397,,,,,0.949493662796397,0.05050633720360295
deduplication__tfidf__none__logistic_regression,deduplication,tfidf,,logistic_regression,2,DEV-LOCAL-V1-001083,DEV_EP_DD_074,NAO_DUPLICADO,NAO_DUPLICADO,NAO_DUPLICADO,True,True,0.9599018027859028,,,,,0.9599018027859028,0.04009819721409721
deduplication__tfidf__none__logistic_regression,deduplication,tfidf,,logistic_regression,2,DEV-LOCAL-V1-001084,DEV_EP_DD_074,NAO_DUPLICADO,NAO_DUPLICADO,NAO_DUPLICADO,True,True,0.9500251503015384,,,,,0.9500251503015384,0.04997484969846156
deduplication__tfidf__none__logistic_regression,deduplication,tfidf,,logistic_regression,2,DEV-LOCAL-V1-000978,DEV_EP_DD_057,DUPLICADO,DUPLICADO,DUPLICADO,True,True,0.996363566222843,,,,,0.0036364337771570554,0.996363566222843
deduplication__tfidf__none__logistic_regression,deduplication,tfidf,,logistic_regression,2,DEV-LOCAL-V1-000979,DEV_EP_DD_057,DUPLICADO,DUPLICADO,DUPLICADO,True,True,0.9972779180111445,,,,,0.002722081988855485,0.9972779180111445
deduplication__tfidf__none__logistic_regression,deduplication,tfidf,,logistic_regression,2,DEV-LOCAL-V1-000980,DEV_EP_DD_057,DUPLICADO,DUPLICADO,DUPLICADO,True,True,0.9978196384480496,,,,,0.0021803615519504493,0.9978196384480496
deduplication__tfidf__none__logistic_regression,deduplication,tfidf,,logistic_regression,2,DEV-LOCAL-V1-000981,DEV_EP_DD_057,DUPLICADO,DUPLICADO,DUPLICADO,True,True,0.9971853513764932,,,,,0.002814648623506777,0.9971853513764932
deduplication__tfidf__none__logistic_regression,deduplication,tfidf,,logistic_regression,2,DEV-LOCAL-V1-000982,DEV_EP_DD_057,DUPLICADO,DUPLICADO,DUPLICADO,True,True,0.9956222366533212,,,,,0.004377763346678831,0.9956222366533212
deduplication__tfidf__none__logistic_regression,deduplication,tfidf,,logistic_regression,2,DEV-LOCAL-V1-000786,DEV_EP_DD_025,DUPLICADO,DUPLICADO,DUPLICADO,True,True,0.993852460921937,,,,,0.00614753907806298,0.993852460921937
deduplication__tfidf__none__logistic_regression,deduplication,tfidf,,logistic_regression,2,DEV-LOCAL-V1-000787,DEV_EP_DD_025,DUPLICADO,DUPLICADO,DUPLICADO,True,True,0.9959679197764791,,,,,0.004032080223520862,0.9959679197764791
deduplication__tfidf__none__logistic_regression,deduplication,tfidf,,logistic_regression,2,DEV-LOCAL-V1-000788,DEV_EP_DD_025,DUPLICADO,DUPLICADO,DUPLICADO,True,True,0.9968446053363452,,,,,0.003155394663654776,0.9968446053363452
deduplication__tfidf__none__logistic_regression,deduplication,tfidf,,logistic_regression,2,DEV-LOCAL-V1-000789,DEV_EP_DD_025,DUPLICADO,DUPLICADO,DUPLICADO,True,True,0.9959364585340102,,,,,0.004063541465989751,0.9959364585340102
deduplication__tfidf__none__logistic_regression,deduplication,tfidf,,logistic_regression,2,DEV-LOCAL-V1-000790,DEV_EP_DD_025,DUPLICADO,DUPLICADO,DUPLICADO,True,True,0.9946458619112312,,,,,0.005354138088768834,0.9946458619112312
deduplication__tfidf__none__logistic_regression,deduplication,tfidf,,logistic_regression,2,DEV-LOCAL-V1-001284,DEV_EP_DD_108,NAO_DUPLICADO,NAO_DUPLICADO,NAO_DUPLICADO,True,True,0.9972255885313053,,,,,0.9972255885313053,0.0027744114686946778
deduplication__tfidf__none__logistic_regression,deduplication,tfidf,,logistic_regression,2,DEV-LOCAL-V1-001285,DEV_EP_DD_108,NAO_DUPLICADO,NAO_DUPLICADO,NAO_DUPLICADO,True,True,0.9978512740705026,,,,,0.9978512740705026,0.002148725929497438
deduplication__tfidf__none__logistic_regression,deduplication,tfidf,,logistic_regression,2,DEV-LOCAL-V1-001286,DEV_EP_DD_108,NAO_DUPLICADO,NAO_DUPLICADO,NAO_DUPLICADO,True,True,0.9976949873933552,,,,,0.9976949873933552,0.0023050126066448745
deduplication__tfidf__none__logistic_regression,deduplication,tfidf,,logistic_regression,2,DEV-LOCAL-V1-001287,DEV_EP_DD_108,NAO_DUPLICADO,NAO_DUPLICADO,NAO_DUPLICADO,True,True,0.9962904661767971,,,,,0.9962904661767971,0.0037095338232029738
deduplication__tfidf__none__logistic_regression,deduplication,tfidf,,logistic_regression,2,DEV-LOCAL-V1-001288,DEV_EP_DD_108,NAO_DUPLICADO,NAO_DUPLICADO,NAO_DUPLICADO,True,True,0.9953320552227874,,,,,0.9953320552227874,0.004667944777212543
deduplication__tfidf__none__logistic_regression,deduplication,tfidf,,logistic_regression,2,DEV-LOCAL-V1-000834,DEV_EP_DD_033,DUPLICADO,DUPLICADO,DUPLICADO,True,True,0.9965372226773412,,,,,0.003462777322658761,0.9965372226773412
deduplication__tfidf__none__logistic_regression,deduplication,tfidf,,logistic_regression,2,DEV-LOCAL-V1-000835,DEV_EP_DD_033,DUPLICADO,DUPLICADO,DUPLICADO,True,True,0.9980413204199272,,,,,0.0019586795800727863,0.9980413204199272
deduplication__tfidf__none__logistic_regression,deduplication,tfidf,,logistic_regression,2,DEV-LOCAL-V1-000836,DEV_EP_DD_033,DUPLICADO,DUPLICADO,DUPLICADO,True,True,0.9954693771302195,,,,,0.004530622869780454,0.9954693771302195
deduplication__tfidf__none__logistic_regression,deduplication,tfidf,,logistic_regression,2,DEV-LOCAL-V1-000837,DEV_EP_DD_033,DUPLICADO,DUPLICADO,DUPLICADO,True,True,0.9977294950513562,,,,,0.002270504948643781,0.9977294950513562
deduplication__tfidf__none__logistic_regression,deduplication,tfidf,,logistic_regression,2,DEV-LOCAL-V1-000838,DEV_EP_DD_033,DUPLICADO,DUPLICADO,DUPLICADO,True,True,0.9969014489952508,,,,,0.003098551004749206,0.9969014489952508
deduplication__tfidf__none__logistic_regression,deduplication,tfidf,,logistic_regression,2,DEV-LOCAL-V1-001110,DEV_EP_DD_079,DUPLICADO,DUPLICADO,DUPLICADO,True,True,0.9791262513644712,,,,,0.02087374863552882,0.9791262513644712
deduplication__tfidf__none__logistic_regression,deduplication,tfidf,,logistic_regression,2,DEV-LOCAL-V1-001111,DEV_EP_DD_079,DUPLICADO,DUPLICADO,DUPLICADO,True,True,0.9820995432886137,,,,,0.017900456711386292,0.9820995432886137
deduplication__tfidf__none__logistic_regression,deduplication,tfidf,,logistic_regression,2,DEV-LOCAL-V1-001112,DEV_EP_DD_079,DUPLICADO,DUPLICADO,DUPLICADO,True,True,0.987083433112512,,,,,0.01291656688748799,0.987083433112512
deduplication__tfidf__none__logistic_regression,deduplication,tfidf,,logistic_regression,2,DEV-LOCAL-V1-001113,DEV_EP_DD_079,DUPLICADO,DUPLICADO,DUPLICADO,True,True,0.9799120468587021,,,,,0.020087953141297854,0.9799120468587021
deduplication__tfidf__none__logistic_regression,deduplication,tfidf,,logistic_regression,2,DEV-LOCAL-V1-001114,DEV_EP_DD_079,DUPLICADO,DUPLICADO,DUPLICADO,True,True,0.9778813319033249,,,,,0.022118668096675065,0.9778813319033249
deduplication__tfidf__none__logistic_regression,deduplication,tfidf,,logistic_regression,2,DEV-LOCAL-V1-001032,DEV_EP_DD_066,NAO_DUPLICADO,NAO_DUPLICADO,NAO_DUPLICADO,True,True,0.9944168243502912,,,,,0.9944168243502912,0.0055831756497087635
deduplication__tfidf__none__logistic_regression,deduplication,tfidf,,logistic_regression,2,DEV-LOCAL-V1-001033,DEV_EP_DD_066,NAO_DUPLICADO,NAO_DUPLICADO,NAO_DUPLICADO,True,True,0.9964587280983465,,,,,0.9964587280983465,0.0035412719016535074
deduplication__tfidf__none__logistic_regression,deduplication,tfidf,,logistic_regression,2,DEV-LOCAL-V1-001034,DEV_EP_DD_066,NAO_DUPLICADO,NAO_DUPLICADO,NAO_DUPLICADO,True,True,0.9918136647783415,,,,,0.9918136647783415,0.00818633522165845
deduplication__tfidf__none__logistic_regression,deduplication,tfidf,,logistic_regression,2,DEV-LOCAL-V1-001035,DEV_EP_DD_066,NAO_DUPLICADO,NAO_DUPLICADO,NAO_DUPLICADO,True,True,0.9950018433253511,,,,,0.9950018433253511,0.004998156674648873
deduplication__tfidf__none__logistic_regression,deduplication,tfidf,,logistic_regression,2,DEV-LOCAL-V1-001036,DEV_EP_DD_066,NAO_DUPLICADO,NAO_DUPLICADO,NAO_DUPLICADO,True,True,0.9947798679683096,,,,,0.9947798679683096,0.005220132031690335
deduplication__tfidf__none__logistic_regression,deduplication,tfidf,,logistic_regression,2,DEV-LOCAL-V1-000654,DEV_EP_DD_003,DUPLICADO,DUPLICADO,DUPLICADO,True,True,0.9979487087688299,,,,,0.0020512912311700937,0.9979487087688299
deduplication__tfidf__none__logistic_regression,deduplication,tfidf,,logistic_regression,2,DEV-LOCAL-V1-000655,DEV_EP_DD_003,DUPLICADO,DUPLICADO,DUPLICADO,True,True,0.9988142096845132,,,,,0.0011857903154868232,0.9988142096845132
deduplication__tfidf__none__logistic_regression,deduplication,tfidf,,logistic_regression,2,DEV-LOCAL-V1-000656,DEV_EP_DD_003,DUPLICADO,DUPLICADO,DUPLICADO,True,True,0.9976419959305077,,,,,0.00235800406949227,0.9976419959305077
deduplication__tfidf__none__logistic_regression,deduplication,tfidf,,logistic_regression,2,DEV-LOCAL-V1-000657,DEV_EP_DD_003,DUPLICADO,DUPLICADO,DUPLICADO,True,True,0.9983568022683554,,,,,0.0016431977316445634,0.9983568022683554
deduplication__tfidf__none__logistic_regression,deduplication,tfidf,,logistic_regression,2,DEV-LOCAL-V1-000658,DEV_EP_DD_003,DUPLICADO,DUPLICADO,DUPLICADO,True,True,0.9978269315389975,,,,,0.002173068461002514,0.9978269315389975
deduplication__tfidf__none__logistic_regression,deduplication,tfidf,,logistic_regression,2,DEV-LOCAL-V1-000756,DEV_EP_DD_020,NAO_DUPLICADO,NAO_DUPLICADO,NAO_DUPLICADO,True,True,0.9946936802848702,,,,,0.9946936802848702,0.005306319715129894
deduplication__tfidf__none__logistic_regression,deduplication,tfidf,,logistic_regression,2,DEV-LOCAL-V1-000757,DEV_EP_DD_020,NAO_DUPLICADO,NAO_DUPLICADO,NAO_DUPLICADO,True,True,0.9961087909654913,,,,,0.9961087909654913,0.0038912090345086282
deduplication__tfidf__none__logistic_regression,deduplication,tfidf,,logistic_regression,2,DEV-LOCAL-V1-000758,DEV_EP_DD_020,NAO_DUPLICADO,NAO_DUPLICADO,NAO_DUPLICADO,True,True,0.9916638459447846,,,,,0.9916638459447846,0.008336154055215357
deduplication__tfidf__none__logistic_regression,deduplication,tfidf,,logistic_regression,2,DEV-LOCAL-V1-000759,DEV_EP_DD_020,NAO_DUPLICADO,NAO_DUPLICADO,NAO_DUPLICADO,True,True,0.9943968484425963,,,,,0.9943968484425963,0.005603151557403638
deduplication__tfidf__none__logistic_regression,deduplication,tfidf,,logistic_regression,2,DEV-LOCAL-V1-000760,DEV_EP_DD_020,NAO_DUPLICADO,NAO_DUPLICADO,NAO_DUPLICADO,True,True,0.9929674314069716,,,,,0.9929674314069716,0.007032568593028376
deduplication__tfidf__none__logistic_regression,deduplication,tfidf,,logistic_regression,2,DEV-LOCAL-V1-001260,DEV_EP_DD_104,NAO_DUPLICADO,NAO_DUPLICADO,NAO_DUPLICADO,True,True,0.9965510526551714,,,,,0.9965510526551714,0.0034489473448285498
deduplication__tfidf__none__logistic_regression,deduplication,tfidf,,logistic_regression,2,DEV-LOCAL-V1-001261,DEV_EP_DD_104,NAO_DUPLICADO,NAO_DUPLICADO,NAO_DUPLICADO,True,True,0.9972373186073688,,,,,0.9972373186073688,0.002762681392631278
deduplication__tfidf__none__logistic_regression,deduplication,tfidf,,logistic_regression,2,DEV-LOCAL-V1-001262,DEV_EP_DD_104,NAO_DUPLICADO,NAO_DUPLICADO,NAO_DUPLICADO,True,True,0.9952101433126166,,,,,0.9952101433126166,0.004789856687383429
deduplication__tfidf__none__logistic_regression,deduplication,tfidf,,logistic_regression,2,DEV-LOCAL-V1-001263,DEV_EP_DD_104,NAO_DUPLICADO,NAO_DUPLICADO,NAO_DUPLICADO,True,True,0.9969230488564438,,,,,0.9969230488564438,0.0030769511435561796
deduplication__tfidf__none__logistic_regression,deduplication,tfidf,,logistic_regression,2,DEV-LOCAL-V1-001264,DEV_EP_DD_104,NAO_DUPLICADO,NAO_DUPLICADO,NAO_DUPLICADO,True,True,0.9948803059926387,,,,,0.9948803059926387,0.005119694007361376
deduplication__tfidf__none__logistic_regression,deduplication,tfidf,,logistic_regression,2,DEV-LOCAL-V1-000906,DEV_EP_DD_045,DUPLICADO,DUPLICADO,DUPLICADO,True,True,0.9941373870271933,,,,,0.005862612972806658,0.9941373870271933
deduplication__tfidf__none__logistic_regression,deduplication,tfidf,,logistic_regression,2,DEV-LOCAL-V1-000907,DEV_EP_DD_045,DUPLICADO,DUPLICADO,DUPLICADO,True,True,0.996784145587233,,,,,0.0032158544127669497,0.996784145587233
deduplication__tfidf__none__logistic_regression,deduplication,tfidf,,logistic_regression,2,DEV-LOCAL-V1-000908,DEV_EP_DD_045,DUPLICADO,DUPLICADO,DUPLICADO,True,True,0.9967114400649044,,,,,0.0032885599350955808,0.9967114400649044
deduplication__tfidf__none__logistic_regression,deduplication,tfidf,,logistic_regression,2,DEV-LOCAL-V1-000909,DEV_EP_DD_045,DUPLICADO,DUPLICADO,DUPLICADO,True,True,0.9965707146972023,,,,,0.0034292853027977355,0.9965707146972023
deduplication__tfidf__none__logistic_regression,deduplication,tfidf,,logistic_regression,2,DEV-LOCAL-V1-000910,DEV_EP_DD_045,DUPLICADO,DUPLICADO,DUPLICADO,True,True,0.9936712359380048,,,,,0.006328764061995229,0.9936712359380048
deduplication__tfidf__none__logistic_regression,deduplication,tfidf,,logistic_regression,2,DEV-LOCAL-V1-000954,DEV_EP_DD_053,DUPLICADO,DUPLICADO,DUPLICADO,True,True,0.9864575123074302,,,,,0.013542487692569827,0.9864575123074302
deduplication__tfidf__none__logistic_regression,deduplication,tfidf,,logistic_regression,2,DEV-LOCAL-V1-000955,DEV_EP_DD_053,DUPLICADO,DUPLICADO,DUPLICADO,True,True,0.986464068501471,,,,,0.013535931498529052,0.986464068501471
deduplication__tfidf__none__logistic_regression,deduplication,tfidf,,logistic_regression,2,DEV-LOCAL-V1-000956,DEV_EP_DD_053,DUPLICADO,DUPLICADO,DUPLICADO,True,True,0.9826166393659698,,,,,0.01738336063403023,0.9826166393659698
deduplication__tfidf__none__logistic_regression,deduplication,tfidf,,logistic_regression,2,DEV-LOCAL-V1-000957,DEV_EP_DD_053,DUPLICADO,DUPLICADO,DUPLICADO,True,True,0.9863580492038528,,,,,0.013641950796147162,0.9863580492038528
deduplication__tfidf__none__logistic_regression,deduplication,tfidf,,logistic_regression,2,DEV-LOCAL-V1-000958,DEV_EP_DD_053,DUPLICADO,DUPLICADO,DUPLICADO,True,True,0.9818455521275422,,,,,0.01815444787245779,0.9818455521275422
deduplication__tfidf__none__logistic_regression,deduplication,tfidf,,logistic_regression,2,DEV-LOCAL-V1-000804,DEV_EP_DD_028,NAO_DUPLICADO,NAO_DUPLICADO,NAO_DUPLICADO,True,True,0.983367073194926,,,,,0.983367073194926,0.016632926805074007
deduplication__tfidf__none__logistic_regression,deduplication,tfidf,,logistic_regression,2,DEV-LOCAL-V1-000805,DEV_EP_DD_028,NAO_DUPLICADO,NAO_DUPLICADO,NAO_DUPLICADO,True,True,0.9816214175979033,,,,,0.9816214175979033,0.01837858240209664
deduplication__tfidf__none__logistic_regression,deduplication,tfidf,,logistic_regression,2,DEV-LOCAL-V1-000806,DEV_EP_DD_028,NAO_DUPLICADO,NAO_DUPLICADO,NAO_DUPLICADO,True,True,0.9809485775245225,,,,,0.9809485775245225,0.019051422475477562
deduplication__tfidf__none__logistic_regression,deduplication,tfidf,,logistic_regression,2,DEV-LOCAL-V1-000807,DEV_EP_DD_028,NAO_DUPLICADO,NAO_DUPLICADO,NAO_DUPLICADO,True,True,0.9762091252838603,,,,,0.9762091252838603,0.023790874716139734
deduplication__tfidf__none__logistic_regression,deduplication,tfidf,,logistic_regression,2,DEV-LOCAL-V1-000808,DEV_EP_DD_028,NAO_DUPLICADO,NAO_DUPLICADO,NAO_DUPLICADO,True,True,0.974925832609394,,,,,0.974925832609394,0.02507416739060601
deduplication__tfidf__none__logistic_regression,deduplication,tfidf,,logistic_regression,2,DEV-LOCAL-V1-001182,DEV_EP_DD_091,DUPLICADO,DUPLICADO,DUPLICADO,True,True,0.9790336695448535,,,,,0.02096633045514651,0.9790336695448535
deduplication__tfidf__none__logistic_regression,deduplication,tfidf,,logistic_regression,2,DEV-LOCAL-V1-001183,DEV_EP_DD_091,DUPLICADO,DUPLICADO,DUPLICADO,True,True,0.9731642412057615,,,,,0.026835758794238496,0.9731642412057615
deduplication__tfidf__none__logistic_regression,deduplication,tfidf,,logistic_regression,2,DEV-LOCAL-V1-001184,DEV_EP_DD_091,DUPLICADO,DUPLICADO,DUPLICADO,True,True,0.9803469084456795,,,,,0.01965309155432049,0.9803469084456795
deduplication__tfidf__none__logistic_regression,deduplication,tfidf,,logistic_regression,2,DEV-LOCAL-V1-001185,DEV_EP_DD_091,DUPLICADO,DUPLICADO,DUPLICADO,True,True,0.9749165595697474,,,,,0.025083440430252568,0.9749165595697474
deduplication__tfidf__none__logistic_regression,deduplication,tfidf,,logistic_regression,2,DEV-LOCAL-V1-001186,DEV_EP_DD_091,DUPLICADO,DUPLICADO,DUPLICADO,True,True,0.9691391228611707,,,,,0.030860877138829346,0.9691391228611707
deduplication__tfidf__none__logistic_regression,deduplication,tfidf,,logistic_regression,3,DEV-LOCAL-V1-000660,DEV_EP_DD_004,NAO_DUPLICADO,NAO_DUPLICADO,NAO_DUPLICADO,True,True,0.9960239093566748,,,,,0.9960239093566748,0.003976090643325144
deduplication__tfidf__none__logistic_regression,deduplication,tfidf,,logistic_regression,3,DEV-LOCAL-V1-000661,DEV_EP_DD_004,NAO_DUPLICADO,NAO_DUPLICADO,NAO_DUPLICADO,True,True,0.9932344780732578,,,,,0.9932344780732578,0.006765521926742137
deduplication__tfidf__none__logistic_regression,deduplication,tfidf,,logistic_regression,3,DEV-LOCAL-V1-000662,DEV_EP_DD_004,NAO_DUPLICADO,NAO_DUPLICADO,NAO_DUPLICADO,True,True,0.9930600775749843,,,,,0.9930600775749843,0.006939922425015725
deduplication__tfidf__none__logistic_regression,deduplication,tfidf,,logistic_regression,3,DEV-LOCAL-V1-000663,DEV_EP_DD_004,NAO_DUPLICADO,NAO_DUPLICADO,NAO_DUPLICADO,True,True,0.9948375784254039,,,,,0.9948375784254039,0.005162421574596092
deduplication__tfidf__none__logistic_regression,deduplication,tfidf,,logistic_regression,3,DEV-LOCAL-V1-000664,DEV_EP_DD_004,NAO_DUPLICADO,NAO_DUPLICADO,NAO_DUPLICADO,True,True,0.9809488681190531,,,,,0.9809488681190531,0.019051131880946853
deduplication__tfidf__none__logistic_regression,deduplication,tfidf,,logistic_regression,3,DEV-LOCAL-V1-001140,DEV_EP_DD_084,NAO_DUPLICADO,NAO_DUPLICADO,NAO_DUPLICADO,True,True,0.9955730612547745,,,,,0.9955730612547745,0.004426938745225504
deduplication__tfidf__none__logistic_regression,deduplication,tfidf,,logistic_regression,3,DEV-LOCAL-V1-001141,DEV_EP_DD_084,NAO_DUPLICADO,NAO_DUPLICADO,NAO_DUPLICADO,True,True,0.9934759855230335,,,,,0.9934759855230335,0.006524014476966528
deduplication__tfidf__none__logistic_regression,deduplication,tfidf,,logistic_regression,3,DEV-LOCAL-V1-001142,DEV_EP_DD_084,NAO_DUPLICADO,NAO_DUPLICADO,NAO_DUPLICADO,True,True,0.9933162059499303,,,,,0.9933162059499303,0.006683794050069732
deduplication__tfidf__none__logistic_regression,deduplication,tfidf,,logistic_regression,3,DEV-LOCAL-V1-001143,DEV_EP_DD_084,NAO_DUPLICADO,NAO_DUPLICADO,NAO_DUPLICADO,True,True,0.992413875254325,,,,,0.992413875254325,0.007586124745675006
deduplication__tfidf__none__logistic_regression,deduplication,tfidf,,logistic_regression,3,DEV-LOCAL-V1-001144,DEV_EP_DD_084,NAO_DUPLICADO,NAO_DUPLICADO,NAO_DUPLICADO,True,True,0.9815126077751318,,,,,0.9815126077751318,0.018487392224868216
deduplication__tfidf__none__logistic_regression,deduplication,tfidf,,logistic_regression,3,DEV-LOCAL-V1-000702,DEV_EP_DD_011,DUPLICADO,DUPLICADO,DUPLICADO,True,True,0.9854715129868445,,,,,0.014528487013155456,0.9854715129868445
deduplication__tfidf__none__logistic_regression,deduplication,tfidf,,logistic_regression,3,DEV-LOCAL-V1-000703,DEV_EP_DD_011,DUPLICADO,DUPLICADO,DUPLICADO,True,True,0.980600051260009,,,,,0.019399948739990958,0.980600051260009
deduplication__tfidf__none__logistic_regression,deduplication,tfidf,,logistic_regression,3,DEV-LOCAL-V1-000704,DEV_EP_DD_011,DUPLICADO,DUPLICADO,DUPLICADO,True,True,0.9749911178881556,,,,,0.025008882111844377,0.9749911178881556
deduplication__tfidf__none__logistic_regression,deduplication,tfidf,,logistic_regression,3,DEV-LOCAL-V1-000705,DEV_EP_DD_011,DUPLICADO,DUPLICADO,DUPLICADO,True,True,0.9802574839872868,,,,,0.01974251601271315,0.9802574839872868
deduplication__tfidf__none__logistic_regression,deduplication,tfidf,,logistic_regression,3,DEV-LOCAL-V1-000706,DEV_EP_DD_011,DUPLICADO,DUPLICADO,DUPLICADO,True,True,0.9821506835173204,,,,,0.017849316482679622,0.9821506835173204
deduplication__tfidf__none__logistic_regression,deduplication,tfidf,,logistic_regression,3,DEV-LOCAL-V1-000924,DEV_EP_DD_048,NAO_DUPLICADO,NAO_DUPLICADO,NAO_DUPLICADO,True,True,0.9940595119264143,,,,,0.9940595119264143,0.0059404880735857155
deduplication__tfidf__none__logistic_regression,deduplication,tfidf,,logistic_regression,3,DEV-LOCAL-V1-000925,DEV_EP_DD_048,NAO_DUPLICADO,NAO_DUPLICADO,NAO_DUPLICADO,True,True,0.9928111654043857,,,,,0.9928111654043857,0.007188834595614287
deduplication__tfidf__none__logistic_regression,deduplication,tfidf,,logistic_regression,3,DEV-LOCAL-V1-000926,DEV_EP_DD_048,NAO_DUPLICADO,NAO_DUPLICADO,NAO_DUPLICADO,True,True,0.9932062967280765,,,,,0.9932062967280765,0.006793703271923504
deduplication__tfidf__none__logistic_regression,deduplication,tfidf,,logistic_regression,3,DEV-LOCAL-V1-000927,DEV_EP_DD_048,NAO_DUPLICADO,NAO_DUPLICADO,NAO_DUPLICADO,True,True,0.9938123847813909,,,,,0.9938123847813909,0.006187615218609105
deduplication__tfidf__none__logistic_regression,deduplication,tfidf,,logistic_regression,3,DEV-LOCAL-V1-000928,DEV_EP_DD_048,NAO_DUPLICADO,NAO_DUPLICADO,NAO_DUPLICADO,True,True,0.9783020394137868,,,,,0.9783020394137868,0.021697960586213233
deduplication__tfidf__none__logistic_regression,deduplication,tfidf,,logistic_regression,3,DEV-LOCAL-V1-001116,DEV_EP_DD_080,NAO_DUPLICADO,NAO_DUPLICADO,NAO_DUPLICADO,True,True,0.9845847662963075,,,,,0.9845847662963075,0.015415233703692514
deduplication__tfidf__none__logistic_regression,deduplication,tfidf,,logistic_regression,3,DEV-LOCAL-V1-001117,DEV_EP_DD_080,NAO_DUPLICADO,NAO_DUPLICADO,NAO_DUPLICADO,True,True,0.9823917210713887,,,,,0.9823917210713887,0.017608278928611262
deduplication__tfidf__none__logistic_regression,deduplication,tfidf,,logistic_regression,3,DEV-LOCAL-V1-001118,DEV_EP_DD_080,NAO_DUPLICADO,NAO_DUPLICADO,NAO_DUPLICADO,True,True,0.9754332399956803,,,,,0.9754332399956803,0.024566760004319645
deduplication__tfidf__none__logistic_regression,deduplication,tfidf,,logistic_regression,3,DEV-LOCAL-V1-001119,DEV_EP_DD_080,NAO_DUPLICADO,NAO_DUPLICADO,NAO_DUPLICADO,True,True,0.9742796040013111,,,,,0.9742796040013111,0.025720395998688906
deduplication__tfidf__none__logistic_regression,deduplication,tfidf,,logistic_regression,3,DEV-LOCAL-V1-001120,DEV_EP_DD_080,NAO_DUPLICADO,NAO_DUPLICADO,NAO_DUPLICADO,True,True,0.9848305408394975,,,,,0.9848305408394975,0.01516945916050254
deduplication__tfidf__none__logistic_regression,deduplication,tfidf,,logistic_regression,3,DEV-LOCAL-V1-000840,DEV_EP_DD_034,NAO_DUPLICADO,NAO_DUPLICADO,NAO_DUPLICADO,True,True,0.9986040734736275,,,,,0.9986040734736275,0.0013959265263726003
deduplication__tfidf__none__logistic_regression,deduplication,tfidf,,logistic_regression,3,DEV-LOCAL-V1-000841,DEV_EP_DD_034,NAO_DUPLICADO,NAO_DUPLICADO,NAO_DUPLICADO,True,True,0.9981731578719357,,,,,0.9981731578719357,0.0018268421280643206
deduplication__tfidf__none__logistic_regression,deduplication,tfidf,,logistic_regression,3,DEV-LOCAL-V1-000842,DEV_EP_DD_034,NAO_DUPLICADO,NAO_DUPLICADO,NAO_DUPLICADO,True,True,0.9977216237090925,,,,,0.9977216237090925,0.0022783762909075493
deduplication__tfidf__none__logistic_regression,deduplication,tfidf,,logistic_regression,3,DEV-LOCAL-V1-000843,DEV_EP_DD_034,NAO_DUPLICADO,NAO_DUPLICADO,NAO_DUPLICADO,True,True,0.9978809790176713,,,,,0.9978809790176713,0.0021190209823287237
deduplication__tfidf__none__logistic_regression,deduplication,tfidf,,logistic_regression,3,DEV-LOCAL-V1-000844,DEV_EP_DD_034,NAO_DUPLICADO,NAO_DUPLICADO,NAO_DUPLICADO,True,True,0.9915287580265609,,,,,0.9915287580265609,0.008471241973439118
deduplication__tfidf__none__logistic_regression,deduplication,tfidf,,logistic_regression,3,DEV-LOCAL-V1-000990,DEV_EP_DD_059,DUPLICADO,DUPLICADO,DUPLICADO,True,True,0.9809234021473746,,,,,0.019076597852625388,0.9809234021473746
deduplication__tfidf__none__logistic_regression,deduplication,tfidf,,logistic_regression,3,DEV-LOCAL-V1-000991,DEV_EP_DD_059,DUPLICADO,DUPLICADO,DUPLICADO,True,True,0.9917834890128624,,,,,0.008216510987137604,0.9917834890128624
deduplication__tfidf__none__logistic_regression,deduplication,tfidf,,logistic_regression,3,DEV-LOCAL-V1-000992,DEV_EP_DD_059,DUPLICADO,DUPLICADO,DUPLICADO,True,True,0.9819834307530152,,,,,0.018016569246984804,0.9819834307530152
deduplication__tfidf__none__logistic_regression,deduplication,tfidf,,logistic_regression,3,DEV-LOCAL-V1-000993,DEV_EP_DD_059,DUPLICADO,DUPLICADO,DUPLICADO,True,True,0.9890780220902851,,,,,0.010921977909714942,0.9890780220902851
deduplication__tfidf__none__logistic_regression,deduplication,tfidf,,logistic_regression,3,DEV-LOCAL-V1-000994,DEV_EP_DD_059,DUPLICADO,DUPLICADO,DUPLICADO,True,True,0.9909639280949215,,,,,0.009036071905078491,0.9909639280949215
deduplication__tfidf__none__logistic_regression,deduplication,tfidf,,logistic_regression,3,DEV-LOCAL-V1-000816,DEV_EP_DD_030,NAO_DUPLICADO,NAO_DUPLICADO,NAO_DUPLICADO,True,True,0.9741422848007032,,,,,0.9741422848007032,0.02585771519929684
deduplication__tfidf__none__logistic_regression,deduplication,tfidf,,logistic_regression,3,DEV-LOCAL-V1-000817,DEV_EP_DD_030,NAO_DUPLICADO,NAO_DUPLICADO,NAO_DUPLICADO,True,True,0.9656945832197387,,,,,0.9656945832197387,0.03430541678026133
deduplication__tfidf__none__logistic_regression,deduplication,tfidf,,logistic_regression,3,DEV-LOCAL-V1-000818,DEV_EP_DD_030,NAO_DUPLICADO,NAO_DUPLICADO,NAO_DUPLICADO,True,True,0.9638433828150879,,,,,0.9638433828150879,0.036156617184912115
deduplication__tfidf__none__logistic_regression,deduplication,tfidf,,logistic_regression,3,DEV-LOCAL-V1-000819,DEV_EP_DD_030,NAO_DUPLICADO,NAO_DUPLICADO,NAO_DUPLICADO,True,True,0.9582350922721603,,,,,0.9582350922721603,0.04176490772783964
deduplication__tfidf__none__logistic_regression,deduplication,tfidf,,logistic_regression,3,DEV-LOCAL-V1-000820,DEV_EP_DD_030,NAO_DUPLICADO,NAO_DUPLICADO,NAO_DUPLICADO,True,True,0.9678605821078695,,,,,0.9678605821078695,0.03213941789213044
deduplication__tfidf__none__logistic_regression,deduplication,tfidf,,logistic_regression,3,DEV-LOCAL-V1-001266,DEV_EP_DD_105,DUPLICADO,DUPLICADO,DUPLICADO,True,True,0.9861336736200385,,,,,0.013866326379961547,0.9861336736200385
deduplication__tfidf__none__logistic_regression,deduplication,tfidf,,logistic_regression,3,DEV-LOCAL-V1-001267,DEV_EP_DD_105,DUPLICADO,DUPLICADO,DUPLICADO,True,True,0.9938126661492772,,,,,0.006187333850722787,0.9938126661492772
deduplication__tfidf__none__logistic_regression,deduplication,tfidf,,logistic_regression,3,DEV-LOCAL-V1-001268,DEV_EP_DD_105,DUPLICADO,DUPLICADO,DUPLICADO,True,True,0.9907720468282518,,,,,0.009227953171748182,0.9907720468282518
deduplication__tfidf__none__logistic_regression,deduplication,tfidf,,logistic_regression,3,DEV-LOCAL-V1-001269,DEV_EP_DD_105,DUPLICADO,DUPLICADO,DUPLICADO,True,True,0.9922180807858876,,,,,0.0077819192141124205,0.9922180807858876
deduplication__tfidf__none__logistic_regression,deduplication,tfidf,,logistic_regression,3,DEV-LOCAL-V1-001270,DEV_EP_DD_105,DUPLICADO,DUPLICADO,DUPLICADO,True,True,0.9813415137522247,,,,,0.01865848624777533,0.9813415137522247
deduplication__tfidf__none__logistic_regression,deduplication,tfidf,,logistic_regression,3,DEV-LOCAL-V1-000762,DEV_EP_DD_021,DUPLICADO,DUPLICADO,DUPLICADO,True,True,0.9766410882043355,,,,,0.023358911795664516,0.9766410882043355
deduplication__tfidf__none__logistic_regression,deduplication,tfidf,,logistic_regression,3,DEV-LOCAL-V1-000763,DEV_EP_DD_021,DUPLICADO,DUPLICADO,DUPLICADO,True,True,0.9781684198267137,,,,,0.021831580173286347,0.9781684198267137
deduplication__tfidf__none__logistic_regression,deduplication,tfidf,,logistic_regression,3,DEV-LOCAL-V1-000764,DEV_EP_DD_021,DUPLICADO,DUPLICADO,DUPLICADO,True,True,0.9691949857367101,,,,,0.030805014263289854,0.9691949857367101
deduplication__tfidf__none__logistic_regression,deduplication,tfidf,,logistic_regression,3,DEV-LOCAL-V1-000765,DEV_EP_DD_021,DUPLICADO,DUPLICADO,DUPLICADO,True,True,0.9778015095828976,,,,,0.022198490417102423,0.9778015095828976
deduplication__tfidf__none__logistic_regression,deduplication,tfidf,,logistic_regression,3,DEV-LOCAL-V1-000766,DEV_EP_DD_021,DUPLICADO,DUPLICADO,DUPLICADO,True,True,0.9834773099169162,,,,,0.016522690083083824,0.9834773099169162
deduplication__tfidf__none__logistic_regression,deduplication,tfidf,,logistic_regression,3,DEV-LOCAL-V1-001038,DEV_EP_DD_067,DUPLICADO,DUPLICADO,DUPLICADO,True,True,0.9978111478872116,,,,,0.0021888521127884086,0.9978111478872116
deduplication__tfidf__none__logistic_regression,deduplication,tfidf,,logistic_regression,3,DEV-LOCAL-V1-001039,DEV_EP_DD_067,DUPLICADO,DUPLICADO,DUPLICADO,True,True,0.9985512423645794,,,,,0.0014487576354206277,0.9985512423645794
deduplication__tfidf__none__logistic_regression,deduplication,tfidf,,logistic_regression,3,DEV-LOCAL-V1-001040,DEV_EP_DD_067,DUPLICADO,DUPLICADO,DUPLICADO,True,True,0.997186001751233,,,,,0.0028139982487670467,0.997186001751233
deduplication__tfidf__none__logistic_regression,deduplication,tfidf,,logistic_regression,3,DEV-LOCAL-V1-001041,DEV_EP_DD_067,DUPLICADO,DUPLICADO,DUPLICADO,True,True,0.998216766452726,,,,,0.0017832335472740546,0.998216766452726
deduplication__tfidf__none__logistic_regression,deduplication,tfidf,,logistic_regression,3,DEV-LOCAL-V1-001042,DEV_EP_DD_067,DUPLICADO,DUPLICADO,DUPLICADO,True,True,0.9982611448393649,,,,,0.0017388551606351,0.9982611448393649
deduplication__tfidf__none__logistic_regression,deduplication,tfidf,,logistic_regression,3,DEV-LOCAL-V1-001296,DEV_EP_DD_110,NAO_DUPLICADO,NAO_DUPLICADO,NAO_DUPLICADO,True,True,0.9692248971579972,,,,,0.9692248971579972,0.03077510284200285
deduplication__tfidf__none__logistic_regression,deduplication,tfidf,,logistic_regression,3,DEV-LOCAL-V1-001297,DEV_EP_DD_110,NAO_DUPLICADO,NAO_DUPLICADO,NAO_DUPLICADO,True,True,0.9748526629756685,,,,,0.9748526629756685,0.025147337024331508
deduplication__tfidf__none__logistic_regression,deduplication,tfidf,,logistic_regression,3,DEV-LOCAL-V1-001298,DEV_EP_DD_110,NAO_DUPLICADO,NAO_DUPLICADO,NAO_DUPLICADO,True,True,0.96779170934767,,,,,0.96779170934767,0.03220829065232998
deduplication__tfidf__none__logistic_regression,deduplication,tfidf,,logistic_regression,3,DEV-LOCAL-V1-001299,DEV_EP_DD_110,NAO_DUPLICADO,NAO_DUPLICADO,NAO_DUPLICADO,True,True,0.9602549941735222,,,,,0.9602549941735222,0.0397450058264778
deduplication__tfidf__none__logistic_regression,deduplication,tfidf,,logistic_regression,3,DEV-LOCAL-V1-001300,DEV_EP_DD_110,NAO_DUPLICADO,NAO_DUPLICADO,NAO_DUPLICADO,True,True,0.9795391926904156,,,,,0.9795391926904156,0.02046080730958445
deduplication__tfidf__none__logistic_regression,deduplication,tfidf,,logistic_regression,3,DEV-LOCAL-V1-001074,DEV_EP_DD_073,DUPLICADO,DUPLICADO,DUPLICADO,True,True,0.9777123056930521,,,,,0.02228769430694788,0.9777123056930521
deduplication__tfidf__none__logistic_regression,deduplication,tfidf,,logistic_regression,3,DEV-LOCAL-V1-001075,DEV_EP_DD_073,DUPLICADO,DUPLICADO,DUPLICADO,True,True,0.9874241038694701,,,,,0.012575896130529896,0.9874241038694701
deduplication__tfidf__none__logistic_regression,deduplication,tfidf,,logistic_regression,3,DEV-LOCAL-V1-001076,DEV_EP_DD_073,DUPLICADO,DUPLICADO,DUPLICADO,True,True,0.9871065409496002,,,,,0.012893459050399847,0.9871065409496002
deduplication__tfidf__none__logistic_regression,deduplication,tfidf,,logistic_regression,3,DEV-LOCAL-V1-001077,DEV_EP_DD_073,DUPLICADO,DUPLICADO,DUPLICADO,True,True,0.9898206670025325,,,,,0.010179332997467538,0.9898206670025325
deduplication__tfidf__none__logistic_regression,deduplication,tfidf,,logistic_regression,3,DEV-LOCAL-V1-001078,DEV_EP_DD_073,DUPLICADO,DUPLICADO,DUPLICADO,True,True,0.9922710560921993,,,,,0.007728943907800656,0.9922710560921993
deduplication__tfidf__none__logistic_regression,deduplication,tfidf,,logistic_regression,3,DEV-LOCAL-V1-001302,DEV_EP_DD_111,DUPLICADO,DUPLICADO,DUPLICADO,True,True,0.9986519883119683,,,,,0.0013480116880316695,0.9986519883119683
deduplication__tfidf__none__logistic_regression,deduplication,tfidf,,logistic_regression,3,DEV-LOCAL-V1-001303,DEV_EP_DD_111,DUPLICADO,DUPLICADO,DUPLICADO,True,True,0.9988413813043535,,,,,0.001158618695646485,0.9988413813043535
deduplication__tfidf__none__logistic_regression,deduplication,tfidf,,logistic_regression,3,DEV-LOCAL-V1-001304,DEV_EP_DD_111,DUPLICADO,DUPLICADO,DUPLICADO,True,True,0.9981136624753222,,,,,0.001886337524677817,0.9981136624753222
deduplication__tfidf__none__logistic_regression,deduplication,tfidf,,logistic_regression,3,DEV-LOCAL-V1-001305,DEV_EP_DD_111,DUPLICADO,DUPLICADO,DUPLICADO,True,True,0.9990824659963327,,,,,0.0009175340036673418,0.9990824659963327
deduplication__tfidf__none__logistic_regression,deduplication,tfidf,,logistic_regression,3,DEV-LOCAL-V1-001306,DEV_EP_DD_111,DUPLICADO,DUPLICADO,DUPLICADO,True,True,0.9990322253315996,,,,,0.0009677746684003674,0.9990322253315996
deduplication__tfidf__none__logistic_regression,deduplication,tfidf,,logistic_regression,3,DEV-LOCAL-V1-001194,DEV_EP_DD_093,DUPLICADO,DUPLICADO,DUPLICADO,True,True,0.974717191917572,,,,,0.025282808082428,0.974717191917572
deduplication__tfidf__none__logistic_regression,deduplication,tfidf,,logistic_regression,3,DEV-LOCAL-V1-001195,DEV_EP_DD_093,DUPLICADO,DUPLICADO,DUPLICADO,True,True,0.9846495497835238,,,,,0.015350450216476186,0.9846495497835238
deduplication__tfidf__none__logistic_regression,deduplication,tfidf,,logistic_regression,3,DEV-LOCAL-V1-001196,DEV_EP_DD_093,DUPLICADO,DUPLICADO,DUPLICADO,True,True,0.9851550187551612,,,,,0.014844981244838795,0.9851550187551612
deduplication__tfidf__none__logistic_regression,deduplication,tfidf,,logistic_regression,3,DEV-LOCAL-V1-001197,DEV_EP_DD_093,DUPLICADO,DUPLICADO,DUPLICADO,True,True,0.9868639222388464,,,,,0.013136077761153553,0.9868639222388464
deduplication__tfidf__none__logistic_regression,deduplication,tfidf,,logistic_regression,3,DEV-LOCAL-V1-001198,DEV_EP_DD_093,DUPLICADO,DUPLICADO,DUPLICADO,True,True,0.990849232784792,,,,,0.009150767215208022,0.990849232784792
deduplication__tfidf__none__logistic_regression,deduplication,tfidf,,logistic_regression,3,DEV-LOCAL-V1-000888,DEV_EP_DD_042,NAO_DUPLICADO,NAO_DUPLICADO,NAO_DUPLICADO,True,True,0.9917612919370544,,,,,0.9917612919370544,0.008238708062945565
deduplication__tfidf__none__logistic_regression,deduplication,tfidf,,logistic_regression,3,DEV-LOCAL-V1-000889,DEV_EP_DD_042,NAO_DUPLICADO,NAO_DUPLICADO,NAO_DUPLICADO,True,True,0.9880845984866653,,,,,0.9880845984866653,0.011915401513334738
deduplication__tfidf__none__logistic_regression,deduplication,tfidf,,logistic_regression,3,DEV-LOCAL-V1-000890,DEV_EP_DD_042,NAO_DUPLICADO,NAO_DUPLICADO,NAO_DUPLICADO,True,True,0.9884425699568992,,,,,0.9884425699568992,0.011557430043100832
deduplication__tfidf__none__logistic_regression,deduplication,tfidf,,logistic_regression,3,DEV-LOCAL-V1-000891,DEV_EP_DD_042,NAO_DUPLICADO,NAO_DUPLICADO,NAO_DUPLICADO,True,True,0.9864410586978236,,,,,0.9864410586978236,0.013558941302176362
deduplication__tfidf__none__logistic_regression,deduplication,tfidf,,logistic_regression,3,DEV-LOCAL-V1-000892,DEV_EP_DD_042,NAO_DUPLICADO,NAO_DUPLICADO,NAO_DUPLICADO,True,True,0.9779908612672489,,,,,0.9779908612672489,0.022009138732751142
deduplication__tfidf__none__logistic_regression,deduplication,tfidf,,logistic_regression,3,DEV-LOCAL-V1-000960,DEV_EP_DD_054,NAO_DUPLICADO,NAO_DUPLICADO,NAO_DUPLICADO,True,True,0.9969937930517233,,,,,0.9969937930517233,0.003006206948276663
deduplication__tfidf__none__logistic_regression,deduplication,tfidf,,logistic_regression,3,DEV-LOCAL-V1-000961,DEV_EP_DD_054,NAO_DUPLICADO,NAO_DUPLICADO,NAO_DUPLICADO,True,True,0.9955340544251995,,,,,0.9955340544251995,0.004465945574800457
deduplication__tfidf__none__logistic_regression,deduplication,tfidf,,logistic_regression,3,DEV-LOCAL-V1-000962,DEV_EP_DD_054,NAO_DUPLICADO,NAO_DUPLICADO,NAO_DUPLICADO,True,True,0.9950812165780407,,,,,0.9950812165780407,0.004918783421959271
deduplication__tfidf__none__logistic_regression,deduplication,tfidf,,logistic_regression,3,DEV-LOCAL-V1-000963,DEV_EP_DD_054,NAO_DUPLICADO,NAO_DUPLICADO,NAO_DUPLICADO,True,True,0.9943957181024945,,,,,0.9943957181024945,0.005604281897505463
deduplication__tfidf__none__logistic_regression,deduplication,tfidf,,logistic_regression,3,DEV-LOCAL-V1-000964,DEV_EP_DD_054,NAO_DUPLICADO,NAO_DUPLICADO,NAO_DUPLICADO,True,True,0.9899493602020865,,,,,0.9899493602020865,0.010050639797913527
deduplication__tfidf__none__logistic_regression,deduplication,tfidf,,logistic_regression,3,DEV-LOCAL-V1-001338,DEV_EP_DD_117,DUPLICADO,DUPLICADO,DUPLICADO,True,True,0.979463786942454,,,,,0.02053621305754605,0.979463786942454
deduplication__tfidf__none__logistic_regression,deduplication,tfidf,,logistic_regression,3,DEV-LOCAL-V1-001339,DEV_EP_DD_117,DUPLICADO,DUPLICADO,DUPLICADO,True,True,0.9863272886635523,,,,,0.013672711336447652,0.9863272886635523
deduplication__tfidf__none__logistic_regression,deduplication,tfidf,,logistic_regression,3,DEV-LOCAL-V1-001340,DEV_EP_DD_117,DUPLICADO,DUPLICADO,DUPLICADO,True,True,0.983305664471883,,,,,0.016694335528117055,0.983305664471883
deduplication__tfidf__none__logistic_regression,deduplication,tfidf,,logistic_regression,3,DEV-LOCAL-V1-001341,DEV_EP_DD_117,DUPLICADO,DUPLICADO,DUPLICADO,True,True,0.9874710239357056,,,,,0.012528976064294373,0.9874710239357056
deduplication__tfidf__none__logistic_regression,deduplication,tfidf,,logistic_regression,3,DEV-LOCAL-V1-001342,DEV_EP_DD_117,DUPLICADO,DUPLICADO,DUPLICADO,True,True,0.9921316757745412,,,,,0.0078683242254588,0.9921316757745412
deduplication__tfidf__none__logistic_regression,deduplication,tfidf,,logistic_regression,3,DEV-LOCAL-V1-001230,DEV_EP_DD_099,DUPLICADO,DUPLICADO,DUPLICADO,True,True,0.9987248943606061,,,,,0.0012751056393939253,0.9987248943606061
deduplication__tfidf__none__logistic_regression,deduplication,tfidf,,logistic_regression,3,DEV-LOCAL-V1-001231,DEV_EP_DD_099,DUPLICADO,DUPLICADO,DUPLICADO,True,True,0.9993073616111827,,,,,0.0006926383888172793,0.9993073616111827
deduplication__tfidf__none__logistic_regression,deduplication,tfidf,,logistic_regression,3,DEV-LOCAL-V1-001232,DEV_EP_DD_099,DUPLICADO,DUPLICADO,DUPLICADO,True,True,0.9989785808956498,,,,,0.001021419104350163,0.9989785808956498
deduplication__tfidf__none__logistic_regression,deduplication,tfidf,,logistic_regression,3,DEV-LOCAL-V1-001233,DEV_EP_DD_099,DUPLICADO,DUPLICADO,DUPLICADO,True,True,0.998880141942586,,,,,0.0011198580574139916,0.998880141942586
deduplication__tfidf__none__logistic_regression,deduplication,tfidf,,logistic_regression,3,DEV-LOCAL-V1-001234,DEV_EP_DD_099,DUPLICADO,DUPLICADO,DUPLICADO,True,True,0.9996329358556932,,,,,0.00036706414430676126,0.9996329358556932
deduplication__tfidf__none__logistic_regression,deduplication,tfidf,,logistic_regression,3,DEV-LOCAL-V1-000744,DEV_EP_DD_018,NAO_DUPLICADO,NAO_DUPLICADO,NAO_DUPLICADO,True,True,0.9926146933223722,,,,,0.9926146933223722,0.007385306677627778
deduplication__tfidf__none__logistic_regression,deduplication,tfidf,,logistic_regression,3,DEV-LOCAL-V1-000745,DEV_EP_DD_018,NAO_DUPLICADO,NAO_DUPLICADO,NAO_DUPLICADO,True,True,0.9891117794378034,,,,,0.9891117794378034,0.01088822056219661
deduplication__tfidf__none__logistic_regression,deduplication,tfidf,,logistic_regression,3,DEV-LOCAL-V1-000746,DEV_EP_DD_018,NAO_DUPLICADO,NAO_DUPLICADO,NAO_DUPLICADO,True,True,0.9836242947789754,,,,,0.9836242947789754,0.016375705221024564
deduplication__tfidf__none__logistic_regression,deduplication,tfidf,,logistic_regression,3,DEV-LOCAL-V1-000747,DEV_EP_DD_018,NAO_DUPLICADO,NAO_DUPLICADO,NAO_DUPLICADO,True,True,0.9830453828985355,,,,,0.9830453828985355,0.016954617101464484
deduplication__tfidf__none__logistic_regression,deduplication,tfidf,,logistic_regression,3,DEV-LOCAL-V1-000748,DEV_EP_DD_018,NAO_DUPLICADO,NAO_DUPLICADO,NAO_DUPLICADO,True,True,0.9779219525275009,,,,,0.9779219525275009,0.022078047472499095
deduplication__tfidf__none__logistic_regression,deduplication,tfidf,,logistic_regression,3,DEV-LOCAL-V1-000882,DEV_EP_DD_041,DUPLICADO,DUPLICADO,DUPLICADO,True,True,0.9898157519791652,,,,,0.01018424802083484,0.9898157519791652
deduplication__tfidf__none__logistic_regression,deduplication,tfidf,,logistic_regression,3,DEV-LOCAL-V1-000883,DEV_EP_DD_041,DUPLICADO,DUPLICADO,DUPLICADO,True,True,0.9904221264132647,,,,,0.009577873586735342,0.9904221264132647
deduplication__tfidf__none__logistic_regression,deduplication,tfidf,,logistic_regression,3,DEV-LOCAL-V1-000884,DEV_EP_DD_041,DUPLICADO,DUPLICADO,DUPLICADO,True,True,0.9839764171083424,,,,,0.016023582891657617,0.9839764171083424
deduplication__tfidf__none__logistic_regression,deduplication,tfidf,,logistic_regression,3,DEV-LOCAL-V1-000885,DEV_EP_DD_041,DUPLICADO,DUPLICADO,DUPLICADO,True,True,0.9860431352163601,,,,,0.013956864783639888,0.9860431352163601
deduplication__tfidf__none__logistic_regression,deduplication,tfidf,,logistic_regression,3,DEV-LOCAL-V1-000886,DEV_EP_DD_041,DUPLICADO,DUPLICADO,DUPLICADO,True,True,0.9914633769727227,,,,,0.008536623027277312,0.9914633769727227
deduplication__tfidf__none__logistic_regression,deduplication,tfidf,,logistic_regression,3,DEV-LOCAL-V1-001014,DEV_EP_DD_063,DUPLICADO,DUPLICADO,DUPLICADO,True,True,0.9981418588669596,,,,,0.0018581411330403919,0.9981418588669596
deduplication__tfidf__none__logistic_regression,deduplication,tfidf,,logistic_regression,3,DEV-LOCAL-V1-001015,DEV_EP_DD_063,DUPLICADO,DUPLICADO,DUPLICADO,True,True,0.9991735324854211,,,,,0.0008264675145789324,0.9991735324854211
deduplication__tfidf__none__logistic_regression,deduplication,tfidf,,logistic_regression,3,DEV-LOCAL-V1-001016,DEV_EP_DD_063,DUPLICADO,DUPLICADO,DUPLICADO,True,True,0.9987666288453236,,,,,0.001233371154676366,0.9987666288453236
deduplication__tfidf__none__logistic_regression,deduplication,tfidf,,logistic_regression,3,DEV-LOCAL-V1-001017,DEV_EP_DD_063,DUPLICADO,DUPLICADO,DUPLICADO,True,True,0.9990776526511612,,,,,0.0009223473488387812,0.9990776526511612
deduplication__tfidf__none__logistic_regression,deduplication,tfidf,,logistic_regression,3,DEV-LOCAL-V1-001018,DEV_EP_DD_063,DUPLICADO,DUPLICADO,DUPLICADO,True,True,0.999448767429361,,,,,0.0005512325706390486,0.999448767429361
deduplication__tfidf__none__logistic_regression,deduplication,tfidf,,logistic_regression,3,DEV-LOCAL-V1-001170,DEV_EP_DD_089,DUPLICADO,DUPLICADO,DUPLICADO,True,True,0.9882618127414409,,,,,0.01173818725855913,0.9882618127414409
deduplication__tfidf__none__logistic_regression,deduplication,tfidf,,logistic_regression,3,DEV-LOCAL-V1-001171,DEV_EP_DD_089,DUPLICADO,DUPLICADO,DUPLICADO,True,True,0.9926082070180258,,,,,0.007391792981974232,0.9926082070180258
deduplication__tfidf__none__logistic_regression,deduplication,tfidf,,logistic_regression,3,DEV-LOCAL-V1-001172,DEV_EP_DD_089,DUPLICADO,DUPLICADO,DUPLICADO,True,True,0.9902097574183015,,,,,0.009790242581698472,0.9902097574183015
deduplication__tfidf__none__logistic_regression,deduplication,tfidf,,logistic_regression,3,DEV-LOCAL-V1-001173,DEV_EP_DD_089,DUPLICADO,DUPLICADO,DUPLICADO,True,True,0.9907193276855493,,,,,0.009280672314450733,0.9907193276855493
deduplication__tfidf__none__logistic_regression,deduplication,tfidf,,logistic_regression,3,DEV-LOCAL-V1-001174,DEV_EP_DD_089,DUPLICADO,DUPLICADO,DUPLICADO,True,True,0.9935685498387239,,,,,0.006431450161276109,0.9935685498387239
deduplication__tfidf__none__logistic_regression,deduplication,tfidf,,logistic_regression,3,DEV-LOCAL-V1-000678,DEV_EP_DD_007,DUPLICADO,DUPLICADO,DUPLICADO,True,True,0.9954033749776593,,,,,0.004596625022340706,0.9954033749776593
deduplication__tfidf__none__logistic_regression,deduplication,tfidf,,logistic_regression,3,DEV-LOCAL-V1-000679,DEV_EP_DD_007,DUPLICADO,DUPLICADO,DUPLICADO,True,True,0.9975425582329845,,,,,0.002457441767015456,0.9975425582329845
deduplication__tfidf__none__logistic_regression,deduplication,tfidf,,logistic_regression,3,DEV-LOCAL-V1-000680,DEV_EP_DD_007,DUPLICADO,DUPLICADO,DUPLICADO,True,True,0.9960004418751027,,,,,0.003999558124897273,0.9960004418751027
deduplication__tfidf__none__logistic_regression,deduplication,tfidf,,logistic_regression,3,DEV-LOCAL-V1-000681,DEV_EP_DD_007,DUPLICADO,DUPLICADO,DUPLICADO,True,True,0.9980764371533384,,,,,0.0019235628466616195,0.9980764371533384
deduplication__tfidf__none__logistic_regression,deduplication,tfidf,,logistic_regression,3,DEV-LOCAL-V1-000682,DEV_EP_DD_007,DUPLICADO,DUPLICADO,DUPLICADO,True,True,0.9983763161989884,,,,,0.0016236838010116328,0.9983763161989884
deduplication__tfidf__none__logistic_regression,deduplication,tfidf,,logistic_regression,4,DEV-LOCAL-V1-001308,DEV_EP_DD_112,NAO_DUPLICADO,NAO_DUPLICADO,NAO_DUPLICADO,True,True,0.982089257870212,,,,,0.982089257870212,0.01791074212978804
deduplication__tfidf__none__logistic_regression,deduplication,tfidf,,logistic_regression,4,DEV-LOCAL-V1-001309,DEV_EP_DD_112,NAO_DUPLICADO,NAO_DUPLICADO,NAO_DUPLICADO,True,True,0.9800509113929388,,,,,0.9800509113929388,0.01994908860706129
deduplication__tfidf__none__logistic_regression,deduplication,tfidf,,logistic_regression,4,DEV-LOCAL-V1-001310,DEV_EP_DD_112,NAO_DUPLICADO,NAO_DUPLICADO,NAO_DUPLICADO,True,True,0.9763491779402578,,,,,0.9763491779402578,0.023650822059742255
deduplication__tfidf__none__logistic_regression,deduplication,tfidf,,logistic_regression,4,DEV-LOCAL-V1-001311,DEV_EP_DD_112,NAO_DUPLICADO,NAO_DUPLICADO,NAO_DUPLICADO,True,True,0.9715172375177616,,,,,0.9715172375177616,0.028482762482238362
deduplication__tfidf__none__logistic_regression,deduplication,tfidf,,logistic_regression,4,DEV-LOCAL-V1-001312,DEV_EP_DD_112,NAO_DUPLICADO,NAO_DUPLICADO,NAO_DUPLICADO,True,True,0.9795901807269433,,,,,0.9795901807269433,0.02040981927305672
deduplication__tfidf__none__logistic_regression,deduplication,tfidf,,logistic_regression,4,DEV-LOCAL-V1-000858,DEV_EP_DD_037,DUPLICADO,DUPLICADO,DUPLICADO,True,True,0.9875848282023327,,,,,0.012415171797667268,0.9875848282023327
deduplication__tfidf__none__logistic_regression,deduplication,tfidf,,logistic_regression,4,DEV-LOCAL-V1-000859,DEV_EP_DD_037,DUPLICADO,DUPLICADO,DUPLICADO,True,True,0.9909716734471025,,,,,0.009028326552897536,0.9909716734471025
deduplication__tfidf__none__logistic_regression,deduplication,tfidf,,logistic_regression,4,DEV-LOCAL-V1-000860,DEV_EP_DD_037,DUPLICADO,DUPLICADO,DUPLICADO,True,True,0.9889888051990146,,,,,0.011011194800985447,0.9889888051990146
deduplication__tfidf__none__logistic_regression,deduplication,tfidf,,logistic_regression,4,DEV-LOCAL-V1-000861,DEV_EP_DD_037,DUPLICADO,DUPLICADO,DUPLICADO,True,True,0.9936835142647065,,,,,0.006316485735293531,0.9936835142647065
deduplication__tfidf__none__logistic_regression,deduplication,tfidf,,logistic_regression,4,DEV-LOCAL-V1-000862,DEV_EP_DD_037,DUPLICADO,DUPLICADO,DUPLICADO,True,True,0.9849067639533367,,,,,0.01509323604666335,0.9849067639533367
deduplication__tfidf__none__logistic_regression,deduplication,tfidf,,logistic_regression,4,DEV-LOCAL-V1-000726,DEV_EP_DD_015,DUPLICADO,DUPLICADO,DUPLICADO,True,True,0.9898399966196969,,,,,0.010160003380303095,0.9898399966196969
deduplication__tfidf__none__logistic_regression,deduplication,tfidf,,logistic_regression,4,DEV-LOCAL-V1-000727,DEV_EP_DD_015,DUPLICADO,DUPLICADO,DUPLICADO,True,True,0.9917268865857897,,,,,0.008273113414210331,0.9917268865857897
deduplication__tfidf__none__logistic_regression,deduplication,tfidf,,logistic_regression,4,DEV-LOCAL-V1-000728,DEV_EP_DD_015,DUPLICADO,DUPLICADO,DUPLICADO,True,True,0.9927493876399912,,,,,0.00725061236000879,0.9927493876399912
deduplication__tfidf__none__logistic_regression,deduplication,tfidf,,logistic_regression,4,DEV-LOCAL-V1-000729,DEV_EP_DD_015,DUPLICADO,DUPLICADO,DUPLICADO,True,True,0.9941043683241823,,,,,0.005895631675817747,0.9941043683241823
deduplication__tfidf__none__logistic_regression,deduplication,tfidf,,logistic_regression,4,DEV-LOCAL-V1-000730,DEV_EP_DD_015,DUPLICADO,DUPLICADO,DUPLICADO,True,True,0.9902471592038099,,,,,0.009752840796190099,0.9902471592038099
deduplication__tfidf__none__logistic_regression,deduplication,tfidf,,logistic_regression,4,DEV-LOCAL-V1-001020,DEV_EP_DD_064,NAO_DUPLICADO,NAO_DUPLICADO,NAO_DUPLICADO,True,True,0.9669163686824663,,,,,0.9669163686824663,0.03308363131753365
deduplication__tfidf__none__logistic_regression,deduplication,tfidf,,logistic_regression,4,DEV-LOCAL-V1-001021,DEV_EP_DD_064,NAO_DUPLICADO,NAO_DUPLICADO,NAO_DUPLICADO,True,True,0.9675417082990077,,,,,0.9675417082990077,0.032458291700992375
deduplication__tfidf__none__logistic_regression,deduplication,tfidf,,logistic_regression,4,DEV-LOCAL-V1-001022,DEV_EP_DD_064,NAO_DUPLICADO,NAO_DUPLICADO,NAO_DUPLICADO,True,True,0.9587326346898544,,,,,0.9587326346898544,0.04126736531014558
deduplication__tfidf__none__logistic_regression,deduplication,tfidf,,logistic_regression,4,DEV-LOCAL-V1-001023,DEV_EP_DD_064,NAO_DUPLICADO,NAO_DUPLICADO,NAO_DUPLICADO,True,True,0.9674539268910473,,,,,0.9674539268910473,0.03254607310895273
deduplication__tfidf__none__logistic_regression,deduplication,tfidf,,logistic_regression,4,DEV-LOCAL-V1-001024,DEV_EP_DD_064,NAO_DUPLICADO,NAO_DUPLICADO,NAO_DUPLICADO,True,True,0.9568522264324624,,,,,0.9568522264324624,0.04314777356753768
deduplication__tfidf__none__logistic_regression,deduplication,tfidf,,logistic_regression,4,DEV-LOCAL-V1-000870,DEV_EP_DD_039,DUPLICADO,DUPLICADO,DUPLICADO,True,True,0.9958679574351933,,,,,0.004132042564806704,0.9958679574351933
deduplication__tfidf__none__logistic_regression,deduplication,tfidf,,logistic_regression,4,DEV-LOCAL-V1-000871,DEV_EP_DD_039,DUPLICADO,DUPLICADO,DUPLICADO,True,True,0.9964291254989414,,,,,0.0035708745010586407,0.9964291254989414
deduplication__tfidf__none__logistic_regression,deduplication,tfidf,,logistic_regression,4,DEV-LOCAL-V1-000872,DEV_EP_DD_039,DUPLICADO,DUPLICADO,DUPLICADO,True,True,0.9964891470206936,,,,,0.0035108529793064225,0.9964891470206936
deduplication__tfidf__none__logistic_regression,deduplication,tfidf,,logistic_regression,4,DEV-LOCAL-V1-000873,DEV_EP_DD_039,DUPLICADO,DUPLICADO,DUPLICADO,True,True,0.994902063394885,,,,,0.005097936605115039,0.994902063394885
deduplication__tfidf__none__logistic_regression,deduplication,tfidf,,logistic_regression,4,DEV-LOCAL-V1-000874,DEV_EP_DD_039,DUPLICADO,DUPLICADO,DUPLICADO,True,True,0.9940831413775405,,,,,0.005916858622459498,0.9940831413775405
deduplication__tfidf__none__logistic_regression,deduplication,tfidf,,logistic_regression,4,DEV-LOCAL-V1-000846,DEV_EP_DD_035,DUPLICADO,DUPLICADO,DUPLICADO,True,True,0.9943994517863115,,,,,0.005600548213688494,0.9943994517863115
deduplication__tfidf__none__logistic_regression,deduplication,tfidf,,logistic_regression,4,DEV-LOCAL-V1-000847,DEV_EP_DD_035,DUPLICADO,DUPLICADO,DUPLICADO,True,True,0.9965064739449686,,,,,0.003493526055031393,0.9965064739449686
deduplication__tfidf__none__logistic_regression,deduplication,tfidf,,logistic_regression,4,DEV-LOCAL-V1-000848,DEV_EP_DD_035,DUPLICADO,DUPLICADO,DUPLICADO,True,True,0.9952272667203683,,,,,0.00477273327963168,0.9952272667203683
deduplication__tfidf__none__logistic_regression,deduplication,tfidf,,logistic_regression,4,DEV-LOCAL-V1-000849,DEV_EP_DD_035,DUPLICADO,DUPLICADO,DUPLICADO,True,True,0.9958273753282781,,,,,0.0041726246717218585,0.9958273753282781
deduplication__tfidf__none__logistic_regression,deduplication,tfidf,,logistic_regression,4,DEV-LOCAL-V1-000850,DEV_EP_DD_035,DUPLICADO,DUPLICADO,DUPLICADO,True,True,0.9943924997828683,,,,,0.0056075002171317445,0.9943924997828683
deduplication__tfidf__none__logistic_regression,deduplication,tfidf,,logistic_regression,4,DEV-LOCAL-V1-000996,DEV_EP_DD_060,NAO_DUPLICADO,NAO_DUPLICADO,NAO_DUPLICADO,True,True,0.9973967518544617,,,,,0.9973967518544617,0.0026032481455382393
deduplication__tfidf__none__logistic_regression,deduplication,tfidf,,logistic_regression,4,DEV-LOCAL-V1-000997,DEV_EP_DD_060,NAO_DUPLICADO,NAO_DUPLICADO,NAO_DUPLICADO,True,True,0.9977588634899381,,,,,0.9977588634899381,0.0022411365100618364
deduplication__tfidf__none__logistic_regression,deduplication,tfidf,,logistic_regression,4,DEV-LOCAL-V1-000998,DEV_EP_DD_060,NAO_DUPLICADO,NAO_DUPLICADO,NAO_DUPLICADO,True,True,0.9965239736770202,,,,,0.9965239736770202,0.0034760263229798335
deduplication__tfidf__none__logistic_regression,deduplication,tfidf,,logistic_regression,4,DEV-LOCAL-V1-000999,DEV_EP_DD_060,NAO_DUPLICADO,NAO_DUPLICADO,NAO_DUPLICADO,True,True,0.9954618653200673,,,,,0.9954618653200673,0.004538134679932654
deduplication__tfidf__none__logistic_regression,deduplication,tfidf,,logistic_regression,4,DEV-LOCAL-V1-001000,DEV_EP_DD_060,NAO_DUPLICADO,NAO_DUPLICADO,NAO_DUPLICADO,True,True,0.9933828402685126,,,,,0.9933828402685126,0.0066171597314873334
deduplication__tfidf__none__logistic_regression,deduplication,tfidf,,logistic_regression,4,DEV-LOCAL-V1-001206,DEV_EP_DD_095,DUPLICADO,DUPLICADO,DUPLICADO,True,True,0.9942940469715957,,,,,0.005705953028404265,0.9942940469715957
deduplication__tfidf__none__logistic_regression,deduplication,tfidf,,logistic_regression,4,DEV-LOCAL-V1-001207,DEV_EP_DD_095,DUPLICADO,DUPLICADO,DUPLICADO,True,True,0.9960271730683684,,,,,0.00397282693163159,0.9960271730683684
deduplication__tfidf__none__logistic_regression,deduplication,tfidf,,logistic_regression,4,DEV-LOCAL-V1-001208,DEV_EP_DD_095,DUPLICADO,DUPLICADO,DUPLICADO,True,True,0.9945340596745349,,,,,0.005465940325465102,0.9945340596745349
deduplication__tfidf__none__logistic_regression,deduplication,tfidf,,logistic_regression,4,DEV-LOCAL-V1-001209,DEV_EP_DD_095,DUPLICADO,DUPLICADO,DUPLICADO,True,True,0.995232853730392,,,,,0.004767146269607947,0.995232853730392
deduplication__tfidf__none__logistic_regression,deduplication,tfidf,,logistic_regression,4,DEV-LOCAL-V1-001210,DEV_EP_DD_095,DUPLICADO,DUPLICADO,DUPLICADO,True,True,0.9922896839748259,,,,,0.007710316025174135,0.9922896839748259
deduplication__tfidf__none__logistic_regression,deduplication,tfidf,,logistic_regression,4,DEV-LOCAL-V1-001236,DEV_EP_DD_100,NAO_DUPLICADO,NAO_DUPLICADO,NAO_DUPLICADO,True,True,0.9794782765795854,,,,,0.9794782765795854,0.020521723420414584
deduplication__tfidf__none__logistic_regression,deduplication,tfidf,,logistic_regression,4,DEV-LOCAL-V1-001237,DEV_EP_DD_100,NAO_DUPLICADO,NAO_DUPLICADO,NAO_DUPLICADO,True,True,0.9785124556106232,,,,,0.9785124556106232,0.021487544389376792
deduplication__tfidf__none__logistic_regression,deduplication,tfidf,,logistic_regression,4,DEV-LOCAL-V1-001238,DEV_EP_DD_100,NAO_DUPLICADO,NAO_DUPLICADO,NAO_DUPLICADO,True,True,0.9744574426492515,,,,,0.9744574426492515,0.025542557350748476
deduplication__tfidf__none__logistic_regression,deduplication,tfidf,,logistic_regression,4,DEV-LOCAL-V1-001239,DEV_EP_DD_100,NAO_DUPLICADO,NAO_DUPLICADO,NAO_DUPLICADO,True,True,0.9701498113675,,,,,0.9701498113675,0.02985018863249994
deduplication__tfidf__none__logistic_regression,deduplication,tfidf,,logistic_regression,4,DEV-LOCAL-V1-001240,DEV_EP_DD_100,NAO_DUPLICADO,NAO_DUPLICADO,NAO_DUPLICADO,True,True,0.965492888994046,,,,,0.965492888994046,0.034507111005954015
deduplication__tfidf__none__logistic_regression,deduplication,tfidf,,logistic_regression,4,DEV-LOCAL-V1-001086,DEV_EP_DD_075,DUPLICADO,DUPLICADO,DUPLICADO,True,True,0.9909297165514744,,,,,0.009070283448525562,0.9909297165514744
deduplication__tfidf__none__logistic_regression,deduplication,tfidf,,logistic_regression,4,DEV-LOCAL-V1-001087,DEV_EP_DD_075,DUPLICADO,DUPLICADO,DUPLICADO,True,True,0.9928016702634573,,,,,0.0071983297365426635,0.9928016702634573
deduplication__tfidf__none__logistic_regression,deduplication,tfidf,,logistic_regression,4,DEV-LOCAL-V1-001088,DEV_EP_DD_075,DUPLICADO,DUPLICADO,DUPLICADO,True,True,0.9927670600625782,,,,,0.007232939937421801,0.9927670600625782
deduplication__tfidf__none__logistic_regression,deduplication,tfidf,,logistic_regression,4,DEV-LOCAL-V1-001089,DEV_EP_DD_075,DUPLICADO,DUPLICADO,DUPLICADO,True,True,0.9921198269030491,,,,,0.007880173096950882,0.9921198269030491
deduplication__tfidf__none__logistic_regression,deduplication,tfidf,,logistic_regression,4,DEV-LOCAL-V1-001090,DEV_EP_DD_075,DUPLICADO,DUPLICADO,DUPLICADO,True,True,0.9896479943287257,,,,,0.010352005671274256,0.9896479943287257
deduplication__tfidf__none__logistic_regression,deduplication,tfidf,,logistic_regression,4,DEV-LOCAL-V1-001290,DEV_EP_DD_109,DUPLICADO,DUPLICADO,DUPLICADO,True,True,0.9878146935539146,,,,,0.012185306446085398,0.9878146935539146
deduplication__tfidf__none__logistic_regression,deduplication,tfidf,,logistic_regression,4,DEV-LOCAL-V1-001291,DEV_EP_DD_109,DUPLICADO,DUPLICADO,DUPLICADO,True,True,0.9898716522148008,,,,,0.010128347785199221,0.9898716522148008
deduplication__tfidf__none__logistic_regression,deduplication,tfidf,,logistic_regression,4,DEV-LOCAL-V1-001292,DEV_EP_DD_109,DUPLICADO,DUPLICADO,DUPLICADO,True,True,0.989330966063014,,,,,0.010669033936986039,0.989330966063014
deduplication__tfidf__none__logistic_regression,deduplication,tfidf,,logistic_regression,4,DEV-LOCAL-V1-001293,DEV_EP_DD_109,DUPLICADO,DUPLICADO,DUPLICADO,True,True,0.9884441873974781,,,,,0.01155581260252192,0.9884441873974781
deduplication__tfidf__none__logistic_regression,deduplication,tfidf,,logistic_regression,4,DEV-LOCAL-V1-001294,DEV_EP_DD_109,DUPLICADO,DUPLICADO,DUPLICADO,True,True,0.983701952833032,,,,,0.016298047166968033,0.983701952833032
deduplication__tfidf__none__logistic_regression,deduplication,tfidf,,logistic_regression,4,DEV-LOCAL-V1-001056,DEV_EP_DD_070,NAO_DUPLICADO,NAO_DUPLICADO,NAO_DUPLICADO,True,True,0.9970287075189804,,,,,0.9970287075189804,0.002971292481019579
deduplication__tfidf__none__logistic_regression,deduplication,tfidf,,logistic_regression,4,DEV-LOCAL-V1-001057,DEV_EP_DD_070,NAO_DUPLICADO,NAO_DUPLICADO,NAO_DUPLICADO,True,True,0.9975882319645862,,,,,0.9975882319645862,0.0024117680354137213
deduplication__tfidf__none__logistic_regression,deduplication,tfidf,,logistic_regression,4,DEV-LOCAL-V1-001058,DEV_EP_DD_070,NAO_DUPLICADO,NAO_DUPLICADO,NAO_DUPLICADO,True,True,0.9965307804944783,,,,,0.9965307804944783,0.0034692195055217364
deduplication__tfidf__none__logistic_regression,deduplication,tfidf,,logistic_regression,4,DEV-LOCAL-V1-001059,DEV_EP_DD_070,NAO_DUPLICADO,NAO_DUPLICADO,NAO_DUPLICADO,True,True,0.9955395933191182,,,,,0.9955395933191182,0.004460406680881778
deduplication__tfidf__none__logistic_regression,deduplication,tfidf,,logistic_regression,4,DEV-LOCAL-V1-001060,DEV_EP_DD_070,NAO_DUPLICADO,NAO_DUPLICADO,NAO_DUPLICADO,True,True,0.9962869819199559,,,,,0.9962869819199559,0.003713018080044081
deduplication__tfidf__none__logistic_regression,deduplication,tfidf,,logistic_regression,4,DEV-LOCAL-V1-000738,DEV_EP_DD_017,DUPLICADO,DUPLICADO,DUPLICADO,True,True,0.9711138110818442,,,,,0.028886188918155753,0.9711138110818442
deduplication__tfidf__none__logistic_regression,deduplication,tfidf,,logistic_regression,4,DEV-LOCAL-V1-000739,DEV_EP_DD_017,DUPLICADO,DUPLICADO,DUPLICADO,True,True,0.9759696872854815,,,,,0.024030312714518498,0.9759696872854815
deduplication__tfidf__none__logistic_regression,deduplication,tfidf,,logistic_regression,4,DEV-LOCAL-V1-000740,DEV_EP_DD_017,DUPLICADO,DUPLICADO,DUPLICADO,True,True,0.976590417030782,,,,,0.023409582969218024,0.976590417030782
deduplication__tfidf__none__logistic_regression,deduplication,tfidf,,logistic_regression,4,DEV-LOCAL-V1-000741,DEV_EP_DD_017,DUPLICADO,DUPLICADO,DUPLICADO,True,True,0.9835610717265618,,,,,0.01643892827343818,0.9835610717265618
deduplication__tfidf__none__logistic_regression,deduplication,tfidf,,logistic_regression,4,DEV-LOCAL-V1-000742,DEV_EP_DD_017,DUPLICADO,DUPLICADO,DUPLICADO,True,True,0.9627702409995573,,,,,0.037229759000442675,0.9627702409995573
deduplication__tfidf__none__logistic_regression,deduplication,tfidf,,logistic_regression,4,DEV-LOCAL-V1-001104,DEV_EP_DD_078,NAO_DUPLICADO,NAO_DUPLICADO,NAO_DUPLICADO,True,True,0.9983545023050253,,,,,0.9983545023050253,0.0016454976949746522
deduplication__tfidf__none__logistic_regression,deduplication,tfidf,,logistic_regression,4,DEV-LOCAL-V1-001105,DEV_EP_DD_078,NAO_DUPLICADO,NAO_DUPLICADO,NAO_DUPLICADO,True,True,0.9980326105785298,,,,,0.9980326105785298,0.0019673894214702063
deduplication__tfidf__none__logistic_regression,deduplication,tfidf,,logistic_regression,4,DEV-LOCAL-V1-001106,DEV_EP_DD_078,NAO_DUPLICADO,NAO_DUPLICADO,NAO_DUPLICADO,True,True,0.9959300236326901,,,,,0.9959300236326901,0.004069976367309871
deduplication__tfidf__none__logistic_regression,deduplication,tfidf,,logistic_regression,4,DEV-LOCAL-V1-001107,DEV_EP_DD_078,NAO_DUPLICADO,NAO_DUPLICADO,NAO_DUPLICADO,True,True,0.996808275634981,,,,,0.996808275634981,0.0031917243650189985
deduplication__tfidf__none__logistic_regression,deduplication,tfidf,,logistic_regression,4,DEV-LOCAL-V1-001108,DEV_EP_DD_078,NAO_DUPLICADO,NAO_DUPLICADO,NAO_DUPLICADO,True,True,0.9968374093571747,,,,,0.9968374093571747,0.003162590642825296
deduplication__tfidf__none__logistic_regression,deduplication,tfidf,,logistic_regression,4,DEV-LOCAL-V1-001356,DEV_EP_DD_120,NAO_DUPLICADO,NAO_DUPLICADO,NAO_DUPLICADO,True,True,0.9966421912122303,,,,,0.9966421912122303,0.003357808787769702
deduplication__tfidf__none__logistic_regression,deduplication,tfidf,,logistic_regression,4,DEV-LOCAL-V1-001357,DEV_EP_DD_120,NAO_DUPLICADO,NAO_DUPLICADO,NAO_DUPLICADO,True,True,0.9973764762047488,,,,,0.9973764762047488,0.0026235237952512208
deduplication__tfidf__none__logistic_regression,deduplication,tfidf,,logistic_regression,4,DEV-LOCAL-V1-001358,DEV_EP_DD_120,NAO_DUPLICADO,NAO_DUPLICADO,NAO_DUPLICADO,True,True,0.995850093358169,,,,,0.995850093358169,0.004149906641831002
deduplication__tfidf__none__logistic_regression,deduplication,tfidf,,logistic_regression,4,DEV-LOCAL-V1-001359,DEV_EP_DD_120,NAO_DUPLICADO,NAO_DUPLICADO,NAO_DUPLICADO,True,True,0.994253326746982,,,,,0.994253326746982,0.005746673253018065
deduplication__tfidf__none__logistic_regression,deduplication,tfidf,,logistic_regression,4,DEV-LOCAL-V1-001360,DEV_EP_DD_120,NAO_DUPLICADO,NAO_DUPLICADO,NAO_DUPLICADO,True,True,0.9942641546366077,,,,,0.9942641546366077,0.0057358453633923
deduplication__tfidf__none__logistic_regression,deduplication,tfidf,,logistic_regression,4,DEV-LOCAL-V1-000684,DEV_EP_DD_008,NAO_DUPLICADO,NAO_DUPLICADO,NAO_DUPLICADO,True,True,0.9988024161926512,,,,,0.9988024161926512,0.0011975838073487528
deduplication__tfidf__none__logistic_regression,deduplication,tfidf,,logistic_regression,4,DEV-LOCAL-V1-000685,DEV_EP_DD_008,NAO_DUPLICADO,NAO_DUPLICADO,NAO_DUPLICADO,True,True,0.9990986539018676,,,,,0.9990986539018676,0.0009013460981324434
deduplication__tfidf__none__logistic_regression,deduplication,tfidf,,logistic_regression,4,DEV-LOCAL-V1-000686,DEV_EP_DD_008,NAO_DUPLICADO,NAO_DUPLICADO,NAO_DUPLICADO,True,True,0.9984520807788352,,,,,0.9984520807788352,0.0015479192211648293
deduplication__tfidf__none__logistic_regression,deduplication,tfidf,,logistic_regression,4,DEV-LOCAL-V1-000687,DEV_EP_DD_008,NAO_DUPLICADO,NAO_DUPLICADO,NAO_DUPLICADO,True,True,0.9985377994348721,,,,,0.9985377994348721,0.0014622005651279072
deduplication__tfidf__none__logistic_regression,deduplication,tfidf,,logistic_regression,4,DEV-LOCAL-V1-000688,DEV_EP_DD_008,NAO_DUPLICADO,NAO_DUPLICADO,NAO_DUPLICADO,True,True,0.9981350369282145,,,,,0.9981350369282145,0.0018649630717855123
deduplication__tfidf__none__logistic_regression,deduplication,tfidf,,logistic_regression,4,DEV-LOCAL-V1-000666,DEV_EP_DD_005,DUPLICADO,DUPLICADO,DUPLICADO,True,True,0.9597797948263223,,,,,0.04022020517367775,0.9597797948263223
deduplication__tfidf__none__logistic_regression,deduplication,tfidf,,logistic_regression,4,DEV-LOCAL-V1-000667,DEV_EP_DD_005,DUPLICADO,DUPLICADO,DUPLICADO,True,True,0.972580358153197,,,,,0.02741964184680301,0.972580358153197
deduplication__tfidf__none__logistic_regression,deduplication,tfidf,,logistic_regression,4,DEV-LOCAL-V1-000668,DEV_EP_DD_005,DUPLICADO,DUPLICADO,DUPLICADO,True,True,0.9708421438146043,,,,,0.02915785618539568,0.9708421438146043
deduplication__tfidf__none__logistic_regression,deduplication,tfidf,,logistic_regression,4,DEV-LOCAL-V1-000669,DEV_EP_DD_005,DUPLICADO,DUPLICADO,DUPLICADO,True,True,0.9737857267275852,,,,,0.026214273272414768,0.9737857267275852
deduplication__tfidf__none__logistic_regression,deduplication,tfidf,,logistic_regression,4,DEV-LOCAL-V1-000670,DEV_EP_DD_005,DUPLICADO,DUPLICADO,DUPLICADO,True,True,0.9655895614456258,,,,,0.0344104385543742,0.9655895614456258
deduplication__tfidf__none__logistic_regression,deduplication,tfidf,,logistic_regression,4,DEV-LOCAL-V1-000774,DEV_EP_DD_023,DUPLICADO,DUPLICADO,DUPLICADO,True,True,0.9974972383386249,,,,,0.002502761661375086,0.9974972383386249
deduplication__tfidf__none__logistic_regression,deduplication,tfidf,,logistic_regression,4,DEV-LOCAL-V1-000775,DEV_EP_DD_023,DUPLICADO,DUPLICADO,DUPLICADO,True,True,0.998474953493293,,,,,0.0015250465067070396,0.998474953493293
deduplication__tfidf__none__logistic_regression,deduplication,tfidf,,logistic_regression,4,DEV-LOCAL-V1-000776,DEV_EP_DD_023,DUPLICADO,DUPLICADO,DUPLICADO,True,True,0.9973290236536754,,,,,0.002670976346324627,0.9973290236536754
deduplication__tfidf__none__logistic_regression,deduplication,tfidf,,logistic_regression,4,DEV-LOCAL-V1-000777,DEV_EP_DD_023,DUPLICADO,DUPLICADO,DUPLICADO,True,True,0.9983280914767757,,,,,0.001671908523224297,0.9983280914767757
deduplication__tfidf__none__logistic_regression,deduplication,tfidf,,logistic_regression,4,DEV-LOCAL-V1-000778,DEV_EP_DD_023,DUPLICADO,DUPLICADO,DUPLICADO,True,True,0.995794530195924,,,,,0.00420546980407599,0.995794530195924
deduplication__tfidf__none__logistic_regression,deduplication,tfidf,,logistic_regression,4,DEV-LOCAL-V1-001146,DEV_EP_DD_085,DUPLICADO,DUPLICADO,DUPLICADO,True,True,0.973712966598054,,,,,0.026287033401946047,0.973712966598054
deduplication__tfidf__none__logistic_regression,deduplication,tfidf,,logistic_regression,4,DEV-LOCAL-V1-001147,DEV_EP_DD_085,DUPLICADO,DUPLICADO,DUPLICADO,True,True,0.9832156202872768,,,,,0.016784379712723174,0.9832156202872768
deduplication__tfidf__none__logistic_regression,deduplication,tfidf,,logistic_regression,4,DEV-LOCAL-V1-001148,DEV_EP_DD_085,DUPLICADO,DUPLICADO,DUPLICADO,True,True,0.9792154390141204,,,,,0.020784560985879552,0.9792154390141204
deduplication__tfidf__none__logistic_regression,deduplication,tfidf,,logistic_regression,4,DEV-LOCAL-V1-001149,DEV_EP_DD_085,DUPLICADO,DUPLICADO,DUPLICADO,True,True,0.9852540477020418,,,,,0.014745952297958165,0.9852540477020418
deduplication__tfidf__none__logistic_regression,deduplication,tfidf,,logistic_regression,4,DEV-LOCAL-V1-001150,DEV_EP_DD_085,DUPLICADO,DUPLICADO,DUPLICADO,True,True,0.9770540492535355,,,,,0.02294595074646455,0.9770540492535355
deduplication__tfidf__none__logistic_regression,deduplication,tfidf,,logistic_regression,4,DEV-LOCAL-V1-000966,DEV_EP_DD_055,DUPLICADO,DUPLICADO,DUPLICADO,True,True,0.9954259425711675,,,,,0.004574057428832545,0.9954259425711675
deduplication__tfidf__none__logistic_regression,deduplication,tfidf,,logistic_regression,4,DEV-LOCAL-V1-000967,DEV_EP_DD_055,DUPLICADO,DUPLICADO,DUPLICADO,True,True,0.997619781489934,,,,,0.002380218510065979,0.997619781489934
deduplication__tfidf__none__logistic_regression,deduplication,tfidf,,logistic_regression,4,DEV-LOCAL-V1-000968,DEV_EP_DD_055,DUPLICADO,DUPLICADO,DUPLICADO,True,True,0.9953315523172613,,,,,0.004668447682738663,0.9953315523172613
deduplication__tfidf__none__logistic_regression,deduplication,tfidf,,logistic_regression,4,DEV-LOCAL-V1-000969,DEV_EP_DD_055,DUPLICADO,DUPLICADO,DUPLICADO,True,True,0.9965648859403278,,,,,0.0034351140596722285,0.9965648859403278
deduplication__tfidf__none__logistic_regression,deduplication,tfidf,,logistic_regression,4,DEV-LOCAL-V1-000970,DEV_EP_DD_055,DUPLICADO,DUPLICADO,DUPLICADO,True,True,0.9951307090201807,,,,,0.004869290979819252,0.9951307090201807
deduplication__tfidf__none__logistic_regression,deduplication,tfidf,,logistic_regression,4,DEV-LOCAL-V1-000930,DEV_EP_DD_049,DUPLICADO,DUPLICADO,DUPLICADO,True,True,0.9854677722153484,,,,,0.014532227784651575,0.9854677722153484
deduplication__tfidf__none__logistic_regression,deduplication,tfidf,,logistic_regression,4,DEV-LOCAL-V1-000931,DEV_EP_DD_049,DUPLICADO,DUPLICADO,DUPLICADO,True,True,0.9890469650180497,,,,,0.010953034981950327,0.9890469650180497
deduplication__tfidf__none__logistic_regression,deduplication,tfidf,,logistic_regression,4,DEV-LOCAL-V1-000932,DEV_EP_DD_049,DUPLICADO,DUPLICADO,DUPLICADO,True,True,0.986661115682532,,,,,0.013338884317467992,0.986661115682532
deduplication__tfidf__none__logistic_regression,deduplication,tfidf,,logistic_regression,4,DEV-LOCAL-V1-000933,DEV_EP_DD_049,DUPLICADO,DUPLICADO,DUPLICADO,True,True,0.985381403421105,,,,,0.014618596578894971,0.985381403421105
deduplication__tfidf__none__logistic_regression,deduplication,tfidf,,logistic_regression,4,DEV-LOCAL-V1-000934,DEV_EP_DD_049,DUPLICADO,DUPLICADO,DUPLICADO,True,True,0.9806554971104653,,,,,0.01934450288953471,0.9806554971104653
deduplication__tfidf__none__logistic_regression,deduplication,tfidf,,logistic_regression,4,DEV-LOCAL-V1-001176,DEV_EP_DD_090,NAO_DUPLICADO,NAO_DUPLICADO,NAO_DUPLICADO,True,True,0.9980393172853165,,,,,0.9980393172853165,0.0019606827146835637
deduplication__tfidf__none__logistic_regression,deduplication,tfidf,,logistic_regression,4,DEV-LOCAL-V1-001177,DEV_EP_DD_090,NAO_DUPLICADO,NAO_DUPLICADO,NAO_DUPLICADO,True,True,0.9979497625546385,,,,,0.9979497625546385,0.002050237445361462
deduplication__tfidf__none__logistic_regression,deduplication,tfidf,,logistic_regression,4,DEV-LOCAL-V1-001178,DEV_EP_DD_090,NAO_DUPLICADO,NAO_DUPLICADO,NAO_DUPLICADO,True,True,0.9962964264486014,,,,,0.9962964264486014,0.0037035735513986077
deduplication__tfidf__none__logistic_regression,deduplication,tfidf,,logistic_regression,4,DEV-LOCAL-V1-001179,DEV_EP_DD_090,NAO_DUPLICADO,NAO_DUPLICADO,NAO_DUPLICADO,True,True,0.9966583321978105,,,,,0.9966583321978105,0.0033416678021894663
deduplication__tfidf__none__logistic_regression,deduplication,tfidf,,logistic_regression,4,DEV-LOCAL-V1-001180,DEV_EP_DD_090,NAO_DUPLICADO,NAO_DUPLICADO,NAO_DUPLICADO,True,True,0.9963935191833996,,,,,0.9963935191833996,0.0036064808166004574
deduplication__tfidf__none__logistic_regression,deduplication,tfidf,,logistic_regression,4,DEV-LOCAL-V1-000792,DEV_EP_DD_026,NAO_DUPLICADO,NAO_DUPLICADO,NAO_DUPLICADO,True,True,0.983309297679227,,,,,0.983309297679227,0.016690702320772993
deduplication__tfidf__none__logistic_regression,deduplication,tfidf,,logistic_regression,4,DEV-LOCAL-V1-000793,DEV_EP_DD_026,NAO_DUPLICADO,NAO_DUPLICADO,NAO_DUPLICADO,True,True,0.990908970798524,,,,,0.990908970798524,0.009091029201476024
deduplication__tfidf__none__logistic_regression,deduplication,tfidf,,logistic_regression,4,DEV-LOCAL-V1-000794,DEV_EP_DD_026,NAO_DUPLICADO,NAO_DUPLICADO,NAO_DUPLICADO,True,True,0.9852973646415837,,,,,0.9852973646415837,0.014702635358416316
deduplication__tfidf__none__logistic_regression,deduplication,tfidf,,logistic_regression,4,DEV-LOCAL-V1-000795,DEV_EP_DD_026,NAO_DUPLICADO,NAO_DUPLICADO,NAO_DUPLICADO,True,True,0.9834941619692702,,,,,0.9834941619692702,0.01650583803072982
deduplication__tfidf__none__logistic_regression,deduplication,tfidf,,logistic_regression,4,DEV-LOCAL-V1-000796,DEV_EP_DD_026,NAO_DUPLICADO,NAO_DUPLICADO,NAO_DUPLICADO,True,True,0.986290343589119,,,,,0.986290343589119,0.013709656410880906
deduplication__tfidf__none__logistic_regression,deduplication,tfidf,,logistic_regression,4,DEV-LOCAL-V1-001248,DEV_EP_DD_102,NAO_DUPLICADO,NAO_DUPLICADO,NAO_DUPLICADO,True,True,0.9995660215751468,,,,,0.9995660215751468,0.00043397842485317023
deduplication__tfidf__none__logistic_regression,deduplication,tfidf,,logistic_regression,4,DEV-LOCAL-V1-001249,DEV_EP_DD_102,NAO_DUPLICADO,NAO_DUPLICADO,NAO_DUPLICADO,True,True,0.9994485668042731,,,,,0.9994485668042731,0.0005514331957269755
deduplication__tfidf__none__logistic_regression,deduplication,tfidf,,logistic_regression,4,DEV-LOCAL-V1-001250,DEV_EP_DD_102,NAO_DUPLICADO,NAO_DUPLICADO,NAO_DUPLICADO,True,True,0.9989709665002078,,,,,0.9989709665002078,0.001029033499792254
deduplication__tfidf__none__logistic_regression,deduplication,tfidf,,logistic_regression,4,DEV-LOCAL-V1-001251,DEV_EP_DD_102,NAO_DUPLICADO,NAO_DUPLICADO,NAO_DUPLICADO,True,True,0.9993262694039999,,,,,0.9993262694039999,0.0006737305960000636
deduplication__tfidf__none__logistic_regression,deduplication,tfidf,,logistic_regression,4,DEV-LOCAL-V1-001252,DEV_EP_DD_102,NAO_DUPLICADO,NAO_DUPLICADO,NAO_DUPLICADO,True,True,0.9991283090068594,,,,,0.9991283090068594,0.0008716909931405732
