combination_id,task,representation,embedding,classifier,fold,outer_train_records,outer_test_records,outer_train_groups,outer_test_groups,group_overlap,fit_seconds,calibration_seconds,downstream_predict_seconds,downstream_predict_ms_per_record,prediction_measurement_scope,best_params,best_inner_score,calibration_policy,calibration_split,calibration_folds,convergence_warnings
classification__tfidf__none__logistic_regression,classification,tfidf,,logistic_regression,0,893,221,184,46,0,10.631632199976593,0.8895181000116281,0.19818220002343878,0.8967520363051529,classifier_pipeline_including_tfidf_transform,"{""model__C"":10.0}",0.8719904878445769,"{""automatic_maintenance_as_obra"":0,""automatic_non_obra_as_obra"":0,""coverage"":0.5100286532951289,""covered"":178,""eligible"":true,""errors"":0,""obra_threshold"":0.91,""risk"":0.0,""threshold"":0.91}","{""balance_score"":0.02054758917656277,""calibration_group_counts_by_label"":{""0"":15,""1"":23,""2"":25,""3"":11},""calibration_groups"":74,""calibration_label_counts"":{""0"":68,""1"":113,""2"":118,""3"":50},""calibration_records"":349,""fit_group_counts_by_label"":{""0"":22,""1"":35,""2"":38,""3"":15},""fit_groups"":110,""fit_label_counts"":{""0"":106,""1"":175,""2"":189,""3"":74},""fit_records"":544,""group_overlap"":0}","[{""fit_group_counts_by_label"":{""0"":10,""1"":11,""2"":14,""3"":2},""fit_groups"":37,""fit_records"":174,""fold"":0,""group_overlap"":0,""validation_group_counts_by_label"":{""0"":5,""1"":12,""2"":11,""3"":9},""validation_groups"":37,""validation_records"":175},{""fit_group_counts_by_label"":{""0"":5,""1"":12,""2"":11,""3"":9},""fit_groups"":37,""fit_records"":175,""fold"":1,""group_overlap"":0,""validation_group_counts_by_label"":{""0"":10,""1"":11,""2"":14,""3"":2},""validation_groups"":37,""validation_records"":174}]",0
classification__tfidf__none__logistic_regression,classification,tfidf,,logistic_regression,1,895,219,185,45,0,13.002739799965639,0.8933109000208788,0.17440249997889623,0.7963584473922203,classifier_pipeline_including_tfidf_transform,"{""model__C"":10.0}",0.8747062635967762,"{""automatic_maintenance_as_obra"":0,""automatic_non_obra_as_obra"":0,""coverage"":0.6815642458100558,""covered"":244,""eligible"":true,""errors"":4,""obra_threshold"":0.9,""risk"":0.01639344262295082,""threshold"":0.81}","{""balance_score"":0.02346368715083802,""calibration_group_counts_by_label"":{""0"":16,""1"":25,""2"":22,""3"":11},""calibration_groups"":74,""calibration_label_counts"":{""0"":73,""1"":123,""2"":107,""3"":55},""calibration_records"":358,""fit_group_counts_by_label"":{""0"":24,""1"":35,""2"":34,""3"":18},""fit_groups"":111,""fit_label_counts"":{""0"":117,""1"":174,""2"":163,""3"":83},""fit_records"":537,""group_overlap"":0}","[{""fit_group_counts_by_label"":{""0"":8,""1"":12,""2"":9,""3"":7},""fit_groups"":36,""fit_records"":173,""fold"":0,""group_overlap"":0,""validation_group_counts_by_label"":{""0"":8,""1"":13,""2"":13,""3"":4},""validation_groups"":38,""validation_records"":185},{""fit_group_counts_by_label"":{""0"":8,""1"":13,""2"":13,""3"":4},""fit_groups"":38,""fit_records"":185,""fold"":1,""group_overlap"":0,""validation_group_counts_by_label"":{""0"":8,""1"":12,""2"":9,""3"":7},""validation_groups"":36,""validation_records"":173}]",0
classification__tfidf__none__logistic_regression,classification,tfidf,,logistic_regression,2,882,232,183,47,0,10.230066000018269,0.852609499997925,0.16920280002523214,0.7293224139018627,classifier_pipeline_including_tfidf_transform,"{""model__C"":0.1}",0.8227871109541,"{""automatic_maintenance_as_obra"":0,""automatic_non_obra_as_obra"":0,""coverage"":0.6055555555555555,""covered"":218,""eligible"":true,""errors"":0,""obra_threshold"":0.93,""risk"":0.0,""threshold"":0.93}","{""balance_score"":0.018253968253968272,""calibration_group_counts_by_label"":{""0"":14,""1"":24,""2"":25,""3"":11},""calibration_groups"":74,""calibration_label_counts"":{""0"":64,""1"":118,""2"":123,""3"":55},""calibration_records"":360,""fit_group_counts_by_label"":{""0"":20,""1"":34,""2"":37,""3"":18},""fit_groups"":109,""fit_label_counts"":{""0"":94,""1"":168,""2"":177,""3"":83},""fit_records"":522,""group_overlap"":0}","[{""fit_group_counts_by_label"":{""0"":5,""1"":15,""2"":12,""3"":5},""fit_groups"":37,""fit_records"":177,""fold"":0,""group_overlap"":0,""validation_group_counts_by_label"":{""0"":9,""1"":9,""2"":13,""3"":6},""validation_groups"":37,""validation_records"":183},{""fit_group_counts_by_label"":{""0"":9,""1"":9,""2"":13,""3"":6},""fit_groups"":37,""fit_records"":183,""fold"":1,""group_overlap"":0,""validation_group_counts_by_label"":{""0"":5,""1"":15,""2"":12,""3"":5},""validation_groups"":37,""validation_records"":177}]",0
classification__tfidf__none__logistic_regression,classification,tfidf,,logistic_regression,3,898,216,184,46,0,11.385291999962647,1.2253323000040837,0.3230269000050612,1.4954949074308388,classifier_pipeline_including_tfidf_transform,"{""model__C"":10.0}",0.8681775033057261,"{""automatic_maintenance_as_obra"":0,""automatic_non_obra_as_obra"":0,""coverage"":0.6027777777777777,""covered"":217,""eligible"":true,""errors"":2,""obra_threshold"":0.9,""risk"":0.009216589861751152,""threshold"":0.77}","{""balance_score"":0.01463746597376886,""calibration_group_counts_by_label"":{""0"":17,""1"":23,""2"":22,""3"":12},""calibration_groups"":74,""calibration_label_counts"":{""0"":80,""1"":114,""2"":107,""3"":59},""calibration_records"":360,""fit_group_counts_by_label"":{""0"":25,""1"":35,""2"":33,""3"":17},""fit_groups"":110,""fit_label_counts"":{""0"":120,""1"":173,""2"":163,""3"":82},""fit_records"":538,""group_overlap"":0}","[{""fit_group_counts_by_label"":{""0"":7,""1"":13,""2"":13,""3"":4},""fit_groups"":37,""fit_records"":181,""fold"":0,""group_overlap"":0,""validation_group_counts_by_label"":{""0"":10,""1"":10,""2"":9,""3"":8},""validation_groups"":37,""validation_records"":179},{""fit_group_counts_by_label"":{""0"":10,""1"":10,""2"":9,""3"":8},""fit_groups"":37,""fit_records"":179,""fold"":1,""group_overlap"":0,""validation_group_counts_by_label"":{""0"":7,""1"":13,""2"":13,""3"":4},""validation_groups"":37,""validation_records"":181}]",0
classification__tfidf__none__logistic_regression,classification,tfidf,,logistic_regression,4,888,226,184,46,0,14.288139700016472,1.0071180000086315,0.15180339996004477,0.6716964600001981,classifier_pipeline_including_tfidf_transform,"{""model__C"":10.0}",0.8717193897142103,"{""automatic_maintenance_as_obra"":0,""automatic_non_obra_as_obra"":0,""coverage"":0.6039325842696629,""covered"":215,""eligible"":true,""errors"":0,""obra_threshold"":0.9,""risk"":0.0,""threshold"":0.83}","{""balance_score"":0.02888956372102444,""calibration_group_counts_by_label"":{""0"":17,""1"":22,""2"":21,""3"":14},""calibration_groups"":74,""calibration_label_counts"":{""0"":76,""1"":109,""2"":103,""3"":68},""calibration_records"":356,""fit_group_counts_by_label"":{""0"":26,""1"":32,""2"":31,""3"":21},""fit_groups"":110,""fit_label_counts"":{""0"":126,""1"":157,""2"":150,""3"":99},""fit_records"":532,""group_overlap"":0}","[{""fit_group_counts_by_label"":{""0"":8,""1"":11,""2"":12,""3"":5},""fit_groups"":36,""fit_records"":172,""fold"":0,""group_overlap"":0,""validation_group_counts_by_label"":{""0"":9,""1"":11,""2"":9,""3"":9},""validation_groups"":38,""validation_records"":184},{""fit_group_counts_by_label"":{""0"":9,""1"":11,""2"":9,""3"":9},""fit_groups"":38,""fit_records"":184,""fold"":1,""group_overlap"":0,""validation_group_counts_by_label"":{""0"":8,""1"":11,""2"":12,""3"":5},""validation_groups"":36,""validation_records"":172}]",0
classification__tfidf__none__decision_tree,classification,tfidf,,decision_tree,0,893,221,184,46,0,13.19092849997105,0.8216166999773122,0.5909799999790266,2.6741176469639214,classifier_pipeline_including_tfidf_transform,"{""model__max_depth"":6,""model__min_samples_leaf"":2}",0.7187180301818957,"{""eligible"":false,""obra_threshold"":0.9,""threshold"":null}","{""balance_score"":0.02054758917656277,""calibration_group_counts_by_label"":{""0"":15,""1"":23,""2"":25,""3"":11},""calibration_groups"":74,""calibration_label_counts"":{""0"":68,""1"":113,""2"":118,""3"":50},""calibration_records"":349,""fit_group_counts_by_label"":{""0"":22,""1"":35,""2"":38,""3"":15},""fit_groups"":110,""fit_label_counts"":{""0"":106,""1"":175,""2"":189,""3"":74},""fit_records"":544,""group_overlap"":0}","[{""fit_group_counts_by_label"":{""0"":10,""1"":11,""2"":14,""3"":2},""fit_groups"":37,""fit_records"":174,""fold"":0,""group_overlap"":0,""validation_group_counts_by_label"":{""0"":5,""1"":12,""2"":11,""3"":9},""validation_groups"":37,""validation_records"":175},{""fit_group_counts_by_label"":{""0"":5,""1"":12,""2"":11,""3"":9},""fit_groups"":37,""fit_records"":175,""fold"":1,""group_overlap"":0,""validation_group_counts_by_label"":{""0"":10,""1"":11,""2"":14,""3"":2},""validation_groups"":37,""validation_records"":174}]",0
classification__tfidf__none__decision_tree,classification,tfidf,,decision_tree,1,895,219,185,45,0,15.7950189000112,0.93319229996996,0.1500691000255756,0.685247032080254,classifier_pipeline_including_tfidf_transform,"{""model__max_depth"":6,""model__min_samples_leaf"":5}",0.7017864401149718,"{""eligible"":false,""obra_threshold"":0.9,""threshold"":null}","{""balance_score"":0.02346368715083802,""calibration_group_counts_by_label"":{""0"":16,""1"":25,""2"":22,""3"":11},""calibration_groups"":74,""calibration_label_counts"":{""0"":73,""1"":123,""2"":107,""3"":55},""calibration_records"":358,""fit_group_counts_by_label"":{""0"":24,""1"":35,""2"":34,""3"":18},""fit_groups"":111,""fit_label_counts"":{""0"":117,""1"":174,""2"":163,""3"":83},""fit_records"":537,""group_overlap"":0}","[{""fit_group_counts_by_label"":{""0"":8,""1"":12,""2"":9,""3"":7},""fit_groups"":36,""fit_records"":173,""fold"":0,""group_overlap"":0,""validation_group_counts_by_label"":{""0"":8,""1"":13,""2"":13,""3"":4},""validation_groups"":38,""validation_records"":185},{""fit_group_counts_by_label"":{""0"":8,""1"":13,""2"":13,""3"":4},""fit_groups"":38,""fit_records"":185,""fold"":1,""group_overlap"":0,""validation_group_counts_by_label"":{""0"":8,""1"":12,""2"":9,""3"":7},""validation_groups"":36,""validation_records"":173}]",0
classification__tfidf__none__decision_tree,classification,tfidf,,decision_tree,2,882,232,183,47,0,12.82440929999575,0.8364089999813586,0.1589428999577649,0.6850987067145039,classifier_pipeline_including_tfidf_transform,"{""model__max_depth"":3,""model__min_samples_leaf"":5}",0.7279810513896353,"{""eligible"":false,""obra_threshold"":0.9,""threshold"":null}","{""balance_score"":0.018253968253968272,""calibration_group_counts_by_label"":{""0"":14,""1"":24,""2"":25,""3"":11},""calibration_groups"":74,""calibration_label_counts"":{""0"":64,""1"":118,""2"":123,""3"":55},""calibration_records"":360,""fit_group_counts_by_label"":{""0"":20,""1"":34,""2"":37,""3"":18},""fit_groups"":109,""fit_label_counts"":{""0"":94,""1"":168,""2"":177,""3"":83},""fit_records"":522,""group_overlap"":0}","[{""fit_group_counts_by_label"":{""0"":5,""1"":15,""2"":12,""3"":5},""fit_groups"":37,""fit_records"":177,""fold"":0,""group_overlap"":0,""validation_group_counts_by_label"":{""0"":9,""1"":9,""2"":13,""3"":6},""validation_groups"":37,""validation_records"":183},{""fit_group_counts_by_label"":{""0"":9,""1"":9,""2"":13,""3"":6},""fit_groups"":37,""fit_records"":183,""fold"":1,""group_overlap"":0,""validation_group_counts_by_label"":{""0"":5,""1"":15,""2"":12,""3"":5},""validation_groups"":37,""validation_records"":177}]",0
classification__tfidf__none__decision_tree,classification,tfidf,,decision_tree,3,898,216,184,46,0,15.797795800026506,0.851587200013455,0.15038919996004552,0.6962462961113218,classifier_pipeline_including_tfidf_transform,"{""model__max_depth"":6,""model__min_samples_leaf"":5}",0.7034348737901049,"{""eligible"":false,""obra_threshold"":0.9,""threshold"":null}","{""balance_score"":0.01463746597376886,""calibration_group_counts_by_label"":{""0"":17,""1"":23,""2"":22,""3"":12},""calibration_groups"":74,""calibration_label_counts"":{""0"":80,""1"":114,""2"":107,""3"":59},""calibration_records"":360,""fit_group_counts_by_label"":{""0"":25,""1"":35,""2"":33,""3"":17},""fit_groups"":110,""fit_label_counts"":{""0"":120,""1"":173,""2"":163,""3"":82},""fit_records"":538,""group_overlap"":0}","[{""fit_group_counts_by_label"":{""0"":7,""1"":13,""2"":13,""3"":4},""fit_groups"":37,""fit_records"":181,""fold"":0,""group_overlap"":0,""validation_group_counts_by_label"":{""0"":10,""1"":10,""2"":9,""3"":8},""validation_groups"":37,""validation_records"":179},{""fit_group_counts_by_label"":{""0"":10,""1"":10,""2"":9,""3"":8},""fit_groups"":37,""fit_records"":179,""fold"":1,""group_overlap"":0,""validation_group_counts_by_label"":{""0"":7,""1"":13,""2"":13,""3"":4},""validation_groups"":37,""validation_records"":181}]",0
classification__tfidf__none__decision_tree,classification,tfidf,,decision_tree,4,888,226,184,46,0,18.52820470003644,1.4917630999698304,0.28332340001361445,1.2536433628920993,classifier_pipeline_including_tfidf_transform,"{""model__max_depth"":6,""model__min_samples_leaf"":2}",0.7060008340941021,"{""eligible"":false,""obra_threshold"":0.9,""threshold"":null}","{""balance_score"":0.02888956372102444,""calibration_group_counts_by_label"":{""0"":17,""1"":22,""2"":21,""3"":14},""calibration_groups"":74,""calibration_label_counts"":{""0"":76,""1"":109,""2"":103,""3"":68},""calibration_records"":356,""fit_group_counts_by_label"":{""0"":26,""1"":32,""2"":31,""3"":21},""fit_groups"":110,""fit_label_counts"":{""0"":126,""1"":157,""2"":150,""3"":99},""fit_records"":532,""group_overlap"":0}","[{""fit_group_counts_by_label"":{""0"":8,""1"":11,""2"":12,""3"":5},""fit_groups"":36,""fit_records"":172,""fold"":0,""group_overlap"":0,""validation_group_counts_by_label"":{""0"":9,""1"":11,""2"":9,""3"":9},""validation_groups"":38,""validation_records"":184},{""fit_group_counts_by_label"":{""0"":9,""1"":11,""2"":9,""3"":9},""fit_groups"":38,""fit_records"":184,""fold"":1,""group_overlap"":0,""validation_group_counts_by_label"":{""0"":8,""1"":11,""2"":12,""3"":5},""validation_groups"":36,""validation_records"":172}]",0
classification__tfidf__none__linear_svm,classification,tfidf,,linear_svm,0,893,221,184,46,0,11.558527000015602,1.9446067999815568,0.2563652999815531,1.1600239818169824,classifier_pipeline_including_tfidf_transform,"{""model__C"":0.1}",0.9048585506601089,"{""automatic_maintenance_as_obra"":0,""automatic_non_obra_as_obra"":0,""coverage"":0.5300859598853869,""covered"":185,""eligible"":true,""errors"":0,""obra_threshold"":0.92,""risk"":0.0,""threshold"":0.92}","{""balance_score"":0.02054758917656277,""calibration_group_counts_by_label"":{""0"":15,""1"":23,""2"":25,""3"":11},""calibration_groups"":74,""calibration_label_counts"":{""0"":68,""1"":113,""2"":118,""3"":50},""calibration_records"":349,""fit_group_counts_by_label"":{""0"":22,""1"":35,""2"":38,""3"":15},""fit_groups"":110,""fit_label_counts"":{""0"":106,""1"":175,""2"":189,""3"":74},""fit_records"":544,""group_overlap"":0}","[{""fit_group_counts_by_label"":{""0"":10,""1"":11,""2"":14,""3"":2},""fit_groups"":37,""fit_records"":174,""fold"":0,""group_overlap"":0,""validation_group_counts_by_label"":{""0"":5,""1"":12,""2"":11,""3"":9},""validation_groups"":37,""validation_records"":175},{""fit_group_counts_by_label"":{""0"":5,""1"":12,""2"":11,""3"":9},""fit_groups"":37,""fit_records"":175,""fold"":1,""group_overlap"":0,""validation_group_counts_by_label"":{""0"":10,""1"":11,""2"":14,""3"":2},""validation_groups"":37,""validation_records"":174}]",0
classification__tfidf__none__linear_svm,classification,tfidf,,linear_svm,1,895,219,185,45,0,12.607059599948116,1.2321087999735028,0.17169060005107895,0.7839753426989906,classifier_pipeline_including_tfidf_transform,"{""model__C"":10.0}",0.8862850363265983,"{""automatic_maintenance_as_obra"":0,""automatic_non_obra_as_obra"":0,""coverage"":0.547486033519553,""covered"":196,""eligible"":true,""errors"":0,""obra_threshold"":0.91,""risk"":0.0,""threshold"":0.91}","{""balance_score"":0.02346368715083802,""calibration_group_counts_by_label"":{""0"":16,""1"":25,""2"":22,""3"":11},""calibration_groups"":74,""calibration_label_counts"":{""0"":73,""1"":123,""2"":107,""3"":55},""calibration_records"":358,""fit_group_counts_by_label"":{""0"":24,""1"":35,""2"":34,""3"":18},""fit_groups"":111,""fit_label_counts"":{""0"":117,""1"":174,""2"":163,""3"":83},""fit_records"":537,""group_overlap"":0}","[{""fit_group_counts_by_label"":{""0"":8,""1"":12,""2"":9,""3"":7},""fit_groups"":36,""fit_records"":173,""fold"":0,""group_overlap"":0,""validation_group_counts_by_label"":{""0"":8,""1"":13,""2"":13,""3"":4},""validation_groups"":38,""validation_records"":185},{""fit_group_counts_by_label"":{""0"":8,""1"":13,""2"":13,""3"":4},""fit_groups"":38,""fit_records"":185,""fold"":1,""group_overlap"":0,""validation_group_counts_by_label"":{""0"":8,""1"":12,""2"":9,""3"":7},""validation_groups"":36,""validation_records"":173}]",0
classification__tfidf__none__linear_svm,classification,tfidf,,linear_svm,2,882,232,183,47,0,12.957847000041511,1.5841170999919996,0.34852120000869036,1.5022465517615964,classifier_pipeline_including_tfidf_transform,"{""model__C"":0.1}",0.8145134091060612,"{""automatic_maintenance_as_obra"":0,""automatic_non_obra_as_obra"":0,""coverage"":0.6722222222222223,""covered"":242,""eligible"":true,""errors"":0,""obra_threshold"":0.91,""risk"":0.0,""threshold"":0.91}","{""balance_score"":0.018253968253968272,""calibration_group_counts_by_label"":{""0"":14,""1"":24,""2"":25,""3"":11},""calibration_groups"":74,""calibration_label_counts"":{""0"":64,""1"":118,""2"":123,""3"":55},""calibration_records"":360,""fit_group_counts_by_label"":{""0"":20,""1"":34,""2"":37,""3"":18},""fit_groups"":109,""fit_label_counts"":{""0"":94,""1"":168,""2"":177,""3"":83},""fit_records"":522,""group_overlap"":0}","[{""fit_group_counts_by_label"":{""0"":5,""1"":15,""2"":12,""3"":5},""fit_groups"":37,""fit_records"":177,""fold"":0,""group_overlap"":0,""validation_group_counts_by_label"":{""0"":9,""1"":9,""2"":13,""3"":6},""validation_groups"":37,""validation_records"":183},{""fit_group_counts_by_label"":{""0"":9,""1"":9,""2"":13,""3"":6},""fit_groups"":37,""fit_records"":183,""fold"":1,""group_overlap"":0,""validation_group_counts_by_label"":{""0"":5,""1"":15,""2"":12,""3"":5},""validation_groups"":37,""validation_records"":177}]",0
classification__tfidf__none__linear_svm,classification,tfidf,,linear_svm,3,898,216,184,46,0,9.469888999999966,1.0396857999730855,0.17844889999832958,0.8261523148070814,classifier_pipeline_including_tfidf_transform,"{""model__C"":0.1}",0.8699557818282752,"{""automatic_maintenance_as_obra"":0,""automatic_non_obra_as_obra"":0,""coverage"":0.6194444444444445,""covered"":223,""eligible"":true,""errors"":2,""obra_threshold"":0.9,""risk"":0.008968609865470852,""threshold"":0.8}","{""balance_score"":0.01463746597376886,""calibration_group_counts_by_label"":{""0"":17,""1"":23,""2"":22,""3"":12},""calibration_groups"":74,""calibration_label_counts"":{""0"":80,""1"":114,""2"":107,""3"":59},""calibration_records"":360,""fit_group_counts_by_label"":{""0"":25,""1"":35,""2"":33,""3"":17},""fit_groups"":110,""fit_label_counts"":{""0"":120,""1"":173,""2"":163,""3"":82},""fit_records"":538,""group_overlap"":0}","[{""fit_group_counts_by_label"":{""0"":7,""1"":13,""2"":13,""3"":4},""fit_groups"":37,""fit_records"":181,""fold"":0,""group_overlap"":0,""validation_group_counts_by_label"":{""0"":10,""1"":10,""2"":9,""3"":8},""validation_groups"":37,""validation_records"":179},{""fit_group_counts_by_label"":{""0"":10,""1"":10,""2"":9,""3"":8},""fit_groups"":37,""fit_records"":179,""fold"":1,""group_overlap"":0,""validation_group_counts_by_label"":{""0"":7,""1"":13,""2"":13,""3"":4},""validation_groups"":37,""validation_records"":181}]",0
classification__tfidf__none__linear_svm,classification,tfidf,,linear_svm,4,888,226,184,46,0,11.945391900022514,0.9452809999929741,0.16448289999971166,0.7278004424766003,classifier_pipeline_including_tfidf_transform,"{""model__C"":1.0}",0.8890468751412733,"{""automatic_maintenance_as_obra"":0,""automatic_non_obra_as_obra"":0,""coverage"":0.5252808988764045,""covered"":187,""eligible"":true,""errors"":0,""obra_threshold"":0.9,""risk"":0.0,""threshold"":0.9}","{""balance_score"":0.02888956372102444,""calibration_group_counts_by_label"":{""0"":17,""1"":22,""2"":21,""3"":14},""calibration_groups"":74,""calibration_label_counts"":{""0"":76,""1"":109,""2"":103,""3"":68},""calibration_records"":356,""fit_group_counts_by_label"":{""0"":26,""1"":32,""2"":31,""3"":21},""fit_groups"":110,""fit_label_counts"":{""0"":126,""1"":157,""2"":150,""3"":99},""fit_records"":532,""group_overlap"":0}","[{""fit_group_counts_by_label"":{""0"":8,""1"":11,""2"":12,""3"":5},""fit_groups"":36,""fit_records"":172,""fold"":0,""group_overlap"":0,""validation_group_counts_by_label"":{""0"":9,""1"":11,""2"":9,""3"":9},""validation_groups"":38,""validation_records"":184},{""fit_group_counts_by_label"":{""0"":9,""1"":11,""2"":9,""3"":9},""fit_groups"":38,""fit_records"":184,""fold"":1,""group_overlap"":0,""validation_group_counts_by_label"":{""0"":8,""1"":11,""2"":12,""3"":5},""validation_groups"":36,""validation_records"":172}]",0
classification__tfidf__none__mlp,classification,tfidf,,mlp,0,893,221,184,46,0,222.91163080005208,0.8739405999658629,0.16249020001851022,0.7352497738394128,classifier_pipeline_including_tfidf_transform,"{""model__alpha"":0.001,""model__hidden_layer_sizes"":[32]}",0.9061551325406872,"{""automatic_maintenance_as_obra"":0,""automatic_non_obra_as_obra"":0,""coverage"":0.7134670487106017,""covered"":249,""eligible"":true,""errors"":4,""obra_threshold"":0.92,""risk"":0.01606425702811245,""threshold"":0.92}","{""balance_score"":0.02054758917656277,""calibration_group_counts_by_label"":{""0"":15,""1"":23,""2"":25,""3"":11},""calibration_groups"":74,""calibration_label_counts"":{""0"":68,""1"":113,""2"":118,""3"":50},""calibration_records"":349,""fit_group_counts_by_label"":{""0"":22,""1"":35,""2"":38,""3"":15},""fit_groups"":110,""fit_label_counts"":{""0"":106,""1"":175,""2"":189,""3"":74},""fit_records"":544,""group_overlap"":0}","[{""fit_group_counts_by_label"":{""0"":10,""1"":11,""2"":14,""3"":2},""fit_groups"":37,""fit_records"":174,""fold"":0,""group_overlap"":0,""validation_group_counts_by_label"":{""0"":5,""1"":12,""2"":11,""3"":9},""validation_groups"":37,""validation_records"":175},{""fit_group_counts_by_label"":{""0"":5,""1"":12,""2"":11,""3"":9},""fit_groups"":37,""fit_records"":175,""fold"":1,""group_overlap"":0,""validation_group_counts_by_label"":{""0"":10,""1"":11,""2"":14,""3"":2},""validation_groups"":37,""validation_records"":174}]",0
classification__tfidf__none__mlp,classification,tfidf,,mlp,1,895,219,185,45,0,183.87007290002657,0.9189189000171609,0.15208870003698394,0.694468949940566,classifier_pipeline_including_tfidf_transform,"{""model__alpha"":0.001,""model__hidden_layer_sizes"":[16]}",0.8806552352869996,"{""automatic_maintenance_as_obra"":0,""automatic_non_obra_as_obra"":0,""coverage"":0.7821229050279329,""covered"":280,""eligible"":true,""errors"":4,""obra_threshold"":0.9,""risk"":0.014285714285714285,""threshold"":0.84}","{""balance_score"":0.02346368715083802,""calibration_group_counts_by_label"":{""0"":16,""1"":25,""2"":22,""3"":11},""calibration_groups"":74,""calibration_label_counts"":{""0"":73,""1"":123,""2"":107,""3"":55},""calibration_records"":358,""fit_group_counts_by_label"":{""0"":24,""1"":35,""2"":34,""3"":18},""fit_groups"":111,""fit_label_counts"":{""0"":117,""1"":174,""2"":163,""3"":83},""fit_records"":537,""group_overlap"":0}","[{""fit_group_counts_by_label"":{""0"":8,""1"":12,""2"":9,""3"":7},""fit_groups"":36,""fit_records"":173,""fold"":0,""group_overlap"":0,""validation_group_counts_by_label"":{""0"":8,""1"":13,""2"":13,""3"":4},""validation_groups"":38,""validation_records"":185},{""fit_group_counts_by_label"":{""0"":8,""1"":13,""2"":13,""3"":4},""fit_groups"":38,""fit_records"":185,""fold"":1,""group_overlap"":0,""validation_group_counts_by_label"":{""0"":8,""1"":12,""2"":9,""3"":7},""validation_groups"":36,""validation_records"":173}]",0
classification__tfidf__none__mlp,classification,tfidf,,mlp,2,882,232,183,47,0,142.70903890003683,0.9202446000417694,0.16486359998816624,0.7106189654662338,classifier_pipeline_including_tfidf_transform,"{""model__alpha"":0.001,""model__hidden_layer_sizes"":[16]}",0.8330745077947245,"{""automatic_maintenance_as_obra"":0,""automatic_non_obra_as_obra"":0,""coverage"":0.6027777777777777,""covered"":217,""eligible"":true,""errors"":0,""obra_threshold"":0.97,""risk"":0.0,""threshold"":0.97}","{""balance_score"":0.018253968253968272,""calibration_group_counts_by_label"":{""0"":14,""1"":24,""2"":25,""3"":11},""calibration_groups"":74,""calibration_label_counts"":{""0"":64,""1"":118,""2"":123,""3"":55},""calibration_records"":360,""fit_group_counts_by_label"":{""0"":20,""1"":34,""2"":37,""3"":18},""fit_groups"":109,""fit_label_counts"":{""0"":94,""1"":168,""2"":177,""3"":83},""fit_records"":522,""group_overlap"":0}","[{""fit_group_counts_by_label"":{""0"":5,""1"":15,""2"":12,""3"":5},""fit_groups"":37,""fit_records"":177,""fold"":0,""group_overlap"":0,""validation_group_counts_by_label"":{""0"":9,""1"":9,""2"":13,""3"":6},""validation_groups"":37,""validation_records"":183},{""fit_group_counts_by_label"":{""0"":9,""1"":9,""2"":13,""3"":6},""fit_groups"":37,""fit_records"":183,""fold"":1,""group_overlap"":0,""validation_group_counts_by_label"":{""0"":5,""1"":15,""2"":12,""3"":5},""validation_groups"":37,""validation_records"":177}]",0
classification__tfidf__none__mlp,classification,tfidf,,mlp,3,898,216,184,46,0,203.4639209000161,1.0768642000039108,0.15887240000301972,0.7355203703843506,classifier_pipeline_including_tfidf_transform,"{""model__alpha"":0.001,""model__hidden_layer_sizes"":[16]}",0.8432750885663661,"{""automatic_maintenance_as_obra"":0,""automatic_non_obra_as_obra"":0,""coverage"":0.65,""covered"":234,""eligible"":true,""errors"":2,""obra_threshold"":0.9,""risk"":0.008547008547008548,""threshold"":0.86}","{""balance_score"":0.01463746597376886,""calibration_group_counts_by_label"":{""0"":17,""1"":23,""2"":22,""3"":12},""calibration_groups"":74,""calibration_label_counts"":{""0"":80,""1"":114,""2"":107,""3"":59},""calibration_records"":360,""fit_group_counts_by_label"":{""0"":25,""1"":35,""2"":33,""3"":17},""fit_groups"":110,""fit_label_counts"":{""0"":120,""1"":173,""2"":163,""3"":82},""fit_records"":538,""group_overlap"":0}","[{""fit_group_counts_by_label"":{""0"":7,""1"":13,""2"":13,""3"":4},""fit_groups"":37,""fit_records"":181,""fold"":0,""group_overlap"":0,""validation_group_counts_by_label"":{""0"":10,""1"":10,""2"":9,""3"":8},""validation_groups"":37,""validation_records"":179},{""fit_group_counts_by_label"":{""0"":10,""1"":10,""2"":9,""3"":8},""fit_groups"":37,""fit_records"":179,""fold"":1,""group_overlap"":0,""validation_group_counts_by_label"":{""0"":7,""1"":13,""2"":13,""3"":4},""validation_groups"":37,""validation_records"":181}]",0
classification__tfidf__none__mlp,classification,tfidf,,mlp,4,888,226,184,46,0,151.16273429995636,0.7620830000378191,0.12731860001804307,0.5633566372479782,classifier_pipeline_including_tfidf_transform,"{""model__alpha"":0.001,""model__hidden_layer_sizes"":[16]}",0.8654909258284658,"{""automatic_maintenance_as_obra"":0,""automatic_non_obra_as_obra"":0,""coverage"":0.6657303370786517,""covered"":237,""eligible"":true,""errors"":0,""obra_threshold"":0.92,""risk"":0.0,""threshold"":0.92}","{""balance_score"":0.02888956372102444,""calibration_group_counts_by_label"":{""0"":17,""1"":22,""2"":21,""3"":14},""calibration_groups"":74,""calibration_label_counts"":{""0"":76,""1"":109,""2"":103,""3"":68},""calibration_records"":356,""fit_group_counts_by_label"":{""0"":26,""1"":32,""2"":31,""3"":21},""fit_groups"":110,""fit_label_counts"":{""0"":126,""1"":157,""2"":150,""3"":99},""fit_records"":532,""group_overlap"":0}","[{""fit_group_counts_by_label"":{""0"":8,""1"":11,""2"":12,""3"":5},""fit_groups"":36,""fit_records"":172,""fold"":0,""group_overlap"":0,""validation_group_counts_by_label"":{""0"":9,""1"":11,""2"":9,""3"":9},""validation_groups"":38,""validation_records"":184},{""fit_group_counts_by_label"":{""0"":9,""1"":11,""2"":9,""3"":9},""fit_groups"":38,""fit_records"":184,""fold"":1,""group_overlap"":0,""validation_group_counts_by_label"":{""0"":8,""1"":11,""2"":12,""3"":5},""validation_groups"":36,""validation_records"":172}]",0
classification__tfidf__none__xgboost,classification,tfidf,,xgboost,0,893,221,184,46,0,169.66618440003367,0.9206177000305615,0.14036429999396205,0.6351325791581993,classifier_pipeline_including_tfidf_transform,"{""model__learning_rate"":0.05,""model__max_depth"":2,""model__n_estimators"":160}",0.8018515948615379,"{""automatic_maintenance_as_obra"":0,""automatic_non_obra_as_obra"":0,""coverage"":0.5415472779369628,""covered"":189,""eligible"":true,""errors"":7,""obra_threshold"":0.9,""risk"":0.037037037037037035,""threshold"":0.89}","{""balance_score"":0.02054758917656277,""calibration_group_counts_by_label"":{""0"":15,""1"":23,""2"":25,""3"":11},""calibration_groups"":74,""calibration_label_counts"":{""0"":68,""1"":113,""2"":118,""3"":50},""calibration_records"":349,""fit_group_counts_by_label"":{""0"":22,""1"":35,""2"":38,""3"":15},""fit_groups"":110,""fit_label_counts"":{""0"":106,""1"":175,""2"":189,""3"":74},""fit_records"":544,""group_overlap"":0}","[{""fit_group_counts_by_label"":{""0"":10,""1"":11,""2"":14,""3"":2},""fit_groups"":37,""fit_records"":174,""fold"":0,""group_overlap"":0,""validation_group_counts_by_label"":{""0"":5,""1"":12,""2"":11,""3"":9},""validation_groups"":37,""validation_records"":175},{""fit_group_counts_by_label"":{""0"":5,""1"":12,""2"":11,""3"":9},""fit_groups"":37,""fit_records"":175,""fold"":1,""group_overlap"":0,""validation_group_counts_by_label"":{""0"":10,""1"":11,""2"":14,""3"":2},""validation_groups"":37,""validation_records"":174}]",0
classification__tfidf__none__xgboost,classification,tfidf,,xgboost,1,895,219,185,45,0,171.2207175999647,0.9943035999895073,0.18788590002804995,0.8579264841463468,classifier_pipeline_including_tfidf_transform,"{""model__learning_rate"":0.05,""model__max_depth"":2,""model__n_estimators"":160}",0.8056540848150745,"{""automatic_maintenance_as_obra"":0,""automatic_non_obra_as_obra"":0,""coverage"":0.5111731843575419,""covered"":183,""eligible"":true,""errors"":2,""obra_threshold"":0.91,""risk"":0.01092896174863388,""threshold"":0.91}","{""balance_score"":0.02346368715083802,""calibration_group_counts_by_label"":{""0"":16,""1"":25,""2"":22,""3"":11},""calibration_groups"":74,""calibration_label_counts"":{""0"":73,""1"":123,""2"":107,""3"":55},""calibration_records"":358,""fit_group_counts_by_label"":{""0"":24,""1"":35,""2"":34,""3"":18},""fit_groups"":111,""fit_label_counts"":{""0"":117,""1"":174,""2"":163,""3"":83},""fit_records"":537,""group_overlap"":0}","[{""fit_group_counts_by_label"":{""0"":8,""1"":12,""2"":9,""3"":7},""fit_groups"":36,""fit_records"":173,""fold"":0,""group_overlap"":0,""validation_group_counts_by_label"":{""0"":8,""1"":13,""2"":13,""3"":4},""validation_groups"":38,""validation_records"":185},{""fit_group_counts_by_label"":{""0"":8,""1"":13,""2"":13,""3"":4},""fit_groups"":38,""fit_records"":185,""fold"":1,""group_overlap"":0,""validation_group_counts_by_label"":{""0"":8,""1"":12,""2"":9,""3"":7},""validation_groups"":36,""validation_records"":173}]",0
classification__tfidf__none__xgboost,classification,tfidf,,xgboost,2,882,232,183,47,0,173.62547420000192,1.0497850000392646,0.14215979998698458,0.6127577585645887,classifier_pipeline_including_tfidf_transform,"{""model__learning_rate"":0.05,""model__max_depth"":4,""model__n_estimators"":160}",0.8160444435943003,"{""automatic_maintenance_as_obra"":0,""automatic_non_obra_as_obra"":0,""coverage"":0.5555555555555556,""covered"":200,""eligible"":true,""errors"":6,""obra_threshold"":0.91,""risk"":0.03,""threshold"":0.91}","{""balance_score"":0.018253968253968272,""calibration_group_counts_by_label"":{""0"":14,""1"":24,""2"":25,""3"":11},""calibration_groups"":74,""calibration_label_counts"":{""0"":64,""1"":118,""2"":123,""3"":55},""calibration_records"":360,""fit_group_counts_by_label"":{""0"":20,""1"":34,""2"":37,""3"":18},""fit_groups"":109,""fit_label_counts"":{""0"":94,""1"":168,""2"":177,""3"":83},""fit_records"":522,""group_overlap"":0}","[{""fit_group_counts_by_label"":{""0"":5,""1"":15,""2"":12,""3"":5},""fit_groups"":37,""fit_records"":177,""fold"":0,""group_overlap"":0,""validation_group_counts_by_label"":{""0"":9,""1"":9,""2"":13,""3"":6},""validation_groups"":37,""validation_records"":183},{""fit_group_counts_by_label"":{""0"":9,""1"":9,""2"":13,""3"":6},""fit_groups"":37,""fit_records"":183,""fold"":1,""group_overlap"":0,""validation_group_counts_by_label"":{""0"":5,""1"":15,""2"":12,""3"":5},""validation_groups"":37,""validation_records"":177}]",0
classification__tfidf__none__xgboost,classification,tfidf,,xgboost,3,898,216,184,46,0,186.04472449998138,0.950784900051076,0.1379604999674484,0.6387060183678167,classifier_pipeline_including_tfidf_transform,"{""model__learning_rate"":0.05,""model__max_depth"":4,""model__n_estimators"":160}",0.8398489866725781,"{""automatic_maintenance_as_obra"":0,""automatic_non_obra_as_obra"":0,""coverage"":0.6083333333333333,""covered"":219,""eligible"":true,""errors"":0,""obra_threshold"":0.91,""risk"":0.0,""threshold"":0.91}","{""balance_score"":0.01463746597376886,""calibration_group_counts_by_label"":{""0"":17,""1"":23,""2"":22,""3"":12},""calibration_groups"":74,""calibration_label_counts"":{""0"":80,""1"":114,""2"":107,""3"":59},""calibration_records"":360,""fit_group_counts_by_label"":{""0"":25,""1"":35,""2"":33,""3"":17},""fit_groups"":110,""fit_label_counts"":{""0"":120,""1"":173,""2"":163,""3"":82},""fit_records"":538,""group_overlap"":0}","[{""fit_group_counts_by_label"":{""0"":7,""1"":13,""2"":13,""3"":4},""fit_groups"":37,""fit_records"":181,""fold"":0,""group_overlap"":0,""validation_group_counts_by_label"":{""0"":10,""1"":10,""2"":9,""3"":8},""validation_groups"":37,""validation_records"":179},{""fit_group_counts_by_label"":{""0"":10,""1"":10,""2"":9,""3"":8},""fit_groups"":37,""fit_records"":179,""fold"":1,""group_overlap"":0,""validation_group_counts_by_label"":{""0"":7,""1"":13,""2"":13,""3"":4},""validation_groups"":37,""validation_records"":181}]",0
classification__tfidf__none__xgboost,classification,tfidf,,xgboost,4,888,226,184,46,0,174.6094167000265,0.9622680000029504,0.1374348999815993,0.6081190264672536,classifier_pipeline_including_tfidf_transform,"{""model__learning_rate"":0.05,""model__max_depth"":4,""model__n_estimators"":160}",0.8422677722649805,"{""eligible"":false,""obra_threshold"":0.9,""threshold"":null}","{""balance_score"":0.02888956372102444,""calibration_group_counts_by_label"":{""0"":17,""1"":22,""2"":21,""3"":14},""calibration_groups"":74,""calibration_label_counts"":{""0"":76,""1"":109,""2"":103,""3"":68},""calibration_records"":356,""fit_group_counts_by_label"":{""0"":26,""1"":32,""2"":31,""3"":21},""fit_groups"":110,""fit_label_counts"":{""0"":126,""1"":157,""2"":150,""3"":99},""fit_records"":532,""group_overlap"":0}","[{""fit_group_counts_by_label"":{""0"":8,""1"":11,""2"":12,""3"":5},""fit_groups"":36,""fit_records"":172,""fold"":0,""group_overlap"":0,""validation_group_counts_by_label"":{""0"":9,""1"":11,""2"":9,""3"":9},""validation_groups"":38,""validation_records"":184},{""fit_group_counts_by_label"":{""0"":9,""1"":11,""2"":9,""3"":9},""fit_groups"":38,""fit_records"":184,""fold"":1,""group_overlap"":0,""validation_group_counts_by_label"":{""0"":8,""1"":11,""2"":12,""3"":5},""validation_groups"":36,""validation_records"":172}]",0
deduplication__tfidf__none__logistic_regression,deduplication,tfidf,,logistic_regression,0,800,200,160,40,0,12.276457400002982,1.1301770000136457,0.2314275999669917,1.1571379998349585,classifier_pipeline_including_tfidf_transform,"{""model__C"":0.1}",0.0,"{""curve_points"":2450,""eligible"":true,""negative_threshold"":0.05,""positive_threshold"":0.95,""selected"":{""abstained"":0,""automated_false_negative_rate"":0.0,""automated_false_positive_rate"":0.0,""automation_duplicate_recall"":1.0,""automation_nonduplicate_recall"":1.0,""coverage"":1.0,""covered"":320,""covered_error_rate"":0.0,""false_negative_cost"":5.0,""false_positive_cost"":1.0,""fn"":0,""fp"":0,""negative_predictive_value"":1.0,""negative_threshold"":0.05,""negatives"":165,""positive_threshold"":0.95,""positives"":155,""precision"":1.0,""threshold"":0.95,""tn"":165,""tp"":155,""weighted_covered_error"":0.0}}","{""balance_score"":0.006250000000000033,""calibration_group_counts_by_label"":{""0"":33,""1"":31},""calibration_groups"":64,""calibration_label_counts"":{""0"":165,""1"":155},""calibration_records"":320,""fit_group_counts_by_label"":{""0"":50,""1"":46},""fit_groups"":96,""fit_label_counts"":{""0"":250,""1"":230},""fit_records"":480,""group_overlap"":0}","[{""fit_group_counts_by_label"":{""0"":14,""1"":18},""fit_groups"":32,""fit_records"":160,""fold"":0,""group_overlap"":0,""validation_group_counts_by_label"":{""0"":19,""1"":13},""validation_groups"":32,""validation_records"":160},{""fit_group_counts_by_label"":{""0"":19,""1"":13},""fit_groups"":32,""fit_records"":160,""fold"":1,""group_overlap"":0,""validation_group_counts_by_label"":{""0"":14,""1"":18},""validation_groups"":32,""validation_records"":160}]",0
deduplication__tfidf__none__logistic_regression,deduplication,tfidf,,logistic_regression,1,800,200,160,40,0,12.528814300021622,1.1849806999671273,0.21257709997007623,1.0628854998503812,classifier_pipeline_including_tfidf_transform,"{""model__C"":0.1}",0.0,"{""curve_points"":2450,""eligible"":true,""negative_threshold"":0.05,""positive_threshold"":0.96,""selected"":{""abstained"":0,""automated_false_negative_rate"":0.0,""automated_false_positive_rate"":0.0,""automation_duplicate_recall"":1.0,""automation_nonduplicate_recall"":1.0,""coverage"":1.0,""covered"":320,""covered_error_rate"":0.0,""false_negative_cost"":5.0,""false_positive_cost"":1.0,""fn"":0,""fp"":0,""negative_predictive_value"":1.0,""negative_threshold"":0.05,""negatives"":155,""positive_threshold"":0.96,""positives"":165,""precision"":1.0,""threshold"":0.96,""tn"":155,""tp"":165,""weighted_covered_error"":0.0}}","{""balance_score"":0.006250000000000033,""calibration_group_counts_by_label"":{""0"":31,""1"":33},""calibration_groups"":64,""calibration_label_counts"":{""0"":155,""1"":165},""calibration_records"":320,""fit_group_counts_by_label"":{""0"":47,""1"":49},""fit_groups"":96,""fit_label_counts"":{""0"":235,""1"":245},""fit_records"":480,""group_overlap"":0}","[{""fit_group_counts_by_label"":{""0"":16,""1"":16},""fit_groups"":32,""fit_records"":160,""fold"":0,""group_overlap"":0,""validation_group_counts_by_label"":{""0"":15,""1"":17},""validation_groups"":32,""validation_records"":160},{""fit_group_counts_by_label"":{""0"":15,""1"":17},""fit_groups"":32,""fit_records"":160,""fold"":1,""group_overlap"":0,""validation_group_counts_by_label"":{""0"":16,""1"":16},""validation_groups"":32,""validation_records"":160}]",0
deduplication__tfidf__none__logistic_regression,deduplication,tfidf,,logistic_regression,2,800,200,160,40,0,11.93491080001695,1.306455299956724,0.22247859998606145,1.1123929999303073,classifier_pipeline_including_tfidf_transform,"{""model__C"":0.1}",0.0,"{""curve_points"":2450,""eligible"":true,""negative_threshold"":0.05,""positive_threshold"":0.96,""selected"":{""abstained"":0,""automated_false_negative_rate"":0.0,""automated_false_positive_rate"":0.0,""automation_duplicate_recall"":1.0,""automation_nonduplicate_recall"":1.0,""coverage"":1.0,""covered"":320,""covered_error_rate"":0.0,""false_negative_cost"":5.0,""false_positive_cost"":1.0,""fn"":0,""fp"":0,""negative_predictive_value"":1.0,""negative_threshold"":0.05,""negatives"":165,""positive_threshold"":0.96,""positives"":155,""precision"":1.0,""threshold"":0.96,""tn"":165,""tp"":155,""weighted_covered_error"":0.0}}","{""balance_score"":0.006250000000000033,""calibration_group_counts_by_label"":{""0"":33,""1"":31},""calibration_groups"":64,""calibration_label_counts"":{""0"":165,""1"":155},""calibration_records"":320,""fit_group_counts_by_label"":{""0"":50,""1"":46},""fit_groups"":96,""fit_label_counts"":{""0"":250,""1"":230},""fit_records"":480,""group_overlap"":0}","[{""fit_group_counts_by_label"":{""0"":14,""1"":18},""fit_groups"":32,""fit_records"":160,""fold"":0,""group_overlap"":0,""validation_group_counts_by_label"":{""0"":19,""1"":13},""validation_groups"":32,""validation_records"":160},{""fit_group_counts_by_label"":{""0"":19,""1"":13},""fit_groups"":32,""fit_records"":160,""fold"":1,""group_overlap"":0,""validation_group_counts_by_label"":{""0"":14,""1"":18},""validation_groups"":32,""validation_records"":160}]",0
deduplication__tfidf__none__logistic_regression,deduplication,tfidf,,logistic_regression,3,800,200,160,40,0,11.904786599974614,1.153414200001862,0.31638430000748485,1.5819215000374243,classifier_pipeline_including_tfidf_transform,"{""model__C"":0.1}",0.0,"{""curve_points"":2450,""eligible"":true,""negative_threshold"":0.06,""positive_threshold"":0.96,""selected"":{""abstained"":0,""automated_false_negative_rate"":0.0,""automated_false_positive_rate"":0.0,""automation_duplicate_recall"":1.0,""automation_nonduplicate_recall"":1.0,""coverage"":1.0,""covered"":320,""covered_error_rate"":0.0,""false_negative_cost"":5.0,""false_positive_cost"":1.0,""fn"":0,""fp"":0,""negative_predictive_value"":1.0,""negative_threshold"":0.06,""negatives"":155,""positive_threshold"":0.96,""positives"":165,""precision"":1.0,""threshold"":0.96,""tn"":155,""tp"":165,""weighted_covered_error"":0.0}}","{""balance_score"":0.006250000000000033,""calibration_group_counts_by_label"":{""0"":31,""1"":33},""calibration_groups"":64,""calibration_label_counts"":{""0"":155,""1"":165},""calibration_records"":320,""fit_group_counts_by_label"":{""0"":47,""1"":49},""fit_groups"":96,""fit_label_counts"":{""0"":235,""1"":245},""fit_records"":480,""group_overlap"":0}","[{""fit_group_counts_by_label"":{""0"":17,""1"":15},""fit_groups"":32,""fit_records"":160,""fold"":0,""group_overlap"":0,""validation_group_counts_by_label"":{""0"":14,""1"":18},""validation_groups"":32,""validation_records"":160},{""fit_group_counts_by_label"":{""0"":14,""1"":18},""fit_groups"":32,""fit_records"":160,""fold"":1,""group_overlap"":0,""validation_group_counts_by_label"":{""0"":17,""1"":15},""validation_groups"":32,""validation_records"":160}]",0
deduplication__tfidf__none__logistic_regression,deduplication,tfidf,,logistic_regression,4,800,200,160,40,0,11.357974000042304,1.1530849999981,0.31518239999422804,1.5759119999711402,classifier_pipeline_including_tfidf_transform,"{""model__C"":0.1}",0.0,"{""curve_points"":2450,""eligible"":true,""negative_threshold"":0.04,""positive_threshold"":0.96,""selected"":{""abstained"":0,""automated_false_negative_rate"":0.0,""automated_false_positive_rate"":0.0,""automation_duplicate_recall"":1.0,""automation_nonduplicate_recall"":1.0,""coverage"":1.0,""covered"":320,""covered_error_rate"":0.0,""false_negative_cost"":5.0,""false_positive_cost"":1.0,""fn"":0,""fp"":0,""negative_predictive_value"":1.0,""negative_threshold"":0.04,""negatives"":155,""positive_threshold"":0.96,""positives"":165,""precision"":1.0,""threshold"":0.96,""tn"":155,""tp"":165,""weighted_covered_error"":0.0}}","{""balance_score"":0.006250000000000033,""calibration_group_counts_by_label"":{""0"":31,""1"":33},""calibration_groups"":64,""calibration_label_counts"":{""0"":155,""1"":165},""calibration_records"":320,""fit_group_counts_by_label"":{""0"":47,""1"":49},""fit_groups"":96,""fit_label_counts"":{""0"":235,""1"":245},""fit_records"":480,""group_overlap"":0}","[{""fit_group_counts_by_label"":{""0"":18,""1"":14},""fit_groups"":32,""fit_records"":160,""fold"":0,""group_overlap"":0,""validation_group_counts_by_label"":{""0"":13,""1"":19},""validation_groups"":32,""validation_records"":160},{""fit_group_counts_by_label"":{""0"":13,""1"":19},""fit_groups"":32,""fit_records"":160,""fold"":1,""group_overlap"":0,""validation_group_counts_by_label"":{""0"":18,""1"":14},""validation_groups"":32,""validation_records"":160}]",0
deduplication__tfidf__none__decision_tree,deduplication,tfidf,,decision_tree,0,800,200,160,40,0,17.15034959994955,1.2514628999633715,0.2402760999975726,1.201380499987863,classifier_pipeline_including_tfidf_transform,"{""model__max_depth"":3,""model__min_samples_leaf"":2}",0.0,"{""curve_points"":2450,""eligible"":true,""negative_threshold"":0.03,""positive_threshold"":0.98,""selected"":{""abstained"":0,""automated_false_negative_rate"":0.0064516129032258064,""automated_false_positive_rate"":0.0,""automation_duplicate_recall"":0.9935483870967742,""automation_nonduplicate_recall"":1.0,""coverage"":1.0,""covered"":320,""covered_error_rate"":0.003125,""false_negative_cost"":5.0,""false_positive_cost"":1.0,""fn"":1,""fp"":0,""negative_predictive_value"":0.9939759036144579,""negative_threshold"":0.03,""negatives"":165,""positive_threshold"":0.98,""positives"":155,""precision"":1.0,""threshold"":0.98,""tn"":165,""tp"":154,""weighted_covered_error"":0.015625}}","{""balance_score"":0.006250000000000033,""calibration_group_counts_by_label"":{""0"":33,""1"":31},""calibration_groups"":64,""calibration_label_counts"":{""0"":165,""1"":155},""calibration_records"":320,""fit_group_counts_by_label"":{""0"":50,""1"":46},""fit_groups"":96,""fit_label_counts"":{""0"":250,""1"":230},""fit_records"":480,""group_overlap"":0}","[{""fit_group_counts_by_label"":{""0"":14,""1"":18},""fit_groups"":32,""fit_records"":160,""fold"":0,""group_overlap"":0,""validation_group_counts_by_label"":{""0"":19,""1"":13},""validation_groups"":32,""validation_records"":160},{""fit_group_counts_by_label"":{""0"":19,""1"":13},""fit_groups"":32,""fit_records"":160,""fold"":1,""group_overlap"":0,""validation_group_counts_by_label"":{""0"":14,""1"":18},""validation_groups"":32,""validation_records"":160}]",0
deduplication__tfidf__none__decision_tree,deduplication,tfidf,,decision_tree,1,800,200,160,40,0,16.95329210005002,1.3570560999796726,0.32222420000471175,1.6111210000235587,classifier_pipeline_including_tfidf_transform,"{""model__max_depth"":3,""model__min_samples_leaf"":2}",0.0,"{""curve_points"":2450,""eligible"":true,""negative_threshold"":0.02,""positive_threshold"":0.98,""selected"":{""abstained"":0,""automated_false_negative_rate"":0.0,""automated_false_positive_rate"":0.0,""automation_duplicate_recall"":1.0,""automation_nonduplicate_recall"":1.0,""coverage"":1.0,""covered"":320,""covered_error_rate"":0.0,""false_negative_cost"":5.0,""false_positive_cost"":1.0,""fn"":0,""fp"":0,""negative_predictive_value"":1.0,""negative_threshold"":0.02,""negatives"":155,""positive_threshold"":0.98,""positives"":165,""precision"":1.0,""threshold"":0.98,""tn"":155,""tp"":165,""weighted_covered_error"":0.0}}","{""balance_score"":0.006250000000000033,""calibration_group_counts_by_label"":{""0"":31,""1"":33},""calibration_groups"":64,""calibration_label_counts"":{""0"":155,""1"":165},""calibration_records"":320,""fit_group_counts_by_label"":{""0"":47,""1"":49},""fit_groups"":96,""fit_label_counts"":{""0"":235,""1"":245},""fit_records"":480,""group_overlap"":0}","[{""fit_group_counts_by_label"":{""0"":16,""1"":16},""fit_groups"":32,""fit_records"":160,""fold"":0,""group_overlap"":0,""validation_group_counts_by_label"":{""0"":15,""1"":17},""validation_groups"":32,""validation_records"":160},{""fit_group_counts_by_label"":{""0"":15,""1"":17},""fit_groups"":32,""fit_records"":160,""fold"":1,""group_overlap"":0,""validation_group_counts_by_label"":{""0"":16,""1"":16},""validation_groups"":32,""validation_records"":160}]",0
deduplication__tfidf__none__decision_tree,deduplication,tfidf,,decision_tree,2,800,200,160,40,0,17.205791599990334,1.2379859000211582,0.22369010001420975,1.1184505000710487,classifier_pipeline_including_tfidf_transform,"{""model__max_depth"":3,""model__min_samples_leaf"":2}",-0.020833333333333332,"{""curve_points"":2450,""eligible"":true,""negative_threshold"":0.02,""positive_threshold"":0.98,""selected"":{""abstained"":0,""automated_false_negative_rate"":0.0,""automated_false_positive_rate"":0.0,""automation_duplicate_recall"":1.0,""automation_nonduplicate_recall"":1.0,""coverage"":1.0,""covered"":320,""covered_error_rate"":0.0,""false_negative_cost"":5.0,""false_positive_cost"":1.0,""fn"":0,""fp"":0,""negative_predictive_value"":1.0,""negative_threshold"":0.02,""negatives"":165,""positive_threshold"":0.98,""positives"":155,""precision"":1.0,""threshold"":0.98,""tn"":165,""tp"":155,""weighted_covered_error"":0.0}}","{""balance_score"":0.006250000000000033,""calibration_group_counts_by_label"":{""0"":33,""1"":31},""calibration_groups"":64,""calibration_label_counts"":{""0"":165,""1"":155},""calibration_records"":320,""fit_group_counts_by_label"":{""0"":50,""1"":46},""fit_groups"":96,""fit_label_counts"":{""0"":250,""1"":230},""fit_records"":480,""group_overlap"":0}","[{""fit_group_counts_by_label"":{""0"":14,""1"":18},""fit_groups"":32,""fit_records"":160,""fold"":0,""group_overlap"":0,""validation_group_counts_by_label"":{""0"":19,""1"":13},""validation_groups"":32,""validation_records"":160},{""fit_group_counts_by_label"":{""0"":19,""1"":13},""fit_groups"":32,""fit_records"":160,""fold"":1,""group_overlap"":0,""validation_group_counts_by_label"":{""0"":14,""1"":18},""validation_groups"":32,""validation_records"":160}]",0
deduplication__tfidf__none__decision_tree,deduplication,tfidf,,decision_tree,3,800,200,160,40,0,16.695451699953992,1.1413432999979705,0.228754099982325,1.143770499911625,classifier_pipeline_including_tfidf_transform,"{""model__max_depth"":3,""model__min_samples_leaf"":2}",-0.052083333333333336,"{""curve_points"":2450,""eligible"":true,""negative_threshold"":0.02,""positive_threshold"":0.98,""selected"":{""abstained"":0,""automated_false_negative_rate"":0.0,""automated_false_positive_rate"":0.0,""automation_duplicate_recall"":1.0,""automation_nonduplicate_recall"":1.0,""coverage"":1.0,""covered"":320,""covered_error_rate"":0.0,""false_negative_cost"":5.0,""false_positive_cost"":1.0,""fn"":0,""fp"":0,""negative_predictive_value"":1.0,""negative_threshold"":0.02,""negatives"":155,""positive_threshold"":0.98,""positives"":165,""precision"":1.0,""threshold"":0.98,""tn"":155,""tp"":165,""weighted_covered_error"":0.0}}","{""balance_score"":0.006250000000000033,""calibration_group_counts_by_label"":{""0"":31,""1"":33},""calibration_groups"":64,""calibration_label_counts"":{""0"":155,""1"":165},""calibration_records"":320,""fit_group_counts_by_label"":{""0"":47,""1"":49},""fit_groups"":96,""fit_label_counts"":{""0"":235,""1"":245},""fit_records"":480,""group_overlap"":0}","[{""fit_group_counts_by_label"":{""0"":17,""1"":15},""fit_groups"":32,""fit_records"":160,""fold"":0,""group_overlap"":0,""validation_group_counts_by_label"":{""0"":14,""1"":18},""validation_groups"":32,""validation_records"":160},{""fit_group_counts_by_label"":{""0"":14,""1"":18},""fit_groups"":32,""fit_records"":160,""fold"":1,""group_overlap"":0,""validation_group_counts_by_label"":{""0"":17,""1"":15},""validation_groups"":32,""validation_records"":160}]",0
deduplication__tfidf__none__decision_tree,deduplication,tfidf,,decision_tree,4,800,200,160,40,0,16.370169800007716,1.1721561000449583,0.2506227000267245,1.2531135001336224,classifier_pipeline_including_tfidf_transform,"{""model__max_depth"":3,""model__min_samples_leaf"":2}",0.0,"{""curve_points"":2450,""eligible"":true,""negative_threshold"":0.02,""positive_threshold"":0.93,""selected"":{""abstained"":0,""automated_false_negative_rate"":0.0,""automated_false_positive_rate"":0.025806451612903226,""automation_duplicate_recall"":1.0,""automation_nonduplicate_recall"":0.9741935483870968,""coverage"":1.0,""covered"":320,""covered_error_rate"":0.0125,""false_negative_cost"":5.0,""false_positive_cost"":1.0,""fn"":0,""fp"":4,""negative_predictive_value"":1.0,""negative_threshold"":0.02,""negatives"":155,""positive_threshold"":0.93,""positives"":165,""precision"":0.9763313609467456,""threshold"":0.93,""tn"":151,""tp"":165,""weighted_covered_error"":0.0125}}","{""balance_score"":0.006250000000000033,""calibration_group_counts_by_label"":{""0"":31,""1"":33},""calibration_groups"":64,""calibration_label_counts"":{""0"":155,""1"":165},""calibration_records"":320,""fit_group_counts_by_label"":{""0"":47,""1"":49},""fit_groups"":96,""fit_label_counts"":{""0"":235,""1"":245},""fit_records"":480,""group_overlap"":0}","[{""fit_group_counts_by_label"":{""0"":18,""1"":14},""fit_groups"":32,""fit_records"":160,""fold"":0,""group_overlap"":0,""validation_group_counts_by_label"":{""0"":13,""1"":19},""validation_groups"":32,""validation_records"":160},{""fit_group_counts_by_label"":{""0"":13,""1"":19},""fit_groups"":32,""fit_records"":160,""fold"":1,""group_overlap"":0,""validation_group_counts_by_label"":{""0"":18,""1"":14},""validation_groups"":32,""validation_records"":160}]",0
deduplication__tfidf__none__linear_svm,deduplication,tfidf,,linear_svm,0,800,200,160,40,0,12.449724899954163,1.3061091999989003,0.2285779999801889,1.1428899999009445,classifier_pipeline_including_tfidf_transform,"{""model__C"":0.1}",0.0,"{""curve_points"":2450,""eligible"":true,""negative_threshold"":0.02,""positive_threshold"":0.97,""selected"":{""abstained"":0,""automated_false_negative_rate"":0.0,""automated_false_positive_rate"":0.0,""automation_duplicate_recall"":1.0,""automation_nonduplicate_recall"":1.0,""coverage"":1.0,""covered"":320,""covered_error_rate"":0.0,""false_negative_cost"":5.0,""false_positive_cost"":1.0,""fn"":0,""fp"":0,""negative_predictive_value"":1.0,""negative_threshold"":0.02,""negatives"":165,""positive_threshold"":0.97,""positives"":155,""precision"":1.0,""threshold"":0.97,""tn"":165,""tp"":155,""weighted_covered_error"":0.0}}","{""balance_score"":0.006250000000000033,""calibration_group_counts_by_label"":{""0"":33,""1"":31},""calibration_groups"":64,""calibration_label_counts"":{""0"":165,""1"":155},""calibration_records"":320,""fit_group_counts_by_label"":{""0"":50,""1"":46},""fit_groups"":96,""fit_label_counts"":{""0"":250,""1"":230},""fit_records"":480,""group_overlap"":0}","[{""fit_group_counts_by_label"":{""0"":14,""1"":18},""fit_groups"":32,""fit_records"":160,""fold"":0,""group_overlap"":0,""validation_group_counts_by_label"":{""0"":19,""1"":13},""validation_groups"":32,""validation_records"":160},{""fit_group_counts_by_label"":{""0"":19,""1"":13},""fit_groups"":32,""fit_records"":160,""fold"":1,""group_overlap"":0,""validation_group_counts_by_label"":{""0"":14,""1"":18},""validation_groups"":32,""validation_records"":160}]",0
deduplication__tfidf__none__linear_svm,deduplication,tfidf,,linear_svm,1,800,200,160,40,0,12.641836400027387,1.4273312999866903,0.21354909997899085,1.0677454998949543,classifier_pipeline_including_tfidf_transform,"{""model__C"":0.1}",0.0,"{""curve_points"":2450,""eligible"":true,""negative_threshold"":0.03,""positive_threshold"":0.97,""selected"":{""abstained"":0,""automated_false_negative_rate"":0.0,""automated_false_positive_rate"":0.0,""automation_duplicate_recall"":1.0,""automation_nonduplicate_recall"":1.0,""coverage"":1.0,""covered"":320,""covered_error_rate"":0.0,""false_negative_cost"":5.0,""false_positive_cost"":1.0,""fn"":0,""fp"":0,""negative_predictive_value"":1.0,""negative_threshold"":0.03,""negatives"":155,""positive_threshold"":0.97,""positives"":165,""precision"":1.0,""threshold"":0.97,""tn"":155,""tp"":165,""weighted_covered_error"":0.0}}","{""balance_score"":0.006250000000000033,""calibration_group_counts_by_label"":{""0"":31,""1"":33},""calibration_groups"":64,""calibration_label_counts"":{""0"":155,""1"":165},""calibration_records"":320,""fit_group_counts_by_label"":{""0"":47,""1"":49},""fit_groups"":96,""fit_label_counts"":{""0"":235,""1"":245},""fit_records"":480,""group_overlap"":0}","[{""fit_group_counts_by_label"":{""0"":16,""1"":16},""fit_groups"":32,""fit_records"":160,""fold"":0,""group_overlap"":0,""validation_group_counts_by_label"":{""0"":15,""1"":17},""validation_groups"":32,""validation_records"":160},{""fit_group_counts_by_label"":{""0"":15,""1"":17},""fit_groups"":32,""fit_records"":160,""fold"":1,""group_overlap"":0,""validation_group_counts_by_label"":{""0"":16,""1"":16},""validation_groups"":32,""validation_records"":160}]",0
deduplication__tfidf__none__linear_svm,deduplication,tfidf,,linear_svm,2,800,200,160,40,0,12.402203699981328,1.2258776999660768,0.30190849996870384,1.5095424998435192,classifier_pipeline_including_tfidf_transform,"{""model__C"":0.1}",0.0,"{""curve_points"":2450,""eligible"":true,""negative_threshold"":0.03,""positive_threshold"":0.97,""selected"":{""abstained"":0,""automated_false_negative_rate"":0.0,""automated_false_positive_rate"":0.0,""automation_duplicate_recall"":1.0,""automation_nonduplicate_recall"":1.0,""coverage"":1.0,""covered"":320,""covered_error_rate"":0.0,""false_negative_cost"":5.0,""false_positive_cost"":1.0,""fn"":0,""fp"":0,""negative_predictive_value"":1.0,""negative_threshold"":0.03,""negatives"":165,""positive_threshold"":0.97,""positives"":155,""precision"":1.0,""threshold"":0.97,""tn"":165,""tp"":155,""weighted_covered_error"":0.0}}","{""balance_score"":0.006250000000000033,""calibration_group_counts_by_label"":{""0"":33,""1"":31},""calibration_groups"":64,""calibration_label_counts"":{""0"":165,""1"":155},""calibration_records"":320,""fit_group_counts_by_label"":{""0"":50,""1"":46},""fit_groups"":96,""fit_label_counts"":{""0"":250,""1"":230},""fit_records"":480,""group_overlap"":0}","[{""fit_group_counts_by_label"":{""0"":14,""1"":18},""fit_groups"":32,""fit_records"":160,""fold"":0,""group_overlap"":0,""validation_group_counts_by_label"":{""0"":19,""1"":13},""validation_groups"":32,""validation_records"":160},{""fit_group_counts_by_label"":{""0"":19,""1"":13},""fit_groups"":32,""fit_records"":160,""fold"":1,""group_overlap"":0,""validation_group_counts_by_label"":{""0"":14,""1"":18},""validation_groups"":32,""validation_records"":160}]",0
deduplication__tfidf__none__linear_svm,deduplication,tfidf,,linear_svm,3,800,200,160,40,0,12.658692500030156,1.2321177999838255,0.3084722000057809,1.5423610000289045,classifier_pipeline_including_tfidf_transform,"{""model__C"":0.1}",0.0,"{""curve_points"":2450,""eligible"":true,""negative_threshold"":0.03,""positive_threshold"":0.97,""selected"":{""abstained"":0,""automated_false_negative_rate"":0.0,""automated_false_positive_rate"":0.0,""automation_duplicate_recall"":1.0,""automation_nonduplicate_recall"":1.0,""coverage"":1.0,""covered"":320,""covered_error_rate"":0.0,""false_negative_cost"":5.0,""false_positive_cost"":1.0,""fn"":0,""fp"":0,""negative_predictive_value"":1.0,""negative_threshold"":0.03,""negatives"":155,""positive_threshold"":0.97,""positives"":165,""precision"":1.0,""threshold"":0.97,""tn"":155,""tp"":165,""weighted_covered_error"":0.0}}","{""balance_score"":0.006250000000000033,""calibration_group_counts_by_label"":{""0"":31,""1"":33},""calibration_groups"":64,""calibration_label_counts"":{""0"":155,""1"":165},""calibration_records"":320,""fit_group_counts_by_label"":{""0"":47,""1"":49},""fit_groups"":96,""fit_label_counts"":{""0"":235,""1"":245},""fit_records"":480,""group_overlap"":0}","[{""fit_group_counts_by_label"":{""0"":17,""1"":15},""fit_groups"":32,""fit_records"":160,""fold"":0,""group_overlap"":0,""validation_group_counts_by_label"":{""0"":14,""1"":18},""validation_groups"":32,""validation_records"":160},{""fit_group_counts_by_label"":{""0"":14,""1"":18},""fit_groups"":32,""fit_records"":160,""fold"":1,""group_overlap"":0,""validation_group_counts_by_label"":{""0"":17,""1"":15},""validation_groups"":32,""validation_records"":160}]",0
deduplication__tfidf__none__linear_svm,deduplication,tfidf,,linear_svm,4,800,200,160,40,0,11.941519499989226,1.1719808999914676,0.3263493999838829,1.6317469999194145,classifier_pipeline_including_tfidf_transform,"{""model__C"":0.1}",0.0,"{""curve_points"":2450,""eligible"":true,""negative_threshold"":0.03,""positive_threshold"":0.97,""selected"":{""abstained"":0,""automated_false_negative_rate"":0.0,""automated_false_positive_rate"":0.0,""automation_duplicate_recall"":1.0,""automation_nonduplicate_recall"":1.0,""coverage"":1.0,""covered"":320,""covered_error_rate"":0.0,""false_negative_cost"":5.0,""false_positive_cost"":1.0,""fn"":0,""fp"":0,""negative_predictive_value"":1.0,""negative_threshold"":0.03,""negatives"":155,""positive_threshold"":0.97,""positives"":165,""precision"":1.0,""threshold"":0.97,""tn"":155,""tp"":165,""weighted_covered_error"":0.0}}","{""balance_score"":0.006250000000000033,""calibration_group_counts_by_label"":{""0"":31,""1"":33},""calibration_groups"":64,""calibration_label_counts"":{""0"":155,""1"":165},""calibration_records"":320,""fit_group_counts_by_label"":{""0"":47,""1"":49},""fit_groups"":96,""fit_label_counts"":{""0"":235,""1"":245},""fit_records"":480,""group_overlap"":0}","[{""fit_group_counts_by_label"":{""0"":18,""1"":14},""fit_groups"":32,""fit_records"":160,""fold"":0,""group_overlap"":0,""validation_group_counts_by_label"":{""0"":13,""1"":19},""validation_groups"":32,""validation_records"":160},{""fit_group_counts_by_label"":{""0"":13,""1"":19},""fit_groups"":32,""fit_records"":160,""fold"":1,""group_overlap"":0,""validation_group_counts_by_label"":{""0"":18,""1"":14},""validation_groups"":32,""validation_records"":160}]",0
deduplication__tfidf__none__mlp,deduplication,tfidf,,mlp,0,800,200,160,40,0,62.38371110003209,1.2146478000213392,0.23244930000510067,1.1622465000255033,classifier_pipeline_including_tfidf_transform,"{""model__alpha"":0.001,""model__hidden_layer_sizes"":[16]}",0.0,"{""curve_points"":2450,""eligible"":true,""negative_threshold"":0.02,""positive_threshold"":0.98,""selected"":{""abstained"":0,""automated_false_negative_rate"":0.0,""automated_false_positive_rate"":0.0,""automation_duplicate_recall"":1.0,""automation_nonduplicate_recall"":1.0,""coverage"":1.0,""covered"":320,""covered_error_rate"":0.0,""false_negative_cost"":5.0,""false_positive_cost"":1.0,""fn"":0,""fp"":0,""negative_predictive_value"":1.0,""negative_threshold"":0.02,""negatives"":165,""positive_threshold"":0.98,""positives"":155,""precision"":1.0,""threshold"":0.98,""tn"":165,""tp"":155,""weighted_covered_error"":0.0}}","{""balance_score"":0.006250000000000033,""calibration_group_counts_by_label"":{""0"":33,""1"":31},""calibration_groups"":64,""calibration_label_counts"":{""0"":165,""1"":155},""calibration_records"":320,""fit_group_counts_by_label"":{""0"":50,""1"":46},""fit_groups"":96,""fit_label_counts"":{""0"":250,""1"":230},""fit_records"":480,""group_overlap"":0}","[{""fit_group_counts_by_label"":{""0"":14,""1"":18},""fit_groups"":32,""fit_records"":160,""fold"":0,""group_overlap"":0,""validation_group_counts_by_label"":{""0"":19,""1"":13},""validation_groups"":32,""validation_records"":160},{""fit_group_counts_by_label"":{""0"":19,""1"":13},""fit_groups"":32,""fit_records"":160,""fold"":1,""group_overlap"":0,""validation_group_counts_by_label"":{""0"":14,""1"":18},""validation_groups"":32,""validation_records"":160}]",0
deduplication__tfidf__none__mlp,deduplication,tfidf,,mlp,1,800,200,160,40,0,62.99608860001899,1.2532733000116423,0.21264839998912066,1.0632419999456033,classifier_pipeline_including_tfidf_transform,"{""model__alpha"":0.001,""model__hidden_layer_sizes"":[16]}",0.0,"{""curve_points"":2450,""eligible"":true,""negative_threshold"":0.02,""positive_threshold"":0.98,""selected"":{""abstained"":0,""automated_false_negative_rate"":0.0,""automated_false_positive_rate"":0.0,""automation_duplicate_recall"":1.0,""automation_nonduplicate_recall"":1.0,""coverage"":1.0,""covered"":320,""covered_error_rate"":0.0,""false_negative_cost"":5.0,""false_positive_cost"":1.0,""fn"":0,""fp"":0,""negative_predictive_value"":1.0,""negative_threshold"":0.02,""negatives"":155,""positive_threshold"":0.98,""positives"":165,""precision"":1.0,""threshold"":0.98,""tn"":155,""tp"":165,""weighted_covered_error"":0.0}}","{""balance_score"":0.006250000000000033,""calibration_group_counts_by_label"":{""0"":31,""1"":33},""calibration_groups"":64,""calibration_label_counts"":{""0"":155,""1"":165},""calibration_records"":320,""fit_group_counts_by_label"":{""0"":47,""1"":49},""fit_groups"":96,""fit_label_counts"":{""0"":235,""1"":245},""fit_records"":480,""group_overlap"":0}","[{""fit_group_counts_by_label"":{""0"":16,""1"":16},""fit_groups"":32,""fit_records"":160,""fold"":0,""group_overlap"":0,""validation_group_counts_by_label"":{""0"":15,""1"":17},""validation_groups"":32,""validation_records"":160},{""fit_group_counts_by_label"":{""0"":15,""1"":17},""fit_groups"":32,""fit_records"":160,""fold"":1,""group_overlap"":0,""validation_group_counts_by_label"":{""0"":16,""1"":16},""validation_groups"":32,""validation_records"":160}]",0
deduplication__tfidf__none__mlp,deduplication,tfidf,,mlp,2,800,200,160,40,0,61.564749800018035,1.208253999997396,0.23819379997439682,1.1909689998719841,classifier_pipeline_including_tfidf_transform,"{""model__alpha"":0.001,""model__hidden_layer_sizes"":[16]}",0.0,"{""curve_points"":2450,""eligible"":true,""negative_threshold"":0.02,""positive_threshold"":0.98,""selected"":{""abstained"":0,""automated_false_negative_rate"":0.0,""automated_false_positive_rate"":0.0,""automation_duplicate_recall"":1.0,""automation_nonduplicate_recall"":1.0,""coverage"":1.0,""covered"":320,""covered_error_rate"":0.0,""false_negative_cost"":5.0,""false_positive_cost"":1.0,""fn"":0,""fp"":0,""negative_predictive_value"":1.0,""negative_threshold"":0.02,""negatives"":165,""positive_threshold"":0.98,""positives"":155,""precision"":1.0,""threshold"":0.98,""tn"":165,""tp"":155,""weighted_covered_error"":0.0}}","{""balance_score"":0.006250000000000033,""calibration_group_counts_by_label"":{""0"":33,""1"":31},""calibration_groups"":64,""calibration_label_counts"":{""0"":165,""1"":155},""calibration_records"":320,""fit_group_counts_by_label"":{""0"":50,""1"":46},""fit_groups"":96,""fit_label_counts"":{""0"":250,""1"":230},""fit_records"":480,""group_overlap"":0}","[{""fit_group_counts_by_label"":{""0"":14,""1"":18},""fit_groups"":32,""fit_records"":160,""fold"":0,""group_overlap"":0,""validation_group_counts_by_label"":{""0"":19,""1"":13},""validation_groups"":32,""validation_records"":160},{""fit_group_counts_by_label"":{""0"":19,""1"":13},""fit_groups"":32,""fit_records"":160,""fold"":1,""group_overlap"":0,""validation_group_counts_by_label"":{""0"":14,""1"":18},""validation_groups"":32,""validation_records"":160}]",0
deduplication__tfidf__none__mlp,deduplication,tfidf,,mlp,3,800,200,160,40,0,61.915083699976094,1.466202899988275,0.23190199997043237,1.1595099998521619,classifier_pipeline_including_tfidf_transform,"{""model__alpha"":0.001,""model__hidden_layer_sizes"":[16]}",0.0,"{""curve_points"":2450,""eligible"":true,""negative_threshold"":0.02,""positive_threshold"":0.98,""selected"":{""abstained"":0,""automated_false_negative_rate"":0.0,""automated_false_positive_rate"":0.0,""automation_duplicate_recall"":1.0,""automation_nonduplicate_recall"":1.0,""coverage"":1.0,""covered"":320,""covered_error_rate"":0.0,""false_negative_cost"":5.0,""false_positive_cost"":1.0,""fn"":0,""fp"":0,""negative_predictive_value"":1.0,""negative_threshold"":0.02,""negatives"":155,""positive_threshold"":0.98,""positives"":165,""precision"":1.0,""threshold"":0.98,""tn"":155,""tp"":165,""weighted_covered_error"":0.0}}","{""balance_score"":0.006250000000000033,""calibration_group_counts_by_label"":{""0"":31,""1"":33},""calibration_groups"":64,""calibration_label_counts"":{""0"":155,""1"":165},""calibration_records"":320,""fit_group_counts_by_label"":{""0"":47,""1"":49},""fit_groups"":96,""fit_label_counts"":{""0"":235,""1"":245},""fit_records"":480,""group_overlap"":0}","[{""fit_group_counts_by_label"":{""0"":17,""1"":15},""fit_groups"":32,""fit_records"":160,""fold"":0,""group_overlap"":0,""validation_group_counts_by_label"":{""0"":14,""1"":18},""validation_groups"":32,""validation_records"":160},{""fit_group_counts_by_label"":{""0"":14,""1"":18},""fit_groups"":32,""fit_records"":160,""fold"":1,""group_overlap"":0,""validation_group_counts_by_label"":{""0"":17,""1"":15},""validation_groups"":32,""validation_records"":160}]",0
deduplication__tfidf__none__mlp,deduplication,tfidf,,mlp,4,800,200,160,40,0,60.141486899985466,1.2898304000264034,0.24683900002855808,1.2341950001427904,classifier_pipeline_including_tfidf_transform,"{""model__alpha"":0.001,""model__hidden_layer_sizes"":[16]}",0.0,"{""curve_points"":2450,""eligible"":true,""negative_threshold"":0.02,""positive_threshold"":0.98,""selected"":{""abstained"":0,""automated_false_negative_rate"":0.0,""automated_false_positive_rate"":0.0,""automation_duplicate_recall"":1.0,""automation_nonduplicate_recall"":1.0,""coverage"":1.0,""covered"":320,""covered_error_rate"":0.0,""false_negative_cost"":5.0,""false_positive_cost"":1.0,""fn"":0,""fp"":0,""negative_predictive_value"":1.0,""negative_threshold"":0.02,""negatives"":155,""positive_threshold"":0.98,""positives"":165,""precision"":1.0,""threshold"":0.98,""tn"":155,""tp"":165,""weighted_covered_error"":0.0}}","{""balance_score"":0.006250000000000033,""calibration_group_counts_by_label"":{""0"":31,""1"":33},""calibration_groups"":64,""calibration_label_counts"":{""0"":155,""1"":165},""calibration_records"":320,""fit_group_counts_by_label"":{""0"":47,""1"":49},""fit_groups"":96,""fit_label_counts"":{""0"":235,""1"":245},""fit_records"":480,""group_overlap"":0}","[{""fit_group_counts_by_label"":{""0"":18,""1"":14},""fit_groups"":32,""fit_records"":160,""fold"":0,""group_overlap"":0,""validation_group_counts_by_label"":{""0"":13,""1"":19},""validation_groups"":32,""validation_records"":160},{""fit_group_counts_by_label"":{""0"":13,""1"":19},""fit_groups"":32,""fit_records"":160,""fold"":1,""group_overlap"":0,""validation_group_counts_by_label"":{""0"":18,""1"":14},""validation_groups"":32,""validation_records"":160}]",0
deduplication__tfidf__none__xgboost,deduplication,tfidf,,xgboost,0,800,200,160,40,0,44.831480799999554,1.33161580003798,0.23451410001143813,1.1725705000571907,classifier_pipeline_including_tfidf_transform,"{""model__learning_rate"":0.05,""model__max_depth"":2,""model__n_estimators"":160}",-0.010416666666666666,"{""curve_points"":2450,""eligible"":true,""negative_threshold"":0.02,""positive_threshold"":0.98,""selected"":{""abstained"":0,""automated_false_negative_rate"":0.0,""automated_false_positive_rate"":0.0,""automation_duplicate_recall"":1.0,""automation_nonduplicate_recall"":1.0,""coverage"":1.0,""covered"":320,""covered_error_rate"":0.0,""false_negative_cost"":5.0,""false_positive_cost"":1.0,""fn"":0,""fp"":0,""negative_predictive_value"":1.0,""negative_threshold"":0.02,""negatives"":165,""positive_threshold"":0.98,""positives"":155,""precision"":1.0,""threshold"":0.98,""tn"":165,""tp"":155,""weighted_covered_error"":0.0}}","{""balance_score"":0.006250000000000033,""calibration_group_counts_by_label"":{""0"":33,""1"":31},""calibration_groups"":64,""calibration_label_counts"":{""0"":165,""1"":155},""calibration_records"":320,""fit_group_counts_by_label"":{""0"":50,""1"":46},""fit_groups"":96,""fit_label_counts"":{""0"":250,""1"":230},""fit_records"":480,""group_overlap"":0}","[{""fit_group_counts_by_label"":{""0"":14,""1"":18},""fit_groups"":32,""fit_records"":160,""fold"":0,""group_overlap"":0,""validation_group_counts_by_label"":{""0"":19,""1"":13},""validation_groups"":32,""validation_records"":160},{""fit_group_counts_by_label"":{""0"":19,""1"":13},""fit_groups"":32,""fit_records"":160,""fold"":1,""group_overlap"":0,""validation_group_counts_by_label"":{""0"":14,""1"":18},""validation_groups"":32,""validation_records"":160}]",0
deduplication__tfidf__none__xgboost,deduplication,tfidf,,xgboost,1,800,200,160,40,0,44.09463860001415,1.3819554999936372,0.2888245999929495,1.4441229999647476,classifier_pipeline_including_tfidf_transform,"{""model__learning_rate"":0.05,""model__max_depth"":2,""model__n_estimators"":160}",-0.020833333333333332,"{""curve_points"":2450,""eligible"":true,""negative_threshold"":0.02,""positive_threshold"":0.98,""selected"":{""abstained"":85,""automated_false_negative_rate"":0.0,""automated_false_positive_rate"":0.0,""automation_duplicate_recall"":0.5151515151515151,""automation_nonduplicate_recall"":0.967741935483871,""coverage"":0.734375,""covered"":235,""covered_error_rate"":0.0,""false_negative_cost"":5.0,""false_positive_cost"":1.0,""fn"":0,""fp"":0,""negative_predictive_value"":1.0,""negative_threshold"":0.02,""negatives"":155,""positive_threshold"":0.98,""positives"":165,""precision"":1.0,""threshold"":0.98,""tn"":150,""tp"":85,""weighted_covered_error"":0.0}}","{""balance_score"":0.006250000000000033,""calibration_group_counts_by_label"":{""0"":31,""1"":33},""calibration_groups"":64,""calibration_label_counts"":{""0"":155,""1"":165},""calibration_records"":320,""fit_group_counts_by_label"":{""0"":47,""1"":49},""fit_groups"":96,""fit_label_counts"":{""0"":235,""1"":245},""fit_records"":480,""group_overlap"":0}","[{""fit_group_counts_by_label"":{""0"":16,""1"":16},""fit_groups"":32,""fit_records"":160,""fold"":0,""group_overlap"":0,""validation_group_counts_by_label"":{""0"":15,""1"":17},""validation_groups"":32,""validation_records"":160},{""fit_group_counts_by_label"":{""0"":15,""1"":17},""fit_groups"":32,""fit_records"":160,""fold"":1,""group_overlap"":0,""validation_group_counts_by_label"":{""0"":16,""1"":16},""validation_groups"":32,""validation_records"":160}]",0
deduplication__tfidf__none__xgboost,deduplication,tfidf,,xgboost,2,800,200,160,40,0,45.289645099954214,1.365676200017333,0.232129400013946,1.16064700006973,classifier_pipeline_including_tfidf_transform,"{""model__learning_rate"":0.05,""model__max_depth"":2,""model__n_estimators"":160}",-0.21875,"{""curve_points"":2450,""eligible"":true,""negative_threshold"":0.02,""positive_threshold"":0.98,""selected"":{""abstained"":0,""automated_false_negative_rate"":0.0,""automated_false_positive_rate"":0.0,""automation_duplicate_recall"":1.0,""automation_nonduplicate_recall"":1.0,""coverage"":1.0,""covered"":320,""covered_error_rate"":0.0,""false_negative_cost"":5.0,""false_positive_cost"":1.0,""fn"":0,""fp"":0,""negative_predictive_value"":1.0,""negative_threshold"":0.02,""negatives"":165,""positive_threshold"":0.98,""positives"":155,""precision"":1.0,""threshold"":0.98,""tn"":165,""tp"":155,""weighted_covered_error"":0.0}}","{""balance_score"":0.006250000000000033,""calibration_group_counts_by_label"":{""0"":33,""1"":31},""calibration_groups"":64,""calibration_label_counts"":{""0"":165,""1"":155},""calibration_records"":320,""fit_group_counts_by_label"":{""0"":50,""1"":46},""fit_groups"":96,""fit_label_counts"":{""0"":250,""1"":230},""fit_records"":480,""group_overlap"":0}","[{""fit_group_counts_by_label"":{""0"":14,""1"":18},""fit_groups"":32,""fit_records"":160,""fold"":0,""group_overlap"":0,""validation_group_counts_by_label"":{""0"":19,""1"":13},""validation_groups"":32,""validation_records"":160},{""fit_group_counts_by_label"":{""0"":19,""1"":13},""fit_groups"":32,""fit_records"":160,""fold"":1,""group_overlap"":0,""validation_group_counts_by_label"":{""0"":14,""1"":18},""validation_groups"":32,""validation_records"":160}]",0
deduplication__tfidf__none__xgboost,deduplication,tfidf,,xgboost,3,800,200,160,40,0,44.16501680004876,1.424588699999731,0.2869004000094719,1.4345020000473596,classifier_pipeline_including_tfidf_transform,"{""model__learning_rate"":0.05,""model__max_depth"":2,""model__n_estimators"":160}",-0.052083333333333336,"{""curve_points"":2450,""eligible"":true,""negative_threshold"":0.02,""positive_threshold"":0.98,""selected"":{""abstained"":0,""automated_false_negative_rate"":0.0,""automated_false_positive_rate"":0.0,""automation_duplicate_recall"":1.0,""automation_nonduplicate_recall"":1.0,""coverage"":1.0,""covered"":320,""covered_error_rate"":0.0,""false_negative_cost"":5.0,""false_positive_cost"":1.0,""fn"":0,""fp"":0,""negative_predictive_value"":1.0,""negative_threshold"":0.02,""negatives"":155,""positive_threshold"":0.98,""positives"":165,""precision"":1.0,""threshold"":0.98,""tn"":155,""tp"":165,""weighted_covered_error"":0.0}}","{""balance_score"":0.006250000000000033,""calibration_group_counts_by_label"":{""0"":31,""1"":33},""calibration_groups"":64,""calibration_label_counts"":{""0"":155,""1"":165},""calibration_records"":320,""fit_group_counts_by_label"":{""0"":47,""1"":49},""fit_groups"":96,""fit_label_counts"":{""0"":235,""1"":245},""fit_records"":480,""group_overlap"":0}","[{""fit_group_counts_by_label"":{""0"":17,""1"":15},""fit_groups"":32,""fit_records"":160,""fold"":0,""group_overlap"":0,""validation_group_counts_by_label"":{""0"":14,""1"":18},""validation_groups"":32,""validation_records"":160},{""fit_group_counts_by_label"":{""0"":14,""1"":18},""fit_groups"":32,""fit_records"":160,""fold"":1,""group_overlap"":0,""validation_group_counts_by_label"":{""0"":17,""1"":15},""validation_groups"":32,""validation_records"":160}]",0
deduplication__tfidf__none__xgboost,deduplication,tfidf,,xgboost,4,800,200,160,40,0,44.197111600020435,1.3575350000173785,0.2546093999990262,1.273046999995131,classifier_pipeline_including_tfidf_transform,"{""model__learning_rate"":0.05,""model__max_depth"":2,""model__n_estimators"":160}",-0.010416666666666666,"{""curve_points"":2450,""eligible"":true,""negative_threshold"":0.02,""positive_threshold"":0.98,""selected"":{""abstained"":0,""automated_false_negative_rate"":0.0,""automated_false_positive_rate"":0.0,""automation_duplicate_recall"":1.0,""automation_nonduplicate_recall"":1.0,""coverage"":1.0,""covered"":320,""covered_error_rate"":0.0,""false_negative_cost"":5.0,""false_positive_cost"":1.0,""fn"":0,""fp"":0,""negative_predictive_value"":1.0,""negative_threshold"":0.02,""negatives"":155,""positive_threshold"":0.98,""positives"":165,""precision"":1.0,""threshold"":0.98,""tn"":155,""tp"":165,""weighted_covered_error"":0.0}}","{""balance_score"":0.006250000000000033,""calibration_group_counts_by_label"":{""0"":31,""1"":33},""calibration_groups"":64,""calibration_label_counts"":{""0"":155,""1"":165},""calibration_records"":320,""fit_group_counts_by_label"":{""0"":47,""1"":49},""fit_groups"":96,""fit_label_counts"":{""0"":235,""1"":245},""fit_records"":480,""group_overlap"":0}","[{""fit_group_counts_by_label"":{""0"":18,""1"":14},""fit_groups"":32,""fit_records"":160,""fold"":0,""group_overlap"":0,""validation_group_counts_by_label"":{""0"":13,""1"":19},""validation_groups"":32,""validation_records"":160},{""fit_group_counts_by_label"":{""0"":13,""1"":19},""fit_groups"":32,""fit_records"":160,""fold"":1,""group_overlap"":0,""validation_group_counts_by_label"":{""0"":18,""1"":14},""validation_groups"":32,""validation_records"":160}]",0
classification__embedding__granite97m__logistic_regression,classification,embedding,granite97m,logistic_regression,0,893,221,184,46,0,0.9522480999585241,0.13395889999810606,0.008880099980160594,0.04018144787402984,classifier_pipeline_with_precomputed_embedding,"{""model__C"":10.0}",0.9024076539336781,"{""eligible"":false,""obra_threshold"":0.9,""threshold"":null}","{""balance_score"":0.02054758917656277,""calibration_group_counts_by_label"":{""0"":15,""1"":23,""2"":25,""3"":11},""calibration_groups"":74,""calibration_label_counts"":{""0"":68,""1"":113,""2"":118,""3"":50},""calibration_records"":349,""fit_group_counts_by_label"":{""0"":22,""1"":35,""2"":38,""3"":15},""fit_groups"":110,""fit_label_counts"":{""0"":106,""1"":175,""2"":189,""3"":74},""fit_records"":544,""group_overlap"":0}","[{""fit_group_counts_by_label"":{""0"":10,""1"":11,""2"":14,""3"":2},""fit_groups"":37,""fit_records"":174,""fold"":0,""group_overlap"":0,""validation_group_counts_by_label"":{""0"":5,""1"":12,""2"":11,""3"":9},""validation_groups"":37,""validation_records"":175},{""fit_group_counts_by_label"":{""0"":5,""1"":12,""2"":11,""3"":9},""fit_groups"":37,""fit_records"":175,""fold"":1,""group_overlap"":0,""validation_group_counts_by_label"":{""0"":10,""1"":11,""2"":14,""3"":2},""validation_groups"":37,""validation_records"":174}]",0
classification__embedding__granite97m__logistic_regression,classification,embedding,granite97m,logistic_regression,1,895,219,185,45,0,0.9629521999740973,0.10155139997368678,0.006771699991077185,0.030921004525466596,classifier_pipeline_with_precomputed_embedding,"{""model__C"":10.0}",0.8378712103792033,"{""automatic_maintenance_as_obra"":0,""automatic_non_obra_as_obra"":0,""coverage"":0.5754189944134078,""covered"":206,""eligible"":true,""errors"":0,""obra_threshold"":0.9,""risk"":0.0,""threshold"":0.85}","{""balance_score"":0.02346368715083802,""calibration_group_counts_by_label"":{""0"":16,""1"":25,""2"":22,""3"":11},""calibration_groups"":74,""calibration_label_counts"":{""0"":73,""1"":123,""2"":107,""3"":55},""calibration_records"":358,""fit_group_counts_by_label"":{""0"":24,""1"":35,""2"":34,""3"":18},""fit_groups"":111,""fit_label_counts"":{""0"":117,""1"":174,""2"":163,""3"":83},""fit_records"":537,""group_overlap"":0}","[{""fit_group_counts_by_label"":{""0"":8,""1"":12,""2"":9,""3"":7},""fit_groups"":36,""fit_records"":173,""fold"":0,""group_overlap"":0,""validation_group_counts_by_label"":{""0"":8,""1"":13,""2"":13,""3"":4},""validation_groups"":38,""validation_records"":185},{""fit_group_counts_by_label"":{""0"":8,""1"":13,""2"":13,""3"":4},""fit_groups"":38,""fit_records"":185,""fold"":1,""group_overlap"":0,""validation_group_counts_by_label"":{""0"":8,""1"":12,""2"":9,""3"":7},""validation_groups"":36,""validation_records"":173}]",0
classification__embedding__granite97m__logistic_regression,classification,embedding,granite97m,logistic_regression,2,882,232,183,47,0,1.0112192999804392,0.09918169997399673,0.006706700020004064,0.028908189741396827,classifier_pipeline_with_precomputed_embedding,"{""model__C"":10.0}",0.846135829735282,"{""automatic_maintenance_as_obra"":0,""automatic_non_obra_as_obra"":0,""coverage"":0.7111111111111111,""covered"":256,""eligible"":true,""errors"":1,""obra_threshold"":0.9,""risk"":0.00390625,""threshold"":0.76}","{""balance_score"":0.018253968253968272,""calibration_group_counts_by_label"":{""0"":14,""1"":24,""2"":25,""3"":11},""calibration_groups"":74,""calibration_label_counts"":{""0"":64,""1"":118,""2"":123,""3"":55},""calibration_records"":360,""fit_group_counts_by_label"":{""0"":20,""1"":34,""2"":37,""3"":18},""fit_groups"":109,""fit_label_counts"":{""0"":94,""1"":168,""2"":177,""3"":83},""fit_records"":522,""group_overlap"":0}","[{""fit_group_counts_by_label"":{""0"":5,""1"":15,""2"":12,""3"":5},""fit_groups"":37,""fit_records"":177,""fold"":0,""group_overlap"":0,""validation_group_counts_by_label"":{""0"":9,""1"":9,""2"":13,""3"":6},""validation_groups"":37,""validation_records"":183},{""fit_group_counts_by_label"":{""0"":9,""1"":9,""2"":13,""3"":6},""fit_groups"":37,""fit_records"":183,""fold"":1,""group_overlap"":0,""validation_group_counts_by_label"":{""0"":5,""1"":15,""2"":12,""3"":5},""validation_groups"":37,""validation_records"":177}]",0
classification__embedding__granite97m__logistic_regression,classification,embedding,granite97m,logistic_regression,3,898,216,184,46,0,0.9832299000117928,0.10311510000610724,0.0063856999622657895,0.029563425751230506,classifier_pipeline_with_precomputed_embedding,"{""model__C"":10.0}",0.8754632409074,"{""eligible"":false,""obra_threshold"":0.9,""threshold"":null}","{""balance_score"":0.01463746597376886,""calibration_group_counts_by_label"":{""0"":17,""1"":23,""2"":22,""3"":12},""calibration_groups"":74,""calibration_label_counts"":{""0"":80,""1"":114,""2"":107,""3"":59},""calibration_records"":360,""fit_group_counts_by_label"":{""0"":25,""1"":35,""2"":33,""3"":17},""fit_groups"":110,""fit_label_counts"":{""0"":120,""1"":173,""2"":163,""3"":82},""fit_records"":538,""group_overlap"":0}","[{""fit_group_counts_by_label"":{""0"":7,""1"":13,""2"":13,""3"":4},""fit_groups"":37,""fit_records"":181,""fold"":0,""group_overlap"":0,""validation_group_counts_by_label"":{""0"":10,""1"":10,""2"":9,""3"":8},""validation_groups"":37,""validation_records"":179},{""fit_group_counts_by_label"":{""0"":10,""1"":10,""2"":9,""3"":8},""fit_groups"":37,""fit_records"":179,""fold"":1,""group_overlap"":0,""validation_group_counts_by_label"":{""0"":7,""1"":13,""2"":13,""3"":4},""validation_groups"":37,""validation_records"":181}]",0
classification__embedding__granite97m__logistic_regression,classification,embedding,granite97m,logistic_regression,4,888,226,184,46,0,1.1229299000115134,0.09896700002718717,0.0063452000031247735,0.028076106208516697,classifier_pipeline_with_precomputed_embedding,"{""model__C"":10.0}",0.7738919848746922,"{""automatic_maintenance_as_obra"":0,""automatic_non_obra_as_obra"":0,""coverage"":0.5955056179775281,""covered"":212,""eligible"":true,""errors"":0,""obra_threshold"":0.9,""risk"":0.0,""threshold"":0.83}","{""balance_score"":0.02888956372102444,""calibration_group_counts_by_label"":{""0"":17,""1"":22,""2"":21,""3"":14},""calibration_groups"":74,""calibration_label_counts"":{""0"":76,""1"":109,""2"":103,""3"":68},""calibration_records"":356,""fit_group_counts_by_label"":{""0"":26,""1"":32,""2"":31,""3"":21},""fit_groups"":110,""fit_label_counts"":{""0"":126,""1"":157,""2"":150,""3"":99},""fit_records"":532,""group_overlap"":0}","[{""fit_group_counts_by_label"":{""0"":8,""1"":11,""2"":12,""3"":5},""fit_groups"":36,""fit_records"":172,""fold"":0,""group_overlap"":0,""validation_group_counts_by_label"":{""0"":9,""1"":11,""2"":9,""3"":9},""validation_groups"":38,""validation_records"":184},{""fit_group_counts_by_label"":{""0"":9,""1"":11,""2"":9,""3"":9},""fit_groups"":38,""fit_records"":184,""fold"":1,""group_overlap"":0,""validation_group_counts_by_label"":{""0"":8,""1"":11,""2"":12,""3"":5},""validation_groups"":36,""validation_records"":172}]",0
classification__embedding__granite97m__decision_tree,classification,embedding,granite97m,decision_tree,0,893,221,184,46,0,2.040427800035104,0.08076889999210835,0.005868199979886413,0.02655294108545888,classifier_pipeline_with_precomputed_embedding,"{""model__max_depth"":6,""model__min_samples_leaf"":2}",0.5651783233342828,"{""eligible"":false,""obra_threshold"":0.9,""threshold"":null}","{""balance_score"":0.02054758917656277,""calibration_group_counts_by_label"":{""0"":15,""1"":23,""2"":25,""3"":11},""calibration_groups"":74,""calibration_label_counts"":{""0"":68,""1"":113,""2"":118,""3"":50},""calibration_records"":349,""fit_group_counts_by_label"":{""0"":22,""1"":35,""2"":38,""3"":15},""fit_groups"":110,""fit_label_counts"":{""0"":106,""1"":175,""2"":189,""3"":74},""fit_records"":544,""group_overlap"":0}","[{""fit_group_counts_by_label"":{""0"":10,""1"":11,""2"":14,""3"":2},""fit_groups"":37,""fit_records"":174,""fold"":0,""group_overlap"":0,""validation_group_counts_by_label"":{""0"":5,""1"":12,""2"":11,""3"":9},""validation_groups"":37,""validation_records"":175},{""fit_group_counts_by_label"":{""0"":5,""1"":12,""2"":11,""3"":9},""fit_groups"":37,""fit_records"":175,""fold"":1,""group_overlap"":0,""validation_group_counts_by_label"":{""0"":10,""1"":11,""2"":14,""3"":2},""validation_groups"":37,""validation_records"":174}]",0
classification__embedding__granite97m__decision_tree,classification,embedding,granite97m,decision_tree,1,895,219,185,45,0,1.9315272000385448,0.08246190001955256,0.006224500015377998,0.028422374499442914,classifier_pipeline_with_precomputed_embedding,"{""model__max_depth"":6,""model__min_samples_leaf"":5}",0.48284733420067205,"{""eligible"":false,""obra_threshold"":0.9,""threshold"":null}","{""balance_score"":0.02346368715083802,""calibration_group_counts_by_label"":{""0"":16,""1"":25,""2"":22,""3"":11},""calibration_groups"":74,""calibration_label_counts"":{""0"":73,""1"":123,""2"":107,""3"":55},""calibration_records"":358,""fit_group_counts_by_label"":{""0"":24,""1"":35,""2"":34,""3"":18},""fit_groups"":111,""fit_label_counts"":{""0"":117,""1"":174,""2"":163,""3"":83},""fit_records"":537,""group_overlap"":0}","[{""fit_group_counts_by_label"":{""0"":8,""1"":12,""2"":9,""3"":7},""fit_groups"":36,""fit_records"":173,""fold"":0,""group_overlap"":0,""validation_group_counts_by_label"":{""0"":8,""1"":13,""2"":13,""3"":4},""validation_groups"":38,""validation_records"":185},{""fit_group_counts_by_label"":{""0"":8,""1"":13,""2"":13,""3"":4},""fit_groups"":38,""fit_records"":185,""fold"":1,""group_overlap"":0,""validation_group_counts_by_label"":{""0"":8,""1"":12,""2"":9,""3"":7},""validation_groups"":36,""validation_records"":173}]",0
classification__embedding__granite97m__decision_tree,classification,embedding,granite97m,decision_tree,2,882,232,183,47,0,1.9816256000194699,0.08317479997640476,0.006160899996757507,0.0265556034342996,classifier_pipeline_with_precomputed_embedding,"{""model__max_depth"":6,""model__min_samples_leaf"":2}",0.5295916482575379,"{""eligible"":false,""obra_threshold"":0.9,""threshold"":null}","{""balance_score"":0.018253968253968272,""calibration_group_counts_by_label"":{""0"":14,""1"":24,""2"":25,""3"":11},""calibration_groups"":74,""calibration_label_counts"":{""0"":64,""1"":118,""2"":123,""3"":55},""calibration_records"":360,""fit_group_counts_by_label"":{""0"":20,""1"":34,""2"":37,""3"":18},""fit_groups"":109,""fit_label_counts"":{""0"":94,""1"":168,""2"":177,""3"":83},""fit_records"":522,""group_overlap"":0}","[{""fit_group_counts_by_label"":{""0"":5,""1"":15,""2"":12,""3"":5},""fit_groups"":37,""fit_records"":177,""fold"":0,""group_overlap"":0,""validation_group_counts_by_label"":{""0"":9,""1"":9,""2"":13,""3"":6},""validation_groups"":37,""validation_records"":183},{""fit_group_counts_by_label"":{""0"":9,""1"":9,""2"":13,""3"":6},""fit_groups"":37,""fit_records"":183,""fold"":1,""group_overlap"":0,""validation_group_counts_by_label"":{""0"":5,""1"":15,""2"":12,""3"":5},""validation_groups"":37,""validation_records"":177}]",0
classification__embedding__granite97m__decision_tree,classification,embedding,granite97m,decision_tree,3,898,216,184,46,0,1.9798656999482773,0.08192930003860965,0.00589100003708154,0.027273148319821944,classifier_pipeline_with_precomputed_embedding,"{""model__max_depth"":6,""model__min_samples_leaf"":5}",0.540698514802928,"{""eligible"":false,""obra_threshold"":0.9,""threshold"":null}","{""balance_score"":0.01463746597376886,""calibration_group_counts_by_label"":{""0"":17,""1"":23,""2"":22,""3"":12},""calibration_groups"":74,""calibration_label_counts"":{""0"":80,""1"":114,""2"":107,""3"":59},""calibration_records"":360,""fit_group_counts_by_label"":{""0"":25,""1"":35,""2"":33,""3"":17},""fit_groups"":110,""fit_label_counts"":{""0"":120,""1"":173,""2"":163,""3"":82},""fit_records"":538,""group_overlap"":0}","[{""fit_group_counts_by_label"":{""0"":7,""1"":13,""2"":13,""3"":4},""fit_groups"":37,""fit_records"":181,""fold"":0,""group_overlap"":0,""validation_group_counts_by_label"":{""0"":10,""1"":10,""2"":9,""3"":8},""validation_groups"":37,""validation_records"":179},{""fit_group_counts_by_label"":{""0"":10,""1"":10,""2"":9,""3"":8},""fit_groups"":37,""fit_records"":179,""fold"":1,""group_overlap"":0,""validation_group_counts_by_label"":{""0"":7,""1"":13,""2"":13,""3"":4},""validation_groups"":37,""validation_records"":181}]",0
classification__embedding__granite97m__decision_tree,classification,embedding,granite97m,decision_tree,4,888,226,184,46,0,1.8206620000419207,0.08021139999618754,0.006384700012858957,0.028250885012650252,classifier_pipeline_with_precomputed_embedding,"{""model__max_depth"":3,""model__min_samples_leaf"":2}",0.49713682812730986,"{""eligible"":false,""obra_threshold"":0.9,""threshold"":null}","{""balance_score"":0.02888956372102444,""calibration_group_counts_by_label"":{""0"":17,""1"":22,""2"":21,""3"":14},""calibration_groups"":74,""calibration_label_counts"":{""0"":76,""1"":109,""2"":103,""3"":68},""calibration_records"":356,""fit_group_counts_by_label"":{""0"":26,""1"":32,""2"":31,""3"":21},""fit_groups"":110,""fit_label_counts"":{""0"":126,""1"":157,""2"":150,""3"":99},""fit_records"":532,""group_overlap"":0}","[{""fit_group_counts_by_label"":{""0"":8,""1"":11,""2"":12,""3"":5},""fit_groups"":36,""fit_records"":172,""fold"":0,""group_overlap"":0,""validation_group_counts_by_label"":{""0"":9,""1"":11,""2"":9,""3"":9},""validation_groups"":38,""validation_records"":184},{""fit_group_counts_by_label"":{""0"":9,""1"":11,""2"":9,""3"":9},""fit_groups"":38,""fit_records"":184,""fold"":1,""group_overlap"":0,""validation_group_counts_by_label"":{""0"":8,""1"":11,""2"":12,""3"":5},""validation_groups"":36,""validation_records"":172}]",0
classification__embedding__granite97m__linear_svm,classification,embedding,granite97m,linear_svm,0,893,221,184,46,0,1.2884576999931596,0.09702710004057735,0.006396499986294657,0.028943438852012022,classifier_pipeline_with_precomputed_embedding,"{""model__C"":10.0}",0.8935905382756859,"{""automatic_maintenance_as_obra"":0,""automatic_non_obra_as_obra"":0,""coverage"":0.5100286532951289,""covered"":178,""eligible"":true,""errors"":8,""obra_threshold"":0.9,""risk"":0.0449438202247191,""threshold"":0.88}","{""balance_score"":0.02054758917656277,""calibration_group_counts_by_label"":{""0"":15,""1"":23,""2"":25,""3"":11},""calibration_groups"":74,""calibration_label_counts"":{""0"":68,""1"":113,""2"":118,""3"":50},""calibration_records"":349,""fit_group_counts_by_label"":{""0"":22,""1"":35,""2"":38,""3"":15},""fit_groups"":110,""fit_label_counts"":{""0"":106,""1"":175,""2"":189,""3"":74},""fit_records"":544,""group_overlap"":0}","[{""fit_group_counts_by_label"":{""0"":10,""1"":11,""2"":14,""3"":2},""fit_groups"":37,""fit_records"":174,""fold"":0,""group_overlap"":0,""validation_group_counts_by_label"":{""0"":5,""1"":12,""2"":11,""3"":9},""validation_groups"":37,""validation_records"":175},{""fit_group_counts_by_label"":{""0"":5,""1"":12,""2"":11,""3"":9},""fit_groups"":37,""fit_records"":175,""fold"":1,""group_overlap"":0,""validation_group_counts_by_label"":{""0"":10,""1"":11,""2"":14,""3"":2},""validation_groups"":37,""validation_records"":174}]",0
classification__embedding__granite97m__linear_svm,classification,embedding,granite97m,linear_svm,1,895,219,185,45,0,1.3096223000320606,0.09802219999255612,0.006611699995119125,0.030190410936617007,classifier_pipeline_with_precomputed_embedding,"{""model__C"":1.0}",0.859848711402709,"{""automatic_maintenance_as_obra"":0,""automatic_non_obra_as_obra"":0,""coverage"":0.6061452513966481,""covered"":217,""eligible"":true,""errors"":0,""obra_threshold"":0.9,""risk"":0.0,""threshold"":0.88}","{""balance_score"":0.02346368715083802,""calibration_group_counts_by_label"":{""0"":16,""1"":25,""2"":22,""3"":11},""calibration_groups"":74,""calibration_label_counts"":{""0"":73,""1"":123,""2"":107,""3"":55},""calibration_records"":358,""fit_group_counts_by_label"":{""0"":24,""1"":35,""2"":34,""3"":18},""fit_groups"":111,""fit_label_counts"":{""0"":117,""1"":174,""2"":163,""3"":83},""fit_records"":537,""group_overlap"":0}","[{""fit_group_counts_by_label"":{""0"":8,""1"":12,""2"":9,""3"":7},""fit_groups"":36,""fit_records"":173,""fold"":0,""group_overlap"":0,""validation_group_counts_by_label"":{""0"":8,""1"":13,""2"":13,""3"":4},""validation_groups"":38,""validation_records"":185},{""fit_group_counts_by_label"":{""0"":8,""1"":13,""2"":13,""3"":4},""fit_groups"":38,""fit_records"":185,""fold"":1,""group_overlap"":0,""validation_group_counts_by_label"":{""0"":8,""1"":12,""2"":9,""3"":7},""validation_groups"":36,""validation_records"":173}]",0
classification__embedding__granite97m__linear_svm,classification,embedding,granite97m,linear_svm,2,882,232,183,47,0,1.3004767999518663,0.10089170001447201,0.0066911999601870775,0.028841379138737404,classifier_pipeline_with_precomputed_embedding,"{""model__C"":10.0}",0.8496675302698119,"{""automatic_maintenance_as_obra"":0,""automatic_non_obra_as_obra"":0,""coverage"":0.7,""covered"":252,""eligible"":true,""errors"":1,""obra_threshold"":0.9,""risk"":0.003968253968253968,""threshold"":0.86}","{""balance_score"":0.018253968253968272,""calibration_group_counts_by_label"":{""0"":14,""1"":24,""2"":25,""3"":11},""calibration_groups"":74,""calibration_label_counts"":{""0"":64,""1"":118,""2"":123,""3"":55},""calibration_records"":360,""fit_group_counts_by_label"":{""0"":20,""1"":34,""2"":37,""3"":18},""fit_groups"":109,""fit_label_counts"":{""0"":94,""1"":168,""2"":177,""3"":83},""fit_records"":522,""group_overlap"":0}","[{""fit_group_counts_by_label"":{""0"":5,""1"":15,""2"":12,""3"":5},""fit_groups"":37,""fit_records"":177,""fold"":0,""group_overlap"":0,""validation_group_counts_by_label"":{""0"":9,""1"":9,""2"":13,""3"":6},""validation_groups"":37,""validation_records"":183},{""fit_group_counts_by_label"":{""0"":9,""1"":9,""2"":13,""3"":6},""fit_groups"":37,""fit_records"":183,""fold"":1,""group_overlap"":0,""validation_group_counts_by_label"":{""0"":5,""1"":15,""2"":12,""3"":5},""validation_groups"":37,""validation_records"":177}]",0
classification__embedding__granite97m__linear_svm,classification,embedding,granite97m,linear_svm,3,898,216,184,46,0,1.3837639999692328,0.09590620000381023,0.006447400024626404,0.029849074188085203,classifier_pipeline_with_precomputed_embedding,"{""model__C"":10.0}",0.8902042101207256,"{""eligible"":false,""obra_threshold"":0.9,""threshold"":null}","{""balance_score"":0.01463746597376886,""calibration_group_counts_by_label"":{""0"":17,""1"":23,""2"":22,""3"":12},""calibration_groups"":74,""calibration_label_counts"":{""0"":80,""1"":114,""2"":107,""3"":59},""calibration_records"":360,""fit_group_counts_by_label"":{""0"":25,""1"":35,""2"":33,""3"":17},""fit_groups"":110,""fit_label_counts"":{""0"":120,""1"":173,""2"":163,""3"":82},""fit_records"":538,""group_overlap"":0}","[{""fit_group_counts_by_label"":{""0"":7,""1"":13,""2"":13,""3"":4},""fit_groups"":37,""fit_records"":181,""fold"":0,""group_overlap"":0,""validation_group_counts_by_label"":{""0"":10,""1"":10,""2"":9,""3"":8},""validation_groups"":37,""validation_records"":179},{""fit_group_counts_by_label"":{""0"":10,""1"":10,""2"":9,""3"":8},""fit_groups"":37,""fit_records"":179,""fold"":1,""group_overlap"":0,""validation_group_counts_by_label"":{""0"":7,""1"":13,""2"":13,""3"":4},""validation_groups"":37,""validation_records"":181}]",0
classification__embedding__granite97m__linear_svm,classification,embedding,granite97m,linear_svm,4,888,226,184,46,0,1.2411843999871053,0.09782490000361577,0.006505400000605732,0.02878495575489262,classifier_pipeline_with_precomputed_embedding,"{""model__C"":1.0}",0.7845771998888612,"{""automatic_maintenance_as_obra"":0,""automatic_non_obra_as_obra"":0,""coverage"":0.5730337078651685,""covered"":204,""eligible"":true,""errors"":0,""obra_threshold"":0.9,""risk"":0.0,""threshold"":0.88}","{""balance_score"":0.02888956372102444,""calibration_group_counts_by_label"":{""0"":17,""1"":22,""2"":21,""3"":14},""calibration_groups"":74,""calibration_label_counts"":{""0"":76,""1"":109,""2"":103,""3"":68},""calibration_records"":356,""fit_group_counts_by_label"":{""0"":26,""1"":32,""2"":31,""3"":21},""fit_groups"":110,""fit_label_counts"":{""0"":126,""1"":157,""2"":150,""3"":99},""fit_records"":532,""group_overlap"":0}","[{""fit_group_counts_by_label"":{""0"":8,""1"":11,""2"":12,""3"":5},""fit_groups"":36,""fit_records"":172,""fold"":0,""group_overlap"":0,""validation_group_counts_by_label"":{""0"":9,""1"":11,""2"":9,""3"":9},""validation_groups"":38,""validation_records"":184},{""fit_group_counts_by_label"":{""0"":9,""1"":11,""2"":9,""3"":9},""fit_groups"":38,""fit_records"":184,""fold"":1,""group_overlap"":0,""validation_group_counts_by_label"":{""0"":8,""1"":11,""2"":12,""3"":5},""validation_groups"":36,""validation_records"":172}]",0
classification__embedding__granite97m__mlp,classification,embedding,granite97m,mlp,0,893,221,184,46,0,57.2051591000054,0.3551230999873951,0.03875979996519163,0.1753837102497359,classifier_pipeline_with_precomputed_embedding,"{""model__alpha"":0.001,""model__hidden_layer_sizes"":[32]}",0.8996777659177594,"{""automatic_maintenance_as_obra"":0,""automatic_non_obra_as_obra"":0,""coverage"":0.7077363896848138,""covered"":247,""eligible"":true,""errors"":11,""obra_threshold"":0.9,""risk"":0.044534412955465584,""threshold"":0.87}","{""balance_score"":0.02054758917656277,""calibration_group_counts_by_label"":{""0"":15,""1"":23,""2"":25,""3"":11},""calibration_groups"":74,""calibration_label_counts"":{""0"":68,""1"":113,""2"":118,""3"":50},""calibration_records"":349,""fit_group_counts_by_label"":{""0"":22,""1"":35,""2"":38,""3"":15},""fit_groups"":110,""fit_label_counts"":{""0"":106,""1"":175,""2"":189,""3"":74},""fit_records"":544,""group_overlap"":0}","[{""fit_group_counts_by_label"":{""0"":10,""1"":11,""2"":14,""3"":2},""fit_groups"":37,""fit_records"":174,""fold"":0,""group_overlap"":0,""validation_group_counts_by_label"":{""0"":5,""1"":12,""2"":11,""3"":9},""validation_groups"":37,""validation_records"":175},{""fit_group_counts_by_label"":{""0"":5,""1"":12,""2"":11,""3"":9},""fit_groups"":37,""fit_records"":175,""fold"":1,""group_overlap"":0,""validation_group_counts_by_label"":{""0"":10,""1"":11,""2"":14,""3"":2},""validation_groups"":37,""validation_records"":174}]",0
classification__embedding__granite97m__mlp,classification,embedding,granite97m,mlp,1,895,219,185,45,0,64.13017789996229,0.16683650005143136,0.017295599973294884,0.07897534234381226,classifier_pipeline_with_precomputed_embedding,"{""model__alpha"":0.001,""model__hidden_layer_sizes"":[16]}",0.8412512136067128,"{""automatic_maintenance_as_obra"":0,""automatic_non_obra_as_obra"":0,""coverage"":0.723463687150838,""covered"":259,""eligible"":true,""errors"":2,""obra_threshold"":0.94,""risk"":0.007722007722007722,""threshold"":0.94}","{""balance_score"":0.02346368715083802,""calibration_group_counts_by_label"":{""0"":16,""1"":25,""2"":22,""3"":11},""calibration_groups"":74,""calibration_label_counts"":{""0"":73,""1"":123,""2"":107,""3"":55},""calibration_records"":358,""fit_group_counts_by_label"":{""0"":24,""1"":35,""2"":34,""3"":18},""fit_groups"":111,""fit_label_counts"":{""0"":117,""1"":174,""2"":163,""3"":83},""fit_records"":537,""group_overlap"":0}","[{""fit_group_counts_by_label"":{""0"":8,""1"":12,""2"":9,""3"":7},""fit_groups"":36,""fit_records"":173,""fold"":0,""group_overlap"":0,""validation_group_counts_by_label"":{""0"":8,""1"":13,""2"":13,""3"":4},""validation_groups"":38,""validation_records"":185},{""fit_group_counts_by_label"":{""0"":8,""1"":13,""2"":13,""3"":4},""fit_groups"":38,""fit_records"":185,""fold"":1,""group_overlap"":0,""validation_group_counts_by_label"":{""0"":8,""1"":12,""2"":9,""3"":7},""validation_groups"":36,""validation_records"":173}]",0
classification__embedding__granite97m__mlp,classification,embedding,granite97m,mlp,2,882,232,183,47,0,65.88770969997859,0.2877682000398636,0.06018129998119548,0.25940215509135983,classifier_pipeline_with_precomputed_embedding,"{""model__alpha"":0.001,""model__hidden_layer_sizes"":[32]}",0.8370792072880052,"{""automatic_maintenance_as_obra"":0,""automatic_non_obra_as_obra"":0,""coverage"":0.7472222222222222,""covered"":269,""eligible"":true,""errors"":2,""obra_threshold"":0.94,""risk"":0.007434944237918215,""threshold"":0.94}","{""balance_score"":0.018253968253968272,""calibration_group_counts_by_label"":{""0"":14,""1"":24,""2"":25,""3"":11},""calibration_groups"":74,""calibration_label_counts"":{""0"":64,""1"":118,""2"":123,""3"":55},""calibration_records"":360,""fit_group_counts_by_label"":{""0"":20,""1"":34,""2"":37,""3"":18},""fit_groups"":109,""fit_label_counts"":{""0"":94,""1"":168,""2"":177,""3"":83},""fit_records"":522,""group_overlap"":0}","[{""fit_group_counts_by_label"":{""0"":5,""1"":15,""2"":12,""3"":5},""fit_groups"":37,""fit_records"":177,""fold"":0,""group_overlap"":0,""validation_group_counts_by_label"":{""0"":9,""1"":9,""2"":13,""3"":6},""validation_groups"":37,""validation_records"":183},{""fit_group_counts_by_label"":{""0"":9,""1"":9,""2"":13,""3"":6},""fit_groups"":37,""fit_records"":183,""fold"":1,""group_overlap"":0,""validation_group_counts_by_label"":{""0"":5,""1"":15,""2"":12,""3"":5},""validation_groups"":37,""validation_records"":177}]",0
classification__embedding__granite97m__mlp,classification,embedding,granite97m,mlp,3,898,216,184,46,0,67.10711440001614,0.24677570001222193,0.033269999956246465,0.15402777757521513,classifier_pipeline_with_precomputed_embedding,"{""model__alpha"":0.001,""model__hidden_layer_sizes"":[32]}",0.8847092667905883,"{""eligible"":false,""obra_threshold"":0.9,""threshold"":null}","{""balance_score"":0.01463746597376886,""calibration_group_counts_by_label"":{""0"":17,""1"":23,""2"":22,""3"":12},""calibration_groups"":74,""calibration_label_counts"":{""0"":80,""1"":114,""2"":107,""3"":59},""calibration_records"":360,""fit_group_counts_by_label"":{""0"":25,""1"":35,""2"":33,""3"":17},""fit_groups"":110,""fit_label_counts"":{""0"":120,""1"":173,""2"":163,""3"":82},""fit_records"":538,""group_overlap"":0}","[{""fit_group_counts_by_label"":{""0"":7,""1"":13,""2"":13,""3"":4},""fit_groups"":37,""fit_records"":181,""fold"":0,""group_overlap"":0,""validation_group_counts_by_label"":{""0"":10,""1"":10,""2"":9,""3"":8},""validation_groups"":37,""validation_records"":179},{""fit_group_counts_by_label"":{""0"":10,""1"":10,""2"":9,""3"":8},""fit_groups"":37,""fit_records"":179,""fold"":1,""group_overlap"":0,""validation_group_counts_by_label"":{""0"":7,""1"":13,""2"":13,""3"":4},""validation_groups"":37,""validation_records"":181}]",0
classification__embedding__granite97m__mlp,classification,embedding,granite97m,mlp,4,888,226,184,46,0,55.22867770004086,0.290585899958387,0.033772299997508526,0.14943495574118817,classifier_pipeline_with_precomputed_embedding,"{""model__alpha"":0.001,""model__hidden_layer_sizes"":[32]}",0.7941474125687993,"{""automatic_maintenance_as_obra"":0,""automatic_non_obra_as_obra"":0,""coverage"":0.550561797752809,""covered"":196,""eligible"":true,""errors"":5,""obra_threshold"":0.94,""risk"":0.025510204081632654,""threshold"":0.94}","{""balance_score"":0.02888956372102444,""calibration_group_counts_by_label"":{""0"":17,""1"":22,""2"":21,""3"":14},""calibration_groups"":74,""calibration_label_counts"":{""0"":76,""1"":109,""2"":103,""3"":68},""calibration_records"":356,""fit_group_counts_by_label"":{""0"":26,""1"":32,""2"":31,""3"":21},""fit_groups"":110,""fit_label_counts"":{""0"":126,""1"":157,""2"":150,""3"":99},""fit_records"":532,""group_overlap"":0}","[{""fit_group_counts_by_label"":{""0"":8,""1"":11,""2"":12,""3"":5},""fit_groups"":36,""fit_records"":172,""fold"":0,""group_overlap"":0,""validation_group_counts_by_label"":{""0"":9,""1"":11,""2"":9,""3"":9},""validation_groups"":38,""validation_records"":184},{""fit_group_counts_by_label"":{""0"":9,""1"":11,""2"":9,""3"":9},""fit_groups"":38,""fit_records"":184,""fold"":1,""group_overlap"":0,""validation_group_counts_by_label"":{""0"":8,""1"":11,""2"":12,""3"":5},""validation_groups"":36,""validation_records"":172}]",0
classification__embedding__granite97m__xgboost,classification,embedding,granite97m,xgboost,0,893,221,184,46,0,74.00734740000917,0.13693829998373985,0.009796900034416467,0.04432986440912429,classifier_pipeline_with_precomputed_embedding,"{""model__learning_rate"":0.05,""model__max_depth"":4,""model__n_estimators"":160}",0.7848514107214596,"{""eligible"":false,""obra_threshold"":0.9,""threshold"":null}","{""balance_score"":0.02054758917656277,""calibration_group_counts_by_label"":{""0"":15,""1"":23,""2"":25,""3"":11},""calibration_groups"":74,""calibration_label_counts"":{""0"":68,""1"":113,""2"":118,""3"":50},""calibration_records"":349,""fit_group_counts_by_label"":{""0"":22,""1"":35,""2"":38,""3"":15},""fit_groups"":110,""fit_label_counts"":{""0"":106,""1"":175,""2"":189,""3"":74},""fit_records"":544,""group_overlap"":0}","[{""fit_group_counts_by_label"":{""0"":10,""1"":11,""2"":14,""3"":2},""fit_groups"":37,""fit_records"":174,""fold"":0,""group_overlap"":0,""validation_group_counts_by_label"":{""0"":5,""1"":12,""2"":11,""3"":9},""validation_groups"":37,""validation_records"":175},{""fit_group_counts_by_label"":{""0"":5,""1"":12,""2"":11,""3"":9},""fit_groups"":37,""fit_records"":175,""fold"":1,""group_overlap"":0,""validation_group_counts_by_label"":{""0"":10,""1"":11,""2"":14,""3"":2},""validation_groups"":37,""validation_records"":174}]",0
classification__embedding__granite97m__xgboost,classification,embedding,granite97m,xgboost,1,895,219,185,45,0,65.88394289999269,0.17169400001876056,0.009371500054839998,0.042792237693333325,classifier_pipeline_with_precomputed_embedding,"{""model__learning_rate"":0.05,""model__max_depth"":2,""model__n_estimators"":160}",0.7362670208015839,"{""automatic_maintenance_as_obra"":0,""automatic_non_obra_as_obra"":0,""coverage"":0.5391061452513967,""covered"":193,""eligible"":true,""errors"":1,""obra_threshold"":0.9,""risk"":0.0051813471502590676,""threshold"":0.88}","{""balance_score"":0.02346368715083802,""calibration_group_counts_by_label"":{""0"":16,""1"":25,""2"":22,""3"":11},""calibration_groups"":74,""calibration_label_counts"":{""0"":73,""1"":123,""2"":107,""3"":55},""calibration_records"":358,""fit_group_counts_by_label"":{""0"":24,""1"":35,""2"":34,""3"":18},""fit_groups"":111,""fit_label_counts"":{""0"":117,""1"":174,""2"":163,""3"":83},""fit_records"":537,""group_overlap"":0}","[{""fit_group_counts_by_label"":{""0"":8,""1"":12,""2"":9,""3"":7},""fit_groups"":36,""fit_records"":173,""fold"":0,""group_overlap"":0,""validation_group_counts_by_label"":{""0"":8,""1"":13,""2"":13,""3"":4},""validation_groups"":38,""validation_records"":185},{""fit_group_counts_by_label"":{""0"":8,""1"":13,""2"":13,""3"":4},""fit_groups"":38,""fit_records"":185,""fold"":1,""group_overlap"":0,""validation_group_counts_by_label"":{""0"":8,""1"":12,""2"":9,""3"":7},""validation_groups"":36,""validation_records"":173}]",0
classification__embedding__granite97m__xgboost,classification,embedding,granite97m,xgboost,2,882,232,183,47,0,75.75058509997325,0.14829240000108257,0.014108099974691868,0.06081077575298219,classifier_pipeline_with_precomputed_embedding,"{""model__learning_rate"":0.05,""model__max_depth"":4,""model__n_estimators"":160}",0.6919151636811888,"{""automatic_maintenance_as_obra"":0,""automatic_non_obra_as_obra"":0,""coverage"":0.5305555555555556,""covered"":191,""eligible"":true,""errors"":3,""obra_threshold"":0.9,""risk"":0.015706806282722512,""threshold"":0.89}","{""balance_score"":0.018253968253968272,""calibration_group_counts_by_label"":{""0"":14,""1"":24,""2"":25,""3"":11},""calibration_groups"":74,""calibration_label_counts"":{""0"":64,""1"":118,""2"":123,""3"":55},""calibration_records"":360,""fit_group_counts_by_label"":{""0"":20,""1"":34,""2"":37,""3"":18},""fit_groups"":109,""fit_label_counts"":{""0"":94,""1"":168,""2"":177,""3"":83},""fit_records"":522,""group_overlap"":0}","[{""fit_group_counts_by_label"":{""0"":5,""1"":15,""2"":12,""3"":5},""fit_groups"":37,""fit_records"":177,""fold"":0,""group_overlap"":0,""validation_group_counts_by_label"":{""0"":9,""1"":9,""2"":13,""3"":6},""validation_groups"":37,""validation_records"":183},{""fit_group_counts_by_label"":{""0"":9,""1"":9,""2"":13,""3"":6},""fit_groups"":37,""fit_records"":183,""fold"":1,""group_overlap"":0,""validation_group_counts_by_label"":{""0"":5,""1"":15,""2"":12,""3"":5},""validation_groups"":37,""validation_records"":177}]",0
classification__embedding__granite97m__xgboost,classification,embedding,granite97m,xgboost,3,898,216,184,46,0,65.81002219999209,0.15052369999466464,0.010605899966321886,0.04910138873297169,classifier_pipeline_with_precomputed_embedding,"{""model__learning_rate"":0.05,""model__max_depth"":2,""model__n_estimators"":160}",0.7280132786646542,"{""automatic_maintenance_as_obra"":0,""automatic_non_obra_as_obra"":0,""coverage"":0.5,""covered"":180,""eligible"":true,""errors"":13,""obra_threshold"":0.9,""risk"":0.07222222222222222,""threshold"":0.77}","{""balance_score"":0.01463746597376886,""calibration_group_counts_by_label"":{""0"":17,""1"":23,""2"":22,""3"":12},""calibration_groups"":74,""calibration_label_counts"":{""0"":80,""1"":114,""2"":107,""3"":59},""calibration_records"":360,""fit_group_counts_by_label"":{""0"":25,""1"":35,""2"":33,""3"":17},""fit_groups"":110,""fit_label_counts"":{""0"":120,""1"":173,""2"":163,""3"":82},""fit_records"":538,""group_overlap"":0}","[{""fit_group_counts_by_label"":{""0"":7,""1"":13,""2"":13,""3"":4},""fit_groups"":37,""fit_records"":181,""fold"":0,""group_overlap"":0,""validation_group_counts_by_label"":{""0"":10,""1"":10,""2"":9,""3"":8},""validation_groups"":37,""validation_records"":179},{""fit_group_counts_by_label"":{""0"":10,""1"":10,""2"":9,""3"":8},""fit_groups"":37,""fit_records"":179,""fold"":1,""group_overlap"":0,""validation_group_counts_by_label"":{""0"":7,""1"":13,""2"":13,""3"":4},""validation_groups"":37,""validation_records"":181}]",0
classification__embedding__granite97m__xgboost,classification,embedding,granite97m,xgboost,4,888,226,184,46,0,64.86680870002601,0.14392529998440295,0.009618799958843738,0.0425610617647953,classifier_pipeline_with_precomputed_embedding,"{""model__learning_rate"":0.05,""model__max_depth"":2,""model__n_estimators"":160}",0.6617261171164304,"{""automatic_maintenance_as_obra"":0,""automatic_non_obra_as_obra"":0,""coverage"":0.5842696629213483,""covered"":208,""eligible"":true,""errors"":8,""obra_threshold"":0.9,""risk"":0.038461538461538464,""threshold"":0.79}","{""balance_score"":0.02888956372102444,""calibration_group_counts_by_label"":{""0"":17,""1"":22,""2"":21,""3"":14},""calibration_groups"":74,""calibration_label_counts"":{""0"":76,""1"":109,""2"":103,""3"":68},""calibration_records"":356,""fit_group_counts_by_label"":{""0"":26,""1"":32,""2"":31,""3"":21},""fit_groups"":110,""fit_label_counts"":{""0"":126,""1"":157,""2"":150,""3"":99},""fit_records"":532,""group_overlap"":0}","[{""fit_group_counts_by_label"":{""0"":8,""1"":11,""2"":12,""3"":5},""fit_groups"":36,""fit_records"":172,""fold"":0,""group_overlap"":0,""validation_group_counts_by_label"":{""0"":9,""1"":11,""2"":9,""3"":9},""validation_groups"":38,""validation_records"":184},{""fit_group_counts_by_label"":{""0"":9,""1"":11,""2"":9,""3"":9},""fit_groups"":38,""fit_records"":184,""fold"":1,""group_overlap"":0,""validation_group_counts_by_label"":{""0"":8,""1"":11,""2"":12,""3"":5},""validation_groups"":36,""validation_records"":172}]",0
deduplication__embedding__granite97m__logistic_regression,deduplication,embedding,granite97m,logistic_regression,0,800,200,160,40,0,0.6915680000092834,0.1575017999857664,0.010486999992281199,0.05243499996140599,classifier_pipeline_with_precomputed_embedding,"{""model__C"":10.0}",-0.12916666666666668,"{""curve_points"":2450,""eligible"":true,""negative_threshold"":0.26,""positive_threshold"":0.57,""selected"":{""abstained"":0,""automated_false_negative_rate"":0.0,""automated_false_positive_rate"":0.0,""automation_duplicate_recall"":1.0,""automation_nonduplicate_recall"":1.0,""coverage"":1.0,""covered"":320,""covered_error_rate"":0.0,""false_negative_cost"":5.0,""false_positive_cost"":1.0,""fn"":0,""fp"":0,""negative_predictive_value"":1.0,""negative_threshold"":0.26,""negatives"":165,""positive_threshold"":0.57,""positives"":155,""precision"":1.0,""threshold"":0.57,""tn"":165,""tp"":155,""weighted_covered_error"":0.0}}","{""balance_score"":0.006250000000000033,""calibration_group_counts_by_label"":{""0"":33,""1"":31},""calibration_groups"":64,""calibration_label_counts"":{""0"":165,""1"":155},""calibration_records"":320,""fit_group_counts_by_label"":{""0"":50,""1"":46},""fit_groups"":96,""fit_label_counts"":{""0"":250,""1"":230},""fit_records"":480,""group_overlap"":0}","[{""fit_group_counts_by_label"":{""0"":14,""1"":18},""fit_groups"":32,""fit_records"":160,""fold"":0,""group_overlap"":0,""validation_group_counts_by_label"":{""0"":19,""1"":13},""validation_groups"":32,""validation_records"":160},{""fit_group_counts_by_label"":{""0"":19,""1"":13},""fit_groups"":32,""fit_records"":160,""fold"":1,""group_overlap"":0,""validation_group_counts_by_label"":{""0"":14,""1"":18},""validation_groups"":32,""validation_records"":160}]",0
deduplication__embedding__granite97m__logistic_regression,deduplication,embedding,granite97m,logistic_regression,1,800,200,160,40,0,0.681483099993784,0.12111140001798049,0.01161129999672994,0.0580564999836497,classifier_pipeline_with_precomputed_embedding,"{""model__C"":10.0}",-0.020833333333333332,"{""curve_points"":2450,""eligible"":true,""negative_threshold"":0.35,""positive_threshold"":0.69,""selected"":{""abstained"":0,""automated_false_negative_rate"":0.0,""automated_false_positive_rate"":0.0,""automation_duplicate_recall"":1.0,""automation_nonduplicate_recall"":1.0,""coverage"":1.0,""covered"":320,""covered_error_rate"":0.0,""false_negative_cost"":5.0,""false_positive_cost"":1.0,""fn"":0,""fp"":0,""negative_predictive_value"":1.0,""negative_threshold"":0.35,""negatives"":155,""positive_threshold"":0.69,""positives"":165,""precision"":1.0,""threshold"":0.69,""tn"":155,""tp"":165,""weighted_covered_error"":0.0}}","{""balance_score"":0.006250000000000033,""calibration_group_counts_by_label"":{""0"":31,""1"":33},""calibration_groups"":64,""calibration_label_counts"":{""0"":155,""1"":165},""calibration_records"":320,""fit_group_counts_by_label"":{""0"":47,""1"":49},""fit_groups"":96,""fit_label_counts"":{""0"":235,""1"":245},""fit_records"":480,""group_overlap"":0}","[{""fit_group_counts_by_label"":{""0"":16,""1"":16},""fit_groups"":32,""fit_records"":160,""fold"":0,""group_overlap"":0,""validation_group_counts_by_label"":{""0"":15,""1"":17},""validation_groups"":32,""validation_records"":160},{""fit_group_counts_by_label"":{""0"":15,""1"":17},""fit_groups"":32,""fit_records"":160,""fold"":1,""group_overlap"":0,""validation_group_counts_by_label"":{""0"":16,""1"":16},""validation_groups"":32,""validation_records"":160}]",0
deduplication__embedding__granite97m__logistic_regression,deduplication,embedding,granite97m,logistic_regression,2,800,200,160,40,0,0.6047804999980144,0.09563880000496283,0.016292500018607825,0.08146250009303913,classifier_pipeline_with_precomputed_embedding,"{""model__C"":10.0}",-0.05833333333333334,"{""curve_points"":2450,""eligible"":true,""negative_threshold"":0.18,""positive_threshold"":0.65,""selected"":{""abstained"":0,""automated_false_negative_rate"":0.0,""automated_false_positive_rate"":0.0,""automation_duplicate_recall"":1.0,""automation_nonduplicate_recall"":1.0,""coverage"":1.0,""covered"":320,""covered_error_rate"":0.0,""false_negative_cost"":5.0,""false_positive_cost"":1.0,""fn"":0,""fp"":0,""negative_predictive_value"":1.0,""negative_threshold"":0.18,""negatives"":165,""positive_threshold"":0.65,""positives"":155,""precision"":1.0,""threshold"":0.65,""tn"":165,""tp"":155,""weighted_covered_error"":0.0}}","{""balance_score"":0.006250000000000033,""calibration_group_counts_by_label"":{""0"":33,""1"":31},""calibration_groups"":64,""calibration_label_counts"":{""0"":165,""1"":155},""calibration_records"":320,""fit_group_counts_by_label"":{""0"":50,""1"":46},""fit_groups"":96,""fit_label_counts"":{""0"":250,""1"":230},""fit_records"":480,""group_overlap"":0}","[{""fit_group_counts_by_label"":{""0"":14,""1"":18},""fit_groups"":32,""fit_records"":160,""fold"":0,""group_overlap"":0,""validation_group_counts_by_label"":{""0"":19,""1"":13},""validation_groups"":32,""validation_records"":160},{""fit_group_counts_by_label"":{""0"":19,""1"":13},""fit_groups"":32,""fit_records"":160,""fold"":1,""group_overlap"":0,""validation_group_counts_by_label"":{""0"":14,""1"":18},""validation_groups"":32,""validation_records"":160}]",0
deduplication__embedding__granite97m__logistic_regression,deduplication,embedding,granite97m,logistic_regression,3,800,200,160,40,0,0.6820738000096753,0.1055532000027597,0.014429699978791177,0.07214849989395589,classifier_pipeline_with_precomputed_embedding,"{""model__C"":10.0}",-0.02291666666666667,"{""curve_points"":2450,""eligible"":true,""negative_threshold"":0.18,""positive_threshold"":0.64,""selected"":{""abstained"":0,""automated_false_negative_rate"":0.0,""automated_false_positive_rate"":0.0,""automation_duplicate_recall"":1.0,""automation_nonduplicate_recall"":1.0,""coverage"":1.0,""covered"":320,""covered_error_rate"":0.0,""false_negative_cost"":5.0,""false_positive_cost"":1.0,""fn"":0,""fp"":0,""negative_predictive_value"":1.0,""negative_threshold"":0.18,""negatives"":155,""positive_threshold"":0.64,""positives"":165,""precision"":1.0,""threshold"":0.64,""tn"":155,""tp"":165,""weighted_covered_error"":0.0}}","{""balance_score"":0.006250000000000033,""calibration_group_counts_by_label"":{""0"":31,""1"":33},""calibration_groups"":64,""calibration_label_counts"":{""0"":155,""1"":165},""calibration_records"":320,""fit_group_counts_by_label"":{""0"":47,""1"":49},""fit_groups"":96,""fit_label_counts"":{""0"":235,""1"":245},""fit_records"":480,""group_overlap"":0}","[{""fit_group_counts_by_label"":{""0"":17,""1"":15},""fit_groups"":32,""fit_records"":160,""fold"":0,""group_overlap"":0,""validation_group_counts_by_label"":{""0"":14,""1"":18},""validation_groups"":32,""validation_records"":160},{""fit_group_counts_by_label"":{""0"":14,""1"":18},""fit_groups"":32,""fit_records"":160,""fold"":1,""group_overlap"":0,""validation_group_counts_by_label"":{""0"":17,""1"":15},""validation_groups"":32,""validation_records"":160}]",0
deduplication__embedding__granite97m__logistic_regression,deduplication,embedding,granite97m,logistic_regression,4,800,200,160,40,0,0.5165575999999419,0.08559470000909641,0.011061900004278868,0.05530950002139434,classifier_pipeline_with_precomputed_embedding,"{""model__C"":10.0}",-0.02291666666666667,"{""curve_points"":2450,""eligible"":true,""negative_threshold"":0.45,""positive_threshold"":0.59,""selected"":{""abstained"":0,""automated_false_negative_rate"":0.0,""automated_false_positive_rate"":0.0,""automation_duplicate_recall"":1.0,""automation_nonduplicate_recall"":1.0,""coverage"":1.0,""covered"":320,""covered_error_rate"":0.0,""false_negative_cost"":5.0,""false_positive_cost"":1.0,""fn"":0,""fp"":0,""negative_predictive_value"":1.0,""negative_threshold"":0.45,""negatives"":155,""positive_threshold"":0.59,""positives"":165,""precision"":1.0,""threshold"":0.59,""tn"":155,""tp"":165,""weighted_covered_error"":0.0}}","{""balance_score"":0.006250000000000033,""calibration_group_counts_by_label"":{""0"":31,""1"":33},""calibration_groups"":64,""calibration_label_counts"":{""0"":155,""1"":165},""calibration_records"":320,""fit_group_counts_by_label"":{""0"":47,""1"":49},""fit_groups"":96,""fit_label_counts"":{""0"":235,""1"":245},""fit_records"":480,""group_overlap"":0}","[{""fit_group_counts_by_label"":{""0"":18,""1"":14},""fit_groups"":32,""fit_records"":160,""fold"":0,""group_overlap"":0,""validation_group_counts_by_label"":{""0"":13,""1"":19},""validation_groups"":32,""validation_records"":160},{""fit_group_counts_by_label"":{""0"":13,""1"":19},""fit_groups"":32,""fit_records"":160,""fold"":1,""group_overlap"":0,""validation_group_counts_by_label"":{""0"":18,""1"":14},""validation_groups"":32,""validation_records"":160}]",0
deduplication__embedding__granite97m__decision_tree,deduplication,embedding,granite97m,decision_tree,0,800,200,160,40,0,2.5681276000104845,0.08013139996910468,0.010960499988868833,0.05480249994434416,classifier_pipeline_with_precomputed_embedding,"{""model__max_depth"":3,""model__min_samples_leaf"":5}",-0.12291666666666666,"{""curve_points"":2450,""eligible"":false,""negative_threshold"":null,""positive_threshold"":null,""selected"":null}","{""balance_score"":0.006250000000000033,""calibration_group_counts_by_label"":{""0"":33,""1"":31},""calibration_groups"":64,""calibration_label_counts"":{""0"":165,""1"":155},""calibration_records"":320,""fit_group_counts_by_label"":{""0"":50,""1"":46},""fit_groups"":96,""fit_label_counts"":{""0"":250,""1"":230},""fit_records"":480,""group_overlap"":0}","[{""fit_group_counts_by_label"":{""0"":14,""1"":18},""fit_groups"":32,""fit_records"":160,""fold"":0,""group_overlap"":0,""validation_group_counts_by_label"":{""0"":19,""1"":13},""validation_groups"":32,""validation_records"":160},{""fit_group_counts_by_label"":{""0"":19,""1"":13},""fit_groups"":32,""fit_records"":160,""fold"":1,""group_overlap"":0,""validation_group_counts_by_label"":{""0"":14,""1"":18},""validation_groups"":32,""validation_records"":160}]",0
deduplication__embedding__granite97m__decision_tree,deduplication,embedding,granite97m,decision_tree,1,800,200,160,40,0,2.4611556999734603,0.081216000020504,0.009741000016219914,0.04870500008109957,classifier_pipeline_with_precomputed_embedding,"{""model__max_depth"":3,""model__min_samples_leaf"":2}",-0.2625,"{""curve_points"":2450,""eligible"":true,""negative_threshold"":0.04,""positive_threshold"":0.94,""selected"":{""abstained"":0,""automated_false_negative_rate"":0.012121212121212121,""automated_false_positive_rate"":0.025806451612903226,""automation_duplicate_recall"":0.9878787878787879,""automation_nonduplicate_recall"":0.9741935483870968,""coverage"":1.0,""covered"":320,""covered_error_rate"":0.01875,""false_negative_cost"":5.0,""false_positive_cost"":1.0,""fn"":2,""fp"":4,""negative_predictive_value"":0.9869281045751634,""negative_threshold"":0.04,""negatives"":155,""positive_threshold"":0.94,""positives"":165,""precision"":0.9760479041916168,""threshold"":0.94,""tn"":151,""tp"":163,""weighted_covered_error"":0.04375}}","{""balance_score"":0.006250000000000033,""calibration_group_counts_by_label"":{""0"":31,""1"":33},""calibration_groups"":64,""calibration_label_counts"":{""0"":155,""1"":165},""calibration_records"":320,""fit_group_counts_by_label"":{""0"":47,""1"":49},""fit_groups"":96,""fit_label_counts"":{""0"":235,""1"":245},""fit_records"":480,""group_overlap"":0}","[{""fit_group_counts_by_label"":{""0"":16,""1"":16},""fit_groups"":32,""fit_records"":160,""fold"":0,""group_overlap"":0,""validation_group_counts_by_label"":{""0"":15,""1"":17},""validation_groups"":32,""validation_records"":160},{""fit_group_counts_by_label"":{""0"":15,""1"":17},""fit_groups"":32,""fit_records"":160,""fold"":1,""group_overlap"":0,""validation_group_counts_by_label"":{""0"":16,""1"":16},""validation_groups"":32,""validation_records"":160}]",0
deduplication__embedding__granite97m__decision_tree,deduplication,embedding,granite97m,decision_tree,2,800,200,160,40,0,2.2875483999960124,0.08244709996506572,0.009444800030905753,0.04722400015452877,classifier_pipeline_with_precomputed_embedding,"{""model__max_depth"":3,""model__min_samples_leaf"":2}",-0.2125,"{""curve_points"":2450,""eligible"":false,""negative_threshold"":null,""positive_threshold"":null,""selected"":null}","{""balance_score"":0.006250000000000033,""calibration_group_counts_by_label"":{""0"":33,""1"":31},""calibration_groups"":64,""calibration_label_counts"":{""0"":165,""1"":155},""calibration_records"":320,""fit_group_counts_by_label"":{""0"":50,""1"":46},""fit_groups"":96,""fit_label_counts"":{""0"":250,""1"":230},""fit_records"":480,""group_overlap"":0}","[{""fit_group_counts_by_label"":{""0"":14,""1"":18},""fit_groups"":32,""fit_records"":160,""fold"":0,""group_overlap"":0,""validation_group_counts_by_label"":{""0"":19,""1"":13},""validation_groups"":32,""validation_records"":160},{""fit_group_counts_by_label"":{""0"":19,""1"":13},""fit_groups"":32,""fit_records"":160,""fold"":1,""group_overlap"":0,""validation_group_counts_by_label"":{""0"":14,""1"":18},""validation_groups"":32,""validation_records"":160}]",0
deduplication__embedding__granite97m__decision_tree,deduplication,embedding,granite97m,decision_tree,3,800,200,160,40,0,2.318252700031735,0.0814566999906674,0.009558500023558736,0.04779250011779368,classifier_pipeline_with_precomputed_embedding,"{""model__max_depth"":3,""model__min_samples_leaf"":5}",-0.2708333333333333,"{""curve_points"":2450,""eligible"":false,""negative_threshold"":null,""positive_threshold"":null,""selected"":null}","{""balance_score"":0.006250000000000033,""calibration_group_counts_by_label"":{""0"":31,""1"":33},""calibration_groups"":64,""calibration_label_counts"":{""0"":155,""1"":165},""calibration_records"":320,""fit_group_counts_by_label"":{""0"":47,""1"":49},""fit_groups"":96,""fit_label_counts"":{""0"":235,""1"":245},""fit_records"":480,""group_overlap"":0}","[{""fit_group_counts_by_label"":{""0"":17,""1"":15},""fit_groups"":32,""fit_records"":160,""fold"":0,""group_overlap"":0,""validation_group_counts_by_label"":{""0"":14,""1"":18},""validation_groups"":32,""validation_records"":160},{""fit_group_counts_by_label"":{""0"":14,""1"":18},""fit_groups"":32,""fit_records"":160,""fold"":1,""group_overlap"":0,""validation_group_counts_by_label"":{""0"":17,""1"":15},""validation_groups"":32,""validation_records"":160}]",0
deduplication__embedding__granite97m__decision_tree,deduplication,embedding,granite97m,decision_tree,4,800,200,160,40,0,2.354440000024624,0.08133299998007715,0.009782400040421635,0.048912000202108175,classifier_pipeline_with_precomputed_embedding,"{""model__max_depth"":3,""model__min_samples_leaf"":5}",-0.04791666666666666,"{""curve_points"":2450,""eligible"":false,""negative_threshold"":null,""positive_threshold"":null,""selected"":null}","{""balance_score"":0.006250000000000033,""calibration_group_counts_by_label"":{""0"":31,""1"":33},""calibration_groups"":64,""calibration_label_counts"":{""0"":155,""1"":165},""calibration_records"":320,""fit_group_counts_by_label"":{""0"":47,""1"":49},""fit_groups"":96,""fit_label_counts"":{""0"":235,""1"":245},""fit_records"":480,""group_overlap"":0}","[{""fit_group_counts_by_label"":{""0"":18,""1"":14},""fit_groups"":32,""fit_records"":160,""fold"":0,""group_overlap"":0,""validation_group_counts_by_label"":{""0"":13,""1"":19},""validation_groups"":32,""validation_records"":160},{""fit_group_counts_by_label"":{""0"":13,""1"":19},""fit_groups"":32,""fit_records"":160,""fold"":1,""group_overlap"":0,""validation_group_counts_by_label"":{""0"":18,""1"":14},""validation_groups"":32,""validation_records"":160}]",0
deduplication__embedding__granite97m__linear_svm,deduplication,embedding,granite97m,linear_svm,0,800,200,160,40,0,1.4860301000298932,0.08222589996876195,0.010373199998866767,0.05186599999433383,classifier_pipeline_with_precomputed_embedding,"{""model__C"":10.0}",-0.020833333333333332,"{""curve_points"":2450,""eligible"":true,""negative_threshold"":0.13,""positive_threshold"":0.72,""selected"":{""abstained"":0,""automated_false_negative_rate"":0.0,""automated_false_positive_rate"":0.0,""automation_duplicate_recall"":1.0,""automation_nonduplicate_recall"":1.0,""coverage"":1.0,""covered"":320,""covered_error_rate"":0.0,""false_negative_cost"":5.0,""false_positive_cost"":1.0,""fn"":0,""fp"":0,""negative_predictive_value"":1.0,""negative_threshold"":0.13,""negatives"":165,""positive_threshold"":0.72,""positives"":155,""precision"":1.0,""threshold"":0.72,""tn"":165,""tp"":155,""weighted_covered_error"":0.0}}","{""balance_score"":0.006250000000000033,""calibration_group_counts_by_label"":{""0"":33,""1"":31},""calibration_groups"":64,""calibration_label_counts"":{""0"":165,""1"":155},""calibration_records"":320,""fit_group_counts_by_label"":{""0"":50,""1"":46},""fit_groups"":96,""fit_label_counts"":{""0"":250,""1"":230},""fit_records"":480,""group_overlap"":0}","[{""fit_group_counts_by_label"":{""0"":14,""1"":18},""fit_groups"":32,""fit_records"":160,""fold"":0,""group_overlap"":0,""validation_group_counts_by_label"":{""0"":19,""1"":13},""validation_groups"":32,""validation_records"":160},{""fit_group_counts_by_label"":{""0"":19,""1"":13},""fit_groups"":32,""fit_records"":160,""fold"":1,""group_overlap"":0,""validation_group_counts_by_label"":{""0"":14,""1"":18},""validation_groups"":32,""validation_records"":160}]",0
deduplication__embedding__granite97m__linear_svm,deduplication,embedding,granite97m,linear_svm,1,800,200,160,40,0,1.3810790000134148,0.082021199981682,0.01675829995656386,0.0837914997828193,classifier_pipeline_with_precomputed_embedding,"{""model__C"":10.0}",-0.014583333333333335,"{""curve_points"":2450,""eligible"":true,""negative_threshold"":0.13,""positive_threshold"":0.83,""selected"":{""abstained"":0,""automated_false_negative_rate"":0.0,""automated_false_positive_rate"":0.0,""automation_duplicate_recall"":1.0,""automation_nonduplicate_recall"":1.0,""coverage"":1.0,""covered"":320,""covered_error_rate"":0.0,""false_negative_cost"":5.0,""false_positive_cost"":1.0,""fn"":0,""fp"":0,""negative_predictive_value"":1.0,""negative_threshold"":0.13,""negatives"":155,""positive_threshold"":0.83,""positives"":165,""precision"":1.0,""threshold"":0.83,""tn"":155,""tp"":165,""weighted_covered_error"":0.0}}","{""balance_score"":0.006250000000000033,""calibration_group_counts_by_label"":{""0"":31,""1"":33},""calibration_groups"":64,""calibration_label_counts"":{""0"":155,""1"":165},""calibration_records"":320,""fit_group_counts_by_label"":{""0"":47,""1"":49},""fit_groups"":96,""fit_label_counts"":{""0"":235,""1"":245},""fit_records"":480,""group_overlap"":0}","[{""fit_group_counts_by_label"":{""0"":16,""1"":16},""fit_groups"":32,""fit_records"":160,""fold"":0,""group_overlap"":0,""validation_group_counts_by_label"":{""0"":15,""1"":17},""validation_groups"":32,""validation_records"":160},{""fit_group_counts_by_label"":{""0"":15,""1"":17},""fit_groups"":32,""fit_records"":160,""fold"":1,""group_overlap"":0,""validation_group_counts_by_label"":{""0"":16,""1"":16},""validation_groups"":32,""validation_records"":160}]",0
deduplication__embedding__granite97m__linear_svm,deduplication,embedding,granite97m,linear_svm,2,800,200,160,40,0,1.4117884000297636,0.08230650000041351,0.010049999982584268,0.05024999991292134,classifier_pipeline_with_precomputed_embedding,"{""model__C"":10.0}",0.0,"{""curve_points"":2450,""eligible"":true,""negative_threshold"":0.08,""positive_threshold"":0.89,""selected"":{""abstained"":0,""automated_false_negative_rate"":0.0,""automated_false_positive_rate"":0.0,""automation_duplicate_recall"":1.0,""automation_nonduplicate_recall"":1.0,""coverage"":1.0,""covered"":320,""covered_error_rate"":0.0,""false_negative_cost"":5.0,""false_positive_cost"":1.0,""fn"":0,""fp"":0,""negative_predictive_value"":1.0,""negative_threshold"":0.08,""negatives"":165,""positive_threshold"":0.89,""positives"":155,""precision"":1.0,""threshold"":0.89,""tn"":165,""tp"":155,""weighted_covered_error"":0.0}}","{""balance_score"":0.006250000000000033,""calibration_group_counts_by_label"":{""0"":33,""1"":31},""calibration_groups"":64,""calibration_label_counts"":{""0"":165,""1"":155},""calibration_records"":320,""fit_group_counts_by_label"":{""0"":50,""1"":46},""fit_groups"":96,""fit_label_counts"":{""0"":250,""1"":230},""fit_records"":480,""group_overlap"":0}","[{""fit_group_counts_by_label"":{""0"":14,""1"":18},""fit_groups"":32,""fit_records"":160,""fold"":0,""group_overlap"":0,""validation_group_counts_by_label"":{""0"":19,""1"":13},""validation_groups"":32,""validation_records"":160},{""fit_group_counts_by_label"":{""0"":19,""1"":13},""fit_groups"":32,""fit_records"":160,""fold"":1,""group_overlap"":0,""validation_group_counts_by_label"":{""0"":14,""1"":18},""validation_groups"":32,""validation_records"":160}]",0
deduplication__embedding__granite97m__linear_svm,deduplication,embedding,granite97m,linear_svm,3,800,200,160,40,0,1.363440899993293,0.1149476999999024,0.010127999994438142,0.05063999997219071,classifier_pipeline_with_precomputed_embedding,"{""model__C"":10.0}",-0.0020833333333333333,"{""curve_points"":2450,""eligible"":true,""negative_threshold"":0.11,""positive_threshold"":0.84,""selected"":{""abstained"":0,""automated_false_negative_rate"":0.0,""automated_false_positive_rate"":0.0,""automation_duplicate_recall"":1.0,""automation_nonduplicate_recall"":1.0,""coverage"":1.0,""covered"":320,""covered_error_rate"":0.0,""false_negative_cost"":5.0,""false_positive_cost"":1.0,""fn"":0,""fp"":0,""negative_predictive_value"":1.0,""negative_threshold"":0.11,""negatives"":155,""positive_threshold"":0.84,""positives"":165,""precision"":1.0,""threshold"":0.84,""tn"":155,""tp"":165,""weighted_covered_error"":0.0}}","{""balance_score"":0.006250000000000033,""calibration_group_counts_by_label"":{""0"":31,""1"":33},""calibration_groups"":64,""calibration_label_counts"":{""0"":155,""1"":165},""calibration_records"":320,""fit_group_counts_by_label"":{""0"":47,""1"":49},""fit_groups"":96,""fit_label_counts"":{""0"":235,""1"":245},""fit_records"":480,""group_overlap"":0}","[{""fit_group_counts_by_label"":{""0"":17,""1"":15},""fit_groups"":32,""fit_records"":160,""fold"":0,""group_overlap"":0,""validation_group_counts_by_label"":{""0"":14,""1"":18},""validation_groups"":32,""validation_records"":160},{""fit_group_counts_by_label"":{""0"":14,""1"":18},""fit_groups"":32,""fit_records"":160,""fold"":1,""group_overlap"":0,""validation_group_counts_by_label"":{""0"":17,""1"":15},""validation_groups"":32,""validation_records"":160}]",0
deduplication__embedding__granite97m__linear_svm,deduplication,embedding,granite97m,linear_svm,4,800,200,160,40,0,1.414044500037562,0.08158060000278056,0.010266400000546128,0.05133200000273064,classifier_pipeline_with_precomputed_embedding,"{""model__C"":10.0}",0.0,"{""curve_points"":2450,""eligible"":true,""negative_threshold"":0.21,""positive_threshold"":0.64,""selected"":{""abstained"":0,""automated_false_negative_rate"":0.0,""automated_false_positive_rate"":0.0,""automation_duplicate_recall"":1.0,""automation_nonduplicate_recall"":1.0,""coverage"":1.0,""covered"":320,""covered_error_rate"":0.0,""false_negative_cost"":5.0,""false_positive_cost"":1.0,""fn"":0,""fp"":0,""negative_predictive_value"":1.0,""negative_threshold"":0.21,""negatives"":155,""positive_threshold"":0.64,""positives"":165,""precision"":1.0,""threshold"":0.64,""tn"":155,""tp"":165,""weighted_covered_error"":0.0}}","{""balance_score"":0.006250000000000033,""calibration_group_counts_by_label"":{""0"":31,""1"":33},""calibration_groups"":64,""calibration_label_counts"":{""0"":155,""1"":165},""calibration_records"":320,""fit_group_counts_by_label"":{""0"":47,""1"":49},""fit_groups"":96,""fit_label_counts"":{""0"":235,""1"":245},""fit_records"":480,""group_overlap"":0}","[{""fit_group_counts_by_label"":{""0"":18,""1"":14},""fit_groups"":32,""fit_records"":160,""fold"":0,""group_overlap"":0,""validation_group_counts_by_label"":{""0"":13,""1"":19},""validation_groups"":32,""validation_records"":160},{""fit_group_counts_by_label"":{""0"":13,""1"":19},""fit_groups"":32,""fit_records"":160,""fold"":1,""group_overlap"":0,""validation_group_counts_by_label"":{""0"":18,""1"":14},""validation_groups"":32,""validation_records"":160}]",0
deduplication__embedding__granite97m__mlp,deduplication,embedding,granite97m,mlp,0,800,200,160,40,0,58.3059448999702,0.3727301000035368,0.06880359997740015,0.34401799988700077,classifier_pipeline_with_precomputed_embedding,"{""model__alpha"":0.001,""model__hidden_layer_sizes"":[32]}",-0.035416666666666666,"{""curve_points"":2450,""eligible"":true,""negative_threshold"":0.03,""positive_threshold"":0.93,""selected"":{""abstained"":0,""automated_false_negative_rate"":0.0,""automated_false_positive_rate"":0.0,""automation_duplicate_recall"":1.0,""automation_nonduplicate_recall"":1.0,""coverage"":1.0,""covered"":320,""covered_error_rate"":0.0,""false_negative_cost"":5.0,""false_positive_cost"":1.0,""fn"":0,""fp"":0,""negative_predictive_value"":1.0,""negative_threshold"":0.03,""negatives"":165,""positive_threshold"":0.93,""positives"":155,""precision"":1.0,""threshold"":0.93,""tn"":165,""tp"":155,""weighted_covered_error"":0.0}}","{""balance_score"":0.006250000000000033,""calibration_group_counts_by_label"":{""0"":33,""1"":31},""calibration_groups"":64,""calibration_label_counts"":{""0"":165,""1"":155},""calibration_records"":320,""fit_group_counts_by_label"":{""0"":50,""1"":46},""fit_groups"":96,""fit_label_counts"":{""0"":250,""1"":230},""fit_records"":480,""group_overlap"":0}","[{""fit_group_counts_by_label"":{""0"":14,""1"":18},""fit_groups"":32,""fit_records"":160,""fold"":0,""group_overlap"":0,""validation_group_counts_by_label"":{""0"":19,""1"":13},""validation_groups"":32,""validation_records"":160},{""fit_group_counts_by_label"":{""0"":19,""1"":13},""fit_groups"":32,""fit_records"":160,""fold"":1,""group_overlap"":0,""validation_group_counts_by_label"":{""0"":14,""1"":18},""validation_groups"":32,""validation_records"":160}]",0
deduplication__embedding__granite97m__mlp,deduplication,embedding,granite97m,mlp,1,800,200,160,40,0,52.736647699959576,0.20001570001477376,0.033643700007814914,0.16821850003907457,classifier_pipeline_with_precomputed_embedding,"{""model__alpha"":0.001,""model__hidden_layer_sizes"":[16]}",-0.014583333333333335,"{""curve_points"":2450,""eligible"":true,""negative_threshold"":0.04,""positive_threshold"":0.97,""selected"":{""abstained"":0,""automated_false_negative_rate"":0.0,""automated_false_positive_rate"":0.0,""automation_duplicate_recall"":1.0,""automation_nonduplicate_recall"":1.0,""coverage"":1.0,""covered"":320,""covered_error_rate"":0.0,""false_negative_cost"":5.0,""false_positive_cost"":1.0,""fn"":0,""fp"":0,""negative_predictive_value"":1.0,""negative_threshold"":0.04,""negatives"":155,""positive_threshold"":0.97,""positives"":165,""precision"":1.0,""threshold"":0.97,""tn"":155,""tp"":165,""weighted_covered_error"":0.0}}","{""balance_score"":0.006250000000000033,""calibration_group_counts_by_label"":{""0"":31,""1"":33},""calibration_groups"":64,""calibration_label_counts"":{""0"":155,""1"":165},""calibration_records"":320,""fit_group_counts_by_label"":{""0"":47,""1"":49},""fit_groups"":96,""fit_label_counts"":{""0"":235,""1"":245},""fit_records"":480,""group_overlap"":0}","[{""fit_group_counts_by_label"":{""0"":16,""1"":16},""fit_groups"":32,""fit_records"":160,""fold"":0,""group_overlap"":0,""validation_group_counts_by_label"":{""0"":15,""1"":17},""validation_groups"":32,""validation_records"":160},{""fit_group_counts_by_label"":{""0"":15,""1"":17},""fit_groups"":32,""fit_records"":160,""fold"":1,""group_overlap"":0,""validation_group_counts_by_label"":{""0"":16,""1"":16},""validation_groups"":32,""validation_records"":160}]",0
deduplication__embedding__granite97m__mlp,deduplication,embedding,granite97m,mlp,2,800,200,160,40,0,74.56488580000587,0.2720636999583803,0.04832150001311675,0.24160750006558374,classifier_pipeline_with_precomputed_embedding,"{""model__alpha"":0.001,""model__hidden_layer_sizes"":[16]}",-0.010416666666666666,"{""curve_points"":2450,""eligible"":true,""negative_threshold"":0.02,""positive_threshold"":0.97,""selected"":{""abstained"":0,""automated_false_negative_rate"":0.0,""automated_false_positive_rate"":0.0,""automation_duplicate_recall"":1.0,""automation_nonduplicate_recall"":1.0,""coverage"":1.0,""covered"":320,""covered_error_rate"":0.0,""false_negative_cost"":5.0,""false_positive_cost"":1.0,""fn"":0,""fp"":0,""negative_predictive_value"":1.0,""negative_threshold"":0.02,""negatives"":165,""positive_threshold"":0.97,""positives"":155,""precision"":1.0,""threshold"":0.97,""tn"":165,""tp"":155,""weighted_covered_error"":0.0}}","{""balance_score"":0.006250000000000033,""calibration_group_counts_by_label"":{""0"":33,""1"":31},""calibration_groups"":64,""calibration_label_counts"":{""0"":165,""1"":155},""calibration_records"":320,""fit_group_counts_by_label"":{""0"":50,""1"":46},""fit_groups"":96,""fit_label_counts"":{""0"":250,""1"":230},""fit_records"":480,""group_overlap"":0}","[{""fit_group_counts_by_label"":{""0"":14,""1"":18},""fit_groups"":32,""fit_records"":160,""fold"":0,""group_overlap"":0,""validation_group_counts_by_label"":{""0"":19,""1"":13},""validation_groups"":32,""validation_records"":160},{""fit_group_counts_by_label"":{""0"":19,""1"":13},""fit_groups"":32,""fit_records"":160,""fold"":1,""group_overlap"":0,""validation_group_counts_by_label"":{""0"":14,""1"":18},""validation_groups"":32,""validation_records"":160}]",0
deduplication__embedding__granite97m__mlp,deduplication,embedding,granite97m,mlp,3,800,200,160,40,0,66.50926619995153,0.27323819999583066,0.04794459999538958,0.2397229999769479,classifier_pipeline_with_precomputed_embedding,"{""model__alpha"":0.001,""model__hidden_layer_sizes"":[16]}",-0.0020833333333333333,"{""curve_points"":2450,""eligible"":true,""negative_threshold"":0.05,""positive_threshold"":0.97,""selected"":{""abstained"":0,""automated_false_negative_rate"":0.0,""automated_false_positive_rate"":0.0,""automation_duplicate_recall"":1.0,""automation_nonduplicate_recall"":1.0,""coverage"":1.0,""covered"":320,""covered_error_rate"":0.0,""false_negative_cost"":5.0,""false_positive_cost"":1.0,""fn"":0,""fp"":0,""negative_predictive_value"":1.0,""negative_threshold"":0.05,""negatives"":155,""positive_threshold"":0.97,""positives"":165,""precision"":1.0,""threshold"":0.97,""tn"":155,""tp"":165,""weighted_covered_error"":0.0}}","{""balance_score"":0.006250000000000033,""calibration_group_counts_by_label"":{""0"":31,""1"":33},""calibration_groups"":64,""calibration_label_counts"":{""0"":155,""1"":165},""calibration_records"":320,""fit_group_counts_by_label"":{""0"":47,""1"":49},""fit_groups"":96,""fit_label_counts"":{""0"":235,""1"":245},""fit_records"":480,""group_overlap"":0}","[{""fit_group_counts_by_label"":{""0"":17,""1"":15},""fit_groups"":32,""fit_records"":160,""fold"":0,""group_overlap"":0,""validation_group_counts_by_label"":{""0"":14,""1"":18},""validation_groups"":32,""validation_records"":160},{""fit_group_counts_by_label"":{""0"":14,""1"":18},""fit_groups"":32,""fit_records"":160,""fold"":1,""group_overlap"":0,""validation_group_counts_by_label"":{""0"":17,""1"":15},""validation_groups"":32,""validation_records"":160}]",0
deduplication__embedding__granite97m__mlp,deduplication,embedding,granite97m,mlp,4,800,200,160,40,0,55.051663299964275,0.26144380000187084,0.045451899990439415,0.22725949995219707,classifier_pipeline_with_precomputed_embedding,"{""model__alpha"":0.001,""model__hidden_layer_sizes"":[16]}",0.0,"{""curve_points"":2450,""eligible"":true,""negative_threshold"":0.13,""positive_threshold"":0.87,""selected"":{""abstained"":0,""automated_false_negative_rate"":0.0,""automated_false_positive_rate"":0.0,""automation_duplicate_recall"":1.0,""automation_nonduplicate_recall"":1.0,""coverage"":1.0,""covered"":320,""covered_error_rate"":0.0,""false_negative_cost"":5.0,""false_positive_cost"":1.0,""fn"":0,""fp"":0,""negative_predictive_value"":1.0,""negative_threshold"":0.13,""negatives"":155,""positive_threshold"":0.87,""positives"":165,""precision"":1.0,""threshold"":0.87,""tn"":155,""tp"":165,""weighted_covered_error"":0.0}}","{""balance_score"":0.006250000000000033,""calibration_group_counts_by_label"":{""0"":31,""1"":33},""calibration_groups"":64,""calibration_label_counts"":{""0"":155,""1"":165},""calibration_records"":320,""fit_group_counts_by_label"":{""0"":47,""1"":49},""fit_groups"":96,""fit_label_counts"":{""0"":235,""1"":245},""fit_records"":480,""group_overlap"":0}","[{""fit_group_counts_by_label"":{""0"":18,""1"":14},""fit_groups"":32,""fit_records"":160,""fold"":0,""group_overlap"":0,""validation_group_counts_by_label"":{""0"":13,""1"":19},""validation_groups"":32,""validation_records"":160},{""fit_group_counts_by_label"":{""0"":13,""1"":19},""fit_groups"":32,""fit_records"":160,""fold"":1,""group_overlap"":0,""validation_group_counts_by_label"":{""0"":18,""1"":14},""validation_groups"":32,""validation_records"":160}]",0
deduplication__embedding__granite97m__xgboost,deduplication,embedding,granite97m,xgboost,0,800,200,160,40,0,19.378907300007995,0.11943300004350021,0.012902299989946187,0.06451149994973093,classifier_pipeline_with_precomputed_embedding,"{""model__learning_rate"":0.05,""model__max_depth"":2,""model__n_estimators"":160}",-0.043750000000000004,"{""curve_points"":2450,""eligible"":true,""negative_threshold"":0.07,""positive_threshold"":0.66,""selected"":{""abstained"":3,""automated_false_negative_rate"":0.0,""automated_false_positive_rate"":0.0,""automation_duplicate_recall"":0.9806451612903225,""automation_nonduplicate_recall"":1.0,""coverage"":0.990625,""covered"":317,""covered_error_rate"":0.0,""false_negative_cost"":5.0,""false_positive_cost"":1.0,""fn"":0,""fp"":0,""negative_predictive_value"":1.0,""negative_threshold"":0.07,""negatives"":165,""positive_threshold"":0.66,""positives"":155,""precision"":1.0,""threshold"":0.66,""tn"":165,""tp"":152,""weighted_covered_error"":0.0}}","{""balance_score"":0.006250000000000033,""calibration_group_counts_by_label"":{""0"":33,""1"":31},""calibration_groups"":64,""calibration_label_counts"":{""0"":165,""1"":155},""calibration_records"":320,""fit_group_counts_by_label"":{""0"":50,""1"":46},""fit_groups"":96,""fit_label_counts"":{""0"":250,""1"":230},""fit_records"":480,""group_overlap"":0}","[{""fit_group_counts_by_label"":{""0"":14,""1"":18},""fit_groups"":32,""fit_records"":160,""fold"":0,""group_overlap"":0,""validation_group_counts_by_label"":{""0"":19,""1"":13},""validation_groups"":32,""validation_records"":160},{""fit_group_counts_by_label"":{""0"":19,""1"":13},""fit_groups"":32,""fit_records"":160,""fold"":1,""group_overlap"":0,""validation_group_counts_by_label"":{""0"":14,""1"":18},""validation_groups"":32,""validation_records"":160}]",0
deduplication__embedding__granite97m__xgboost,deduplication,embedding,granite97m,xgboost,1,800,200,160,40,0,20.242292999988422,0.16125629999442026,0.012264999968465418,0.06132499984232709,classifier_pipeline_with_precomputed_embedding,"{""model__learning_rate"":0.05,""model__max_depth"":2,""model__n_estimators"":160}",-0.03125,"{""curve_points"":2450,""eligible"":true,""negative_threshold"":0.08,""positive_threshold"":0.61,""selected"":{""abstained"":0,""automated_false_negative_rate"":0.0,""automated_false_positive_rate"":0.0,""automation_duplicate_recall"":1.0,""automation_nonduplicate_recall"":1.0,""coverage"":1.0,""covered"":320,""covered_error_rate"":0.0,""false_negative_cost"":5.0,""false_positive_cost"":1.0,""fn"":0,""fp"":0,""negative_predictive_value"":1.0,""negative_threshold"":0.08,""negatives"":155,""positive_threshold"":0.61,""positives"":165,""precision"":1.0,""threshold"":0.61,""tn"":155,""tp"":165,""weighted_covered_error"":0.0}}","{""balance_score"":0.006250000000000033,""calibration_group_counts_by_label"":{""0"":31,""1"":33},""calibration_groups"":64,""calibration_label_counts"":{""0"":155,""1"":165},""calibration_records"":320,""fit_group_counts_by_label"":{""0"":47,""1"":49},""fit_groups"":96,""fit_label_counts"":{""0"":235,""1"":245},""fit_records"":480,""group_overlap"":0}","[{""fit_group_counts_by_label"":{""0"":16,""1"":16},""fit_groups"":32,""fit_records"":160,""fold"":0,""group_overlap"":0,""validation_group_counts_by_label"":{""0"":15,""1"":17},""validation_groups"":32,""validation_records"":160},{""fit_group_counts_by_label"":{""0"":15,""1"":17},""fit_groups"":32,""fit_records"":160,""fold"":1,""group_overlap"":0,""validation_group_counts_by_label"":{""0"":16,""1"":16},""validation_groups"":32,""validation_records"":160}]",0
deduplication__embedding__granite97m__xgboost,deduplication,embedding,granite97m,xgboost,2,800,200,160,40,0,18.78336030000355,0.138893699971959,0.012617200030945241,0.06308600015472621,classifier_pipeline_with_precomputed_embedding,"{""model__learning_rate"":0.05,""model__max_depth"":2,""model__n_estimators"":160}",-0.22291666666666665,"{""curve_points"":2450,""eligible"":true,""negative_threshold"":0.12,""positive_threshold"":0.84,""selected"":{""abstained"":6,""automated_false_negative_rate"":0.0,""automated_false_positive_rate"":0.0,""automation_duplicate_recall"":0.9806451612903225,""automation_nonduplicate_recall"":0.9818181818181818,""coverage"":0.98125,""covered"":314,""covered_error_rate"":0.0,""false_negative_cost"":5.0,""false_positive_cost"":1.0,""fn"":0,""fp"":0,""negative_predictive_value"":1.0,""negative_threshold"":0.12,""negatives"":165,""positive_threshold"":0.84,""positives"":155,""precision"":1.0,""threshold"":0.84,""tn"":162,""tp"":152,""weighted_covered_error"":0.0}}","{""balance_score"":0.006250000000000033,""calibration_group_counts_by_label"":{""0"":33,""1"":31},""calibration_groups"":64,""calibration_label_counts"":{""0"":165,""1"":155},""calibration_records"":320,""fit_group_counts_by_label"":{""0"":50,""1"":46},""fit_groups"":96,""fit_label_counts"":{""0"":250,""1"":230},""fit_records"":480,""group_overlap"":0}","[{""fit_group_counts_by_label"":{""0"":14,""1"":18},""fit_groups"":32,""fit_records"":160,""fold"":0,""group_overlap"":0,""validation_group_counts_by_label"":{""0"":19,""1"":13},""validation_groups"":32,""validation_records"":160},{""fit_group_counts_by_label"":{""0"":19,""1"":13},""fit_groups"":32,""fit_records"":160,""fold"":1,""group_overlap"":0,""validation_group_counts_by_label"":{""0"":14,""1"":18},""validation_groups"":32,""validation_records"":160}]",0
deduplication__embedding__granite97m__xgboost,deduplication,embedding,granite97m,xgboost,3,800,200,160,40,0,20.867953300010413,0.1171242999844253,0.01352400000905618,0.0676200000452809,classifier_pipeline_with_precomputed_embedding,"{""model__learning_rate"":0.05,""model__max_depth"":4,""model__n_estimators"":160}",-0.13541666666666666,"{""curve_points"":2450,""eligible"":true,""negative_threshold"":0.04,""positive_threshold"":0.94,""selected"":{""abstained"":7,""automated_false_negative_rate"":0.0,""automated_false_positive_rate"":0.0,""automation_duplicate_recall"":0.9636363636363636,""automation_nonduplicate_recall"":0.9935483870967742,""coverage"":0.978125,""covered"":313,""covered_error_rate"":0.0,""false_negative_cost"":5.0,""false_positive_cost"":1.0,""fn"":0,""fp"":0,""negative_predictive_value"":1.0,""negative_threshold"":0.04,""negatives"":155,""positive_threshold"":0.94,""positives"":165,""precision"":1.0,""threshold"":0.94,""tn"":154,""tp"":159,""weighted_covered_error"":0.0}}","{""balance_score"":0.006250000000000033,""calibration_group_counts_by_label"":{""0"":31,""1"":33},""calibration_groups"":64,""calibration_label_counts"":{""0"":155,""1"":165},""calibration_records"":320,""fit_group_counts_by_label"":{""0"":47,""1"":49},""fit_groups"":96,""fit_label_counts"":{""0"":235,""1"":245},""fit_records"":480,""group_overlap"":0}","[{""fit_group_counts_by_label"":{""0"":17,""1"":15},""fit_groups"":32,""fit_records"":160,""fold"":0,""group_overlap"":0,""validation_group_counts_by_label"":{""0"":14,""1"":18},""validation_groups"":32,""validation_records"":160},{""fit_group_counts_by_label"":{""0"":14,""1"":18},""fit_groups"":32,""fit_records"":160,""fold"":1,""group_overlap"":0,""validation_group_counts_by_label"":{""0"":17,""1"":15},""validation_groups"":32,""validation_records"":160}]",0
deduplication__embedding__granite97m__xgboost,deduplication,embedding,granite97m,xgboost,4,800,200,160,40,0,19.17321850004373,0.1255659000016749,0.012950500007718801,0.06475250003859401,classifier_pipeline_with_precomputed_embedding,"{""model__learning_rate"":0.05,""model__max_depth"":2,""model__n_estimators"":160}",-0.025000000000000005,"{""curve_points"":2450,""eligible"":true,""negative_threshold"":0.01,""positive_threshold"":0.94,""selected"":{""abstained"":77,""automated_false_negative_rate"":0.0,""automated_false_positive_rate"":0.0,""automation_duplicate_recall"":0.9636363636363636,""automation_nonduplicate_recall"":0.5419354838709678,""coverage"":0.759375,""covered"":243,""covered_error_rate"":0.0,""false_negative_cost"":5.0,""false_positive_cost"":1.0,""fn"":0,""fp"":0,""negative_predictive_value"":1.0,""negative_threshold"":0.01,""negatives"":155,""positive_threshold"":0.94,""positives"":165,""precision"":1.0,""threshold"":0.94,""tn"":84,""tp"":159,""weighted_covered_error"":0.0}}","{""balance_score"":0.006250000000000033,""calibration_group_counts_by_label"":{""0"":31,""1"":33},""calibration_groups"":64,""calibration_label_counts"":{""0"":155,""1"":165},""calibration_records"":320,""fit_group_counts_by_label"":{""0"":47,""1"":49},""fit_groups"":96,""fit_label_counts"":{""0"":235,""1"":245},""fit_records"":480,""group_overlap"":0}","[{""fit_group_counts_by_label"":{""0"":18,""1"":14},""fit_groups"":32,""fit_records"":160,""fold"":0,""group_overlap"":0,""validation_group_counts_by_label"":{""0"":13,""1"":19},""validation_groups"":32,""validation_records"":160},{""fit_group_counts_by_label"":{""0"":13,""1"":19},""fit_groups"":32,""fit_records"":160,""fold"":1,""group_overlap"":0,""validation_group_counts_by_label"":{""0"":18,""1"":14},""validation_groups"":32,""validation_records"":160}]",0
classification__embedding__multilingual_e5_small__logistic_regression,classification,embedding,multilingual_e5_small,logistic_regression,0,893,221,184,46,0,0.878694600018207,0.1073022999917157,0.007043400022666901,0.03187058833785928,classifier_pipeline_with_precomputed_embedding,"{""model__C"":10.0}",0.9146700605476902,"{""automatic_maintenance_as_obra"":0,""automatic_non_obra_as_obra"":0,""coverage"":0.673352435530086,""covered"":235,""eligible"":true,""errors"":0,""obra_threshold"":0.9,""risk"":0.0,""threshold"":0.81}","{""balance_score"":0.02054758917656277,""calibration_group_counts_by_label"":{""0"":15,""1"":23,""2"":25,""3"":11},""calibration_groups"":74,""calibration_label_counts"":{""0"":68,""1"":113,""2"":118,""3"":50},""calibration_records"":349,""fit_group_counts_by_label"":{""0"":22,""1"":35,""2"":38,""3"":15},""fit_groups"":110,""fit_label_counts"":{""0"":106,""1"":175,""2"":189,""3"":74},""fit_records"":544,""group_overlap"":0}","[{""fit_group_counts_by_label"":{""0"":10,""1"":11,""2"":14,""3"":2},""fit_groups"":37,""fit_records"":174,""fold"":0,""group_overlap"":0,""validation_group_counts_by_label"":{""0"":5,""1"":12,""2"":11,""3"":9},""validation_groups"":37,""validation_records"":175},{""fit_group_counts_by_label"":{""0"":5,""1"":12,""2"":11,""3"":9},""fit_groups"":37,""fit_records"":175,""fold"":1,""group_overlap"":0,""validation_group_counts_by_label"":{""0"":10,""1"":11,""2"":14,""3"":2},""validation_groups"":37,""validation_records"":174}]",0
classification__embedding__multilingual_e5_small__logistic_regression,classification,embedding,multilingual_e5_small,logistic_regression,1,895,219,185,45,0,0.8157250999938697,0.09985190001316369,0.00625969999236986,0.02858310498799023,classifier_pipeline_with_precomputed_embedding,"{""model__C"":10.0}",0.8949831483957941,"{""automatic_maintenance_as_obra"":0,""automatic_non_obra_as_obra"":0,""coverage"":0.6675977653631285,""covered"":239,""eligible"":true,""errors"":0,""obra_threshold"":0.9,""risk"":0.0,""threshold"":0.86}","{""balance_score"":0.02346368715083802,""calibration_group_counts_by_label"":{""0"":16,""1"":25,""2"":22,""3"":11},""calibration_groups"":74,""calibration_label_counts"":{""0"":73,""1"":123,""2"":107,""3"":55},""calibration_records"":358,""fit_group_counts_by_label"":{""0"":24,""1"":35,""2"":34,""3"":18},""fit_groups"":111,""fit_label_counts"":{""0"":117,""1"":174,""2"":163,""3"":83},""fit_records"":537,""group_overlap"":0}","[{""fit_group_counts_by_label"":{""0"":8,""1"":12,""2"":9,""3"":7},""fit_groups"":36,""fit_records"":173,""fold"":0,""group_overlap"":0,""validation_group_counts_by_label"":{""0"":8,""1"":13,""2"":13,""3"":4},""validation_groups"":38,""validation_records"":185},{""fit_group_counts_by_label"":{""0"":8,""1"":13,""2"":13,""3"":4},""fit_groups"":38,""fit_records"":185,""fold"":1,""group_overlap"":0,""validation_group_counts_by_label"":{""0"":8,""1"":12,""2"":9,""3"":7},""validation_groups"":36,""validation_records"":173}]",0
classification__embedding__multilingual_e5_small__logistic_regression,classification,embedding,multilingual_e5_small,logistic_regression,2,882,232,183,47,0,0.8052519999910146,0.10051640000892803,0.006624699977692217,0.028554741283156108,classifier_pipeline_with_precomputed_embedding,"{""model__C"":10.0}",0.8679000826186715,"{""automatic_maintenance_as_obra"":0,""automatic_non_obra_as_obra"":0,""coverage"":0.7,""covered"":252,""eligible"":true,""errors"":1,""obra_threshold"":0.9,""risk"":0.003968253968253968,""threshold"":0.78}","{""balance_score"":0.018253968253968272,""calibration_group_counts_by_label"":{""0"":14,""1"":24,""2"":25,""3"":11},""calibration_groups"":74,""calibration_label_counts"":{""0"":64,""1"":118,""2"":123,""3"":55},""calibration_records"":360,""fit_group_counts_by_label"":{""0"":20,""1"":34,""2"":37,""3"":18},""fit_groups"":109,""fit_label_counts"":{""0"":94,""1"":168,""2"":177,""3"":83},""fit_records"":522,""group_overlap"":0}","[{""fit_group_counts_by_label"":{""0"":5,""1"":15,""2"":12,""3"":5},""fit_groups"":37,""fit_records"":177,""fold"":0,""group_overlap"":0,""validation_group_counts_by_label"":{""0"":9,""1"":9,""2"":13,""3"":6},""validation_groups"":37,""validation_records"":183},{""fit_group_counts_by_label"":{""0"":9,""1"":9,""2"":13,""3"":6},""fit_groups"":37,""fit_records"":183,""fold"":1,""group_overlap"":0,""validation_group_counts_by_label"":{""0"":5,""1"":15,""2"":12,""3"":5},""validation_groups"":37,""validation_records"":177}]",0
classification__embedding__multilingual_e5_small__logistic_regression,classification,embedding,multilingual_e5_small,logistic_regression,3,898,216,184,46,0,0.8854232999728993,0.0984403999755159,0.006501399970147759,0.030099073935869254,classifier_pipeline_with_precomputed_embedding,"{""model__C"":10.0}",0.8826539967335775,"{""automatic_maintenance_as_obra"":0,""automatic_non_obra_as_obra"":0,""coverage"":0.5638888888888889,""covered"":203,""eligible"":true,""errors"":2,""obra_threshold"":0.9,""risk"":0.009852216748768473,""threshold"":0.77}","{""balance_score"":0.01463746597376886,""calibration_group_counts_by_label"":{""0"":17,""1"":23,""2"":22,""3"":12},""calibration_groups"":74,""calibration_label_counts"":{""0"":80,""1"":114,""2"":107,""3"":59},""calibration_records"":360,""fit_group_counts_by_label"":{""0"":25,""1"":35,""2"":33,""3"":17},""fit_groups"":110,""fit_label_counts"":{""0"":120,""1"":173,""2"":163,""3"":82},""fit_records"":538,""group_overlap"":0}","[{""fit_group_counts_by_label"":{""0"":7,""1"":13,""2"":13,""3"":4},""fit_groups"":37,""fit_records"":181,""fold"":0,""group_overlap"":0,""validation_group_counts_by_label"":{""0"":10,""1"":10,""2"":9,""3"":8},""validation_groups"":37,""validation_records"":179},{""fit_group_counts_by_label"":{""0"":10,""1"":10,""2"":9,""3"":8},""fit_groups"":37,""fit_records"":179,""fold"":1,""group_overlap"":0,""validation_group_counts_by_label"":{""0"":7,""1"":13,""2"":13,""3"":4},""validation_groups"":37,""validation_records"":181}]",0
classification__embedding__multilingual_e5_small__logistic_regression,classification,embedding,multilingual_e5_small,logistic_regression,4,888,226,184,46,0,0.8229664000100456,0.10100639995653182,0.006844199961051345,0.030284070624120994,classifier_pipeline_with_precomputed_embedding,"{""model__C"":10.0}",0.861385461312208,"{""automatic_maintenance_as_obra"":0,""automatic_non_obra_as_obra"":0,""coverage"":0.6797752808988764,""covered"":242,""eligible"":true,""errors"":0,""obra_threshold"":0.9,""risk"":0.0,""threshold"":0.78}","{""balance_score"":0.02888956372102444,""calibration_group_counts_by_label"":{""0"":17,""1"":22,""2"":21,""3"":14},""calibration_groups"":74,""calibration_label_counts"":{""0"":76,""1"":109,""2"":103,""3"":68},""calibration_records"":356,""fit_group_counts_by_label"":{""0"":26,""1"":32,""2"":31,""3"":21},""fit_groups"":110,""fit_label_counts"":{""0"":126,""1"":157,""2"":150,""3"":99},""fit_records"":532,""group_overlap"":0}","[{""fit_group_counts_by_label"":{""0"":8,""1"":11,""2"":12,""3"":5},""fit_groups"":36,""fit_records"":172,""fold"":0,""group_overlap"":0,""validation_group_counts_by_label"":{""0"":9,""1"":11,""2"":9,""3"":9},""validation_groups"":38,""validation_records"":184},{""fit_group_counts_by_label"":{""0"":9,""1"":11,""2"":9,""3"":9},""fit_groups"":38,""fit_records"":184,""fold"":1,""group_overlap"":0,""validation_group_counts_by_label"":{""0"":8,""1"":11,""2"":12,""3"":5},""validation_groups"":36,""validation_records"":172}]",0
classification__embedding__multilingual_e5_small__decision_tree,classification,embedding,multilingual_e5_small,decision_tree,0,893,221,184,46,0,1.9103152000461705,0.13506280002184212,0.006632699980400503,0.030012217105884628,classifier_pipeline_with_precomputed_embedding,"{""model__max_depth"":3,""model__min_samples_leaf"":5}",0.5615131123799944,"{""eligible"":false,""obra_threshold"":0.9,""threshold"":null}","{""balance_score"":0.02054758917656277,""calibration_group_counts_by_label"":{""0"":15,""1"":23,""2"":25,""3"":11},""calibration_groups"":74,""calibration_label_counts"":{""0"":68,""1"":113,""2"":118,""3"":50},""calibration_records"":349,""fit_group_counts_by_label"":{""0"":22,""1"":35,""2"":38,""3"":15},""fit_groups"":110,""fit_label_counts"":{""0"":106,""1"":175,""2"":189,""3"":74},""fit_records"":544,""group_overlap"":0}","[{""fit_group_counts_by_label"":{""0"":10,""1"":11,""2"":14,""3"":2},""fit_groups"":37,""fit_records"":174,""fold"":0,""group_overlap"":0,""validation_group_counts_by_label"":{""0"":5,""1"":12,""2"":11,""3"":9},""validation_groups"":37,""validation_records"":175},{""fit_group_counts_by_label"":{""0"":5,""1"":12,""2"":11,""3"":9},""fit_groups"":37,""fit_records"":175,""fold"":1,""group_overlap"":0,""validation_group_counts_by_label"":{""0"":10,""1"":11,""2"":14,""3"":2},""validation_groups"":37,""validation_records"":174}]",0
classification__embedding__multilingual_e5_small__decision_tree,classification,embedding,multilingual_e5_small,decision_tree,1,895,219,185,45,0,1.9482926999917254,0.08622399996966124,0.005996900028549135,0.027383105153192398,classifier_pipeline_with_precomputed_embedding,"{""model__max_depth"":6,""model__min_samples_leaf"":5}",0.47693962116149174,"{""eligible"":false,""obra_threshold"":0.9,""threshold"":null}","{""balance_score"":0.02346368715083802,""calibration_group_counts_by_label"":{""0"":16,""1"":25,""2"":22,""3"":11},""calibration_groups"":74,""calibration_label_counts"":{""0"":73,""1"":123,""2"":107,""3"":55},""calibration_records"":358,""fit_group_counts_by_label"":{""0"":24,""1"":35,""2"":34,""3"":18},""fit_groups"":111,""fit_label_counts"":{""0"":117,""1"":174,""2"":163,""3"":83},""fit_records"":537,""group_overlap"":0}","[{""fit_group_counts_by_label"":{""0"":8,""1"":12,""2"":9,""3"":7},""fit_groups"":36,""fit_records"":173,""fold"":0,""group_overlap"":0,""validation_group_counts_by_label"":{""0"":8,""1"":13,""2"":13,""3"":4},""validation_groups"":38,""validation_records"":185},{""fit_group_counts_by_label"":{""0"":8,""1"":13,""2"":13,""3"":4},""fit_groups"":38,""fit_records"":185,""fold"":1,""group_overlap"":0,""validation_group_counts_by_label"":{""0"":8,""1"":12,""2"":9,""3"":7},""validation_groups"":36,""validation_records"":173}]",0
classification__embedding__multilingual_e5_small__decision_tree,classification,embedding,multilingual_e5_small,decision_tree,2,882,232,183,47,0,1.8584152999683283,0.08462779998080805,0.006067700043786317,0.026153879499078953,classifier_pipeline_with_precomputed_embedding,"{""model__max_depth"":3,""model__min_samples_leaf"":2}",0.6078982523952499,"{""eligible"":false,""obra_threshold"":0.9,""threshold"":null}","{""balance_score"":0.018253968253968272,""calibration_group_counts_by_label"":{""0"":14,""1"":24,""2"":25,""3"":11},""calibration_groups"":74,""calibration_label_counts"":{""0"":64,""1"":118,""2"":123,""3"":55},""calibration_records"":360,""fit_group_counts_by_label"":{""0"":20,""1"":34,""2"":37,""3"":18},""fit_groups"":109,""fit_label_counts"":{""0"":94,""1"":168,""2"":177,""3"":83},""fit_records"":522,""group_overlap"":0}","[{""fit_group_counts_by_label"":{""0"":5,""1"":15,""2"":12,""3"":5},""fit_groups"":37,""fit_records"":177,""fold"":0,""group_overlap"":0,""validation_group_counts_by_label"":{""0"":9,""1"":9,""2"":13,""3"":6},""validation_groups"":37,""validation_records"":183},{""fit_group_counts_by_label"":{""0"":9,""1"":9,""2"":13,""3"":6},""fit_groups"":37,""fit_records"":183,""fold"":1,""group_overlap"":0,""validation_group_counts_by_label"":{""0"":5,""1"":15,""2"":12,""3"":5},""validation_groups"":37,""validation_records"":177}]",0
classification__embedding__multilingual_e5_small__decision_tree,classification,embedding,multilingual_e5_small,decision_tree,3,898,216,184,46,0,1.8970927000045776,0.0806944000069052,0.006254899955820292,0.028957870165834686,classifier_pipeline_with_precomputed_embedding,"{""model__max_depth"":3,""model__min_samples_leaf"":2}",0.53901692267276,"{""eligible"":false,""obra_threshold"":0.9,""threshold"":null}","{""balance_score"":0.01463746597376886,""calibration_group_counts_by_label"":{""0"":17,""1"":23,""2"":22,""3"":12},""calibration_groups"":74,""calibration_label_counts"":{""0"":80,""1"":114,""2"":107,""3"":59},""calibration_records"":360,""fit_group_counts_by_label"":{""0"":25,""1"":35,""2"":33,""3"":17},""fit_groups"":110,""fit_label_counts"":{""0"":120,""1"":173,""2"":163,""3"":82},""fit_records"":538,""group_overlap"":0}","[{""fit_group_counts_by_label"":{""0"":7,""1"":13,""2"":13,""3"":4},""fit_groups"":37,""fit_records"":181,""fold"":0,""group_overlap"":0,""validation_group_counts_by_label"":{""0"":10,""1"":10,""2"":9,""3"":8},""validation_groups"":37,""validation_records"":179},{""fit_group_counts_by_label"":{""0"":10,""1"":10,""2"":9,""3"":8},""fit_groups"":37,""fit_records"":179,""fold"":1,""group_overlap"":0,""validation_group_counts_by_label"":{""0"":7,""1"":13,""2"":13,""3"":4},""validation_groups"":37,""validation_records"":181}]",0
classification__embedding__multilingual_e5_small__decision_tree,classification,embedding,multilingual_e5_small,decision_tree,4,888,226,184,46,0,2.009424099989701,0.08366269996622577,0.006131800008006394,0.02713185844250617,classifier_pipeline_with_precomputed_embedding,"{""model__max_depth"":6,""model__min_samples_leaf"":5}",0.47735501751480597,"{""eligible"":false,""obra_threshold"":0.9,""threshold"":null}","{""balance_score"":0.02888956372102444,""calibration_group_counts_by_label"":{""0"":17,""1"":22,""2"":21,""3"":14},""calibration_groups"":74,""calibration_label_counts"":{""0"":76,""1"":109,""2"":103,""3"":68},""calibration_records"":356,""fit_group_counts_by_label"":{""0"":26,""1"":32,""2"":31,""3"":21},""fit_groups"":110,""fit_label_counts"":{""0"":126,""1"":157,""2"":150,""3"":99},""fit_records"":532,""group_overlap"":0}","[{""fit_group_counts_by_label"":{""0"":8,""1"":11,""2"":12,""3"":5},""fit_groups"":36,""fit_records"":172,""fold"":0,""group_overlap"":0,""validation_group_counts_by_label"":{""0"":9,""1"":11,""2"":9,""3"":9},""validation_groups"":38,""validation_records"":184},{""fit_group_counts_by_label"":{""0"":9,""1"":11,""2"":9,""3"":9},""fit_groups"":38,""fit_records"":184,""fold"":1,""group_overlap"":0,""validation_group_counts_by_label"":{""0"":8,""1"":11,""2"":12,""3"":5},""validation_groups"":36,""validation_records"":172}]",0
classification__embedding__multilingual_e5_small__linear_svm,classification,embedding,multilingual_e5_small,linear_svm,0,893,221,184,46,0,1.6791711999685504,0.10610629996517673,0.006719700002577156,0.030405882364602514,classifier_pipeline_with_precomputed_embedding,"{""model__C"":10.0}",0.9112892325495464,"{""automatic_maintenance_as_obra"":0,""automatic_non_obra_as_obra"":0,""coverage"":0.7822349570200573,""covered"":273,""eligible"":true,""errors"":0,""obra_threshold"":0.9,""risk"":0.0,""threshold"":0.66}","{""balance_score"":0.02054758917656277,""calibration_group_counts_by_label"":{""0"":15,""1"":23,""2"":25,""3"":11},""calibration_groups"":74,""calibration_label_counts"":{""0"":68,""1"":113,""2"":118,""3"":50},""calibration_records"":349,""fit_group_counts_by_label"":{""0"":22,""1"":35,""2"":38,""3"":15},""fit_groups"":110,""fit_label_counts"":{""0"":106,""1"":175,""2"":189,""3"":74},""fit_records"":544,""group_overlap"":0}","[{""fit_group_counts_by_label"":{""0"":10,""1"":11,""2"":14,""3"":2},""fit_groups"":37,""fit_records"":174,""fold"":0,""group_overlap"":0,""validation_group_counts_by_label"":{""0"":5,""1"":12,""2"":11,""3"":9},""validation_groups"":37,""validation_records"":175},{""fit_group_counts_by_label"":{""0"":5,""1"":12,""2"":11,""3"":9},""fit_groups"":37,""fit_records"":175,""fold"":1,""group_overlap"":0,""validation_group_counts_by_label"":{""0"":10,""1"":11,""2"":14,""3"":2},""validation_groups"":37,""validation_records"":174}]",0
classification__embedding__multilingual_e5_small__linear_svm,classification,embedding,multilingual_e5_small,linear_svm,1,895,219,185,45,0,1.8400876999949105,0.0987580000073649,0.00623310002265498,0.02846164393906384,classifier_pipeline_with_precomputed_embedding,"{""model__C"":10.0}",0.903416477804431,"{""automatic_maintenance_as_obra"":0,""automatic_non_obra_as_obra"":0,""coverage"":0.7569832402234636,""covered"":271,""eligible"":true,""errors"":0,""obra_threshold"":0.9,""risk"":0.0,""threshold"":0.83}","{""balance_score"":0.02346368715083802,""calibration_group_counts_by_label"":{""0"":16,""1"":25,""2"":22,""3"":11},""calibration_groups"":74,""calibration_label_counts"":{""0"":73,""1"":123,""2"":107,""3"":55},""calibration_records"":358,""fit_group_counts_by_label"":{""0"":24,""1"":35,""2"":34,""3"":18},""fit_groups"":111,""fit_label_counts"":{""0"":117,""1"":174,""2"":163,""3"":83},""fit_records"":537,""group_overlap"":0}","[{""fit_group_counts_by_label"":{""0"":8,""1"":12,""2"":9,""3"":7},""fit_groups"":36,""fit_records"":173,""fold"":0,""group_overlap"":0,""validation_group_counts_by_label"":{""0"":8,""1"":13,""2"":13,""3"":4},""validation_groups"":38,""validation_records"":185},{""fit_group_counts_by_label"":{""0"":8,""1"":13,""2"":13,""3"":4},""fit_groups"":38,""fit_records"":185,""fold"":1,""group_overlap"":0,""validation_group_counts_by_label"":{""0"":8,""1"":12,""2"":9,""3"":7},""validation_groups"":36,""validation_records"":173}]",0
classification__embedding__multilingual_e5_small__linear_svm,classification,embedding,multilingual_e5_small,linear_svm,2,882,232,183,47,0,1.7240471999975853,0.1007736999890767,0.006937799975275993,0.029904310238258593,classifier_pipeline_with_precomputed_embedding,"{""model__C"":10.0}",0.8649952657577445,"{""automatic_maintenance_as_obra"":0,""automatic_non_obra_as_obra"":0,""coverage"":0.5583333333333333,""covered"":201,""eligible"":true,""errors"":1,""obra_threshold"":0.93,""risk"":0.004975124378109453,""threshold"":0.93}","{""balance_score"":0.018253968253968272,""calibration_group_counts_by_label"":{""0"":14,""1"":24,""2"":25,""3"":11},""calibration_groups"":74,""calibration_label_counts"":{""0"":64,""1"":118,""2"":123,""3"":55},""calibration_records"":360,""fit_group_counts_by_label"":{""0"":20,""1"":34,""2"":37,""3"":18},""fit_groups"":109,""fit_label_counts"":{""0"":94,""1"":168,""2"":177,""3"":83},""fit_records"":522,""group_overlap"":0}","[{""fit_group_counts_by_label"":{""0"":5,""1"":15,""2"":12,""3"":5},""fit_groups"":37,""fit_records"":177,""fold"":0,""group_overlap"":0,""validation_group_counts_by_label"":{""0"":9,""1"":9,""2"":13,""3"":6},""validation_groups"":37,""validation_records"":183},{""fit_group_counts_by_label"":{""0"":9,""1"":9,""2"":13,""3"":6},""fit_groups"":37,""fit_records"":183,""fold"":1,""group_overlap"":0,""validation_group_counts_by_label"":{""0"":5,""1"":15,""2"":12,""3"":5},""validation_groups"":37,""validation_records"":177}]",0
classification__embedding__multilingual_e5_small__linear_svm,classification,embedding,multilingual_e5_small,linear_svm,3,898,216,184,46,0,1.6073847000370733,0.09794950002105907,0.006392300012521446,0.02959398153945114,classifier_pipeline_with_precomputed_embedding,"{""model__C"":10.0}",0.8940703159776998,"{""automatic_maintenance_as_obra"":0,""automatic_non_obra_as_obra"":0,""coverage"":0.5722222222222222,""covered"":206,""eligible"":true,""errors"":6,""obra_threshold"":0.9,""risk"":0.02912621359223301,""threshold"":0.84}","{""balance_score"":0.01463746597376886,""calibration_group_counts_by_label"":{""0"":17,""1"":23,""2"":22,""3"":12},""calibration_groups"":74,""calibration_label_counts"":{""0"":80,""1"":114,""2"":107,""3"":59},""calibration_records"":360,""fit_group_counts_by_label"":{""0"":25,""1"":35,""2"":33,""3"":17},""fit_groups"":110,""fit_label_counts"":{""0"":120,""1"":173,""2"":163,""3"":82},""fit_records"":538,""group_overlap"":0}","[{""fit_group_counts_by_label"":{""0"":7,""1"":13,""2"":13,""3"":4},""fit_groups"":37,""fit_records"":181,""fold"":0,""group_overlap"":0,""validation_group_counts_by_label"":{""0"":10,""1"":10,""2"":9,""3"":8},""validation_groups"":37,""validation_records"":179},{""fit_group_counts_by_label"":{""0"":10,""1"":10,""2"":9,""3"":8},""fit_groups"":37,""fit_records"":179,""fold"":1,""group_overlap"":0,""validation_group_counts_by_label"":{""0"":7,""1"":13,""2"":13,""3"":4},""validation_groups"":37,""validation_records"":181}]",0
classification__embedding__multilingual_e5_small__linear_svm,classification,embedding,multilingual_e5_small,linear_svm,4,888,226,184,46,0,1.757406999997329,0.16189790004864335,0.006957400008104742,0.030784955788074077,classifier_pipeline_with_precomputed_embedding,"{""model__C"":10.0}",0.8888540122946621,"{""automatic_maintenance_as_obra"":0,""automatic_non_obra_as_obra"":0,""coverage"":0.6769662921348315,""covered"":241,""eligible"":true,""errors"":0,""obra_threshold"":0.9,""risk"":0.0,""threshold"":0.83}","{""balance_score"":0.02888956372102444,""calibration_group_counts_by_label"":{""0"":17,""1"":22,""2"":21,""3"":14},""calibration_groups"":74,""calibration_label_counts"":{""0"":76,""1"":109,""2"":103,""3"":68},""calibration_records"":356,""fit_group_counts_by_label"":{""0"":26,""1"":32,""2"":31,""3"":21},""fit_groups"":110,""fit_label_counts"":{""0"":126,""1"":157,""2"":150,""3"":99},""fit_records"":532,""group_overlap"":0}","[{""fit_group_counts_by_label"":{""0"":8,""1"":11,""2"":12,""3"":5},""fit_groups"":36,""fit_records"":172,""fold"":0,""group_overlap"":0,""validation_group_counts_by_label"":{""0"":9,""1"":11,""2"":9,""3"":9},""validation_groups"":38,""validation_records"":184},{""fit_group_counts_by_label"":{""0"":9,""1"":11,""2"":9,""3"":9},""fit_groups"":38,""fit_records"":184,""fold"":1,""group_overlap"":0,""validation_group_counts_by_label"":{""0"":8,""1"":11,""2"":12,""3"":5},""validation_groups"":36,""validation_records"":172}]",0
classification__embedding__multilingual_e5_small__mlp,classification,embedding,multilingual_e5_small,mlp,0,893,221,184,46,0,86.43599149998045,0.21806579997064546,0.02365109999664128,0.10701855202100126,classifier_pipeline_with_precomputed_embedding,"{""model__alpha"":0.001,""model__hidden_layer_sizes"":[16]}",0.918258081008655,"{""automatic_maintenance_as_obra"":0,""automatic_non_obra_as_obra"":0,""coverage"":0.7822349570200573,""covered"":273,""eligible"":true,""errors"":1,""obra_threshold"":0.94,""risk"":0.003663003663003663,""threshold"":0.94}","{""balance_score"":0.02054758917656277,""calibration_group_counts_by_label"":{""0"":15,""1"":23,""2"":25,""3"":11},""calibration_groups"":74,""calibration_label_counts"":{""0"":68,""1"":113,""2"":118,""3"":50},""calibration_records"":349,""fit_group_counts_by_label"":{""0"":22,""1"":35,""2"":38,""3"":15},""fit_groups"":110,""fit_label_counts"":{""0"":106,""1"":175,""2"":189,""3"":74},""fit_records"":544,""group_overlap"":0}","[{""fit_group_counts_by_label"":{""0"":10,""1"":11,""2"":14,""3"":2},""fit_groups"":37,""fit_records"":174,""fold"":0,""group_overlap"":0,""validation_group_counts_by_label"":{""0"":5,""1"":12,""2"":11,""3"":9},""validation_groups"":37,""validation_records"":175},{""fit_group_counts_by_label"":{""0"":5,""1"":12,""2"":11,""3"":9},""fit_groups"":37,""fit_records"":175,""fold"":1,""group_overlap"":0,""validation_group_counts_by_label"":{""0"":10,""1"":11,""2"":14,""3"":2},""validation_groups"":37,""validation_records"":174}]",0
classification__embedding__multilingual_e5_small__mlp,classification,embedding,multilingual_e5_small,mlp,1,895,219,185,45,0,107.1319992999779,0.257610599976033,0.0331047999789007,0.15116347022329088,classifier_pipeline_with_precomputed_embedding,"{""model__alpha"":0.001,""model__hidden_layer_sizes"":[32]}",0.8977086394277234,"{""automatic_maintenance_as_obra"":0,""automatic_non_obra_as_obra"":0,""coverage"":0.7541899441340782,""covered"":270,""eligible"":true,""errors"":0,""obra_threshold"":0.94,""risk"":0.0,""threshold"":0.94}","{""balance_score"":0.02346368715083802,""calibration_group_counts_by_label"":{""0"":16,""1"":25,""2"":22,""3"":11},""calibration_groups"":74,""calibration_label_counts"":{""0"":73,""1"":123,""2"":107,""3"":55},""calibration_records"":358,""fit_group_counts_by_label"":{""0"":24,""1"":35,""2"":34,""3"":18},""fit_groups"":111,""fit_label_counts"":{""0"":117,""1"":174,""2"":163,""3"":83},""fit_records"":537,""group_overlap"":0}","[{""fit_group_counts_by_label"":{""0"":8,""1"":12,""2"":9,""3"":7},""fit_groups"":36,""fit_records"":173,""fold"":0,""group_overlap"":0,""validation_group_counts_by_label"":{""0"":8,""1"":13,""2"":13,""3"":4},""validation_groups"":38,""validation_records"":185},{""fit_group_counts_by_label"":{""0"":8,""1"":13,""2"":13,""3"":4},""fit_groups"":38,""fit_records"":185,""fold"":1,""group_overlap"":0,""validation_group_counts_by_label"":{""0"":8,""1"":12,""2"":9,""3"":7},""validation_groups"":36,""validation_records"":173}]",0
classification__embedding__multilingual_e5_small__mlp,classification,embedding,multilingual_e5_small,mlp,2,882,232,183,47,0,99.61270130000776,0.2502510999911465,0.03465429996140301,0.14937198259225437,classifier_pipeline_with_precomputed_embedding,"{""model__alpha"":0.001,""model__hidden_layer_sizes"":[32]}",0.8744438389200907,"{""automatic_maintenance_as_obra"":0,""automatic_non_obra_as_obra"":0,""coverage"":0.7527777777777778,""covered"":271,""eligible"":true,""errors"":4,""obra_threshold"":0.93,""risk"":0.014760147601476014,""threshold"":0.93}","{""balance_score"":0.018253968253968272,""calibration_group_counts_by_label"":{""0"":14,""1"":24,""2"":25,""3"":11},""calibration_groups"":74,""calibration_label_counts"":{""0"":64,""1"":118,""2"":123,""3"":55},""calibration_records"":360,""fit_group_counts_by_label"":{""0"":20,""1"":34,""2"":37,""3"":18},""fit_groups"":109,""fit_label_counts"":{""0"":94,""1"":168,""2"":177,""3"":83},""fit_records"":522,""group_overlap"":0}","[{""fit_group_counts_by_label"":{""0"":5,""1"":15,""2"":12,""3"":5},""fit_groups"":37,""fit_records"":177,""fold"":0,""group_overlap"":0,""validation_group_counts_by_label"":{""0"":9,""1"":9,""2"":13,""3"":6},""validation_groups"":37,""validation_records"":183},{""fit_group_counts_by_label"":{""0"":9,""1"":9,""2"":13,""3"":6},""fit_groups"":37,""fit_records"":183,""fold"":1,""group_overlap"":0,""validation_group_counts_by_label"":{""0"":5,""1"":15,""2"":12,""3"":5},""validation_groups"":37,""validation_records"":177}]",0
classification__embedding__multilingual_e5_small__mlp,classification,embedding,multilingual_e5_small,mlp,3,898,216,184,46,0,101.24733350001043,0.18503330001840368,0.018087800010107458,0.0837398148616086,classifier_pipeline_with_precomputed_embedding,"{""model__alpha"":0.001,""model__hidden_layer_sizes"":[16]}",0.8868091921685185,"{""automatic_maintenance_as_obra"":0,""automatic_non_obra_as_obra"":0,""coverage"":0.6583333333333333,""covered"":237,""eligible"":true,""errors"":3,""obra_threshold"":0.92,""risk"":0.012658227848101266,""threshold"":0.92}","{""balance_score"":0.01463746597376886,""calibration_group_counts_by_label"":{""0"":17,""1"":23,""2"":22,""3"":12},""calibration_groups"":74,""calibration_label_counts"":{""0"":80,""1"":114,""2"":107,""3"":59},""calibration_records"":360,""fit_group_counts_by_label"":{""0"":25,""1"":35,""2"":33,""3"":17},""fit_groups"":110,""fit_label_counts"":{""0"":120,""1"":173,""2"":163,""3"":82},""fit_records"":538,""group_overlap"":0}","[{""fit_group_counts_by_label"":{""0"":7,""1"":13,""2"":13,""3"":4},""fit_groups"":37,""fit_records"":181,""fold"":0,""group_overlap"":0,""validation_group_counts_by_label"":{""0"":10,""1"":10,""2"":9,""3"":8},""validation_groups"":37,""validation_records"":179},{""fit_group_counts_by_label"":{""0"":10,""1"":10,""2"":9,""3"":8},""fit_groups"":37,""fit_records"":179,""fold"":1,""group_overlap"":0,""validation_group_counts_by_label"":{""0"":7,""1"":13,""2"":13,""3"":4},""validation_groups"":37,""validation_records"":181}]",0
classification__embedding__multilingual_e5_small__mlp,classification,embedding,multilingual_e5_small,mlp,4,888,226,184,46,0,127.38667600002373,0.29479979997267947,0.045647399965673685,0.20197964586581277,classifier_pipeline_with_precomputed_embedding,"{""model__alpha"":0.001,""model__hidden_layer_sizes"":[32]}",0.8748305351237681,"{""automatic_maintenance_as_obra"":0,""automatic_non_obra_as_obra"":0,""coverage"":0.5084269662921348,""covered"":181,""eligible"":true,""errors"":1,""obra_threshold"":0.94,""risk"":0.0055248618784530384,""threshold"":0.94}","{""balance_score"":0.02888956372102444,""calibration_group_counts_by_label"":{""0"":17,""1"":22,""2"":21,""3"":14},""calibration_groups"":74,""calibration_label_counts"":{""0"":76,""1"":109,""2"":103,""3"":68},""calibration_records"":356,""fit_group_counts_by_label"":{""0"":26,""1"":32,""2"":31,""3"":21},""fit_groups"":110,""fit_label_counts"":{""0"":126,""1"":157,""2"":150,""3"":99},""fit_records"":532,""group_overlap"":0}","[{""fit_group_counts_by_label"":{""0"":8,""1"":11,""2"":12,""3"":5},""fit_groups"":36,""fit_records"":172,""fold"":0,""group_overlap"":0,""validation_group_counts_by_label"":{""0"":9,""1"":11,""2"":9,""3"":9},""validation_groups"":38,""validation_records"":184},{""fit_group_counts_by_label"":{""0"":9,""1"":11,""2"":9,""3"":9},""fit_groups"":38,""fit_records"":184,""fold"":1,""group_overlap"":0,""validation_group_counts_by_label"":{""0"":8,""1"":11,""2"":12,""3"":5},""validation_groups"":36,""validation_records"":172}]",0
classification__embedding__multilingual_e5_small__xgboost,classification,embedding,multilingual_e5_small,xgboost,0,893,221,184,46,0,68.45053909998387,0.16512790002161637,0.010885199997574091,0.049254298631556975,classifier_pipeline_with_precomputed_embedding,"{""model__learning_rate"":0.05,""model__max_depth"":2,""model__n_estimators"":160}",0.78581860356047,"{""automatic_maintenance_as_obra"":0,""automatic_non_obra_as_obra"":0,""coverage"":0.5100286532951289,""covered"":178,""eligible"":true,""errors"":3,""obra_threshold"":0.9,""risk"":0.016853932584269662,""threshold"":0.87}","{""balance_score"":0.02054758917656277,""calibration_group_counts_by_label"":{""0"":15,""1"":23,""2"":25,""3"":11},""calibration_groups"":74,""calibration_label_counts"":{""0"":68,""1"":113,""2"":118,""3"":50},""calibration_records"":349,""fit_group_counts_by_label"":{""0"":22,""1"":35,""2"":38,""3"":15},""fit_groups"":110,""fit_label_counts"":{""0"":106,""1"":175,""2"":189,""3"":74},""fit_records"":544,""group_overlap"":0}","[{""fit_group_counts_by_label"":{""0"":10,""1"":11,""2"":14,""3"":2},""fit_groups"":37,""fit_records"":174,""fold"":0,""group_overlap"":0,""validation_group_counts_by_label"":{""0"":5,""1"":12,""2"":11,""3"":9},""validation_groups"":37,""validation_records"":175},{""fit_group_counts_by_label"":{""0"":5,""1"":12,""2"":11,""3"":9},""fit_groups"":37,""fit_records"":175,""fold"":1,""group_overlap"":0,""validation_group_counts_by_label"":{""0"":10,""1"":11,""2"":14,""3"":2},""validation_groups"":37,""validation_records"":174}]",0
classification__embedding__multilingual_e5_small__xgboost,classification,embedding,multilingual_e5_small,xgboost,1,895,219,185,45,0,69.70290019997628,0.16617240000050515,0.009699399990495294,0.04428949767349449,classifier_pipeline_with_precomputed_embedding,"{""model__learning_rate"":0.05,""model__max_depth"":2,""model__n_estimators"":160}",0.7298737766268518,"{""automatic_maintenance_as_obra"":0,""automatic_non_obra_as_obra"":0,""coverage"":0.5195530726256983,""covered"":186,""eligible"":true,""errors"":3,""obra_threshold"":0.9,""risk"":0.016129032258064516,""threshold"":0.85}","{""balance_score"":0.02346368715083802,""calibration_group_counts_by_label"":{""0"":16,""1"":25,""2"":22,""3"":11},""calibration_groups"":74,""calibration_label_counts"":{""0"":73,""1"":123,""2"":107,""3"":55},""calibration_records"":358,""fit_group_counts_by_label"":{""0"":24,""1"":35,""2"":34,""3"":18},""fit_groups"":111,""fit_label_counts"":{""0"":117,""1"":174,""2"":163,""3"":83},""fit_records"":537,""group_overlap"":0}","[{""fit_group_counts_by_label"":{""0"":8,""1"":12,""2"":9,""3"":7},""fit_groups"":36,""fit_records"":173,""fold"":0,""group_overlap"":0,""validation_group_counts_by_label"":{""0"":8,""1"":13,""2"":13,""3"":4},""validation_groups"":38,""validation_records"":185},{""fit_group_counts_by_label"":{""0"":8,""1"":13,""2"":13,""3"":4},""fit_groups"":38,""fit_records"":185,""fold"":1,""group_overlap"":0,""validation_group_counts_by_label"":{""0"":8,""1"":12,""2"":9,""3"":7},""validation_groups"":36,""validation_records"":173}]",0
classification__embedding__multilingual_e5_small__xgboost,classification,embedding,multilingual_e5_small,xgboost,2,882,232,183,47,0,66.07637549994979,0.15700260002631694,0.00980079994769767,0.04224482736076582,classifier_pipeline_with_precomputed_embedding,"{""model__learning_rate"":0.05,""model__max_depth"":2,""model__n_estimators"":160}",0.7040256884526057,"{""automatic_maintenance_as_obra"":0,""automatic_non_obra_as_obra"":0,""coverage"":0.5416666666666666,""covered"":195,""eligible"":true,""errors"":9,""obra_threshold"":0.9,""risk"":0.046153846153846156,""threshold"":0.86}","{""balance_score"":0.018253968253968272,""calibration_group_counts_by_label"":{""0"":14,""1"":24,""2"":25,""3"":11},""calibration_groups"":74,""calibration_label_counts"":{""0"":64,""1"":118,""2"":123,""3"":55},""calibration_records"":360,""fit_group_counts_by_label"":{""0"":20,""1"":34,""2"":37,""3"":18},""fit_groups"":109,""fit_label_counts"":{""0"":94,""1"":168,""2"":177,""3"":83},""fit_records"":522,""group_overlap"":0}","[{""fit_group_counts_by_label"":{""0"":5,""1"":15,""2"":12,""3"":5},""fit_groups"":37,""fit_records"":177,""fold"":0,""group_overlap"":0,""validation_group_counts_by_label"":{""0"":9,""1"":9,""2"":13,""3"":6},""validation_groups"":37,""validation_records"":183},{""fit_group_counts_by_label"":{""0"":9,""1"":9,""2"":13,""3"":6},""fit_groups"":37,""fit_records"":183,""fold"":1,""group_overlap"":0,""validation_group_counts_by_label"":{""0"":5,""1"":15,""2"":12,""3"":5},""validation_groups"":37,""validation_records"":177}]",0
classification__embedding__multilingual_e5_small__xgboost,classification,embedding,multilingual_e5_small,xgboost,3,898,216,184,46,0,79.3626101000118,0.14910799998324364,0.014336099964566529,0.06637083316928949,classifier_pipeline_with_precomputed_embedding,"{""model__learning_rate"":0.05,""model__max_depth"":4,""model__n_estimators"":160}",0.7669739647219146,"{""eligible"":false,""obra_threshold"":0.9,""threshold"":null}","{""balance_score"":0.01463746597376886,""calibration_group_counts_by_label"":{""0"":17,""1"":23,""2"":22,""3"":12},""calibration_groups"":74,""calibration_label_counts"":{""0"":80,""1"":114,""2"":107,""3"":59},""calibration_records"":360,""fit_group_counts_by_label"":{""0"":25,""1"":35,""2"":33,""3"":17},""fit_groups"":110,""fit_label_counts"":{""0"":120,""1"":173,""2"":163,""3"":82},""fit_records"":538,""group_overlap"":0}","[{""fit_group_counts_by_label"":{""0"":7,""1"":13,""2"":13,""3"":4},""fit_groups"":37,""fit_records"":181,""fold"":0,""group_overlap"":0,""validation_group_counts_by_label"":{""0"":10,""1"":10,""2"":9,""3"":8},""validation_groups"":37,""validation_records"":179},{""fit_group_counts_by_label"":{""0"":10,""1"":10,""2"":9,""3"":8},""fit_groups"":37,""fit_records"":179,""fold"":1,""group_overlap"":0,""validation_group_counts_by_label"":{""0"":7,""1"":13,""2"":13,""3"":4},""validation_groups"":37,""validation_records"":181}]",0
classification__embedding__multilingual_e5_small__xgboost,classification,embedding,multilingual_e5_small,xgboost,4,888,226,184,46,0,68.23529370001052,0.15838009997969493,0.009355299989692867,0.04139513269775605,classifier_pipeline_with_precomputed_embedding,"{""model__learning_rate"":0.05,""model__max_depth"":2,""model__n_estimators"":160}",0.6960615038363688,"{""automatic_maintenance_as_obra"":0,""automatic_non_obra_as_obra"":0,""coverage"":0.5337078651685393,""covered"":190,""eligible"":true,""errors"":6,""obra_threshold"":0.9,""risk"":0.031578947368421054,""threshold"":0.86}","{""balance_score"":0.02888956372102444,""calibration_group_counts_by_label"":{""0"":17,""1"":22,""2"":21,""3"":14},""calibration_groups"":74,""calibration_label_counts"":{""0"":76,""1"":109,""2"":103,""3"":68},""calibration_records"":356,""fit_group_counts_by_label"":{""0"":26,""1"":32,""2"":31,""3"":21},""fit_groups"":110,""fit_label_counts"":{""0"":126,""1"":157,""2"":150,""3"":99},""fit_records"":532,""group_overlap"":0}","[{""fit_group_counts_by_label"":{""0"":8,""1"":11,""2"":12,""3"":5},""fit_groups"":36,""fit_records"":172,""fold"":0,""group_overlap"":0,""validation_group_counts_by_label"":{""0"":9,""1"":11,""2"":9,""3"":9},""validation_groups"":38,""validation_records"":184},{""fit_group_counts_by_label"":{""0"":9,""1"":11,""2"":9,""3"":9},""fit_groups"":38,""fit_records"":184,""fold"":1,""group_overlap"":0,""validation_group_counts_by_label"":{""0"":8,""1"":11,""2"":12,""3"":5},""validation_groups"":36,""validation_records"":172}]",0
deduplication__embedding__multilingual_e5_small__logistic_regression,deduplication,embedding,multilingual_e5_small,logistic_regression,0,800,200,160,40,0,0.4748500999994576,0.08548750000772998,0.0105976999620907,0.052988499810453504,classifier_pipeline_with_precomputed_embedding,"{""model__C"":10.0}",-0.13541666666666666,"{""curve_points"":2450,""eligible"":true,""negative_threshold"":0.27,""positive_threshold"":0.79,""selected"":{""abstained"":13,""automated_false_negative_rate"":0.0,""automated_false_positive_rate"":0.0,""automation_duplicate_recall"":0.9483870967741935,""automation_nonduplicate_recall"":0.9696969696969697,""coverage"":0.959375,""covered"":307,""covered_error_rate"":0.0,""false_negative_cost"":5.0,""false_positive_cost"":1.0,""fn"":0,""fp"":0,""negative_predictive_value"":1.0,""negative_threshold"":0.27,""negatives"":165,""positive_threshold"":0.79,""positives"":155,""precision"":1.0,""threshold"":0.79,""tn"":160,""tp"":147,""weighted_covered_error"":0.0}}","{""balance_score"":0.006250000000000033,""calibration_group_counts_by_label"":{""0"":33,""1"":31},""calibration_groups"":64,""calibration_label_counts"":{""0"":165,""1"":155},""calibration_records"":320,""fit_group_counts_by_label"":{""0"":50,""1"":46},""fit_groups"":96,""fit_label_counts"":{""0"":250,""1"":230},""fit_records"":480,""group_overlap"":0}","[{""fit_group_counts_by_label"":{""0"":14,""1"":18},""fit_groups"":32,""fit_records"":160,""fold"":0,""group_overlap"":0,""validation_group_counts_by_label"":{""0"":19,""1"":13},""validation_groups"":32,""validation_records"":160},{""fit_group_counts_by_label"":{""0"":19,""1"":13},""fit_groups"":32,""fit_records"":160,""fold"":1,""group_overlap"":0,""validation_group_counts_by_label"":{""0"":14,""1"":18},""validation_groups"":32,""validation_records"":160}]",0
deduplication__embedding__multilingual_e5_small__logistic_regression,deduplication,embedding,multilingual_e5_small,logistic_regression,1,800,200,160,40,0,0.4799256999976933,0.08406609995290637,0.010218199982773513,0.05109099991386756,classifier_pipeline_with_precomputed_embedding,"{""model__C"":10.0}",-0.15833333333333333,"{""curve_points"":2450,""eligible"":true,""negative_threshold"":0.41,""positive_threshold"":0.59,""selected"":{""abstained"":4,""automated_false_negative_rate"":0.0,""automated_false_positive_rate"":0.0,""automation_duplicate_recall"":0.9878787878787879,""automation_nonduplicate_recall"":0.9870967741935484,""coverage"":0.9875,""covered"":316,""covered_error_rate"":0.0,""false_negative_cost"":5.0,""false_positive_cost"":1.0,""fn"":0,""fp"":0,""negative_predictive_value"":1.0,""negative_threshold"":0.41,""negatives"":155,""positive_threshold"":0.59,""positives"":165,""precision"":1.0,""threshold"":0.59,""tn"":153,""tp"":163,""weighted_covered_error"":0.0}}","{""balance_score"":0.006250000000000033,""calibration_group_counts_by_label"":{""0"":31,""1"":33},""calibration_groups"":64,""calibration_label_counts"":{""0"":155,""1"":165},""calibration_records"":320,""fit_group_counts_by_label"":{""0"":47,""1"":49},""fit_groups"":96,""fit_label_counts"":{""0"":235,""1"":245},""fit_records"":480,""group_overlap"":0}","[{""fit_group_counts_by_label"":{""0"":16,""1"":16},""fit_groups"":32,""fit_records"":160,""fold"":0,""group_overlap"":0,""validation_group_counts_by_label"":{""0"":15,""1"":17},""validation_groups"":32,""validation_records"":160},{""fit_group_counts_by_label"":{""0"":15,""1"":17},""fit_groups"":32,""fit_records"":160,""fold"":1,""group_overlap"":0,""validation_group_counts_by_label"":{""0"":16,""1"":16},""validation_groups"":32,""validation_records"":160}]",0
deduplication__embedding__multilingual_e5_small__logistic_regression,deduplication,embedding,multilingual_e5_small,logistic_regression,2,800,200,160,40,0,0.48426520003704354,0.08559929998591542,0.010785799997393042,0.05392899998696521,classifier_pipeline_with_precomputed_embedding,"{""model__C"":10.0}",-0.18958333333333333,"{""curve_points"":2450,""eligible"":true,""negative_threshold"":0.43,""positive_threshold"":0.7,""selected"":{""abstained"":8,""automated_false_negative_rate"":0.0,""automated_false_positive_rate"":0.0,""automation_duplicate_recall"":0.9612903225806452,""automation_nonduplicate_recall"":0.9878787878787879,""coverage"":0.975,""covered"":312,""covered_error_rate"":0.0,""false_negative_cost"":5.0,""false_positive_cost"":1.0,""fn"":0,""fp"":0,""negative_predictive_value"":1.0,""negative_threshold"":0.43,""negatives"":165,""positive_threshold"":0.7,""positives"":155,""precision"":1.0,""threshold"":0.7,""tn"":163,""tp"":149,""weighted_covered_error"":0.0}}","{""balance_score"":0.006250000000000033,""calibration_group_counts_by_label"":{""0"":33,""1"":31},""calibration_groups"":64,""calibration_label_counts"":{""0"":165,""1"":155},""calibration_records"":320,""fit_group_counts_by_label"":{""0"":50,""1"":46},""fit_groups"":96,""fit_label_counts"":{""0"":250,""1"":230},""fit_records"":480,""group_overlap"":0}","[{""fit_group_counts_by_label"":{""0"":14,""1"":18},""fit_groups"":32,""fit_records"":160,""fold"":0,""group_overlap"":0,""validation_group_counts_by_label"":{""0"":19,""1"":13},""validation_groups"":32,""validation_records"":160},{""fit_group_counts_by_label"":{""0"":19,""1"":13},""fit_groups"":32,""fit_records"":160,""fold"":1,""group_overlap"":0,""validation_group_counts_by_label"":{""0"":14,""1"":18},""validation_groups"":32,""validation_records"":160}]",0
deduplication__embedding__multilingual_e5_small__logistic_regression,deduplication,embedding,multilingual_e5_small,logistic_regression,3,800,200,160,40,0,0.47501029999693856,0.09025790001032874,0.011400399962440133,0.057001999812200665,classifier_pipeline_with_precomputed_embedding,"{""model__C"":10.0}",-0.29583333333333334,"{""curve_points"":2450,""eligible"":true,""negative_threshold"":0.32,""positive_threshold"":0.67,""selected"":{""abstained"":14,""automated_false_negative_rate"":0.0,""automated_false_positive_rate"":0.0,""automation_duplicate_recall"":0.9636363636363636,""automation_nonduplicate_recall"":0.9483870967741935,""coverage"":0.95625,""covered"":306,""covered_error_rate"":0.0,""false_negative_cost"":5.0,""false_positive_cost"":1.0,""fn"":0,""fp"":0,""negative_predictive_value"":1.0,""negative_threshold"":0.32,""negatives"":155,""positive_threshold"":0.67,""positives"":165,""precision"":1.0,""threshold"":0.67,""tn"":147,""tp"":159,""weighted_covered_error"":0.0}}","{""balance_score"":0.006250000000000033,""calibration_group_counts_by_label"":{""0"":31,""1"":33},""calibration_groups"":64,""calibration_label_counts"":{""0"":155,""1"":165},""calibration_records"":320,""fit_group_counts_by_label"":{""0"":47,""1"":49},""fit_groups"":96,""fit_label_counts"":{""0"":235,""1"":245},""fit_records"":480,""group_overlap"":0}","[{""fit_group_counts_by_label"":{""0"":17,""1"":15},""fit_groups"":32,""fit_records"":160,""fold"":0,""group_overlap"":0,""validation_group_counts_by_label"":{""0"":14,""1"":18},""validation_groups"":32,""validation_records"":160},{""fit_group_counts_by_label"":{""0"":14,""1"":18},""fit_groups"":32,""fit_records"":160,""fold"":1,""group_overlap"":0,""validation_group_counts_by_label"":{""0"":17,""1"":15},""validation_groups"":32,""validation_records"":160}]",0
deduplication__embedding__multilingual_e5_small__logistic_regression,deduplication,embedding,multilingual_e5_small,logistic_regression,4,800,200,160,40,0,0.5141295000212267,0.0886744000017643,0.010051499994006008,0.05025749997003004,classifier_pipeline_with_precomputed_embedding,"{""model__C"":10.0}",-0.2020833333333333,"{""curve_points"":2450,""eligible"":true,""negative_threshold"":0.46,""positive_threshold"":0.72,""selected"":{""abstained"":4,""automated_false_negative_rate"":0.0,""automated_false_positive_rate"":0.0,""automation_duplicate_recall"":0.9939393939393939,""automation_nonduplicate_recall"":0.9806451612903225,""coverage"":0.9875,""covered"":316,""covered_error_rate"":0.0,""false_negative_cost"":5.0,""false_positive_cost"":1.0,""fn"":0,""fp"":0,""negative_predictive_value"":1.0,""negative_threshold"":0.46,""negatives"":155,""positive_threshold"":0.72,""positives"":165,""precision"":1.0,""threshold"":0.72,""tn"":152,""tp"":164,""weighted_covered_error"":0.0}}","{""balance_score"":0.006250000000000033,""calibration_group_counts_by_label"":{""0"":31,""1"":33},""calibration_groups"":64,""calibration_label_counts"":{""0"":155,""1"":165},""calibration_records"":320,""fit_group_counts_by_label"":{""0"":47,""1"":49},""fit_groups"":96,""fit_label_counts"":{""0"":235,""1"":245},""fit_records"":480,""group_overlap"":0}","[{""fit_group_counts_by_label"":{""0"":18,""1"":14},""fit_groups"":32,""fit_records"":160,""fold"":0,""group_overlap"":0,""validation_group_counts_by_label"":{""0"":13,""1"":19},""validation_groups"":32,""validation_records"":160},{""fit_group_counts_by_label"":{""0"":13,""1"":19},""fit_groups"":32,""fit_records"":160,""fold"":1,""group_overlap"":0,""validation_group_counts_by_label"":{""0"":18,""1"":14},""validation_groups"":32,""validation_records"":160}]",0
deduplication__embedding__multilingual_e5_small__decision_tree,deduplication,embedding,multilingual_e5_small,decision_tree,0,800,200,160,40,0,3.083010000002105,0.07874040002934635,0.0094435999635607,0.0472179998178035,classifier_pipeline_with_precomputed_embedding,"{""model__max_depth"":3,""model__min_samples_leaf"":2}",-0.6541666666666667,"{""curve_points"":2450,""eligible"":false,""negative_threshold"":null,""positive_threshold"":null,""selected"":null}","{""balance_score"":0.006250000000000033,""calibration_group_counts_by_label"":{""0"":33,""1"":31},""calibration_groups"":64,""calibration_label_counts"":{""0"":165,""1"":155},""calibration_records"":320,""fit_group_counts_by_label"":{""0"":50,""1"":46},""fit_groups"":96,""fit_label_counts"":{""0"":250,""1"":230},""fit_records"":480,""group_overlap"":0}","[{""fit_group_counts_by_label"":{""0"":14,""1"":18},""fit_groups"":32,""fit_records"":160,""fold"":0,""group_overlap"":0,""validation_group_counts_by_label"":{""0"":19,""1"":13},""validation_groups"":32,""validation_records"":160},{""fit_group_counts_by_label"":{""0"":19,""1"":13},""fit_groups"":32,""fit_records"":160,""fold"":1,""group_overlap"":0,""validation_group_counts_by_label"":{""0"":14,""1"":18},""validation_groups"":32,""validation_records"":160}]",0
deduplication__embedding__multilingual_e5_small__decision_tree,deduplication,embedding,multilingual_e5_small,decision_tree,1,800,200,160,40,0,2.841250099998433,0.07717889995547011,0.009610399953089654,0.04805199976544827,classifier_pipeline_with_precomputed_embedding,"{""model__max_depth"":6,""model__min_samples_leaf"":2}",-0.33958333333333335,"{""curve_points"":2450,""eligible"":false,""negative_threshold"":null,""positive_threshold"":null,""selected"":null}","{""balance_score"":0.006250000000000033,""calibration_group_counts_by_label"":{""0"":31,""1"":33},""calibration_groups"":64,""calibration_label_counts"":{""0"":155,""1"":165},""calibration_records"":320,""fit_group_counts_by_label"":{""0"":47,""1"":49},""fit_groups"":96,""fit_label_counts"":{""0"":235,""1"":245},""fit_records"":480,""group_overlap"":0}","[{""fit_group_counts_by_label"":{""0"":16,""1"":16},""fit_groups"":32,""fit_records"":160,""fold"":0,""group_overlap"":0,""validation_group_counts_by_label"":{""0"":15,""1"":17},""validation_groups"":32,""validation_records"":160},{""fit_group_counts_by_label"":{""0"":15,""1"":17},""fit_groups"":32,""fit_records"":160,""fold"":1,""group_overlap"":0,""validation_group_counts_by_label"":{""0"":16,""1"":16},""validation_groups"":32,""validation_records"":160}]",0
deduplication__embedding__multilingual_e5_small__decision_tree,deduplication,embedding,multilingual_e5_small,decision_tree,2,800,200,160,40,0,2.8006882999907248,0.07820369995897636,0.00930590002099052,0.046529500104952604,classifier_pipeline_with_precomputed_embedding,"{""model__max_depth"":6,""model__min_samples_leaf"":2}",-0.41041666666666665,"{""curve_points"":2450,""eligible"":false,""negative_threshold"":null,""positive_threshold"":null,""selected"":null}","{""balance_score"":0.006250000000000033,""calibration_group_counts_by_label"":{""0"":33,""1"":31},""calibration_groups"":64,""calibration_label_counts"":{""0"":165,""1"":155},""calibration_records"":320,""fit_group_counts_by_label"":{""0"":50,""1"":46},""fit_groups"":96,""fit_label_counts"":{""0"":250,""1"":230},""fit_records"":480,""group_overlap"":0}","[{""fit_group_counts_by_label"":{""0"":14,""1"":18},""fit_groups"":32,""fit_records"":160,""fold"":0,""group_overlap"":0,""validation_group_counts_by_label"":{""0"":19,""1"":13},""validation_groups"":32,""validation_records"":160},{""fit_group_counts_by_label"":{""0"":19,""1"":13},""fit_groups"":32,""fit_records"":160,""fold"":1,""group_overlap"":0,""validation_group_counts_by_label"":{""0"":14,""1"":18},""validation_groups"":32,""validation_records"":160}]",0
deduplication__embedding__multilingual_e5_small__decision_tree,deduplication,embedding,multilingual_e5_small,decision_tree,3,800,200,160,40,0,2.8427865999983624,0.07899180002277717,0.009661099989898503,0.048305499949492514,classifier_pipeline_with_precomputed_embedding,"{""model__max_depth"":3,""model__min_samples_leaf"":5}",-0.6479166666666667,"{""curve_points"":2450,""eligible"":false,""negative_threshold"":null,""positive_threshold"":null,""selected"":null}","{""balance_score"":0.006250000000000033,""calibration_group_counts_by_label"":{""0"":31,""1"":33},""calibration_groups"":64,""calibration_label_counts"":{""0"":155,""1"":165},""calibration_records"":320,""fit_group_counts_by_label"":{""0"":47,""1"":49},""fit_groups"":96,""fit_label_counts"":{""0"":235,""1"":245},""fit_records"":480,""group_overlap"":0}","[{""fit_group_counts_by_label"":{""0"":17,""1"":15},""fit_groups"":32,""fit_records"":160,""fold"":0,""group_overlap"":0,""validation_group_counts_by_label"":{""0"":14,""1"":18},""validation_groups"":32,""validation_records"":160},{""fit_group_counts_by_label"":{""0"":14,""1"":18},""fit_groups"":32,""fit_records"":160,""fold"":1,""group_overlap"":0,""validation_group_counts_by_label"":{""0"":17,""1"":15},""validation_groups"":32,""validation_records"":160}]",0
deduplication__embedding__multilingual_e5_small__decision_tree,deduplication,embedding,multilingual_e5_small,decision_tree,4,800,200,160,40,0,2.828171300003305,0.08246700000017881,0.009676799993030727,0.048383999965153635,classifier_pipeline_with_precomputed_embedding,"{""model__max_depth"":3,""model__min_samples_leaf"":5}",-0.6020833333333333,"{""curve_points"":2450,""eligible"":false,""negative_threshold"":null,""positive_threshold"":null,""selected"":null}","{""balance_score"":0.006250000000000033,""calibration_group_counts_by_label"":{""0"":31,""1"":33},""calibration_groups"":64,""calibration_label_counts"":{""0"":155,""1"":165},""calibration_records"":320,""fit_group_counts_by_label"":{""0"":47,""1"":49},""fit_groups"":96,""fit_label_counts"":{""0"":235,""1"":245},""fit_records"":480,""group_overlap"":0}","[{""fit_group_counts_by_label"":{""0"":18,""1"":14},""fit_groups"":32,""fit_records"":160,""fold"":0,""group_overlap"":0,""validation_group_counts_by_label"":{""0"":13,""1"":19},""validation_groups"":32,""validation_records"":160},{""fit_group_counts_by_label"":{""0"":13,""1"":19},""fit_groups"":32,""fit_records"":160,""fold"":1,""group_overlap"":0,""validation_group_counts_by_label"":{""0"":18,""1"":14},""validation_groups"":32,""validation_records"":160}]",0
deduplication__embedding__multilingual_e5_small__linear_svm,deduplication,embedding,multilingual_e5_small,linear_svm,0,800,200,160,40,0,1.5700791000272147,0.09178889996837825,0.010157299984712154,0.05078649992356077,classifier_pipeline_with_precomputed_embedding,"{""model__C"":10.0}",-0.06458333333333334,"{""curve_points"":2450,""eligible"":true,""negative_threshold"":0.38,""positive_threshold"":0.63,""selected"":{""abstained"":3,""automated_false_negative_rate"":0.0,""automated_false_positive_rate"":0.0,""automation_duplicate_recall"":0.9935483870967742,""automation_nonduplicate_recall"":0.9878787878787879,""coverage"":0.990625,""covered"":317,""covered_error_rate"":0.0,""false_negative_cost"":5.0,""false_positive_cost"":1.0,""fn"":0,""fp"":0,""negative_predictive_value"":1.0,""negative_threshold"":0.38,""negatives"":165,""positive_threshold"":0.63,""positives"":155,""precision"":1.0,""threshold"":0.63,""tn"":163,""tp"":154,""weighted_covered_error"":0.0}}","{""balance_score"":0.006250000000000033,""calibration_group_counts_by_label"":{""0"":33,""1"":31},""calibration_groups"":64,""calibration_label_counts"":{""0"":165,""1"":155},""calibration_records"":320,""fit_group_counts_by_label"":{""0"":50,""1"":46},""fit_groups"":96,""fit_label_counts"":{""0"":250,""1"":230},""fit_records"":480,""group_overlap"":0}","[{""fit_group_counts_by_label"":{""0"":14,""1"":18},""fit_groups"":32,""fit_records"":160,""fold"":0,""group_overlap"":0,""validation_group_counts_by_label"":{""0"":19,""1"":13},""validation_groups"":32,""validation_records"":160},{""fit_group_counts_by_label"":{""0"":19,""1"":13},""fit_groups"":32,""fit_records"":160,""fold"":1,""group_overlap"":0,""validation_group_counts_by_label"":{""0"":14,""1"":18},""validation_groups"":32,""validation_records"":160}]",0
deduplication__embedding__multilingual_e5_small__linear_svm,deduplication,embedding,multilingual_e5_small,linear_svm,1,800,200,160,40,0,1.6601236999849789,0.08239850000245497,0.010139399964828044,0.05069699982414022,classifier_pipeline_with_precomputed_embedding,"{""model__C"":10.0}",-0.05416666666666666,"{""curve_points"":2450,""eligible"":true,""negative_threshold"":0.35,""positive_threshold"":0.59,""selected"":{""abstained"":0,""automated_false_negative_rate"":0.0,""automated_false_positive_rate"":0.0,""automation_duplicate_recall"":1.0,""automation_nonduplicate_recall"":1.0,""coverage"":1.0,""covered"":320,""covered_error_rate"":0.0,""false_negative_cost"":5.0,""false_positive_cost"":1.0,""fn"":0,""fp"":0,""negative_predictive_value"":1.0,""negative_threshold"":0.35,""negatives"":155,""positive_threshold"":0.59,""positives"":165,""precision"":1.0,""threshold"":0.59,""tn"":155,""tp"":165,""weighted_covered_error"":0.0}}","{""balance_score"":0.006250000000000033,""calibration_group_counts_by_label"":{""0"":31,""1"":33},""calibration_groups"":64,""calibration_label_counts"":{""0"":155,""1"":165},""calibration_records"":320,""fit_group_counts_by_label"":{""0"":47,""1"":49},""fit_groups"":96,""fit_label_counts"":{""0"":235,""1"":245},""fit_records"":480,""group_overlap"":0}","[{""fit_group_counts_by_label"":{""0"":16,""1"":16},""fit_groups"":32,""fit_records"":160,""fold"":0,""group_overlap"":0,""validation_group_counts_by_label"":{""0"":15,""1"":17},""validation_groups"":32,""validation_records"":160},{""fit_group_counts_by_label"":{""0"":15,""1"":17},""fit_groups"":32,""fit_records"":160,""fold"":1,""group_overlap"":0,""validation_group_counts_by_label"":{""0"":16,""1"":16},""validation_groups"":32,""validation_records"":160}]",0
deduplication__embedding__multilingual_e5_small__linear_svm,deduplication,embedding,multilingual_e5_small,linear_svm,2,800,200,160,40,0,1.7433722999994643,0.08192530000815168,0.010482099954970181,0.052410499774850905,classifier_pipeline_with_precomputed_embedding,"{""model__C"":10.0}",-0.07708333333333334,"{""curve_points"":2450,""eligible"":true,""negative_threshold"":0.29,""positive_threshold"":0.64,""selected"":{""abstained"":0,""automated_false_negative_rate"":0.0,""automated_false_positive_rate"":0.0,""automation_duplicate_recall"":1.0,""automation_nonduplicate_recall"":1.0,""coverage"":1.0,""covered"":320,""covered_error_rate"":0.0,""false_negative_cost"":5.0,""false_positive_cost"":1.0,""fn"":0,""fp"":0,""negative_predictive_value"":1.0,""negative_threshold"":0.29,""negatives"":165,""positive_threshold"":0.64,""positives"":155,""precision"":1.0,""threshold"":0.64,""tn"":165,""tp"":155,""weighted_covered_error"":0.0}}","{""balance_score"":0.006250000000000033,""calibration_group_counts_by_label"":{""0"":33,""1"":31},""calibration_groups"":64,""calibration_label_counts"":{""0"":165,""1"":155},""calibration_records"":320,""fit_group_counts_by_label"":{""0"":50,""1"":46},""fit_groups"":96,""fit_label_counts"":{""0"":250,""1"":230},""fit_records"":480,""group_overlap"":0}","[{""fit_group_counts_by_label"":{""0"":14,""1"":18},""fit_groups"":32,""fit_records"":160,""fold"":0,""group_overlap"":0,""validation_group_counts_by_label"":{""0"":19,""1"":13},""validation_groups"":32,""validation_records"":160},{""fit_group_counts_by_label"":{""0"":19,""1"":13},""fit_groups"":32,""fit_records"":160,""fold"":1,""group_overlap"":0,""validation_group_counts_by_label"":{""0"":14,""1"":18},""validation_groups"":32,""validation_records"":160}]",0
deduplication__embedding__multilingual_e5_small__linear_svm,deduplication,embedding,multilingual_e5_small,linear_svm,3,800,200,160,40,0,1.6939721999806352,0.08241610002005473,0.010406499961391091,0.05203249980695546,classifier_pipeline_with_precomputed_embedding,"{""model__C"":10.0}",-0.14166666666666666,"{""curve_points"":2450,""eligible"":true,""negative_threshold"":0.44,""positive_threshold"":0.77,""selected"":{""abstained"":0,""automated_false_negative_rate"":0.0,""automated_false_positive_rate"":0.0,""automation_duplicate_recall"":1.0,""automation_nonduplicate_recall"":1.0,""coverage"":1.0,""covered"":320,""covered_error_rate"":0.0,""false_negative_cost"":5.0,""false_positive_cost"":1.0,""fn"":0,""fp"":0,""negative_predictive_value"":1.0,""negative_threshold"":0.44,""negatives"":155,""positive_threshold"":0.77,""positives"":165,""precision"":1.0,""threshold"":0.77,""tn"":155,""tp"":165,""weighted_covered_error"":0.0}}","{""balance_score"":0.006250000000000033,""calibration_group_counts_by_label"":{""0"":31,""1"":33},""calibration_groups"":64,""calibration_label_counts"":{""0"":155,""1"":165},""calibration_records"":320,""fit_group_counts_by_label"":{""0"":47,""1"":49},""fit_groups"":96,""fit_label_counts"":{""0"":235,""1"":245},""fit_records"":480,""group_overlap"":0}","[{""fit_group_counts_by_label"":{""0"":17,""1"":15},""fit_groups"":32,""fit_records"":160,""fold"":0,""group_overlap"":0,""validation_group_counts_by_label"":{""0"":14,""1"":18},""validation_groups"":32,""validation_records"":160},{""fit_group_counts_by_label"":{""0"":14,""1"":18},""fit_groups"":32,""fit_records"":160,""fold"":1,""group_overlap"":0,""validation_group_counts_by_label"":{""0"":17,""1"":15},""validation_groups"":32,""validation_records"":160}]",0
deduplication__embedding__multilingual_e5_small__linear_svm,deduplication,embedding,multilingual_e5_small,linear_svm,4,800,200,160,40,0,1.553734099958092,0.08583989995531738,0.010482200013939291,0.052411000069696456,classifier_pipeline_with_precomputed_embedding,"{""model__C"":10.0}",-0.043750000000000004,"{""curve_points"":2450,""eligible"":true,""negative_threshold"":0.22,""positive_threshold"":0.81,""selected"":{""abstained"":0,""automated_false_negative_rate"":0.0,""automated_false_positive_rate"":0.0,""automation_duplicate_recall"":1.0,""automation_nonduplicate_recall"":1.0,""coverage"":1.0,""covered"":320,""covered_error_rate"":0.0,""false_negative_cost"":5.0,""false_positive_cost"":1.0,""fn"":0,""fp"":0,""negative_predictive_value"":1.0,""negative_threshold"":0.22,""negatives"":155,""positive_threshold"":0.81,""positives"":165,""precision"":1.0,""threshold"":0.81,""tn"":155,""tp"":165,""weighted_covered_error"":0.0}}","{""balance_score"":0.006250000000000033,""calibration_group_counts_by_label"":{""0"":31,""1"":33},""calibration_groups"":64,""calibration_label_counts"":{""0"":155,""1"":165},""calibration_records"":320,""fit_group_counts_by_label"":{""0"":47,""1"":49},""fit_groups"":96,""fit_label_counts"":{""0"":235,""1"":245},""fit_records"":480,""group_overlap"":0}","[{""fit_group_counts_by_label"":{""0"":18,""1"":14},""fit_groups"":32,""fit_records"":160,""fold"":0,""group_overlap"":0,""validation_group_counts_by_label"":{""0"":13,""1"":19},""validation_groups"":32,""validation_records"":160},{""fit_group_counts_by_label"":{""0"":13,""1"":19},""fit_groups"":32,""fit_records"":160,""fold"":1,""group_overlap"":0,""validation_group_counts_by_label"":{""0"":18,""1"":14},""validation_groups"":32,""validation_records"":160}]",0
deduplication__embedding__multilingual_e5_small__mlp,deduplication,embedding,multilingual_e5_small,mlp,0,800,200,160,40,0,121.21379900001921,0.2648337999708019,0.046192900044843554,0.23096450022421777,classifier_pipeline_with_precomputed_embedding,"{""model__alpha"":0.001,""model__hidden_layer_sizes"":[16]}",-0.02291666666666667,"{""curve_points"":2450,""eligible"":true,""negative_threshold"":0.26,""positive_threshold"":0.86,""selected"":{""abstained"":1,""automated_false_negative_rate"":0.0,""automated_false_positive_rate"":0.0,""automation_duplicate_recall"":0.9935483870967742,""automation_nonduplicate_recall"":1.0,""coverage"":0.996875,""covered"":319,""covered_error_rate"":0.0,""false_negative_cost"":5.0,""false_positive_cost"":1.0,""fn"":0,""fp"":0,""negative_predictive_value"":1.0,""negative_threshold"":0.26,""negatives"":165,""positive_threshold"":0.86,""positives"":155,""precision"":1.0,""threshold"":0.86,""tn"":165,""tp"":154,""weighted_covered_error"":0.0}}","{""balance_score"":0.006250000000000033,""calibration_group_counts_by_label"":{""0"":33,""1"":31},""calibration_groups"":64,""calibration_label_counts"":{""0"":165,""1"":155},""calibration_records"":320,""fit_group_counts_by_label"":{""0"":50,""1"":46},""fit_groups"":96,""fit_label_counts"":{""0"":250,""1"":230},""fit_records"":480,""group_overlap"":0}","[{""fit_group_counts_by_label"":{""0"":14,""1"":18},""fit_groups"":32,""fit_records"":160,""fold"":0,""group_overlap"":0,""validation_group_counts_by_label"":{""0"":19,""1"":13},""validation_groups"":32,""validation_records"":160},{""fit_group_counts_by_label"":{""0"":19,""1"":13},""fit_groups"":32,""fit_records"":160,""fold"":1,""group_overlap"":0,""validation_group_counts_by_label"":{""0"":14,""1"":18},""validation_groups"":32,""validation_records"":160}]",0
deduplication__embedding__multilingual_e5_small__mlp,deduplication,embedding,multilingual_e5_small,mlp,1,800,200,160,40,0,88.94167549995473,0.1936114999698475,0.03603459999430925,0.18017299997154623,classifier_pipeline_with_precomputed_embedding,"{""model__alpha"":0.001,""model__hidden_layer_sizes"":[16]}",-0.02291666666666667,"{""curve_points"":2450,""eligible"":true,""negative_threshold"":0.1,""positive_threshold"":0.58,""selected"":{""abstained"":0,""automated_false_negative_rate"":0.0,""automated_false_positive_rate"":0.0,""automation_duplicate_recall"":1.0,""automation_nonduplicate_recall"":1.0,""coverage"":1.0,""covered"":320,""covered_error_rate"":0.0,""false_negative_cost"":5.0,""false_positive_cost"":1.0,""fn"":0,""fp"":0,""negative_predictive_value"":1.0,""negative_threshold"":0.1,""negatives"":155,""positive_threshold"":0.58,""positives"":165,""precision"":1.0,""threshold"":0.58,""tn"":155,""tp"":165,""weighted_covered_error"":0.0}}","{""balance_score"":0.006250000000000033,""calibration_group_counts_by_label"":{""0"":31,""1"":33},""calibration_groups"":64,""calibration_label_counts"":{""0"":155,""1"":165},""calibration_records"":320,""fit_group_counts_by_label"":{""0"":47,""1"":49},""fit_groups"":96,""fit_label_counts"":{""0"":235,""1"":245},""fit_records"":480,""group_overlap"":0}","[{""fit_group_counts_by_label"":{""0"":16,""1"":16},""fit_groups"":32,""fit_records"":160,""fold"":0,""group_overlap"":0,""validation_group_counts_by_label"":{""0"":15,""1"":17},""validation_groups"":32,""validation_records"":160},{""fit_group_counts_by_label"":{""0"":15,""1"":17},""fit_groups"":32,""fit_records"":160,""fold"":1,""group_overlap"":0,""validation_group_counts_by_label"":{""0"":16,""1"":16},""validation_groups"":32,""validation_records"":160}]",0
deduplication__embedding__multilingual_e5_small__mlp,deduplication,embedding,multilingual_e5_small,mlp,2,800,200,160,40,0,143.6104825999937,0.3297972999862395,0.05064460000721738,0.2532230000360869,classifier_pipeline_with_precomputed_embedding,"{""model__alpha"":0.001,""model__hidden_layer_sizes"":[16]}",-0.03958333333333334,"{""curve_points"":2450,""eligible"":true,""negative_threshold"":0.06,""positive_threshold"":0.92,""selected"":{""abstained"":0,""automated_false_negative_rate"":0.0,""automated_false_positive_rate"":0.0,""automation_duplicate_recall"":1.0,""automation_nonduplicate_recall"":1.0,""coverage"":1.0,""covered"":320,""covered_error_rate"":0.0,""false_negative_cost"":5.0,""false_positive_cost"":1.0,""fn"":0,""fp"":0,""negative_predictive_value"":1.0,""negative_threshold"":0.06,""negatives"":165,""positive_threshold"":0.92,""positives"":155,""precision"":1.0,""threshold"":0.92,""tn"":165,""tp"":155,""weighted_covered_error"":0.0}}","{""balance_score"":0.006250000000000033,""calibration_group_counts_by_label"":{""0"":33,""1"":31},""calibration_groups"":64,""calibration_label_counts"":{""0"":165,""1"":155},""calibration_records"":320,""fit_group_counts_by_label"":{""0"":50,""1"":46},""fit_groups"":96,""fit_label_counts"":{""0"":250,""1"":230},""fit_records"":480,""group_overlap"":0}","[{""fit_group_counts_by_label"":{""0"":14,""1"":18},""fit_groups"":32,""fit_records"":160,""fold"":0,""group_overlap"":0,""validation_group_counts_by_label"":{""0"":19,""1"":13},""validation_groups"":32,""validation_records"":160},{""fit_group_counts_by_label"":{""0"":19,""1"":13},""fit_groups"":32,""fit_records"":160,""fold"":1,""group_overlap"":0,""validation_group_counts_by_label"":{""0"":14,""1"":18},""validation_groups"":32,""validation_records"":160}]",0
deduplication__embedding__multilingual_e5_small__mlp,deduplication,embedding,multilingual_e5_small,mlp,3,800,200,160,40,0,132.86751860001823,0.3018405999755487,0.04863110004225746,0.2431555002112873,classifier_pipeline_with_precomputed_embedding,"{""model__alpha"":0.001,""model__hidden_layer_sizes"":[16]}",-0.12083333333333333,"{""curve_points"":2450,""eligible"":true,""negative_threshold"":0.46,""positive_threshold"":0.96,""selected"":{""abstained"":0,""automated_false_negative_rate"":0.0,""automated_false_positive_rate"":0.0,""automation_duplicate_recall"":1.0,""automation_nonduplicate_recall"":1.0,""coverage"":1.0,""covered"":320,""covered_error_rate"":0.0,""false_negative_cost"":5.0,""false_positive_cost"":1.0,""fn"":0,""fp"":0,""negative_predictive_value"":1.0,""negative_threshold"":0.46,""negatives"":155,""positive_threshold"":0.96,""positives"":165,""precision"":1.0,""threshold"":0.96,""tn"":155,""tp"":165,""weighted_covered_error"":0.0}}","{""balance_score"":0.006250000000000033,""calibration_group_counts_by_label"":{""0"":31,""1"":33},""calibration_groups"":64,""calibration_label_counts"":{""0"":155,""1"":165},""calibration_records"":320,""fit_group_counts_by_label"":{""0"":47,""1"":49},""fit_groups"":96,""fit_label_counts"":{""0"":235,""1"":245},""fit_records"":480,""group_overlap"":0}","[{""fit_group_counts_by_label"":{""0"":17,""1"":15},""fit_groups"":32,""fit_records"":160,""fold"":0,""group_overlap"":0,""validation_group_counts_by_label"":{""0"":14,""1"":18},""validation_groups"":32,""validation_records"":160},{""fit_group_counts_by_label"":{""0"":14,""1"":18},""fit_groups"":32,""fit_records"":160,""fold"":1,""group_overlap"":0,""validation_group_counts_by_label"":{""0"":17,""1"":15},""validation_groups"":32,""validation_records"":160}]",0
deduplication__embedding__multilingual_e5_small__mlp,deduplication,embedding,multilingual_e5_small,mlp,4,800,200,160,40,0,100.66059119999409,0.23125379998236895,0.039254600007552654,0.19627300003776327,classifier_pipeline_with_precomputed_embedding,"{""model__alpha"":0.001,""model__hidden_layer_sizes"":[16]}",-0.03333333333333333,"{""curve_points"":2450,""eligible"":true,""negative_threshold"":0.13,""positive_threshold"":0.96,""selected"":{""abstained"":0,""automated_false_negative_rate"":0.0,""automated_false_positive_rate"":0.0,""automation_duplicate_recall"":1.0,""automation_nonduplicate_recall"":1.0,""coverage"":1.0,""covered"":320,""covered_error_rate"":0.0,""false_negative_cost"":5.0,""false_positive_cost"":1.0,""fn"":0,""fp"":0,""negative_predictive_value"":1.0,""negative_threshold"":0.13,""negatives"":155,""positive_threshold"":0.96,""positives"":165,""precision"":1.0,""threshold"":0.96,""tn"":155,""tp"":165,""weighted_covered_error"":0.0}}","{""balance_score"":0.006250000000000033,""calibration_group_counts_by_label"":{""0"":31,""1"":33},""calibration_groups"":64,""calibration_label_counts"":{""0"":155,""1"":165},""calibration_records"":320,""fit_group_counts_by_label"":{""0"":47,""1"":49},""fit_groups"":96,""fit_label_counts"":{""0"":235,""1"":245},""fit_records"":480,""group_overlap"":0}","[{""fit_group_counts_by_label"":{""0"":18,""1"":14},""fit_groups"":32,""fit_records"":160,""fold"":0,""group_overlap"":0,""validation_group_counts_by_label"":{""0"":13,""1"":19},""validation_groups"":32,""validation_records"":160},{""fit_group_counts_by_label"":{""0"":13,""1"":19},""fit_groups"":32,""fit_records"":160,""fold"":1,""group_overlap"":0,""validation_group_counts_by_label"":{""0"":18,""1"":14},""validation_groups"":32,""validation_records"":160}]",0
deduplication__embedding__multilingual_e5_small__xgboost,deduplication,embedding,multilingual_e5_small,xgboost,0,800,200,160,40,0,22.659591600007843,0.11976480000885203,0.012947400042321533,0.06473700021160766,classifier_pipeline_with_precomputed_embedding,"{""model__learning_rate"":0.05,""model__max_depth"":2,""model__n_estimators"":160}",-0.07291666666666667,"{""curve_points"":2450,""eligible"":true,""negative_threshold"":0.16,""positive_threshold"":0.94,""selected"":{""abstained"":8,""automated_false_negative_rate"":0.0,""automated_false_positive_rate"":0.0,""automation_duplicate_recall"":0.967741935483871,""automation_nonduplicate_recall"":0.9818181818181818,""coverage"":0.975,""covered"":312,""covered_error_rate"":0.0,""false_negative_cost"":5.0,""false_positive_cost"":1.0,""fn"":0,""fp"":0,""negative_predictive_value"":1.0,""negative_threshold"":0.16,""negatives"":165,""positive_threshold"":0.94,""positives"":155,""precision"":1.0,""threshold"":0.94,""tn"":162,""tp"":150,""weighted_covered_error"":0.0}}","{""balance_score"":0.006250000000000033,""calibration_group_counts_by_label"":{""0"":33,""1"":31},""calibration_groups"":64,""calibration_label_counts"":{""0"":165,""1"":155},""calibration_records"":320,""fit_group_counts_by_label"":{""0"":50,""1"":46},""fit_groups"":96,""fit_label_counts"":{""0"":250,""1"":230},""fit_records"":480,""group_overlap"":0}","[{""fit_group_counts_by_label"":{""0"":14,""1"":18},""fit_groups"":32,""fit_records"":160,""fold"":0,""group_overlap"":0,""validation_group_counts_by_label"":{""0"":19,""1"":13},""validation_groups"":32,""validation_records"":160},{""fit_group_counts_by_label"":{""0"":19,""1"":13},""fit_groups"":32,""fit_records"":160,""fold"":1,""group_overlap"":0,""validation_group_counts_by_label"":{""0"":14,""1"":18},""validation_groups"":32,""validation_records"":160}]",0
deduplication__embedding__multilingual_e5_small__xgboost,deduplication,embedding,multilingual_e5_small,xgboost,1,800,200,160,40,0,24.087466900004074,0.12876489997142926,0.01684009999735281,0.08420049998676404,classifier_pipeline_with_precomputed_embedding,"{""model__learning_rate"":0.05,""model__max_depth"":4,""model__n_estimators"":160}",-0.12708333333333333,"{""curve_points"":2450,""eligible"":false,""negative_threshold"":null,""positive_threshold"":null,""selected"":null}","{""balance_score"":0.006250000000000033,""calibration_group_counts_by_label"":{""0"":31,""1"":33},""calibration_groups"":64,""calibration_label_counts"":{""0"":155,""1"":165},""calibration_records"":320,""fit_group_counts_by_label"":{""0"":47,""1"":49},""fit_groups"":96,""fit_label_counts"":{""0"":235,""1"":245},""fit_records"":480,""group_overlap"":0}","[{""fit_group_counts_by_label"":{""0"":16,""1"":16},""fit_groups"":32,""fit_records"":160,""fold"":0,""group_overlap"":0,""validation_group_counts_by_label"":{""0"":15,""1"":17},""validation_groups"":32,""validation_records"":160},{""fit_group_counts_by_label"":{""0"":15,""1"":17},""fit_groups"":32,""fit_records"":160,""fold"":1,""group_overlap"":0,""validation_group_counts_by_label"":{""0"":16,""1"":16},""validation_groups"":32,""validation_records"":160}]",0
deduplication__embedding__multilingual_e5_small__xgboost,deduplication,embedding,multilingual_e5_small,xgboost,2,800,200,160,40,0,22.332582100003492,0.12531730002956465,0.014306200027931482,0.07153100013965741,classifier_pipeline_with_precomputed_embedding,"{""model__learning_rate"":0.05,""model__max_depth"":2,""model__n_estimators"":160}",-0.08125,"{""curve_points"":2450,""eligible"":true,""negative_threshold"":0.11,""positive_threshold"":0.68,""selected"":{""abstained"":10,""automated_false_negative_rate"":0.0,""automated_false_positive_rate"":0.0,""automation_duplicate_recall"":0.967741935483871,""automation_nonduplicate_recall"":0.9696969696969697,""coverage"":0.96875,""covered"":310,""covered_error_rate"":0.0,""false_negative_cost"":5.0,""false_positive_cost"":1.0,""fn"":0,""fp"":0,""negative_predictive_value"":1.0,""negative_threshold"":0.11,""negatives"":165,""positive_threshold"":0.68,""positives"":155,""precision"":1.0,""threshold"":0.68,""tn"":160,""tp"":150,""weighted_covered_error"":0.0}}","{""balance_score"":0.006250000000000033,""calibration_group_counts_by_label"":{""0"":33,""1"":31},""calibration_groups"":64,""calibration_label_counts"":{""0"":165,""1"":155},""calibration_records"":320,""fit_group_counts_by_label"":{""0"":50,""1"":46},""fit_groups"":96,""fit_label_counts"":{""0"":250,""1"":230},""fit_records"":480,""group_overlap"":0}","[{""fit_group_counts_by_label"":{""0"":14,""1"":18},""fit_groups"":32,""fit_records"":160,""fold"":0,""group_overlap"":0,""validation_group_counts_by_label"":{""0"":19,""1"":13},""validation_groups"":32,""validation_records"":160},{""fit_group_counts_by_label"":{""0"":19,""1"":13},""fit_groups"":32,""fit_records"":160,""fold"":1,""group_overlap"":0,""validation_group_counts_by_label"":{""0"":14,""1"":18},""validation_groups"":32,""validation_records"":160}]",0
deduplication__embedding__multilingual_e5_small__xgboost,deduplication,embedding,multilingual_e5_small,xgboost,3,800,200,160,40,0,22.029236199974548,0.13349839998409152,0.013739900023210794,0.06869950011605397,classifier_pipeline_with_precomputed_embedding,"{""model__learning_rate"":0.05,""model__max_depth"":2,""model__n_estimators"":160}",-0.16874999999999998,"{""curve_points"":2450,""eligible"":true,""negative_threshold"":0.46,""positive_threshold"":0.81,""selected"":{""abstained"":6,""automated_false_negative_rate"":0.0,""automated_false_positive_rate"":0.0,""automation_duplicate_recall"":0.9696969696969697,""automation_nonduplicate_recall"":0.9935483870967742,""coverage"":0.98125,""covered"":314,""covered_error_rate"":0.0,""false_negative_cost"":5.0,""false_positive_cost"":1.0,""fn"":0,""fp"":0,""negative_predictive_value"":1.0,""negative_threshold"":0.46,""negatives"":155,""positive_threshold"":0.81,""positives"":165,""precision"":1.0,""threshold"":0.81,""tn"":154,""tp"":160,""weighted_covered_error"":0.0}}","{""balance_score"":0.006250000000000033,""calibration_group_counts_by_label"":{""0"":31,""1"":33},""calibration_groups"":64,""calibration_label_counts"":{""0"":155,""1"":165},""calibration_records"":320,""fit_group_counts_by_label"":{""0"":47,""1"":49},""fit_groups"":96,""fit_label_counts"":{""0"":235,""1"":245},""fit_records"":480,""group_overlap"":0}","[{""fit_group_counts_by_label"":{""0"":17,""1"":15},""fit_groups"":32,""fit_records"":160,""fold"":0,""group_overlap"":0,""validation_group_counts_by_label"":{""0"":14,""1"":18},""validation_groups"":32,""validation_records"":160},{""fit_group_counts_by_label"":{""0"":14,""1"":18},""fit_groups"":32,""fit_records"":160,""fold"":1,""group_overlap"":0,""validation_group_counts_by_label"":{""0"":17,""1"":15},""validation_groups"":32,""validation_records"":160}]",0
deduplication__embedding__multilingual_e5_small__xgboost,deduplication,embedding,multilingual_e5_small,xgboost,4,800,200,160,40,0,25.575925899960566,0.14942299999529496,0.013260499981697649,0.06630249990848824,classifier_pipeline_with_precomputed_embedding,"{""model__learning_rate"":0.05,""model__max_depth"":4,""model__n_estimators"":160}",-0.05833333333333333,"{""curve_points"":2450,""eligible"":true,""negative_threshold"":0.07,""positive_threshold"":0.98,""selected"":{""abstained"":110,""automated_false_negative_rate"":0.0,""automated_false_positive_rate"":0.0,""automation_duplicate_recall"":0.3939393939393939,""automation_nonduplicate_recall"":0.9354838709677419,""coverage"":0.65625,""covered"":210,""covered_error_rate"":0.0,""false_negative_cost"":5.0,""false_positive_cost"":1.0,""fn"":0,""fp"":0,""negative_predictive_value"":1.0,""negative_threshold"":0.07,""negatives"":155,""positive_threshold"":0.98,""positives"":165,""precision"":1.0,""threshold"":0.98,""tn"":145,""tp"":65,""weighted_covered_error"":0.0}}","{""balance_score"":0.006250000000000033,""calibration_group_counts_by_label"":{""0"":31,""1"":33},""calibration_groups"":64,""calibration_label_counts"":{""0"":155,""1"":165},""calibration_records"":320,""fit_group_counts_by_label"":{""0"":47,""1"":49},""fit_groups"":96,""fit_label_counts"":{""0"":235,""1"":245},""fit_records"":480,""group_overlap"":0}","[{""fit_group_counts_by_label"":{""0"":18,""1"":14},""fit_groups"":32,""fit_records"":160,""fold"":0,""group_overlap"":0,""validation_group_counts_by_label"":{""0"":13,""1"":19},""validation_groups"":32,""validation_records"":160},{""fit_group_counts_by_label"":{""0"":13,""1"":19},""fit_groups"":32,""fit_records"":160,""fold"":1,""group_overlap"":0,""validation_group_counts_by_label"":{""0"":18,""1"":14},""validation_groups"":32,""validation_records"":160}]",0
classification__embedding__multilingual_minilm_l12__logistic_regression,classification,embedding,multilingual_minilm_l12,logistic_regression,0,893,221,184,46,0,1.003143200010527,0.09914409997873008,0.00712199998088181,0.032226244257383754,classifier_pipeline_with_precomputed_embedding,"{""model__C"":10.0}",0.8808377865144194,"{""automatic_maintenance_as_obra"":0,""automatic_non_obra_as_obra"":0,""coverage"":0.5128939828080229,""covered"":179,""eligible"":true,""errors"":11,""obra_threshold"":0.9,""risk"":0.061452513966480445,""threshold"":0.77}","{""balance_score"":0.02054758917656277,""calibration_group_counts_by_label"":{""0"":15,""1"":23,""2"":25,""3"":11},""calibration_groups"":74,""calibration_label_counts"":{""0"":68,""1"":113,""2"":118,""3"":50},""calibration_records"":349,""fit_group_counts_by_label"":{""0"":22,""1"":35,""2"":38,""3"":15},""fit_groups"":110,""fit_label_counts"":{""0"":106,""1"":175,""2"":189,""3"":74},""fit_records"":544,""group_overlap"":0}","[{""fit_group_counts_by_label"":{""0"":10,""1"":11,""2"":14,""3"":2},""fit_groups"":37,""fit_records"":174,""fold"":0,""group_overlap"":0,""validation_group_counts_by_label"":{""0"":5,""1"":12,""2"":11,""3"":9},""validation_groups"":37,""validation_records"":175},{""fit_group_counts_by_label"":{""0"":5,""1"":12,""2"":11,""3"":9},""fit_groups"":37,""fit_records"":175,""fold"":1,""group_overlap"":0,""validation_group_counts_by_label"":{""0"":10,""1"":11,""2"":14,""3"":2},""validation_groups"":37,""validation_records"":174}]",0
classification__embedding__multilingual_minilm_l12__logistic_regression,classification,embedding,multilingual_minilm_l12,logistic_regression,1,895,219,185,45,0,0.8307839999906719,0.09807659999933094,0.006931399984750897,0.03165022824087167,classifier_pipeline_with_precomputed_embedding,"{""model__C"":1.0}",0.8073593374175424,"{""automatic_maintenance_as_obra"":0,""automatic_non_obra_as_obra"":0,""coverage"":0.505586592178771,""covered"":181,""eligible"":true,""errors"":3,""obra_threshold"":0.9,""risk"":0.016574585635359115,""threshold"":0.86}","{""balance_score"":0.02346368715083802,""calibration_group_counts_by_label"":{""0"":16,""1"":25,""2"":22,""3"":11},""calibration_groups"":74,""calibration_label_counts"":{""0"":73,""1"":123,""2"":107,""3"":55},""calibration_records"":358,""fit_group_counts_by_label"":{""0"":24,""1"":35,""2"":34,""3"":18},""fit_groups"":111,""fit_label_counts"":{""0"":117,""1"":174,""2"":163,""3"":83},""fit_records"":537,""group_overlap"":0}","[{""fit_group_counts_by_label"":{""0"":8,""1"":12,""2"":9,""3"":7},""fit_groups"":36,""fit_records"":173,""fold"":0,""group_overlap"":0,""validation_group_counts_by_label"":{""0"":8,""1"":13,""2"":13,""3"":4},""validation_groups"":38,""validation_records"":185},{""fit_group_counts_by_label"":{""0"":8,""1"":13,""2"":13,""3"":4},""fit_groups"":38,""fit_records"":185,""fold"":1,""group_overlap"":0,""validation_group_counts_by_label"":{""0"":8,""1"":12,""2"":9,""3"":7},""validation_groups"":36,""validation_records"":173}]",0
classification__embedding__multilingual_minilm_l12__logistic_regression,classification,embedding,multilingual_minilm_l12,logistic_regression,2,882,232,183,47,0,0.829836199991405,0.09751990000950173,0.006628600007388741,0.02857155175598595,classifier_pipeline_with_precomputed_embedding,"{""model__C"":10.0}",0.8172213671709189,"{""automatic_maintenance_as_obra"":0,""automatic_non_obra_as_obra"":0,""coverage"":0.6055555555555555,""covered"":218,""eligible"":true,""errors"":2,""obra_threshold"":0.9,""risk"":0.009174311926605505,""threshold"":0.82}","{""balance_score"":0.018253968253968272,""calibration_group_counts_by_label"":{""0"":14,""1"":24,""2"":25,""3"":11},""calibration_groups"":74,""calibration_label_counts"":{""0"":64,""1"":118,""2"":123,""3"":55},""calibration_records"":360,""fit_group_counts_by_label"":{""0"":20,""1"":34,""2"":37,""3"":18},""fit_groups"":109,""fit_label_counts"":{""0"":94,""1"":168,""2"":177,""3"":83},""fit_records"":522,""group_overlap"":0}","[{""fit_group_counts_by_label"":{""0"":5,""1"":15,""2"":12,""3"":5},""fit_groups"":37,""fit_records"":177,""fold"":0,""group_overlap"":0,""validation_group_counts_by_label"":{""0"":9,""1"":9,""2"":13,""3"":6},""validation_groups"":37,""validation_records"":183},{""fit_group_counts_by_label"":{""0"":9,""1"":9,""2"":13,""3"":6},""fit_groups"":37,""fit_records"":183,""fold"":1,""group_overlap"":0,""validation_group_counts_by_label"":{""0"":5,""1"":15,""2"":12,""3"":5},""validation_groups"":37,""validation_records"":177}]",0
classification__embedding__multilingual_minilm_l12__logistic_regression,classification,embedding,multilingual_minilm_l12,logistic_regression,3,898,216,184,46,0,0.8285210000467487,0.09563350002281368,0.00684200000250712,0.03167592593753296,classifier_pipeline_with_precomputed_embedding,"{""model__C"":10.0}",0.8703690910521845,"{""eligible"":false,""obra_threshold"":0.9,""threshold"":null}","{""balance_score"":0.01463746597376886,""calibration_group_counts_by_label"":{""0"":17,""1"":23,""2"":22,""3"":12},""calibration_groups"":74,""calibration_label_counts"":{""0"":80,""1"":114,""2"":107,""3"":59},""calibration_records"":360,""fit_group_counts_by_label"":{""0"":25,""1"":35,""2"":33,""3"":17},""fit_groups"":110,""fit_label_counts"":{""0"":120,""1"":173,""2"":163,""3"":82},""fit_records"":538,""group_overlap"":0}","[{""fit_group_counts_by_label"":{""0"":7,""1"":13,""2"":13,""3"":4},""fit_groups"":37,""fit_records"":181,""fold"":0,""group_overlap"":0,""validation_group_counts_by_label"":{""0"":10,""1"":10,""2"":9,""3"":8},""validation_groups"":37,""validation_records"":179},{""fit_group_counts_by_label"":{""0"":10,""1"":10,""2"":9,""3"":8},""fit_groups"":37,""fit_records"":179,""fold"":1,""group_overlap"":0,""validation_group_counts_by_label"":{""0"":7,""1"":13,""2"":13,""3"":4},""validation_groups"":37,""validation_records"":181}]",0
classification__embedding__multilingual_minilm_l12__logistic_regression,classification,embedding,multilingual_minilm_l12,logistic_regression,4,888,226,184,46,0,0.8149933000095189,0.15745349996723235,0.016263899975456297,0.07196415918343495,classifier_pipeline_with_precomputed_embedding,"{""model__C"":10.0}",0.8206812195098809,"{""automatic_maintenance_as_obra"":0,""automatic_non_obra_as_obra"":0,""coverage"":0.5786516853932584,""covered"":206,""eligible"":true,""errors"":9,""obra_threshold"":0.9,""risk"":0.043689320388349516,""threshold"":0.77}","{""balance_score"":0.02888956372102444,""calibration_group_counts_by_label"":{""0"":17,""1"":22,""2"":21,""3"":14},""calibration_groups"":74,""calibration_label_counts"":{""0"":76,""1"":109,""2"":103,""3"":68},""calibration_records"":356,""fit_group_counts_by_label"":{""0"":26,""1"":32,""2"":31,""3"":21},""fit_groups"":110,""fit_label_counts"":{""0"":126,""1"":157,""2"":150,""3"":99},""fit_records"":532,""group_overlap"":0}","[{""fit_group_counts_by_label"":{""0"":8,""1"":11,""2"":12,""3"":5},""fit_groups"":36,""fit_records"":172,""fold"":0,""group_overlap"":0,""validation_group_counts_by_label"":{""0"":9,""1"":11,""2"":9,""3"":9},""validation_groups"":38,""validation_records"":184},{""fit_group_counts_by_label"":{""0"":9,""1"":11,""2"":9,""3"":9},""fit_groups"":38,""fit_records"":184,""fold"":1,""group_overlap"":0,""validation_group_counts_by_label"":{""0"":8,""1"":11,""2"":12,""3"":5},""validation_groups"":36,""validation_records"":172}]",0
classification__embedding__multilingual_minilm_l12__decision_tree,classification,embedding,multilingual_minilm_l12,decision_tree,0,893,221,184,46,0,2.0809440999873914,0.0835349999833852,0.006009700009599328,0.02719321271311913,classifier_pipeline_with_precomputed_embedding,"{""model__max_depth"":6,""model__min_samples_leaf"":2}",0.5956922594985027,"{""eligible"":false,""obra_threshold"":0.9,""threshold"":null}","{""balance_score"":0.02054758917656277,""calibration_group_counts_by_label"":{""0"":15,""1"":23,""2"":25,""3"":11},""calibration_groups"":74,""calibration_label_counts"":{""0"":68,""1"":113,""2"":118,""3"":50},""calibration_records"":349,""fit_group_counts_by_label"":{""0"":22,""1"":35,""2"":38,""3"":15},""fit_groups"":110,""fit_label_counts"":{""0"":106,""1"":175,""2"":189,""3"":74},""fit_records"":544,""group_overlap"":0}","[{""fit_group_counts_by_label"":{""0"":10,""1"":11,""2"":14,""3"":2},""fit_groups"":37,""fit_records"":174,""fold"":0,""group_overlap"":0,""validation_group_counts_by_label"":{""0"":5,""1"":12,""2"":11,""3"":9},""validation_groups"":37,""validation_records"":175},{""fit_group_counts_by_label"":{""0"":5,""1"":12,""2"":11,""3"":9},""fit_groups"":37,""fit_records"":175,""fold"":1,""group_overlap"":0,""validation_group_counts_by_label"":{""0"":10,""1"":11,""2"":14,""3"":2},""validation_groups"":37,""validation_records"":174}]",0
classification__embedding__multilingual_minilm_l12__decision_tree,classification,embedding,multilingual_minilm_l12,decision_tree,1,895,219,185,45,0,1.9662177999853157,0.0841064999694936,0.005808399990200996,0.026522374384479436,classifier_pipeline_with_precomputed_embedding,"{""model__max_depth"":6,""model__min_samples_leaf"":2}",0.4839210493572168,"{""eligible"":false,""obra_threshold"":0.9,""threshold"":null}","{""balance_score"":0.02346368715083802,""calibration_group_counts_by_label"":{""0"":16,""1"":25,""2"":22,""3"":11},""calibration_groups"":74,""calibration_label_counts"":{""0"":73,""1"":123,""2"":107,""3"":55},""calibration_records"":358,""fit_group_counts_by_label"":{""0"":24,""1"":35,""2"":34,""3"":18},""fit_groups"":111,""fit_label_counts"":{""0"":117,""1"":174,""2"":163,""3"":83},""fit_records"":537,""group_overlap"":0}","[{""fit_group_counts_by_label"":{""0"":8,""1"":12,""2"":9,""3"":7},""fit_groups"":36,""fit_records"":173,""fold"":0,""group_overlap"":0,""validation_group_counts_by_label"":{""0"":8,""1"":13,""2"":13,""3"":4},""validation_groups"":38,""validation_records"":185},{""fit_group_counts_by_label"":{""0"":8,""1"":13,""2"":13,""3"":4},""fit_groups"":38,""fit_records"":185,""fold"":1,""group_overlap"":0,""validation_group_counts_by_label"":{""0"":8,""1"":12,""2"":9,""3"":7},""validation_groups"":36,""validation_records"":173}]",0
classification__embedding__multilingual_minilm_l12__decision_tree,classification,embedding,multilingual_minilm_l12,decision_tree,2,882,232,183,47,0,1.9398582999710925,0.08211949997348711,0.0062898999894969165,0.027111637885762572,classifier_pipeline_with_precomputed_embedding,"{""model__max_depth"":6,""model__min_samples_leaf"":2}",0.5313136952319262,"{""eligible"":false,""obra_threshold"":0.9,""threshold"":null}","{""balance_score"":0.018253968253968272,""calibration_group_counts_by_label"":{""0"":14,""1"":24,""2"":25,""3"":11},""calibration_groups"":74,""calibration_label_counts"":{""0"":64,""1"":118,""2"":123,""3"":55},""calibration_records"":360,""fit_group_counts_by_label"":{""0"":20,""1"":34,""2"":37,""3"":18},""fit_groups"":109,""fit_label_counts"":{""0"":94,""1"":168,""2"":177,""3"":83},""fit_records"":522,""group_overlap"":0}","[{""fit_group_counts_by_label"":{""0"":5,""1"":15,""2"":12,""3"":5},""fit_groups"":37,""fit_records"":177,""fold"":0,""group_overlap"":0,""validation_group_counts_by_label"":{""0"":9,""1"":9,""2"":13,""3"":6},""validation_groups"":37,""validation_records"":183},{""fit_group_counts_by_label"":{""0"":9,""1"":9,""2"":13,""3"":6},""fit_groups"":37,""fit_records"":183,""fold"":1,""group_overlap"":0,""validation_group_counts_by_label"":{""0"":5,""1"":15,""2"":12,""3"":5},""validation_groups"":37,""validation_records"":177}]",0
classification__embedding__multilingual_minilm_l12__decision_tree,classification,embedding,multilingual_minilm_l12,decision_tree,3,898,216,184,46,0,1.8410448999493383,0.08330810000188649,0.006131600006483495,0.028387037067053218,classifier_pipeline_with_precomputed_embedding,"{""model__max_depth"":3,""model__min_samples_leaf"":2}",0.562346685221597,"{""eligible"":false,""obra_threshold"":0.9,""threshold"":null}","{""balance_score"":0.01463746597376886,""calibration_group_counts_by_label"":{""0"":17,""1"":23,""2"":22,""3"":12},""calibration_groups"":74,""calibration_label_counts"":{""0"":80,""1"":114,""2"":107,""3"":59},""calibration_records"":360,""fit_group_counts_by_label"":{""0"":25,""1"":35,""2"":33,""3"":17},""fit_groups"":110,""fit_label_counts"":{""0"":120,""1"":173,""2"":163,""3"":82},""fit_records"":538,""group_overlap"":0}","[{""fit_group_counts_by_label"":{""0"":7,""1"":13,""2"":13,""3"":4},""fit_groups"":37,""fit_records"":181,""fold"":0,""group_overlap"":0,""validation_group_counts_by_label"":{""0"":10,""1"":10,""2"":9,""3"":8},""validation_groups"":37,""validation_records"":179},{""fit_group_counts_by_label"":{""0"":10,""1"":10,""2"":9,""3"":8},""fit_groups"":37,""fit_records"":179,""fold"":1,""group_overlap"":0,""validation_group_counts_by_label"":{""0"":7,""1"":13,""2"":13,""3"":4},""validation_groups"":37,""validation_records"":181}]",0
classification__embedding__multilingual_minilm_l12__decision_tree,classification,embedding,multilingual_minilm_l12,decision_tree,4,888,226,184,46,0,2.2016395999817178,0.08776669995859265,0.00605379999615252,0.02678672564669257,classifier_pipeline_with_precomputed_embedding,"{""model__max_depth"":6,""model__min_samples_leaf"":2}",0.46351274619214866,"{""eligible"":false,""obra_threshold"":0.9,""threshold"":null}","{""balance_score"":0.02888956372102444,""calibration_group_counts_by_label"":{""0"":17,""1"":22,""2"":21,""3"":14},""calibration_groups"":74,""calibration_label_counts"":{""0"":76,""1"":109,""2"":103,""3"":68},""calibration_records"":356,""fit_group_counts_by_label"":{""0"":26,""1"":32,""2"":31,""3"":21},""fit_groups"":110,""fit_label_counts"":{""0"":126,""1"":157,""2"":150,""3"":99},""fit_records"":532,""group_overlap"":0}","[{""fit_group_counts_by_label"":{""0"":8,""1"":11,""2"":12,""3"":5},""fit_groups"":36,""fit_records"":172,""fold"":0,""group_overlap"":0,""validation_group_counts_by_label"":{""0"":9,""1"":11,""2"":9,""3"":9},""validation_groups"":38,""validation_records"":184},{""fit_group_counts_by_label"":{""0"":9,""1"":11,""2"":9,""3"":9},""fit_groups"":38,""fit_records"":184,""fold"":1,""group_overlap"":0,""validation_group_counts_by_label"":{""0"":8,""1"":11,""2"":12,""3"":5},""validation_groups"":36,""validation_records"":172}]",0
classification__embedding__multilingual_minilm_l12__linear_svm,classification,embedding,multilingual_minilm_l12,linear_svm,0,893,221,184,46,0,0.962043099978473,0.09317960002226755,0.00651920004747808,0.029498642748769593,classifier_pipeline_with_precomputed_embedding,"{""model__C"":10.0}",0.8893467946980221,"{""automatic_maintenance_as_obra"":0,""automatic_non_obra_as_obra"":0,""coverage"":0.5386819484240688,""covered"":188,""eligible"":true,""errors"":7,""obra_threshold"":0.9,""risk"":0.03723404255319149,""threshold"":0.78}","{""balance_score"":0.02054758917656277,""calibration_group_counts_by_label"":{""0"":15,""1"":23,""2"":25,""3"":11},""calibration_groups"":74,""calibration_label_counts"":{""0"":68,""1"":113,""2"":118,""3"":50},""calibration_records"":349,""fit_group_counts_by_label"":{""0"":22,""1"":35,""2"":38,""3"":15},""fit_groups"":110,""fit_label_counts"":{""0"":106,""1"":175,""2"":189,""3"":74},""fit_records"":544,""group_overlap"":0}","[{""fit_group_counts_by_label"":{""0"":10,""1"":11,""2"":14,""3"":2},""fit_groups"":37,""fit_records"":174,""fold"":0,""group_overlap"":0,""validation_group_counts_by_label"":{""0"":5,""1"":12,""2"":11,""3"":9},""validation_groups"":37,""validation_records"":175},{""fit_group_counts_by_label"":{""0"":5,""1"":12,""2"":11,""3"":9},""fit_groups"":37,""fit_records"":175,""fold"":1,""group_overlap"":0,""validation_group_counts_by_label"":{""0"":10,""1"":11,""2"":14,""3"":2},""validation_groups"":37,""validation_records"":174}]",0
classification__embedding__multilingual_minilm_l12__linear_svm,classification,embedding,multilingual_minilm_l12,linear_svm,1,895,219,185,45,0,0.9688345000031404,0.12975789996562526,0.010908900003414601,0.049812328782715076,classifier_pipeline_with_precomputed_embedding,"{""model__C"":1.0}",0.7970710760748135,"{""automatic_maintenance_as_obra"":0,""automatic_non_obra_as_obra"":0,""coverage"":0.5558659217877095,""covered"":199,""eligible"":true,""errors"":1,""obra_threshold"":0.9,""risk"":0.005025125628140704,""threshold"":0.9}","{""balance_score"":0.02346368715083802,""calibration_group_counts_by_label"":{""0"":16,""1"":25,""2"":22,""3"":11},""calibration_groups"":74,""calibration_label_counts"":{""0"":73,""1"":123,""2"":107,""3"":55},""calibration_records"":358,""fit_group_counts_by_label"":{""0"":24,""1"":35,""2"":34,""3"":18},""fit_groups"":111,""fit_label_counts"":{""0"":117,""1"":174,""2"":163,""3"":83},""fit_records"":537,""group_overlap"":0}","[{""fit_group_counts_by_label"":{""0"":8,""1"":12,""2"":9,""3"":7},""fit_groups"":36,""fit_records"":173,""fold"":0,""group_overlap"":0,""validation_group_counts_by_label"":{""0"":8,""1"":13,""2"":13,""3"":4},""validation_groups"":38,""validation_records"":185},{""fit_group_counts_by_label"":{""0"":8,""1"":13,""2"":13,""3"":4},""fit_groups"":38,""fit_records"":185,""fold"":1,""group_overlap"":0,""validation_group_counts_by_label"":{""0"":8,""1"":12,""2"":9,""3"":7},""validation_groups"":36,""validation_records"":173}]",0
classification__embedding__multilingual_minilm_l12__linear_svm,classification,embedding,multilingual_minilm_l12,linear_svm,2,882,232,183,47,0,0.9342723000445403,0.09774179995292798,0.006523200019728392,0.028117241464346517,classifier_pipeline_with_precomputed_embedding,"{""model__C"":1.0}",0.8254966420728366,"{""automatic_maintenance_as_obra"":0,""automatic_non_obra_as_obra"":0,""coverage"":0.6027777777777777,""covered"":217,""eligible"":true,""errors"":2,""obra_threshold"":0.9,""risk"":0.009216589861751152,""threshold"":0.87}","{""balance_score"":0.018253968253968272,""calibration_group_counts_by_label"":{""0"":14,""1"":24,""2"":25,""3"":11},""calibration_groups"":74,""calibration_label_counts"":{""0"":64,""1"":118,""2"":123,""3"":55},""calibration_records"":360,""fit_group_counts_by_label"":{""0"":20,""1"":34,""2"":37,""3"":18},""fit_groups"":109,""fit_label_counts"":{""0"":94,""1"":168,""2"":177,""3"":83},""fit_records"":522,""group_overlap"":0}","[{""fit_group_counts_by_label"":{""0"":5,""1"":15,""2"":12,""3"":5},""fit_groups"":37,""fit_records"":177,""fold"":0,""group_overlap"":0,""validation_group_counts_by_label"":{""0"":9,""1"":9,""2"":13,""3"":6},""validation_groups"":37,""validation_records"":183},{""fit_group_counts_by_label"":{""0"":9,""1"":9,""2"":13,""3"":6},""fit_groups"":37,""fit_records"":183,""fold"":1,""group_overlap"":0,""validation_group_counts_by_label"":{""0"":5,""1"":15,""2"":12,""3"":5},""validation_groups"":37,""validation_records"":177}]",0
classification__embedding__multilingual_minilm_l12__linear_svm,classification,embedding,multilingual_minilm_l12,linear_svm,3,898,216,184,46,0,0.9375004000030458,0.09411539998836815,0.0062744999886490405,0.029048611058560374,classifier_pipeline_with_precomputed_embedding,"{""model__C"":10.0}",0.9077459643638801,"{""eligible"":false,""obra_threshold"":0.9,""threshold"":null}","{""balance_score"":0.01463746597376886,""calibration_group_counts_by_label"":{""0"":17,""1"":23,""2"":22,""3"":12},""calibration_groups"":74,""calibration_label_counts"":{""0"":80,""1"":114,""2"":107,""3"":59},""calibration_records"":360,""fit_group_counts_by_label"":{""0"":25,""1"":35,""2"":33,""3"":17},""fit_groups"":110,""fit_label_counts"":{""0"":120,""1"":173,""2"":163,""3"":82},""fit_records"":538,""group_overlap"":0}","[{""fit_group_counts_by_label"":{""0"":7,""1"":13,""2"":13,""3"":4},""fit_groups"":37,""fit_records"":181,""fold"":0,""group_overlap"":0,""validation_group_counts_by_label"":{""0"":10,""1"":10,""2"":9,""3"":8},""validation_groups"":37,""validation_records"":179},{""fit_group_counts_by_label"":{""0"":10,""1"":10,""2"":9,""3"":8},""fit_groups"":37,""fit_records"":179,""fold"":1,""group_overlap"":0,""validation_group_counts_by_label"":{""0"":7,""1"":13,""2"":13,""3"":4},""validation_groups"":37,""validation_records"":181}]",0
classification__embedding__multilingual_minilm_l12__linear_svm,classification,embedding,multilingual_minilm_l12,linear_svm,4,888,226,184,46,0,1.0506099000340328,0.09676380001474172,0.006604199996218085,0.029222123877071175,classifier_pipeline_with_precomputed_embedding,"{""model__C"":1.0}",0.8323425690859246,"{""automatic_maintenance_as_obra"":0,""automatic_non_obra_as_obra"":0,""coverage"":0.5056179775280899,""covered"":180,""eligible"":true,""errors"":3,""obra_threshold"":0.9,""risk"":0.016666666666666666,""threshold"":0.86}","{""balance_score"":0.02888956372102444,""calibration_group_counts_by_label"":{""0"":17,""1"":22,""2"":21,""3"":14},""calibration_groups"":74,""calibration_label_counts"":{""0"":76,""1"":109,""2"":103,""3"":68},""calibration_records"":356,""fit_group_counts_by_label"":{""0"":26,""1"":32,""2"":31,""3"":21},""fit_groups"":110,""fit_label_counts"":{""0"":126,""1"":157,""2"":150,""3"":99},""fit_records"":532,""group_overlap"":0}","[{""fit_group_counts_by_label"":{""0"":8,""1"":11,""2"":12,""3"":5},""fit_groups"":36,""fit_records"":172,""fold"":0,""group_overlap"":0,""validation_group_counts_by_label"":{""0"":9,""1"":11,""2"":9,""3"":9},""validation_groups"":38,""validation_records"":184},{""fit_group_counts_by_label"":{""0"":9,""1"":11,""2"":9,""3"":9},""fit_groups"":38,""fit_records"":184,""fold"":1,""group_overlap"":0,""validation_group_counts_by_label"":{""0"":8,""1"":11,""2"":12,""3"":5},""validation_groups"":36,""validation_records"":172}]",0
classification__embedding__multilingual_minilm_l12__mlp,classification,embedding,multilingual_minilm_l12,mlp,0,893,221,184,46,0,35.15252539998619,0.12136719998670742,0.009585599997080863,0.04337375564289983,classifier_pipeline_with_precomputed_embedding,"{""model__alpha"":0.001,""model__hidden_layer_sizes"":[16]}",0.8822985025816922,"{""automatic_maintenance_as_obra"":0,""automatic_non_obra_as_obra"":0,""coverage"":0.6532951289398281,""covered"":228,""eligible"":true,""errors"":13,""obra_threshold"":0.9,""risk"":0.05701754385964912,""threshold"":0.89}","{""balance_score"":0.02054758917656277,""calibration_group_counts_by_label"":{""0"":15,""1"":23,""2"":25,""3"":11},""calibration_groups"":74,""calibration_label_counts"":{""0"":68,""1"":113,""2"":118,""3"":50},""calibration_records"":349,""fit_group_counts_by_label"":{""0"":22,""1"":35,""2"":38,""3"":15},""fit_groups"":110,""fit_label_counts"":{""0"":106,""1"":175,""2"":189,""3"":74},""fit_records"":544,""group_overlap"":0}","[{""fit_group_counts_by_label"":{""0"":10,""1"":11,""2"":14,""3"":2},""fit_groups"":37,""fit_records"":174,""fold"":0,""group_overlap"":0,""validation_group_counts_by_label"":{""0"":5,""1"":12,""2"":11,""3"":9},""validation_groups"":37,""validation_records"":175},{""fit_group_counts_by_label"":{""0"":5,""1"":12,""2"":11,""3"":9},""fit_groups"":37,""fit_records"":175,""fold"":1,""group_overlap"":0,""validation_group_counts_by_label"":{""0"":10,""1"":11,""2"":14,""3"":2},""validation_groups"":37,""validation_records"":174}]",0
classification__embedding__multilingual_minilm_l12__mlp,classification,embedding,multilingual_minilm_l12,mlp,1,895,219,185,45,0,34.63656350004021,0.1853969999938272,0.019132899993564934,0.08736484015326454,classifier_pipeline_with_precomputed_embedding,"{""model__alpha"":0.001,""model__hidden_layer_sizes"":[32]}",0.789489091865784,"{""eligible"":false,""obra_threshold"":0.9,""threshold"":null}","{""balance_score"":0.02346368715083802,""calibration_group_counts_by_label"":{""0"":16,""1"":25,""2"":22,""3"":11},""calibration_groups"":74,""calibration_label_counts"":{""0"":73,""1"":123,""2"":107,""3"":55},""calibration_records"":358,""fit_group_counts_by_label"":{""0"":24,""1"":35,""2"":34,""3"":18},""fit_groups"":111,""fit_label_counts"":{""0"":117,""1"":174,""2"":163,""3"":83},""fit_records"":537,""group_overlap"":0}","[{""fit_group_counts_by_label"":{""0"":8,""1"":12,""2"":9,""3"":7},""fit_groups"":36,""fit_records"":173,""fold"":0,""group_overlap"":0,""validation_group_counts_by_label"":{""0"":8,""1"":13,""2"":13,""3"":4},""validation_groups"":38,""validation_records"":185},{""fit_group_counts_by_label"":{""0"":8,""1"":13,""2"":13,""3"":4},""fit_groups"":38,""fit_records"":185,""fold"":1,""group_overlap"":0,""validation_group_counts_by_label"":{""0"":8,""1"":12,""2"":9,""3"":7},""validation_groups"":36,""validation_records"":173}]",0
classification__embedding__multilingual_minilm_l12__mlp,classification,embedding,multilingual_minilm_l12,mlp,2,882,232,183,47,0,32.14042790001258,0.1428821999579668,0.012662199966143817,0.05457844812993024,classifier_pipeline_with_precomputed_embedding,"{""model__alpha"":0.001,""model__hidden_layer_sizes"":[16]}",0.8217572817089479,"{""eligible"":false,""obra_threshold"":0.9,""threshold"":null}","{""balance_score"":0.018253968253968272,""calibration_group_counts_by_label"":{""0"":14,""1"":24,""2"":25,""3"":11},""calibration_groups"":74,""calibration_label_counts"":{""0"":64,""1"":118,""2"":123,""3"":55},""calibration_records"":360,""fit_group_counts_by_label"":{""0"":20,""1"":34,""2"":37,""3"":18},""fit_groups"":109,""fit_label_counts"":{""0"":94,""1"":168,""2"":177,""3"":83},""fit_records"":522,""group_overlap"":0}","[{""fit_group_counts_by_label"":{""0"":5,""1"":15,""2"":12,""3"":5},""fit_groups"":37,""fit_records"":177,""fold"":0,""group_overlap"":0,""validation_group_counts_by_label"":{""0"":9,""1"":9,""2"":13,""3"":6},""validation_groups"":37,""validation_records"":183},{""fit_group_counts_by_label"":{""0"":9,""1"":9,""2"":13,""3"":6},""fit_groups"":37,""fit_records"":183,""fold"":1,""group_overlap"":0,""validation_group_counts_by_label"":{""0"":5,""1"":15,""2"":12,""3"":5},""validation_groups"":37,""validation_records"":177}]",0
classification__embedding__multilingual_minilm_l12__mlp,classification,embedding,multilingual_minilm_l12,mlp,3,898,216,184,46,0,28.083798400009982,0.11793579999357462,0.007866500003729016,0.036418981498745444,classifier_pipeline_with_precomputed_embedding,"{""model__alpha"":0.001,""model__hidden_layer_sizes"":[16]}",0.8810463479634342,"{""eligible"":false,""obra_threshold"":0.9,""threshold"":null}","{""balance_score"":0.01463746597376886,""calibration_group_counts_by_label"":{""0"":17,""1"":23,""2"":22,""3"":12},""calibration_groups"":74,""calibration_label_counts"":{""0"":80,""1"":114,""2"":107,""3"":59},""calibration_records"":360,""fit_group_counts_by_label"":{""0"":25,""1"":35,""2"":33,""3"":17},""fit_groups"":110,""fit_label_counts"":{""0"":120,""1"":173,""2"":163,""3"":82},""fit_records"":538,""group_overlap"":0}","[{""fit_group_counts_by_label"":{""0"":7,""1"":13,""2"":13,""3"":4},""fit_groups"":37,""fit_records"":181,""fold"":0,""group_overlap"":0,""validation_group_counts_by_label"":{""0"":10,""1"":10,""2"":9,""3"":8},""validation_groups"":37,""validation_records"":179},{""fit_group_counts_by_label"":{""0"":10,""1"":10,""2"":9,""3"":8},""fit_groups"":37,""fit_records"":179,""fold"":1,""group_overlap"":0,""validation_group_counts_by_label"":{""0"":7,""1"":13,""2"":13,""3"":4},""validation_groups"":37,""validation_records"":181}]",0
classification__embedding__multilingual_minilm_l12__mlp,classification,embedding,multilingual_minilm_l12,mlp,4,888,226,184,46,0,31.749069299956318,0.18087739998009056,0.019421099976170808,0.08593407069102127,classifier_pipeline_with_precomputed_embedding,"{""model__alpha"":0.001,""model__hidden_layer_sizes"":[32]}",0.818528198244355,"{""automatic_maintenance_as_obra"":0,""automatic_non_obra_as_obra"":0,""coverage"":0.6264044943820225,""covered"":223,""eligible"":true,""errors"":10,""obra_threshold"":0.9,""risk"":0.04484304932735426,""threshold"":0.9}","{""balance_score"":0.02888956372102444,""calibration_group_counts_by_label"":{""0"":17,""1"":22,""2"":21,""3"":14},""calibration_groups"":74,""calibration_label_counts"":{""0"":76,""1"":109,""2"":103,""3"":68},""calibration_records"":356,""fit_group_counts_by_label"":{""0"":26,""1"":32,""2"":31,""3"":21},""fit_groups"":110,""fit_label_counts"":{""0"":126,""1"":157,""2"":150,""3"":99},""fit_records"":532,""group_overlap"":0}","[{""fit_group_counts_by_label"":{""0"":8,""1"":11,""2"":12,""3"":5},""fit_groups"":36,""fit_records"":172,""fold"":0,""group_overlap"":0,""validation_group_counts_by_label"":{""0"":9,""1"":11,""2"":9,""3"":9},""validation_groups"":38,""validation_records"":184},{""fit_group_counts_by_label"":{""0"":9,""1"":11,""2"":9,""3"":9},""fit_groups"":38,""fit_records"":184,""fold"":1,""group_overlap"":0,""validation_group_counts_by_label"":{""0"":8,""1"":11,""2"":12,""3"":5},""validation_groups"":36,""validation_records"":172}]",0
classification__embedding__multilingual_minilm_l12__xgboost,classification,embedding,multilingual_minilm_l12,xgboost,0,893,221,184,46,0,76.02731129998574,0.15611490001901984,0.014655600010883063,0.06631493217594146,classifier_pipeline_with_precomputed_embedding,"{""model__learning_rate"":0.05,""model__max_depth"":4,""model__n_estimators"":160}",0.8049951886163237,"{""eligible"":false,""obra_threshold"":0.9,""threshold"":null}","{""balance_score"":0.02054758917656277,""calibration_group_counts_by_label"":{""0"":15,""1"":23,""2"":25,""3"":11},""calibration_groups"":74,""calibration_label_counts"":{""0"":68,""1"":113,""2"":118,""3"":50},""calibration_records"":349,""fit_group_counts_by_label"":{""0"":22,""1"":35,""2"":38,""3"":15},""fit_groups"":110,""fit_label_counts"":{""0"":106,""1"":175,""2"":189,""3"":74},""fit_records"":544,""group_overlap"":0}","[{""fit_group_counts_by_label"":{""0"":10,""1"":11,""2"":14,""3"":2},""fit_groups"":37,""fit_records"":174,""fold"":0,""group_overlap"":0,""validation_group_counts_by_label"":{""0"":5,""1"":12,""2"":11,""3"":9},""validation_groups"":37,""validation_records"":175},{""fit_group_counts_by_label"":{""0"":5,""1"":12,""2"":11,""3"":9},""fit_groups"":37,""fit_records"":175,""fold"":1,""group_overlap"":0,""validation_group_counts_by_label"":{""0"":10,""1"":11,""2"":14,""3"":2},""validation_groups"":37,""validation_records"":174}]",0
classification__embedding__multilingual_minilm_l12__xgboost,classification,embedding,multilingual_minilm_l12,xgboost,1,895,219,185,45,0,65.50105189997703,0.15159520000452176,0.00982750003458932,0.04487442938168639,classifier_pipeline_with_precomputed_embedding,"{""model__learning_rate"":0.05,""model__max_depth"":2,""model__n_estimators"":160}",0.7291561977914061,"{""automatic_maintenance_as_obra"":0,""automatic_non_obra_as_obra"":0,""coverage"":0.5307262569832403,""covered"":190,""eligible"":true,""errors"":2,""obra_threshold"":0.9,""risk"":0.010526315789473684,""threshold"":0.87}","{""balance_score"":0.02346368715083802,""calibration_group_counts_by_label"":{""0"":16,""1"":25,""2"":22,""3"":11},""calibration_groups"":74,""calibration_label_counts"":{""0"":73,""1"":123,""2"":107,""3"":55},""calibration_records"":358,""fit_group_counts_by_label"":{""0"":24,""1"":35,""2"":34,""3"":18},""fit_groups"":111,""fit_label_counts"":{""0"":117,""1"":174,""2"":163,""3"":83},""fit_records"":537,""group_overlap"":0}","[{""fit_group_counts_by_label"":{""0"":8,""1"":12,""2"":9,""3"":7},""fit_groups"":36,""fit_records"":173,""fold"":0,""group_overlap"":0,""validation_group_counts_by_label"":{""0"":8,""1"":13,""2"":13,""3"":4},""validation_groups"":38,""validation_records"":185},{""fit_group_counts_by_label"":{""0"":8,""1"":13,""2"":13,""3"":4},""fit_groups"":38,""fit_records"":185,""fold"":1,""group_overlap"":0,""validation_group_counts_by_label"":{""0"":8,""1"":12,""2"":9,""3"":7},""validation_groups"":36,""validation_records"":173}]",0
classification__embedding__multilingual_minilm_l12__xgboost,classification,embedding,multilingual_minilm_l12,xgboost,2,882,232,183,47,0,76.74104390002321,0.20952809997834265,0.013237899984233081,0.05705991372514259,classifier_pipeline_with_precomputed_embedding,"{""model__learning_rate"":0.05,""model__max_depth"":4,""model__n_estimators"":160}",0.7654342718333931,"{""automatic_maintenance_as_obra"":0,""automatic_non_obra_as_obra"":0,""coverage"":0.5166666666666667,""covered"":186,""eligible"":true,""errors"":6,""obra_threshold"":0.9,""risk"":0.03225806451612903,""threshold"":0.9}","{""balance_score"":0.018253968253968272,""calibration_group_counts_by_label"":{""0"":14,""1"":24,""2"":25,""3"":11},""calibration_groups"":74,""calibration_label_counts"":{""0"":64,""1"":118,""2"":123,""3"":55},""calibration_records"":360,""fit_group_counts_by_label"":{""0"":20,""1"":34,""2"":37,""3"":18},""fit_groups"":109,""fit_label_counts"":{""0"":94,""1"":168,""2"":177,""3"":83},""fit_records"":522,""group_overlap"":0}","[{""fit_group_counts_by_label"":{""0"":5,""1"":15,""2"":12,""3"":5},""fit_groups"":37,""fit_records"":177,""fold"":0,""group_overlap"":0,""validation_group_counts_by_label"":{""0"":9,""1"":9,""2"":13,""3"":6},""validation_groups"":37,""validation_records"":183},{""fit_group_counts_by_label"":{""0"":9,""1"":9,""2"":13,""3"":6},""fit_groups"":37,""fit_records"":183,""fold"":1,""group_overlap"":0,""validation_group_counts_by_label"":{""0"":5,""1"":15,""2"":12,""3"":5},""validation_groups"":37,""validation_records"":177}]",0
classification__embedding__multilingual_minilm_l12__xgboost,classification,embedding,multilingual_minilm_l12,xgboost,3,898,216,184,46,0,75.43429940001806,0.15539780003018677,0.009899600001517683,0.04583148148850779,classifier_pipeline_with_precomputed_embedding,"{""model__learning_rate"":0.05,""model__max_depth"":4,""model__n_estimators"":160}",0.7849898512020456,"{""eligible"":false,""obra_threshold"":0.9,""threshold"":null}","{""balance_score"":0.01463746597376886,""calibration_group_counts_by_label"":{""0"":17,""1"":23,""2"":22,""3"":12},""calibration_groups"":74,""calibration_label_counts"":{""0"":80,""1"":114,""2"":107,""3"":59},""calibration_records"":360,""fit_group_counts_by_label"":{""0"":25,""1"":35,""2"":33,""3"":17},""fit_groups"":110,""fit_label_counts"":{""0"":120,""1"":173,""2"":163,""3"":82},""fit_records"":538,""group_overlap"":0}","[{""fit_group_counts_by_label"":{""0"":7,""1"":13,""2"":13,""3"":4},""fit_groups"":37,""fit_records"":181,""fold"":0,""group_overlap"":0,""validation_group_counts_by_label"":{""0"":10,""1"":10,""2"":9,""3"":8},""validation_groups"":37,""validation_records"":179},{""fit_group_counts_by_label"":{""0"":10,""1"":10,""2"":9,""3"":8},""fit_groups"":37,""fit_records"":179,""fold"":1,""group_overlap"":0,""validation_group_counts_by_label"":{""0"":7,""1"":13,""2"":13,""3"":4},""validation_groups"":37,""validation_records"":181}]",0
classification__embedding__multilingual_minilm_l12__xgboost,classification,embedding,multilingual_minilm_l12,xgboost,4,888,226,184,46,0,76.1181743000052,0.1700371999759227,0.010095299978274852,0.044669468930419697,classifier_pipeline_with_precomputed_embedding,"{""model__learning_rate"":0.05,""model__max_depth"":4,""model__n_estimators"":160}",0.7269165914270072,"{""automatic_maintenance_as_obra"":0,""automatic_non_obra_as_obra"":0,""coverage"":0.5280898876404494,""covered"":188,""eligible"":true,""errors"":8,""obra_threshold"":0.9,""risk"":0.0425531914893617,""threshold"":0.87}","{""balance_score"":0.02888956372102444,""calibration_group_counts_by_label"":{""0"":17,""1"":22,""2"":21,""3"":14},""calibration_groups"":74,""calibration_label_counts"":{""0"":76,""1"":109,""2"":103,""3"":68},""calibration_records"":356,""fit_group_counts_by_label"":{""0"":26,""1"":32,""2"":31,""3"":21},""fit_groups"":110,""fit_label_counts"":{""0"":126,""1"":157,""2"":150,""3"":99},""fit_records"":532,""group_overlap"":0}","[{""fit_group_counts_by_label"":{""0"":8,""1"":11,""2"":12,""3"":5},""fit_groups"":36,""fit_records"":172,""fold"":0,""group_overlap"":0,""validation_group_counts_by_label"":{""0"":9,""1"":11,""2"":9,""3"":9},""validation_groups"":38,""validation_records"":184},{""fit_group_counts_by_label"":{""0"":9,""1"":11,""2"":9,""3"":9},""fit_groups"":38,""fit_records"":184,""fold"":1,""group_overlap"":0,""validation_group_counts_by_label"":{""0"":8,""1"":11,""2"":12,""3"":5},""validation_groups"":36,""validation_records"":172}]",0
deduplication__embedding__multilingual_minilm_l12__logistic_regression,deduplication,embedding,multilingual_minilm_l12,logistic_regression,0,800,200,160,40,0,0.6336765000014566,0.11757559998659417,0.01291950000450015,0.06459750002250075,classifier_pipeline_with_precomputed_embedding,"{""model__C"":10.0}",-0.16874999999999998,"{""curve_points"":2450,""eligible"":true,""negative_threshold"":0.31,""positive_threshold"":0.7,""selected"":{""abstained"":0,""automated_false_negative_rate"":0.0,""automated_false_positive_rate"":0.0,""automation_duplicate_recall"":1.0,""automation_nonduplicate_recall"":1.0,""coverage"":1.0,""covered"":320,""covered_error_rate"":0.0,""false_negative_cost"":5.0,""false_positive_cost"":1.0,""fn"":0,""fp"":0,""negative_predictive_value"":1.0,""negative_threshold"":0.31,""negatives"":165,""positive_threshold"":0.7,""positives"":155,""precision"":1.0,""threshold"":0.7,""tn"":165,""tp"":155,""weighted_covered_error"":0.0}}","{""balance_score"":0.006250000000000033,""calibration_group_counts_by_label"":{""0"":33,""1"":31},""calibration_groups"":64,""calibration_label_counts"":{""0"":165,""1"":155},""calibration_records"":320,""fit_group_counts_by_label"":{""0"":50,""1"":46},""fit_groups"":96,""fit_label_counts"":{""0"":250,""1"":230},""fit_records"":480,""group_overlap"":0}","[{""fit_group_counts_by_label"":{""0"":14,""1"":18},""fit_groups"":32,""fit_records"":160,""fold"":0,""group_overlap"":0,""validation_group_counts_by_label"":{""0"":19,""1"":13},""validation_groups"":32,""validation_records"":160},{""fit_group_counts_by_label"":{""0"":19,""1"":13},""fit_groups"":32,""fit_records"":160,""fold"":1,""group_overlap"":0,""validation_group_counts_by_label"":{""0"":14,""1"":18},""validation_groups"":32,""validation_records"":160}]",0
deduplication__embedding__multilingual_minilm_l12__logistic_regression,deduplication,embedding,multilingual_minilm_l12,logistic_regression,1,800,200,160,40,0,0.5713789000292309,0.08466190000763163,0.012456599972210824,0.06228299986105412,classifier_pipeline_with_precomputed_embedding,"{""model__C"":10.0}",-0.016666666666666666,"{""curve_points"":2450,""eligible"":true,""negative_threshold"":0.29,""positive_threshold"":0.7,""selected"":{""abstained"":4,""automated_false_negative_rate"":0.0,""automated_false_positive_rate"":0.0,""automation_duplicate_recall"":0.9878787878787879,""automation_nonduplicate_recall"":0.9870967741935484,""coverage"":0.9875,""covered"":316,""covered_error_rate"":0.0,""false_negative_cost"":5.0,""false_positive_cost"":1.0,""fn"":0,""fp"":0,""negative_predictive_value"":1.0,""negative_threshold"":0.29,""negatives"":155,""positive_threshold"":0.7,""positives"":165,""precision"":1.0,""threshold"":0.7,""tn"":153,""tp"":163,""weighted_covered_error"":0.0}}","{""balance_score"":0.006250000000000033,""calibration_group_counts_by_label"":{""0"":31,""1"":33},""calibration_groups"":64,""calibration_label_counts"":{""0"":155,""1"":165},""calibration_records"":320,""fit_group_counts_by_label"":{""0"":47,""1"":49},""fit_groups"":96,""fit_label_counts"":{""0"":235,""1"":245},""fit_records"":480,""group_overlap"":0}","[{""fit_group_counts_by_label"":{""0"":16,""1"":16},""fit_groups"":32,""fit_records"":160,""fold"":0,""group_overlap"":0,""validation_group_counts_by_label"":{""0"":15,""1"":17},""validation_groups"":32,""validation_records"":160},{""fit_group_counts_by_label"":{""0"":15,""1"":17},""fit_groups"":32,""fit_records"":160,""fold"":1,""group_overlap"":0,""validation_group_counts_by_label"":{""0"":16,""1"":16},""validation_groups"":32,""validation_records"":160}]",0
deduplication__embedding__multilingual_minilm_l12__logistic_regression,deduplication,embedding,multilingual_minilm_l12,logistic_regression,2,800,200,160,40,0,0.6482503999723122,0.11330129997804761,0.011984499986283481,0.059922499931417406,classifier_pipeline_with_precomputed_embedding,"{""model__C"":10.0}",-0.014583333333333332,"{""curve_points"":2450,""eligible"":true,""negative_threshold"":0.4,""positive_threshold"":0.67,""selected"":{""abstained"":0,""automated_false_negative_rate"":0.0,""automated_false_positive_rate"":0.0,""automation_duplicate_recall"":1.0,""automation_nonduplicate_recall"":1.0,""coverage"":1.0,""covered"":320,""covered_error_rate"":0.0,""false_negative_cost"":5.0,""false_positive_cost"":1.0,""fn"":0,""fp"":0,""negative_predictive_value"":1.0,""negative_threshold"":0.4,""negatives"":165,""positive_threshold"":0.67,""positives"":155,""precision"":1.0,""threshold"":0.67,""tn"":165,""tp"":155,""weighted_covered_error"":0.0}}","{""balance_score"":0.006250000000000033,""calibration_group_counts_by_label"":{""0"":33,""1"":31},""calibration_groups"":64,""calibration_label_counts"":{""0"":165,""1"":155},""calibration_records"":320,""fit_group_counts_by_label"":{""0"":50,""1"":46},""fit_groups"":96,""fit_label_counts"":{""0"":250,""1"":230},""fit_records"":480,""group_overlap"":0}","[{""fit_group_counts_by_label"":{""0"":14,""1"":18},""fit_groups"":32,""fit_records"":160,""fold"":0,""group_overlap"":0,""validation_group_counts_by_label"":{""0"":19,""1"":13},""validation_groups"":32,""validation_records"":160},{""fit_group_counts_by_label"":{""0"":19,""1"":13},""fit_groups"":32,""fit_records"":160,""fold"":1,""group_overlap"":0,""validation_group_counts_by_label"":{""0"":14,""1"":18},""validation_groups"":32,""validation_records"":160}]",0
deduplication__embedding__multilingual_minilm_l12__logistic_regression,deduplication,embedding,multilingual_minilm_l12,logistic_regression,3,800,200,160,40,0,0.6324945999658667,0.08345839998219162,0.01200109999626875,0.060005499981343746,classifier_pipeline_with_precomputed_embedding,"{""model__C"":10.0}",-0.12916666666666668,"{""curve_points"":2450,""eligible"":true,""negative_threshold"":0.21,""positive_threshold"":0.75,""selected"":{""abstained"":0,""automated_false_negative_rate"":0.0,""automated_false_positive_rate"":0.0,""automation_duplicate_recall"":1.0,""automation_nonduplicate_recall"":1.0,""coverage"":1.0,""covered"":320,""covered_error_rate"":0.0,""false_negative_cost"":5.0,""false_positive_cost"":1.0,""fn"":0,""fp"":0,""negative_predictive_value"":1.0,""negative_threshold"":0.21,""negatives"":155,""positive_threshold"":0.75,""positives"":165,""precision"":1.0,""threshold"":0.75,""tn"":155,""tp"":165,""weighted_covered_error"":0.0}}","{""balance_score"":0.006250000000000033,""calibration_group_counts_by_label"":{""0"":31,""1"":33},""calibration_groups"":64,""calibration_label_counts"":{""0"":155,""1"":165},""calibration_records"":320,""fit_group_counts_by_label"":{""0"":47,""1"":49},""fit_groups"":96,""fit_label_counts"":{""0"":235,""1"":245},""fit_records"":480,""group_overlap"":0}","[{""fit_group_counts_by_label"":{""0"":17,""1"":15},""fit_groups"":32,""fit_records"":160,""fold"":0,""group_overlap"":0,""validation_group_counts_by_label"":{""0"":14,""1"":18},""validation_groups"":32,""validation_records"":160},{""fit_group_counts_by_label"":{""0"":14,""1"":18},""fit_groups"":32,""fit_records"":160,""fold"":1,""group_overlap"":0,""validation_group_counts_by_label"":{""0"":17,""1"":15},""validation_groups"":32,""validation_records"":160}]",0
deduplication__embedding__multilingual_minilm_l12__logistic_regression,deduplication,embedding,multilingual_minilm_l12,logistic_regression,4,800,200,160,40,0,0.5721416000160389,0.0853793999995105,0.011881200014613569,0.059406000073067844,classifier_pipeline_with_precomputed_embedding,"{""model__C"":10.0}",-0.09583333333333333,"{""curve_points"":2450,""eligible"":true,""negative_threshold"":0.21,""positive_threshold"":0.64,""selected"":{""abstained"":6,""automated_false_negative_rate"":0.0,""automated_false_positive_rate"":0.0,""automation_duplicate_recall"":0.9818181818181818,""automation_nonduplicate_recall"":0.9806451612903225,""coverage"":0.98125,""covered"":314,""covered_error_rate"":0.0,""false_negative_cost"":5.0,""false_positive_cost"":1.0,""fn"":0,""fp"":0,""negative_predictive_value"":1.0,""negative_threshold"":0.21,""negatives"":155,""positive_threshold"":0.64,""positives"":165,""precision"":1.0,""threshold"":0.64,""tn"":152,""tp"":162,""weighted_covered_error"":0.0}}","{""balance_score"":0.006250000000000033,""calibration_group_counts_by_label"":{""0"":31,""1"":33},""calibration_groups"":64,""calibration_label_counts"":{""0"":155,""1"":165},""calibration_records"":320,""fit_group_counts_by_label"":{""0"":47,""1"":49},""fit_groups"":96,""fit_label_counts"":{""0"":235,""1"":245},""fit_records"":480,""group_overlap"":0}","[{""fit_group_counts_by_label"":{""0"":18,""1"":14},""fit_groups"":32,""fit_records"":160,""fold"":0,""group_overlap"":0,""validation_group_counts_by_label"":{""0"":13,""1"":19},""validation_groups"":32,""validation_records"":160},{""fit_group_counts_by_label"":{""0"":13,""1"":19},""fit_groups"":32,""fit_records"":160,""fold"":1,""group_overlap"":0,""validation_group_counts_by_label"":{""0"":18,""1"":14},""validation_groups"":32,""validation_records"":160}]",0
deduplication__embedding__multilingual_minilm_l12__decision_tree,deduplication,embedding,multilingual_minilm_l12,decision_tree,0,800,200,160,40,0,2.706062600016594,0.11346309998771176,0.010762699996121228,0.05381349998060614,classifier_pipeline_with_precomputed_embedding,"{""model__max_depth"":3,""model__min_samples_leaf"":2}",-0.2916666666666667,"{""curve_points"":2450,""eligible"":false,""negative_threshold"":null,""positive_threshold"":null,""selected"":null}","{""balance_score"":0.006250000000000033,""calibration_group_counts_by_label"":{""0"":33,""1"":31},""calibration_groups"":64,""calibration_label_counts"":{""0"":165,""1"":155},""calibration_records"":320,""fit_group_counts_by_label"":{""0"":50,""1"":46},""fit_groups"":96,""fit_label_counts"":{""0"":250,""1"":230},""fit_records"":480,""group_overlap"":0}","[{""fit_group_counts_by_label"":{""0"":14,""1"":18},""fit_groups"":32,""fit_records"":160,""fold"":0,""group_overlap"":0,""validation_group_counts_by_label"":{""0"":19,""1"":13},""validation_groups"":32,""validation_records"":160},{""fit_group_counts_by_label"":{""0"":19,""1"":13},""fit_groups"":32,""fit_records"":160,""fold"":1,""group_overlap"":0,""validation_group_counts_by_label"":{""0"":14,""1"":18},""validation_groups"":32,""validation_records"":160}]",0
deduplication__embedding__multilingual_minilm_l12__decision_tree,deduplication,embedding,multilingual_minilm_l12,decision_tree,1,800,200,160,40,0,2.770647299999837,0.08053100004326552,0.011253500008024275,0.056267500040121377,classifier_pipeline_with_precomputed_embedding,"{""model__max_depth"":3,""model__min_samples_leaf"":5}",-0.3145833333333333,"{""curve_points"":2450,""eligible"":false,""negative_threshold"":null,""positive_threshold"":null,""selected"":null}","{""balance_score"":0.006250000000000033,""calibration_group_counts_by_label"":{""0"":31,""1"":33},""calibration_groups"":64,""calibration_label_counts"":{""0"":155,""1"":165},""calibration_records"":320,""fit_group_counts_by_label"":{""0"":47,""1"":49},""fit_groups"":96,""fit_label_counts"":{""0"":235,""1"":245},""fit_records"":480,""group_overlap"":0}","[{""fit_group_counts_by_label"":{""0"":16,""1"":16},""fit_groups"":32,""fit_records"":160,""fold"":0,""group_overlap"":0,""validation_group_counts_by_label"":{""0"":15,""1"":17},""validation_groups"":32,""validation_records"":160},{""fit_group_counts_by_label"":{""0"":15,""1"":17},""fit_groups"":32,""fit_records"":160,""fold"":1,""group_overlap"":0,""validation_group_counts_by_label"":{""0"":16,""1"":16},""validation_groups"":32,""validation_records"":160}]",0
deduplication__embedding__multilingual_minilm_l12__decision_tree,deduplication,embedding,multilingual_minilm_l12,decision_tree,2,800,200,160,40,0,2.8362773999688216,0.07964269997319207,0.011261300009209663,0.05630650004604831,classifier_pipeline_with_precomputed_embedding,"{""model__max_depth"":6,""model__min_samples_leaf"":2}",-0.4791666666666667,"{""curve_points"":2450,""eligible"":false,""negative_threshold"":null,""positive_threshold"":null,""selected"":null}","{""balance_score"":0.006250000000000033,""calibration_group_counts_by_label"":{""0"":33,""1"":31},""calibration_groups"":64,""calibration_label_counts"":{""0"":165,""1"":155},""calibration_records"":320,""fit_group_counts_by_label"":{""0"":50,""1"":46},""fit_groups"":96,""fit_label_counts"":{""0"":250,""1"":230},""fit_records"":480,""group_overlap"":0}","[{""fit_group_counts_by_label"":{""0"":14,""1"":18},""fit_groups"":32,""fit_records"":160,""fold"":0,""group_overlap"":0,""validation_group_counts_by_label"":{""0"":19,""1"":13},""validation_groups"":32,""validation_records"":160},{""fit_group_counts_by_label"":{""0"":19,""1"":13},""fit_groups"":32,""fit_records"":160,""fold"":1,""group_overlap"":0,""validation_group_counts_by_label"":{""0"":14,""1"":18},""validation_groups"":32,""validation_records"":160}]",0
deduplication__embedding__multilingual_minilm_l12__decision_tree,deduplication,embedding,multilingual_minilm_l12,decision_tree,3,800,200,160,40,0,3.1622620999696665,0.08172000001650304,0.010885600000619888,0.05442800000309944,classifier_pipeline_with_precomputed_embedding,"{""model__max_depth"":6,""model__min_samples_leaf"":2}",-0.46249999999999997,"{""curve_points"":2450,""eligible"":false,""negative_threshold"":null,""positive_threshold"":null,""selected"":null}","{""balance_score"":0.006250000000000033,""calibration_group_counts_by_label"":{""0"":31,""1"":33},""calibration_groups"":64,""calibration_label_counts"":{""0"":155,""1"":165},""calibration_records"":320,""fit_group_counts_by_label"":{""0"":47,""1"":49},""fit_groups"":96,""fit_label_counts"":{""0"":235,""1"":245},""fit_records"":480,""group_overlap"":0}","[{""fit_group_counts_by_label"":{""0"":17,""1"":15},""fit_groups"":32,""fit_records"":160,""fold"":0,""group_overlap"":0,""validation_group_counts_by_label"":{""0"":14,""1"":18},""validation_groups"":32,""validation_records"":160},{""fit_group_counts_by_label"":{""0"":14,""1"":18},""fit_groups"":32,""fit_records"":160,""fold"":1,""group_overlap"":0,""validation_group_counts_by_label"":{""0"":17,""1"":15},""validation_groups"":32,""validation_records"":160}]",0
deduplication__embedding__multilingual_minilm_l12__decision_tree,deduplication,embedding,multilingual_minilm_l12,decision_tree,4,800,200,160,40,0,3.050967400020454,0.08268089999910444,0.01103049999801442,0.0551524999900721,classifier_pipeline_with_precomputed_embedding,"{""model__max_depth"":6,""model__min_samples_leaf"":2}",-0.41875,"{""curve_points"":2450,""eligible"":true,""negative_threshold"":0.27,""positive_threshold"":0.94,""selected"":{""abstained"":98,""automated_false_negative_rate"":0.012121212121212121,""automated_false_positive_rate"":0.04516129032258064,""automation_duplicate_recall"":0.41818181818181815,""automation_nonduplicate_recall"":0.9290322580645162,""coverage"":0.69375,""covered"":222,""covered_error_rate"":0.04054054054054054,""false_negative_cost"":5.0,""false_positive_cost"":1.0,""fn"":2,""fp"":7,""negative_predictive_value"":0.9863013698630136,""negative_threshold"":0.27,""negatives"":155,""positive_threshold"":0.94,""positives"":165,""precision"":0.9078947368421053,""threshold"":0.94,""tn"":144,""tp"":69,""weighted_covered_error"":0.07657657657657657}}","{""balance_score"":0.006250000000000033,""calibration_group_counts_by_label"":{""0"":31,""1"":33},""calibration_groups"":64,""calibration_label_counts"":{""0"":155,""1"":165},""calibration_records"":320,""fit_group_counts_by_label"":{""0"":47,""1"":49},""fit_groups"":96,""fit_label_counts"":{""0"":235,""1"":245},""fit_records"":480,""group_overlap"":0}","[{""fit_group_counts_by_label"":{""0"":18,""1"":14},""fit_groups"":32,""fit_records"":160,""fold"":0,""group_overlap"":0,""validation_group_counts_by_label"":{""0"":13,""1"":19},""validation_groups"":32,""validation_records"":160},{""fit_group_counts_by_label"":{""0"":13,""1"":19},""fit_groups"":32,""fit_records"":160,""fold"":1,""group_overlap"":0,""validation_group_counts_by_label"":{""0"":18,""1"":14},""validation_groups"":32,""validation_records"":160}]",0
deduplication__embedding__multilingual_minilm_l12__linear_svm,deduplication,embedding,multilingual_minilm_l12,linear_svm,0,800,200,160,40,0,1.0399587000138126,0.08308640000177547,0.011784999980591238,0.05892499990295619,classifier_pipeline_with_precomputed_embedding,"{""model__C"":10.0}",-0.125,"{""curve_points"":2450,""eligible"":true,""negative_threshold"":0.14,""positive_threshold"":0.76,""selected"":{""abstained"":0,""automated_false_negative_rate"":0.0,""automated_false_positive_rate"":0.0,""automation_duplicate_recall"":1.0,""automation_nonduplicate_recall"":1.0,""coverage"":1.0,""covered"":320,""covered_error_rate"":0.0,""false_negative_cost"":5.0,""false_positive_cost"":1.0,""fn"":0,""fp"":0,""negative_predictive_value"":1.0,""negative_threshold"":0.14,""negatives"":165,""positive_threshold"":0.76,""positives"":155,""precision"":1.0,""threshold"":0.76,""tn"":165,""tp"":155,""weighted_covered_error"":0.0}}","{""balance_score"":0.006250000000000033,""calibration_group_counts_by_label"":{""0"":33,""1"":31},""calibration_groups"":64,""calibration_label_counts"":{""0"":165,""1"":155},""calibration_records"":320,""fit_group_counts_by_label"":{""0"":50,""1"":46},""fit_groups"":96,""fit_label_counts"":{""0"":250,""1"":230},""fit_records"":480,""group_overlap"":0}","[{""fit_group_counts_by_label"":{""0"":14,""1"":18},""fit_groups"":32,""fit_records"":160,""fold"":0,""group_overlap"":0,""validation_group_counts_by_label"":{""0"":19,""1"":13},""validation_groups"":32,""validation_records"":160},{""fit_group_counts_by_label"":{""0"":19,""1"":13},""fit_groups"":32,""fit_records"":160,""fold"":1,""group_overlap"":0,""validation_group_counts_by_label"":{""0"":14,""1"":18},""validation_groups"":32,""validation_records"":160}]",0
deduplication__embedding__multilingual_minilm_l12__linear_svm,deduplication,embedding,multilingual_minilm_l12,linear_svm,1,800,200,160,40,0,0.9813779999967664,0.0838833999587223,0.012176800053566694,0.06088400026783347,classifier_pipeline_with_precomputed_embedding,"{""model__C"":10.0}",-0.010416666666666666,"{""curve_points"":2450,""eligible"":true,""negative_threshold"":0.4,""positive_threshold"":0.62,""selected"":{""abstained"":1,""automated_false_negative_rate"":0.0,""automated_false_positive_rate"":0.0,""automation_duplicate_recall"":0.9939393939393939,""automation_nonduplicate_recall"":1.0,""coverage"":0.996875,""covered"":319,""covered_error_rate"":0.0,""false_negative_cost"":5.0,""false_positive_cost"":1.0,""fn"":0,""fp"":0,""negative_predictive_value"":1.0,""negative_threshold"":0.4,""negatives"":155,""positive_threshold"":0.62,""positives"":165,""precision"":1.0,""threshold"":0.62,""tn"":155,""tp"":164,""weighted_covered_error"":0.0}}","{""balance_score"":0.006250000000000033,""calibration_group_counts_by_label"":{""0"":31,""1"":33},""calibration_groups"":64,""calibration_label_counts"":{""0"":155,""1"":165},""calibration_records"":320,""fit_group_counts_by_label"":{""0"":47,""1"":49},""fit_groups"":96,""fit_label_counts"":{""0"":235,""1"":245},""fit_records"":480,""group_overlap"":0}","[{""fit_group_counts_by_label"":{""0"":16,""1"":16},""fit_groups"":32,""fit_records"":160,""fold"":0,""group_overlap"":0,""validation_group_counts_by_label"":{""0"":15,""1"":17},""validation_groups"":32,""validation_records"":160},{""fit_group_counts_by_label"":{""0"":15,""1"":17},""fit_groups"":32,""fit_records"":160,""fold"":1,""group_overlap"":0,""validation_group_counts_by_label"":{""0"":16,""1"":16},""validation_groups"":32,""validation_records"":160}]",0
deduplication__embedding__multilingual_minilm_l12__linear_svm,deduplication,embedding,multilingual_minilm_l12,linear_svm,2,800,200,160,40,0,1.0260851999628358,0.08423500001663342,0.011481499997898936,0.05740749998949468,classifier_pipeline_with_precomputed_embedding,"{""model__C"":10.0}",-0.0062499999999999995,"{""curve_points"":2450,""eligible"":true,""negative_threshold"":0.13,""positive_threshold"":0.75,""selected"":{""abstained"":0,""automated_false_negative_rate"":0.0,""automated_false_positive_rate"":0.0,""automation_duplicate_recall"":1.0,""automation_nonduplicate_recall"":1.0,""coverage"":1.0,""covered"":320,""covered_error_rate"":0.0,""false_negative_cost"":5.0,""false_positive_cost"":1.0,""fn"":0,""fp"":0,""negative_predictive_value"":1.0,""negative_threshold"":0.13,""negatives"":165,""positive_threshold"":0.75,""positives"":155,""precision"":1.0,""threshold"":0.75,""tn"":165,""tp"":155,""weighted_covered_error"":0.0}}","{""balance_score"":0.006250000000000033,""calibration_group_counts_by_label"":{""0"":33,""1"":31},""calibration_groups"":64,""calibration_label_counts"":{""0"":165,""1"":155},""calibration_records"":320,""fit_group_counts_by_label"":{""0"":50,""1"":46},""fit_groups"":96,""fit_label_counts"":{""0"":250,""1"":230},""fit_records"":480,""group_overlap"":0}","[{""fit_group_counts_by_label"":{""0"":14,""1"":18},""fit_groups"":32,""fit_records"":160,""fold"":0,""group_overlap"":0,""validation_group_counts_by_label"":{""0"":19,""1"":13},""validation_groups"":32,""validation_records"":160},{""fit_group_counts_by_label"":{""0"":19,""1"":13},""fit_groups"":32,""fit_records"":160,""fold"":1,""group_overlap"":0,""validation_group_counts_by_label"":{""0"":14,""1"":18},""validation_groups"":32,""validation_records"":160}]",0
deduplication__embedding__multilingual_minilm_l12__linear_svm,deduplication,embedding,multilingual_minilm_l12,linear_svm,3,800,200,160,40,0,1.0843986000400037,0.10606329998699948,0.012430200004018843,0.062151000020094216,classifier_pipeline_with_precomputed_embedding,"{""model__C"":10.0}",-0.035416666666666666,"{""curve_points"":2450,""eligible"":true,""negative_threshold"":0.24,""positive_threshold"":0.81,""selected"":{""abstained"":0,""automated_false_negative_rate"":0.0,""automated_false_positive_rate"":0.0,""automation_duplicate_recall"":1.0,""automation_nonduplicate_recall"":1.0,""coverage"":1.0,""covered"":320,""covered_error_rate"":0.0,""false_negative_cost"":5.0,""false_positive_cost"":1.0,""fn"":0,""fp"":0,""negative_predictive_value"":1.0,""negative_threshold"":0.24,""negatives"":155,""positive_threshold"":0.81,""positives"":165,""precision"":1.0,""threshold"":0.81,""tn"":155,""tp"":165,""weighted_covered_error"":0.0}}","{""balance_score"":0.006250000000000033,""calibration_group_counts_by_label"":{""0"":31,""1"":33},""calibration_groups"":64,""calibration_label_counts"":{""0"":155,""1"":165},""calibration_records"":320,""fit_group_counts_by_label"":{""0"":47,""1"":49},""fit_groups"":96,""fit_label_counts"":{""0"":235,""1"":245},""fit_records"":480,""group_overlap"":0}","[{""fit_group_counts_by_label"":{""0"":17,""1"":15},""fit_groups"":32,""fit_records"":160,""fold"":0,""group_overlap"":0,""validation_group_counts_by_label"":{""0"":14,""1"":18},""validation_groups"":32,""validation_records"":160},{""fit_group_counts_by_label"":{""0"":14,""1"":18},""fit_groups"":32,""fit_records"":160,""fold"":1,""group_overlap"":0,""validation_group_counts_by_label"":{""0"":17,""1"":15},""validation_groups"":32,""validation_records"":160}]",0
deduplication__embedding__multilingual_minilm_l12__linear_svm,deduplication,embedding,multilingual_minilm_l12,linear_svm,4,800,200,160,40,0,1.029781199991703,0.08591399999568239,0.011841600004117936,0.05920800002058968,classifier_pipeline_with_precomputed_embedding,"{""model__C"":10.0}",-0.03125,"{""curve_points"":2450,""eligible"":true,""negative_threshold"":0.22,""positive_threshold"":0.6,""selected"":{""abstained"":0,""automated_false_negative_rate"":0.0,""automated_false_positive_rate"":0.0,""automation_duplicate_recall"":1.0,""automation_nonduplicate_recall"":1.0,""coverage"":1.0,""covered"":320,""covered_error_rate"":0.0,""false_negative_cost"":5.0,""false_positive_cost"":1.0,""fn"":0,""fp"":0,""negative_predictive_value"":1.0,""negative_threshold"":0.22,""negatives"":155,""positive_threshold"":0.6,""positives"":165,""precision"":1.0,""threshold"":0.6,""tn"":155,""tp"":165,""weighted_covered_error"":0.0}}","{""balance_score"":0.006250000000000033,""calibration_group_counts_by_label"":{""0"":31,""1"":33},""calibration_groups"":64,""calibration_label_counts"":{""0"":155,""1"":165},""calibration_records"":320,""fit_group_counts_by_label"":{""0"":47,""1"":49},""fit_groups"":96,""fit_label_counts"":{""0"":235,""1"":245},""fit_records"":480,""group_overlap"":0}","[{""fit_group_counts_by_label"":{""0"":18,""1"":14},""fit_groups"":32,""fit_records"":160,""fold"":0,""group_overlap"":0,""validation_group_counts_by_label"":{""0"":13,""1"":19},""validation_groups"":32,""validation_records"":160},{""fit_group_counts_by_label"":{""0"":13,""1"":19},""fit_groups"":32,""fit_records"":160,""fold"":1,""group_overlap"":0,""validation_group_counts_by_label"":{""0"":18,""1"":14},""validation_groups"":32,""validation_records"":160}]",0
deduplication__embedding__multilingual_minilm_l12__mlp,deduplication,embedding,multilingual_minilm_l12,mlp,0,800,200,160,40,0,34.67098290001741,0.19161890004761517,0.033103000023402274,0.16551500011701137,classifier_pipeline_with_precomputed_embedding,"{""model__alpha"":0.001,""model__hidden_layer_sizes"":[16]}",-0.11875000000000001,"{""curve_points"":2450,""eligible"":true,""negative_threshold"":0.03,""positive_threshold"":0.92,""selected"":{""abstained"":0,""automated_false_negative_rate"":0.0,""automated_false_positive_rate"":0.0,""automation_duplicate_recall"":1.0,""automation_nonduplicate_recall"":1.0,""coverage"":1.0,""covered"":320,""covered_error_rate"":0.0,""false_negative_cost"":5.0,""false_positive_cost"":1.0,""fn"":0,""fp"":0,""negative_predictive_value"":1.0,""negative_threshold"":0.03,""negatives"":165,""positive_threshold"":0.92,""positives"":155,""precision"":1.0,""threshold"":0.92,""tn"":165,""tp"":155,""weighted_covered_error"":0.0}}","{""balance_score"":0.006250000000000033,""calibration_group_counts_by_label"":{""0"":33,""1"":31},""calibration_groups"":64,""calibration_label_counts"":{""0"":165,""1"":155},""calibration_records"":320,""fit_group_counts_by_label"":{""0"":50,""1"":46},""fit_groups"":96,""fit_label_counts"":{""0"":250,""1"":230},""fit_records"":480,""group_overlap"":0}","[{""fit_group_counts_by_label"":{""0"":14,""1"":18},""fit_groups"":32,""fit_records"":160,""fold"":0,""group_overlap"":0,""validation_group_counts_by_label"":{""0"":19,""1"":13},""validation_groups"":32,""validation_records"":160},{""fit_group_counts_by_label"":{""0"":19,""1"":13},""fit_groups"":32,""fit_records"":160,""fold"":1,""group_overlap"":0,""validation_group_counts_by_label"":{""0"":14,""1"":18},""validation_groups"":32,""validation_records"":160}]",0
deduplication__embedding__multilingual_minilm_l12__mlp,deduplication,embedding,multilingual_minilm_l12,mlp,1,800,200,160,40,0,27.958374200039543,0.21232360001886263,0.036509099998511374,0.18254549999255687,classifier_pipeline_with_precomputed_embedding,"{""model__alpha"":0.001,""model__hidden_layer_sizes"":[16]}",-0.004166666666666667,"{""curve_points"":2450,""eligible"":true,""negative_threshold"":0.16,""positive_threshold"":0.92,""selected"":{""abstained"":0,""automated_false_negative_rate"":0.0,""automated_false_positive_rate"":0.0,""automation_duplicate_recall"":1.0,""automation_nonduplicate_recall"":1.0,""coverage"":1.0,""covered"":320,""covered_error_rate"":0.0,""false_negative_cost"":5.0,""false_positive_cost"":1.0,""fn"":0,""fp"":0,""negative_predictive_value"":1.0,""negative_threshold"":0.16,""negatives"":155,""positive_threshold"":0.92,""positives"":165,""precision"":1.0,""threshold"":0.92,""tn"":155,""tp"":165,""weighted_covered_error"":0.0}}","{""balance_score"":0.006250000000000033,""calibration_group_counts_by_label"":{""0"":31,""1"":33},""calibration_groups"":64,""calibration_label_counts"":{""0"":155,""1"":165},""calibration_records"":320,""fit_group_counts_by_label"":{""0"":47,""1"":49},""fit_groups"":96,""fit_label_counts"":{""0"":235,""1"":245},""fit_records"":480,""group_overlap"":0}","[{""fit_group_counts_by_label"":{""0"":16,""1"":16},""fit_groups"":32,""fit_records"":160,""fold"":0,""group_overlap"":0,""validation_group_counts_by_label"":{""0"":15,""1"":17},""validation_groups"":32,""validation_records"":160},{""fit_group_counts_by_label"":{""0"":15,""1"":17},""fit_groups"":32,""fit_records"":160,""fold"":1,""group_overlap"":0,""validation_group_counts_by_label"":{""0"":16,""1"":16},""validation_groups"":32,""validation_records"":160}]",0
deduplication__embedding__multilingual_minilm_l12__mlp,deduplication,embedding,multilingual_minilm_l12,mlp,2,800,200,160,40,0,39.68007500004023,0.23073479998856783,0.04063479998148978,0.2031739999074489,classifier_pipeline_with_precomputed_embedding,"{""model__alpha"":0.001,""model__hidden_layer_sizes"":[16]}",-0.0020833333333333333,"{""curve_points"":2450,""eligible"":true,""negative_threshold"":0.05,""positive_threshold"":0.95,""selected"":{""abstained"":0,""automated_false_negative_rate"":0.0,""automated_false_positive_rate"":0.0,""automation_duplicate_recall"":1.0,""automation_nonduplicate_recall"":1.0,""coverage"":1.0,""covered"":320,""covered_error_rate"":0.0,""false_negative_cost"":5.0,""false_positive_cost"":1.0,""fn"":0,""fp"":0,""negative_predictive_value"":1.0,""negative_threshold"":0.05,""negatives"":165,""positive_threshold"":0.95,""positives"":155,""precision"":1.0,""threshold"":0.95,""tn"":165,""tp"":155,""weighted_covered_error"":0.0}}","{""balance_score"":0.006250000000000033,""calibration_group_counts_by_label"":{""0"":33,""1"":31},""calibration_groups"":64,""calibration_label_counts"":{""0"":165,""1"":155},""calibration_records"":320,""fit_group_counts_by_label"":{""0"":50,""1"":46},""fit_groups"":96,""fit_label_counts"":{""0"":250,""1"":230},""fit_records"":480,""group_overlap"":0}","[{""fit_group_counts_by_label"":{""0"":14,""1"":18},""fit_groups"":32,""fit_records"":160,""fold"":0,""group_overlap"":0,""validation_group_counts_by_label"":{""0"":19,""1"":13},""validation_groups"":32,""validation_records"":160},{""fit_group_counts_by_label"":{""0"":19,""1"":13},""fit_groups"":32,""fit_records"":160,""fold"":1,""group_overlap"":0,""validation_group_counts_by_label"":{""0"":14,""1"":18},""validation_groups"":32,""validation_records"":160}]",0
deduplication__embedding__multilingual_minilm_l12__mlp,deduplication,embedding,multilingual_minilm_l12,mlp,3,800,200,160,40,0,41.26332020002883,0.2517968000029214,0.044761599972844124,0.22380799986422062,classifier_pipeline_with_precomputed_embedding,"{""model__alpha"":0.001,""model__hidden_layer_sizes"":[16]}",-0.0625,"{""curve_points"":2450,""eligible"":true,""negative_threshold"":0.06,""positive_threshold"":0.96,""selected"":{""abstained"":0,""automated_false_negative_rate"":0.0,""automated_false_positive_rate"":0.0,""automation_duplicate_recall"":1.0,""automation_nonduplicate_recall"":1.0,""coverage"":1.0,""covered"":320,""covered_error_rate"":0.0,""false_negative_cost"":5.0,""false_positive_cost"":1.0,""fn"":0,""fp"":0,""negative_predictive_value"":1.0,""negative_threshold"":0.06,""negatives"":155,""positive_threshold"":0.96,""positives"":165,""precision"":1.0,""threshold"":0.96,""tn"":155,""tp"":165,""weighted_covered_error"":0.0}}","{""balance_score"":0.006250000000000033,""calibration_group_counts_by_label"":{""0"":31,""1"":33},""calibration_groups"":64,""calibration_label_counts"":{""0"":155,""1"":165},""calibration_records"":320,""fit_group_counts_by_label"":{""0"":47,""1"":49},""fit_groups"":96,""fit_label_counts"":{""0"":235,""1"":245},""fit_records"":480,""group_overlap"":0}","[{""fit_group_counts_by_label"":{""0"":17,""1"":15},""fit_groups"":32,""fit_records"":160,""fold"":0,""group_overlap"":0,""validation_group_counts_by_label"":{""0"":14,""1"":18},""validation_groups"":32,""validation_records"":160},{""fit_group_counts_by_label"":{""0"":14,""1"":18},""fit_groups"":32,""fit_records"":160,""fold"":1,""group_overlap"":0,""validation_group_counts_by_label"":{""0"":17,""1"":15},""validation_groups"":32,""validation_records"":160}]",0
deduplication__embedding__multilingual_minilm_l12__mlp,deduplication,embedding,multilingual_minilm_l12,mlp,4,800,200,160,40,0,26.46912299998803,0.18839120003394783,0.031105100002605468,0.15552550001302734,classifier_pipeline_with_precomputed_embedding,"{""model__alpha"":0.001,""model__hidden_layer_sizes"":[16]}",-0.041666666666666664,"{""curve_points"":2450,""eligible"":true,""negative_threshold"":0.07,""positive_threshold"":0.56,""selected"":{""abstained"":0,""automated_false_negative_rate"":0.0,""automated_false_positive_rate"":0.0,""automation_duplicate_recall"":1.0,""automation_nonduplicate_recall"":1.0,""coverage"":1.0,""covered"":320,""covered_error_rate"":0.0,""false_negative_cost"":5.0,""false_positive_cost"":1.0,""fn"":0,""fp"":0,""negative_predictive_value"":1.0,""negative_threshold"":0.07,""negatives"":155,""positive_threshold"":0.56,""positives"":165,""precision"":1.0,""threshold"":0.56,""tn"":155,""tp"":165,""weighted_covered_error"":0.0}}","{""balance_score"":0.006250000000000033,""calibration_group_counts_by_label"":{""0"":31,""1"":33},""calibration_groups"":64,""calibration_label_counts"":{""0"":155,""1"":165},""calibration_records"":320,""fit_group_counts_by_label"":{""0"":47,""1"":49},""fit_groups"":96,""fit_label_counts"":{""0"":235,""1"":245},""fit_records"":480,""group_overlap"":0}","[{""fit_group_counts_by_label"":{""0"":18,""1"":14},""fit_groups"":32,""fit_records"":160,""fold"":0,""group_overlap"":0,""validation_group_counts_by_label"":{""0"":13,""1"":19},""validation_groups"":32,""validation_records"":160},{""fit_group_counts_by_label"":{""0"":13,""1"":19},""fit_groups"":32,""fit_records"":160,""fold"":1,""group_overlap"":0,""validation_group_counts_by_label"":{""0"":18,""1"":14},""validation_groups"":32,""validation_records"":160}]",0
deduplication__embedding__multilingual_minilm_l12__xgboost,deduplication,embedding,multilingual_minilm_l12,xgboost,0,800,200,160,40,0,24.897586999984924,0.12354709999635816,0.013692100008483976,0.06846050004241988,classifier_pipeline_with_precomputed_embedding,"{""model__learning_rate"":0.05,""model__max_depth"":4,""model__n_estimators"":160}",-0.03541666666666667,"{""curve_points"":2450,""eligible"":true,""negative_threshold"":0.1,""positive_threshold"":0.92,""selected"":{""abstained"":21,""automated_false_negative_rate"":0.0,""automated_false_positive_rate"":0.0,""automation_duplicate_recall"":0.8903225806451613,""automation_nonduplicate_recall"":0.9757575757575757,""coverage"":0.934375,""covered"":299,""covered_error_rate"":0.0,""false_negative_cost"":5.0,""false_positive_cost"":1.0,""fn"":0,""fp"":0,""negative_predictive_value"":1.0,""negative_threshold"":0.1,""negatives"":165,""positive_threshold"":0.92,""positives"":155,""precision"":1.0,""threshold"":0.92,""tn"":161,""tp"":138,""weighted_covered_error"":0.0}}","{""balance_score"":0.006250000000000033,""calibration_group_counts_by_label"":{""0"":33,""1"":31},""calibration_groups"":64,""calibration_label_counts"":{""0"":165,""1"":155},""calibration_records"":320,""fit_group_counts_by_label"":{""0"":50,""1"":46},""fit_groups"":96,""fit_label_counts"":{""0"":250,""1"":230},""fit_records"":480,""group_overlap"":0}","[{""fit_group_counts_by_label"":{""0"":14,""1"":18},""fit_groups"":32,""fit_records"":160,""fold"":0,""group_overlap"":0,""validation_group_counts_by_label"":{""0"":19,""1"":13},""validation_groups"":32,""validation_records"":160},{""fit_group_counts_by_label"":{""0"":19,""1"":13},""fit_groups"":32,""fit_records"":160,""fold"":1,""group_overlap"":0,""validation_group_counts_by_label"":{""0"":14,""1"":18},""validation_groups"":32,""validation_records"":160}]",0
deduplication__embedding__multilingual_minilm_l12__xgboost,deduplication,embedding,multilingual_minilm_l12,xgboost,1,800,200,160,40,0,22.71300579997478,0.11281129997223616,0.013344700040761381,0.0667235002038069,classifier_pipeline_with_precomputed_embedding,"{""model__learning_rate"":0.05,""model__max_depth"":2,""model__n_estimators"":160}",-0.04791666666666666,"{""curve_points"":2450,""eligible"":true,""negative_threshold"":0.27,""positive_threshold"":0.88,""selected"":{""abstained"":3,""automated_false_negative_rate"":0.0,""automated_false_positive_rate"":0.0,""automation_duplicate_recall"":0.9939393939393939,""automation_nonduplicate_recall"":0.9870967741935484,""coverage"":0.990625,""covered"":317,""covered_error_rate"":0.0,""false_negative_cost"":5.0,""false_positive_cost"":1.0,""fn"":0,""fp"":0,""negative_predictive_value"":1.0,""negative_threshold"":0.27,""negatives"":155,""positive_threshold"":0.88,""positives"":165,""precision"":1.0,""threshold"":0.88,""tn"":153,""tp"":164,""weighted_covered_error"":0.0}}","{""balance_score"":0.006250000000000033,""calibration_group_counts_by_label"":{""0"":31,""1"":33},""calibration_groups"":64,""calibration_label_counts"":{""0"":155,""1"":165},""calibration_records"":320,""fit_group_counts_by_label"":{""0"":47,""1"":49},""fit_groups"":96,""fit_label_counts"":{""0"":235,""1"":245},""fit_records"":480,""group_overlap"":0}","[{""fit_group_counts_by_label"":{""0"":16,""1"":16},""fit_groups"":32,""fit_records"":160,""fold"":0,""group_overlap"":0,""validation_group_counts_by_label"":{""0"":15,""1"":17},""validation_groups"":32,""validation_records"":160},{""fit_group_counts_by_label"":{""0"":15,""1"":17},""fit_groups"":32,""fit_records"":160,""fold"":1,""group_overlap"":0,""validation_group_counts_by_label"":{""0"":16,""1"":16},""validation_groups"":32,""validation_records"":160}]",0
deduplication__embedding__multilingual_minilm_l12__xgboost,deduplication,embedding,multilingual_minilm_l12,xgboost,2,800,200,160,40,0,22.899893600028008,0.16909559996565804,0.013598499994259328,0.06799249997129664,classifier_pipeline_with_precomputed_embedding,"{""model__learning_rate"":0.05,""model__max_depth"":2,""model__n_estimators"":160}",-0.0625,"{""curve_points"":2450,""eligible"":true,""negative_threshold"":0.22,""positive_threshold"":0.65,""selected"":{""abstained"":0,""automated_false_negative_rate"":0.0,""automated_false_positive_rate"":0.0,""automation_duplicate_recall"":1.0,""automation_nonduplicate_recall"":1.0,""coverage"":1.0,""covered"":320,""covered_error_rate"":0.0,""false_negative_cost"":5.0,""false_positive_cost"":1.0,""fn"":0,""fp"":0,""negative_predictive_value"":1.0,""negative_threshold"":0.22,""negatives"":165,""positive_threshold"":0.65,""positives"":155,""precision"":1.0,""threshold"":0.65,""tn"":165,""tp"":155,""weighted_covered_error"":0.0}}","{""balance_score"":0.006250000000000033,""calibration_group_counts_by_label"":{""0"":33,""1"":31},""calibration_groups"":64,""calibration_label_counts"":{""0"":165,""1"":155},""calibration_records"":320,""fit_group_counts_by_label"":{""0"":50,""1"":46},""fit_groups"":96,""fit_label_counts"":{""0"":250,""1"":230},""fit_records"":480,""group_overlap"":0}","[{""fit_group_counts_by_label"":{""0"":14,""1"":18},""fit_groups"":32,""fit_records"":160,""fold"":0,""group_overlap"":0,""validation_group_counts_by_label"":{""0"":19,""1"":13},""validation_groups"":32,""validation_records"":160},{""fit_group_counts_by_label"":{""0"":19,""1"":13},""fit_groups"":32,""fit_records"":160,""fold"":1,""group_overlap"":0,""validation_group_counts_by_label"":{""0"":14,""1"":18},""validation_groups"":32,""validation_records"":160}]",0
deduplication__embedding__multilingual_minilm_l12__xgboost,deduplication,embedding,multilingual_minilm_l12,xgboost,3,800,200,160,40,0,25.67164720001165,0.13177799998084083,0.013270499999634922,0.06635249999817461,classifier_pipeline_with_precomputed_embedding,"{""model__learning_rate"":0.05,""model__max_depth"":4,""model__n_estimators"":160}",-0.23749999999999996,"{""curve_points"":2450,""eligible"":true,""negative_threshold"":0.09,""positive_threshold"":0.87,""selected"":{""abstained"":0,""automated_false_negative_rate"":0.0,""automated_false_positive_rate"":0.0,""automation_duplicate_recall"":1.0,""automation_nonduplicate_recall"":1.0,""coverage"":1.0,""covered"":320,""covered_error_rate"":0.0,""false_negative_cost"":5.0,""false_positive_cost"":1.0,""fn"":0,""fp"":0,""negative_predictive_value"":1.0,""negative_threshold"":0.09,""negatives"":155,""positive_threshold"":0.87,""positives"":165,""precision"":1.0,""threshold"":0.87,""tn"":155,""tp"":165,""weighted_covered_error"":0.0}}","{""balance_score"":0.006250000000000033,""calibration_group_counts_by_label"":{""0"":31,""1"":33},""calibration_groups"":64,""calibration_label_counts"":{""0"":155,""1"":165},""calibration_records"":320,""fit_group_counts_by_label"":{""0"":47,""1"":49},""fit_groups"":96,""fit_label_counts"":{""0"":235,""1"":245},""fit_records"":480,""group_overlap"":0}","[{""fit_group_counts_by_label"":{""0"":17,""1"":15},""fit_groups"":32,""fit_records"":160,""fold"":0,""group_overlap"":0,""validation_group_counts_by_label"":{""0"":14,""1"":18},""validation_groups"":32,""validation_records"":160},{""fit_group_counts_by_label"":{""0"":14,""1"":18},""fit_groups"":32,""fit_records"":160,""fold"":1,""group_overlap"":0,""validation_group_counts_by_label"":{""0"":17,""1"":15},""validation_groups"":32,""validation_records"":160}]",0
deduplication__embedding__multilingual_minilm_l12__xgboost,deduplication,embedding,multilingual_minilm_l12,xgboost,4,800,200,160,40,0,22.828860600013286,0.13782760000322014,0.012296699977014214,0.06148349988507107,classifier_pipeline_with_precomputed_embedding,"{""model__learning_rate"":0.05,""model__max_depth"":2,""model__n_estimators"":160}",-0.04583333333333334,"{""curve_points"":2450,""eligible"":true,""negative_threshold"":0.15,""positive_threshold"":0.69,""selected"":{""abstained"":1,""automated_false_negative_rate"":0.0,""automated_false_positive_rate"":0.0,""automation_duplicate_recall"":0.9939393939393939,""automation_nonduplicate_recall"":1.0,""coverage"":0.996875,""covered"":319,""covered_error_rate"":0.0,""false_negative_cost"":5.0,""false_positive_cost"":1.0,""fn"":0,""fp"":0,""negative_predictive_value"":1.0,""negative_threshold"":0.15,""negatives"":155,""positive_threshold"":0.69,""positives"":165,""precision"":1.0,""threshold"":0.69,""tn"":155,""tp"":164,""weighted_covered_error"":0.0}}","{""balance_score"":0.006250000000000033,""calibration_group_counts_by_label"":{""0"":31,""1"":33},""calibration_groups"":64,""calibration_label_counts"":{""0"":155,""1"":165},""calibration_records"":320,""fit_group_counts_by_label"":{""0"":47,""1"":49},""fit_groups"":96,""fit_label_counts"":{""0"":235,""1"":245},""fit_records"":480,""group_overlap"":0}","[{""fit_group_counts_by_label"":{""0"":18,""1"":14},""fit_groups"":32,""fit_records"":160,""fold"":0,""group_overlap"":0,""validation_group_counts_by_label"":{""0"":13,""1"":19},""validation_groups"":32,""validation_records"":160},{""fit_group_counts_by_label"":{""0"":13,""1"":19},""fit_groups"":32,""fit_records"":160,""fold"":1,""group_overlap"":0,""validation_group_counts_by_label"":{""0"":18,""1"":14},""validation_groups"":32,""validation_records"":160}]",0
classification__hybrid__granite97m__logistic_regression,classification,hybrid,granite97m,logistic_regression,0,893,221,184,46,0,8.41501799999969,0.8422224000096321,0.14432369999121875,0.6530484162498585,classifier_pipeline_with_precomputed_embedding,"{""model__C"":0.1}",0.9008678949455552,"{""automatic_maintenance_as_obra"":0,""automatic_non_obra_as_obra"":0,""coverage"":0.7765042979942693,""covered"":271,""eligible"":true,""errors"":6,""obra_threshold"":0.9,""risk"":0.02214022140221402,""threshold"":0.71}","{""balance_score"":0.02054758917656277,""calibration_group_counts_by_label"":{""0"":15,""1"":23,""2"":25,""3"":11},""calibration_groups"":74,""calibration_label_counts"":{""0"":68,""1"":113,""2"":118,""3"":50},""calibration_records"":349,""fit_group_counts_by_label"":{""0"":22,""1"":35,""2"":38,""3"":15},""fit_groups"":110,""fit_label_counts"":{""0"":106,""1"":175,""2"":189,""3"":74},""fit_records"":544,""group_overlap"":0}","[{""fit_group_counts_by_label"":{""0"":10,""1"":11,""2"":14,""3"":2},""fit_groups"":37,""fit_records"":174,""fold"":0,""group_overlap"":0,""validation_group_counts_by_label"":{""0"":5,""1"":12,""2"":11,""3"":9},""validation_groups"":37,""validation_records"":175},{""fit_group_counts_by_label"":{""0"":5,""1"":12,""2"":11,""3"":9},""fit_groups"":37,""fit_records"":175,""fold"":1,""group_overlap"":0,""validation_group_counts_by_label"":{""0"":10,""1"":11,""2"":14,""3"":2},""validation_groups"":37,""validation_records"":174}]",0
classification__hybrid__granite97m__logistic_regression,classification,hybrid,granite97m,logistic_regression,1,895,219,185,45,0,8.603596800006926,0.737057399994228,0.13988650002283975,0.6387511416568026,classifier_pipeline_with_precomputed_embedding,"{""model__C"":1.0}",0.8975454036422548,"{""automatic_maintenance_as_obra"":0,""automatic_non_obra_as_obra"":0,""coverage"":0.6871508379888268,""covered"":246,""eligible"":true,""errors"":0,""obra_threshold"":0.9,""risk"":0.0,""threshold"":0.84}","{""balance_score"":0.02346368715083802,""calibration_group_counts_by_label"":{""0"":16,""1"":25,""2"":22,""3"":11},""calibration_groups"":74,""calibration_label_counts"":{""0"":73,""1"":123,""2"":107,""3"":55},""calibration_records"":358,""fit_group_counts_by_label"":{""0"":24,""1"":35,""2"":34,""3"":18},""fit_groups"":111,""fit_label_counts"":{""0"":117,""1"":174,""2"":163,""3"":83},""fit_records"":537,""group_overlap"":0}","[{""fit_group_counts_by_label"":{""0"":8,""1"":12,""2"":9,""3"":7},""fit_groups"":36,""fit_records"":173,""fold"":0,""group_overlap"":0,""validation_group_counts_by_label"":{""0"":8,""1"":13,""2"":13,""3"":4},""validation_groups"":38,""validation_records"":185},{""fit_group_counts_by_label"":{""0"":8,""1"":13,""2"":13,""3"":4},""fit_groups"":38,""fit_records"":185,""fold"":1,""group_overlap"":0,""validation_group_counts_by_label"":{""0"":8,""1"":12,""2"":9,""3"":7},""validation_groups"":36,""validation_records"":173}]",0
classification__hybrid__granite97m__logistic_regression,classification,hybrid,granite97m,logistic_regression,2,882,232,183,47,0,8.542069300019648,0.7831800999701954,0.14064260001759976,0.6062181035241369,classifier_pipeline_with_precomputed_embedding,"{""model__C"":0.1}",0.8460156276565569,"{""automatic_maintenance_as_obra"":0,""automatic_non_obra_as_obra"":0,""coverage"":0.5277777777777778,""covered"":190,""eligible"":true,""errors"":0,""obra_threshold"":0.95,""risk"":0.0,""threshold"":0.95}","{""balance_score"":0.018253968253968272,""calibration_group_counts_by_label"":{""0"":14,""1"":24,""2"":25,""3"":11},""calibration_groups"":74,""calibration_label_counts"":{""0"":64,""1"":118,""2"":123,""3"":55},""calibration_records"":360,""fit_group_counts_by_label"":{""0"":20,""1"":34,""2"":37,""3"":18},""fit_groups"":109,""fit_label_counts"":{""0"":94,""1"":168,""2"":177,""3"":83},""fit_records"":522,""group_overlap"":0}","[{""fit_group_counts_by_label"":{""0"":5,""1"":15,""2"":12,""3"":5},""fit_groups"":37,""fit_records"":177,""fold"":0,""group_overlap"":0,""validation_group_counts_by_label"":{""0"":9,""1"":9,""2"":13,""3"":6},""validation_groups"":37,""validation_records"":183},{""fit_group_counts_by_label"":{""0"":9,""1"":9,""2"":13,""3"":6},""fit_groups"":37,""fit_records"":183,""fold"":1,""group_overlap"":0,""validation_group_counts_by_label"":{""0"":5,""1"":15,""2"":12,""3"":5},""validation_groups"":37,""validation_records"":177}]",0
classification__hybrid__granite97m__logistic_regression,classification,hybrid,granite97m,logistic_regression,3,898,216,184,46,0,8.715466400026344,0.7871317000244744,0.1643523999955505,0.7608907407201413,classifier_pipeline_with_precomputed_embedding,"{""model__C"":1.0}",0.8876835914821039,"{""automatic_maintenance_as_obra"":0,""automatic_non_obra_as_obra"":0,""coverage"":0.5527777777777778,""covered"":199,""eligible"":true,""errors"":0,""obra_threshold"":0.9,""risk"":0.0,""threshold"":0.89}","{""balance_score"":0.01463746597376886,""calibration_group_counts_by_label"":{""0"":17,""1"":23,""2"":22,""3"":12},""calibration_groups"":74,""calibration_label_counts"":{""0"":80,""1"":114,""2"":107,""3"":59},""calibration_records"":360,""fit_group_counts_by_label"":{""0"":25,""1"":35,""2"":33,""3"":17},""fit_groups"":110,""fit_label_counts"":{""0"":120,""1"":173,""2"":163,""3"":82},""fit_records"":538,""group_overlap"":0}","[{""fit_group_counts_by_label"":{""0"":7,""1"":13,""2"":13,""3"":4},""fit_groups"":37,""fit_records"":181,""fold"":0,""group_overlap"":0,""validation_group_counts_by_label"":{""0"":10,""1"":10,""2"":9,""3"":8},""validation_groups"":37,""validation_records"":179},{""fit_group_counts_by_label"":{""0"":10,""1"":10,""2"":9,""3"":8},""fit_groups"":37,""fit_records"":179,""fold"":1,""group_overlap"":0,""validation_group_counts_by_label"":{""0"":7,""1"":13,""2"":13,""3"":4},""validation_groups"":37,""validation_records"":181}]",0
classification__hybrid__granite97m__logistic_regression,classification,hybrid,granite97m,logistic_regression,4,888,226,184,46,0,8.57639509998262,0.831203399982769,0.16170850000344217,0.7155243362984167,classifier_pipeline_with_precomputed_embedding,"{""model__C"":10.0}",0.8797373454059702,"{""automatic_maintenance_as_obra"":0,""automatic_non_obra_as_obra"":0,""coverage"":0.7162921348314607,""covered"":255,""eligible"":true,""errors"":0,""obra_threshold"":0.9,""risk"":0.0,""threshold"":0.71}","{""balance_score"":0.02888956372102444,""calibration_group_counts_by_label"":{""0"":17,""1"":22,""2"":21,""3"":14},""calibration_groups"":74,""calibration_label_counts"":{""0"":76,""1"":109,""2"":103,""3"":68},""calibration_records"":356,""fit_group_counts_by_label"":{""0"":26,""1"":32,""2"":31,""3"":21},""fit_groups"":110,""fit_label_counts"":{""0"":126,""1"":157,""2"":150,""3"":99},""fit_records"":532,""group_overlap"":0}","[{""fit_group_counts_by_label"":{""0"":8,""1"":11,""2"":12,""3"":5},""fit_groups"":36,""fit_records"":172,""fold"":0,""group_overlap"":0,""validation_group_counts_by_label"":{""0"":9,""1"":11,""2"":9,""3"":9},""validation_groups"":38,""validation_records"":184},{""fit_group_counts_by_label"":{""0"":9,""1"":11,""2"":9,""3"":9},""fit_groups"":38,""fit_records"":184,""fold"":1,""group_overlap"":0,""validation_group_counts_by_label"":{""0"":8,""1"":11,""2"":12,""3"":5},""validation_groups"":36,""validation_records"":172}]",0
classification__hybrid__granite97m__decision_tree,classification,hybrid,granite97m,decision_tree,0,893,221,184,46,0,12.263232800003607,0.7061320000211708,0.13595949998125434,0.6152013573812414,classifier_pipeline_with_precomputed_embedding,"{""model__max_depth"":6,""model__min_samples_leaf"":2}",0.6904212212979682,"{""eligible"":false,""obra_threshold"":0.9,""threshold"":null}","{""balance_score"":0.02054758917656277,""calibration_group_counts_by_label"":{""0"":15,""1"":23,""2"":25,""3"":11},""calibration_groups"":74,""calibration_label_counts"":{""0"":68,""1"":113,""2"":118,""3"":50},""calibration_records"":349,""fit_group_counts_by_label"":{""0"":22,""1"":35,""2"":38,""3"":15},""fit_groups"":110,""fit_label_counts"":{""0"":106,""1"":175,""2"":189,""3"":74},""fit_records"":544,""group_overlap"":0}","[{""fit_group_counts_by_label"":{""0"":10,""1"":11,""2"":14,""3"":2},""fit_groups"":37,""fit_records"":174,""fold"":0,""group_overlap"":0,""validation_group_counts_by_label"":{""0"":5,""1"":12,""2"":11,""3"":9},""validation_groups"":37,""validation_records"":175},{""fit_group_counts_by_label"":{""0"":5,""1"":12,""2"":11,""3"":9},""fit_groups"":37,""fit_records"":175,""fold"":1,""group_overlap"":0,""validation_group_counts_by_label"":{""0"":10,""1"":11,""2"":14,""3"":2},""validation_groups"":37,""validation_records"":174}]",0
classification__hybrid__granite97m__decision_tree,classification,hybrid,granite97m,decision_tree,1,895,219,185,45,0,13.634135900007095,0.7164056000183336,0.14039260003482923,0.6410621006156586,classifier_pipeline_with_precomputed_embedding,"{""model__max_depth"":6,""model__min_samples_leaf"":2}",0.7399026329743309,"{""eligible"":false,""obra_threshold"":0.9,""threshold"":null}","{""balance_score"":0.02346368715083802,""calibration_group_counts_by_label"":{""0"":16,""1"":25,""2"":22,""3"":11},""calibration_groups"":74,""calibration_label_counts"":{""0"":73,""1"":123,""2"":107,""3"":55},""calibration_records"":358,""fit_group_counts_by_label"":{""0"":24,""1"":35,""2"":34,""3"":18},""fit_groups"":111,""fit_label_counts"":{""0"":117,""1"":174,""2"":163,""3"":83},""fit_records"":537,""group_overlap"":0}","[{""fit_group_counts_by_label"":{""0"":8,""1"":12,""2"":9,""3"":7},""fit_groups"":36,""fit_records"":173,""fold"":0,""group_overlap"":0,""validation_group_counts_by_label"":{""0"":8,""1"":13,""2"":13,""3"":4},""validation_groups"":38,""validation_records"":185},{""fit_group_counts_by_label"":{""0"":8,""1"":13,""2"":13,""3"":4},""fit_groups"":38,""fit_records"":185,""fold"":1,""group_overlap"":0,""validation_group_counts_by_label"":{""0"":8,""1"":12,""2"":9,""3"":7},""validation_groups"":36,""validation_records"":173}]",0
classification__hybrid__granite97m__decision_tree,classification,hybrid,granite97m,decision_tree,2,882,232,183,47,0,11.863986699958332,0.8336033999803476,0.14211740001337603,0.6125750000576553,classifier_pipeline_with_precomputed_embedding,"{""model__max_depth"":3,""model__min_samples_leaf"":2}",0.6563523623246202,"{""eligible"":false,""obra_threshold"":0.9,""threshold"":null}","{""balance_score"":0.018253968253968272,""calibration_group_counts_by_label"":{""0"":14,""1"":24,""2"":25,""3"":11},""calibration_groups"":74,""calibration_label_counts"":{""0"":64,""1"":118,""2"":123,""3"":55},""calibration_records"":360,""fit_group_counts_by_label"":{""0"":20,""1"":34,""2"":37,""3"":18},""fit_groups"":109,""fit_label_counts"":{""0"":94,""1"":168,""2"":177,""3"":83},""fit_records"":522,""group_overlap"":0}","[{""fit_group_counts_by_label"":{""0"":5,""1"":15,""2"":12,""3"":5},""fit_groups"":37,""fit_records"":177,""fold"":0,""group_overlap"":0,""validation_group_counts_by_label"":{""0"":9,""1"":9,""2"":13,""3"":6},""validation_groups"":37,""validation_records"":183},{""fit_group_counts_by_label"":{""0"":9,""1"":9,""2"":13,""3"":6},""fit_groups"":37,""fit_records"":183,""fold"":1,""group_overlap"":0,""validation_group_counts_by_label"":{""0"":5,""1"":15,""2"":12,""3"":5},""validation_groups"":37,""validation_records"":177}]",0
classification__hybrid__granite97m__decision_tree,classification,hybrid,granite97m,decision_tree,3,898,216,184,46,0,12.222583200025838,0.7267094000126235,0.13215870002750307,0.6118458334606623,classifier_pipeline_with_precomputed_embedding,"{""model__max_depth"":6,""model__min_samples_leaf"":5}",0.7279396675030076,"{""eligible"":false,""obra_threshold"":0.9,""threshold"":null}","{""balance_score"":0.01463746597376886,""calibration_group_counts_by_label"":{""0"":17,""1"":23,""2"":22,""3"":12},""calibration_groups"":74,""calibration_label_counts"":{""0"":80,""1"":114,""2"":107,""3"":59},""calibration_records"":360,""fit_group_counts_by_label"":{""0"":25,""1"":35,""2"":33,""3"":17},""fit_groups"":110,""fit_label_counts"":{""0"":120,""1"":173,""2"":163,""3"":82},""fit_records"":538,""group_overlap"":0}","[{""fit_group_counts_by_label"":{""0"":7,""1"":13,""2"":13,""3"":4},""fit_groups"":37,""fit_records"":181,""fold"":0,""group_overlap"":0,""validation_group_counts_by_label"":{""0"":10,""1"":10,""2"":9,""3"":8},""validation_groups"":37,""validation_records"":179},{""fit_group_counts_by_label"":{""0"":10,""1"":10,""2"":9,""3"":8},""fit_groups"":37,""fit_records"":179,""fold"":1,""group_overlap"":0,""validation_group_counts_by_label"":{""0"":7,""1"":13,""2"":13,""3"":4},""validation_groups"":37,""validation_records"":181}]",0
classification__hybrid__granite97m__decision_tree,classification,hybrid,granite97m,decision_tree,4,888,226,184,46,0,11.987939800019376,0.7199717999901623,0.13574130000779405,0.600625221273425,classifier_pipeline_with_precomputed_embedding,"{""model__max_depth"":6,""model__min_samples_leaf"":5}",0.6380422634394374,"{""eligible"":false,""obra_threshold"":0.9,""threshold"":null}","{""balance_score"":0.02888956372102444,""calibration_group_counts_by_label"":{""0"":17,""1"":22,""2"":21,""3"":14},""calibration_groups"":74,""calibration_label_counts"":{""0"":76,""1"":109,""2"":103,""3"":68},""calibration_records"":356,""fit_group_counts_by_label"":{""0"":26,""1"":32,""2"":31,""3"":21},""fit_groups"":110,""fit_label_counts"":{""0"":126,""1"":157,""2"":150,""3"":99},""fit_records"":532,""group_overlap"":0}","[{""fit_group_counts_by_label"":{""0"":8,""1"":11,""2"":12,""3"":5},""fit_groups"":36,""fit_records"":172,""fold"":0,""group_overlap"":0,""validation_group_counts_by_label"":{""0"":9,""1"":11,""2"":9,""3"":9},""validation_groups"":38,""validation_records"":184},{""fit_group_counts_by_label"":{""0"":9,""1"":11,""2"":9,""3"":9},""fit_groups"":38,""fit_records"":184,""fold"":1,""group_overlap"":0,""validation_group_counts_by_label"":{""0"":8,""1"":11,""2"":12,""3"":5},""validation_groups"":36,""validation_records"":172}]",0
classification__hybrid__granite97m__linear_svm,classification,hybrid,granite97m,linear_svm,0,893,221,184,46,0,8.910433400014881,0.7426881999708712,0.17466980003518984,0.7903610861320807,classifier_pipeline_with_precomputed_embedding,"{""model__C"":1.0}",0.9313101877822532,"{""automatic_maintenance_as_obra"":0,""automatic_non_obra_as_obra"":0,""coverage"":0.6045845272206304,""covered"":211,""eligible"":true,""errors"":0,""obra_threshold"":0.92,""risk"":0.0,""threshold"":0.92}","{""balance_score"":0.02054758917656277,""calibration_group_counts_by_label"":{""0"":15,""1"":23,""2"":25,""3"":11},""calibration_groups"":74,""calibration_label_counts"":{""0"":68,""1"":113,""2"":118,""3"":50},""calibration_records"":349,""fit_group_counts_by_label"":{""0"":22,""1"":35,""2"":38,""3"":15},""fit_groups"":110,""fit_label_counts"":{""0"":106,""1"":175,""2"":189,""3"":74},""fit_records"":544,""group_overlap"":0}","[{""fit_group_counts_by_label"":{""0"":10,""1"":11,""2"":14,""3"":2},""fit_groups"":37,""fit_records"":174,""fold"":0,""group_overlap"":0,""validation_group_counts_by_label"":{""0"":5,""1"":12,""2"":11,""3"":9},""validation_groups"":37,""validation_records"":175},{""fit_group_counts_by_label"":{""0"":5,""1"":12,""2"":11,""3"":9},""fit_groups"":37,""fit_records"":175,""fold"":1,""group_overlap"":0,""validation_group_counts_by_label"":{""0"":10,""1"":11,""2"":14,""3"":2},""validation_groups"":37,""validation_records"":174}]",0
classification__hybrid__granite97m__linear_svm,classification,hybrid,granite97m,linear_svm,1,895,219,185,45,0,8.835348599997815,0.9348469999968074,0.13405920000514016,0.6121424657768957,classifier_pipeline_with_precomputed_embedding,"{""model__C"":1.0}",0.8985901498529812,"{""automatic_maintenance_as_obra"":0,""automatic_non_obra_as_obra"":0,""coverage"":0.7430167597765364,""covered"":266,""eligible"":true,""errors"":0,""obra_threshold"":0.9,""risk"":0.0,""threshold"":0.79}","{""balance_score"":0.02346368715083802,""calibration_group_counts_by_label"":{""0"":16,""1"":25,""2"":22,""3"":11},""calibration_groups"":74,""calibration_label_counts"":{""0"":73,""1"":123,""2"":107,""3"":55},""calibration_records"":358,""fit_group_counts_by_label"":{""0"":24,""1"":35,""2"":34,""3"":18},""fit_groups"":111,""fit_label_counts"":{""0"":117,""1"":174,""2"":163,""3"":83},""fit_records"":537,""group_overlap"":0}","[{""fit_group_counts_by_label"":{""0"":8,""1"":12,""2"":9,""3"":7},""fit_groups"":36,""fit_records"":173,""fold"":0,""group_overlap"":0,""validation_group_counts_by_label"":{""0"":8,""1"":13,""2"":13,""3"":4},""validation_groups"":38,""validation_records"":185},{""fit_group_counts_by_label"":{""0"":8,""1"":13,""2"":13,""3"":4},""fit_groups"":38,""fit_records"":185,""fold"":1,""group_overlap"":0,""validation_group_counts_by_label"":{""0"":8,""1"":12,""2"":9,""3"":7},""validation_groups"":36,""validation_records"":173}]",0
classification__hybrid__granite97m__linear_svm,classification,hybrid,granite97m,linear_svm,2,882,232,183,47,0,8.334169399982784,0.8116160999634303,0.14111219998449087,0.6082422413124606,classifier_pipeline_with_precomputed_embedding,"{""model__C"":0.1}",0.8409406196403676,"{""automatic_maintenance_as_obra"":0,""automatic_non_obra_as_obra"":0,""coverage"":0.675,""covered"":243,""eligible"":true,""errors"":0,""obra_threshold"":0.94,""risk"":0.0,""threshold"":0.94}","{""balance_score"":0.018253968253968272,""calibration_group_counts_by_label"":{""0"":14,""1"":24,""2"":25,""3"":11},""calibration_groups"":74,""calibration_label_counts"":{""0"":64,""1"":118,""2"":123,""3"":55},""calibration_records"":360,""fit_group_counts_by_label"":{""0"":20,""1"":34,""2"":37,""3"":18},""fit_groups"":109,""fit_label_counts"":{""0"":94,""1"":168,""2"":177,""3"":83},""fit_records"":522,""group_overlap"":0}","[{""fit_group_counts_by_label"":{""0"":5,""1"":15,""2"":12,""3"":5},""fit_groups"":37,""fit_records"":177,""fold"":0,""group_overlap"":0,""validation_group_counts_by_label"":{""0"":9,""1"":9,""2"":13,""3"":6},""validation_groups"":37,""validation_records"":183},{""fit_group_counts_by_label"":{""0"":9,""1"":9,""2"":13,""3"":6},""fit_groups"":37,""fit_records"":183,""fold"":1,""group_overlap"":0,""validation_group_counts_by_label"":{""0"":5,""1"":15,""2"":12,""3"":5},""validation_groups"":37,""validation_records"":177}]",0
classification__hybrid__granite97m__linear_svm,classification,hybrid,granite97m,linear_svm,3,898,216,184,46,0,9.128652399987914,0.7386420000111684,0.13087319995975122,0.6058944442581075,classifier_pipeline_with_precomputed_embedding,"{""model__C"":10.0}",0.8832274939417023,"{""automatic_maintenance_as_obra"":0,""automatic_non_obra_as_obra"":0,""coverage"":0.5777777777777777,""covered"":208,""eligible"":true,""errors"":0,""obra_threshold"":0.9,""risk"":0.0,""threshold"":0.86}","{""balance_score"":0.01463746597376886,""calibration_group_counts_by_label"":{""0"":17,""1"":23,""2"":22,""3"":12},""calibration_groups"":74,""calibration_label_counts"":{""0"":80,""1"":114,""2"":107,""3"":59},""calibration_records"":360,""fit_group_counts_by_label"":{""0"":25,""1"":35,""2"":33,""3"":17},""fit_groups"":110,""fit_label_counts"":{""0"":120,""1"":173,""2"":163,""3"":82},""fit_records"":538,""group_overlap"":0}","[{""fit_group_counts_by_label"":{""0"":7,""1"":13,""2"":13,""3"":4},""fit_groups"":37,""fit_records"":181,""fold"":0,""group_overlap"":0,""validation_group_counts_by_label"":{""0"":10,""1"":10,""2"":9,""3"":8},""validation_groups"":37,""validation_records"":179},{""fit_group_counts_by_label"":{""0"":10,""1"":10,""2"":9,""3"":8},""fit_groups"":37,""fit_records"":179,""fold"":1,""group_overlap"":0,""validation_group_counts_by_label"":{""0"":7,""1"":13,""2"":13,""3"":4},""validation_groups"":37,""validation_records"":181}]",0
classification__hybrid__granite97m__linear_svm,classification,hybrid,granite97m,linear_svm,4,888,226,184,46,0,8.716831600002479,0.7307655999902636,0.14103249995969236,0.6240376104411166,classifier_pipeline_with_precomputed_embedding,"{""model__C"":1.0}",0.8874125878382589,"{""automatic_maintenance_as_obra"":0,""automatic_non_obra_as_obra"":0,""coverage"":0.6741573033707865,""covered"":240,""eligible"":true,""errors"":0,""obra_threshold"":0.9,""risk"":0.0,""threshold"":0.8}","{""balance_score"":0.02888956372102444,""calibration_group_counts_by_label"":{""0"":17,""1"":22,""2"":21,""3"":14},""calibration_groups"":74,""calibration_label_counts"":{""0"":76,""1"":109,""2"":103,""3"":68},""calibration_records"":356,""fit_group_counts_by_label"":{""0"":26,""1"":32,""2"":31,""3"":21},""fit_groups"":110,""fit_label_counts"":{""0"":126,""1"":157,""2"":150,""3"":99},""fit_records"":532,""group_overlap"":0}","[{""fit_group_counts_by_label"":{""0"":8,""1"":11,""2"":12,""3"":5},""fit_groups"":36,""fit_records"":172,""fold"":0,""group_overlap"":0,""validation_group_counts_by_label"":{""0"":9,""1"":11,""2"":9,""3"":9},""validation_groups"":38,""validation_records"":184},{""fit_group_counts_by_label"":{""0"":9,""1"":11,""2"":9,""3"":9},""fit_groups"":38,""fit_records"":184,""fold"":1,""group_overlap"":0,""validation_group_counts_by_label"":{""0"":8,""1"":11,""2"":12,""3"":5},""validation_groups"":36,""validation_records"":172}]",0
classification__hybrid__granite97m__mlp,classification,hybrid,granite97m,mlp,0,893,221,184,46,0,133.84729590005009,0.7444862999836914,0.1383462999947369,0.6260013574422485,classifier_pipeline_with_precomputed_embedding,"{""model__alpha"":0.001,""model__hidden_layer_sizes"":[16]}",0.9277441739840228,"{""automatic_maintenance_as_obra"":0,""automatic_non_obra_as_obra"":0,""coverage"":0.7392550143266475,""covered"":258,""eligible"":true,""errors"":5,""obra_threshold"":0.92,""risk"":0.01937984496124031,""threshold"":0.92}","{""balance_score"":0.02054758917656277,""calibration_group_counts_by_label"":{""0"":15,""1"":23,""2"":25,""3"":11},""calibration_groups"":74,""calibration_label_counts"":{""0"":68,""1"":113,""2"":118,""3"":50},""calibration_records"":349,""fit_group_counts_by_label"":{""0"":22,""1"":35,""2"":38,""3"":15},""fit_groups"":110,""fit_label_counts"":{""0"":106,""1"":175,""2"":189,""3"":74},""fit_records"":544,""group_overlap"":0}","[{""fit_group_counts_by_label"":{""0"":10,""1"":11,""2"":14,""3"":2},""fit_groups"":37,""fit_records"":174,""fold"":0,""group_overlap"":0,""validation_group_counts_by_label"":{""0"":5,""1"":12,""2"":11,""3"":9},""validation_groups"":37,""validation_records"":175},{""fit_group_counts_by_label"":{""0"":5,""1"":12,""2"":11,""3"":9},""fit_groups"":37,""fit_records"":175,""fold"":1,""group_overlap"":0,""validation_group_counts_by_label"":{""0"":10,""1"":11,""2"":14,""3"":2},""validation_groups"":37,""validation_records"":174}]",0
classification__hybrid__granite97m__mlp,classification,hybrid,granite97m,mlp,1,895,219,185,45,0,147.6437758000102,0.7459981999709271,0.1354130000108853,0.6183242009629466,classifier_pipeline_with_precomputed_embedding,"{""model__alpha"":0.001,""model__hidden_layer_sizes"":[16]}",0.8981923158353805,"{""automatic_maintenance_as_obra"":0,""automatic_non_obra_as_obra"":0,""coverage"":0.6061452513966481,""covered"":217,""eligible"":true,""errors"":2,""obra_threshold"":0.94,""risk"":0.009216589861751152,""threshold"":0.94}","{""balance_score"":0.02346368715083802,""calibration_group_counts_by_label"":{""0"":16,""1"":25,""2"":22,""3"":11},""calibration_groups"":74,""calibration_label_counts"":{""0"":73,""1"":123,""2"":107,""3"":55},""calibration_records"":358,""fit_group_counts_by_label"":{""0"":24,""1"":35,""2"":34,""3"":18},""fit_groups"":111,""fit_label_counts"":{""0"":117,""1"":174,""2"":163,""3"":83},""fit_records"":537,""group_overlap"":0}","[{""fit_group_counts_by_label"":{""0"":8,""1"":12,""2"":9,""3"":7},""fit_groups"":36,""fit_records"":173,""fold"":0,""group_overlap"":0,""validation_group_counts_by_label"":{""0"":8,""1"":13,""2"":13,""3"":4},""validation_groups"":38,""validation_records"":185},{""fit_group_counts_by_label"":{""0"":8,""1"":13,""2"":13,""3"":4},""fit_groups"":38,""fit_records"":185,""fold"":1,""group_overlap"":0,""validation_group_counts_by_label"":{""0"":8,""1"":12,""2"":9,""3"":7},""validation_groups"":36,""validation_records"":173}]",0
classification__hybrid__granite97m__mlp,classification,hybrid,granite97m,mlp,2,882,232,183,47,0,137.4438680000021,0.7528621999663301,0.1435493000317365,0.618746982895416,classifier_pipeline_with_precomputed_embedding,"{""model__alpha"":0.001,""model__hidden_layer_sizes"":[32]}",0.8342058556088393,"{""automatic_maintenance_as_obra"":0,""automatic_non_obra_as_obra"":0,""coverage"":0.5972222222222222,""covered"":215,""eligible"":true,""errors"":0,""obra_threshold"":0.97,""risk"":0.0,""threshold"":0.97}","{""balance_score"":0.018253968253968272,""calibration_group_counts_by_label"":{""0"":14,""1"":24,""2"":25,""3"":11},""calibration_groups"":74,""calibration_label_counts"":{""0"":64,""1"":118,""2"":123,""3"":55},""calibration_records"":360,""fit_group_counts_by_label"":{""0"":20,""1"":34,""2"":37,""3"":18},""fit_groups"":109,""fit_label_counts"":{""0"":94,""1"":168,""2"":177,""3"":83},""fit_records"":522,""group_overlap"":0}","[{""fit_group_counts_by_label"":{""0"":5,""1"":15,""2"":12,""3"":5},""fit_groups"":37,""fit_records"":177,""fold"":0,""group_overlap"":0,""validation_group_counts_by_label"":{""0"":9,""1"":9,""2"":13,""3"":6},""validation_groups"":37,""validation_records"":183},{""fit_group_counts_by_label"":{""0"":9,""1"":9,""2"":13,""3"":6},""fit_groups"":37,""fit_records"":183,""fold"":1,""group_overlap"":0,""validation_group_counts_by_label"":{""0"":5,""1"":15,""2"":12,""3"":5},""validation_groups"":37,""validation_records"":177}]",0
classification__hybrid__granite97m__mlp,classification,hybrid,granite97m,mlp,3,898,216,184,46,0,159.0298909000121,0.7830729000270367,0.1377144999569282,0.6375671294302231,classifier_pipeline_with_precomputed_embedding,"{""model__alpha"":0.001,""model__hidden_layer_sizes"":[32]}",0.8760725660799277,"{""automatic_maintenance_as_obra"":0,""automatic_non_obra_as_obra"":0,""coverage"":0.6777777777777778,""covered"":244,""eligible"":true,""errors"":2,""obra_threshold"":0.9,""risk"":0.00819672131147541,""threshold"":0.9}","{""balance_score"":0.01463746597376886,""calibration_group_counts_by_label"":{""0"":17,""1"":23,""2"":22,""3"":12},""calibration_groups"":74,""calibration_label_counts"":{""0"":80,""1"":114,""2"":107,""3"":59},""calibration_records"":360,""fit_group_counts_by_label"":{""0"":25,""1"":35,""2"":33,""3"":17},""fit_groups"":110,""fit_label_counts"":{""0"":120,""1"":173,""2"":163,""3"":82},""fit_records"":538,""group_overlap"":0}","[{""fit_group_counts_by_label"":{""0"":7,""1"":13,""2"":13,""3"":4},""fit_groups"":37,""fit_records"":181,""fold"":0,""group_overlap"":0,""validation_group_counts_by_label"":{""0"":10,""1"":10,""2"":9,""3"":8},""validation_groups"":37,""validation_records"":179},{""fit_group_counts_by_label"":{""0"":10,""1"":10,""2"":9,""3"":8},""fit_groups"":37,""fit_records"":179,""fold"":1,""group_overlap"":0,""validation_group_counts_by_label"":{""0"":7,""1"":13,""2"":13,""3"":4},""validation_groups"":37,""validation_records"":181}]",0
classification__hybrid__granite97m__mlp,classification,hybrid,granite97m,mlp,4,888,226,184,46,0,113.26483050000388,0.7500600999919698,0.13505720003740862,0.5975982302540205,classifier_pipeline_with_precomputed_embedding,"{""model__alpha"":0.001,""model__hidden_layer_sizes"":[16]}",0.8658731976013483,"{""automatic_maintenance_as_obra"":0,""automatic_non_obra_as_obra"":0,""coverage"":0.7219101123595506,""covered"":257,""eligible"":true,""errors"":0,""obra_threshold"":0.9,""risk"":0.0,""threshold"":0.87}","{""balance_score"":0.02888956372102444,""calibration_group_counts_by_label"":{""0"":17,""1"":22,""2"":21,""3"":14},""calibration_groups"":74,""calibration_label_counts"":{""0"":76,""1"":109,""2"":103,""3"":68},""calibration_records"":356,""fit_group_counts_by_label"":{""0"":26,""1"":32,""2"":31,""3"":21},""fit_groups"":110,""fit_label_counts"":{""0"":126,""1"":157,""2"":150,""3"":99},""fit_records"":532,""group_overlap"":0}","[{""fit_group_counts_by_label"":{""0"":8,""1"":11,""2"":12,""3"":5},""fit_groups"":36,""fit_records"":172,""fold"":0,""group_overlap"":0,""validation_group_counts_by_label"":{""0"":9,""1"":11,""2"":9,""3"":9},""validation_groups"":38,""validation_records"":184},{""fit_group_counts_by_label"":{""0"":9,""1"":11,""2"":9,""3"":9},""fit_groups"":38,""fit_records"":184,""fold"":1,""group_overlap"":0,""validation_group_counts_by_label"":{""0"":8,""1"":11,""2"":12,""3"":5},""validation_groups"":36,""validation_records"":172}]",0
classification__hybrid__granite97m__xgboost,classification,hybrid,granite97m,xgboost,0,893,221,184,46,0,241.4722797999857,0.9630650000181049,0.24693199998000637,1.1173393664253681,classifier_pipeline_with_precomputed_embedding,"{""model__learning_rate"":0.05,""model__max_depth"":4,""model__n_estimators"":160}",0.8413828435546961,"{""automatic_maintenance_as_obra"":0,""automatic_non_obra_as_obra"":0,""coverage"":0.6446991404011462,""covered"":225,""eligible"":true,""errors"":11,""obra_threshold"":0.9,""risk"":0.04888888888888889,""threshold"":0.87}","{""balance_score"":0.02054758917656277,""calibration_group_counts_by_label"":{""0"":15,""1"":23,""2"":25,""3"":11},""calibration_groups"":74,""calibration_label_counts"":{""0"":68,""1"":113,""2"":118,""3"":50},""calibration_records"":349,""fit_group_counts_by_label"":{""0"":22,""1"":35,""2"":38,""3"":15},""fit_groups"":110,""fit_label_counts"":{""0"":106,""1"":175,""2"":189,""3"":74},""fit_records"":544,""group_overlap"":0}","[{""fit_group_counts_by_label"":{""0"":10,""1"":11,""2"":14,""3"":2},""fit_groups"":37,""fit_records"":174,""fold"":0,""group_overlap"":0,""validation_group_counts_by_label"":{""0"":5,""1"":12,""2"":11,""3"":9},""validation_groups"":37,""validation_records"":175},{""fit_group_counts_by_label"":{""0"":5,""1"":12,""2"":11,""3"":9},""fit_groups"":37,""fit_records"":175,""fold"":1,""group_overlap"":0,""validation_group_counts_by_label"":{""0"":10,""1"":11,""2"":14,""3"":2},""validation_groups"":37,""validation_records"":174}]",0
classification__hybrid__granite97m__xgboost,classification,hybrid,granite97m,xgboost,1,895,219,185,45,0,213.14041240001097,0.9452500999905169,0.1436478999676183,0.6559264838704031,classifier_pipeline_with_precomputed_embedding,"{""model__learning_rate"":0.05,""model__max_depth"":2,""model__n_estimators"":160}",0.8348178162028722,"{""automatic_maintenance_as_obra"":0,""automatic_non_obra_as_obra"":0,""coverage"":0.5837988826815642,""covered"":209,""eligible"":true,""errors"":1,""obra_threshold"":0.93,""risk"":0.004784688995215311,""threshold"":0.93}","{""balance_score"":0.02346368715083802,""calibration_group_counts_by_label"":{""0"":16,""1"":25,""2"":22,""3"":11},""calibration_groups"":74,""calibration_label_counts"":{""0"":73,""1"":123,""2"":107,""3"":55},""calibration_records"":358,""fit_group_counts_by_label"":{""0"":24,""1"":35,""2"":34,""3"":18},""fit_groups"":111,""fit_label_counts"":{""0"":117,""1"":174,""2"":163,""3"":83},""fit_records"":537,""group_overlap"":0}","[{""fit_group_counts_by_label"":{""0"":8,""1"":12,""2"":9,""3"":7},""fit_groups"":36,""fit_records"":173,""fold"":0,""group_overlap"":0,""validation_group_counts_by_label"":{""0"":8,""1"":13,""2"":13,""3"":4},""validation_groups"":38,""validation_records"":185},{""fit_group_counts_by_label"":{""0"":8,""1"":13,""2"":13,""3"":4},""fit_groups"":38,""fit_records"":185,""fold"":1,""group_overlap"":0,""validation_group_counts_by_label"":{""0"":8,""1"":12,""2"":9,""3"":7},""validation_groups"":36,""validation_records"":173}]",0
classification__hybrid__granite97m__xgboost,classification,hybrid,granite97m,xgboost,2,882,232,183,47,0,240.45782959996723,1.0076885999878868,0.16039859998272732,0.6913732757876178,classifier_pipeline_with_precomputed_embedding,"{""model__learning_rate"":0.05,""model__max_depth"":4,""model__n_estimators"":160}",0.8024600251178056,"{""automatic_maintenance_as_obra"":0,""automatic_non_obra_as_obra"":0,""coverage"":0.6333333333333333,""covered"":228,""eligible"":true,""errors"":0,""obra_threshold"":0.93,""risk"":0.0,""threshold"":0.93}","{""balance_score"":0.018253968253968272,""calibration_group_counts_by_label"":{""0"":14,""1"":24,""2"":25,""3"":11},""calibration_groups"":74,""calibration_label_counts"":{""0"":64,""1"":118,""2"":123,""3"":55},""calibration_records"":360,""fit_group_counts_by_label"":{""0"":20,""1"":34,""2"":37,""3"":18},""fit_groups"":109,""fit_label_counts"":{""0"":94,""1"":168,""2"":177,""3"":83},""fit_records"":522,""group_overlap"":0}","[{""fit_group_counts_by_label"":{""0"":5,""1"":15,""2"":12,""3"":5},""fit_groups"":37,""fit_records"":177,""fold"":0,""group_overlap"":0,""validation_group_counts_by_label"":{""0"":9,""1"":9,""2"":13,""3"":6},""validation_groups"":37,""validation_records"":183},{""fit_group_counts_by_label"":{""0"":9,""1"":9,""2"":13,""3"":6},""fit_groups"":37,""fit_records"":183,""fold"":1,""group_overlap"":0,""validation_group_counts_by_label"":{""0"":5,""1"":15,""2"":12,""3"":5},""validation_groups"":37,""validation_records"":177}]",0
classification__hybrid__granite97m__xgboost,classification,hybrid,granite97m,xgboost,3,898,216,184,46,0,252.82144710002467,0.9405666999518871,0.14579660003073514,0.6749842594015516,classifier_pipeline_with_precomputed_embedding,"{""model__learning_rate"":0.05,""model__max_depth"":4,""model__n_estimators"":160}",0.8228240406309307,"{""eligible"":false,""obra_threshold"":0.9,""threshold"":null}","{""balance_score"":0.01463746597376886,""calibration_group_counts_by_label"":{""0"":17,""1"":23,""2"":22,""3"":12},""calibration_groups"":74,""calibration_label_counts"":{""0"":80,""1"":114,""2"":107,""3"":59},""calibration_records"":360,""fit_group_counts_by_label"":{""0"":25,""1"":35,""2"":33,""3"":17},""fit_groups"":110,""fit_label_counts"":{""0"":120,""1"":173,""2"":163,""3"":82},""fit_records"":538,""group_overlap"":0}","[{""fit_group_counts_by_label"":{""0"":7,""1"":13,""2"":13,""3"":4},""fit_groups"":37,""fit_records"":181,""fold"":0,""group_overlap"":0,""validation_group_counts_by_label"":{""0"":10,""1"":10,""2"":9,""3"":8},""validation_groups"":37,""validation_records"":179},{""fit_group_counts_by_label"":{""0"":10,""1"":10,""2"":9,""3"":8},""fit_groups"":37,""fit_records"":179,""fold"":1,""group_overlap"":0,""validation_group_counts_by_label"":{""0"":7,""1"":13,""2"":13,""3"":4},""validation_groups"":37,""validation_records"":181}]",0
classification__hybrid__granite97m__xgboost,classification,hybrid,granite97m,xgboost,4,888,226,184,46,0,233.4954088999657,1.0504763000062667,0.162640199996531,0.7196469026395177,classifier_pipeline_with_precomputed_embedding,"{""model__learning_rate"":0.05,""model__max_depth"":4,""model__n_estimators"":160}",0.7730689600838677,"{""automatic_maintenance_as_obra"":0,""automatic_non_obra_as_obra"":0,""coverage"":0.5758426966292135,""covered"":205,""eligible"":true,""errors"":4,""obra_threshold"":0.91,""risk"":0.01951219512195122,""threshold"":0.91}","{""balance_score"":0.02888956372102444,""calibration_group_counts_by_label"":{""0"":17,""1"":22,""2"":21,""3"":14},""calibration_groups"":74,""calibration_label_counts"":{""0"":76,""1"":109,""2"":103,""3"":68},""calibration_records"":356,""fit_group_counts_by_label"":{""0"":26,""1"":32,""2"":31,""3"":21},""fit_groups"":110,""fit_label_counts"":{""0"":126,""1"":157,""2"":150,""3"":99},""fit_records"":532,""group_overlap"":0}","[{""fit_group_counts_by_label"":{""0"":8,""1"":11,""2"":12,""3"":5},""fit_groups"":36,""fit_records"":172,""fold"":0,""group_overlap"":0,""validation_group_counts_by_label"":{""0"":9,""1"":11,""2"":9,""3"":9},""validation_groups"":38,""validation_records"":184},{""fit_group_counts_by_label"":{""0"":9,""1"":11,""2"":9,""3"":9},""fit_groups"":38,""fit_records"":184,""fold"":1,""group_overlap"":0,""validation_group_counts_by_label"":{""0"":8,""1"":11,""2"":12,""3"":5},""validation_groups"":36,""validation_records"":172}]",0
deduplication__hybrid__granite97m__logistic_regression,deduplication,hybrid,granite97m,logistic_regression,0,800,200,160,40,0,13.307074400014244,1.2113727999967523,0.2465169999632053,1.2325849998160265,classifier_pipeline_with_precomputed_embedding,"{""model__C"":0.1}",0.0,"{""curve_points"":2450,""eligible"":true,""negative_threshold"":0.05,""positive_threshold"":0.95,""selected"":{""abstained"":0,""automated_false_negative_rate"":0.0,""automated_false_positive_rate"":0.0,""automation_duplicate_recall"":1.0,""automation_nonduplicate_recall"":1.0,""coverage"":1.0,""covered"":320,""covered_error_rate"":0.0,""false_negative_cost"":5.0,""false_positive_cost"":1.0,""fn"":0,""fp"":0,""negative_predictive_value"":1.0,""negative_threshold"":0.05,""negatives"":165,""positive_threshold"":0.95,""positives"":155,""precision"":1.0,""threshold"":0.95,""tn"":165,""tp"":155,""weighted_covered_error"":0.0}}","{""balance_score"":0.006250000000000033,""calibration_group_counts_by_label"":{""0"":33,""1"":31},""calibration_groups"":64,""calibration_label_counts"":{""0"":165,""1"":155},""calibration_records"":320,""fit_group_counts_by_label"":{""0"":50,""1"":46},""fit_groups"":96,""fit_label_counts"":{""0"":250,""1"":230},""fit_records"":480,""group_overlap"":0}","[{""fit_group_counts_by_label"":{""0"":14,""1"":18},""fit_groups"":32,""fit_records"":160,""fold"":0,""group_overlap"":0,""validation_group_counts_by_label"":{""0"":19,""1"":13},""validation_groups"":32,""validation_records"":160},{""fit_group_counts_by_label"":{""0"":19,""1"":13},""fit_groups"":32,""fit_records"":160,""fold"":1,""group_overlap"":0,""validation_group_counts_by_label"":{""0"":14,""1"":18},""validation_groups"":32,""validation_records"":160}]",0
deduplication__hybrid__granite97m__logistic_regression,deduplication,hybrid,granite97m,logistic_regression,1,800,200,160,40,0,13.225454900006298,1.2360575000056997,0.22372660000110045,1.1186330000055023,classifier_pipeline_with_precomputed_embedding,"{""model__C"":0.1}",0.0,"{""curve_points"":2450,""eligible"":true,""negative_threshold"":0.04,""positive_threshold"":0.96,""selected"":{""abstained"":0,""automated_false_negative_rate"":0.0,""automated_false_positive_rate"":0.0,""automation_duplicate_recall"":1.0,""automation_nonduplicate_recall"":1.0,""coverage"":1.0,""covered"":320,""covered_error_rate"":0.0,""false_negative_cost"":5.0,""false_positive_cost"":1.0,""fn"":0,""fp"":0,""negative_predictive_value"":1.0,""negative_threshold"":0.04,""negatives"":155,""positive_threshold"":0.96,""positives"":165,""precision"":1.0,""threshold"":0.96,""tn"":155,""tp"":165,""weighted_covered_error"":0.0}}","{""balance_score"":0.006250000000000033,""calibration_group_counts_by_label"":{""0"":31,""1"":33},""calibration_groups"":64,""calibration_label_counts"":{""0"":155,""1"":165},""calibration_records"":320,""fit_group_counts_by_label"":{""0"":47,""1"":49},""fit_groups"":96,""fit_label_counts"":{""0"":235,""1"":245},""fit_records"":480,""group_overlap"":0}","[{""fit_group_counts_by_label"":{""0"":16,""1"":16},""fit_groups"":32,""fit_records"":160,""fold"":0,""group_overlap"":0,""validation_group_counts_by_label"":{""0"":15,""1"":17},""validation_groups"":32,""validation_records"":160},{""fit_group_counts_by_label"":{""0"":15,""1"":17},""fit_groups"":32,""fit_records"":160,""fold"":1,""group_overlap"":0,""validation_group_counts_by_label"":{""0"":16,""1"":16},""validation_groups"":32,""validation_records"":160}]",0
deduplication__hybrid__granite97m__logistic_regression,deduplication,hybrid,granite97m,logistic_regression,2,800,200,160,40,0,13.025977800018154,1.2134656999842264,0.2373022999963723,1.1865114999818616,classifier_pipeline_with_precomputed_embedding,"{""model__C"":0.1}",0.0,"{""curve_points"":2450,""eligible"":true,""negative_threshold"":0.05,""positive_threshold"":0.96,""selected"":{""abstained"":0,""automated_false_negative_rate"":0.0,""automated_false_positive_rate"":0.0,""automation_duplicate_recall"":1.0,""automation_nonduplicate_recall"":1.0,""coverage"":1.0,""covered"":320,""covered_error_rate"":0.0,""false_negative_cost"":5.0,""false_positive_cost"":1.0,""fn"":0,""fp"":0,""negative_predictive_value"":1.0,""negative_threshold"":0.05,""negatives"":165,""positive_threshold"":0.96,""positives"":155,""precision"":1.0,""threshold"":0.96,""tn"":165,""tp"":155,""weighted_covered_error"":0.0}}","{""balance_score"":0.006250000000000033,""calibration_group_counts_by_label"":{""0"":33,""1"":31},""calibration_groups"":64,""calibration_label_counts"":{""0"":165,""1"":155},""calibration_records"":320,""fit_group_counts_by_label"":{""0"":50,""1"":46},""fit_groups"":96,""fit_label_counts"":{""0"":250,""1"":230},""fit_records"":480,""group_overlap"":0}","[{""fit_group_counts_by_label"":{""0"":14,""1"":18},""fit_groups"":32,""fit_records"":160,""fold"":0,""group_overlap"":0,""validation_group_counts_by_label"":{""0"":19,""1"":13},""validation_groups"":32,""validation_records"":160},{""fit_group_counts_by_label"":{""0"":19,""1"":13},""fit_groups"":32,""fit_records"":160,""fold"":1,""group_overlap"":0,""validation_group_counts_by_label"":{""0"":14,""1"":18},""validation_groups"":32,""validation_records"":160}]",0
deduplication__hybrid__granite97m__logistic_regression,deduplication,hybrid,granite97m,logistic_regression,3,800,200,160,40,0,13.295833199983463,1.2141858999966644,0.2404314000159502,1.202157000079751,classifier_pipeline_with_precomputed_embedding,"{""model__C"":0.1}",0.0,"{""curve_points"":2450,""eligible"":true,""negative_threshold"":0.06,""positive_threshold"":0.96,""selected"":{""abstained"":0,""automated_false_negative_rate"":0.0,""automated_false_positive_rate"":0.0,""automation_duplicate_recall"":1.0,""automation_nonduplicate_recall"":1.0,""coverage"":1.0,""covered"":320,""covered_error_rate"":0.0,""false_negative_cost"":5.0,""false_positive_cost"":1.0,""fn"":0,""fp"":0,""negative_predictive_value"":1.0,""negative_threshold"":0.06,""negatives"":155,""positive_threshold"":0.96,""positives"":165,""precision"":1.0,""threshold"":0.96,""tn"":155,""tp"":165,""weighted_covered_error"":0.0}}","{""balance_score"":0.006250000000000033,""calibration_group_counts_by_label"":{""0"":31,""1"":33},""calibration_groups"":64,""calibration_label_counts"":{""0"":155,""1"":165},""calibration_records"":320,""fit_group_counts_by_label"":{""0"":47,""1"":49},""fit_groups"":96,""fit_label_counts"":{""0"":235,""1"":245},""fit_records"":480,""group_overlap"":0}","[{""fit_group_counts_by_label"":{""0"":17,""1"":15},""fit_groups"":32,""fit_records"":160,""fold"":0,""group_overlap"":0,""validation_group_counts_by_label"":{""0"":14,""1"":18},""validation_groups"":32,""validation_records"":160},{""fit_group_counts_by_label"":{""0"":14,""1"":18},""fit_groups"":32,""fit_records"":160,""fold"":1,""group_overlap"":0,""validation_group_counts_by_label"":{""0"":17,""1"":15},""validation_groups"":32,""validation_records"":160}]",0
deduplication__hybrid__granite97m__logistic_regression,deduplication,hybrid,granite97m,logistic_regression,4,800,200,160,40,0,12.750324700027704,1.2142217000364326,0.26066099997842684,1.3033049998921342,classifier_pipeline_with_precomputed_embedding,"{""model__C"":0.1}",0.0,"{""curve_points"":2450,""eligible"":true,""negative_threshold"":0.04,""positive_threshold"":0.96,""selected"":{""abstained"":0,""automated_false_negative_rate"":0.0,""automated_false_positive_rate"":0.0,""automation_duplicate_recall"":1.0,""automation_nonduplicate_recall"":1.0,""coverage"":1.0,""covered"":320,""covered_error_rate"":0.0,""false_negative_cost"":5.0,""false_positive_cost"":1.0,""fn"":0,""fp"":0,""negative_predictive_value"":1.0,""negative_threshold"":0.04,""negatives"":155,""positive_threshold"":0.96,""positives"":165,""precision"":1.0,""threshold"":0.96,""tn"":155,""tp"":165,""weighted_covered_error"":0.0}}","{""balance_score"":0.006250000000000033,""calibration_group_counts_by_label"":{""0"":31,""1"":33},""calibration_groups"":64,""calibration_label_counts"":{""0"":155,""1"":165},""calibration_records"":320,""fit_group_counts_by_label"":{""0"":47,""1"":49},""fit_groups"":96,""fit_label_counts"":{""0"":235,""1"":245},""fit_records"":480,""group_overlap"":0}","[{""fit_group_counts_by_label"":{""0"":18,""1"":14},""fit_groups"":32,""fit_records"":160,""fold"":0,""group_overlap"":0,""validation_group_counts_by_label"":{""0"":13,""1"":19},""validation_groups"":32,""validation_records"":160},{""fit_group_counts_by_label"":{""0"":13,""1"":19},""fit_groups"":32,""fit_records"":160,""fold"":1,""group_overlap"":0,""validation_group_counts_by_label"":{""0"":18,""1"":14},""validation_groups"":32,""validation_records"":160}]",0
deduplication__hybrid__granite97m__decision_tree,deduplication,hybrid,granite97m,decision_tree,0,800,200,160,40,0,20.144448000006378,1.2063024999806657,0.36669389996677637,1.8334694998338819,classifier_pipeline_with_precomputed_embedding,"{""model__max_depth"":3,""model__min_samples_leaf"":2}",-0.049999999999999996,"{""curve_points"":2450,""eligible"":true,""negative_threshold"":0.03,""positive_threshold"":0.98,""selected"":{""abstained"":0,""automated_false_negative_rate"":0.0064516129032258064,""automated_false_positive_rate"":0.0,""automation_duplicate_recall"":0.9935483870967742,""automation_nonduplicate_recall"":1.0,""coverage"":1.0,""covered"":320,""covered_error_rate"":0.003125,""false_negative_cost"":5.0,""false_positive_cost"":1.0,""fn"":1,""fp"":0,""negative_predictive_value"":0.9939759036144579,""negative_threshold"":0.03,""negatives"":165,""positive_threshold"":0.98,""positives"":155,""precision"":1.0,""threshold"":0.98,""tn"":165,""tp"":154,""weighted_covered_error"":0.015625}}","{""balance_score"":0.006250000000000033,""calibration_group_counts_by_label"":{""0"":33,""1"":31},""calibration_groups"":64,""calibration_label_counts"":{""0"":165,""1"":155},""calibration_records"":320,""fit_group_counts_by_label"":{""0"":50,""1"":46},""fit_groups"":96,""fit_label_counts"":{""0"":250,""1"":230},""fit_records"":480,""group_overlap"":0}","[{""fit_group_counts_by_label"":{""0"":14,""1"":18},""fit_groups"":32,""fit_records"":160,""fold"":0,""group_overlap"":0,""validation_group_counts_by_label"":{""0"":19,""1"":13},""validation_groups"":32,""validation_records"":160},{""fit_group_counts_by_label"":{""0"":19,""1"":13},""fit_groups"":32,""fit_records"":160,""fold"":1,""group_overlap"":0,""validation_group_counts_by_label"":{""0"":14,""1"":18},""validation_groups"":32,""validation_records"":160}]",0
deduplication__hybrid__granite97m__decision_tree,deduplication,hybrid,granite97m,decision_tree,1,800,200,160,40,0,20.188200999982655,1.4076738000148907,0.2282056999974884,1.141028499987442,classifier_pipeline_with_precomputed_embedding,"{""model__max_depth"":3,""model__min_samples_leaf"":5}",-0.1875,"{""curve_points"":2450,""eligible"":true,""negative_threshold"":0.02,""positive_threshold"":0.98,""selected"":{""abstained"":0,""automated_false_negative_rate"":0.0,""automated_false_positive_rate"":0.0,""automation_duplicate_recall"":1.0,""automation_nonduplicate_recall"":1.0,""coverage"":1.0,""covered"":320,""covered_error_rate"":0.0,""false_negative_cost"":5.0,""false_positive_cost"":1.0,""fn"":0,""fp"":0,""negative_predictive_value"":1.0,""negative_threshold"":0.02,""negatives"":155,""positive_threshold"":0.98,""positives"":165,""precision"":1.0,""threshold"":0.98,""tn"":155,""tp"":165,""weighted_covered_error"":0.0}}","{""balance_score"":0.006250000000000033,""calibration_group_counts_by_label"":{""0"":31,""1"":33},""calibration_groups"":64,""calibration_label_counts"":{""0"":155,""1"":165},""calibration_records"":320,""fit_group_counts_by_label"":{""0"":47,""1"":49},""fit_groups"":96,""fit_label_counts"":{""0"":235,""1"":245},""fit_records"":480,""group_overlap"":0}","[{""fit_group_counts_by_label"":{""0"":16,""1"":16},""fit_groups"":32,""fit_records"":160,""fold"":0,""group_overlap"":0,""validation_group_counts_by_label"":{""0"":15,""1"":17},""validation_groups"":32,""validation_records"":160},{""fit_group_counts_by_label"":{""0"":15,""1"":17},""fit_groups"":32,""fit_records"":160,""fold"":1,""group_overlap"":0,""validation_group_counts_by_label"":{""0"":16,""1"":16},""validation_groups"":32,""validation_records"":160}]",0
deduplication__hybrid__granite97m__decision_tree,deduplication,hybrid,granite97m,decision_tree,2,800,200,160,40,0,19.753525400010403,1.3885767000028864,0.23382779996609315,1.1691389998304658,classifier_pipeline_with_precomputed_embedding,"{""model__max_depth"":3,""model__min_samples_leaf"":5}",-0.041666666666666664,"{""curve_points"":2450,""eligible"":true,""negative_threshold"":0.03,""positive_threshold"":0.94,""selected"":{""abstained"":7,""automated_false_negative_rate"":0.0064516129032258064,""automated_false_positive_rate"":0.030303030303030304,""automation_duplicate_recall"":0.9548387096774194,""automation_nonduplicate_recall"":0.9636363636363636,""coverage"":0.978125,""covered"":313,""covered_error_rate"":0.019169329073482427,""false_negative_cost"":5.0,""false_positive_cost"":1.0,""fn"":1,""fp"":5,""negative_predictive_value"":0.99375,""negative_threshold"":0.03,""negatives"":165,""positive_threshold"":0.94,""positives"":155,""precision"":0.9673202614379085,""threshold"":0.94,""tn"":159,""tp"":148,""weighted_covered_error"":0.03194888178913738}}","{""balance_score"":0.006250000000000033,""calibration_group_counts_by_label"":{""0"":33,""1"":31},""calibration_groups"":64,""calibration_label_counts"":{""0"":165,""1"":155},""calibration_records"":320,""fit_group_counts_by_label"":{""0"":50,""1"":46},""fit_groups"":96,""fit_label_counts"":{""0"":250,""1"":230},""fit_records"":480,""group_overlap"":0}","[{""fit_group_counts_by_label"":{""0"":14,""1"":18},""fit_groups"":32,""fit_records"":160,""fold"":0,""group_overlap"":0,""validation_group_counts_by_label"":{""0"":19,""1"":13},""validation_groups"":32,""validation_records"":160},{""fit_group_counts_by_label"":{""0"":19,""1"":13},""fit_groups"":32,""fit_records"":160,""fold"":1,""group_overlap"":0,""validation_group_counts_by_label"":{""0"":14,""1"":18},""validation_groups"":32,""validation_records"":160}]",0
deduplication__hybrid__granite97m__decision_tree,deduplication,hybrid,granite97m,decision_tree,3,800,200,160,40,0,19.74544190004235,1.2936314000398852,0.31483440002193674,1.5741720001096837,classifier_pipeline_with_precomputed_embedding,"{""model__max_depth"":3,""model__min_samples_leaf"":2}",-0.125,"{""curve_points"":2450,""eligible"":false,""negative_threshold"":null,""positive_threshold"":null,""selected"":null}","{""balance_score"":0.006250000000000033,""calibration_group_counts_by_label"":{""0"":31,""1"":33},""calibration_groups"":64,""calibration_label_counts"":{""0"":155,""1"":165},""calibration_records"":320,""fit_group_counts_by_label"":{""0"":47,""1"":49},""fit_groups"":96,""fit_label_counts"":{""0"":235,""1"":245},""fit_records"":480,""group_overlap"":0}","[{""fit_group_counts_by_label"":{""0"":17,""1"":15},""fit_groups"":32,""fit_records"":160,""fold"":0,""group_overlap"":0,""validation_group_counts_by_label"":{""0"":14,""1"":18},""validation_groups"":32,""validation_records"":160},{""fit_group_counts_by_label"":{""0"":14,""1"":18},""fit_groups"":32,""fit_records"":160,""fold"":1,""group_overlap"":0,""validation_group_counts_by_label"":{""0"":17,""1"":15},""validation_groups"":32,""validation_records"":160}]",0
deduplication__hybrid__granite97m__decision_tree,deduplication,hybrid,granite97m,decision_tree,4,800,200,160,40,0,19.141944299975876,1.3233040999621153,0.2614439000026323,1.3072195000131615,classifier_pipeline_with_precomputed_embedding,"{""model__max_depth"":3,""model__min_samples_leaf"":5}",-0.012499999999999999,"{""curve_points"":2450,""eligible"":true,""negative_threshold"":0.02,""positive_threshold"":0.97,""selected"":{""abstained"":71,""automated_false_negative_rate"":0.0,""automated_false_positive_rate"":0.01935483870967742,""automation_duplicate_recall"":0.5757575757575758,""automation_nonduplicate_recall"":0.9741935483870968,""coverage"":0.778125,""covered"":249,""covered_error_rate"":0.012048192771084338,""false_negative_cost"":5.0,""false_positive_cost"":1.0,""fn"":0,""fp"":3,""negative_predictive_value"":1.0,""negative_threshold"":0.02,""negatives"":155,""positive_threshold"":0.97,""positives"":165,""precision"":0.9693877551020408,""threshold"":0.97,""tn"":151,""tp"":95,""weighted_covered_error"":0.012048192771084338}}","{""balance_score"":0.006250000000000033,""calibration_group_counts_by_label"":{""0"":31,""1"":33},""calibration_groups"":64,""calibration_label_counts"":{""0"":155,""1"":165},""calibration_records"":320,""fit_group_counts_by_label"":{""0"":47,""1"":49},""fit_groups"":96,""fit_label_counts"":{""0"":235,""1"":245},""fit_records"":480,""group_overlap"":0}","[{""fit_group_counts_by_label"":{""0"":18,""1"":14},""fit_groups"":32,""fit_records"":160,""fold"":0,""group_overlap"":0,""validation_group_counts_by_label"":{""0"":13,""1"":19},""validation_groups"":32,""validation_records"":160},{""fit_group_counts_by_label"":{""0"":13,""1"":19},""fit_groups"":32,""fit_records"":160,""fold"":1,""group_overlap"":0,""validation_group_counts_by_label"":{""0"":18,""1"":14},""validation_groups"":32,""validation_records"":160}]",0
deduplication__hybrid__granite97m__linear_svm,deduplication,hybrid,granite97m,linear_svm,0,800,200,160,40,0,13.78175470000133,1.2713153999648057,0.25613350002095103,1.2806675001047552,classifier_pipeline_with_precomputed_embedding,"{""model__C"":0.1}",0.0,"{""curve_points"":2450,""eligible"":true,""negative_threshold"":0.02,""positive_threshold"":0.97,""selected"":{""abstained"":0,""automated_false_negative_rate"":0.0,""automated_false_positive_rate"":0.0,""automation_duplicate_recall"":1.0,""automation_nonduplicate_recall"":1.0,""coverage"":1.0,""covered"":320,""covered_error_rate"":0.0,""false_negative_cost"":5.0,""false_positive_cost"":1.0,""fn"":0,""fp"":0,""negative_predictive_value"":1.0,""negative_threshold"":0.02,""negatives"":165,""positive_threshold"":0.97,""positives"":155,""precision"":1.0,""threshold"":0.97,""tn"":165,""tp"":155,""weighted_covered_error"":0.0}}","{""balance_score"":0.006250000000000033,""calibration_group_counts_by_label"":{""0"":33,""1"":31},""calibration_groups"":64,""calibration_label_counts"":{""0"":165,""1"":155},""calibration_records"":320,""fit_group_counts_by_label"":{""0"":50,""1"":46},""fit_groups"":96,""fit_label_counts"":{""0"":250,""1"":230},""fit_records"":480,""group_overlap"":0}","[{""fit_group_counts_by_label"":{""0"":14,""1"":18},""fit_groups"":32,""fit_records"":160,""fold"":0,""group_overlap"":0,""validation_group_counts_by_label"":{""0"":19,""1"":13},""validation_groups"":32,""validation_records"":160},{""fit_group_counts_by_label"":{""0"":19,""1"":13},""fit_groups"":32,""fit_records"":160,""fold"":1,""group_overlap"":0,""validation_group_counts_by_label"":{""0"":14,""1"":18},""validation_groups"":32,""validation_records"":160}]",0
deduplication__hybrid__granite97m__linear_svm,deduplication,hybrid,granite97m,linear_svm,1,800,200,160,40,0,13.736897800001316,1.3182170999934897,0.23932680004509166,1.1966340002254583,classifier_pipeline_with_precomputed_embedding,"{""model__C"":0.1}",0.0,"{""curve_points"":2450,""eligible"":true,""negative_threshold"":0.03,""positive_threshold"":0.97,""selected"":{""abstained"":0,""automated_false_negative_rate"":0.0,""automated_false_positive_rate"":0.0,""automation_duplicate_recall"":1.0,""automation_nonduplicate_recall"":1.0,""coverage"":1.0,""covered"":320,""covered_error_rate"":0.0,""false_negative_cost"":5.0,""false_positive_cost"":1.0,""fn"":0,""fp"":0,""negative_predictive_value"":1.0,""negative_threshold"":0.03,""negatives"":155,""positive_threshold"":0.97,""positives"":165,""precision"":1.0,""threshold"":0.97,""tn"":155,""tp"":165,""weighted_covered_error"":0.0}}","{""balance_score"":0.006250000000000033,""calibration_group_counts_by_label"":{""0"":31,""1"":33},""calibration_groups"":64,""calibration_label_counts"":{""0"":155,""1"":165},""calibration_records"":320,""fit_group_counts_by_label"":{""0"":47,""1"":49},""fit_groups"":96,""fit_label_counts"":{""0"":235,""1"":245},""fit_records"":480,""group_overlap"":0}","[{""fit_group_counts_by_label"":{""0"":16,""1"":16},""fit_groups"":32,""fit_records"":160,""fold"":0,""group_overlap"":0,""validation_group_counts_by_label"":{""0"":15,""1"":17},""validation_groups"":32,""validation_records"":160},{""fit_group_counts_by_label"":{""0"":15,""1"":17},""fit_groups"":32,""fit_records"":160,""fold"":1,""group_overlap"":0,""validation_group_counts_by_label"":{""0"":16,""1"":16},""validation_groups"":32,""validation_records"":160}]",0
deduplication__hybrid__granite97m__linear_svm,deduplication,hybrid,granite97m,linear_svm,2,800,200,160,40,0,14.06867120001698,1.2194043999770656,0.24007660005008802,1.20038300025044,classifier_pipeline_with_precomputed_embedding,"{""model__C"":0.1}",0.0,"{""curve_points"":2450,""eligible"":true,""negative_threshold"":0.03,""positive_threshold"":0.97,""selected"":{""abstained"":0,""automated_false_negative_rate"":0.0,""automated_false_positive_rate"":0.0,""automation_duplicate_recall"":1.0,""automation_nonduplicate_recall"":1.0,""coverage"":1.0,""covered"":320,""covered_error_rate"":0.0,""false_negative_cost"":5.0,""false_positive_cost"":1.0,""fn"":0,""fp"":0,""negative_predictive_value"":1.0,""negative_threshold"":0.03,""negatives"":165,""positive_threshold"":0.97,""positives"":155,""precision"":1.0,""threshold"":0.97,""tn"":165,""tp"":155,""weighted_covered_error"":0.0}}","{""balance_score"":0.006250000000000033,""calibration_group_counts_by_label"":{""0"":33,""1"":31},""calibration_groups"":64,""calibration_label_counts"":{""0"":165,""1"":155},""calibration_records"":320,""fit_group_counts_by_label"":{""0"":50,""1"":46},""fit_groups"":96,""fit_label_counts"":{""0"":250,""1"":230},""fit_records"":480,""group_overlap"":0}","[{""fit_group_counts_by_label"":{""0"":14,""1"":18},""fit_groups"":32,""fit_records"":160,""fold"":0,""group_overlap"":0,""validation_group_counts_by_label"":{""0"":19,""1"":13},""validation_groups"":32,""validation_records"":160},{""fit_group_counts_by_label"":{""0"":19,""1"":13},""fit_groups"":32,""fit_records"":160,""fold"":1,""group_overlap"":0,""validation_group_counts_by_label"":{""0"":14,""1"":18},""validation_groups"":32,""validation_records"":160}]",0
deduplication__hybrid__granite97m__linear_svm,deduplication,hybrid,granite97m,linear_svm,3,800,200,160,40,0,13.588482699997257,1.3545426999917254,0.23814929998479784,1.1907464999239892,classifier_pipeline_with_precomputed_embedding,"{""model__C"":0.1}",0.0,"{""curve_points"":2450,""eligible"":true,""negative_threshold"":0.03,""positive_threshold"":0.97,""selected"":{""abstained"":0,""automated_false_negative_rate"":0.0,""automated_false_positive_rate"":0.0,""automation_duplicate_recall"":1.0,""automation_nonduplicate_recall"":1.0,""coverage"":1.0,""covered"":320,""covered_error_rate"":0.0,""false_negative_cost"":5.0,""false_positive_cost"":1.0,""fn"":0,""fp"":0,""negative_predictive_value"":1.0,""negative_threshold"":0.03,""negatives"":155,""positive_threshold"":0.97,""positives"":165,""precision"":1.0,""threshold"":0.97,""tn"":155,""tp"":165,""weighted_covered_error"":0.0}}","{""balance_score"":0.006250000000000033,""calibration_group_counts_by_label"":{""0"":31,""1"":33},""calibration_groups"":64,""calibration_label_counts"":{""0"":155,""1"":165},""calibration_records"":320,""fit_group_counts_by_label"":{""0"":47,""1"":49},""fit_groups"":96,""fit_label_counts"":{""0"":235,""1"":245},""fit_records"":480,""group_overlap"":0}","[{""fit_group_counts_by_label"":{""0"":17,""1"":15},""fit_groups"":32,""fit_records"":160,""fold"":0,""group_overlap"":0,""validation_group_counts_by_label"":{""0"":14,""1"":18},""validation_groups"":32,""validation_records"":160},{""fit_group_counts_by_label"":{""0"":14,""1"":18},""fit_groups"":32,""fit_records"":160,""fold"":1,""group_overlap"":0,""validation_group_counts_by_label"":{""0"":17,""1"":15},""validation_groups"":32,""validation_records"":160}]",0
deduplication__hybrid__granite97m__linear_svm,deduplication,hybrid,granite97m,linear_svm,4,800,200,160,40,0,13.040046100039035,1.3443127000355162,0.2584262999589555,1.2921314997947775,classifier_pipeline_with_precomputed_embedding,"{""model__C"":0.1}",0.0,"{""curve_points"":2450,""eligible"":true,""negative_threshold"":0.03,""positive_threshold"":0.97,""selected"":{""abstained"":0,""automated_false_negative_rate"":0.0,""automated_false_positive_rate"":0.0,""automation_duplicate_recall"":1.0,""automation_nonduplicate_recall"":1.0,""coverage"":1.0,""covered"":320,""covered_error_rate"":0.0,""false_negative_cost"":5.0,""false_positive_cost"":1.0,""fn"":0,""fp"":0,""negative_predictive_value"":1.0,""negative_threshold"":0.03,""negatives"":155,""positive_threshold"":0.97,""positives"":165,""precision"":1.0,""threshold"":0.97,""tn"":155,""tp"":165,""weighted_covered_error"":0.0}}","{""balance_score"":0.006250000000000033,""calibration_group_counts_by_label"":{""0"":31,""1"":33},""calibration_groups"":64,""calibration_label_counts"":{""0"":155,""1"":165},""calibration_records"":320,""fit_group_counts_by_label"":{""0"":47,""1"":49},""fit_groups"":96,""fit_label_counts"":{""0"":235,""1"":245},""fit_records"":480,""group_overlap"":0}","[{""fit_group_counts_by_label"":{""0"":18,""1"":14},""fit_groups"":32,""fit_records"":160,""fold"":0,""group_overlap"":0,""validation_group_counts_by_label"":{""0"":13,""1"":19},""validation_groups"":32,""validation_records"":160},{""fit_group_counts_by_label"":{""0"":13,""1"":19},""fit_groups"":32,""fit_records"":160,""fold"":1,""group_overlap"":0,""validation_group_counts_by_label"":{""0"":18,""1"":14},""validation_groups"":32,""validation_records"":160}]",0
deduplication__hybrid__granite97m__mlp,deduplication,hybrid,granite97m,mlp,0,800,200,160,40,0,64.71590599999763,1.2793204999761656,0.2517279000021517,1.2586395000107586,classifier_pipeline_with_precomputed_embedding,"{""model__alpha"":0.001,""model__hidden_layer_sizes"":[16]}",0.0,"{""curve_points"":2450,""eligible"":true,""negative_threshold"":0.02,""positive_threshold"":0.98,""selected"":{""abstained"":0,""automated_false_negative_rate"":0.0,""automated_false_positive_rate"":0.0,""automation_duplicate_recall"":1.0,""automation_nonduplicate_recall"":1.0,""coverage"":1.0,""covered"":320,""covered_error_rate"":0.0,""false_negative_cost"":5.0,""false_positive_cost"":1.0,""fn"":0,""fp"":0,""negative_predictive_value"":1.0,""negative_threshold"":0.02,""negatives"":165,""positive_threshold"":0.98,""positives"":155,""precision"":1.0,""threshold"":0.98,""tn"":165,""tp"":155,""weighted_covered_error"":0.0}}","{""balance_score"":0.006250000000000033,""calibration_group_counts_by_label"":{""0"":33,""1"":31},""calibration_groups"":64,""calibration_label_counts"":{""0"":165,""1"":155},""calibration_records"":320,""fit_group_counts_by_label"":{""0"":50,""1"":46},""fit_groups"":96,""fit_label_counts"":{""0"":250,""1"":230},""fit_records"":480,""group_overlap"":0}","[{""fit_group_counts_by_label"":{""0"":14,""1"":18},""fit_groups"":32,""fit_records"":160,""fold"":0,""group_overlap"":0,""validation_group_counts_by_label"":{""0"":19,""1"":13},""validation_groups"":32,""validation_records"":160},{""fit_group_counts_by_label"":{""0"":19,""1"":13},""fit_groups"":32,""fit_records"":160,""fold"":1,""group_overlap"":0,""validation_group_counts_by_label"":{""0"":14,""1"":18},""validation_groups"":32,""validation_records"":160}]",0
deduplication__hybrid__granite97m__mlp,deduplication,hybrid,granite97m,mlp,1,800,200,160,40,0,66.46348229999421,1.2668545999913476,0.22862539999186993,1.1431269999593496,classifier_pipeline_with_precomputed_embedding,"{""model__alpha"":0.001,""model__hidden_layer_sizes"":[16]}",0.0,"{""curve_points"":2450,""eligible"":true,""negative_threshold"":0.02,""positive_threshold"":0.98,""selected"":{""abstained"":0,""automated_false_negative_rate"":0.0,""automated_false_positive_rate"":0.0,""automation_duplicate_recall"":1.0,""automation_nonduplicate_recall"":1.0,""coverage"":1.0,""covered"":320,""covered_error_rate"":0.0,""false_negative_cost"":5.0,""false_positive_cost"":1.0,""fn"":0,""fp"":0,""negative_predictive_value"":1.0,""negative_threshold"":0.02,""negatives"":155,""positive_threshold"":0.98,""positives"":165,""precision"":1.0,""threshold"":0.98,""tn"":155,""tp"":165,""weighted_covered_error"":0.0}}","{""balance_score"":0.006250000000000033,""calibration_group_counts_by_label"":{""0"":31,""1"":33},""calibration_groups"":64,""calibration_label_counts"":{""0"":155,""1"":165},""calibration_records"":320,""fit_group_counts_by_label"":{""0"":47,""1"":49},""fit_groups"":96,""fit_label_counts"":{""0"":235,""1"":245},""fit_records"":480,""group_overlap"":0}","[{""fit_group_counts_by_label"":{""0"":16,""1"":16},""fit_groups"":32,""fit_records"":160,""fold"":0,""group_overlap"":0,""validation_group_counts_by_label"":{""0"":15,""1"":17},""validation_groups"":32,""validation_records"":160},{""fit_group_counts_by_label"":{""0"":15,""1"":17},""fit_groups"":32,""fit_records"":160,""fold"":1,""group_overlap"":0,""validation_group_counts_by_label"":{""0"":16,""1"":16},""validation_groups"":32,""validation_records"":160}]",0
deduplication__hybrid__granite97m__mlp,deduplication,hybrid,granite97m,mlp,2,800,200,160,40,0,66.68583009997383,1.3379913999815471,0.33104120002826676,1.6552060001413338,classifier_pipeline_with_precomputed_embedding,"{""model__alpha"":0.001,""model__hidden_layer_sizes"":[16]}",0.0,"{""curve_points"":2450,""eligible"":true,""negative_threshold"":0.02,""positive_threshold"":0.98,""selected"":{""abstained"":0,""automated_false_negative_rate"":0.0,""automated_false_positive_rate"":0.0,""automation_duplicate_recall"":1.0,""automation_nonduplicate_recall"":1.0,""coverage"":1.0,""covered"":320,""covered_error_rate"":0.0,""false_negative_cost"":5.0,""false_positive_cost"":1.0,""fn"":0,""fp"":0,""negative_predictive_value"":1.0,""negative_threshold"":0.02,""negatives"":165,""positive_threshold"":0.98,""positives"":155,""precision"":1.0,""threshold"":0.98,""tn"":165,""tp"":155,""weighted_covered_error"":0.0}}","{""balance_score"":0.006250000000000033,""calibration_group_counts_by_label"":{""0"":33,""1"":31},""calibration_groups"":64,""calibration_label_counts"":{""0"":165,""1"":155},""calibration_records"":320,""fit_group_counts_by_label"":{""0"":50,""1"":46},""fit_groups"":96,""fit_label_counts"":{""0"":250,""1"":230},""fit_records"":480,""group_overlap"":0}","[{""fit_group_counts_by_label"":{""0"":14,""1"":18},""fit_groups"":32,""fit_records"":160,""fold"":0,""group_overlap"":0,""validation_group_counts_by_label"":{""0"":19,""1"":13},""validation_groups"":32,""validation_records"":160},{""fit_group_counts_by_label"":{""0"":19,""1"":13},""fit_groups"":32,""fit_records"":160,""fold"":1,""group_overlap"":0,""validation_group_counts_by_label"":{""0"":14,""1"":18},""validation_groups"":32,""validation_records"":160}]",0
deduplication__hybrid__granite97m__mlp,deduplication,hybrid,granite97m,mlp,3,800,200,160,40,0,65.76715430000331,1.312058400013484,0.2410469999886118,1.205234999943059,classifier_pipeline_with_precomputed_embedding,"{""model__alpha"":0.001,""model__hidden_layer_sizes"":[16]}",0.0,"{""curve_points"":2450,""eligible"":true,""negative_threshold"":0.02,""positive_threshold"":0.98,""selected"":{""abstained"":0,""automated_false_negative_rate"":0.0,""automated_false_positive_rate"":0.0,""automation_duplicate_recall"":1.0,""automation_nonduplicate_recall"":1.0,""coverage"":1.0,""covered"":320,""covered_error_rate"":0.0,""false_negative_cost"":5.0,""false_positive_cost"":1.0,""fn"":0,""fp"":0,""negative_predictive_value"":1.0,""negative_threshold"":0.02,""negatives"":155,""positive_threshold"":0.98,""positives"":165,""precision"":1.0,""threshold"":0.98,""tn"":155,""tp"":165,""weighted_covered_error"":0.0}}","{""balance_score"":0.006250000000000033,""calibration_group_counts_by_label"":{""0"":31,""1"":33},""calibration_groups"":64,""calibration_label_counts"":{""0"":155,""1"":165},""calibration_records"":320,""fit_group_counts_by_label"":{""0"":47,""1"":49},""fit_groups"":96,""fit_label_counts"":{""0"":235,""1"":245},""fit_records"":480,""group_overlap"":0}","[{""fit_group_counts_by_label"":{""0"":17,""1"":15},""fit_groups"":32,""fit_records"":160,""fold"":0,""group_overlap"":0,""validation_group_counts_by_label"":{""0"":14,""1"":18},""validation_groups"":32,""validation_records"":160},{""fit_group_counts_by_label"":{""0"":14,""1"":18},""fit_groups"":32,""fit_records"":160,""fold"":1,""group_overlap"":0,""validation_group_counts_by_label"":{""0"":17,""1"":15},""validation_groups"":32,""validation_records"":160}]",0
deduplication__hybrid__granite97m__mlp,deduplication,hybrid,granite97m,mlp,4,800,200,160,40,0,66.0384844999644,1.3250258000334725,0.28746709995903075,1.4373354997951537,classifier_pipeline_with_precomputed_embedding,"{""model__alpha"":0.001,""model__hidden_layer_sizes"":[16]}",0.0,"{""curve_points"":2450,""eligible"":true,""negative_threshold"":0.02,""positive_threshold"":0.98,""selected"":{""abstained"":0,""automated_false_negative_rate"":0.0,""automated_false_positive_rate"":0.0,""automation_duplicate_recall"":1.0,""automation_nonduplicate_recall"":1.0,""coverage"":1.0,""covered"":320,""covered_error_rate"":0.0,""false_negative_cost"":5.0,""false_positive_cost"":1.0,""fn"":0,""fp"":0,""negative_predictive_value"":1.0,""negative_threshold"":0.02,""negatives"":155,""positive_threshold"":0.98,""positives"":165,""precision"":1.0,""threshold"":0.98,""tn"":155,""tp"":165,""weighted_covered_error"":0.0}}","{""balance_score"":0.006250000000000033,""calibration_group_counts_by_label"":{""0"":31,""1"":33},""calibration_groups"":64,""calibration_label_counts"":{""0"":155,""1"":165},""calibration_records"":320,""fit_group_counts_by_label"":{""0"":47,""1"":49},""fit_groups"":96,""fit_label_counts"":{""0"":235,""1"":245},""fit_records"":480,""group_overlap"":0}","[{""fit_group_counts_by_label"":{""0"":18,""1"":14},""fit_groups"":32,""fit_records"":160,""fold"":0,""group_overlap"":0,""validation_group_counts_by_label"":{""0"":13,""1"":19},""validation_groups"":32,""validation_records"":160},{""fit_group_counts_by_label"":{""0"":13,""1"":19},""fit_groups"":32,""fit_records"":160,""fold"":1,""group_overlap"":0,""validation_group_counts_by_label"":{""0"":18,""1"":14},""validation_groups"":32,""validation_records"":160}]",0
deduplication__hybrid__granite97m__xgboost,deduplication,hybrid,granite97m,xgboost,0,800,200,160,40,0,60.43139079998946,1.4050731000024825,0.24896739999530837,1.2448369999765418,classifier_pipeline_with_precomputed_embedding,"{""model__learning_rate"":0.05,""model__max_depth"":2,""model__n_estimators"":160}",-0.010416666666666666,"{""curve_points"":2450,""eligible"":true,""negative_threshold"":0.02,""positive_threshold"":0.98,""selected"":{""abstained"":0,""automated_false_negative_rate"":0.0,""automated_false_positive_rate"":0.0,""automation_duplicate_recall"":1.0,""automation_nonduplicate_recall"":1.0,""coverage"":1.0,""covered"":320,""covered_error_rate"":0.0,""false_negative_cost"":5.0,""false_positive_cost"":1.0,""fn"":0,""fp"":0,""negative_predictive_value"":1.0,""negative_threshold"":0.02,""negatives"":165,""positive_threshold"":0.98,""positives"":155,""precision"":1.0,""threshold"":0.98,""tn"":165,""tp"":155,""weighted_covered_error"":0.0}}","{""balance_score"":0.006250000000000033,""calibration_group_counts_by_label"":{""0"":33,""1"":31},""calibration_groups"":64,""calibration_label_counts"":{""0"":165,""1"":155},""calibration_records"":320,""fit_group_counts_by_label"":{""0"":50,""1"":46},""fit_groups"":96,""fit_label_counts"":{""0"":250,""1"":230},""fit_records"":480,""group_overlap"":0}","[{""fit_group_counts_by_label"":{""0"":14,""1"":18},""fit_groups"":32,""fit_records"":160,""fold"":0,""group_overlap"":0,""validation_group_counts_by_label"":{""0"":19,""1"":13},""validation_groups"":32,""validation_records"":160},{""fit_group_counts_by_label"":{""0"":19,""1"":13},""fit_groups"":32,""fit_records"":160,""fold"":1,""group_overlap"":0,""validation_group_counts_by_label"":{""0"":14,""1"":18},""validation_groups"":32,""validation_records"":160}]",0
deduplication__hybrid__granite97m__xgboost,deduplication,hybrid,granite97m,xgboost,1,800,200,160,40,0,58.59852639999008,1.6911608999944292,0.24332830001367256,1.2166415000683628,classifier_pipeline_with_precomputed_embedding,"{""model__learning_rate"":0.05,""model__max_depth"":2,""model__n_estimators"":160}",-0.020833333333333332,"{""curve_points"":2450,""eligible"":true,""negative_threshold"":0.02,""positive_threshold"":0.95,""selected"":{""abstained"":28,""automated_false_negative_rate"":0.0,""automated_false_positive_rate"":0.0,""automation_duplicate_recall"":0.8606060606060606,""automation_nonduplicate_recall"":0.967741935483871,""coverage"":0.9125,""covered"":292,""covered_error_rate"":0.0,""false_negative_cost"":5.0,""false_positive_cost"":1.0,""fn"":0,""fp"":0,""negative_predictive_value"":1.0,""negative_threshold"":0.02,""negatives"":155,""positive_threshold"":0.95,""positives"":165,""precision"":1.0,""threshold"":0.95,""tn"":150,""tp"":142,""weighted_covered_error"":0.0}}","{""balance_score"":0.006250000000000033,""calibration_group_counts_by_label"":{""0"":31,""1"":33},""calibration_groups"":64,""calibration_label_counts"":{""0"":155,""1"":165},""calibration_records"":320,""fit_group_counts_by_label"":{""0"":47,""1"":49},""fit_groups"":96,""fit_label_counts"":{""0"":235,""1"":245},""fit_records"":480,""group_overlap"":0}","[{""fit_group_counts_by_label"":{""0"":16,""1"":16},""fit_groups"":32,""fit_records"":160,""fold"":0,""group_overlap"":0,""validation_group_counts_by_label"":{""0"":15,""1"":17},""validation_groups"":32,""validation_records"":160},{""fit_group_counts_by_label"":{""0"":15,""1"":17},""fit_groups"":32,""fit_records"":160,""fold"":1,""group_overlap"":0,""validation_group_counts_by_label"":{""0"":16,""1"":16},""validation_groups"":32,""validation_records"":160}]",0
deduplication__hybrid__granite97m__xgboost,deduplication,hybrid,granite97m,xgboost,2,800,200,160,40,0,60.46176520001609,1.7103983999695629,0.24605980003252625,1.2302990001626313,classifier_pipeline_with_precomputed_embedding,"{""model__learning_rate"":0.05,""model__max_depth"":2,""model__n_estimators"":160}",-0.010416666666666666,"{""curve_points"":2450,""eligible"":true,""negative_threshold"":0.02,""positive_threshold"":0.98,""selected"":{""abstained"":0,""automated_false_negative_rate"":0.0,""automated_false_positive_rate"":0.0,""automation_duplicate_recall"":1.0,""automation_nonduplicate_recall"":1.0,""coverage"":1.0,""covered"":320,""covered_error_rate"":0.0,""false_negative_cost"":5.0,""false_positive_cost"":1.0,""fn"":0,""fp"":0,""negative_predictive_value"":1.0,""negative_threshold"":0.02,""negatives"":165,""positive_threshold"":0.98,""positives"":155,""precision"":1.0,""threshold"":0.98,""tn"":165,""tp"":155,""weighted_covered_error"":0.0}}","{""balance_score"":0.006250000000000033,""calibration_group_counts_by_label"":{""0"":33,""1"":31},""calibration_groups"":64,""calibration_label_counts"":{""0"":165,""1"":155},""calibration_records"":320,""fit_group_counts_by_label"":{""0"":50,""1"":46},""fit_groups"":96,""fit_label_counts"":{""0"":250,""1"":230},""fit_records"":480,""group_overlap"":0}","[{""fit_group_counts_by_label"":{""0"":14,""1"":18},""fit_groups"":32,""fit_records"":160,""fold"":0,""group_overlap"":0,""validation_group_counts_by_label"":{""0"":19,""1"":13},""validation_groups"":32,""validation_records"":160},{""fit_group_counts_by_label"":{""0"":19,""1"":13},""fit_groups"":32,""fit_records"":160,""fold"":1,""group_overlap"":0,""validation_group_counts_by_label"":{""0"":14,""1"":18},""validation_groups"":32,""validation_records"":160}]",0
deduplication__hybrid__granite97m__xgboost,deduplication,hybrid,granite97m,xgboost,3,800,200,160,40,0,58.50822020001942,1.554160600004252,0.2560620000003837,1.2803100000019185,classifier_pipeline_with_precomputed_embedding,"{""model__learning_rate"":0.05,""model__max_depth"":2,""model__n_estimators"":160}",-0.010416666666666666,"{""curve_points"":2450,""eligible"":true,""negative_threshold"":0.03,""positive_threshold"":0.98,""selected"":{""abstained"":0,""automated_false_negative_rate"":0.0,""automated_false_positive_rate"":0.0,""automation_duplicate_recall"":1.0,""automation_nonduplicate_recall"":1.0,""coverage"":1.0,""covered"":320,""covered_error_rate"":0.0,""false_negative_cost"":5.0,""false_positive_cost"":1.0,""fn"":0,""fp"":0,""negative_predictive_value"":1.0,""negative_threshold"":0.03,""negatives"":155,""positive_threshold"":0.98,""positives"":165,""precision"":1.0,""threshold"":0.98,""tn"":155,""tp"":165,""weighted_covered_error"":0.0}}","{""balance_score"":0.006250000000000033,""calibration_group_counts_by_label"":{""0"":31,""1"":33},""calibration_groups"":64,""calibration_label_counts"":{""0"":155,""1"":165},""calibration_records"":320,""fit_group_counts_by_label"":{""0"":47,""1"":49},""fit_groups"":96,""fit_label_counts"":{""0"":235,""1"":245},""fit_records"":480,""group_overlap"":0}","[{""fit_group_counts_by_label"":{""0"":17,""1"":15},""fit_groups"":32,""fit_records"":160,""fold"":0,""group_overlap"":0,""validation_group_counts_by_label"":{""0"":14,""1"":18},""validation_groups"":32,""validation_records"":160},{""fit_group_counts_by_label"":{""0"":14,""1"":18},""fit_groups"":32,""fit_records"":160,""fold"":1,""group_overlap"":0,""validation_group_counts_by_label"":{""0"":17,""1"":15},""validation_groups"":32,""validation_records"":160}]",0
deduplication__hybrid__granite97m__xgboost,deduplication,hybrid,granite97m,xgboost,4,800,200,160,40,0,58.43328699999256,1.5696155999903567,0.2677846000296995,1.3389230001484975,classifier_pipeline_with_precomputed_embedding,"{""model__learning_rate"":0.05,""model__max_depth"":2,""model__n_estimators"":160}",-0.010416666666666666,"{""curve_points"":2450,""eligible"":true,""negative_threshold"":0.02,""positive_threshold"":0.98,""selected"":{""abstained"":0,""automated_false_negative_rate"":0.0,""automated_false_positive_rate"":0.0,""automation_duplicate_recall"":1.0,""automation_nonduplicate_recall"":1.0,""coverage"":1.0,""covered"":320,""covered_error_rate"":0.0,""false_negative_cost"":5.0,""false_positive_cost"":1.0,""fn"":0,""fp"":0,""negative_predictive_value"":1.0,""negative_threshold"":0.02,""negatives"":155,""positive_threshold"":0.98,""positives"":165,""precision"":1.0,""threshold"":0.98,""tn"":155,""tp"":165,""weighted_covered_error"":0.0}}","{""balance_score"":0.006250000000000033,""calibration_group_counts_by_label"":{""0"":31,""1"":33},""calibration_groups"":64,""calibration_label_counts"":{""0"":155,""1"":165},""calibration_records"":320,""fit_group_counts_by_label"":{""0"":47,""1"":49},""fit_groups"":96,""fit_label_counts"":{""0"":235,""1"":245},""fit_records"":480,""group_overlap"":0}","[{""fit_group_counts_by_label"":{""0"":18,""1"":14},""fit_groups"":32,""fit_records"":160,""fold"":0,""group_overlap"":0,""validation_group_counts_by_label"":{""0"":13,""1"":19},""validation_groups"":32,""validation_records"":160},{""fit_group_counts_by_label"":{""0"":13,""1"":19},""fit_groups"":32,""fit_records"":160,""fold"":1,""group_overlap"":0,""validation_group_counts_by_label"":{""0"":18,""1"":14},""validation_groups"":32,""validation_records"":160}]",0
classification__hybrid__multilingual_e5_small__logistic_regression,classification,hybrid,multilingual_e5_small,logistic_regression,0,893,221,184,46,0,8.640129699953832,0.7346464000293054,0.14887670002644882,0.6736502263640218,classifier_pipeline_with_precomputed_embedding,"{""model__C"":0.1}",0.8915394931033035,"{""automatic_maintenance_as_obra"":0,""automatic_non_obra_as_obra"":0,""coverage"":0.6160458452722063,""covered"":215,""eligible"":true,""errors"":4,""obra_threshold"":0.9,""risk"":0.018604651162790697,""threshold"":0.87}","{""balance_score"":0.02054758917656277,""calibration_group_counts_by_label"":{""0"":15,""1"":23,""2"":25,""3"":11},""calibration_groups"":74,""calibration_label_counts"":{""0"":68,""1"":113,""2"":118,""3"":50},""calibration_records"":349,""fit_group_counts_by_label"":{""0"":22,""1"":35,""2"":38,""3"":15},""fit_groups"":110,""fit_label_counts"":{""0"":106,""1"":175,""2"":189,""3"":74},""fit_records"":544,""group_overlap"":0}","[{""fit_group_counts_by_label"":{""0"":10,""1"":11,""2"":14,""3"":2},""fit_groups"":37,""fit_records"":174,""fold"":0,""group_overlap"":0,""validation_group_counts_by_label"":{""0"":5,""1"":12,""2"":11,""3"":9},""validation_groups"":37,""validation_records"":175},{""fit_group_counts_by_label"":{""0"":5,""1"":12,""2"":11,""3"":9},""fit_groups"":37,""fit_records"":175,""fold"":1,""group_overlap"":0,""validation_group_counts_by_label"":{""0"":10,""1"":11,""2"":14,""3"":2},""validation_groups"":37,""validation_records"":174}]",0
classification__hybrid__multilingual_e5_small__logistic_regression,classification,hybrid,multilingual_e5_small,logistic_regression,1,895,219,185,45,0,8.53919829998631,0.7615636000409722,0.13586270000087097,0.6203776255747533,classifier_pipeline_with_precomputed_embedding,"{""model__C"":1.0}",0.8936375422038405,"{""automatic_maintenance_as_obra"":0,""automatic_non_obra_as_obra"":0,""coverage"":0.5670391061452514,""covered"":203,""eligible"":true,""errors"":0,""obra_threshold"":0.92,""risk"":0.0,""threshold"":0.92}","{""balance_score"":0.02346368715083802,""calibration_group_counts_by_label"":{""0"":16,""1"":25,""2"":22,""3"":11},""calibration_groups"":74,""calibration_label_counts"":{""0"":73,""1"":123,""2"":107,""3"":55},""calibration_records"":358,""fit_group_counts_by_label"":{""0"":24,""1"":35,""2"":34,""3"":18},""fit_groups"":111,""fit_label_counts"":{""0"":117,""1"":174,""2"":163,""3"":83},""fit_records"":537,""group_overlap"":0}","[{""fit_group_counts_by_label"":{""0"":8,""1"":12,""2"":9,""3"":7},""fit_groups"":36,""fit_records"":173,""fold"":0,""group_overlap"":0,""validation_group_counts_by_label"":{""0"":8,""1"":13,""2"":13,""3"":4},""validation_groups"":38,""validation_records"":185},{""fit_group_counts_by_label"":{""0"":8,""1"":13,""2"":13,""3"":4},""fit_groups"":38,""fit_records"":185,""fold"":1,""group_overlap"":0,""validation_group_counts_by_label"":{""0"":8,""1"":12,""2"":9,""3"":7},""validation_groups"":36,""validation_records"":173}]",0
classification__hybrid__multilingual_e5_small__logistic_regression,classification,hybrid,multilingual_e5_small,logistic_regression,2,882,232,183,47,0,8.483579399995506,0.7909714999841526,0.14907250000396743,0.6425538793274458,classifier_pipeline_with_precomputed_embedding,"{""model__C"":0.1}",0.8364679028314236,"{""automatic_maintenance_as_obra"":0,""automatic_non_obra_as_obra"":0,""coverage"":0.5166666666666667,""covered"":186,""eligible"":true,""errors"":0,""obra_threshold"":0.95,""risk"":0.0,""threshold"":0.95}","{""balance_score"":0.018253968253968272,""calibration_group_counts_by_label"":{""0"":14,""1"":24,""2"":25,""3"":11},""calibration_groups"":74,""calibration_label_counts"":{""0"":64,""1"":118,""2"":123,""3"":55},""calibration_records"":360,""fit_group_counts_by_label"":{""0"":20,""1"":34,""2"":37,""3"":18},""fit_groups"":109,""fit_label_counts"":{""0"":94,""1"":168,""2"":177,""3"":83},""fit_records"":522,""group_overlap"":0}","[{""fit_group_counts_by_label"":{""0"":5,""1"":15,""2"":12,""3"":5},""fit_groups"":37,""fit_records"":177,""fold"":0,""group_overlap"":0,""validation_group_counts_by_label"":{""0"":9,""1"":9,""2"":13,""3"":6},""validation_groups"":37,""validation_records"":183},{""fit_group_counts_by_label"":{""0"":9,""1"":9,""2"":13,""3"":6},""fit_groups"":37,""fit_records"":183,""fold"":1,""group_overlap"":0,""validation_group_counts_by_label"":{""0"":5,""1"":15,""2"":12,""3"":5},""validation_groups"":37,""validation_records"":177}]",0
classification__hybrid__multilingual_e5_small__logistic_regression,classification,hybrid,multilingual_e5_small,logistic_regression,3,898,216,184,46,0,8.747160799975973,0.7435746000264771,0.13483910000650212,0.624255092622695,classifier_pipeline_with_precomputed_embedding,"{""model__C"":1.0}",0.8714141362822749,"{""automatic_maintenance_as_obra"":0,""automatic_non_obra_as_obra"":0,""coverage"":0.5,""covered"":180,""eligible"":true,""errors"":1,""obra_threshold"":0.91,""risk"":0.005555555555555556,""threshold"":0.91}","{""balance_score"":0.01463746597376886,""calibration_group_counts_by_label"":{""0"":17,""1"":23,""2"":22,""3"":12},""calibration_groups"":74,""calibration_label_counts"":{""0"":80,""1"":114,""2"":107,""3"":59},""calibration_records"":360,""fit_group_counts_by_label"":{""0"":25,""1"":35,""2"":33,""3"":17},""fit_groups"":110,""fit_label_counts"":{""0"":120,""1"":173,""2"":163,""3"":82},""fit_records"":538,""group_overlap"":0}","[{""fit_group_counts_by_label"":{""0"":7,""1"":13,""2"":13,""3"":4},""fit_groups"":37,""fit_records"":181,""fold"":0,""group_overlap"":0,""validation_group_counts_by_label"":{""0"":10,""1"":10,""2"":9,""3"":8},""validation_groups"":37,""validation_records"":179},{""fit_group_counts_by_label"":{""0"":10,""1"":10,""2"":9,""3"":8},""fit_groups"":37,""fit_records"":179,""fold"":1,""group_overlap"":0,""validation_group_counts_by_label"":{""0"":7,""1"":13,""2"":13,""3"":4},""validation_groups"":37,""validation_records"":181}]",0
classification__hybrid__multilingual_e5_small__logistic_regression,classification,hybrid,multilingual_e5_small,logistic_regression,4,888,226,184,46,0,8.420337499992456,0.7542024999856949,0.14341600000625476,0.6345840708241361,classifier_pipeline_with_precomputed_embedding,"{""model__C"":10.0}",0.8864420653328756,"{""automatic_maintenance_as_obra"":0,""automatic_non_obra_as_obra"":0,""coverage"":0.7191011235955056,""covered"":256,""eligible"":true,""errors"":0,""obra_threshold"":0.9,""risk"":0.0,""threshold"":0.67}","{""balance_score"":0.02888956372102444,""calibration_group_counts_by_label"":{""0"":17,""1"":22,""2"":21,""3"":14},""calibration_groups"":74,""calibration_label_counts"":{""0"":76,""1"":109,""2"":103,""3"":68},""calibration_records"":356,""fit_group_counts_by_label"":{""0"":26,""1"":32,""2"":31,""3"":21},""fit_groups"":110,""fit_label_counts"":{""0"":126,""1"":157,""2"":150,""3"":99},""fit_records"":532,""group_overlap"":0}","[{""fit_group_counts_by_label"":{""0"":8,""1"":11,""2"":12,""3"":5},""fit_groups"":36,""fit_records"":172,""fold"":0,""group_overlap"":0,""validation_group_counts_by_label"":{""0"":9,""1"":11,""2"":9,""3"":9},""validation_groups"":38,""validation_records"":184},{""fit_group_counts_by_label"":{""0"":9,""1"":11,""2"":9,""3"":9},""fit_groups"":38,""fit_records"":184,""fold"":1,""group_overlap"":0,""validation_group_counts_by_label"":{""0"":8,""1"":11,""2"":12,""3"":5},""validation_groups"":36,""validation_records"":172}]",0
classification__hybrid__multilingual_e5_small__decision_tree,classification,hybrid,multilingual_e5_small,decision_tree,0,893,221,184,46,0,12.203441899968311,0.7364181000157259,0.14329020003788173,0.648371945872768,classifier_pipeline_with_precomputed_embedding,"{""model__max_depth"":6,""model__min_samples_leaf"":5}",0.7059248012159335,"{""eligible"":false,""obra_threshold"":0.9,""threshold"":null}","{""balance_score"":0.02054758917656277,""calibration_group_counts_by_label"":{""0"":15,""1"":23,""2"":25,""3"":11},""calibration_groups"":74,""calibration_label_counts"":{""0"":68,""1"":113,""2"":118,""3"":50},""calibration_records"":349,""fit_group_counts_by_label"":{""0"":22,""1"":35,""2"":38,""3"":15},""fit_groups"":110,""fit_label_counts"":{""0"":106,""1"":175,""2"":189,""3"":74},""fit_records"":544,""group_overlap"":0}","[{""fit_group_counts_by_label"":{""0"":10,""1"":11,""2"":14,""3"":2},""fit_groups"":37,""fit_records"":174,""fold"":0,""group_overlap"":0,""validation_group_counts_by_label"":{""0"":5,""1"":12,""2"":11,""3"":9},""validation_groups"":37,""validation_records"":175},{""fit_group_counts_by_label"":{""0"":5,""1"":12,""2"":11,""3"":9},""fit_groups"":37,""fit_records"":175,""fold"":1,""group_overlap"":0,""validation_group_counts_by_label"":{""0"":10,""1"":11,""2"":14,""3"":2},""validation_groups"":37,""validation_records"":174}]",0
classification__hybrid__multilingual_e5_small__decision_tree,classification,hybrid,multilingual_e5_small,decision_tree,1,895,219,185,45,0,12.5610426000203,0.7247133000055328,0.13553659996250644,0.6188885843036824,classifier_pipeline_with_precomputed_embedding,"{""model__max_depth"":6,""model__min_samples_leaf"":5}",0.7348710816813465,"{""eligible"":false,""obra_threshold"":0.9,""threshold"":null}","{""balance_score"":0.02346368715083802,""calibration_group_counts_by_label"":{""0"":16,""1"":25,""2"":22,""3"":11},""calibration_groups"":74,""calibration_label_counts"":{""0"":73,""1"":123,""2"":107,""3"":55},""calibration_records"":358,""fit_group_counts_by_label"":{""0"":24,""1"":35,""2"":34,""3"":18},""fit_groups"":111,""fit_label_counts"":{""0"":117,""1"":174,""2"":163,""3"":83},""fit_records"":537,""group_overlap"":0}","[{""fit_group_counts_by_label"":{""0"":8,""1"":12,""2"":9,""3"":7},""fit_groups"":36,""fit_records"":173,""fold"":0,""group_overlap"":0,""validation_group_counts_by_label"":{""0"":8,""1"":13,""2"":13,""3"":4},""validation_groups"":38,""validation_records"":185},{""fit_group_counts_by_label"":{""0"":8,""1"":13,""2"":13,""3"":4},""fit_groups"":38,""fit_records"":185,""fold"":1,""group_overlap"":0,""validation_group_counts_by_label"":{""0"":8,""1"":12,""2"":9,""3"":7},""validation_groups"":36,""validation_records"":173}]",0
classification__hybrid__multilingual_e5_small__decision_tree,classification,hybrid,multilingual_e5_small,decision_tree,2,882,232,183,47,0,12.156061900022905,0.8530658999807201,0.14312329998938367,0.6169107758163089,classifier_pipeline_with_precomputed_embedding,"{""model__max_depth"":6,""model__min_samples_leaf"":2}",0.7117509812950188,"{""eligible"":false,""obra_threshold"":0.9,""threshold"":null}","{""balance_score"":0.018253968253968272,""calibration_group_counts_by_label"":{""0"":14,""1"":24,""2"":25,""3"":11},""calibration_groups"":74,""calibration_label_counts"":{""0"":64,""1"":118,""2"":123,""3"":55},""calibration_records"":360,""fit_group_counts_by_label"":{""0"":20,""1"":34,""2"":37,""3"":18},""fit_groups"":109,""fit_label_counts"":{""0"":94,""1"":168,""2"":177,""3"":83},""fit_records"":522,""group_overlap"":0}","[{""fit_group_counts_by_label"":{""0"":5,""1"":15,""2"":12,""3"":5},""fit_groups"":37,""fit_records"":177,""fold"":0,""group_overlap"":0,""validation_group_counts_by_label"":{""0"":9,""1"":9,""2"":13,""3"":6},""validation_groups"":37,""validation_records"":183},{""fit_group_counts_by_label"":{""0"":9,""1"":9,""2"":13,""3"":6},""fit_groups"":37,""fit_records"":183,""fold"":1,""group_overlap"":0,""validation_group_counts_by_label"":{""0"":5,""1"":15,""2"":12,""3"":5},""validation_groups"":37,""validation_records"":177}]",0
classification__hybrid__multilingual_e5_small__decision_tree,classification,hybrid,multilingual_e5_small,decision_tree,3,898,216,184,46,0,12.441852700023446,0.7365399999544024,0.13598879997152835,0.6295777776459646,classifier_pipeline_with_precomputed_embedding,"{""model__max_depth"":6,""model__min_samples_leaf"":5}",0.7210957413628143,"{""eligible"":false,""obra_threshold"":0.9,""threshold"":null}","{""balance_score"":0.01463746597376886,""calibration_group_counts_by_label"":{""0"":17,""1"":23,""2"":22,""3"":12},""calibration_groups"":74,""calibration_label_counts"":{""0"":80,""1"":114,""2"":107,""3"":59},""calibration_records"":360,""fit_group_counts_by_label"":{""0"":25,""1"":35,""2"":33,""3"":17},""fit_groups"":110,""fit_label_counts"":{""0"":120,""1"":173,""2"":163,""3"":82},""fit_records"":538,""group_overlap"":0}","[{""fit_group_counts_by_label"":{""0"":7,""1"":13,""2"":13,""3"":4},""fit_groups"":37,""fit_records"":181,""fold"":0,""group_overlap"":0,""validation_group_counts_by_label"":{""0"":10,""1"":10,""2"":9,""3"":8},""validation_groups"":37,""validation_records"":179},{""fit_group_counts_by_label"":{""0"":10,""1"":10,""2"":9,""3"":8},""fit_groups"":37,""fit_records"":179,""fold"":1,""group_overlap"":0,""validation_group_counts_by_label"":{""0"":7,""1"":13,""2"":13,""3"":4},""validation_groups"":37,""validation_records"":181}]",0
classification__hybrid__multilingual_e5_small__decision_tree,classification,hybrid,multilingual_e5_small,decision_tree,4,888,226,184,46,0,12.59364530001767,0.7233421999844722,0.14244359999429435,0.6302814159039573,classifier_pipeline_with_precomputed_embedding,"{""model__max_depth"":6,""model__min_samples_leaf"":5}",0.6845120597247273,"{""eligible"":false,""obra_threshold"":0.9,""threshold"":null}","{""balance_score"":0.02888956372102444,""calibration_group_counts_by_label"":{""0"":17,""1"":22,""2"":21,""3"":14},""calibration_groups"":74,""calibration_label_counts"":{""0"":76,""1"":109,""2"":103,""3"":68},""calibration_records"":356,""fit_group_counts_by_label"":{""0"":26,""1"":32,""2"":31,""3"":21},""fit_groups"":110,""fit_label_counts"":{""0"":126,""1"":157,""2"":150,""3"":99},""fit_records"":532,""group_overlap"":0}","[{""fit_group_counts_by_label"":{""0"":8,""1"":11,""2"":12,""3"":5},""fit_groups"":36,""fit_records"":172,""fold"":0,""group_overlap"":0,""validation_group_counts_by_label"":{""0"":9,""1"":11,""2"":9,""3"":9},""validation_groups"":38,""validation_records"":184},{""fit_group_counts_by_label"":{""0"":9,""1"":11,""2"":9,""3"":9},""fit_groups"":38,""fit_records"":184,""fold"":1,""group_overlap"":0,""validation_group_counts_by_label"":{""0"":8,""1"":11,""2"":12,""3"":5},""validation_groups"":36,""validation_records"":172}]",0
classification__hybrid__multilingual_e5_small__linear_svm,classification,hybrid,multilingual_e5_small,linear_svm,0,893,221,184,46,0,9.045851700007915,0.7256364000495523,0.14211459999205545,0.6430524886518346,classifier_pipeline_with_precomputed_embedding,"{""model__C"":1.0}",0.9076048094319823,"{""automatic_maintenance_as_obra"":0,""automatic_non_obra_as_obra"":0,""coverage"":0.6217765042979942,""covered"":217,""eligible"":true,""errors"":0,""obra_threshold"":0.9,""risk"":0.0,""threshold"":0.9}","{""balance_score"":0.02054758917656277,""calibration_group_counts_by_label"":{""0"":15,""1"":23,""2"":25,""3"":11},""calibration_groups"":74,""calibration_label_counts"":{""0"":68,""1"":113,""2"":118,""3"":50},""calibration_records"":349,""fit_group_counts_by_label"":{""0"":22,""1"":35,""2"":38,""3"":15},""fit_groups"":110,""fit_label_counts"":{""0"":106,""1"":175,""2"":189,""3"":74},""fit_records"":544,""group_overlap"":0}","[{""fit_group_counts_by_label"":{""0"":10,""1"":11,""2"":14,""3"":2},""fit_groups"":37,""fit_records"":174,""fold"":0,""group_overlap"":0,""validation_group_counts_by_label"":{""0"":5,""1"":12,""2"":11,""3"":9},""validation_groups"":37,""validation_records"":175},{""fit_group_counts_by_label"":{""0"":5,""1"":12,""2"":11,""3"":9},""fit_groups"":37,""fit_records"":175,""fold"":1,""group_overlap"":0,""validation_group_counts_by_label"":{""0"":10,""1"":11,""2"":14,""3"":2},""validation_groups"":37,""validation_records"":174}]",0
classification__hybrid__multilingual_e5_small__linear_svm,classification,hybrid,multilingual_e5_small,linear_svm,1,895,219,185,45,0,9.63587280001957,0.7394758999580517,0.1619957000366412,0.7397063928613754,classifier_pipeline_with_precomputed_embedding,"{""model__C"":10.0}",0.8953346044446803,"{""automatic_maintenance_as_obra"":0,""automatic_non_obra_as_obra"":0,""coverage"":0.6703910614525139,""covered"":240,""eligible"":true,""errors"":0,""obra_threshold"":0.9,""risk"":0.0,""threshold"":0.87}","{""balance_score"":0.02346368715083802,""calibration_group_counts_by_label"":{""0"":16,""1"":25,""2"":22,""3"":11},""calibration_groups"":74,""calibration_label_counts"":{""0"":73,""1"":123,""2"":107,""3"":55},""calibration_records"":358,""fit_group_counts_by_label"":{""0"":24,""1"":35,""2"":34,""3"":18},""fit_groups"":111,""fit_label_counts"":{""0"":117,""1"":174,""2"":163,""3"":83},""fit_records"":537,""group_overlap"":0}","[{""fit_group_counts_by_label"":{""0"":8,""1"":12,""2"":9,""3"":7},""fit_groups"":36,""fit_records"":173,""fold"":0,""group_overlap"":0,""validation_group_counts_by_label"":{""0"":8,""1"":13,""2"":13,""3"":4},""validation_groups"":38,""validation_records"":185},{""fit_group_counts_by_label"":{""0"":8,""1"":13,""2"":13,""3"":4},""fit_groups"":38,""fit_records"":185,""fold"":1,""group_overlap"":0,""validation_group_counts_by_label"":{""0"":8,""1"":12,""2"":9,""3"":7},""validation_groups"":36,""validation_records"":173}]",0
classification__hybrid__multilingual_e5_small__linear_svm,classification,hybrid,multilingual_e5_small,linear_svm,2,882,232,183,47,0,8.859792299976107,0.8344274999690242,0.13910889998078346,0.599607327503377,classifier_pipeline_with_precomputed_embedding,"{""model__C"":0.1}",0.8249330496182067,"{""automatic_maintenance_as_obra"":0,""automatic_non_obra_as_obra"":0,""coverage"":0.6611111111111111,""covered"":238,""eligible"":true,""errors"":0,""obra_threshold"":0.93,""risk"":0.0,""threshold"":0.93}","{""balance_score"":0.018253968253968272,""calibration_group_counts_by_label"":{""0"":14,""1"":24,""2"":25,""3"":11},""calibration_groups"":74,""calibration_label_counts"":{""0"":64,""1"":118,""2"":123,""3"":55},""calibration_records"":360,""fit_group_counts_by_label"":{""0"":20,""1"":34,""2"":37,""3"":18},""fit_groups"":109,""fit_label_counts"":{""0"":94,""1"":168,""2"":177,""3"":83},""fit_records"":522,""group_overlap"":0}","[{""fit_group_counts_by_label"":{""0"":5,""1"":15,""2"":12,""3"":5},""fit_groups"":37,""fit_records"":177,""fold"":0,""group_overlap"":0,""validation_group_counts_by_label"":{""0"":9,""1"":9,""2"":13,""3"":6},""validation_groups"":37,""validation_records"":183},{""fit_group_counts_by_label"":{""0"":9,""1"":9,""2"":13,""3"":6},""fit_groups"":37,""fit_records"":183,""fold"":1,""group_overlap"":0,""validation_group_counts_by_label"":{""0"":5,""1"":15,""2"":12,""3"":5},""validation_groups"":37,""validation_records"":177}]",0
classification__hybrid__multilingual_e5_small__linear_svm,classification,hybrid,multilingual_e5_small,linear_svm,3,898,216,184,46,0,8.960464000003412,0.8523456000257283,0.13845780002884567,0.6410083334668781,classifier_pipeline_with_precomputed_embedding,"{""model__C"":1.0}",0.873354820893184,"{""automatic_maintenance_as_obra"":0,""automatic_non_obra_as_obra"":0,""coverage"":0.6416666666666667,""covered"":231,""eligible"":true,""errors"":2,""obra_threshold"":0.9,""risk"":0.008658008658008658,""threshold"":0.74}","{""balance_score"":0.01463746597376886,""calibration_group_counts_by_label"":{""0"":17,""1"":23,""2"":22,""3"":12},""calibration_groups"":74,""calibration_label_counts"":{""0"":80,""1"":114,""2"":107,""3"":59},""calibration_records"":360,""fit_group_counts_by_label"":{""0"":25,""1"":35,""2"":33,""3"":17},""fit_groups"":110,""fit_label_counts"":{""0"":120,""1"":173,""2"":163,""3"":82},""fit_records"":538,""group_overlap"":0}","[{""fit_group_counts_by_label"":{""0"":7,""1"":13,""2"":13,""3"":4},""fit_groups"":37,""fit_records"":181,""fold"":0,""group_overlap"":0,""validation_group_counts_by_label"":{""0"":10,""1"":10,""2"":9,""3"":8},""validation_groups"":37,""validation_records"":179},{""fit_group_counts_by_label"":{""0"":10,""1"":10,""2"":9,""3"":8},""fit_groups"":37,""fit_records"":179,""fold"":1,""group_overlap"":0,""validation_group_counts_by_label"":{""0"":7,""1"":13,""2"":13,""3"":4},""validation_groups"":37,""validation_records"":181}]",0
classification__hybrid__multilingual_e5_small__linear_svm,classification,hybrid,multilingual_e5_small,linear_svm,4,888,226,184,46,0,8.972100399958435,0.7491130999987945,0.13862990000052378,0.6134066371704592,classifier_pipeline_with_precomputed_embedding,"{""model__C"":1.0}",0.8944574491806204,"{""automatic_maintenance_as_obra"":0,""automatic_non_obra_as_obra"":0,""coverage"":0.6741573033707865,""covered"":240,""eligible"":true,""errors"":0,""obra_threshold"":0.9,""risk"":0.0,""threshold"":0.81}","{""balance_score"":0.02888956372102444,""calibration_group_counts_by_label"":{""0"":17,""1"":22,""2"":21,""3"":14},""calibration_groups"":74,""calibration_label_counts"":{""0"":76,""1"":109,""2"":103,""3"":68},""calibration_records"":356,""fit_group_counts_by_label"":{""0"":26,""1"":32,""2"":31,""3"":21},""fit_groups"":110,""fit_label_counts"":{""0"":126,""1"":157,""2"":150,""3"":99},""fit_records"":532,""group_overlap"":0}","[{""fit_group_counts_by_label"":{""0"":8,""1"":11,""2"":12,""3"":5},""fit_groups"":36,""fit_records"":172,""fold"":0,""group_overlap"":0,""validation_group_counts_by_label"":{""0"":9,""1"":11,""2"":9,""3"":9},""validation_groups"":38,""validation_records"":184},{""fit_group_counts_by_label"":{""0"":9,""1"":11,""2"":9,""3"":9},""fit_groups"":38,""fit_records"":184,""fold"":1,""group_overlap"":0,""validation_group_counts_by_label"":{""0"":8,""1"":11,""2"":12,""3"":5},""validation_groups"":36,""validation_records"":172}]",0
classification__hybrid__multilingual_e5_small__mlp,classification,hybrid,multilingual_e5_small,mlp,0,893,221,184,46,0,135.31595909997122,0.7285565999918617,0.16070059995399788,0.7271520359909406,classifier_pipeline_with_precomputed_embedding,"{""model__alpha"":0.001,""model__hidden_layer_sizes"":[16]}",0.9162450846233025,"{""automatic_maintenance_as_obra"":0,""automatic_non_obra_as_obra"":0,""coverage"":0.5644699140401146,""covered"":197,""eligible"":true,""errors"":0,""obra_threshold"":0.93,""risk"":0.0,""threshold"":0.93}","{""balance_score"":0.02054758917656277,""calibration_group_counts_by_label"":{""0"":15,""1"":23,""2"":25,""3"":11},""calibration_groups"":74,""calibration_label_counts"":{""0"":68,""1"":113,""2"":118,""3"":50},""calibration_records"":349,""fit_group_counts_by_label"":{""0"":22,""1"":35,""2"":38,""3"":15},""fit_groups"":110,""fit_label_counts"":{""0"":106,""1"":175,""2"":189,""3"":74},""fit_records"":544,""group_overlap"":0}","[{""fit_group_counts_by_label"":{""0"":10,""1"":11,""2"":14,""3"":2},""fit_groups"":37,""fit_records"":174,""fold"":0,""group_overlap"":0,""validation_group_counts_by_label"":{""0"":5,""1"":12,""2"":11,""3"":9},""validation_groups"":37,""validation_records"":175},{""fit_group_counts_by_label"":{""0"":5,""1"":12,""2"":11,""3"":9},""fit_groups"":37,""fit_records"":175,""fold"":1,""group_overlap"":0,""validation_group_counts_by_label"":{""0"":10,""1"":11,""2"":14,""3"":2},""validation_groups"":37,""validation_records"":174}]",0
classification__hybrid__multilingual_e5_small__mlp,classification,hybrid,multilingual_e5_small,mlp,1,895,219,185,45,0,148.19200620002812,0.744113799999468,0.14094269997440279,0.6435739724858575,classifier_pipeline_with_precomputed_embedding,"{""model__alpha"":0.001,""model__hidden_layer_sizes"":[16]}",0.8959064459043752,"{""automatic_maintenance_as_obra"":0,""automatic_non_obra_as_obra"":0,""coverage"":0.7681564245810056,""covered"":275,""eligible"":true,""errors"":4,""obra_threshold"":0.9,""risk"":0.014545454545454545,""threshold"":0.87}","{""balance_score"":0.02346368715083802,""calibration_group_counts_by_label"":{""0"":16,""1"":25,""2"":22,""3"":11},""calibration_groups"":74,""calibration_label_counts"":{""0"":73,""1"":123,""2"":107,""3"":55},""calibration_records"":358,""fit_group_counts_by_label"":{""0"":24,""1"":35,""2"":34,""3"":18},""fit_groups"":111,""fit_label_counts"":{""0"":117,""1"":174,""2"":163,""3"":83},""fit_records"":537,""group_overlap"":0}","[{""fit_group_counts_by_label"":{""0"":8,""1"":12,""2"":9,""3"":7},""fit_groups"":36,""fit_records"":173,""fold"":0,""group_overlap"":0,""validation_group_counts_by_label"":{""0"":8,""1"":13,""2"":13,""3"":4},""validation_groups"":38,""validation_records"":185},{""fit_group_counts_by_label"":{""0"":8,""1"":13,""2"":13,""3"":4},""fit_groups"":38,""fit_records"":185,""fold"":1,""group_overlap"":0,""validation_group_counts_by_label"":{""0"":8,""1"":12,""2"":9,""3"":7},""validation_groups"":36,""validation_records"":173}]",0
classification__hybrid__multilingual_e5_small__mlp,classification,hybrid,multilingual_e5_small,mlp,2,882,232,183,47,0,124.40233229997102,0.7746634000213817,0.14349639997817576,0.6185189654231714,classifier_pipeline_with_precomputed_embedding,"{""model__alpha"":0.001,""model__hidden_layer_sizes"":[16]}",0.8170289003098529,"{""automatic_maintenance_as_obra"":0,""automatic_non_obra_as_obra"":0,""coverage"":0.525,""covered"":189,""eligible"":true,""errors"":0,""obra_threshold"":0.97,""risk"":0.0,""threshold"":0.97}","{""balance_score"":0.018253968253968272,""calibration_group_counts_by_label"":{""0"":14,""1"":24,""2"":25,""3"":11},""calibration_groups"":74,""calibration_label_counts"":{""0"":64,""1"":118,""2"":123,""3"":55},""calibration_records"":360,""fit_group_counts_by_label"":{""0"":20,""1"":34,""2"":37,""3"":18},""fit_groups"":109,""fit_label_counts"":{""0"":94,""1"":168,""2"":177,""3"":83},""fit_records"":522,""group_overlap"":0}","[{""fit_group_counts_by_label"":{""0"":5,""1"":15,""2"":12,""3"":5},""fit_groups"":37,""fit_records"":177,""fold"":0,""group_overlap"":0,""validation_group_counts_by_label"":{""0"":9,""1"":9,""2"":13,""3"":6},""validation_groups"":37,""validation_records"":183},{""fit_group_counts_by_label"":{""0"":9,""1"":9,""2"":13,""3"":6},""fit_groups"":37,""fit_records"":183,""fold"":1,""group_overlap"":0,""validation_group_counts_by_label"":{""0"":5,""1"":15,""2"":12,""3"":5},""validation_groups"":37,""validation_records"":177}]",0
classification__hybrid__multilingual_e5_small__mlp,classification,hybrid,multilingual_e5_small,mlp,3,898,216,184,46,0,160.61599730001763,0.9846719999914058,0.1334072999889031,0.6176263888375144,classifier_pipeline_with_precomputed_embedding,"{""model__alpha"":0.001,""model__hidden_layer_sizes"":[32]}",0.8513500235731852,"{""automatic_maintenance_as_obra"":0,""automatic_non_obra_as_obra"":0,""coverage"":0.6861111111111111,""covered"":247,""eligible"":true,""errors"":2,""obra_threshold"":0.9,""risk"":0.008097165991902834,""threshold"":0.86}","{""balance_score"":0.01463746597376886,""calibration_group_counts_by_label"":{""0"":17,""1"":23,""2"":22,""3"":12},""calibration_groups"":74,""calibration_label_counts"":{""0"":80,""1"":114,""2"":107,""3"":59},""calibration_records"":360,""fit_group_counts_by_label"":{""0"":25,""1"":35,""2"":33,""3"":17},""fit_groups"":110,""fit_label_counts"":{""0"":120,""1"":173,""2"":163,""3"":82},""fit_records"":538,""group_overlap"":0}","[{""fit_group_counts_by_label"":{""0"":7,""1"":13,""2"":13,""3"":4},""fit_groups"":37,""fit_records"":181,""fold"":0,""group_overlap"":0,""validation_group_counts_by_label"":{""0"":10,""1"":10,""2"":9,""3"":8},""validation_groups"":37,""validation_records"":179},{""fit_group_counts_by_label"":{""0"":10,""1"":10,""2"":9,""3"":8},""fit_groups"":37,""fit_records"":179,""fold"":1,""group_overlap"":0,""validation_group_counts_by_label"":{""0"":7,""1"":13,""2"":13,""3"":4},""validation_groups"":37,""validation_records"":181}]",0
classification__hybrid__multilingual_e5_small__mlp,classification,hybrid,multilingual_e5_small,mlp,4,888,226,184,46,0,118.42734659998678,0.9141546000028029,0.13742039998760447,0.6080548672017897,classifier_pipeline_with_precomputed_embedding,"{""model__alpha"":0.001,""model__hidden_layer_sizes"":[16]}",0.8670379029400744,"{""automatic_maintenance_as_obra"":0,""automatic_non_obra_as_obra"":0,""coverage"":0.7191011235955056,""covered"":256,""eligible"":true,""errors"":0,""obra_threshold"":0.9,""risk"":0.0,""threshold"":0.84}","{""balance_score"":0.02888956372102444,""calibration_group_counts_by_label"":{""0"":17,""1"":22,""2"":21,""3"":14},""calibration_groups"":74,""calibration_label_counts"":{""0"":76,""1"":109,""2"":103,""3"":68},""calibration_records"":356,""fit_group_counts_by_label"":{""0"":26,""1"":32,""2"":31,""3"":21},""fit_groups"":110,""fit_label_counts"":{""0"":126,""1"":157,""2"":150,""3"":99},""fit_records"":532,""group_overlap"":0}","[{""fit_group_counts_by_label"":{""0"":8,""1"":11,""2"":12,""3"":5},""fit_groups"":36,""fit_records"":172,""fold"":0,""group_overlap"":0,""validation_group_counts_by_label"":{""0"":9,""1"":11,""2"":9,""3"":9},""validation_groups"":38,""validation_records"":184},{""fit_group_counts_by_label"":{""0"":9,""1"":11,""2"":9,""3"":9},""fit_groups"":38,""fit_records"":184,""fold"":1,""group_overlap"":0,""validation_group_counts_by_label"":{""0"":8,""1"":11,""2"":12,""3"":5},""validation_groups"":36,""validation_records"":172}]",0
classification__hybrid__multilingual_e5_small__xgboost,classification,hybrid,multilingual_e5_small,xgboost,0,893,221,184,46,0,242.46890080004232,0.942943700007163,0.15290759998606518,0.6918895926971275,classifier_pipeline_with_precomputed_embedding,"{""model__learning_rate"":0.05,""model__max_depth"":4,""model__n_estimators"":160}",0.8351747508969454,"{""eligible"":false,""obra_threshold"":0.9,""threshold"":null}","{""balance_score"":0.02054758917656277,""calibration_group_counts_by_label"":{""0"":15,""1"":23,""2"":25,""3"":11},""calibration_groups"":74,""calibration_label_counts"":{""0"":68,""1"":113,""2"":118,""3"":50},""calibration_records"":349,""fit_group_counts_by_label"":{""0"":22,""1"":35,""2"":38,""3"":15},""fit_groups"":110,""fit_label_counts"":{""0"":106,""1"":175,""2"":189,""3"":74},""fit_records"":544,""group_overlap"":0}","[{""fit_group_counts_by_label"":{""0"":10,""1"":11,""2"":14,""3"":2},""fit_groups"":37,""fit_records"":174,""fold"":0,""group_overlap"":0,""validation_group_counts_by_label"":{""0"":5,""1"":12,""2"":11,""3"":9},""validation_groups"":37,""validation_records"":175},{""fit_group_counts_by_label"":{""0"":5,""1"":12,""2"":11,""3"":9},""fit_groups"":37,""fit_records"":175,""fold"":1,""group_overlap"":0,""validation_group_counts_by_label"":{""0"":10,""1"":11,""2"":14,""3"":2},""validation_groups"":37,""validation_records"":174}]",0
classification__hybrid__multilingual_e5_small__xgboost,classification,hybrid,multilingual_e5_small,xgboost,1,895,219,185,45,0,217.14316400000826,1.0717154000303708,0.14675810001790524,0.6701283105840422,classifier_pipeline_with_precomputed_embedding,"{""model__learning_rate"":0.05,""model__max_depth"":2,""model__n_estimators"":160}",0.8316595124448581,"{""automatic_maintenance_as_obra"":0,""automatic_non_obra_as_obra"":0,""coverage"":0.5698324022346368,""covered"":204,""eligible"":true,""errors"":0,""obra_threshold"":0.93,""risk"":0.0,""threshold"":0.93}","{""balance_score"":0.02346368715083802,""calibration_group_counts_by_label"":{""0"":16,""1"":25,""2"":22,""3"":11},""calibration_groups"":74,""calibration_label_counts"":{""0"":73,""1"":123,""2"":107,""3"":55},""calibration_records"":358,""fit_group_counts_by_label"":{""0"":24,""1"":35,""2"":34,""3"":18},""fit_groups"":111,""fit_label_counts"":{""0"":117,""1"":174,""2"":163,""3"":83},""fit_records"":537,""group_overlap"":0}","[{""fit_group_counts_by_label"":{""0"":8,""1"":12,""2"":9,""3"":7},""fit_groups"":36,""fit_records"":173,""fold"":0,""group_overlap"":0,""validation_group_counts_by_label"":{""0"":8,""1"":13,""2"":13,""3"":4},""validation_groups"":38,""validation_records"":185},{""fit_group_counts_by_label"":{""0"":8,""1"":13,""2"":13,""3"":4},""fit_groups"":38,""fit_records"":185,""fold"":1,""group_overlap"":0,""validation_group_counts_by_label"":{""0"":8,""1"":12,""2"":9,""3"":7},""validation_groups"":36,""validation_records"":173}]",0
classification__hybrid__multilingual_e5_small__xgboost,classification,hybrid,multilingual_e5_small,xgboost,2,882,232,183,47,0,237.3935444999952,0.9938044000300579,0.151571300055366,0.6533245692041638,classifier_pipeline_with_precomputed_embedding,"{""model__learning_rate"":0.05,""model__max_depth"":4,""model__n_estimators"":160}",0.8180154442168447,"{""eligible"":false,""obra_threshold"":0.9,""threshold"":null}","{""balance_score"":0.018253968253968272,""calibration_group_counts_by_label"":{""0"":14,""1"":24,""2"":25,""3"":11},""calibration_groups"":74,""calibration_label_counts"":{""0"":64,""1"":118,""2"":123,""3"":55},""calibration_records"":360,""fit_group_counts_by_label"":{""0"":20,""1"":34,""2"":37,""3"":18},""fit_groups"":109,""fit_label_counts"":{""0"":94,""1"":168,""2"":177,""3"":83},""fit_records"":522,""group_overlap"":0}","[{""fit_group_counts_by_label"":{""0"":5,""1"":15,""2"":12,""3"":5},""fit_groups"":37,""fit_records"":177,""fold"":0,""group_overlap"":0,""validation_group_counts_by_label"":{""0"":9,""1"":9,""2"":13,""3"":6},""validation_groups"":37,""validation_records"":183},{""fit_group_counts_by_label"":{""0"":9,""1"":9,""2"":13,""3"":6},""fit_groups"":37,""fit_records"":183,""fold"":1,""group_overlap"":0,""validation_group_counts_by_label"":{""0"":5,""1"":15,""2"":12,""3"":5},""validation_groups"":37,""validation_records"":177}]",0
classification__hybrid__multilingual_e5_small__xgboost,classification,hybrid,multilingual_e5_small,xgboost,3,898,216,184,46,0,225.511817599996,0.9784510000026785,0.1554302999866195,0.7195847221602755,classifier_pipeline_with_precomputed_embedding,"{""model__learning_rate"":0.05,""model__max_depth"":2,""model__n_estimators"":160}",0.8639678405514304,"{""eligible"":false,""obra_threshold"":0.9,""threshold"":null}","{""balance_score"":0.01463746597376886,""calibration_group_counts_by_label"":{""0"":17,""1"":23,""2"":22,""3"":12},""calibration_groups"":74,""calibration_label_counts"":{""0"":80,""1"":114,""2"":107,""3"":59},""calibration_records"":360,""fit_group_counts_by_label"":{""0"":25,""1"":35,""2"":33,""3"":17},""fit_groups"":110,""fit_label_counts"":{""0"":120,""1"":173,""2"":163,""3"":82},""fit_records"":538,""group_overlap"":0}","[{""fit_group_counts_by_label"":{""0"":7,""1"":13,""2"":13,""3"":4},""fit_groups"":37,""fit_records"":181,""fold"":0,""group_overlap"":0,""validation_group_counts_by_label"":{""0"":10,""1"":10,""2"":9,""3"":8},""validation_groups"":37,""validation_records"":179},{""fit_group_counts_by_label"":{""0"":10,""1"":10,""2"":9,""3"":8},""fit_groups"":37,""fit_records"":179,""fold"":1,""group_overlap"":0,""validation_group_counts_by_label"":{""0"":7,""1"":13,""2"":13,""3"":4},""validation_groups"":37,""validation_records"":181}]",0
classification__hybrid__multilingual_e5_small__xgboost,classification,hybrid,multilingual_e5_small,xgboost,4,888,226,184,46,0,212.6730455000652,0.9804520999314263,0.14955019997432828,0.6617265485589747,classifier_pipeline_with_precomputed_embedding,"{""model__learning_rate"":0.05,""model__max_depth"":2,""model__n_estimators"":160}",0.7971690698983463,"{""automatic_maintenance_as_obra"":0,""automatic_non_obra_as_obra"":0,""coverage"":0.5533707865168539,""covered"":197,""eligible"":true,""errors"":3,""obra_threshold"":0.91,""risk"":0.015228426395939087,""threshold"":0.91}","{""balance_score"":0.02888956372102444,""calibration_group_counts_by_label"":{""0"":17,""1"":22,""2"":21,""3"":14},""calibration_groups"":74,""calibration_label_counts"":{""0"":76,""1"":109,""2"":103,""3"":68},""calibration_records"":356,""fit_group_counts_by_label"":{""0"":26,""1"":32,""2"":31,""3"":21},""fit_groups"":110,""fit_label_counts"":{""0"":126,""1"":157,""2"":150,""3"":99},""fit_records"":532,""group_overlap"":0}","[{""fit_group_counts_by_label"":{""0"":8,""1"":11,""2"":12,""3"":5},""fit_groups"":36,""fit_records"":172,""fold"":0,""group_overlap"":0,""validation_group_counts_by_label"":{""0"":9,""1"":11,""2"":9,""3"":9},""validation_groups"":38,""validation_records"":184},{""fit_group_counts_by_label"":{""0"":9,""1"":11,""2"":9,""3"":9},""fit_groups"":38,""fit_records"":184,""fold"":1,""group_overlap"":0,""validation_group_counts_by_label"":{""0"":8,""1"":11,""2"":12,""3"":5},""validation_groups"":36,""validation_records"":172}]",0
deduplication__hybrid__multilingual_e5_small__logistic_regression,deduplication,hybrid,multilingual_e5_small,logistic_regression,0,800,200,160,40,0,16.337923799990676,1.3518346999771893,0.2417161000194028,1.208580500097014,classifier_pipeline_with_precomputed_embedding,"{""model__C"":0.1}",0.0,"{""curve_points"":2450,""eligible"":true,""negative_threshold"":0.05,""positive_threshold"":0.95,""selected"":{""abstained"":0,""automated_false_negative_rate"":0.0,""automated_false_positive_rate"":0.0,""automation_duplicate_recall"":1.0,""automation_nonduplicate_recall"":1.0,""coverage"":1.0,""covered"":320,""covered_error_rate"":0.0,""false_negative_cost"":5.0,""false_positive_cost"":1.0,""fn"":0,""fp"":0,""negative_predictive_value"":1.0,""negative_threshold"":0.05,""negatives"":165,""positive_threshold"":0.95,""positives"":155,""precision"":1.0,""threshold"":0.95,""tn"":165,""tp"":155,""weighted_covered_error"":0.0}}","{""balance_score"":0.006250000000000033,""calibration_group_counts_by_label"":{""0"":33,""1"":31},""calibration_groups"":64,""calibration_label_counts"":{""0"":165,""1"":155},""calibration_records"":320,""fit_group_counts_by_label"":{""0"":50,""1"":46},""fit_groups"":96,""fit_label_counts"":{""0"":250,""1"":230},""fit_records"":480,""group_overlap"":0}","[{""fit_group_counts_by_label"":{""0"":14,""1"":18},""fit_groups"":32,""fit_records"":160,""fold"":0,""group_overlap"":0,""validation_group_counts_by_label"":{""0"":19,""1"":13},""validation_groups"":32,""validation_records"":160},{""fit_group_counts_by_label"":{""0"":19,""1"":13},""fit_groups"":32,""fit_records"":160,""fold"":1,""group_overlap"":0,""validation_group_counts_by_label"":{""0"":14,""1"":18},""validation_groups"":32,""validation_records"":160}]",0
deduplication__hybrid__multilingual_e5_small__logistic_regression,deduplication,hybrid,multilingual_e5_small,logistic_regression,1,800,200,160,40,0,13.426223600050434,1.2659500000299886,0.2207949000876397,1.1039745004381984,classifier_pipeline_with_precomputed_embedding,"{""model__C"":0.1}",0.0,"{""curve_points"":2450,""eligible"":true,""negative_threshold"":0.05,""positive_threshold"":0.96,""selected"":{""abstained"":0,""automated_false_negative_rate"":0.0,""automated_false_positive_rate"":0.0,""automation_duplicate_recall"":1.0,""automation_nonduplicate_recall"":1.0,""coverage"":1.0,""covered"":320,""covered_error_rate"":0.0,""false_negative_cost"":5.0,""false_positive_cost"":1.0,""fn"":0,""fp"":0,""negative_predictive_value"":1.0,""negative_threshold"":0.05,""negatives"":155,""positive_threshold"":0.96,""positives"":165,""precision"":1.0,""threshold"":0.96,""tn"":155,""tp"":165,""weighted_covered_error"":0.0}}","{""balance_score"":0.006250000000000033,""calibration_group_counts_by_label"":{""0"":31,""1"":33},""calibration_groups"":64,""calibration_label_counts"":{""0"":155,""1"":165},""calibration_records"":320,""fit_group_counts_by_label"":{""0"":47,""1"":49},""fit_groups"":96,""fit_label_counts"":{""0"":235,""1"":245},""fit_records"":480,""group_overlap"":0}","[{""fit_group_counts_by_label"":{""0"":16,""1"":16},""fit_groups"":32,""fit_records"":160,""fold"":0,""group_overlap"":0,""validation_group_counts_by_label"":{""0"":15,""1"":17},""validation_groups"":32,""validation_records"":160},{""fit_group_counts_by_label"":{""0"":15,""1"":17},""fit_groups"":32,""fit_records"":160,""fold"":1,""group_overlap"":0,""validation_group_counts_by_label"":{""0"":16,""1"":16},""validation_groups"":32,""validation_records"":160}]",0
deduplication__hybrid__multilingual_e5_small__logistic_regression,deduplication,hybrid,multilingual_e5_small,logistic_regression,2,800,200,160,40,0,12.93817889993079,1.2358229000819847,0.23239210003521293,1.1619605001760647,classifier_pipeline_with_precomputed_embedding,"{""model__C"":0.1}",0.0,"{""curve_points"":2450,""eligible"":true,""negative_threshold"":0.05,""positive_threshold"":0.96,""selected"":{""abstained"":0,""automated_false_negative_rate"":0.0,""automated_false_positive_rate"":0.0,""automation_duplicate_recall"":1.0,""automation_nonduplicate_recall"":1.0,""coverage"":1.0,""covered"":320,""covered_error_rate"":0.0,""false_negative_cost"":5.0,""false_positive_cost"":1.0,""fn"":0,""fp"":0,""negative_predictive_value"":1.0,""negative_threshold"":0.05,""negatives"":165,""positive_threshold"":0.96,""positives"":155,""precision"":1.0,""threshold"":0.96,""tn"":165,""tp"":155,""weighted_covered_error"":0.0}}","{""balance_score"":0.006250000000000033,""calibration_group_counts_by_label"":{""0"":33,""1"":31},""calibration_groups"":64,""calibration_label_counts"":{""0"":165,""1"":155},""calibration_records"":320,""fit_group_counts_by_label"":{""0"":50,""1"":46},""fit_groups"":96,""fit_label_counts"":{""0"":250,""1"":230},""fit_records"":480,""group_overlap"":0}","[{""fit_group_counts_by_label"":{""0"":14,""1"":18},""fit_groups"":32,""fit_records"":160,""fold"":0,""group_overlap"":0,""validation_group_counts_by_label"":{""0"":19,""1"":13},""validation_groups"":32,""validation_records"":160},{""fit_group_counts_by_label"":{""0"":19,""1"":13},""fit_groups"":32,""fit_records"":160,""fold"":1,""group_overlap"":0,""validation_group_counts_by_label"":{""0"":14,""1"":18},""validation_groups"":32,""validation_records"":160}]",0
deduplication__hybrid__multilingual_e5_small__logistic_regression,deduplication,hybrid,multilingual_e5_small,logistic_regression,3,800,200,160,40,0,12.750403100042604,1.2027405000990257,0.23554419993888587,1.1777209996944293,classifier_pipeline_with_precomputed_embedding,"{""model__C"":0.1}",0.0,"{""curve_points"":2450,""eligible"":true,""negative_threshold"":0.06,""positive_threshold"":0.96,""selected"":{""abstained"":0,""automated_false_negative_rate"":0.0,""automated_false_positive_rate"":0.0,""automation_duplicate_recall"":1.0,""automation_nonduplicate_recall"":1.0,""coverage"":1.0,""covered"":320,""covered_error_rate"":0.0,""false_negative_cost"":5.0,""false_positive_cost"":1.0,""fn"":0,""fp"":0,""negative_predictive_value"":1.0,""negative_threshold"":0.06,""negatives"":155,""positive_threshold"":0.96,""positives"":165,""precision"":1.0,""threshold"":0.96,""tn"":155,""tp"":165,""weighted_covered_error"":0.0}}","{""balance_score"":0.006250000000000033,""calibration_group_counts_by_label"":{""0"":31,""1"":33},""calibration_groups"":64,""calibration_label_counts"":{""0"":155,""1"":165},""calibration_records"":320,""fit_group_counts_by_label"":{""0"":47,""1"":49},""fit_groups"":96,""fit_label_counts"":{""0"":235,""1"":245},""fit_records"":480,""group_overlap"":0}","[{""fit_group_counts_by_label"":{""0"":17,""1"":15},""fit_groups"":32,""fit_records"":160,""fold"":0,""group_overlap"":0,""validation_group_counts_by_label"":{""0"":14,""1"":18},""validation_groups"":32,""validation_records"":160},{""fit_group_counts_by_label"":{""0"":14,""1"":18},""fit_groups"":32,""fit_records"":160,""fold"":1,""group_overlap"":0,""validation_group_counts_by_label"":{""0"":17,""1"":15},""validation_groups"":32,""validation_records"":160}]",0
deduplication__hybrid__multilingual_e5_small__logistic_regression,deduplication,hybrid,multilingual_e5_small,logistic_regression,4,800,200,160,40,0,12.437332900008187,1.4352781999623403,0.2909222999587655,1.4546114997938275,classifier_pipeline_with_precomputed_embedding,"{""model__C"":0.1}",0.0,"{""curve_points"":2450,""eligible"":true,""negative_threshold"":0.04,""positive_threshold"":0.96,""selected"":{""abstained"":0,""automated_false_negative_rate"":0.0,""automated_false_positive_rate"":0.0,""automation_duplicate_recall"":1.0,""automation_nonduplicate_recall"":1.0,""coverage"":1.0,""covered"":320,""covered_error_rate"":0.0,""false_negative_cost"":5.0,""false_positive_cost"":1.0,""fn"":0,""fp"":0,""negative_predictive_value"":1.0,""negative_threshold"":0.04,""negatives"":155,""positive_threshold"":0.96,""positives"":165,""precision"":1.0,""threshold"":0.96,""tn"":155,""tp"":165,""weighted_covered_error"":0.0}}","{""balance_score"":0.006250000000000033,""calibration_group_counts_by_label"":{""0"":31,""1"":33},""calibration_groups"":64,""calibration_label_counts"":{""0"":155,""1"":165},""calibration_records"":320,""fit_group_counts_by_label"":{""0"":47,""1"":49},""fit_groups"":96,""fit_label_counts"":{""0"":235,""1"":245},""fit_records"":480,""group_overlap"":0}","[{""fit_group_counts_by_label"":{""0"":18,""1"":14},""fit_groups"":32,""fit_records"":160,""fold"":0,""group_overlap"":0,""validation_group_counts_by_label"":{""0"":13,""1"":19},""validation_groups"":32,""validation_records"":160},{""fit_group_counts_by_label"":{""0"":13,""1"":19},""fit_groups"":32,""fit_records"":160,""fold"":1,""group_overlap"":0,""validation_group_counts_by_label"":{""0"":18,""1"":14},""validation_groups"":32,""validation_records"":160}]",0
deduplication__hybrid__multilingual_e5_small__decision_tree,deduplication,hybrid,multilingual_e5_small,decision_tree,0,800,200,160,40,0,22.867630900000222,1.3429012999404222,0.24819710000883788,1.2409855000441894,classifier_pipeline_with_precomputed_embedding,"{""model__max_depth"":3,""model__min_samples_leaf"":2}",0.0,"{""curve_points"":2450,""eligible"":true,""negative_threshold"":0.03,""positive_threshold"":0.98,""selected"":{""abstained"":0,""automated_false_negative_rate"":0.0064516129032258064,""automated_false_positive_rate"":0.0,""automation_duplicate_recall"":0.9935483870967742,""automation_nonduplicate_recall"":1.0,""coverage"":1.0,""covered"":320,""covered_error_rate"":0.003125,""false_negative_cost"":5.0,""false_positive_cost"":1.0,""fn"":1,""fp"":0,""negative_predictive_value"":0.9939759036144579,""negative_threshold"":0.03,""negatives"":165,""positive_threshold"":0.98,""positives"":155,""precision"":1.0,""threshold"":0.98,""tn"":165,""tp"":154,""weighted_covered_error"":0.015625}}","{""balance_score"":0.006250000000000033,""calibration_group_counts_by_label"":{""0"":33,""1"":31},""calibration_groups"":64,""calibration_label_counts"":{""0"":165,""1"":155},""calibration_records"":320,""fit_group_counts_by_label"":{""0"":50,""1"":46},""fit_groups"":96,""fit_label_counts"":{""0"":250,""1"":230},""fit_records"":480,""group_overlap"":0}","[{""fit_group_counts_by_label"":{""0"":14,""1"":18},""fit_groups"":32,""fit_records"":160,""fold"":0,""group_overlap"":0,""validation_group_counts_by_label"":{""0"":19,""1"":13},""validation_groups"":32,""validation_records"":160},{""fit_group_counts_by_label"":{""0"":19,""1"":13},""fit_groups"":32,""fit_records"":160,""fold"":1,""group_overlap"":0,""validation_group_counts_by_label"":{""0"":14,""1"":18},""validation_groups"":32,""validation_records"":160}]",0
deduplication__hybrid__multilingual_e5_small__decision_tree,deduplication,hybrid,multilingual_e5_small,decision_tree,1,800,200,160,40,0,20.736876100068912,1.318105300073512,0.2503949999809265,1.2519749999046326,classifier_pipeline_with_precomputed_embedding,"{""model__max_depth"":3,""model__min_samples_leaf"":2}",-0.09791666666666667,"{""curve_points"":2450,""eligible"":true,""negative_threshold"":0.1,""positive_threshold"":0.95,""selected"":{""abstained"":29,""automated_false_negative_rate"":0.0,""automated_false_positive_rate"":0.03225806451612903,""automation_duplicate_recall"":0.9090909090909091,""automation_nonduplicate_recall"":0.8774193548387097,""coverage"":0.909375,""covered"":291,""covered_error_rate"":0.01718213058419244,""false_negative_cost"":5.0,""false_positive_cost"":1.0,""fn"":0,""fp"":5,""negative_predictive_value"":1.0,""negative_threshold"":0.1,""negatives"":155,""positive_threshold"":0.95,""positives"":165,""precision"":0.967741935483871,""threshold"":0.95,""tn"":136,""tp"":150,""weighted_covered_error"":0.01718213058419244}}","{""balance_score"":0.006250000000000033,""calibration_group_counts_by_label"":{""0"":31,""1"":33},""calibration_groups"":64,""calibration_label_counts"":{""0"":155,""1"":165},""calibration_records"":320,""fit_group_counts_by_label"":{""0"":47,""1"":49},""fit_groups"":96,""fit_label_counts"":{""0"":235,""1"":245},""fit_records"":480,""group_overlap"":0}","[{""fit_group_counts_by_label"":{""0"":16,""1"":16},""fit_groups"":32,""fit_records"":160,""fold"":0,""group_overlap"":0,""validation_group_counts_by_label"":{""0"":15,""1"":17},""validation_groups"":32,""validation_records"":160},{""fit_group_counts_by_label"":{""0"":15,""1"":17},""fit_groups"":32,""fit_records"":160,""fold"":1,""group_overlap"":0,""validation_group_counts_by_label"":{""0"":16,""1"":16},""validation_groups"":32,""validation_records"":160}]",0
deduplication__hybrid__multilingual_e5_small__decision_tree,deduplication,hybrid,multilingual_e5_small,decision_tree,2,800,200,160,40,0,19.89481060008984,1.2682514999760315,0.28480980009771883,1.4240490004885942,classifier_pipeline_with_precomputed_embedding,"{""model__max_depth"":3,""model__min_samples_leaf"":2}",-0.10416666666666667,"{""curve_points"":2450,""eligible"":true,""negative_threshold"":0.02,""positive_threshold"":0.98,""selected"":{""abstained"":0,""automated_false_negative_rate"":0.0,""automated_false_positive_rate"":0.0,""automation_duplicate_recall"":1.0,""automation_nonduplicate_recall"":1.0,""coverage"":1.0,""covered"":320,""covered_error_rate"":0.0,""false_negative_cost"":5.0,""false_positive_cost"":1.0,""fn"":0,""fp"":0,""negative_predictive_value"":1.0,""negative_threshold"":0.02,""negatives"":165,""positive_threshold"":0.98,""positives"":155,""precision"":1.0,""threshold"":0.98,""tn"":165,""tp"":155,""weighted_covered_error"":0.0}}","{""balance_score"":0.006250000000000033,""calibration_group_counts_by_label"":{""0"":33,""1"":31},""calibration_groups"":64,""calibration_label_counts"":{""0"":165,""1"":155},""calibration_records"":320,""fit_group_counts_by_label"":{""0"":50,""1"":46},""fit_groups"":96,""fit_label_counts"":{""0"":250,""1"":230},""fit_records"":480,""group_overlap"":0}","[{""fit_group_counts_by_label"":{""0"":14,""1"":18},""fit_groups"":32,""fit_records"":160,""fold"":0,""group_overlap"":0,""validation_group_counts_by_label"":{""0"":19,""1"":13},""validation_groups"":32,""validation_records"":160},{""fit_group_counts_by_label"":{""0"":19,""1"":13},""fit_groups"":32,""fit_records"":160,""fold"":1,""group_overlap"":0,""validation_group_counts_by_label"":{""0"":14,""1"":18},""validation_groups"":32,""validation_records"":160}]",0
deduplication__hybrid__multilingual_e5_small__decision_tree,deduplication,hybrid,multilingual_e5_small,decision_tree,3,800,200,160,40,0,18.96238450007513,1.312002000049688,0.24292849993798882,1.214642499689944,classifier_pipeline_with_precomputed_embedding,"{""model__max_depth"":3,""model__min_samples_leaf"":2}",-0.3854166666666667,"{""curve_points"":2450,""eligible"":true,""negative_threshold"":0.02,""positive_threshold"":0.98,""selected"":{""abstained"":0,""automated_false_negative_rate"":0.0,""automated_false_positive_rate"":0.0,""automation_duplicate_recall"":1.0,""automation_nonduplicate_recall"":1.0,""coverage"":1.0,""covered"":320,""covered_error_rate"":0.0,""false_negative_cost"":5.0,""false_positive_cost"":1.0,""fn"":0,""fp"":0,""negative_predictive_value"":1.0,""negative_threshold"":0.02,""negatives"":155,""positive_threshold"":0.98,""positives"":165,""precision"":1.0,""threshold"":0.98,""tn"":155,""tp"":165,""weighted_covered_error"":0.0}}","{""balance_score"":0.006250000000000033,""calibration_group_counts_by_label"":{""0"":31,""1"":33},""calibration_groups"":64,""calibration_label_counts"":{""0"":155,""1"":165},""calibration_records"":320,""fit_group_counts_by_label"":{""0"":47,""1"":49},""fit_groups"":96,""fit_label_counts"":{""0"":235,""1"":245},""fit_records"":480,""group_overlap"":0}","[{""fit_group_counts_by_label"":{""0"":17,""1"":15},""fit_groups"":32,""fit_records"":160,""fold"":0,""group_overlap"":0,""validation_group_counts_by_label"":{""0"":14,""1"":18},""validation_groups"":32,""validation_records"":160},{""fit_group_counts_by_label"":{""0"":14,""1"":18},""fit_groups"":32,""fit_records"":160,""fold"":1,""group_overlap"":0,""validation_group_counts_by_label"":{""0"":17,""1"":15},""validation_groups"":32,""validation_records"":160}]",0
deduplication__hybrid__multilingual_e5_small__decision_tree,deduplication,hybrid,multilingual_e5_small,decision_tree,4,800,200,160,40,0,18.46654860000126,1.2382777000311762,0.26239469996653497,1.3119734998326749,classifier_pipeline_with_precomputed_embedding,"{""model__max_depth"":3,""model__min_samples_leaf"":2}",0.0,"{""curve_points"":2450,""eligible"":true,""negative_threshold"":0.03,""positive_threshold"":0.98,""selected"":{""abstained"":0,""automated_false_negative_rate"":0.012121212121212121,""automated_false_positive_rate"":0.0,""automation_duplicate_recall"":0.9878787878787879,""automation_nonduplicate_recall"":1.0,""coverage"":1.0,""covered"":320,""covered_error_rate"":0.00625,""false_negative_cost"":5.0,""false_positive_cost"":1.0,""fn"":2,""fp"":0,""negative_predictive_value"":0.9872611464968153,""negative_threshold"":0.03,""negatives"":155,""positive_threshold"":0.98,""positives"":165,""precision"":1.0,""threshold"":0.98,""tn"":155,""tp"":163,""weighted_covered_error"":0.03125}}","{""balance_score"":0.006250000000000033,""calibration_group_counts_by_label"":{""0"":31,""1"":33},""calibration_groups"":64,""calibration_label_counts"":{""0"":155,""1"":165},""calibration_records"":320,""fit_group_counts_by_label"":{""0"":47,""1"":49},""fit_groups"":96,""fit_label_counts"":{""0"":235,""1"":245},""fit_records"":480,""group_overlap"":0}","[{""fit_group_counts_by_label"":{""0"":18,""1"":14},""fit_groups"":32,""fit_records"":160,""fold"":0,""group_overlap"":0,""validation_group_counts_by_label"":{""0"":13,""1"":19},""validation_groups"":32,""validation_records"":160},{""fit_group_counts_by_label"":{""0"":13,""1"":19},""fit_groups"":32,""fit_records"":160,""fold"":1,""group_overlap"":0,""validation_group_counts_by_label"":{""0"":18,""1"":14},""validation_groups"":32,""validation_records"":160}]",0
deduplication__hybrid__multilingual_e5_small__linear_svm,deduplication,hybrid,multilingual_e5_small,linear_svm,0,800,200,160,40,0,13.98990110005252,1.2068032999522984,0.266105999937281,1.330529999686405,classifier_pipeline_with_precomputed_embedding,"{""model__C"":0.1}",0.0,"{""curve_points"":2450,""eligible"":true,""negative_threshold"":0.02,""positive_threshold"":0.97,""selected"":{""abstained"":0,""automated_false_negative_rate"":0.0,""automated_false_positive_rate"":0.0,""automation_duplicate_recall"":1.0,""automation_nonduplicate_recall"":1.0,""coverage"":1.0,""covered"":320,""covered_error_rate"":0.0,""false_negative_cost"":5.0,""false_positive_cost"":1.0,""fn"":0,""fp"":0,""negative_predictive_value"":1.0,""negative_threshold"":0.02,""negatives"":165,""positive_threshold"":0.97,""positives"":155,""precision"":1.0,""threshold"":0.97,""tn"":165,""tp"":155,""weighted_covered_error"":0.0}}","{""balance_score"":0.006250000000000033,""calibration_group_counts_by_label"":{""0"":33,""1"":31},""calibration_groups"":64,""calibration_label_counts"":{""0"":165,""1"":155},""calibration_records"":320,""fit_group_counts_by_label"":{""0"":50,""1"":46},""fit_groups"":96,""fit_label_counts"":{""0"":250,""1"":230},""fit_records"":480,""group_overlap"":0}","[{""fit_group_counts_by_label"":{""0"":14,""1"":18},""fit_groups"":32,""fit_records"":160,""fold"":0,""group_overlap"":0,""validation_group_counts_by_label"":{""0"":19,""1"":13},""validation_groups"":32,""validation_records"":160},{""fit_group_counts_by_label"":{""0"":19,""1"":13},""fit_groups"":32,""fit_records"":160,""fold"":1,""group_overlap"":0,""validation_group_counts_by_label"":{""0"":14,""1"":18},""validation_groups"":32,""validation_records"":160}]",0
deduplication__hybrid__multilingual_e5_small__linear_svm,deduplication,hybrid,multilingual_e5_small,linear_svm,1,800,200,160,40,0,13.641355799976736,1.2821676000021398,0.22035940003115684,1.1017970001557842,classifier_pipeline_with_precomputed_embedding,"{""model__C"":0.1}",0.0,"{""curve_points"":2450,""eligible"":true,""negative_threshold"":0.03,""positive_threshold"":0.97,""selected"":{""abstained"":0,""automated_false_negative_rate"":0.0,""automated_false_positive_rate"":0.0,""automation_duplicate_recall"":1.0,""automation_nonduplicate_recall"":1.0,""coverage"":1.0,""covered"":320,""covered_error_rate"":0.0,""false_negative_cost"":5.0,""false_positive_cost"":1.0,""fn"":0,""fp"":0,""negative_predictive_value"":1.0,""negative_threshold"":0.03,""negatives"":155,""positive_threshold"":0.97,""positives"":165,""precision"":1.0,""threshold"":0.97,""tn"":155,""tp"":165,""weighted_covered_error"":0.0}}","{""balance_score"":0.006250000000000033,""calibration_group_counts_by_label"":{""0"":31,""1"":33},""calibration_groups"":64,""calibration_label_counts"":{""0"":155,""1"":165},""calibration_records"":320,""fit_group_counts_by_label"":{""0"":47,""1"":49},""fit_groups"":96,""fit_label_counts"":{""0"":235,""1"":245},""fit_records"":480,""group_overlap"":0}","[{""fit_group_counts_by_label"":{""0"":16,""1"":16},""fit_groups"":32,""fit_records"":160,""fold"":0,""group_overlap"":0,""validation_group_counts_by_label"":{""0"":15,""1"":17},""validation_groups"":32,""validation_records"":160},{""fit_group_counts_by_label"":{""0"":15,""1"":17},""fit_groups"":32,""fit_records"":160,""fold"":1,""group_overlap"":0,""validation_group_counts_by_label"":{""0"":16,""1"":16},""validation_groups"":32,""validation_records"":160}]",0
deduplication__hybrid__multilingual_e5_small__linear_svm,deduplication,hybrid,multilingual_e5_small,linear_svm,2,800,200,160,40,0,13.811254599946551,1.219574399990961,0.2508382999803871,1.2541914999019355,classifier_pipeline_with_precomputed_embedding,"{""model__C"":0.1}",0.0,"{""curve_points"":2450,""eligible"":true,""negative_threshold"":0.03,""positive_threshold"":0.97,""selected"":{""abstained"":0,""automated_false_negative_rate"":0.0,""automated_false_positive_rate"":0.0,""automation_duplicate_recall"":1.0,""automation_nonduplicate_recall"":1.0,""coverage"":1.0,""covered"":320,""covered_error_rate"":0.0,""false_negative_cost"":5.0,""false_positive_cost"":1.0,""fn"":0,""fp"":0,""negative_predictive_value"":1.0,""negative_threshold"":0.03,""negatives"":165,""positive_threshold"":0.97,""positives"":155,""precision"":1.0,""threshold"":0.97,""tn"":165,""tp"":155,""weighted_covered_error"":0.0}}","{""balance_score"":0.006250000000000033,""calibration_group_counts_by_label"":{""0"":33,""1"":31},""calibration_groups"":64,""calibration_label_counts"":{""0"":165,""1"":155},""calibration_records"":320,""fit_group_counts_by_label"":{""0"":50,""1"":46},""fit_groups"":96,""fit_label_counts"":{""0"":250,""1"":230},""fit_records"":480,""group_overlap"":0}","[{""fit_group_counts_by_label"":{""0"":14,""1"":18},""fit_groups"":32,""fit_records"":160,""fold"":0,""group_overlap"":0,""validation_group_counts_by_label"":{""0"":19,""1"":13},""validation_groups"":32,""validation_records"":160},{""fit_group_counts_by_label"":{""0"":19,""1"":13},""fit_groups"":32,""fit_records"":160,""fold"":1,""group_overlap"":0,""validation_group_counts_by_label"":{""0"":14,""1"":18},""validation_groups"":32,""validation_records"":160}]",0
deduplication__hybrid__multilingual_e5_small__linear_svm,deduplication,hybrid,multilingual_e5_small,linear_svm,3,800,200,160,40,0,13.592275000060908,1.3920011000009254,0.24402789992745966,1.2201394996372983,classifier_pipeline_with_precomputed_embedding,"{""model__C"":0.1}",0.0,"{""curve_points"":2450,""eligible"":true,""negative_threshold"":0.03,""positive_threshold"":0.97,""selected"":{""abstained"":0,""automated_false_negative_rate"":0.0,""automated_false_positive_rate"":0.0,""automation_duplicate_recall"":1.0,""automation_nonduplicate_recall"":1.0,""coverage"":1.0,""covered"":320,""covered_error_rate"":0.0,""false_negative_cost"":5.0,""false_positive_cost"":1.0,""fn"":0,""fp"":0,""negative_predictive_value"":1.0,""negative_threshold"":0.03,""negatives"":155,""positive_threshold"":0.97,""positives"":165,""precision"":1.0,""threshold"":0.97,""tn"":155,""tp"":165,""weighted_covered_error"":0.0}}","{""balance_score"":0.006250000000000033,""calibration_group_counts_by_label"":{""0"":31,""1"":33},""calibration_groups"":64,""calibration_label_counts"":{""0"":155,""1"":165},""calibration_records"":320,""fit_group_counts_by_label"":{""0"":47,""1"":49},""fit_groups"":96,""fit_label_counts"":{""0"":235,""1"":245},""fit_records"":480,""group_overlap"":0}","[{""fit_group_counts_by_label"":{""0"":17,""1"":15},""fit_groups"":32,""fit_records"":160,""fold"":0,""group_overlap"":0,""validation_group_counts_by_label"":{""0"":14,""1"":18},""validation_groups"":32,""validation_records"":160},{""fit_group_counts_by_label"":{""0"":14,""1"":18},""fit_groups"":32,""fit_records"":160,""fold"":1,""group_overlap"":0,""validation_group_counts_by_label"":{""0"":17,""1"":15},""validation_groups"":32,""validation_records"":160}]",0
deduplication__hybrid__multilingual_e5_small__linear_svm,deduplication,hybrid,multilingual_e5_small,linear_svm,4,800,200,160,40,0,12.9657242000103,1.2102035999996588,0.25635739997960627,1.2817869998980314,classifier_pipeline_with_precomputed_embedding,"{""model__C"":0.1}",0.0,"{""curve_points"":2450,""eligible"":true,""negative_threshold"":0.03,""positive_threshold"":0.97,""selected"":{""abstained"":0,""automated_false_negative_rate"":0.0,""automated_false_positive_rate"":0.0,""automation_duplicate_recall"":1.0,""automation_nonduplicate_recall"":1.0,""coverage"":1.0,""covered"":320,""covered_error_rate"":0.0,""false_negative_cost"":5.0,""false_positive_cost"":1.0,""fn"":0,""fp"":0,""negative_predictive_value"":1.0,""negative_threshold"":0.03,""negatives"":155,""positive_threshold"":0.97,""positives"":165,""precision"":1.0,""threshold"":0.97,""tn"":155,""tp"":165,""weighted_covered_error"":0.0}}","{""balance_score"":0.006250000000000033,""calibration_group_counts_by_label"":{""0"":31,""1"":33},""calibration_groups"":64,""calibration_label_counts"":{""0"":155,""1"":165},""calibration_records"":320,""fit_group_counts_by_label"":{""0"":47,""1"":49},""fit_groups"":96,""fit_label_counts"":{""0"":235,""1"":245},""fit_records"":480,""group_overlap"":0}","[{""fit_group_counts_by_label"":{""0"":18,""1"":14},""fit_groups"":32,""fit_records"":160,""fold"":0,""group_overlap"":0,""validation_group_counts_by_label"":{""0"":13,""1"":19},""validation_groups"":32,""validation_records"":160},{""fit_group_counts_by_label"":{""0"":13,""1"":19},""fit_groups"":32,""fit_records"":160,""fold"":1,""group_overlap"":0,""validation_group_counts_by_label"":{""0"":18,""1"":14},""validation_groups"":32,""validation_records"":160}]",0
deduplication__hybrid__multilingual_e5_small__mlp,deduplication,hybrid,multilingual_e5_small,mlp,0,800,200,160,40,0,65.91720849997364,1.3382761999964714,0.24402890005148947,1.2201445002574474,classifier_pipeline_with_precomputed_embedding,"{""model__alpha"":0.001,""model__hidden_layer_sizes"":[16]}",0.0,"{""curve_points"":2450,""eligible"":true,""negative_threshold"":0.02,""positive_threshold"":0.98,""selected"":{""abstained"":0,""automated_false_negative_rate"":0.0,""automated_false_positive_rate"":0.0,""automation_duplicate_recall"":1.0,""automation_nonduplicate_recall"":1.0,""coverage"":1.0,""covered"":320,""covered_error_rate"":0.0,""false_negative_cost"":5.0,""false_positive_cost"":1.0,""fn"":0,""fp"":0,""negative_predictive_value"":1.0,""negative_threshold"":0.02,""negatives"":165,""positive_threshold"":0.98,""positives"":155,""precision"":1.0,""threshold"":0.98,""tn"":165,""tp"":155,""weighted_covered_error"":0.0}}","{""balance_score"":0.006250000000000033,""calibration_group_counts_by_label"":{""0"":33,""1"":31},""calibration_groups"":64,""calibration_label_counts"":{""0"":165,""1"":155},""calibration_records"":320,""fit_group_counts_by_label"":{""0"":50,""1"":46},""fit_groups"":96,""fit_label_counts"":{""0"":250,""1"":230},""fit_records"":480,""group_overlap"":0}","[{""fit_group_counts_by_label"":{""0"":14,""1"":18},""fit_groups"":32,""fit_records"":160,""fold"":0,""group_overlap"":0,""validation_group_counts_by_label"":{""0"":19,""1"":13},""validation_groups"":32,""validation_records"":160},{""fit_group_counts_by_label"":{""0"":19,""1"":13},""fit_groups"":32,""fit_records"":160,""fold"":1,""group_overlap"":0,""validation_group_counts_by_label"":{""0"":14,""1"":18},""validation_groups"":32,""validation_records"":160}]",0
deduplication__hybrid__multilingual_e5_small__mlp,deduplication,hybrid,multilingual_e5_small,mlp,1,800,200,160,40,0,65.55488790001255,1.2582452999195084,0.3041293000569567,1.5206465002847835,classifier_pipeline_with_precomputed_embedding,"{""model__alpha"":0.001,""model__hidden_layer_sizes"":[16]}",0.0,"{""curve_points"":2450,""eligible"":true,""negative_threshold"":0.02,""positive_threshold"":0.98,""selected"":{""abstained"":0,""automated_false_negative_rate"":0.0,""automated_false_positive_rate"":0.0,""automation_duplicate_recall"":1.0,""automation_nonduplicate_recall"":1.0,""coverage"":1.0,""covered"":320,""covered_error_rate"":0.0,""false_negative_cost"":5.0,""false_positive_cost"":1.0,""fn"":0,""fp"":0,""negative_predictive_value"":1.0,""negative_threshold"":0.02,""negatives"":155,""positive_threshold"":0.98,""positives"":165,""precision"":1.0,""threshold"":0.98,""tn"":155,""tp"":165,""weighted_covered_error"":0.0}}","{""balance_score"":0.006250000000000033,""calibration_group_counts_by_label"":{""0"":31,""1"":33},""calibration_groups"":64,""calibration_label_counts"":{""0"":155,""1"":165},""calibration_records"":320,""fit_group_counts_by_label"":{""0"":47,""1"":49},""fit_groups"":96,""fit_label_counts"":{""0"":235,""1"":245},""fit_records"":480,""group_overlap"":0}","[{""fit_group_counts_by_label"":{""0"":16,""1"":16},""fit_groups"":32,""fit_records"":160,""fold"":0,""group_overlap"":0,""validation_group_counts_by_label"":{""0"":15,""1"":17},""validation_groups"":32,""validation_records"":160},{""fit_group_counts_by_label"":{""0"":15,""1"":17},""fit_groups"":32,""fit_records"":160,""fold"":1,""group_overlap"":0,""validation_group_counts_by_label"":{""0"":16,""1"":16},""validation_groups"":32,""validation_records"":160}]",0
deduplication__hybrid__multilingual_e5_small__mlp,deduplication,hybrid,multilingual_e5_small,mlp,2,800,200,160,40,0,68.36935229995288,1.3938025999814272,0.24019329994916916,1.2009664997458458,classifier_pipeline_with_precomputed_embedding,"{""model__alpha"":0.001,""model__hidden_layer_sizes"":[16]}",0.0,"{""curve_points"":2450,""eligible"":true,""negative_threshold"":0.02,""positive_threshold"":0.98,""selected"":{""abstained"":0,""automated_false_negative_rate"":0.0,""automated_false_positive_rate"":0.0,""automation_duplicate_recall"":1.0,""automation_nonduplicate_recall"":1.0,""coverage"":1.0,""covered"":320,""covered_error_rate"":0.0,""false_negative_cost"":5.0,""false_positive_cost"":1.0,""fn"":0,""fp"":0,""negative_predictive_value"":1.0,""negative_threshold"":0.02,""negatives"":165,""positive_threshold"":0.98,""positives"":155,""precision"":1.0,""threshold"":0.98,""tn"":165,""tp"":155,""weighted_covered_error"":0.0}}","{""balance_score"":0.006250000000000033,""calibration_group_counts_by_label"":{""0"":33,""1"":31},""calibration_groups"":64,""calibration_label_counts"":{""0"":165,""1"":155},""calibration_records"":320,""fit_group_counts_by_label"":{""0"":50,""1"":46},""fit_groups"":96,""fit_label_counts"":{""0"":250,""1"":230},""fit_records"":480,""group_overlap"":0}","[{""fit_group_counts_by_label"":{""0"":14,""1"":18},""fit_groups"":32,""fit_records"":160,""fold"":0,""group_overlap"":0,""validation_group_counts_by_label"":{""0"":19,""1"":13},""validation_groups"":32,""validation_records"":160},{""fit_group_counts_by_label"":{""0"":19,""1"":13},""fit_groups"":32,""fit_records"":160,""fold"":1,""group_overlap"":0,""validation_group_counts_by_label"":{""0"":14,""1"":18},""validation_groups"":32,""validation_records"":160}]",0
deduplication__hybrid__multilingual_e5_small__mlp,deduplication,hybrid,multilingual_e5_small,mlp,3,800,200,160,40,0,65.8465031000087,1.2261597000760958,0.26078429992776364,1.3039214996388182,classifier_pipeline_with_precomputed_embedding,"{""model__alpha"":0.001,""model__hidden_layer_sizes"":[16]}",0.0,"{""curve_points"":2450,""eligible"":true,""negative_threshold"":0.02,""positive_threshold"":0.98,""selected"":{""abstained"":0,""automated_false_negative_rate"":0.0,""automated_false_positive_rate"":0.0,""automation_duplicate_recall"":1.0,""automation_nonduplicate_recall"":1.0,""coverage"":1.0,""covered"":320,""covered_error_rate"":0.0,""false_negative_cost"":5.0,""false_positive_cost"":1.0,""fn"":0,""fp"":0,""negative_predictive_value"":1.0,""negative_threshold"":0.02,""negatives"":155,""positive_threshold"":0.98,""positives"":165,""precision"":1.0,""threshold"":0.98,""tn"":155,""tp"":165,""weighted_covered_error"":0.0}}","{""balance_score"":0.006250000000000033,""calibration_group_counts_by_label"":{""0"":31,""1"":33},""calibration_groups"":64,""calibration_label_counts"":{""0"":155,""1"":165},""calibration_records"":320,""fit_group_counts_by_label"":{""0"":47,""1"":49},""fit_groups"":96,""fit_label_counts"":{""0"":235,""1"":245},""fit_records"":480,""group_overlap"":0}","[{""fit_group_counts_by_label"":{""0"":17,""1"":15},""fit_groups"":32,""fit_records"":160,""fold"":0,""group_overlap"":0,""validation_group_counts_by_label"":{""0"":14,""1"":18},""validation_groups"":32,""validation_records"":160},{""fit_group_counts_by_label"":{""0"":14,""1"":18},""fit_groups"":32,""fit_records"":160,""fold"":1,""group_overlap"":0,""validation_group_counts_by_label"":{""0"":17,""1"":15},""validation_groups"":32,""validation_records"":160}]",0
deduplication__hybrid__multilingual_e5_small__mlp,deduplication,hybrid,multilingual_e5_small,mlp,4,800,200,160,40,0,66.8232669000281,1.2183990000048652,0.26029299991205335,1.3014649995602667,classifier_pipeline_with_precomputed_embedding,"{""model__alpha"":0.001,""model__hidden_layer_sizes"":[16]}",0.0,"{""curve_points"":2450,""eligible"":true,""negative_threshold"":0.02,""positive_threshold"":0.98,""selected"":{""abstained"":0,""automated_false_negative_rate"":0.0,""automated_false_positive_rate"":0.0,""automation_duplicate_recall"":1.0,""automation_nonduplicate_recall"":1.0,""coverage"":1.0,""covered"":320,""covered_error_rate"":0.0,""false_negative_cost"":5.0,""false_positive_cost"":1.0,""fn"":0,""fp"":0,""negative_predictive_value"":1.0,""negative_threshold"":0.02,""negatives"":155,""positive_threshold"":0.98,""positives"":165,""precision"":1.0,""threshold"":0.98,""tn"":155,""tp"":165,""weighted_covered_error"":0.0}}","{""balance_score"":0.006250000000000033,""calibration_group_counts_by_label"":{""0"":31,""1"":33},""calibration_groups"":64,""calibration_label_counts"":{""0"":155,""1"":165},""calibration_records"":320,""fit_group_counts_by_label"":{""0"":47,""1"":49},""fit_groups"":96,""fit_label_counts"":{""0"":235,""1"":245},""fit_records"":480,""group_overlap"":0}","[{""fit_group_counts_by_label"":{""0"":18,""1"":14},""fit_groups"":32,""fit_records"":160,""fold"":0,""group_overlap"":0,""validation_group_counts_by_label"":{""0"":13,""1"":19},""validation_groups"":32,""validation_records"":160},{""fit_group_counts_by_label"":{""0"":13,""1"":19},""fit_groups"":32,""fit_records"":160,""fold"":1,""group_overlap"":0,""validation_group_counts_by_label"":{""0"":18,""1"":14},""validation_groups"":32,""validation_records"":160}]",0
deduplication__hybrid__multilingual_e5_small__xgboost,deduplication,hybrid,multilingual_e5_small,xgboost,0,800,200,160,40,0,60.55794729990885,1.6563349000643939,0.25278069998603314,1.2639034999301657,classifier_pipeline_with_precomputed_embedding,"{""model__learning_rate"":0.05,""model__max_depth"":2,""model__n_estimators"":160}",-0.010416666666666666,"{""curve_points"":2450,""eligible"":true,""negative_threshold"":0.02,""positive_threshold"":0.98,""selected"":{""abstained"":0,""automated_false_negative_rate"":0.0,""automated_false_positive_rate"":0.0,""automation_duplicate_recall"":1.0,""automation_nonduplicate_recall"":1.0,""coverage"":1.0,""covered"":320,""covered_error_rate"":0.0,""false_negative_cost"":5.0,""false_positive_cost"":1.0,""fn"":0,""fp"":0,""negative_predictive_value"":1.0,""negative_threshold"":0.02,""negatives"":165,""positive_threshold"":0.98,""positives"":155,""precision"":1.0,""threshold"":0.98,""tn"":165,""tp"":155,""weighted_covered_error"":0.0}}","{""balance_score"":0.006250000000000033,""calibration_group_counts_by_label"":{""0"":33,""1"":31},""calibration_groups"":64,""calibration_label_counts"":{""0"":165,""1"":155},""calibration_records"":320,""fit_group_counts_by_label"":{""0"":50,""1"":46},""fit_groups"":96,""fit_label_counts"":{""0"":250,""1"":230},""fit_records"":480,""group_overlap"":0}","[{""fit_group_counts_by_label"":{""0"":14,""1"":18},""fit_groups"":32,""fit_records"":160,""fold"":0,""group_overlap"":0,""validation_group_counts_by_label"":{""0"":19,""1"":13},""validation_groups"":32,""validation_records"":160},{""fit_group_counts_by_label"":{""0"":19,""1"":13},""fit_groups"":32,""fit_records"":160,""fold"":1,""group_overlap"":0,""validation_group_counts_by_label"":{""0"":14,""1"":18},""validation_groups"":32,""validation_records"":160}]",0
deduplication__hybrid__multilingual_e5_small__xgboost,deduplication,hybrid,multilingual_e5_small,xgboost,1,800,200,160,40,0,60.33543259999715,1.6128483000211418,0.23485090001486242,1.174254500074312,classifier_pipeline_with_precomputed_embedding,"{""model__learning_rate"":0.05,""model__max_depth"":2,""model__n_estimators"":160}",-0.020833333333333332,"{""curve_points"":2450,""eligible"":true,""negative_threshold"":0.02,""positive_threshold"":0.98,""selected"":{""abstained"":85,""automated_false_negative_rate"":0.0,""automated_false_positive_rate"":0.0,""automation_duplicate_recall"":0.5151515151515151,""automation_nonduplicate_recall"":0.967741935483871,""coverage"":0.734375,""covered"":235,""covered_error_rate"":0.0,""false_negative_cost"":5.0,""false_positive_cost"":1.0,""fn"":0,""fp"":0,""negative_predictive_value"":1.0,""negative_threshold"":0.02,""negatives"":155,""positive_threshold"":0.98,""positives"":165,""precision"":1.0,""threshold"":0.98,""tn"":150,""tp"":85,""weighted_covered_error"":0.0}}","{""balance_score"":0.006250000000000033,""calibration_group_counts_by_label"":{""0"":31,""1"":33},""calibration_groups"":64,""calibration_label_counts"":{""0"":155,""1"":165},""calibration_records"":320,""fit_group_counts_by_label"":{""0"":47,""1"":49},""fit_groups"":96,""fit_label_counts"":{""0"":235,""1"":245},""fit_records"":480,""group_overlap"":0}","[{""fit_group_counts_by_label"":{""0"":16,""1"":16},""fit_groups"":32,""fit_records"":160,""fold"":0,""group_overlap"":0,""validation_group_counts_by_label"":{""0"":15,""1"":17},""validation_groups"":32,""validation_records"":160},{""fit_group_counts_by_label"":{""0"":15,""1"":17},""fit_groups"":32,""fit_records"":160,""fold"":1,""group_overlap"":0,""validation_group_counts_by_label"":{""0"":16,""1"":16},""validation_groups"":32,""validation_records"":160}]",0
deduplication__hybrid__multilingual_e5_small__xgboost,deduplication,hybrid,multilingual_e5_small,xgboost,2,800,200,160,40,0,61.03906410001218,1.627726100035943,0.24133370001800358,1.206668500090018,classifier_pipeline_with_precomputed_embedding,"{""model__learning_rate"":0.05,""model__max_depth"":2,""model__n_estimators"":160}",-0.21875,"{""curve_points"":2450,""eligible"":true,""negative_threshold"":0.02,""positive_threshold"":0.98,""selected"":{""abstained"":0,""automated_false_negative_rate"":0.0,""automated_false_positive_rate"":0.0,""automation_duplicate_recall"":1.0,""automation_nonduplicate_recall"":1.0,""coverage"":1.0,""covered"":320,""covered_error_rate"":0.0,""false_negative_cost"":5.0,""false_positive_cost"":1.0,""fn"":0,""fp"":0,""negative_predictive_value"":1.0,""negative_threshold"":0.02,""negatives"":165,""positive_threshold"":0.98,""positives"":155,""precision"":1.0,""threshold"":0.98,""tn"":165,""tp"":155,""weighted_covered_error"":0.0}}","{""balance_score"":0.006250000000000033,""calibration_group_counts_by_label"":{""0"":33,""1"":31},""calibration_groups"":64,""calibration_label_counts"":{""0"":165,""1"":155},""calibration_records"":320,""fit_group_counts_by_label"":{""0"":50,""1"":46},""fit_groups"":96,""fit_label_counts"":{""0"":250,""1"":230},""fit_records"":480,""group_overlap"":0}","[{""fit_group_counts_by_label"":{""0"":14,""1"":18},""fit_groups"":32,""fit_records"":160,""fold"":0,""group_overlap"":0,""validation_group_counts_by_label"":{""0"":19,""1"":13},""validation_groups"":32,""validation_records"":160},{""fit_group_counts_by_label"":{""0"":19,""1"":13},""fit_groups"":32,""fit_records"":160,""fold"":1,""group_overlap"":0,""validation_group_counts_by_label"":{""0"":14,""1"":18},""validation_groups"":32,""validation_records"":160}]",0
deduplication__hybrid__multilingual_e5_small__xgboost,deduplication,hybrid,multilingual_e5_small,xgboost,3,800,200,160,40,0,59.56704570003785,1.633131599985063,0.247716800076887,1.238584000384435,classifier_pipeline_with_precomputed_embedding,"{""model__learning_rate"":0.05,""model__max_depth"":2,""model__n_estimators"":160}",-0.0625,"{""curve_points"":2450,""eligible"":true,""negative_threshold"":0.02,""positive_threshold"":0.98,""selected"":{""abstained"":0,""automated_false_negative_rate"":0.0,""automated_false_positive_rate"":0.0,""automation_duplicate_recall"":1.0,""automation_nonduplicate_recall"":1.0,""coverage"":1.0,""covered"":320,""covered_error_rate"":0.0,""false_negative_cost"":5.0,""false_positive_cost"":1.0,""fn"":0,""fp"":0,""negative_predictive_value"":1.0,""negative_threshold"":0.02,""negatives"":155,""positive_threshold"":0.98,""positives"":165,""precision"":1.0,""threshold"":0.98,""tn"":155,""tp"":165,""weighted_covered_error"":0.0}}","{""balance_score"":0.006250000000000033,""calibration_group_counts_by_label"":{""0"":31,""1"":33},""calibration_groups"":64,""calibration_label_counts"":{""0"":155,""1"":165},""calibration_records"":320,""fit_group_counts_by_label"":{""0"":47,""1"":49},""fit_groups"":96,""fit_label_counts"":{""0"":235,""1"":245},""fit_records"":480,""group_overlap"":0}","[{""fit_group_counts_by_label"":{""0"":17,""1"":15},""fit_groups"":32,""fit_records"":160,""fold"":0,""group_overlap"":0,""validation_group_counts_by_label"":{""0"":14,""1"":18},""validation_groups"":32,""validation_records"":160},{""fit_group_counts_by_label"":{""0"":14,""1"":18},""fit_groups"":32,""fit_records"":160,""fold"":1,""group_overlap"":0,""validation_group_counts_by_label"":{""0"":17,""1"":15},""validation_groups"":32,""validation_records"":160}]",0
deduplication__hybrid__multilingual_e5_small__xgboost,deduplication,hybrid,multilingual_e5_small,xgboost,4,800,200,160,40,0,58.306885799975134,1.5807018000632524,0.2726660999469459,1.3633304997347295,classifier_pipeline_with_precomputed_embedding,"{""model__learning_rate"":0.05,""model__max_depth"":2,""model__n_estimators"":160}",-0.010416666666666666,"{""curve_points"":2450,""eligible"":true,""negative_threshold"":0.02,""positive_threshold"":0.98,""selected"":{""abstained"":0,""automated_false_negative_rate"":0.0,""automated_false_positive_rate"":0.0,""automation_duplicate_recall"":1.0,""automation_nonduplicate_recall"":1.0,""coverage"":1.0,""covered"":320,""covered_error_rate"":0.0,""false_negative_cost"":5.0,""false_positive_cost"":1.0,""fn"":0,""fp"":0,""negative_predictive_value"":1.0,""negative_threshold"":0.02,""negatives"":155,""positive_threshold"":0.98,""positives"":165,""precision"":1.0,""threshold"":0.98,""tn"":155,""tp"":165,""weighted_covered_error"":0.0}}","{""balance_score"":0.006250000000000033,""calibration_group_counts_by_label"":{""0"":31,""1"":33},""calibration_groups"":64,""calibration_label_counts"":{""0"":155,""1"":165},""calibration_records"":320,""fit_group_counts_by_label"":{""0"":47,""1"":49},""fit_groups"":96,""fit_label_counts"":{""0"":235,""1"":245},""fit_records"":480,""group_overlap"":0}","[{""fit_group_counts_by_label"":{""0"":18,""1"":14},""fit_groups"":32,""fit_records"":160,""fold"":0,""group_overlap"":0,""validation_group_counts_by_label"":{""0"":13,""1"":19},""validation_groups"":32,""validation_records"":160},{""fit_group_counts_by_label"":{""0"":13,""1"":19},""fit_groups"":32,""fit_records"":160,""fold"":1,""group_overlap"":0,""validation_group_counts_by_label"":{""0"":18,""1"":14},""validation_groups"":32,""validation_records"":160}]",0
classification__hybrid__multilingual_minilm_l12__logistic_regression,classification,hybrid,multilingual_minilm_l12,logistic_regression,0,893,221,184,46,0,8.32699590001721,0.8125300999963656,0.14208280004095286,0.642908597470375,classifier_pipeline_with_precomputed_embedding,"{""model__C"":0.1}",0.8981257501669605,"{""automatic_maintenance_as_obra"":0,""automatic_non_obra_as_obra"":0,""coverage"":0.504297994269341,""covered"":176,""eligible"":true,""errors"":0,""obra_threshold"":0.92,""risk"":0.0,""threshold"":0.92}","{""balance_score"":0.02054758917656277,""calibration_group_counts_by_label"":{""0"":15,""1"":23,""2"":25,""3"":11},""calibration_groups"":74,""calibration_label_counts"":{""0"":68,""1"":113,""2"":118,""3"":50},""calibration_records"":349,""fit_group_counts_by_label"":{""0"":22,""1"":35,""2"":38,""3"":15},""fit_groups"":110,""fit_label_counts"":{""0"":106,""1"":175,""2"":189,""3"":74},""fit_records"":544,""group_overlap"":0}","[{""fit_group_counts_by_label"":{""0"":10,""1"":11,""2"":14,""3"":2},""fit_groups"":37,""fit_records"":174,""fold"":0,""group_overlap"":0,""validation_group_counts_by_label"":{""0"":5,""1"":12,""2"":11,""3"":9},""validation_groups"":37,""validation_records"":175},{""fit_group_counts_by_label"":{""0"":5,""1"":12,""2"":11,""3"":9},""fit_groups"":37,""fit_records"":175,""fold"":1,""group_overlap"":0,""validation_group_counts_by_label"":{""0"":10,""1"":11,""2"":14,""3"":2},""validation_groups"":37,""validation_records"":174}]",0
classification__hybrid__multilingual_minilm_l12__logistic_regression,classification,hybrid,multilingual_minilm_l12,logistic_regression,1,895,219,185,45,0,8.142355800024234,0.7702043000608683,0.17252679995726794,0.7877936071108125,classifier_pipeline_with_precomputed_embedding,"{""model__C"":1.0}",0.8803931368500776,"{""automatic_maintenance_as_obra"":0,""automatic_non_obra_as_obra"":0,""coverage"":0.6005586592178771,""covered"":215,""eligible"":true,""errors"":0,""obra_threshold"":0.92,""risk"":0.0,""threshold"":0.92}","{""balance_score"":0.02346368715083802,""calibration_group_counts_by_label"":{""0"":16,""1"":25,""2"":22,""3"":11},""calibration_groups"":74,""calibration_label_counts"":{""0"":73,""1"":123,""2"":107,""3"":55},""calibration_records"":358,""fit_group_counts_by_label"":{""0"":24,""1"":35,""2"":34,""3"":18},""fit_groups"":111,""fit_label_counts"":{""0"":117,""1"":174,""2"":163,""3"":83},""fit_records"":537,""group_overlap"":0}","[{""fit_group_counts_by_label"":{""0"":8,""1"":12,""2"":9,""3"":7},""fit_groups"":36,""fit_records"":173,""fold"":0,""group_overlap"":0,""validation_group_counts_by_label"":{""0"":8,""1"":13,""2"":13,""3"":4},""validation_groups"":38,""validation_records"":185},{""fit_group_counts_by_label"":{""0"":8,""1"":13,""2"":13,""3"":4},""fit_groups"":38,""fit_records"":185,""fold"":1,""group_overlap"":0,""validation_group_counts_by_label"":{""0"":8,""1"":12,""2"":9,""3"":7},""validation_groups"":36,""validation_records"":173}]",0
classification__hybrid__multilingual_minilm_l12__logistic_regression,classification,hybrid,multilingual_minilm_l12,logistic_regression,2,882,232,183,47,0,8.108213700004853,0.8406356000341475,0.14681100007146597,0.6328060347908016,classifier_pipeline_with_precomputed_embedding,"{""model__C"":1.0}",0.8528111839381022,"{""automatic_maintenance_as_obra"":0,""automatic_non_obra_as_obra"":0,""coverage"":0.6055555555555555,""covered"":218,""eligible"":true,""errors"":0,""obra_threshold"":0.94,""risk"":0.0,""threshold"":0.94}","{""balance_score"":0.018253968253968272,""calibration_group_counts_by_label"":{""0"":14,""1"":24,""2"":25,""3"":11},""calibration_groups"":74,""calibration_label_counts"":{""0"":64,""1"":118,""2"":123,""3"":55},""calibration_records"":360,""fit_group_counts_by_label"":{""0"":20,""1"":34,""2"":37,""3"":18},""fit_groups"":109,""fit_label_counts"":{""0"":94,""1"":168,""2"":177,""3"":83},""fit_records"":522,""group_overlap"":0}","[{""fit_group_counts_by_label"":{""0"":5,""1"":15,""2"":12,""3"":5},""fit_groups"":37,""fit_records"":177,""fold"":0,""group_overlap"":0,""validation_group_counts_by_label"":{""0"":9,""1"":9,""2"":13,""3"":6},""validation_groups"":37,""validation_records"":183},{""fit_group_counts_by_label"":{""0"":9,""1"":9,""2"":13,""3"":6},""fit_groups"":37,""fit_records"":183,""fold"":1,""group_overlap"":0,""validation_group_counts_by_label"":{""0"":5,""1"":15,""2"":12,""3"":5},""validation_groups"":37,""validation_records"":177}]",0
classification__hybrid__multilingual_minilm_l12__logistic_regression,classification,hybrid,multilingual_minilm_l12,logistic_regression,3,898,216,184,46,0,8.144063999992795,0.879759999923408,0.13110749993938953,0.6069791663860626,classifier_pipeline_with_precomputed_embedding,"{""model__C"":10.0}",0.8946860081238799,"{""automatic_maintenance_as_obra"":0,""automatic_non_obra_as_obra"":0,""coverage"":0.6666666666666666,""covered"":240,""eligible"":true,""errors"":0,""obra_threshold"":0.9,""risk"":0.0,""threshold"":0.71}","{""balance_score"":0.01463746597376886,""calibration_group_counts_by_label"":{""0"":17,""1"":23,""2"":22,""3"":12},""calibration_groups"":74,""calibration_label_counts"":{""0"":80,""1"":114,""2"":107,""3"":59},""calibration_records"":360,""fit_group_counts_by_label"":{""0"":25,""1"":35,""2"":33,""3"":17},""fit_groups"":110,""fit_label_counts"":{""0"":120,""1"":173,""2"":163,""3"":82},""fit_records"":538,""group_overlap"":0}","[{""fit_group_counts_by_label"":{""0"":7,""1"":13,""2"":13,""3"":4},""fit_groups"":37,""fit_records"":181,""fold"":0,""group_overlap"":0,""validation_group_counts_by_label"":{""0"":10,""1"":10,""2"":9,""3"":8},""validation_groups"":37,""validation_records"":179},{""fit_group_counts_by_label"":{""0"":10,""1"":10,""2"":9,""3"":8},""fit_groups"":37,""fit_records"":179,""fold"":1,""group_overlap"":0,""validation_group_counts_by_label"":{""0"":7,""1"":13,""2"":13,""3"":4},""validation_groups"":37,""validation_records"":181}]",0
classification__hybrid__multilingual_minilm_l12__logistic_regression,classification,hybrid,multilingual_minilm_l12,logistic_regression,4,888,226,184,46,0,8.471806399989873,0.8281942000612617,0.1375124000478536,0.6084619471143964,classifier_pipeline_with_precomputed_embedding,"{""model__C"":10.0}",0.8907896410170486,"{""automatic_maintenance_as_obra"":0,""automatic_non_obra_as_obra"":0,""coverage"":0.6544943820224719,""covered"":233,""eligible"":true,""errors"":0,""obra_threshold"":0.9,""risk"":0.0,""threshold"":0.85}","{""balance_score"":0.02888956372102444,""calibration_group_counts_by_label"":{""0"":17,""1"":22,""2"":21,""3"":14},""calibration_groups"":74,""calibration_label_counts"":{""0"":76,""1"":109,""2"":103,""3"":68},""calibration_records"":356,""fit_group_counts_by_label"":{""0"":26,""1"":32,""2"":31,""3"":21},""fit_groups"":110,""fit_label_counts"":{""0"":126,""1"":157,""2"":150,""3"":99},""fit_records"":532,""group_overlap"":0}","[{""fit_group_counts_by_label"":{""0"":8,""1"":11,""2"":12,""3"":5},""fit_groups"":36,""fit_records"":172,""fold"":0,""group_overlap"":0,""validation_group_counts_by_label"":{""0"":9,""1"":11,""2"":9,""3"":9},""validation_groups"":38,""validation_records"":184},{""fit_group_counts_by_label"":{""0"":9,""1"":11,""2"":9,""3"":9},""fit_groups"":38,""fit_records"":184,""fold"":1,""group_overlap"":0,""validation_group_counts_by_label"":{""0"":8,""1"":11,""2"":12,""3"":5},""validation_groups"":36,""validation_records"":172}]",0
classification__hybrid__multilingual_minilm_l12__decision_tree,classification,hybrid,multilingual_minilm_l12,decision_tree,0,893,221,184,46,0,12.261532200034708,0.7093875000718981,0.13840669998899102,0.6262746605836698,classifier_pipeline_with_precomputed_embedding,"{""model__max_depth"":6,""model__min_samples_leaf"":5}",0.6980697425443557,"{""eligible"":false,""obra_threshold"":0.9,""threshold"":null}","{""balance_score"":0.02054758917656277,""calibration_group_counts_by_label"":{""0"":15,""1"":23,""2"":25,""3"":11},""calibration_groups"":74,""calibration_label_counts"":{""0"":68,""1"":113,""2"":118,""3"":50},""calibration_records"":349,""fit_group_counts_by_label"":{""0"":22,""1"":35,""2"":38,""3"":15},""fit_groups"":110,""fit_label_counts"":{""0"":106,""1"":175,""2"":189,""3"":74},""fit_records"":544,""group_overlap"":0}","[{""fit_group_counts_by_label"":{""0"":10,""1"":11,""2"":14,""3"":2},""fit_groups"":37,""fit_records"":174,""fold"":0,""group_overlap"":0,""validation_group_counts_by_label"":{""0"":5,""1"":12,""2"":11,""3"":9},""validation_groups"":37,""validation_records"":175},{""fit_group_counts_by_label"":{""0"":5,""1"":12,""2"":11,""3"":9},""fit_groups"":37,""fit_records"":175,""fold"":1,""group_overlap"":0,""validation_group_counts_by_label"":{""0"":10,""1"":11,""2"":14,""3"":2},""validation_groups"":37,""validation_records"":174}]",0
classification__hybrid__multilingual_minilm_l12__decision_tree,classification,hybrid,multilingual_minilm_l12,decision_tree,1,895,219,185,45,0,12.022428399999626,0.7211921999696642,0.13486610003747046,0.6158269408103674,classifier_pipeline_with_precomputed_embedding,"{""model__max_depth"":6,""model__min_samples_leaf"":2}",0.7030065405538369,"{""eligible"":false,""obra_threshold"":0.9,""threshold"":null}","{""balance_score"":0.02346368715083802,""calibration_group_counts_by_label"":{""0"":16,""1"":25,""2"":22,""3"":11},""calibration_groups"":74,""calibration_label_counts"":{""0"":73,""1"":123,""2"":107,""3"":55},""calibration_records"":358,""fit_group_counts_by_label"":{""0"":24,""1"":35,""2"":34,""3"":18},""fit_groups"":111,""fit_label_counts"":{""0"":117,""1"":174,""2"":163,""3"":83},""fit_records"":537,""group_overlap"":0}","[{""fit_group_counts_by_label"":{""0"":8,""1"":12,""2"":9,""3"":7},""fit_groups"":36,""fit_records"":173,""fold"":0,""group_overlap"":0,""validation_group_counts_by_label"":{""0"":8,""1"":13,""2"":13,""3"":4},""validation_groups"":38,""validation_records"":185},{""fit_group_counts_by_label"":{""0"":8,""1"":13,""2"":13,""3"":4},""fit_groups"":38,""fit_records"":185,""fold"":1,""group_overlap"":0,""validation_group_counts_by_label"":{""0"":8,""1"":12,""2"":9,""3"":7},""validation_groups"":36,""validation_records"":173}]",0
classification__hybrid__multilingual_minilm_l12__decision_tree,classification,hybrid,multilingual_minilm_l12,decision_tree,2,882,232,183,47,0,11.7421884998912,0.890475400025025,0.14152820000890642,0.610035344865976,classifier_pipeline_with_precomputed_embedding,"{""model__max_depth"":3,""model__min_samples_leaf"":5}",0.717715434172919,"{""eligible"":false,""obra_threshold"":0.9,""threshold"":null}","{""balance_score"":0.018253968253968272,""calibration_group_counts_by_label"":{""0"":14,""1"":24,""2"":25,""3"":11},""calibration_groups"":74,""calibration_label_counts"":{""0"":64,""1"":118,""2"":123,""3"":55},""calibration_records"":360,""fit_group_counts_by_label"":{""0"":20,""1"":34,""2"":37,""3"":18},""fit_groups"":109,""fit_label_counts"":{""0"":94,""1"":168,""2"":177,""3"":83},""fit_records"":522,""group_overlap"":0}","[{""fit_group_counts_by_label"":{""0"":5,""1"":15,""2"":12,""3"":5},""fit_groups"":37,""fit_records"":177,""fold"":0,""group_overlap"":0,""validation_group_counts_by_label"":{""0"":9,""1"":9,""2"":13,""3"":6},""validation_groups"":37,""validation_records"":183},{""fit_group_counts_by_label"":{""0"":9,""1"":9,""2"":13,""3"":6},""fit_groups"":37,""fit_records"":183,""fold"":1,""group_overlap"":0,""validation_group_counts_by_label"":{""0"":5,""1"":15,""2"":12,""3"":5},""validation_groups"":37,""validation_records"":177}]",0
classification__hybrid__multilingual_minilm_l12__decision_tree,classification,hybrid,multilingual_minilm_l12,decision_tree,3,898,216,184,46,0,12.26489460002631,0.733549700002186,0.14000240003224462,0.6481592594085399,classifier_pipeline_with_precomputed_embedding,"{""model__max_depth"":6,""model__min_samples_leaf"":2}",0.685434968519426,"{""eligible"":false,""obra_threshold"":0.9,""threshold"":null}","{""balance_score"":0.01463746597376886,""calibration_group_counts_by_label"":{""0"":17,""1"":23,""2"":22,""3"":12},""calibration_groups"":74,""calibration_label_counts"":{""0"":80,""1"":114,""2"":107,""3"":59},""calibration_records"":360,""fit_group_counts_by_label"":{""0"":25,""1"":35,""2"":33,""3"":17},""fit_groups"":110,""fit_label_counts"":{""0"":120,""1"":173,""2"":163,""3"":82},""fit_records"":538,""group_overlap"":0}","[{""fit_group_counts_by_label"":{""0"":7,""1"":13,""2"":13,""3"":4},""fit_groups"":37,""fit_records"":181,""fold"":0,""group_overlap"":0,""validation_group_counts_by_label"":{""0"":10,""1"":10,""2"":9,""3"":8},""validation_groups"":37,""validation_records"":179},{""fit_group_counts_by_label"":{""0"":10,""1"":10,""2"":9,""3"":8},""fit_groups"":37,""fit_records"":179,""fold"":1,""group_overlap"":0,""validation_group_counts_by_label"":{""0"":7,""1"":13,""2"":13,""3"":4},""validation_groups"":37,""validation_records"":181}]",0
classification__hybrid__multilingual_minilm_l12__decision_tree,classification,hybrid,multilingual_minilm_l12,decision_tree,4,888,226,184,46,0,12.335404800018296,0.7355750000569969,0.1406323000555858,0.6222668144052469,classifier_pipeline_with_precomputed_embedding,"{""model__max_depth"":6,""model__min_samples_leaf"":5}",0.6944475857791139,"{""eligible"":false,""obra_threshold"":0.9,""threshold"":null}","{""balance_score"":0.02888956372102444,""calibration_group_counts_by_label"":{""0"":17,""1"":22,""2"":21,""3"":14},""calibration_groups"":74,""calibration_label_counts"":{""0"":76,""1"":109,""2"":103,""3"":68},""calibration_records"":356,""fit_group_counts_by_label"":{""0"":26,""1"":32,""2"":31,""3"":21},""fit_groups"":110,""fit_label_counts"":{""0"":126,""1"":157,""2"":150,""3"":99},""fit_records"":532,""group_overlap"":0}","[{""fit_group_counts_by_label"":{""0"":8,""1"":11,""2"":12,""3"":5},""fit_groups"":36,""fit_records"":172,""fold"":0,""group_overlap"":0,""validation_group_counts_by_label"":{""0"":9,""1"":11,""2"":9,""3"":9},""validation_groups"":38,""validation_records"":184},{""fit_group_counts_by_label"":{""0"":9,""1"":11,""2"":9,""3"":9},""fit_groups"":38,""fit_records"":184,""fold"":1,""group_overlap"":0,""validation_group_counts_by_label"":{""0"":8,""1"":11,""2"":12,""3"":5},""validation_groups"":36,""validation_records"":172}]",0
classification__hybrid__multilingual_minilm_l12__linear_svm,classification,hybrid,multilingual_minilm_l12,linear_svm,0,893,221,184,46,0,8.31473699992057,0.7247600998962298,0.14015190000645816,0.6341714932418921,classifier_pipeline_with_precomputed_embedding,"{""model__C"":10.0}",0.9276011751025438,"{""automatic_maintenance_as_obra"":0,""automatic_non_obra_as_obra"":0,""coverage"":0.5702005730659025,""covered"":199,""eligible"":true,""errors"":0,""obra_threshold"":0.92,""risk"":0.0,""threshold"":0.92}","{""balance_score"":0.02054758917656277,""calibration_group_counts_by_label"":{""0"":15,""1"":23,""2"":25,""3"":11},""calibration_groups"":74,""calibration_label_counts"":{""0"":68,""1"":113,""2"":118,""3"":50},""calibration_records"":349,""fit_group_counts_by_label"":{""0"":22,""1"":35,""2"":38,""3"":15},""fit_groups"":110,""fit_label_counts"":{""0"":106,""1"":175,""2"":189,""3"":74},""fit_records"":544,""group_overlap"":0}","[{""fit_group_counts_by_label"":{""0"":10,""1"":11,""2"":14,""3"":2},""fit_groups"":37,""fit_records"":174,""fold"":0,""group_overlap"":0,""validation_group_counts_by_label"":{""0"":5,""1"":12,""2"":11,""3"":9},""validation_groups"":37,""validation_records"":175},{""fit_group_counts_by_label"":{""0"":5,""1"":12,""2"":11,""3"":9},""fit_groups"":37,""fit_records"":175,""fold"":1,""group_overlap"":0,""validation_group_counts_by_label"":{""0"":10,""1"":11,""2"":14,""3"":2},""validation_groups"":37,""validation_records"":174}]",0
classification__hybrid__multilingual_minilm_l12__linear_svm,classification,hybrid,multilingual_minilm_l12,linear_svm,1,895,219,185,45,0,8.3097081000451,0.7507928999839351,0.13376270001754165,0.6107885845549846,classifier_pipeline_with_precomputed_embedding,"{""model__C"":10.0}",0.8965258235172909,"{""automatic_maintenance_as_obra"":0,""automatic_non_obra_as_obra"":0,""coverage"":0.7597765363128491,""covered"":272,""eligible"":true,""errors"":0,""obra_threshold"":0.9,""risk"":0.0,""threshold"":0.76}","{""balance_score"":0.02346368715083802,""calibration_group_counts_by_label"":{""0"":16,""1"":25,""2"":22,""3"":11},""calibration_groups"":74,""calibration_label_counts"":{""0"":73,""1"":123,""2"":107,""3"":55},""calibration_records"":358,""fit_group_counts_by_label"":{""0"":24,""1"":35,""2"":34,""3"":18},""fit_groups"":111,""fit_label_counts"":{""0"":117,""1"":174,""2"":163,""3"":83},""fit_records"":537,""group_overlap"":0}","[{""fit_group_counts_by_label"":{""0"":8,""1"":12,""2"":9,""3"":7},""fit_groups"":36,""fit_records"":173,""fold"":0,""group_overlap"":0,""validation_group_counts_by_label"":{""0"":8,""1"":13,""2"":13,""3"":4},""validation_groups"":38,""validation_records"":185},{""fit_group_counts_by_label"":{""0"":8,""1"":13,""2"":13,""3"":4},""fit_groups"":38,""fit_records"":185,""fold"":1,""group_overlap"":0,""validation_group_counts_by_label"":{""0"":8,""1"":12,""2"":9,""3"":7},""validation_groups"":36,""validation_records"":173}]",0
classification__hybrid__multilingual_minilm_l12__linear_svm,classification,hybrid,multilingual_minilm_l12,linear_svm,2,882,232,183,47,0,8.203642199980095,0.771740399999544,0.13917680003214628,0.5999000001385615,classifier_pipeline_with_precomputed_embedding,"{""model__C"":10.0}",0.8546335020807213,"{""automatic_maintenance_as_obra"":0,""automatic_non_obra_as_obra"":0,""coverage"":0.7444444444444445,""covered"":268,""eligible"":true,""errors"":0,""obra_threshold"":0.9,""risk"":0.0,""threshold"":0.88}","{""balance_score"":0.018253968253968272,""calibration_group_counts_by_label"":{""0"":14,""1"":24,""2"":25,""3"":11},""calibration_groups"":74,""calibration_label_counts"":{""0"":64,""1"":118,""2"":123,""3"":55},""calibration_records"":360,""fit_group_counts_by_label"":{""0"":20,""1"":34,""2"":37,""3"":18},""fit_groups"":109,""fit_label_counts"":{""0"":94,""1"":168,""2"":177,""3"":83},""fit_records"":522,""group_overlap"":0}","[{""fit_group_counts_by_label"":{""0"":5,""1"":15,""2"":12,""3"":5},""fit_groups"":37,""fit_records"":177,""fold"":0,""group_overlap"":0,""validation_group_counts_by_label"":{""0"":9,""1"":9,""2"":13,""3"":6},""validation_groups"":37,""validation_records"":183},{""fit_group_counts_by_label"":{""0"":9,""1"":9,""2"":13,""3"":6},""fit_groups"":37,""fit_records"":183,""fold"":1,""group_overlap"":0,""validation_group_counts_by_label"":{""0"":5,""1"":15,""2"":12,""3"":5},""validation_groups"":37,""validation_records"":177}]",0
classification__hybrid__multilingual_minilm_l12__linear_svm,classification,hybrid,multilingual_minilm_l12,linear_svm,3,898,216,184,46,0,8.248857000027783,0.9181857999647036,0.1315768000204116,0.60915185194635,classifier_pipeline_with_precomputed_embedding,"{""model__C"":10.0}",0.8996931090182002,"{""automatic_maintenance_as_obra"":0,""automatic_non_obra_as_obra"":0,""coverage"":0.6055555555555555,""covered"":218,""eligible"":true,""errors"":0,""obra_threshold"":0.9,""risk"":0.0,""threshold"":0.84}","{""balance_score"":0.01463746597376886,""calibration_group_counts_by_label"":{""0"":17,""1"":23,""2"":22,""3"":12},""calibration_groups"":74,""calibration_label_counts"":{""0"":80,""1"":114,""2"":107,""3"":59},""calibration_records"":360,""fit_group_counts_by_label"":{""0"":25,""1"":35,""2"":33,""3"":17},""fit_groups"":110,""fit_label_counts"":{""0"":120,""1"":173,""2"":163,""3"":82},""fit_records"":538,""group_overlap"":0}","[{""fit_group_counts_by_label"":{""0"":7,""1"":13,""2"":13,""3"":4},""fit_groups"":37,""fit_records"":181,""fold"":0,""group_overlap"":0,""validation_group_counts_by_label"":{""0"":10,""1"":10,""2"":9,""3"":8},""validation_groups"":37,""validation_records"":179},{""fit_group_counts_by_label"":{""0"":10,""1"":10,""2"":9,""3"":8},""fit_groups"":37,""fit_records"":179,""fold"":1,""group_overlap"":0,""validation_group_counts_by_label"":{""0"":7,""1"":13,""2"":13,""3"":4},""validation_groups"":37,""validation_records"":181}]",0
classification__hybrid__multilingual_minilm_l12__linear_svm,classification,hybrid,multilingual_minilm_l12,linear_svm,4,888,226,184,46,0,7.814045000006445,0.7416983000002801,0.23133880004752427,1.023623009059842,classifier_pipeline_with_precomputed_embedding,"{""model__C"":1.0}",0.8904679617292123,"{""automatic_maintenance_as_obra"":0,""automatic_non_obra_as_obra"":0,""coverage"":0.6910112359550562,""covered"":246,""eligible"":true,""errors"":0,""obra_threshold"":0.9,""risk"":0.0,""threshold"":0.81}","{""balance_score"":0.02888956372102444,""calibration_group_counts_by_label"":{""0"":17,""1"":22,""2"":21,""3"":14},""calibration_groups"":74,""calibration_label_counts"":{""0"":76,""1"":109,""2"":103,""3"":68},""calibration_records"":356,""fit_group_counts_by_label"":{""0"":26,""1"":32,""2"":31,""3"":21},""fit_groups"":110,""fit_label_counts"":{""0"":126,""1"":157,""2"":150,""3"":99},""fit_records"":532,""group_overlap"":0}","[{""fit_group_counts_by_label"":{""0"":8,""1"":11,""2"":12,""3"":5},""fit_groups"":36,""fit_records"":172,""fold"":0,""group_overlap"":0,""validation_group_counts_by_label"":{""0"":9,""1"":11,""2"":9,""3"":9},""validation_groups"":38,""validation_records"":184},{""fit_group_counts_by_label"":{""0"":9,""1"":11,""2"":9,""3"":9},""fit_groups"":38,""fit_records"":184,""fold"":1,""group_overlap"":0,""validation_group_counts_by_label"":{""0"":8,""1"":11,""2"":12,""3"":5},""validation_groups"":36,""validation_records"":172}]",0
classification__hybrid__multilingual_minilm_l12__mlp,classification,hybrid,multilingual_minilm_l12,mlp,0,893,221,184,46,0,123.75370530004147,0.7480875999899581,0.13930989999789745,0.6303615384520247,classifier_pipeline_with_precomputed_embedding,"{""model__alpha"":0.001,""model__hidden_layer_sizes"":[16]}",0.9385357773976025,"{""automatic_maintenance_as_obra"":0,""automatic_non_obra_as_obra"":0,""coverage"":0.7249283667621776,""covered"":253,""eligible"":true,""errors"":0,""obra_threshold"":0.94,""risk"":0.0,""threshold"":0.94}","{""balance_score"":0.02054758917656277,""calibration_group_counts_by_label"":{""0"":15,""1"":23,""2"":25,""3"":11},""calibration_groups"":74,""calibration_label_counts"":{""0"":68,""1"":113,""2"":118,""3"":50},""calibration_records"":349,""fit_group_counts_by_label"":{""0"":22,""1"":35,""2"":38,""3"":15},""fit_groups"":110,""fit_label_counts"":{""0"":106,""1"":175,""2"":189,""3"":74},""fit_records"":544,""group_overlap"":0}","[{""fit_group_counts_by_label"":{""0"":10,""1"":11,""2"":14,""3"":2},""fit_groups"":37,""fit_records"":174,""fold"":0,""group_overlap"":0,""validation_group_counts_by_label"":{""0"":5,""1"":12,""2"":11,""3"":9},""validation_groups"":37,""validation_records"":175},{""fit_group_counts_by_label"":{""0"":5,""1"":12,""2"":11,""3"":9},""fit_groups"":37,""fit_records"":175,""fold"":1,""group_overlap"":0,""validation_group_counts_by_label"":{""0"":10,""1"":11,""2"":14,""3"":2},""validation_groups"":37,""validation_records"":174}]",0
classification__hybrid__multilingual_minilm_l12__mlp,classification,hybrid,multilingual_minilm_l12,mlp,1,895,219,185,45,0,175.4077519000275,0.7799581000581384,0.14380449999589473,0.65664155249267,classifier_pipeline_with_precomputed_embedding,"{""model__alpha"":0.001,""model__hidden_layer_sizes"":[32]}",0.9053202030875402,"{""automatic_maintenance_as_obra"":0,""automatic_non_obra_as_obra"":0,""coverage"":0.6815642458100558,""covered"":244,""eligible"":true,""errors"":0,""obra_threshold"":0.94,""risk"":0.0,""threshold"":0.94}","{""balance_score"":0.02346368715083802,""calibration_group_counts_by_label"":{""0"":16,""1"":25,""2"":22,""3"":11},""calibration_groups"":74,""calibration_label_counts"":{""0"":73,""1"":123,""2"":107,""3"":55},""calibration_records"":358,""fit_group_counts_by_label"":{""0"":24,""1"":35,""2"":34,""3"":18},""fit_groups"":111,""fit_label_counts"":{""0"":117,""1"":174,""2"":163,""3"":83},""fit_records"":537,""group_overlap"":0}","[{""fit_group_counts_by_label"":{""0"":8,""1"":12,""2"":9,""3"":7},""fit_groups"":36,""fit_records"":173,""fold"":0,""group_overlap"":0,""validation_group_counts_by_label"":{""0"":8,""1"":13,""2"":13,""3"":4},""validation_groups"":38,""validation_records"":185},{""fit_group_counts_by_label"":{""0"":8,""1"":13,""2"":13,""3"":4},""fit_groups"":38,""fit_records"":185,""fold"":1,""group_overlap"":0,""validation_group_counts_by_label"":{""0"":8,""1"":12,""2"":9,""3"":7},""validation_groups"":36,""validation_records"":173}]",0
classification__hybrid__multilingual_minilm_l12__mlp,classification,hybrid,multilingual_minilm_l12,mlp,2,882,232,183,47,0,120.37528210005257,0.7471463000401855,0.14638409996405244,0.6309659481209157,classifier_pipeline_with_precomputed_embedding,"{""model__alpha"":0.001,""model__hidden_layer_sizes"":[16]}",0.8458566338380686,"{""automatic_maintenance_as_obra"":0,""automatic_non_obra_as_obra"":0,""coverage"":0.8166666666666667,""covered"":294,""eligible"":true,""errors"":1,""obra_threshold"":0.93,""risk"":0.003401360544217687,""threshold"":0.93}","{""balance_score"":0.018253968253968272,""calibration_group_counts_by_label"":{""0"":14,""1"":24,""2"":25,""3"":11},""calibration_groups"":74,""calibration_label_counts"":{""0"":64,""1"":118,""2"":123,""3"":55},""calibration_records"":360,""fit_group_counts_by_label"":{""0"":20,""1"":34,""2"":37,""3"":18},""fit_groups"":109,""fit_label_counts"":{""0"":94,""1"":168,""2"":177,""3"":83},""fit_records"":522,""group_overlap"":0}","[{""fit_group_counts_by_label"":{""0"":5,""1"":15,""2"":12,""3"":5},""fit_groups"":37,""fit_records"":177,""fold"":0,""group_overlap"":0,""validation_group_counts_by_label"":{""0"":9,""1"":9,""2"":13,""3"":6},""validation_groups"":37,""validation_records"":183},{""fit_group_counts_by_label"":{""0"":9,""1"":9,""2"":13,""3"":6},""fit_groups"":37,""fit_records"":183,""fold"":1,""group_overlap"":0,""validation_group_counts_by_label"":{""0"":5,""1"":15,""2"":12,""3"":5},""validation_groups"":37,""validation_records"":177}]",0
classification__hybrid__multilingual_minilm_l12__mlp,classification,hybrid,multilingual_minilm_l12,mlp,3,898,216,184,46,0,138.0455030000303,0.7649347999831662,0.22016699996311218,1.0192916664958898,classifier_pipeline_with_precomputed_embedding,"{""model__alpha"":0.001,""model__hidden_layer_sizes"":[32]}",0.8806274601401599,"{""automatic_maintenance_as_obra"":0,""automatic_non_obra_as_obra"":0,""coverage"":0.6305555555555555,""covered"":227,""eligible"":true,""errors"":2,""obra_threshold"":0.93,""risk"":0.00881057268722467,""threshold"":0.93}","{""balance_score"":0.01463746597376886,""calibration_group_counts_by_label"":{""0"":17,""1"":23,""2"":22,""3"":12},""calibration_groups"":74,""calibration_label_counts"":{""0"":80,""1"":114,""2"":107,""3"":59},""calibration_records"":360,""fit_group_counts_by_label"":{""0"":25,""1"":35,""2"":33,""3"":17},""fit_groups"":110,""fit_label_counts"":{""0"":120,""1"":173,""2"":163,""3"":82},""fit_records"":538,""group_overlap"":0}","[{""fit_group_counts_by_label"":{""0"":7,""1"":13,""2"":13,""3"":4},""fit_groups"":37,""fit_records"":181,""fold"":0,""group_overlap"":0,""validation_group_counts_by_label"":{""0"":10,""1"":10,""2"":9,""3"":8},""validation_groups"":37,""validation_records"":179},{""fit_group_counts_by_label"":{""0"":10,""1"":10,""2"":9,""3"":8},""fit_groups"":37,""fit_records"":179,""fold"":1,""group_overlap"":0,""validation_group_counts_by_label"":{""0"":7,""1"":13,""2"":13,""3"":4},""validation_groups"":37,""validation_records"":181}]",0
classification__hybrid__multilingual_minilm_l12__mlp,classification,hybrid,multilingual_minilm_l12,mlp,4,888,226,184,46,0,120.47797450004146,0.7618968000169843,0.13934239989612252,0.6165592915757634,classifier_pipeline_with_precomputed_embedding,"{""model__alpha"":0.001,""model__hidden_layer_sizes"":[32]}",0.887164319219726,"{""automatic_maintenance_as_obra"":0,""automatic_non_obra_as_obra"":0,""coverage"":0.7471910112359551,""covered"":266,""eligible"":true,""errors"":0,""obra_threshold"":0.92,""risk"":0.0,""threshold"":0.92}","{""balance_score"":0.02888956372102444,""calibration_group_counts_by_label"":{""0"":17,""1"":22,""2"":21,""3"":14},""calibration_groups"":74,""calibration_label_counts"":{""0"":76,""1"":109,""2"":103,""3"":68},""calibration_records"":356,""fit_group_counts_by_label"":{""0"":26,""1"":32,""2"":31,""3"":21},""fit_groups"":110,""fit_label_counts"":{""0"":126,""1"":157,""2"":150,""3"":99},""fit_records"":532,""group_overlap"":0}","[{""fit_group_counts_by_label"":{""0"":8,""1"":11,""2"":12,""3"":5},""fit_groups"":36,""fit_records"":172,""fold"":0,""group_overlap"":0,""validation_group_counts_by_label"":{""0"":9,""1"":11,""2"":9,""3"":9},""validation_groups"":38,""validation_records"":184},{""fit_group_counts_by_label"":{""0"":9,""1"":11,""2"":9,""3"":9},""fit_groups"":38,""fit_records"":184,""fold"":1,""group_overlap"":0,""validation_group_counts_by_label"":{""0"":8,""1"":11,""2"":12,""3"":5},""validation_groups"":36,""validation_records"":172}]",0
classification__hybrid__multilingual_minilm_l12__xgboost,classification,hybrid,multilingual_minilm_l12,xgboost,0,893,221,184,46,0,212.1742488000309,1.1424150000093505,0.15370979998260736,0.6955194569348749,classifier_pipeline_with_precomputed_embedding,"{""model__learning_rate"":0.05,""model__max_depth"":2,""model__n_estimators"":160}",0.8525204163977845,"{""automatic_maintenance_as_obra"":0,""automatic_non_obra_as_obra"":0,""coverage"":0.5329512893982808,""covered"":186,""eligible"":true,""errors"":1,""obra_threshold"":0.91,""risk"":0.005376344086021506,""threshold"":0.91}","{""balance_score"":0.02054758917656277,""calibration_group_counts_by_label"":{""0"":15,""1"":23,""2"":25,""3"":11},""calibration_groups"":74,""calibration_label_counts"":{""0"":68,""1"":113,""2"":118,""3"":50},""calibration_records"":349,""fit_group_counts_by_label"":{""0"":22,""1"":35,""2"":38,""3"":15},""fit_groups"":110,""fit_label_counts"":{""0"":106,""1"":175,""2"":189,""3"":74},""fit_records"":544,""group_overlap"":0}","[{""fit_group_counts_by_label"":{""0"":10,""1"":11,""2"":14,""3"":2},""fit_groups"":37,""fit_records"":174,""fold"":0,""group_overlap"":0,""validation_group_counts_by_label"":{""0"":5,""1"":12,""2"":11,""3"":9},""validation_groups"":37,""validation_records"":175},{""fit_group_counts_by_label"":{""0"":5,""1"":12,""2"":11,""3"":9},""fit_groups"":37,""fit_records"":175,""fold"":1,""group_overlap"":0,""validation_group_counts_by_label"":{""0"":10,""1"":11,""2"":14,""3"":2},""validation_groups"":37,""validation_records"":174}]",0
classification__hybrid__multilingual_minilm_l12__xgboost,classification,hybrid,multilingual_minilm_l12,xgboost,1,895,219,185,45,0,244.68985540000722,1.2782916000578552,0.15698849991895258,0.7168424653833452,classifier_pipeline_with_precomputed_embedding,"{""model__learning_rate"":0.05,""model__max_depth"":4,""model__n_estimators"":160}",0.8394307683941428,"{""automatic_maintenance_as_obra"":0,""automatic_non_obra_as_obra"":0,""coverage"":0.6340782122905028,""covered"":227,""eligible"":true,""errors"":1,""obra_threshold"":0.91,""risk"":0.004405286343612335,""threshold"":0.91}","{""balance_score"":0.02346368715083802,""calibration_group_counts_by_label"":{""0"":16,""1"":25,""2"":22,""3"":11},""calibration_groups"":74,""calibration_label_counts"":{""0"":73,""1"":123,""2"":107,""3"":55},""calibration_records"":358,""fit_group_counts_by_label"":{""0"":24,""1"":35,""2"":34,""3"":18},""fit_groups"":111,""fit_label_counts"":{""0"":117,""1"":174,""2"":163,""3"":83},""fit_records"":537,""group_overlap"":0}","[{""fit_group_counts_by_label"":{""0"":8,""1"":12,""2"":9,""3"":7},""fit_groups"":36,""fit_records"":173,""fold"":0,""group_overlap"":0,""validation_group_counts_by_label"":{""0"":8,""1"":13,""2"":13,""3"":4},""validation_groups"":38,""validation_records"":185},{""fit_group_counts_by_label"":{""0"":8,""1"":13,""2"":13,""3"":4},""fit_groups"":38,""fit_records"":185,""fold"":1,""group_overlap"":0,""validation_group_counts_by_label"":{""0"":8,""1"":12,""2"":9,""3"":7},""validation_groups"":36,""validation_records"":173}]",0
classification__hybrid__multilingual_minilm_l12__xgboost,classification,hybrid,multilingual_minilm_l12,xgboost,2,882,232,183,47,0,212.8512929000426,0.9498906000517309,0.15700200002174824,0.6767327587144321,classifier_pipeline_with_precomputed_embedding,"{""model__learning_rate"":0.05,""model__max_depth"":2,""model__n_estimators"":160}",0.8433458011775494,"{""automatic_maintenance_as_obra"":0,""automatic_non_obra_as_obra"":0,""coverage"":0.5277777777777778,""covered"":190,""eligible"":true,""errors"":0,""obra_threshold"":0.94,""risk"":0.0,""threshold"":0.94}","{""balance_score"":0.018253968253968272,""calibration_group_counts_by_label"":{""0"":14,""1"":24,""2"":25,""3"":11},""calibration_groups"":74,""calibration_label_counts"":{""0"":64,""1"":118,""2"":123,""3"":55},""calibration_records"":360,""fit_group_counts_by_label"":{""0"":20,""1"":34,""2"":37,""3"":18},""fit_groups"":109,""fit_label_counts"":{""0"":94,""1"":168,""2"":177,""3"":83},""fit_records"":522,""group_overlap"":0}","[{""fit_group_counts_by_label"":{""0"":5,""1"":15,""2"":12,""3"":5},""fit_groups"":37,""fit_records"":177,""fold"":0,""group_overlap"":0,""validation_group_counts_by_label"":{""0"":9,""1"":9,""2"":13,""3"":6},""validation_groups"":37,""validation_records"":183},{""fit_group_counts_by_label"":{""0"":9,""1"":9,""2"":13,""3"":6},""fit_groups"":37,""fit_records"":183,""fold"":1,""group_overlap"":0,""validation_group_counts_by_label"":{""0"":5,""1"":15,""2"":12,""3"":5},""validation_groups"":37,""validation_records"":177}]",0
classification__hybrid__multilingual_minilm_l12__xgboost,classification,hybrid,multilingual_minilm_l12,xgboost,3,898,216,184,46,0,251.01473819999956,1.1981324000516906,0.14518889994360507,0.6721708330722457,classifier_pipeline_with_precomputed_embedding,"{""model__learning_rate"":0.05,""model__max_depth"":4,""model__n_estimators"":160}",0.8651777176599872,"{""automatic_maintenance_as_obra"":0,""automatic_non_obra_as_obra"":0,""coverage"":0.5805555555555556,""covered"":209,""eligible"":true,""errors"":5,""obra_threshold"":0.9,""risk"":0.023923444976076555,""threshold"":0.89}","{""balance_score"":0.01463746597376886,""calibration_group_counts_by_label"":{""0"":17,""1"":23,""2"":22,""3"":12},""calibration_groups"":74,""calibration_label_counts"":{""0"":80,""1"":114,""2"":107,""3"":59},""calibration_records"":360,""fit_group_counts_by_label"":{""0"":25,""1"":35,""2"":33,""3"":17},""fit_groups"":110,""fit_label_counts"":{""0"":120,""1"":173,""2"":163,""3"":82},""fit_records"":538,""group_overlap"":0}","[{""fit_group_counts_by_label"":{""0"":7,""1"":13,""2"":13,""3"":4},""fit_groups"":37,""fit_records"":181,""fold"":0,""group_overlap"":0,""validation_group_counts_by_label"":{""0"":10,""1"":10,""2"":9,""3"":8},""validation_groups"":37,""validation_records"":179},{""fit_group_counts_by_label"":{""0"":10,""1"":10,""2"":9,""3"":8},""fit_groups"":37,""fit_records"":179,""fold"":1,""group_overlap"":0,""validation_group_counts_by_label"":{""0"":7,""1"":13,""2"":13,""3"":4},""validation_groups"":37,""validation_records"":181}]",0
classification__hybrid__multilingual_minilm_l12__xgboost,classification,hybrid,multilingual_minilm_l12,xgboost,4,888,226,184,46,0,208.0974766999716,1.0404136000433937,0.1458684999961406,0.6454358406908876,classifier_pipeline_with_precomputed_embedding,"{""model__learning_rate"":0.05,""model__max_depth"":2,""model__n_estimators"":160}",0.813848471434151,"{""automatic_maintenance_as_obra"":0,""automatic_non_obra_as_obra"":0,""coverage"":0.5421348314606742,""covered"":193,""eligible"":true,""errors"":1,""obra_threshold"":0.9,""risk"":0.0051813471502590676,""threshold"":0.9}","{""balance_score"":0.02888956372102444,""calibration_group_counts_by_label"":{""0"":17,""1"":22,""2"":21,""3"":14},""calibration_groups"":74,""calibration_label_counts"":{""0"":76,""1"":109,""2"":103,""3"":68},""calibration_records"":356,""fit_group_counts_by_label"":{""0"":26,""1"":32,""2"":31,""3"":21},""fit_groups"":110,""fit_label_counts"":{""0"":126,""1"":157,""2"":150,""3"":99},""fit_records"":532,""group_overlap"":0}","[{""fit_group_counts_by_label"":{""0"":8,""1"":11,""2"":12,""3"":5},""fit_groups"":36,""fit_records"":172,""fold"":0,""group_overlap"":0,""validation_group_counts_by_label"":{""0"":9,""1"":11,""2"":9,""3"":9},""validation_groups"":38,""validation_records"":184},{""fit_group_counts_by_label"":{""0"":9,""1"":11,""2"":9,""3"":9},""fit_groups"":38,""fit_records"":184,""fold"":1,""group_overlap"":0,""validation_group_counts_by_label"":{""0"":8,""1"":11,""2"":12,""3"":5},""validation_groups"":36,""validation_records"":172}]",0
deduplication__hybrid__multilingual_minilm_l12__logistic_regression,deduplication,hybrid,multilingual_minilm_l12,logistic_regression,0,800,200,160,40,0,12.735929900081828,1.2681487000081688,0.2379341000923887,1.1896705004619434,classifier_pipeline_with_precomputed_embedding,"{""model__C"":0.1}",0.0,"{""curve_points"":2450,""eligible"":true,""negative_threshold"":0.05,""positive_threshold"":0.95,""selected"":{""abstained"":0,""automated_false_negative_rate"":0.0,""automated_false_positive_rate"":0.0,""automation_duplicate_recall"":1.0,""automation_nonduplicate_recall"":1.0,""coverage"":1.0,""covered"":320,""covered_error_rate"":0.0,""false_negative_cost"":5.0,""false_positive_cost"":1.0,""fn"":0,""fp"":0,""negative_predictive_value"":1.0,""negative_threshold"":0.05,""negatives"":165,""positive_threshold"":0.95,""positives"":155,""precision"":1.0,""threshold"":0.95,""tn"":165,""tp"":155,""weighted_covered_error"":0.0}}","{""balance_score"":0.006250000000000033,""calibration_group_counts_by_label"":{""0"":33,""1"":31},""calibration_groups"":64,""calibration_label_counts"":{""0"":165,""1"":155},""calibration_records"":320,""fit_group_counts_by_label"":{""0"":50,""1"":46},""fit_groups"":96,""fit_label_counts"":{""0"":250,""1"":230},""fit_records"":480,""group_overlap"":0}","[{""fit_group_counts_by_label"":{""0"":14,""1"":18},""fit_groups"":32,""fit_records"":160,""fold"":0,""group_overlap"":0,""validation_group_counts_by_label"":{""0"":19,""1"":13},""validation_groups"":32,""validation_records"":160},{""fit_group_counts_by_label"":{""0"":19,""1"":13},""fit_groups"":32,""fit_records"":160,""fold"":1,""group_overlap"":0,""validation_group_counts_by_label"":{""0"":14,""1"":18},""validation_groups"":32,""validation_records"":160}]",0
deduplication__hybrid__multilingual_minilm_l12__logistic_regression,deduplication,hybrid,multilingual_minilm_l12,logistic_regression,1,800,200,160,40,0,12.90842039999552,1.3077260999707505,0.2249637000495568,1.124818500247784,classifier_pipeline_with_precomputed_embedding,"{""model__C"":0.1}",0.0,"{""curve_points"":2450,""eligible"":true,""negative_threshold"":0.05,""positive_threshold"":0.97,""selected"":{""abstained"":0,""automated_false_negative_rate"":0.0,""automated_false_positive_rate"":0.0,""automation_duplicate_recall"":1.0,""automation_nonduplicate_recall"":1.0,""coverage"":1.0,""covered"":320,""covered_error_rate"":0.0,""false_negative_cost"":5.0,""false_positive_cost"":1.0,""fn"":0,""fp"":0,""negative_predictive_value"":1.0,""negative_threshold"":0.05,""negatives"":155,""positive_threshold"":0.97,""positives"":165,""precision"":1.0,""threshold"":0.97,""tn"":155,""tp"":165,""weighted_covered_error"":0.0}}","{""balance_score"":0.006250000000000033,""calibration_group_counts_by_label"":{""0"":31,""1"":33},""calibration_groups"":64,""calibration_label_counts"":{""0"":155,""1"":165},""calibration_records"":320,""fit_group_counts_by_label"":{""0"":47,""1"":49},""fit_groups"":96,""fit_label_counts"":{""0"":235,""1"":245},""fit_records"":480,""group_overlap"":0}","[{""fit_group_counts_by_label"":{""0"":16,""1"":16},""fit_groups"":32,""fit_records"":160,""fold"":0,""group_overlap"":0,""validation_group_counts_by_label"":{""0"":15,""1"":17},""validation_groups"":32,""validation_records"":160},{""fit_group_counts_by_label"":{""0"":15,""1"":17},""fit_groups"":32,""fit_records"":160,""fold"":1,""group_overlap"":0,""validation_group_counts_by_label"":{""0"":16,""1"":16},""validation_groups"":32,""validation_records"":160}]",0
deduplication__hybrid__multilingual_minilm_l12__logistic_regression,deduplication,hybrid,multilingual_minilm_l12,logistic_regression,2,800,200,160,40,0,12.948069900041446,1.2885364000685513,0.23723440000321716,1.1861720000160858,classifier_pipeline_with_precomputed_embedding,"{""model__C"":0.1}",0.0,"{""curve_points"":2450,""eligible"":true,""negative_threshold"":0.05,""positive_threshold"":0.95,""selected"":{""abstained"":0,""automated_false_negative_rate"":0.0,""automated_false_positive_rate"":0.0,""automation_duplicate_recall"":1.0,""automation_nonduplicate_recall"":1.0,""coverage"":1.0,""covered"":320,""covered_error_rate"":0.0,""false_negative_cost"":5.0,""false_positive_cost"":1.0,""fn"":0,""fp"":0,""negative_predictive_value"":1.0,""negative_threshold"":0.05,""negatives"":165,""positive_threshold"":0.95,""positives"":155,""precision"":1.0,""threshold"":0.95,""tn"":165,""tp"":155,""weighted_covered_error"":0.0}}","{""balance_score"":0.006250000000000033,""calibration_group_counts_by_label"":{""0"":33,""1"":31},""calibration_groups"":64,""calibration_label_counts"":{""0"":165,""1"":155},""calibration_records"":320,""fit_group_counts_by_label"":{""0"":50,""1"":46},""fit_groups"":96,""fit_label_counts"":{""0"":250,""1"":230},""fit_records"":480,""group_overlap"":0}","[{""fit_group_counts_by_label"":{""0"":14,""1"":18},""fit_groups"":32,""fit_records"":160,""fold"":0,""group_overlap"":0,""validation_group_counts_by_label"":{""0"":19,""1"":13},""validation_groups"":32,""validation_records"":160},{""fit_group_counts_by_label"":{""0"":19,""1"":13},""fit_groups"":32,""fit_records"":160,""fold"":1,""group_overlap"":0,""validation_group_counts_by_label"":{""0"":14,""1"":18},""validation_groups"":32,""validation_records"":160}]",0
deduplication__hybrid__multilingual_minilm_l12__logistic_regression,deduplication,hybrid,multilingual_minilm_l12,logistic_regression,3,800,200,160,40,0,12.90631669992581,1.2115625999867916,0.24391730001661927,1.2195865000830963,classifier_pipeline_with_precomputed_embedding,"{""model__C"":0.1}",0.0,"{""curve_points"":2450,""eligible"":true,""negative_threshold"":0.06,""positive_threshold"":0.96,""selected"":{""abstained"":0,""automated_false_negative_rate"":0.0,""automated_false_positive_rate"":0.0,""automation_duplicate_recall"":1.0,""automation_nonduplicate_recall"":1.0,""coverage"":1.0,""covered"":320,""covered_error_rate"":0.0,""false_negative_cost"":5.0,""false_positive_cost"":1.0,""fn"":0,""fp"":0,""negative_predictive_value"":1.0,""negative_threshold"":0.06,""negatives"":155,""positive_threshold"":0.96,""positives"":165,""precision"":1.0,""threshold"":0.96,""tn"":155,""tp"":165,""weighted_covered_error"":0.0}}","{""balance_score"":0.006250000000000033,""calibration_group_counts_by_label"":{""0"":31,""1"":33},""calibration_groups"":64,""calibration_label_counts"":{""0"":155,""1"":165},""calibration_records"":320,""fit_group_counts_by_label"":{""0"":47,""1"":49},""fit_groups"":96,""fit_label_counts"":{""0"":235,""1"":245},""fit_records"":480,""group_overlap"":0}","[{""fit_group_counts_by_label"":{""0"":17,""1"":15},""fit_groups"":32,""fit_records"":160,""fold"":0,""group_overlap"":0,""validation_group_counts_by_label"":{""0"":14,""1"":18},""validation_groups"":32,""validation_records"":160},{""fit_group_counts_by_label"":{""0"":14,""1"":18},""fit_groups"":32,""fit_records"":160,""fold"":1,""group_overlap"":0,""validation_group_counts_by_label"":{""0"":17,""1"":15},""validation_groups"":32,""validation_records"":160}]",0
deduplication__hybrid__multilingual_minilm_l12__logistic_regression,deduplication,hybrid,multilingual_minilm_l12,logistic_regression,4,800,200,160,40,0,12.484141199965961,1.2689656999427825,0.2605600000824779,1.3028000004123896,classifier_pipeline_with_precomputed_embedding,"{""model__C"":0.1}",0.0,"{""curve_points"":2450,""eligible"":true,""negative_threshold"":0.04,""positive_threshold"":0.96,""selected"":{""abstained"":0,""automated_false_negative_rate"":0.0,""automated_false_positive_rate"":0.0,""automation_duplicate_recall"":1.0,""automation_nonduplicate_recall"":1.0,""coverage"":1.0,""covered"":320,""covered_error_rate"":0.0,""false_negative_cost"":5.0,""false_positive_cost"":1.0,""fn"":0,""fp"":0,""negative_predictive_value"":1.0,""negative_threshold"":0.04,""negatives"":155,""positive_threshold"":0.96,""positives"":165,""precision"":1.0,""threshold"":0.96,""tn"":155,""tp"":165,""weighted_covered_error"":0.0}}","{""balance_score"":0.006250000000000033,""calibration_group_counts_by_label"":{""0"":31,""1"":33},""calibration_groups"":64,""calibration_label_counts"":{""0"":155,""1"":165},""calibration_records"":320,""fit_group_counts_by_label"":{""0"":47,""1"":49},""fit_groups"":96,""fit_label_counts"":{""0"":235,""1"":245},""fit_records"":480,""group_overlap"":0}","[{""fit_group_counts_by_label"":{""0"":18,""1"":14},""fit_groups"":32,""fit_records"":160,""fold"":0,""group_overlap"":0,""validation_group_counts_by_label"":{""0"":13,""1"":19},""validation_groups"":32,""validation_records"":160},{""fit_group_counts_by_label"":{""0"":13,""1"":19},""fit_groups"":32,""fit_records"":160,""fold"":1,""group_overlap"":0,""validation_group_counts_by_label"":{""0"":18,""1"":14},""validation_groups"":32,""validation_records"":160}]",0
deduplication__hybrid__multilingual_minilm_l12__decision_tree,deduplication,hybrid,multilingual_minilm_l12,decision_tree,0,800,200,160,40,0,19.62693719996605,1.2274351000087336,0.2451827999902889,1.2259139999514446,classifier_pipeline_with_precomputed_embedding,"{""model__max_depth"":3,""model__min_samples_leaf"":2}",-0.15625,"{""curve_points"":2450,""eligible"":true,""negative_threshold"":0.03,""positive_threshold"":0.98,""selected"":{""abstained"":0,""automated_false_negative_rate"":0.0064516129032258064,""automated_false_positive_rate"":0.0,""automation_duplicate_recall"":0.9935483870967742,""automation_nonduplicate_recall"":1.0,""coverage"":1.0,""covered"":320,""covered_error_rate"":0.003125,""false_negative_cost"":5.0,""false_positive_cost"":1.0,""fn"":1,""fp"":0,""negative_predictive_value"":0.9939759036144579,""negative_threshold"":0.03,""negatives"":165,""positive_threshold"":0.98,""positives"":155,""precision"":1.0,""threshold"":0.98,""tn"":165,""tp"":154,""weighted_covered_error"":0.015625}}","{""balance_score"":0.006250000000000033,""calibration_group_counts_by_label"":{""0"":33,""1"":31},""calibration_groups"":64,""calibration_label_counts"":{""0"":165,""1"":155},""calibration_records"":320,""fit_group_counts_by_label"":{""0"":50,""1"":46},""fit_groups"":96,""fit_label_counts"":{""0"":250,""1"":230},""fit_records"":480,""group_overlap"":0}","[{""fit_group_counts_by_label"":{""0"":14,""1"":18},""fit_groups"":32,""fit_records"":160,""fold"":0,""group_overlap"":0,""validation_group_counts_by_label"":{""0"":19,""1"":13},""validation_groups"":32,""validation_records"":160},{""fit_group_counts_by_label"":{""0"":19,""1"":13},""fit_groups"":32,""fit_records"":160,""fold"":1,""group_overlap"":0,""validation_group_counts_by_label"":{""0"":14,""1"":18},""validation_groups"":32,""validation_records"":160}]",0
deduplication__hybrid__multilingual_minilm_l12__decision_tree,deduplication,hybrid,multilingual_minilm_l12,decision_tree,1,800,200,160,40,0,19.635764400009066,1.254249699995853,0.2275593999074772,1.137796999537386,classifier_pipeline_with_precomputed_embedding,"{""model__max_depth"":3,""model__min_samples_leaf"":2}",-0.03333333333333333,"{""curve_points"":2450,""eligible"":true,""negative_threshold"":0.02,""positive_threshold"":0.98,""selected"":{""abstained"":0,""automated_false_negative_rate"":0.0,""automated_false_positive_rate"":0.0,""automation_duplicate_recall"":1.0,""automation_nonduplicate_recall"":1.0,""coverage"":1.0,""covered"":320,""covered_error_rate"":0.0,""false_negative_cost"":5.0,""false_positive_cost"":1.0,""fn"":0,""fp"":0,""negative_predictive_value"":1.0,""negative_threshold"":0.02,""negatives"":155,""positive_threshold"":0.98,""positives"":165,""precision"":1.0,""threshold"":0.98,""tn"":155,""tp"":165,""weighted_covered_error"":0.0}}","{""balance_score"":0.006250000000000033,""calibration_group_counts_by_label"":{""0"":31,""1"":33},""calibration_groups"":64,""calibration_label_counts"":{""0"":155,""1"":165},""calibration_records"":320,""fit_group_counts_by_label"":{""0"":47,""1"":49},""fit_groups"":96,""fit_label_counts"":{""0"":235,""1"":245},""fit_records"":480,""group_overlap"":0}","[{""fit_group_counts_by_label"":{""0"":16,""1"":16},""fit_groups"":32,""fit_records"":160,""fold"":0,""group_overlap"":0,""validation_group_counts_by_label"":{""0"":15,""1"":17},""validation_groups"":32,""validation_records"":160},{""fit_group_counts_by_label"":{""0"":15,""1"":17},""fit_groups"":32,""fit_records"":160,""fold"":1,""group_overlap"":0,""validation_group_counts_by_label"":{""0"":16,""1"":16},""validation_groups"":32,""validation_records"":160}]",0
deduplication__hybrid__multilingual_minilm_l12__decision_tree,deduplication,hybrid,multilingual_minilm_l12,decision_tree,2,800,200,160,40,0,19.56063369999174,1.4164424000773579,0.23288510006386787,1.1644255003193393,classifier_pipeline_with_precomputed_embedding,"{""model__max_depth"":3,""model__min_samples_leaf"":2}",-0.10416666666666667,"{""curve_points"":2450,""eligible"":false,""negative_threshold"":null,""positive_threshold"":null,""selected"":null}","{""balance_score"":0.006250000000000033,""calibration_group_counts_by_label"":{""0"":33,""1"":31},""calibration_groups"":64,""calibration_label_counts"":{""0"":165,""1"":155},""calibration_records"":320,""fit_group_counts_by_label"":{""0"":50,""1"":46},""fit_groups"":96,""fit_label_counts"":{""0"":250,""1"":230},""fit_records"":480,""group_overlap"":0}","[{""fit_group_counts_by_label"":{""0"":14,""1"":18},""fit_groups"":32,""fit_records"":160,""fold"":0,""group_overlap"":0,""validation_group_counts_by_label"":{""0"":19,""1"":13},""validation_groups"":32,""validation_records"":160},{""fit_group_counts_by_label"":{""0"":19,""1"":13},""fit_groups"":32,""fit_records"":160,""fold"":1,""group_overlap"":0,""validation_group_counts_by_label"":{""0"":14,""1"":18},""validation_groups"":32,""validation_records"":160}]",0
deduplication__hybrid__multilingual_minilm_l12__decision_tree,deduplication,hybrid,multilingual_minilm_l12,decision_tree,3,800,200,160,40,0,18.98307219997514,1.388245000038296,0.2438167999498546,1.219083999749273,classifier_pipeline_with_precomputed_embedding,"{""model__max_depth"":3,""model__min_samples_leaf"":2}",-0.11458333333333333,"{""curve_points"":2450,""eligible"":true,""negative_threshold"":0.02,""positive_threshold"":0.98,""selected"":{""abstained"":0,""automated_false_negative_rate"":0.0,""automated_false_positive_rate"":0.0,""automation_duplicate_recall"":1.0,""automation_nonduplicate_recall"":1.0,""coverage"":1.0,""covered"":320,""covered_error_rate"":0.0,""false_negative_cost"":5.0,""false_positive_cost"":1.0,""fn"":0,""fp"":0,""negative_predictive_value"":1.0,""negative_threshold"":0.02,""negatives"":155,""positive_threshold"":0.98,""positives"":165,""precision"":1.0,""threshold"":0.98,""tn"":155,""tp"":165,""weighted_covered_error"":0.0}}","{""balance_score"":0.006250000000000033,""calibration_group_counts_by_label"":{""0"":31,""1"":33},""calibration_groups"":64,""calibration_label_counts"":{""0"":155,""1"":165},""calibration_records"":320,""fit_group_counts_by_label"":{""0"":47,""1"":49},""fit_groups"":96,""fit_label_counts"":{""0"":235,""1"":245},""fit_records"":480,""group_overlap"":0}","[{""fit_group_counts_by_label"":{""0"":17,""1"":15},""fit_groups"":32,""fit_records"":160,""fold"":0,""group_overlap"":0,""validation_group_counts_by_label"":{""0"":14,""1"":18},""validation_groups"":32,""validation_records"":160},{""fit_group_counts_by_label"":{""0"":14,""1"":18},""fit_groups"":32,""fit_records"":160,""fold"":1,""group_overlap"":0,""validation_group_counts_by_label"":{""0"":17,""1"":15},""validation_groups"":32,""validation_records"":160}]",0
deduplication__hybrid__multilingual_minilm_l12__decision_tree,deduplication,hybrid,multilingual_minilm_l12,decision_tree,4,800,200,160,40,0,18.691118900082074,1.2488195999758318,0.2577431999379769,1.2887159996898845,classifier_pipeline_with_precomputed_embedding,"{""model__max_depth"":3,""model__min_samples_leaf"":2}",0.0,"{""curve_points"":2450,""eligible"":true,""negative_threshold"":0.02,""positive_threshold"":0.93,""selected"":{""abstained"":0,""automated_false_negative_rate"":0.0,""automated_false_positive_rate"":0.025806451612903226,""automation_duplicate_recall"":1.0,""automation_nonduplicate_recall"":0.9741935483870968,""coverage"":1.0,""covered"":320,""covered_error_rate"":0.0125,""false_negative_cost"":5.0,""false_positive_cost"":1.0,""fn"":0,""fp"":4,""negative_predictive_value"":1.0,""negative_threshold"":0.02,""negatives"":155,""positive_threshold"":0.93,""positives"":165,""precision"":0.9763313609467456,""threshold"":0.93,""tn"":151,""tp"":165,""weighted_covered_error"":0.0125}}","{""balance_score"":0.006250000000000033,""calibration_group_counts_by_label"":{""0"":31,""1"":33},""calibration_groups"":64,""calibration_label_counts"":{""0"":155,""1"":165},""calibration_records"":320,""fit_group_counts_by_label"":{""0"":47,""1"":49},""fit_groups"":96,""fit_label_counts"":{""0"":235,""1"":245},""fit_records"":480,""group_overlap"":0}","[{""fit_group_counts_by_label"":{""0"":18,""1"":14},""fit_groups"":32,""fit_records"":160,""fold"":0,""group_overlap"":0,""validation_group_counts_by_label"":{""0"":13,""1"":19},""validation_groups"":32,""validation_records"":160},{""fit_group_counts_by_label"":{""0"":13,""1"":19},""fit_groups"":32,""fit_records"":160,""fold"":1,""group_overlap"":0,""validation_group_counts_by_label"":{""0"":18,""1"":14},""validation_groups"":32,""validation_records"":160}]",0
deduplication__hybrid__multilingual_minilm_l12__linear_svm,deduplication,hybrid,multilingual_minilm_l12,linear_svm,0,800,200,160,40,0,13.817016200046055,1.33516740007326,0.2415171000175178,1.207585500087589,classifier_pipeline_with_precomputed_embedding,"{""model__C"":0.1}",0.0,"{""curve_points"":2450,""eligible"":true,""negative_threshold"":0.03,""positive_threshold"":0.97,""selected"":{""abstained"":0,""automated_false_negative_rate"":0.0,""automated_false_positive_rate"":0.0,""automation_duplicate_recall"":1.0,""automation_nonduplicate_recall"":1.0,""coverage"":1.0,""covered"":320,""covered_error_rate"":0.0,""false_negative_cost"":5.0,""false_positive_cost"":1.0,""fn"":0,""fp"":0,""negative_predictive_value"":1.0,""negative_threshold"":0.03,""negatives"":165,""positive_threshold"":0.97,""positives"":155,""precision"":1.0,""threshold"":0.97,""tn"":165,""tp"":155,""weighted_covered_error"":0.0}}","{""balance_score"":0.006250000000000033,""calibration_group_counts_by_label"":{""0"":33,""1"":31},""calibration_groups"":64,""calibration_label_counts"":{""0"":165,""1"":155},""calibration_records"":320,""fit_group_counts_by_label"":{""0"":50,""1"":46},""fit_groups"":96,""fit_label_counts"":{""0"":250,""1"":230},""fit_records"":480,""group_overlap"":0}","[{""fit_group_counts_by_label"":{""0"":14,""1"":18},""fit_groups"":32,""fit_records"":160,""fold"":0,""group_overlap"":0,""validation_group_counts_by_label"":{""0"":19,""1"":13},""validation_groups"":32,""validation_records"":160},{""fit_group_counts_by_label"":{""0"":19,""1"":13},""fit_groups"":32,""fit_records"":160,""fold"":1,""group_overlap"":0,""validation_group_counts_by_label"":{""0"":14,""1"":18},""validation_groups"":32,""validation_records"":160}]",0
deduplication__hybrid__multilingual_minilm_l12__linear_svm,deduplication,hybrid,multilingual_minilm_l12,linear_svm,1,800,200,160,40,0,13.684927599970251,1.2599743000464514,0.22406799998134375,1.1203399999067187,classifier_pipeline_with_precomputed_embedding,"{""model__C"":0.1}",0.0,"{""curve_points"":2450,""eligible"":true,""negative_threshold"":0.03,""positive_threshold"":0.97,""selected"":{""abstained"":0,""automated_false_negative_rate"":0.0,""automated_false_positive_rate"":0.0,""automation_duplicate_recall"":1.0,""automation_nonduplicate_recall"":1.0,""coverage"":1.0,""covered"":320,""covered_error_rate"":0.0,""false_negative_cost"":5.0,""false_positive_cost"":1.0,""fn"":0,""fp"":0,""negative_predictive_value"":1.0,""negative_threshold"":0.03,""negatives"":155,""positive_threshold"":0.97,""positives"":165,""precision"":1.0,""threshold"":0.97,""tn"":155,""tp"":165,""weighted_covered_error"":0.0}}","{""balance_score"":0.006250000000000033,""calibration_group_counts_by_label"":{""0"":31,""1"":33},""calibration_groups"":64,""calibration_label_counts"":{""0"":155,""1"":165},""calibration_records"":320,""fit_group_counts_by_label"":{""0"":47,""1"":49},""fit_groups"":96,""fit_label_counts"":{""0"":235,""1"":245},""fit_records"":480,""group_overlap"":0}","[{""fit_group_counts_by_label"":{""0"":16,""1"":16},""fit_groups"":32,""fit_records"":160,""fold"":0,""group_overlap"":0,""validation_group_counts_by_label"":{""0"":15,""1"":17},""validation_groups"":32,""validation_records"":160},{""fit_group_counts_by_label"":{""0"":15,""1"":17},""fit_groups"":32,""fit_records"":160,""fold"":1,""group_overlap"":0,""validation_group_counts_by_label"":{""0"":16,""1"":16},""validation_groups"":32,""validation_records"":160}]",0
deduplication__hybrid__multilingual_minilm_l12__linear_svm,deduplication,hybrid,multilingual_minilm_l12,linear_svm,2,800,200,160,40,0,13.639544100034982,1.3604643000289798,0.24733519996516407,1.2366759998258203,classifier_pipeline_with_precomputed_embedding,"{""model__C"":0.1}",0.0,"{""curve_points"":2450,""eligible"":true,""negative_threshold"":0.03,""positive_threshold"":0.97,""selected"":{""abstained"":0,""automated_false_negative_rate"":0.0,""automated_false_positive_rate"":0.0,""automation_duplicate_recall"":1.0,""automation_nonduplicate_recall"":1.0,""coverage"":1.0,""covered"":320,""covered_error_rate"":0.0,""false_negative_cost"":5.0,""false_positive_cost"":1.0,""fn"":0,""fp"":0,""negative_predictive_value"":1.0,""negative_threshold"":0.03,""negatives"":165,""positive_threshold"":0.97,""positives"":155,""precision"":1.0,""threshold"":0.97,""tn"":165,""tp"":155,""weighted_covered_error"":0.0}}","{""balance_score"":0.006250000000000033,""calibration_group_counts_by_label"":{""0"":33,""1"":31},""calibration_groups"":64,""calibration_label_counts"":{""0"":165,""1"":155},""calibration_records"":320,""fit_group_counts_by_label"":{""0"":50,""1"":46},""fit_groups"":96,""fit_label_counts"":{""0"":250,""1"":230},""fit_records"":480,""group_overlap"":0}","[{""fit_group_counts_by_label"":{""0"":14,""1"":18},""fit_groups"":32,""fit_records"":160,""fold"":0,""group_overlap"":0,""validation_group_counts_by_label"":{""0"":19,""1"":13},""validation_groups"":32,""validation_records"":160},{""fit_group_counts_by_label"":{""0"":19,""1"":13},""fit_groups"":32,""fit_records"":160,""fold"":1,""group_overlap"":0,""validation_group_counts_by_label"":{""0"":14,""1"":18},""validation_groups"":32,""validation_records"":160}]",0
deduplication__hybrid__multilingual_minilm_l12__linear_svm,deduplication,hybrid,multilingual_minilm_l12,linear_svm,3,800,200,160,40,0,13.522325999918394,1.2402112999698147,0.2765357999596745,1.3826789997983724,classifier_pipeline_with_precomputed_embedding,"{""model__C"":0.1}",0.0,"{""curve_points"":2450,""eligible"":true,""negative_threshold"":0.03,""positive_threshold"":0.97,""selected"":{""abstained"":0,""automated_false_negative_rate"":0.0,""automated_false_positive_rate"":0.0,""automation_duplicate_recall"":1.0,""automation_nonduplicate_recall"":1.0,""coverage"":1.0,""covered"":320,""covered_error_rate"":0.0,""false_negative_cost"":5.0,""false_positive_cost"":1.0,""fn"":0,""fp"":0,""negative_predictive_value"":1.0,""negative_threshold"":0.03,""negatives"":155,""positive_threshold"":0.97,""positives"":165,""precision"":1.0,""threshold"":0.97,""tn"":155,""tp"":165,""weighted_covered_error"":0.0}}","{""balance_score"":0.006250000000000033,""calibration_group_counts_by_label"":{""0"":31,""1"":33},""calibration_groups"":64,""calibration_label_counts"":{""0"":155,""1"":165},""calibration_records"":320,""fit_group_counts_by_label"":{""0"":47,""1"":49},""fit_groups"":96,""fit_label_counts"":{""0"":235,""1"":245},""fit_records"":480,""group_overlap"":0}","[{""fit_group_counts_by_label"":{""0"":17,""1"":15},""fit_groups"":32,""fit_records"":160,""fold"":0,""group_overlap"":0,""validation_group_counts_by_label"":{""0"":14,""1"":18},""validation_groups"":32,""validation_records"":160},{""fit_group_counts_by_label"":{""0"":14,""1"":18},""fit_groups"":32,""fit_records"":160,""fold"":1,""group_overlap"":0,""validation_group_counts_by_label"":{""0"":17,""1"":15},""validation_groups"":32,""validation_records"":160}]",0
deduplication__hybrid__multilingual_minilm_l12__linear_svm,deduplication,hybrid,multilingual_minilm_l12,linear_svm,4,800,200,160,40,0,13.125861300039105,1.2157520999899134,0.382081100018695,1.910405500093475,classifier_pipeline_with_precomputed_embedding,"{""model__C"":0.1}",0.0,"{""curve_points"":2450,""eligible"":true,""negative_threshold"":0.03,""positive_threshold"":0.97,""selected"":{""abstained"":0,""automated_false_negative_rate"":0.0,""automated_false_positive_rate"":0.0,""automation_duplicate_recall"":1.0,""automation_nonduplicate_recall"":1.0,""coverage"":1.0,""covered"":320,""covered_error_rate"":0.0,""false_negative_cost"":5.0,""false_positive_cost"":1.0,""fn"":0,""fp"":0,""negative_predictive_value"":1.0,""negative_threshold"":0.03,""negatives"":155,""positive_threshold"":0.97,""positives"":165,""precision"":1.0,""threshold"":0.97,""tn"":155,""tp"":165,""weighted_covered_error"":0.0}}","{""balance_score"":0.006250000000000033,""calibration_group_counts_by_label"":{""0"":31,""1"":33},""calibration_groups"":64,""calibration_label_counts"":{""0"":155,""1"":165},""calibration_records"":320,""fit_group_counts_by_label"":{""0"":47,""1"":49},""fit_groups"":96,""fit_label_counts"":{""0"":235,""1"":245},""fit_records"":480,""group_overlap"":0}","[{""fit_group_counts_by_label"":{""0"":18,""1"":14},""fit_groups"":32,""fit_records"":160,""fold"":0,""group_overlap"":0,""validation_group_counts_by_label"":{""0"":13,""1"":19},""validation_groups"":32,""validation_records"":160},{""fit_group_counts_by_label"":{""0"":13,""1"":19},""fit_groups"":32,""fit_records"":160,""fold"":1,""group_overlap"":0,""validation_group_counts_by_label"":{""0"":18,""1"":14},""validation_groups"":32,""validation_records"":160}]",0
deduplication__hybrid__multilingual_minilm_l12__mlp,deduplication,hybrid,multilingual_minilm_l12,mlp,0,800,200,160,40,0,63.78905499994289,1.204545499989763,0.2602842999622226,1.3014214998111129,classifier_pipeline_with_precomputed_embedding,"{""model__alpha"":0.001,""model__hidden_layer_sizes"":[16]}",0.0,"{""curve_points"":2450,""eligible"":true,""negative_threshold"":0.02,""positive_threshold"":0.98,""selected"":{""abstained"":0,""automated_false_negative_rate"":0.0,""automated_false_positive_rate"":0.0,""automation_duplicate_recall"":1.0,""automation_nonduplicate_recall"":1.0,""coverage"":1.0,""covered"":320,""covered_error_rate"":0.0,""false_negative_cost"":5.0,""false_positive_cost"":1.0,""fn"":0,""fp"":0,""negative_predictive_value"":1.0,""negative_threshold"":0.02,""negatives"":165,""positive_threshold"":0.98,""positives"":155,""precision"":1.0,""threshold"":0.98,""tn"":165,""tp"":155,""weighted_covered_error"":0.0}}","{""balance_score"":0.006250000000000033,""calibration_group_counts_by_label"":{""0"":33,""1"":31},""calibration_groups"":64,""calibration_label_counts"":{""0"":165,""1"":155},""calibration_records"":320,""fit_group_counts_by_label"":{""0"":50,""1"":46},""fit_groups"":96,""fit_label_counts"":{""0"":250,""1"":230},""fit_records"":480,""group_overlap"":0}","[{""fit_group_counts_by_label"":{""0"":14,""1"":18},""fit_groups"":32,""fit_records"":160,""fold"":0,""group_overlap"":0,""validation_group_counts_by_label"":{""0"":19,""1"":13},""validation_groups"":32,""validation_records"":160},{""fit_group_counts_by_label"":{""0"":19,""1"":13},""fit_groups"":32,""fit_records"":160,""fold"":1,""group_overlap"":0,""validation_group_counts_by_label"":{""0"":14,""1"":18},""validation_groups"":32,""validation_records"":160}]",0
deduplication__hybrid__multilingual_minilm_l12__mlp,deduplication,hybrid,multilingual_minilm_l12,mlp,1,800,200,160,40,0,64.54676309996285,1.2485221000388265,0.2280579999787733,1.1402899998938665,classifier_pipeline_with_precomputed_embedding,"{""model__alpha"":0.001,""model__hidden_layer_sizes"":[16]}",0.0,"{""curve_points"":2450,""eligible"":true,""negative_threshold"":0.02,""positive_threshold"":0.98,""selected"":{""abstained"":0,""automated_false_negative_rate"":0.0,""automated_false_positive_rate"":0.0,""automation_duplicate_recall"":1.0,""automation_nonduplicate_recall"":1.0,""coverage"":1.0,""covered"":320,""covered_error_rate"":0.0,""false_negative_cost"":5.0,""false_positive_cost"":1.0,""fn"":0,""fp"":0,""negative_predictive_value"":1.0,""negative_threshold"":0.02,""negatives"":155,""positive_threshold"":0.98,""positives"":165,""precision"":1.0,""threshold"":0.98,""tn"":155,""tp"":165,""weighted_covered_error"":0.0}}","{""balance_score"":0.006250000000000033,""calibration_group_counts_by_label"":{""0"":31,""1"":33},""calibration_groups"":64,""calibration_label_counts"":{""0"":155,""1"":165},""calibration_records"":320,""fit_group_counts_by_label"":{""0"":47,""1"":49},""fit_groups"":96,""fit_label_counts"":{""0"":235,""1"":245},""fit_records"":480,""group_overlap"":0}","[{""fit_group_counts_by_label"":{""0"":16,""1"":16},""fit_groups"":32,""fit_records"":160,""fold"":0,""group_overlap"":0,""validation_group_counts_by_label"":{""0"":15,""1"":17},""validation_groups"":32,""validation_records"":160},{""fit_group_counts_by_label"":{""0"":15,""1"":17},""fit_groups"":32,""fit_records"":160,""fold"":1,""group_overlap"":0,""validation_group_counts_by_label"":{""0"":16,""1"":16},""validation_groups"":32,""validation_records"":160}]",0
deduplication__hybrid__multilingual_minilm_l12__mlp,deduplication,hybrid,multilingual_minilm_l12,mlp,2,800,200,160,40,0,64.8516787000699,1.4551680999575183,0.23592239990830421,1.179611999541521,classifier_pipeline_with_precomputed_embedding,"{""model__alpha"":0.001,""model__hidden_layer_sizes"":[16]}",0.0,"{""curve_points"":2450,""eligible"":true,""negative_threshold"":0.02,""positive_threshold"":0.98,""selected"":{""abstained"":0,""automated_false_negative_rate"":0.0,""automated_false_positive_rate"":0.0,""automation_duplicate_recall"":1.0,""automation_nonduplicate_recall"":1.0,""coverage"":1.0,""covered"":320,""covered_error_rate"":0.0,""false_negative_cost"":5.0,""false_positive_cost"":1.0,""fn"":0,""fp"":0,""negative_predictive_value"":1.0,""negative_threshold"":0.02,""negatives"":165,""positive_threshold"":0.98,""positives"":155,""precision"":1.0,""threshold"":0.98,""tn"":165,""tp"":155,""weighted_covered_error"":0.0}}","{""balance_score"":0.006250000000000033,""calibration_group_counts_by_label"":{""0"":33,""1"":31},""calibration_groups"":64,""calibration_label_counts"":{""0"":165,""1"":155},""calibration_records"":320,""fit_group_counts_by_label"":{""0"":50,""1"":46},""fit_groups"":96,""fit_label_counts"":{""0"":250,""1"":230},""fit_records"":480,""group_overlap"":0}","[{""fit_group_counts_by_label"":{""0"":14,""1"":18},""fit_groups"":32,""fit_records"":160,""fold"":0,""group_overlap"":0,""validation_group_counts_by_label"":{""0"":19,""1"":13},""validation_groups"":32,""validation_records"":160},{""fit_group_counts_by_label"":{""0"":19,""1"":13},""fit_groups"":32,""fit_records"":160,""fold"":1,""group_overlap"":0,""validation_group_counts_by_label"":{""0"":14,""1"":18},""validation_groups"":32,""validation_records"":160}]",0
deduplication__hybrid__multilingual_minilm_l12__mlp,deduplication,hybrid,multilingual_minilm_l12,mlp,3,800,200,160,40,0,64.06195890007075,1.2251036999514326,0.2404557999689132,1.202278999844566,classifier_pipeline_with_precomputed_embedding,"{""model__alpha"":0.001,""model__hidden_layer_sizes"":[16]}",0.0,"{""curve_points"":2450,""eligible"":true,""negative_threshold"":0.02,""positive_threshold"":0.98,""selected"":{""abstained"":0,""automated_false_negative_rate"":0.0,""automated_false_positive_rate"":0.0,""automation_duplicate_recall"":1.0,""automation_nonduplicate_recall"":1.0,""coverage"":1.0,""covered"":320,""covered_error_rate"":0.0,""false_negative_cost"":5.0,""false_positive_cost"":1.0,""fn"":0,""fp"":0,""negative_predictive_value"":1.0,""negative_threshold"":0.02,""negatives"":155,""positive_threshold"":0.98,""positives"":165,""precision"":1.0,""threshold"":0.98,""tn"":155,""tp"":165,""weighted_covered_error"":0.0}}","{""balance_score"":0.006250000000000033,""calibration_group_counts_by_label"":{""0"":31,""1"":33},""calibration_groups"":64,""calibration_label_counts"":{""0"":155,""1"":165},""calibration_records"":320,""fit_group_counts_by_label"":{""0"":47,""1"":49},""fit_groups"":96,""fit_label_counts"":{""0"":235,""1"":245},""fit_records"":480,""group_overlap"":0}","[{""fit_group_counts_by_label"":{""0"":17,""1"":15},""fit_groups"":32,""fit_records"":160,""fold"":0,""group_overlap"":0,""validation_group_counts_by_label"":{""0"":14,""1"":18},""validation_groups"":32,""validation_records"":160},{""fit_group_counts_by_label"":{""0"":14,""1"":18},""fit_groups"":32,""fit_records"":160,""fold"":1,""group_overlap"":0,""validation_group_counts_by_label"":{""0"":17,""1"":15},""validation_groups"":32,""validation_records"":160}]",0
deduplication__hybrid__multilingual_minilm_l12__mlp,deduplication,hybrid,multilingual_minilm_l12,mlp,4,800,200,160,40,0,68.92130550008733,1.4054407000076026,0.2606140000279993,1.3030700001399964,classifier_pipeline_with_precomputed_embedding,"{""model__alpha"":0.001,""model__hidden_layer_sizes"":[16]}",0.0,"{""curve_points"":2450,""eligible"":true,""negative_threshold"":0.02,""positive_threshold"":0.98,""selected"":{""abstained"":0,""automated_false_negative_rate"":0.0,""automated_false_positive_rate"":0.0,""automation_duplicate_recall"":1.0,""automation_nonduplicate_recall"":1.0,""coverage"":1.0,""covered"":320,""covered_error_rate"":0.0,""false_negative_cost"":5.0,""false_positive_cost"":1.0,""fn"":0,""fp"":0,""negative_predictive_value"":1.0,""negative_threshold"":0.02,""negatives"":155,""positive_threshold"":0.98,""positives"":165,""precision"":1.0,""threshold"":0.98,""tn"":155,""tp"":165,""weighted_covered_error"":0.0}}","{""balance_score"":0.006250000000000033,""calibration_group_counts_by_label"":{""0"":31,""1"":33},""calibration_groups"":64,""calibration_label_counts"":{""0"":155,""1"":165},""calibration_records"":320,""fit_group_counts_by_label"":{""0"":47,""1"":49},""fit_groups"":96,""fit_label_counts"":{""0"":235,""1"":245},""fit_records"":480,""group_overlap"":0}","[{""fit_group_counts_by_label"":{""0"":18,""1"":14},""fit_groups"":32,""fit_records"":160,""fold"":0,""group_overlap"":0,""validation_group_counts_by_label"":{""0"":13,""1"":19},""validation_groups"":32,""validation_records"":160},{""fit_group_counts_by_label"":{""0"":13,""1"":19},""fit_groups"":32,""fit_records"":160,""fold"":1,""group_overlap"":0,""validation_group_counts_by_label"":{""0"":18,""1"":14},""validation_groups"":32,""validation_records"":160}]",0
deduplication__hybrid__multilingual_minilm_l12__xgboost,deduplication,hybrid,multilingual_minilm_l12,xgboost,0,800,200,160,40,0,64.02864400006365,1.4866050999844447,0.24775890004821122,1.238794500241056,classifier_pipeline_with_precomputed_embedding,"{""model__learning_rate"":0.05,""model__max_depth"":2,""model__n_estimators"":160}",-0.010416666666666666,"{""curve_points"":2450,""eligible"":true,""negative_threshold"":0.02,""positive_threshold"":0.98,""selected"":{""abstained"":0,""automated_false_negative_rate"":0.0,""automated_false_positive_rate"":0.0,""automation_duplicate_recall"":1.0,""automation_nonduplicate_recall"":1.0,""coverage"":1.0,""covered"":320,""covered_error_rate"":0.0,""false_negative_cost"":5.0,""false_positive_cost"":1.0,""fn"":0,""fp"":0,""negative_predictive_value"":1.0,""negative_threshold"":0.02,""negatives"":165,""positive_threshold"":0.98,""positives"":155,""precision"":1.0,""threshold"":0.98,""tn"":165,""tp"":155,""weighted_covered_error"":0.0}}","{""balance_score"":0.006250000000000033,""calibration_group_counts_by_label"":{""0"":33,""1"":31},""calibration_groups"":64,""calibration_label_counts"":{""0"":165,""1"":155},""calibration_records"":320,""fit_group_counts_by_label"":{""0"":50,""1"":46},""fit_groups"":96,""fit_label_counts"":{""0"":250,""1"":230},""fit_records"":480,""group_overlap"":0}","[{""fit_group_counts_by_label"":{""0"":14,""1"":18},""fit_groups"":32,""fit_records"":160,""fold"":0,""group_overlap"":0,""validation_group_counts_by_label"":{""0"":19,""1"":13},""validation_groups"":32,""validation_records"":160},{""fit_group_counts_by_label"":{""0"":19,""1"":13},""fit_groups"":32,""fit_records"":160,""fold"":1,""group_overlap"":0,""validation_group_counts_by_label"":{""0"":14,""1"":18},""validation_groups"":32,""validation_records"":160}]",0
deduplication__hybrid__multilingual_minilm_l12__xgboost,deduplication,hybrid,multilingual_minilm_l12,xgboost,1,800,200,160,40,0,59.66339440003503,1.6222918999847025,0.2382402999792248,1.191201499896124,classifier_pipeline_with_precomputed_embedding,"{""model__learning_rate"":0.05,""model__max_depth"":2,""model__n_estimators"":160}",-0.020833333333333332,"{""curve_points"":2450,""eligible"":true,""negative_threshold"":0.02,""positive_threshold"":0.98,""selected"":{""abstained"":85,""automated_false_negative_rate"":0.0,""automated_false_positive_rate"":0.0,""automation_duplicate_recall"":0.5151515151515151,""automation_nonduplicate_recall"":0.967741935483871,""coverage"":0.734375,""covered"":235,""covered_error_rate"":0.0,""false_negative_cost"":5.0,""false_positive_cost"":1.0,""fn"":0,""fp"":0,""negative_predictive_value"":1.0,""negative_threshold"":0.02,""negatives"":155,""positive_threshold"":0.98,""positives"":165,""precision"":1.0,""threshold"":0.98,""tn"":150,""tp"":85,""weighted_covered_error"":0.0}}","{""balance_score"":0.006250000000000033,""calibration_group_counts_by_label"":{""0"":31,""1"":33},""calibration_groups"":64,""calibration_label_counts"":{""0"":155,""1"":165},""calibration_records"":320,""fit_group_counts_by_label"":{""0"":47,""1"":49},""fit_groups"":96,""fit_label_counts"":{""0"":235,""1"":245},""fit_records"":480,""group_overlap"":0}","[{""fit_group_counts_by_label"":{""0"":16,""1"":16},""fit_groups"":32,""fit_records"":160,""fold"":0,""group_overlap"":0,""validation_group_counts_by_label"":{""0"":15,""1"":17},""validation_groups"":32,""validation_records"":160},{""fit_group_counts_by_label"":{""0"":15,""1"":17},""fit_groups"":32,""fit_records"":160,""fold"":1,""group_overlap"":0,""validation_group_counts_by_label"":{""0"":16,""1"":16},""validation_groups"":32,""validation_records"":160}]",0
deduplication__hybrid__multilingual_minilm_l12__xgboost,deduplication,hybrid,multilingual_minilm_l12,xgboost,2,800,200,160,40,0,61.930363600025885,1.511824700050056,0.241500600008294,1.20750300004147,classifier_pipeline_with_precomputed_embedding,"{""model__learning_rate"":0.05,""model__max_depth"":2,""model__n_estimators"":160}",-0.21875,"{""curve_points"":2450,""eligible"":true,""negative_threshold"":0.02,""positive_threshold"":0.98,""selected"":{""abstained"":0,""automated_false_negative_rate"":0.0,""automated_false_positive_rate"":0.0,""automation_duplicate_recall"":1.0,""automation_nonduplicate_recall"":1.0,""coverage"":1.0,""covered"":320,""covered_error_rate"":0.0,""false_negative_cost"":5.0,""false_positive_cost"":1.0,""fn"":0,""fp"":0,""negative_predictive_value"":1.0,""negative_threshold"":0.02,""negatives"":165,""positive_threshold"":0.98,""positives"":155,""precision"":1.0,""threshold"":0.98,""tn"":165,""tp"":155,""weighted_covered_error"":0.0}}","{""balance_score"":0.006250000000000033,""calibration_group_counts_by_label"":{""0"":33,""1"":31},""calibration_groups"":64,""calibration_label_counts"":{""0"":165,""1"":155},""calibration_records"":320,""fit_group_counts_by_label"":{""0"":50,""1"":46},""fit_groups"":96,""fit_label_counts"":{""0"":250,""1"":230},""fit_records"":480,""group_overlap"":0}","[{""fit_group_counts_by_label"":{""0"":14,""1"":18},""fit_groups"":32,""fit_records"":160,""fold"":0,""group_overlap"":0,""validation_group_counts_by_label"":{""0"":19,""1"":13},""validation_groups"":32,""validation_records"":160},{""fit_group_counts_by_label"":{""0"":19,""1"":13},""fit_groups"":32,""fit_records"":160,""fold"":1,""group_overlap"":0,""validation_group_counts_by_label"":{""0"":14,""1"":18},""validation_groups"":32,""validation_records"":160}]",0
deduplication__hybrid__multilingual_minilm_l12__xgboost,deduplication,hybrid,multilingual_minilm_l12,xgboost,3,800,200,160,40,0,59.04355399997439,1.7501398000167683,0.2385078000370413,1.1925390001852065,classifier_pipeline_with_precomputed_embedding,"{""model__learning_rate"":0.05,""model__max_depth"":2,""model__n_estimators"":160}",-0.10416666666666667,"{""curve_points"":2450,""eligible"":true,""negative_threshold"":0.02,""positive_threshold"":0.98,""selected"":{""abstained"":0,""automated_false_negative_rate"":0.0,""automated_false_positive_rate"":0.0,""automation_duplicate_recall"":1.0,""automation_nonduplicate_recall"":1.0,""coverage"":1.0,""covered"":320,""covered_error_rate"":0.0,""false_negative_cost"":5.0,""false_positive_cost"":1.0,""fn"":0,""fp"":0,""negative_predictive_value"":1.0,""negative_threshold"":0.02,""negatives"":155,""positive_threshold"":0.98,""positives"":165,""precision"":1.0,""threshold"":0.98,""tn"":155,""tp"":165,""weighted_covered_error"":0.0}}","{""balance_score"":0.006250000000000033,""calibration_group_counts_by_label"":{""0"":31,""1"":33},""calibration_groups"":64,""calibration_label_counts"":{""0"":155,""1"":165},""calibration_records"":320,""fit_group_counts_by_label"":{""0"":47,""1"":49},""fit_groups"":96,""fit_label_counts"":{""0"":235,""1"":245},""fit_records"":480,""group_overlap"":0}","[{""fit_group_counts_by_label"":{""0"":17,""1"":15},""fit_groups"":32,""fit_records"":160,""fold"":0,""group_overlap"":0,""validation_group_counts_by_label"":{""0"":14,""1"":18},""validation_groups"":32,""validation_records"":160},{""fit_group_counts_by_label"":{""0"":14,""1"":18},""fit_groups"":32,""fit_records"":160,""fold"":1,""group_overlap"":0,""validation_group_counts_by_label"":{""0"":17,""1"":15},""validation_groups"":32,""validation_records"":160}]",0
deduplication__hybrid__multilingual_minilm_l12__xgboost,deduplication,hybrid,multilingual_minilm_l12,xgboost,4,800,200,160,40,0,57.29195580002852,1.510496599948965,0.26601379993371665,1.3300689996685833,classifier_pipeline_with_precomputed_embedding,"{""model__learning_rate"":0.05,""model__max_depth"":2,""model__n_estimators"":160}",-0.010416666666666666,"{""curve_points"":2450,""eligible"":true,""negative_threshold"":0.02,""positive_threshold"":0.98,""selected"":{""abstained"":0,""automated_false_negative_rate"":0.0,""automated_false_positive_rate"":0.0,""automation_duplicate_recall"":1.0,""automation_nonduplicate_recall"":1.0,""coverage"":1.0,""covered"":320,""covered_error_rate"":0.0,""false_negative_cost"":5.0,""false_positive_cost"":1.0,""fn"":0,""fp"":0,""negative_predictive_value"":1.0,""negative_threshold"":0.02,""negatives"":155,""positive_threshold"":0.98,""positives"":165,""precision"":1.0,""threshold"":0.98,""tn"":155,""tp"":165,""weighted_covered_error"":0.0}}","{""balance_score"":0.006250000000000033,""calibration_group_counts_by_label"":{""0"":31,""1"":33},""calibration_groups"":64,""calibration_label_counts"":{""0"":155,""1"":165},""calibration_records"":320,""fit_group_counts_by_label"":{""0"":47,""1"":49},""fit_groups"":96,""fit_label_counts"":{""0"":235,""1"":245},""fit_records"":480,""group_overlap"":0}","[{""fit_group_counts_by_label"":{""0"":18,""1"":14},""fit_groups"":32,""fit_records"":160,""fold"":0,""group_overlap"":0,""validation_group_counts_by_label"":{""0"":13,""1"":19},""validation_groups"":32,""validation_records"":160},{""fit_group_counts_by_label"":{""0"":13,""1"":19},""fit_groups"":32,""fit_records"":160,""fold"":1,""group_overlap"":0,""validation_group_counts_by_label"":{""0"":18,""1"":14},""validation_groups"":32,""validation_records"":160}]",0
deduplication__metadata__none__logistic_regression,deduplication,metadata,,logistic_regression,0,800,200,160,40,0,0.32097469992004335,0.09934219997376204,0.00791159993968904,0.0395579996984452,classifier_pipeline_including_tfidf_transform,"{""model__C"":10.0}",-1.2750000000000001,"{""curve_points"":2450,""eligible"":false,""negative_threshold"":null,""positive_threshold"":null,""selected"":null}","{""balance_score"":0.006250000000000033,""calibration_group_counts_by_label"":{""0"":33,""1"":31},""calibration_groups"":64,""calibration_label_counts"":{""0"":165,""1"":155},""calibration_records"":320,""fit_group_counts_by_label"":{""0"":50,""1"":46},""fit_groups"":96,""fit_label_counts"":{""0"":250,""1"":230},""fit_records"":480,""group_overlap"":0}","[{""fit_group_counts_by_label"":{""0"":14,""1"":18},""fit_groups"":32,""fit_records"":160,""fold"":0,""group_overlap"":0,""validation_group_counts_by_label"":{""0"":19,""1"":13},""validation_groups"":32,""validation_records"":160},{""fit_group_counts_by_label"":{""0"":19,""1"":13},""fit_groups"":32,""fit_records"":160,""fold"":1,""group_overlap"":0,""validation_group_counts_by_label"":{""0"":14,""1"":18},""validation_groups"":32,""validation_records"":160}]",0
deduplication__metadata__none__logistic_regression,deduplication,metadata,,logistic_regression,1,800,200,160,40,0,0.1871953000081703,0.08278089994564652,0.006060099927708507,0.030300499638542533,classifier_pipeline_including_tfidf_transform,"{""model__C"":0.1}",-1.1708333333333334,"{""curve_points"":2450,""eligible"":false,""negative_threshold"":null,""positive_threshold"":null,""selected"":null}","{""balance_score"":0.006250000000000033,""calibration_group_counts_by_label"":{""0"":31,""1"":33},""calibration_groups"":64,""calibration_label_counts"":{""0"":155,""1"":165},""calibration_records"":320,""fit_group_counts_by_label"":{""0"":47,""1"":49},""fit_groups"":96,""fit_label_counts"":{""0"":235,""1"":245},""fit_records"":480,""group_overlap"":0}","[{""fit_group_counts_by_label"":{""0"":16,""1"":16},""fit_groups"":32,""fit_records"":160,""fold"":0,""group_overlap"":0,""validation_group_counts_by_label"":{""0"":15,""1"":17},""validation_groups"":32,""validation_records"":160},{""fit_group_counts_by_label"":{""0"":15,""1"":17},""fit_groups"":32,""fit_records"":160,""fold"":1,""group_overlap"":0,""validation_group_counts_by_label"":{""0"":16,""1"":16},""validation_groups"":32,""validation_records"":160}]",0
deduplication__metadata__none__logistic_regression,deduplication,metadata,,logistic_regression,2,800,200,160,40,0,0.1877898999955505,0.0605379999615252,0.006400200072675943,0.03200100036337972,classifier_pipeline_including_tfidf_transform,"{""model__C"":0.1}",-1.1104166666666666,"{""curve_points"":2450,""eligible"":false,""negative_threshold"":null,""positive_threshold"":null,""selected"":null}","{""balance_score"":0.006250000000000033,""calibration_group_counts_by_label"":{""0"":33,""1"":31},""calibration_groups"":64,""calibration_label_counts"":{""0"":165,""1"":155},""calibration_records"":320,""fit_group_counts_by_label"":{""0"":50,""1"":46},""fit_groups"":96,""fit_label_counts"":{""0"":250,""1"":230},""fit_records"":480,""group_overlap"":0}","[{""fit_group_counts_by_label"":{""0"":14,""1"":18},""fit_groups"":32,""fit_records"":160,""fold"":0,""group_overlap"":0,""validation_group_counts_by_label"":{""0"":19,""1"":13},""validation_groups"":32,""validation_records"":160},{""fit_group_counts_by_label"":{""0"":19,""1"":13},""fit_groups"":32,""fit_records"":160,""fold"":1,""group_overlap"":0,""validation_group_counts_by_label"":{""0"":14,""1"":18},""validation_groups"":32,""validation_records"":160}]",0
deduplication__metadata__none__logistic_regression,deduplication,metadata,,logistic_regression,3,800,200,160,40,0,0.21860450005624443,0.05940170004032552,0.005530099966563284,0.027650499832816422,classifier_pipeline_including_tfidf_transform,"{""model__C"":0.1}",-1.04375,"{""curve_points"":2450,""eligible"":false,""negative_threshold"":null,""positive_threshold"":null,""selected"":null}","{""balance_score"":0.006250000000000033,""calibration_group_counts_by_label"":{""0"":31,""1"":33},""calibration_groups"":64,""calibration_label_counts"":{""0"":155,""1"":165},""calibration_records"":320,""fit_group_counts_by_label"":{""0"":47,""1"":49},""fit_groups"":96,""fit_label_counts"":{""0"":235,""1"":245},""fit_records"":480,""group_overlap"":0}","[{""fit_group_counts_by_label"":{""0"":17,""1"":15},""fit_groups"":32,""fit_records"":160,""fold"":0,""group_overlap"":0,""validation_group_counts_by_label"":{""0"":14,""1"":18},""validation_groups"":32,""validation_records"":160},{""fit_group_counts_by_label"":{""0"":14,""1"":18},""fit_groups"":32,""fit_records"":160,""fold"":1,""group_overlap"":0,""validation_group_counts_by_label"":{""0"":17,""1"":15},""validation_groups"":32,""validation_records"":160}]",0
deduplication__metadata__none__logistic_regression,deduplication,metadata,,logistic_regression,4,800,200,160,40,0,0.18515430006664246,0.05823679990135133,0.015570900053717196,0.07785450026858598,classifier_pipeline_including_tfidf_transform,"{""model__C"":0.1}",-0.7333333333333334,"{""curve_points"":2450,""eligible"":false,""negative_threshold"":null,""positive_threshold"":null,""selected"":null}","{""balance_score"":0.006250000000000033,""calibration_group_counts_by_label"":{""0"":31,""1"":33},""calibration_groups"":64,""calibration_label_counts"":{""0"":155,""1"":165},""calibration_records"":320,""fit_group_counts_by_label"":{""0"":47,""1"":49},""fit_groups"":96,""fit_label_counts"":{""0"":235,""1"":245},""fit_records"":480,""group_overlap"":0}","[{""fit_group_counts_by_label"":{""0"":18,""1"":14},""fit_groups"":32,""fit_records"":160,""fold"":0,""group_overlap"":0,""validation_group_counts_by_label"":{""0"":13,""1"":19},""validation_groups"":32,""validation_records"":160},{""fit_group_counts_by_label"":{""0"":13,""1"":19},""fit_groups"":32,""fit_records"":160,""fold"":1,""group_overlap"":0,""validation_group_counts_by_label"":{""0"":18,""1"":14},""validation_groups"":32,""validation_records"":160}]",0
deduplication__metadata__none__decision_tree,deduplication,metadata,,decision_tree,0,800,200,160,40,0,0.24818460003007203,0.06494049995671958,0.005974999978207052,0.02987499989103526,classifier_pipeline_including_tfidf_transform,"{""model__max_depth"":6,""model__min_samples_leaf"":2}",-1.3916666666666668,"{""curve_points"":2450,""eligible"":false,""negative_threshold"":null,""positive_threshold"":null,""selected"":null}","{""balance_score"":0.006250000000000033,""calibration_group_counts_by_label"":{""0"":33,""1"":31},""calibration_groups"":64,""calibration_label_counts"":{""0"":165,""1"":155},""calibration_records"":320,""fit_group_counts_by_label"":{""0"":50,""1"":46},""fit_groups"":96,""fit_label_counts"":{""0"":250,""1"":230},""fit_records"":480,""group_overlap"":0}","[{""fit_group_counts_by_label"":{""0"":14,""1"":18},""fit_groups"":32,""fit_records"":160,""fold"":0,""group_overlap"":0,""validation_group_counts_by_label"":{""0"":19,""1"":13},""validation_groups"":32,""validation_records"":160},{""fit_group_counts_by_label"":{""0"":19,""1"":13},""fit_groups"":32,""fit_records"":160,""fold"":1,""group_overlap"":0,""validation_group_counts_by_label"":{""0"":14,""1"":18},""validation_groups"":32,""validation_records"":160}]",0
deduplication__metadata__none__decision_tree,deduplication,metadata,,decision_tree,1,800,200,160,40,0,0.2860704999184236,0.0636180000146851,0.0057357000187039375,0.028678500093519688,classifier_pipeline_including_tfidf_transform,"{""model__max_depth"":3,""model__min_samples_leaf"":2}",-1.0645833333333334,"{""curve_points"":2450,""eligible"":false,""negative_threshold"":null,""positive_threshold"":null,""selected"":null}","{""balance_score"":0.006250000000000033,""calibration_group_counts_by_label"":{""0"":31,""1"":33},""calibration_groups"":64,""calibration_label_counts"":{""0"":155,""1"":165},""calibration_records"":320,""fit_group_counts_by_label"":{""0"":47,""1"":49},""fit_groups"":96,""fit_label_counts"":{""0"":235,""1"":245},""fit_records"":480,""group_overlap"":0}","[{""fit_group_counts_by_label"":{""0"":16,""1"":16},""fit_groups"":32,""fit_records"":160,""fold"":0,""group_overlap"":0,""validation_group_counts_by_label"":{""0"":15,""1"":17},""validation_groups"":32,""validation_records"":160},{""fit_group_counts_by_label"":{""0"":15,""1"":17},""fit_groups"":32,""fit_records"":160,""fold"":1,""group_overlap"":0,""validation_group_counts_by_label"":{""0"":16,""1"":16},""validation_groups"":32,""validation_records"":160}]",0
deduplication__metadata__none__decision_tree,deduplication,metadata,,decision_tree,2,800,200,160,40,0,0.24493609997443855,0.06387279997579753,0.0055342999985441566,0.027671499992720783,classifier_pipeline_including_tfidf_transform,"{""model__max_depth"":3,""model__min_samples_leaf"":2}",-0.8333333333333334,"{""curve_points"":2450,""eligible"":false,""negative_threshold"":null,""positive_threshold"":null,""selected"":null}","{""balance_score"":0.006250000000000033,""calibration_group_counts_by_label"":{""0"":33,""1"":31},""calibration_groups"":64,""calibration_label_counts"":{""0"":165,""1"":155},""calibration_records"":320,""fit_group_counts_by_label"":{""0"":50,""1"":46},""fit_groups"":96,""fit_label_counts"":{""0"":250,""1"":230},""fit_records"":480,""group_overlap"":0}","[{""fit_group_counts_by_label"":{""0"":14,""1"":18},""fit_groups"":32,""fit_records"":160,""fold"":0,""group_overlap"":0,""validation_group_counts_by_label"":{""0"":19,""1"":13},""validation_groups"":32,""validation_records"":160},{""fit_group_counts_by_label"":{""0"":19,""1"":13},""fit_groups"":32,""fit_records"":160,""fold"":1,""group_overlap"":0,""validation_group_counts_by_label"":{""0"":14,""1"":18},""validation_groups"":32,""validation_records"":160}]",0
deduplication__metadata__none__decision_tree,deduplication,metadata,,decision_tree,3,800,200,160,40,0,0.3097467999905348,0.06173970003146678,0.005468399962410331,0.027341999812051654,classifier_pipeline_including_tfidf_transform,"{""model__max_depth"":3,""model__min_samples_leaf"":2}",-1.5958333333333332,"{""curve_points"":2450,""eligible"":false,""negative_threshold"":null,""positive_threshold"":null,""selected"":null}","{""balance_score"":0.006250000000000033,""calibration_group_counts_by_label"":{""0"":31,""1"":33},""calibration_groups"":64,""calibration_label_counts"":{""0"":155,""1"":165},""calibration_records"":320,""fit_group_counts_by_label"":{""0"":47,""1"":49},""fit_groups"":96,""fit_label_counts"":{""0"":235,""1"":245},""fit_records"":480,""group_overlap"":0}","[{""fit_group_counts_by_label"":{""0"":17,""1"":15},""fit_groups"":32,""fit_records"":160,""fold"":0,""group_overlap"":0,""validation_group_counts_by_label"":{""0"":14,""1"":18},""validation_groups"":32,""validation_records"":160},{""fit_group_counts_by_label"":{""0"":14,""1"":18},""fit_groups"":32,""fit_records"":160,""fold"":1,""group_overlap"":0,""validation_group_counts_by_label"":{""0"":17,""1"":15},""validation_groups"":32,""validation_records"":160}]",0
deduplication__metadata__none__decision_tree,deduplication,metadata,,decision_tree,4,800,200,160,40,0,0.24561119999270886,0.061423800070770085,0.018063200055621564,0.09031600027810782,classifier_pipeline_including_tfidf_transform,"{""model__max_depth"":3,""model__min_samples_leaf"":2}",-0.6666666666666666,"{""curve_points"":2450,""eligible"":false,""negative_threshold"":null,""positive_threshold"":null,""selected"":null}","{""balance_score"":0.006250000000000033,""calibration_group_counts_by_label"":{""0"":31,""1"":33},""calibration_groups"":64,""calibration_label_counts"":{""0"":155,""1"":165},""calibration_records"":320,""fit_group_counts_by_label"":{""0"":47,""1"":49},""fit_groups"":96,""fit_label_counts"":{""0"":235,""1"":245},""fit_records"":480,""group_overlap"":0}","[{""fit_group_counts_by_label"":{""0"":18,""1"":14},""fit_groups"":32,""fit_records"":160,""fold"":0,""group_overlap"":0,""validation_group_counts_by_label"":{""0"":13,""1"":19},""validation_groups"":32,""validation_records"":160},{""fit_group_counts_by_label"":{""0"":13,""1"":19},""fit_groups"":32,""fit_records"":160,""fold"":1,""group_overlap"":0,""validation_group_counts_by_label"":{""0"":18,""1"":14},""validation_groups"":32,""validation_records"":160}]",0
deduplication__metadata__none__linear_svm,deduplication,metadata,,linear_svm,0,800,200,160,40,0,0.18445739999879152,0.06049349997192621,0.009481800021603703,0.04740900010801852,classifier_pipeline_including_tfidf_transform,"{""model__C"":10.0}",-1.2604166666666667,"{""curve_points"":2450,""eligible"":false,""negative_threshold"":null,""positive_threshold"":null,""selected"":null}","{""balance_score"":0.006250000000000033,""calibration_group_counts_by_label"":{""0"":33,""1"":31},""calibration_groups"":64,""calibration_label_counts"":{""0"":165,""1"":155},""calibration_records"":320,""fit_group_counts_by_label"":{""0"":50,""1"":46},""fit_groups"":96,""fit_label_counts"":{""0"":250,""1"":230},""fit_records"":480,""group_overlap"":0}","[{""fit_group_counts_by_label"":{""0"":14,""1"":18},""fit_groups"":32,""fit_records"":160,""fold"":0,""group_overlap"":0,""validation_group_counts_by_label"":{""0"":19,""1"":13},""validation_groups"":32,""validation_records"":160},{""fit_group_counts_by_label"":{""0"":19,""1"":13},""fit_groups"":32,""fit_records"":160,""fold"":1,""group_overlap"":0,""validation_group_counts_by_label"":{""0"":14,""1"":18},""validation_groups"":32,""validation_records"":160}]",0
deduplication__metadata__none__linear_svm,deduplication,metadata,,linear_svm,1,800,200,160,40,0,0.1829132999991998,0.06349329999648035,0.005941699957475066,0.02970849978737533,classifier_pipeline_including_tfidf_transform,"{""model__C"":1.0}",-1.16875,"{""curve_points"":2450,""eligible"":false,""negative_threshold"":null,""positive_threshold"":null,""selected"":null}","{""balance_score"":0.006250000000000033,""calibration_group_counts_by_label"":{""0"":31,""1"":33},""calibration_groups"":64,""calibration_label_counts"":{""0"":155,""1"":165},""calibration_records"":320,""fit_group_counts_by_label"":{""0"":47,""1"":49},""fit_groups"":96,""fit_label_counts"":{""0"":235,""1"":245},""fit_records"":480,""group_overlap"":0}","[{""fit_group_counts_by_label"":{""0"":16,""1"":16},""fit_groups"":32,""fit_records"":160,""fold"":0,""group_overlap"":0,""validation_group_counts_by_label"":{""0"":15,""1"":17},""validation_groups"":32,""validation_records"":160},{""fit_group_counts_by_label"":{""0"":15,""1"":17},""fit_groups"":32,""fit_records"":160,""fold"":1,""group_overlap"":0,""validation_group_counts_by_label"":{""0"":16,""1"":16},""validation_groups"":32,""validation_records"":160}]",0
deduplication__metadata__none__linear_svm,deduplication,metadata,,linear_svm,2,800,200,160,40,0,0.18873719999101013,0.062266699969768524,0.006034900085069239,0.030174500425346196,classifier_pipeline_including_tfidf_transform,"{""model__C"":0.1}",-1.2791666666666666,"{""curve_points"":2450,""eligible"":false,""negative_threshold"":null,""positive_threshold"":null,""selected"":null}","{""balance_score"":0.006250000000000033,""calibration_group_counts_by_label"":{""0"":33,""1"":31},""calibration_groups"":64,""calibration_label_counts"":{""0"":165,""1"":155},""calibration_records"":320,""fit_group_counts_by_label"":{""0"":50,""1"":46},""fit_groups"":96,""fit_label_counts"":{""0"":250,""1"":230},""fit_records"":480,""group_overlap"":0}","[{""fit_group_counts_by_label"":{""0"":14,""1"":18},""fit_groups"":32,""fit_records"":160,""fold"":0,""group_overlap"":0,""validation_group_counts_by_label"":{""0"":19,""1"":13},""validation_groups"":32,""validation_records"":160},{""fit_group_counts_by_label"":{""0"":19,""1"":13},""fit_groups"":32,""fit_records"":160,""fold"":1,""group_overlap"":0,""validation_group_counts_by_label"":{""0"":14,""1"":18},""validation_groups"":32,""validation_records"":160}]",0
deduplication__metadata__none__linear_svm,deduplication,metadata,,linear_svm,3,800,200,160,40,0,0.2292689000023529,0.09137359994929284,0.005633700056932867,0.028168500284664333,classifier_pipeline_including_tfidf_transform,"{""model__C"":0.1}",-1.1875000000000002,"{""curve_points"":2450,""eligible"":false,""negative_threshold"":null,""positive_threshold"":null,""selected"":null}","{""balance_score"":0.006250000000000033,""calibration_group_counts_by_label"":{""0"":31,""1"":33},""calibration_groups"":64,""calibration_label_counts"":{""0"":155,""1"":165},""calibration_records"":320,""fit_group_counts_by_label"":{""0"":47,""1"":49},""fit_groups"":96,""fit_label_counts"":{""0"":235,""1"":245},""fit_records"":480,""group_overlap"":0}","[{""fit_group_counts_by_label"":{""0"":17,""1"":15},""fit_groups"":32,""fit_records"":160,""fold"":0,""group_overlap"":0,""validation_group_counts_by_label"":{""0"":14,""1"":18},""validation_groups"":32,""validation_records"":160},{""fit_group_counts_by_label"":{""0"":14,""1"":18},""fit_groups"":32,""fit_records"":160,""fold"":1,""group_overlap"":0,""validation_group_counts_by_label"":{""0"":17,""1"":15},""validation_groups"":32,""validation_records"":160}]",0
deduplication__metadata__none__linear_svm,deduplication,metadata,,linear_svm,4,800,200,160,40,0,0.1816942000295967,0.06027409993112087,0.0053159999661147594,0.026579999830573797,classifier_pipeline_including_tfidf_transform,"{""model__C"":0.1}",-1.0270833333333333,"{""curve_points"":2450,""eligible"":false,""negative_threshold"":null,""positive_threshold"":null,""selected"":null}","{""balance_score"":0.006250000000000033,""calibration_group_counts_by_label"":{""0"":31,""1"":33},""calibration_groups"":64,""calibration_label_counts"":{""0"":155,""1"":165},""calibration_records"":320,""fit_group_counts_by_label"":{""0"":47,""1"":49},""fit_groups"":96,""fit_label_counts"":{""0"":235,""1"":245},""fit_records"":480,""group_overlap"":0}","[{""fit_group_counts_by_label"":{""0"":18,""1"":14},""fit_groups"":32,""fit_records"":160,""fold"":0,""group_overlap"":0,""validation_group_counts_by_label"":{""0"":13,""1"":19},""validation_groups"":32,""validation_records"":160},{""fit_group_counts_by_label"":{""0"":13,""1"":19},""fit_groups"":32,""fit_records"":160,""fold"":1,""group_overlap"":0,""validation_group_counts_by_label"":{""0"":18,""1"":14},""validation_groups"":32,""validation_records"":160}]",0
deduplication__metadata__none__mlp,deduplication,metadata,,mlp,0,800,200,160,40,0,17.810707200085744,0.06293310003820807,0.005849300068803132,0.029246500344015658,classifier_pipeline_including_tfidf_transform,"{""model__alpha"":0.001,""model__hidden_layer_sizes"":[32]}",-1.4395833333333334,"{""curve_points"":2450,""eligible"":false,""negative_threshold"":null,""positive_threshold"":null,""selected"":null}","{""balance_score"":0.006250000000000033,""calibration_group_counts_by_label"":{""0"":33,""1"":31},""calibration_groups"":64,""calibration_label_counts"":{""0"":165,""1"":155},""calibration_records"":320,""fit_group_counts_by_label"":{""0"":50,""1"":46},""fit_groups"":96,""fit_label_counts"":{""0"":250,""1"":230},""fit_records"":480,""group_overlap"":0}","[{""fit_group_counts_by_label"":{""0"":14,""1"":18},""fit_groups"":32,""fit_records"":160,""fold"":0,""group_overlap"":0,""validation_group_counts_by_label"":{""0"":19,""1"":13},""validation_groups"":32,""validation_records"":160},{""fit_group_counts_by_label"":{""0"":19,""1"":13},""fit_groups"":32,""fit_records"":160,""fold"":1,""group_overlap"":0,""validation_group_counts_by_label"":{""0"":14,""1"":18},""validation_groups"":32,""validation_records"":160}]",0
deduplication__metadata__none__mlp,deduplication,metadata,,mlp,1,800,200,160,40,0,16.58250640006736,0.0911818000022322,0.005489900009706616,0.027449500048533082,classifier_pipeline_including_tfidf_transform,"{""model__alpha"":0.001,""model__hidden_layer_sizes"":[16]}",-1.2125000000000001,"{""curve_points"":2450,""eligible"":false,""negative_threshold"":null,""positive_threshold"":null,""selected"":null}","{""balance_score"":0.006250000000000033,""calibration_group_counts_by_label"":{""0"":31,""1"":33},""calibration_groups"":64,""calibration_label_counts"":{""0"":155,""1"":165},""calibration_records"":320,""fit_group_counts_by_label"":{""0"":47,""1"":49},""fit_groups"":96,""fit_label_counts"":{""0"":235,""1"":245},""fit_records"":480,""group_overlap"":0}","[{""fit_group_counts_by_label"":{""0"":16,""1"":16},""fit_groups"":32,""fit_records"":160,""fold"":0,""group_overlap"":0,""validation_group_counts_by_label"":{""0"":15,""1"":17},""validation_groups"":32,""validation_records"":160},{""fit_group_counts_by_label"":{""0"":15,""1"":17},""fit_groups"":32,""fit_records"":160,""fold"":1,""group_overlap"":0,""validation_group_counts_by_label"":{""0"":16,""1"":16},""validation_groups"":32,""validation_records"":160}]",0
deduplication__metadata__none__mlp,deduplication,metadata,,mlp,2,800,200,160,40,0,14.74303560005501,0.06352520000655204,0.005504600005224347,0.027523000026121736,classifier_pipeline_including_tfidf_transform,"{""model__alpha"":0.001,""model__hidden_layer_sizes"":[16]}",-1.4166666666666667,"{""curve_points"":2450,""eligible"":false,""negative_threshold"":null,""positive_threshold"":null,""selected"":null}","{""balance_score"":0.006250000000000033,""calibration_group_counts_by_label"":{""0"":33,""1"":31},""calibration_groups"":64,""calibration_label_counts"":{""0"":165,""1"":155},""calibration_records"":320,""fit_group_counts_by_label"":{""0"":50,""1"":46},""fit_groups"":96,""fit_label_counts"":{""0"":250,""1"":230},""fit_records"":480,""group_overlap"":0}","[{""fit_group_counts_by_label"":{""0"":14,""1"":18},""fit_groups"":32,""fit_records"":160,""fold"":0,""group_overlap"":0,""validation_group_counts_by_label"":{""0"":19,""1"":13},""validation_groups"":32,""validation_records"":160},{""fit_group_counts_by_label"":{""0"":19,""1"":13},""fit_groups"":32,""fit_records"":160,""fold"":1,""group_overlap"":0,""validation_group_counts_by_label"":{""0"":14,""1"":18},""validation_groups"":32,""validation_records"":160}]",0
deduplication__metadata__none__mlp,deduplication,metadata,,mlp,3,800,200,160,40,0,16.038674199953675,0.08131400006823242,0.006015300052240491,0.030076500261202455,classifier_pipeline_including_tfidf_transform,"{""model__alpha"":0.001,""model__hidden_layer_sizes"":[16]}",-1.4333333333333333,"{""curve_points"":2450,""eligible"":false,""negative_threshold"":null,""positive_threshold"":null,""selected"":null}","{""balance_score"":0.006250000000000033,""calibration_group_counts_by_label"":{""0"":31,""1"":33},""calibration_groups"":64,""calibration_label_counts"":{""0"":155,""1"":165},""calibration_records"":320,""fit_group_counts_by_label"":{""0"":47,""1"":49},""fit_groups"":96,""fit_label_counts"":{""0"":235,""1"":245},""fit_records"":480,""group_overlap"":0}","[{""fit_group_counts_by_label"":{""0"":17,""1"":15},""fit_groups"":32,""fit_records"":160,""fold"":0,""group_overlap"":0,""validation_group_counts_by_label"":{""0"":14,""1"":18},""validation_groups"":32,""validation_records"":160},{""fit_group_counts_by_label"":{""0"":14,""1"":18},""fit_groups"":32,""fit_records"":160,""fold"":1,""group_overlap"":0,""validation_group_counts_by_label"":{""0"":17,""1"":15},""validation_groups"":32,""validation_records"":160}]",0
deduplication__metadata__none__mlp,deduplication,metadata,,mlp,4,800,200,160,40,0,13.412719000014476,0.0607827000785619,0.00597679999191314,0.0298839999595657,classifier_pipeline_including_tfidf_transform,"{""model__alpha"":0.001,""model__hidden_layer_sizes"":[16]}",-1.0395833333333333,"{""curve_points"":2450,""eligible"":false,""negative_threshold"":null,""positive_threshold"":null,""selected"":null}","{""balance_score"":0.006250000000000033,""calibration_group_counts_by_label"":{""0"":31,""1"":33},""calibration_groups"":64,""calibration_label_counts"":{""0"":155,""1"":165},""calibration_records"":320,""fit_group_counts_by_label"":{""0"":47,""1"":49},""fit_groups"":96,""fit_label_counts"":{""0"":235,""1"":245},""fit_records"":480,""group_overlap"":0}","[{""fit_group_counts_by_label"":{""0"":18,""1"":14},""fit_groups"":32,""fit_records"":160,""fold"":0,""group_overlap"":0,""validation_group_counts_by_label"":{""0"":13,""1"":19},""validation_groups"":32,""validation_records"":160},{""fit_group_counts_by_label"":{""0"":13,""1"":19},""fit_groups"":32,""fit_records"":160,""fold"":1,""group_overlap"":0,""validation_group_counts_by_label"":{""0"":18,""1"":14},""validation_groups"":32,""validation_records"":160}]",0
deduplication__metadata__none__xgboost,deduplication,metadata,,xgboost,0,800,200,160,40,0,2.563030500081368,0.08964080002624542,0.007958499947562814,0.03979249973781407,classifier_pipeline_including_tfidf_transform,"{""model__learning_rate"":0.05,""model__max_depth"":2,""model__n_estimators"":160}",-1.2395833333333333,"{""curve_points"":2450,""eligible"":false,""negative_threshold"":null,""positive_threshold"":null,""selected"":null}","{""balance_score"":0.006250000000000033,""calibration_group_counts_by_label"":{""0"":33,""1"":31},""calibration_groups"":64,""calibration_label_counts"":{""0"":165,""1"":155},""calibration_records"":320,""fit_group_counts_by_label"":{""0"":50,""1"":46},""fit_groups"":96,""fit_label_counts"":{""0"":250,""1"":230},""fit_records"":480,""group_overlap"":0}","[{""fit_group_counts_by_label"":{""0"":14,""1"":18},""fit_groups"":32,""fit_records"":160,""fold"":0,""group_overlap"":0,""validation_group_counts_by_label"":{""0"":19,""1"":13},""validation_groups"":32,""validation_records"":160},{""fit_group_counts_by_label"":{""0"":19,""1"":13},""fit_groups"":32,""fit_records"":160,""fold"":1,""group_overlap"":0,""validation_group_counts_by_label"":{""0"":14,""1"":18},""validation_groups"":32,""validation_records"":160}]",0
deduplication__metadata__none__xgboost,deduplication,metadata,,xgboost,1,800,200,160,40,0,2.6862302999943495,0.15285579999908805,0.01116959995124489,0.05584799975622445,classifier_pipeline_including_tfidf_transform,"{""model__learning_rate"":0.05,""model__max_depth"":4,""model__n_estimators"":160}",-1.175,"{""curve_points"":2450,""eligible"":false,""negative_threshold"":null,""positive_threshold"":null,""selected"":null}","{""balance_score"":0.006250000000000033,""calibration_group_counts_by_label"":{""0"":31,""1"":33},""calibration_groups"":64,""calibration_label_counts"":{""0"":155,""1"":165},""calibration_records"":320,""fit_group_counts_by_label"":{""0"":47,""1"":49},""fit_groups"":96,""fit_label_counts"":{""0"":235,""1"":245},""fit_records"":480,""group_overlap"":0}","[{""fit_group_counts_by_label"":{""0"":16,""1"":16},""fit_groups"":32,""fit_records"":160,""fold"":0,""group_overlap"":0,""validation_group_counts_by_label"":{""0"":15,""1"":17},""validation_groups"":32,""validation_records"":160},{""fit_group_counts_by_label"":{""0"":15,""1"":17},""fit_groups"":32,""fit_records"":160,""fold"":1,""group_overlap"":0,""validation_group_counts_by_label"":{""0"":16,""1"":16},""validation_groups"":32,""validation_records"":160}]",0
deduplication__metadata__none__xgboost,deduplication,metadata,,xgboost,2,800,200,160,40,0,2.646142699988559,0.09822829999029636,0.008574999985285103,0.04287499992642552,classifier_pipeline_including_tfidf_transform,"{""model__learning_rate"":0.05,""model__max_depth"":2,""model__n_estimators"":160}",-1.4041666666666666,"{""curve_points"":2450,""eligible"":false,""negative_threshold"":null,""positive_threshold"":null,""selected"":null}","{""balance_score"":0.006250000000000033,""calibration_group_counts_by_label"":{""0"":33,""1"":31},""calibration_groups"":64,""calibration_label_counts"":{""0"":165,""1"":155},""calibration_records"":320,""fit_group_counts_by_label"":{""0"":50,""1"":46},""fit_groups"":96,""fit_label_counts"":{""0"":250,""1"":230},""fit_records"":480,""group_overlap"":0}","[{""fit_group_counts_by_label"":{""0"":14,""1"":18},""fit_groups"":32,""fit_records"":160,""fold"":0,""group_overlap"":0,""validation_group_counts_by_label"":{""0"":19,""1"":13},""validation_groups"":32,""validation_records"":160},{""fit_group_counts_by_label"":{""0"":19,""1"":13},""fit_groups"":32,""fit_records"":160,""fold"":1,""group_overlap"":0,""validation_group_counts_by_label"":{""0"":14,""1"":18},""validation_groups"":32,""validation_records"":160}]",0
deduplication__metadata__none__xgboost,deduplication,metadata,,xgboost,3,800,200,160,40,0,2.7729705999372527,0.0953003999311477,0.01070760004222393,0.05353800021111965,classifier_pipeline_including_tfidf_transform,"{""model__learning_rate"":0.05,""model__max_depth"":4,""model__n_estimators"":160}",-1.5041666666666667,"{""curve_points"":2450,""eligible"":false,""negative_threshold"":null,""positive_threshold"":null,""selected"":null}","{""balance_score"":0.006250000000000033,""calibration_group_counts_by_label"":{""0"":31,""1"":33},""calibration_groups"":64,""calibration_label_counts"":{""0"":155,""1"":165},""calibration_records"":320,""fit_group_counts_by_label"":{""0"":47,""1"":49},""fit_groups"":96,""fit_label_counts"":{""0"":235,""1"":245},""fit_records"":480,""group_overlap"":0}","[{""fit_group_counts_by_label"":{""0"":17,""1"":15},""fit_groups"":32,""fit_records"":160,""fold"":0,""group_overlap"":0,""validation_group_counts_by_label"":{""0"":14,""1"":18},""validation_groups"":32,""validation_records"":160},{""fit_group_counts_by_label"":{""0"":14,""1"":18},""fit_groups"":32,""fit_records"":160,""fold"":1,""group_overlap"":0,""validation_group_counts_by_label"":{""0"":17,""1"":15},""validation_groups"":32,""validation_records"":160}]",0
deduplication__metadata__none__xgboost,deduplication,metadata,,xgboost,4,800,200,160,40,0,2.7248863000422716,0.08283820003271103,0.009297900018282235,0.04648950009141117,classifier_pipeline_including_tfidf_transform,"{""model__learning_rate"":0.05,""model__max_depth"":2,""model__n_estimators"":160}",-1.0979166666666667,"{""curve_points"":2450,""eligible"":false,""negative_threshold"":null,""positive_threshold"":null,""selected"":null}","{""balance_score"":0.006250000000000033,""calibration_group_counts_by_label"":{""0"":31,""1"":33},""calibration_groups"":64,""calibration_label_counts"":{""0"":155,""1"":165},""calibration_records"":320,""fit_group_counts_by_label"":{""0"":47,""1"":49},""fit_groups"":96,""fit_label_counts"":{""0"":235,""1"":245},""fit_records"":480,""group_overlap"":0}","[{""fit_group_counts_by_label"":{""0"":18,""1"":14},""fit_groups"":32,""fit_records"":160,""fold"":0,""group_overlap"":0,""validation_group_counts_by_label"":{""0"":13,""1"":19},""validation_groups"":32,""validation_records"":160},{""fit_group_counts_by_label"":{""0"":13,""1"":19},""fit_groups"":32,""fit_records"":160,""fold"":1,""group_overlap"":0,""validation_group_counts_by_label"":{""0"":18,""1"":14},""validation_groups"":32,""validation_records"":160}]",0
deduplication__hybrid_metadata__granite97m__logistic_regression,deduplication,hybrid_metadata,granite97m,logistic_regression,0,800,200,160,40,0,12.960898999939673,1.2169708999572322,0.24511190003249794,1.2255595001624897,classifier_pipeline_with_precomputed_embedding,"{""model__C"":0.1}",0.0,"{""curve_points"":2450,""eligible"":true,""negative_threshold"":0.05,""positive_threshold"":0.95,""selected"":{""abstained"":0,""automated_false_negative_rate"":0.0,""automated_false_positive_rate"":0.0,""automation_duplicate_recall"":1.0,""automation_nonduplicate_recall"":1.0,""coverage"":1.0,""covered"":320,""covered_error_rate"":0.0,""false_negative_cost"":5.0,""false_positive_cost"":1.0,""fn"":0,""fp"":0,""negative_predictive_value"":1.0,""negative_threshold"":0.05,""negatives"":165,""positive_threshold"":0.95,""positives"":155,""precision"":1.0,""threshold"":0.95,""tn"":165,""tp"":155,""weighted_covered_error"":0.0}}","{""balance_score"":0.006250000000000033,""calibration_group_counts_by_label"":{""0"":33,""1"":31},""calibration_groups"":64,""calibration_label_counts"":{""0"":165,""1"":155},""calibration_records"":320,""fit_group_counts_by_label"":{""0"":50,""1"":46},""fit_groups"":96,""fit_label_counts"":{""0"":250,""1"":230},""fit_records"":480,""group_overlap"":0}","[{""fit_group_counts_by_label"":{""0"":14,""1"":18},""fit_groups"":32,""fit_records"":160,""fold"":0,""group_overlap"":0,""validation_group_counts_by_label"":{""0"":19,""1"":13},""validation_groups"":32,""validation_records"":160},{""fit_group_counts_by_label"":{""0"":19,""1"":13},""fit_groups"":32,""fit_records"":160,""fold"":1,""group_overlap"":0,""validation_group_counts_by_label"":{""0"":14,""1"":18},""validation_groups"":32,""validation_records"":160}]",0
deduplication__hybrid_metadata__granite97m__logistic_regression,deduplication,hybrid_metadata,granite97m,logistic_regression,1,800,200,160,40,0,13.49268529994879,1.262439199956134,0.38119610003195703,1.9059805001597852,classifier_pipeline_with_precomputed_embedding,"{""model__C"":0.1}",0.0,"{""curve_points"":2450,""eligible"":true,""negative_threshold"":0.04,""positive_threshold"":0.96,""selected"":{""abstained"":0,""automated_false_negative_rate"":0.0,""automated_false_positive_rate"":0.0,""automation_duplicate_recall"":1.0,""automation_nonduplicate_recall"":1.0,""coverage"":1.0,""covered"":320,""covered_error_rate"":0.0,""false_negative_cost"":5.0,""false_positive_cost"":1.0,""fn"":0,""fp"":0,""negative_predictive_value"":1.0,""negative_threshold"":0.04,""negatives"":155,""positive_threshold"":0.96,""positives"":165,""precision"":1.0,""threshold"":0.96,""tn"":155,""tp"":165,""weighted_covered_error"":0.0}}","{""balance_score"":0.006250000000000033,""calibration_group_counts_by_label"":{""0"":31,""1"":33},""calibration_groups"":64,""calibration_label_counts"":{""0"":155,""1"":165},""calibration_records"":320,""fit_group_counts_by_label"":{""0"":47,""1"":49},""fit_groups"":96,""fit_label_counts"":{""0"":235,""1"":245},""fit_records"":480,""group_overlap"":0}","[{""fit_group_counts_by_label"":{""0"":16,""1"":16},""fit_groups"":32,""fit_records"":160,""fold"":0,""group_overlap"":0,""validation_group_counts_by_label"":{""0"":15,""1"":17},""validation_groups"":32,""validation_records"":160},{""fit_group_counts_by_label"":{""0"":15,""1"":17},""fit_groups"":32,""fit_records"":160,""fold"":1,""group_overlap"":0,""validation_group_counts_by_label"":{""0"":16,""1"":16},""validation_groups"":32,""validation_records"":160}]",0
deduplication__hybrid_metadata__granite97m__logistic_regression,deduplication,hybrid_metadata,granite97m,logistic_regression,2,800,200,160,40,0,13.359813199960627,1.2612451000604779,0.24497130000963807,1.2248565000481904,classifier_pipeline_with_precomputed_embedding,"{""model__C"":0.1}",0.0,"{""curve_points"":2450,""eligible"":true,""negative_threshold"":0.05,""positive_threshold"":0.95,""selected"":{""abstained"":0,""automated_false_negative_rate"":0.0,""automated_false_positive_rate"":0.0,""automation_duplicate_recall"":1.0,""automation_nonduplicate_recall"":1.0,""coverage"":1.0,""covered"":320,""covered_error_rate"":0.0,""false_negative_cost"":5.0,""false_positive_cost"":1.0,""fn"":0,""fp"":0,""negative_predictive_value"":1.0,""negative_threshold"":0.05,""negatives"":165,""positive_threshold"":0.95,""positives"":155,""precision"":1.0,""threshold"":0.95,""tn"":165,""tp"":155,""weighted_covered_error"":0.0}}","{""balance_score"":0.006250000000000033,""calibration_group_counts_by_label"":{""0"":33,""1"":31},""calibration_groups"":64,""calibration_label_counts"":{""0"":165,""1"":155},""calibration_records"":320,""fit_group_counts_by_label"":{""0"":50,""1"":46},""fit_groups"":96,""fit_label_counts"":{""0"":250,""1"":230},""fit_records"":480,""group_overlap"":0}","[{""fit_group_counts_by_label"":{""0"":14,""1"":18},""fit_groups"":32,""fit_records"":160,""fold"":0,""group_overlap"":0,""validation_group_counts_by_label"":{""0"":19,""1"":13},""validation_groups"":32,""validation_records"":160},{""fit_group_counts_by_label"":{""0"":19,""1"":13},""fit_groups"":32,""fit_records"":160,""fold"":1,""group_overlap"":0,""validation_group_counts_by_label"":{""0"":14,""1"":18},""validation_groups"":32,""validation_records"":160}]",0
deduplication__hybrid_metadata__granite97m__logistic_regression,deduplication,hybrid_metadata,granite97m,logistic_regression,3,800,200,160,40,0,12.830143500003032,1.2347209999570623,0.31073809997178614,1.5536904998589307,classifier_pipeline_with_precomputed_embedding,"{""model__C"":1.0}",0.0,"{""curve_points"":2450,""eligible"":true,""negative_threshold"":0.05,""positive_threshold"":0.96,""selected"":{""abstained"":0,""automated_false_negative_rate"":0.0,""automated_false_positive_rate"":0.0,""automation_duplicate_recall"":1.0,""automation_nonduplicate_recall"":1.0,""coverage"":1.0,""covered"":320,""covered_error_rate"":0.0,""false_negative_cost"":5.0,""false_positive_cost"":1.0,""fn"":0,""fp"":0,""negative_predictive_value"":1.0,""negative_threshold"":0.05,""negatives"":155,""positive_threshold"":0.96,""positives"":165,""precision"":1.0,""threshold"":0.96,""tn"":155,""tp"":165,""weighted_covered_error"":0.0}}","{""balance_score"":0.006250000000000033,""calibration_group_counts_by_label"":{""0"":31,""1"":33},""calibration_groups"":64,""calibration_label_counts"":{""0"":155,""1"":165},""calibration_records"":320,""fit_group_counts_by_label"":{""0"":47,""1"":49},""fit_groups"":96,""fit_label_counts"":{""0"":235,""1"":245},""fit_records"":480,""group_overlap"":0}","[{""fit_group_counts_by_label"":{""0"":17,""1"":15},""fit_groups"":32,""fit_records"":160,""fold"":0,""group_overlap"":0,""validation_group_counts_by_label"":{""0"":14,""1"":18},""validation_groups"":32,""validation_records"":160},{""fit_group_counts_by_label"":{""0"":14,""1"":18},""fit_groups"":32,""fit_records"":160,""fold"":1,""group_overlap"":0,""validation_group_counts_by_label"":{""0"":17,""1"":15},""validation_groups"":32,""validation_records"":160}]",0
deduplication__hybrid_metadata__granite97m__logistic_regression,deduplication,hybrid_metadata,granite97m,logistic_regression,4,800,200,160,40,0,12.390766899916343,1.2600464000133798,0.2855182000203058,1.427591000101529,classifier_pipeline_with_precomputed_embedding,"{""model__C"":0.1}",0.0,"{""curve_points"":2450,""eligible"":true,""negative_threshold"":0.06,""positive_threshold"":0.93,""selected"":{""abstained"":0,""automated_false_negative_rate"":0.0,""automated_false_positive_rate"":0.0,""automation_duplicate_recall"":1.0,""automation_nonduplicate_recall"":1.0,""coverage"":1.0,""covered"":320,""covered_error_rate"":0.0,""false_negative_cost"":5.0,""false_positive_cost"":1.0,""fn"":0,""fp"":0,""negative_predictive_value"":1.0,""negative_threshold"":0.06,""negatives"":155,""positive_threshold"":0.93,""positives"":165,""precision"":1.0,""threshold"":0.93,""tn"":155,""tp"":165,""weighted_covered_error"":0.0}}","{""balance_score"":0.006250000000000033,""calibration_group_counts_by_label"":{""0"":31,""1"":33},""calibration_groups"":64,""calibration_label_counts"":{""0"":155,""1"":165},""calibration_records"":320,""fit_group_counts_by_label"":{""0"":47,""1"":49},""fit_groups"":96,""fit_label_counts"":{""0"":235,""1"":245},""fit_records"":480,""group_overlap"":0}","[{""fit_group_counts_by_label"":{""0"":18,""1"":14},""fit_groups"":32,""fit_records"":160,""fold"":0,""group_overlap"":0,""validation_group_counts_by_label"":{""0"":13,""1"":19},""validation_groups"":32,""validation_records"":160},{""fit_group_counts_by_label"":{""0"":13,""1"":19},""fit_groups"":32,""fit_records"":160,""fold"":1,""group_overlap"":0,""validation_group_counts_by_label"":{""0"":18,""1"":14},""validation_groups"":32,""validation_records"":160}]",0
deduplication__hybrid_metadata__granite97m__decision_tree,deduplication,hybrid_metadata,granite97m,decision_tree,0,800,200,160,40,0,20.18010590004269,1.2980997000122443,0.3312002000166103,1.6560010000830516,classifier_pipeline_with_precomputed_embedding,"{""model__max_depth"":3,""model__min_samples_leaf"":2}",-0.04583333333333334,"{""curve_points"":2450,""eligible"":true,""negative_threshold"":0.03,""positive_threshold"":0.98,""selected"":{""abstained"":0,""automated_false_negative_rate"":0.0064516129032258064,""automated_false_positive_rate"":0.0,""automation_duplicate_recall"":0.9935483870967742,""automation_nonduplicate_recall"":1.0,""coverage"":1.0,""covered"":320,""covered_error_rate"":0.003125,""false_negative_cost"":5.0,""false_positive_cost"":1.0,""fn"":1,""fp"":0,""negative_predictive_value"":0.9939759036144579,""negative_threshold"":0.03,""negatives"":165,""positive_threshold"":0.98,""positives"":155,""precision"":1.0,""threshold"":0.98,""tn"":165,""tp"":154,""weighted_covered_error"":0.015625}}","{""balance_score"":0.006250000000000033,""calibration_group_counts_by_label"":{""0"":33,""1"":31},""calibration_groups"":64,""calibration_label_counts"":{""0"":165,""1"":155},""calibration_records"":320,""fit_group_counts_by_label"":{""0"":50,""1"":46},""fit_groups"":96,""fit_label_counts"":{""0"":250,""1"":230},""fit_records"":480,""group_overlap"":0}","[{""fit_group_counts_by_label"":{""0"":14,""1"":18},""fit_groups"":32,""fit_records"":160,""fold"":0,""group_overlap"":0,""validation_group_counts_by_label"":{""0"":19,""1"":13},""validation_groups"":32,""validation_records"":160},{""fit_group_counts_by_label"":{""0"":19,""1"":13},""fit_groups"":32,""fit_records"":160,""fold"":1,""group_overlap"":0,""validation_group_counts_by_label"":{""0"":14,""1"":18},""validation_groups"":32,""validation_records"":160}]",0
deduplication__hybrid_metadata__granite97m__decision_tree,deduplication,hybrid_metadata,granite97m,decision_tree,1,800,200,160,40,0,20.174246600014158,1.245729099959135,0.22824389999732375,1.1412194999866188,classifier_pipeline_with_precomputed_embedding,"{""model__max_depth"":3,""model__min_samples_leaf"":2}",-0.10833333333333334,"{""curve_points"":2450,""eligible"":true,""negative_threshold"":0.02,""positive_threshold"":0.98,""selected"":{""abstained"":0,""automated_false_negative_rate"":0.0,""automated_false_positive_rate"":0.0,""automation_duplicate_recall"":1.0,""automation_nonduplicate_recall"":1.0,""coverage"":1.0,""covered"":320,""covered_error_rate"":0.0,""false_negative_cost"":5.0,""false_positive_cost"":1.0,""fn"":0,""fp"":0,""negative_predictive_value"":1.0,""negative_threshold"":0.02,""negatives"":155,""positive_threshold"":0.98,""positives"":165,""precision"":1.0,""threshold"":0.98,""tn"":155,""tp"":165,""weighted_covered_error"":0.0}}","{""balance_score"":0.006250000000000033,""calibration_group_counts_by_label"":{""0"":31,""1"":33},""calibration_groups"":64,""calibration_label_counts"":{""0"":155,""1"":165},""calibration_records"":320,""fit_group_counts_by_label"":{""0"":47,""1"":49},""fit_groups"":96,""fit_label_counts"":{""0"":235,""1"":245},""fit_records"":480,""group_overlap"":0}","[{""fit_group_counts_by_label"":{""0"":16,""1"":16},""fit_groups"":32,""fit_records"":160,""fold"":0,""group_overlap"":0,""validation_group_counts_by_label"":{""0"":15,""1"":17},""validation_groups"":32,""validation_records"":160},{""fit_group_counts_by_label"":{""0"":15,""1"":17},""fit_groups"":32,""fit_records"":160,""fold"":1,""group_overlap"":0,""validation_group_counts_by_label"":{""0"":16,""1"":16},""validation_groups"":32,""validation_records"":160}]",0
deduplication__hybrid_metadata__granite97m__decision_tree,deduplication,hybrid_metadata,granite97m,decision_tree,2,800,200,160,40,0,20.14491419994738,1.2749048999976367,0.2394264000467956,1.197132000233978,classifier_pipeline_with_precomputed_embedding,"{""model__max_depth"":3,""model__min_samples_leaf"":5}",-0.09375,"{""curve_points"":2450,""eligible"":true,""negative_threshold"":0.03,""positive_threshold"":0.87,""selected"":{""abstained"":0,""automated_false_negative_rate"":0.0064516129032258064,""automated_false_positive_rate"":0.03636363636363636,""automation_duplicate_recall"":0.9935483870967742,""automation_nonduplicate_recall"":0.9636363636363636,""coverage"":1.0,""covered"":320,""covered_error_rate"":0.021875,""false_negative_cost"":5.0,""false_positive_cost"":1.0,""fn"":1,""fp"":6,""negative_predictive_value"":0.99375,""negative_threshold"":0.03,""negatives"":165,""positive_threshold"":0.87,""positives"":155,""precision"":0.9625,""threshold"":0.87,""tn"":159,""tp"":154,""weighted_covered_error"":0.034375}}","{""balance_score"":0.006250000000000033,""calibration_group_counts_by_label"":{""0"":33,""1"":31},""calibration_groups"":64,""calibration_label_counts"":{""0"":165,""1"":155},""calibration_records"":320,""fit_group_counts_by_label"":{""0"":50,""1"":46},""fit_groups"":96,""fit_label_counts"":{""0"":250,""1"":230},""fit_records"":480,""group_overlap"":0}","[{""fit_group_counts_by_label"":{""0"":14,""1"":18},""fit_groups"":32,""fit_records"":160,""fold"":0,""group_overlap"":0,""validation_group_counts_by_label"":{""0"":19,""1"":13},""validation_groups"":32,""validation_records"":160},{""fit_group_counts_by_label"":{""0"":19,""1"":13},""fit_groups"":32,""fit_records"":160,""fold"":1,""group_overlap"":0,""validation_group_counts_by_label"":{""0"":14,""1"":18},""validation_groups"":32,""validation_records"":160}]",0
deduplication__hybrid_metadata__granite97m__decision_tree,deduplication,hybrid_metadata,granite97m,decision_tree,3,800,200,160,40,0,20.04256989993155,1.3437087999191135,0.24514850007835776,1.2257425003917888,classifier_pipeline_with_precomputed_embedding,"{""model__max_depth"":3,""model__min_samples_leaf"":2}",-0.12291666666666667,"{""curve_points"":2450,""eligible"":true,""negative_threshold"":0.02,""positive_threshold"":0.98,""selected"":{""abstained"":0,""automated_false_negative_rate"":0.0,""automated_false_positive_rate"":0.0,""automation_duplicate_recall"":1.0,""automation_nonduplicate_recall"":1.0,""coverage"":1.0,""covered"":320,""covered_error_rate"":0.0,""false_negative_cost"":5.0,""false_positive_cost"":1.0,""fn"":0,""fp"":0,""negative_predictive_value"":1.0,""negative_threshold"":0.02,""negatives"":155,""positive_threshold"":0.98,""positives"":165,""precision"":1.0,""threshold"":0.98,""tn"":155,""tp"":165,""weighted_covered_error"":0.0}}","{""balance_score"":0.006250000000000033,""calibration_group_counts_by_label"":{""0"":31,""1"":33},""calibration_groups"":64,""calibration_label_counts"":{""0"":155,""1"":165},""calibration_records"":320,""fit_group_counts_by_label"":{""0"":47,""1"":49},""fit_groups"":96,""fit_label_counts"":{""0"":235,""1"":245},""fit_records"":480,""group_overlap"":0}","[{""fit_group_counts_by_label"":{""0"":17,""1"":15},""fit_groups"":32,""fit_records"":160,""fold"":0,""group_overlap"":0,""validation_group_counts_by_label"":{""0"":14,""1"":18},""validation_groups"":32,""validation_records"":160},{""fit_group_counts_by_label"":{""0"":14,""1"":18},""fit_groups"":32,""fit_records"":160,""fold"":1,""group_overlap"":0,""validation_group_counts_by_label"":{""0"":17,""1"":15},""validation_groups"":32,""validation_records"":160}]",0
deduplication__hybrid_metadata__granite97m__decision_tree,deduplication,hybrid_metadata,granite97m,decision_tree,4,800,200,160,40,0,18.721054399968125,1.4694948999676853,0.2652539999689907,1.3262699998449534,classifier_pipeline_with_precomputed_embedding,"{""model__max_depth"":3,""model__min_samples_leaf"":5}",-0.02708333333333333,"{""curve_points"":2450,""eligible"":true,""negative_threshold"":0.02,""positive_threshold"":0.97,""selected"":{""abstained"":71,""automated_false_negative_rate"":0.0,""automated_false_positive_rate"":0.01935483870967742,""automation_duplicate_recall"":0.5757575757575758,""automation_nonduplicate_recall"":0.9741935483870968,""coverage"":0.778125,""covered"":249,""covered_error_rate"":0.012048192771084338,""false_negative_cost"":5.0,""false_positive_cost"":1.0,""fn"":0,""fp"":3,""negative_predictive_value"":1.0,""negative_threshold"":0.02,""negatives"":155,""positive_threshold"":0.97,""positives"":165,""precision"":0.9693877551020408,""threshold"":0.97,""tn"":151,""tp"":95,""weighted_covered_error"":0.012048192771084338}}","{""balance_score"":0.006250000000000033,""calibration_group_counts_by_label"":{""0"":31,""1"":33},""calibration_groups"":64,""calibration_label_counts"":{""0"":155,""1"":165},""calibration_records"":320,""fit_group_counts_by_label"":{""0"":47,""1"":49},""fit_groups"":96,""fit_label_counts"":{""0"":235,""1"":245},""fit_records"":480,""group_overlap"":0}","[{""fit_group_counts_by_label"":{""0"":18,""1"":14},""fit_groups"":32,""fit_records"":160,""fold"":0,""group_overlap"":0,""validation_group_counts_by_label"":{""0"":13,""1"":19},""validation_groups"":32,""validation_records"":160},{""fit_group_counts_by_label"":{""0"":13,""1"":19},""fit_groups"":32,""fit_records"":160,""fold"":1,""group_overlap"":0,""validation_group_counts_by_label"":{""0"":18,""1"":14},""validation_groups"":32,""validation_records"":160}]",0
deduplication__hybrid_metadata__granite97m__linear_svm,deduplication,hybrid_metadata,granite97m,linear_svm,0,800,200,160,40,0,14.739240500028245,1.2159157999558374,0.3080350001109764,1.540175000554882,classifier_pipeline_with_precomputed_embedding,"{""model__C"":0.1}",0.0,"{""curve_points"":2450,""eligible"":true,""negative_threshold"":0.03,""positive_threshold"":0.97,""selected"":{""abstained"":0,""automated_false_negative_rate"":0.0,""automated_false_positive_rate"":0.0,""automation_duplicate_recall"":1.0,""automation_nonduplicate_recall"":1.0,""coverage"":1.0,""covered"":320,""covered_error_rate"":0.0,""false_negative_cost"":5.0,""false_positive_cost"":1.0,""fn"":0,""fp"":0,""negative_predictive_value"":1.0,""negative_threshold"":0.03,""negatives"":165,""positive_threshold"":0.97,""positives"":155,""precision"":1.0,""threshold"":0.97,""tn"":165,""tp"":155,""weighted_covered_error"":0.0}}","{""balance_score"":0.006250000000000033,""calibration_group_counts_by_label"":{""0"":33,""1"":31},""calibration_groups"":64,""calibration_label_counts"":{""0"":165,""1"":155},""calibration_records"":320,""fit_group_counts_by_label"":{""0"":50,""1"":46},""fit_groups"":96,""fit_label_counts"":{""0"":250,""1"":230},""fit_records"":480,""group_overlap"":0}","[{""fit_group_counts_by_label"":{""0"":14,""1"":18},""fit_groups"":32,""fit_records"":160,""fold"":0,""group_overlap"":0,""validation_group_counts_by_label"":{""0"":19,""1"":13},""validation_groups"":32,""validation_records"":160},{""fit_group_counts_by_label"":{""0"":19,""1"":13},""fit_groups"":32,""fit_records"":160,""fold"":1,""group_overlap"":0,""validation_group_counts_by_label"":{""0"":14,""1"":18},""validation_groups"":32,""validation_records"":160}]",0
deduplication__hybrid_metadata__granite97m__linear_svm,deduplication,hybrid_metadata,granite97m,linear_svm,1,800,200,160,40,0,15.348320699995384,1.3510906000155956,0.22656570002436638,1.132828500121832,classifier_pipeline_with_precomputed_embedding,"{""model__C"":0.1}",0.0,"{""curve_points"":2450,""eligible"":true,""negative_threshold"":0.03,""positive_threshold"":0.97,""selected"":{""abstained"":0,""automated_false_negative_rate"":0.0,""automated_false_positive_rate"":0.0,""automation_duplicate_recall"":1.0,""automation_nonduplicate_recall"":1.0,""coverage"":1.0,""covered"":320,""covered_error_rate"":0.0,""false_negative_cost"":5.0,""false_positive_cost"":1.0,""fn"":0,""fp"":0,""negative_predictive_value"":1.0,""negative_threshold"":0.03,""negatives"":155,""positive_threshold"":0.97,""positives"":165,""precision"":1.0,""threshold"":0.97,""tn"":155,""tp"":165,""weighted_covered_error"":0.0}}","{""balance_score"":0.006250000000000033,""calibration_group_counts_by_label"":{""0"":31,""1"":33},""calibration_groups"":64,""calibration_label_counts"":{""0"":155,""1"":165},""calibration_records"":320,""fit_group_counts_by_label"":{""0"":47,""1"":49},""fit_groups"":96,""fit_label_counts"":{""0"":235,""1"":245},""fit_records"":480,""group_overlap"":0}","[{""fit_group_counts_by_label"":{""0"":16,""1"":16},""fit_groups"":32,""fit_records"":160,""fold"":0,""group_overlap"":0,""validation_group_counts_by_label"":{""0"":15,""1"":17},""validation_groups"":32,""validation_records"":160},{""fit_group_counts_by_label"":{""0"":15,""1"":17},""fit_groups"":32,""fit_records"":160,""fold"":1,""group_overlap"":0,""validation_group_counts_by_label"":{""0"":16,""1"":16},""validation_groups"":32,""validation_records"":160}]",0
deduplication__hybrid_metadata__granite97m__linear_svm,deduplication,hybrid_metadata,granite97m,linear_svm,2,800,200,160,40,0,15.228873600019142,1.4859303999692202,0.27030610002111644,1.3515305001055822,classifier_pipeline_with_precomputed_embedding,"{""model__C"":0.1}",0.0,"{""curve_points"":2450,""eligible"":true,""negative_threshold"":0.03,""positive_threshold"":0.97,""selected"":{""abstained"":0,""automated_false_negative_rate"":0.0,""automated_false_positive_rate"":0.0,""automation_duplicate_recall"":1.0,""automation_nonduplicate_recall"":1.0,""coverage"":1.0,""covered"":320,""covered_error_rate"":0.0,""false_negative_cost"":5.0,""false_positive_cost"":1.0,""fn"":0,""fp"":0,""negative_predictive_value"":1.0,""negative_threshold"":0.03,""negatives"":165,""positive_threshold"":0.97,""positives"":155,""precision"":1.0,""threshold"":0.97,""tn"":165,""tp"":155,""weighted_covered_error"":0.0}}","{""balance_score"":0.006250000000000033,""calibration_group_counts_by_label"":{""0"":33,""1"":31},""calibration_groups"":64,""calibration_label_counts"":{""0"":165,""1"":155},""calibration_records"":320,""fit_group_counts_by_label"":{""0"":50,""1"":46},""fit_groups"":96,""fit_label_counts"":{""0"":250,""1"":230},""fit_records"":480,""group_overlap"":0}","[{""fit_group_counts_by_label"":{""0"":14,""1"":18},""fit_groups"":32,""fit_records"":160,""fold"":0,""group_overlap"":0,""validation_group_counts_by_label"":{""0"":19,""1"":13},""validation_groups"":32,""validation_records"":160},{""fit_group_counts_by_label"":{""0"":19,""1"":13},""fit_groups"":32,""fit_records"":160,""fold"":1,""group_overlap"":0,""validation_group_counts_by_label"":{""0"":14,""1"":18},""validation_groups"":32,""validation_records"":160}]",0
deduplication__hybrid_metadata__granite97m__linear_svm,deduplication,hybrid_metadata,granite97m,linear_svm,3,800,200,160,40,0,15.218941200058907,1.330760500044562,0.24789480003528297,1.2394740001764148,classifier_pipeline_with_precomputed_embedding,"{""model__C"":0.1}",0.0,"{""curve_points"":2450,""eligible"":true,""negative_threshold"":0.03,""positive_threshold"":0.97,""selected"":{""abstained"":0,""automated_false_negative_rate"":0.0,""automated_false_positive_rate"":0.0,""automation_duplicate_recall"":1.0,""automation_nonduplicate_recall"":1.0,""coverage"":1.0,""covered"":320,""covered_error_rate"":0.0,""false_negative_cost"":5.0,""false_positive_cost"":1.0,""fn"":0,""fp"":0,""negative_predictive_value"":1.0,""negative_threshold"":0.03,""negatives"":155,""positive_threshold"":0.97,""positives"":165,""precision"":1.0,""threshold"":0.97,""tn"":155,""tp"":165,""weighted_covered_error"":0.0}}","{""balance_score"":0.006250000000000033,""calibration_group_counts_by_label"":{""0"":31,""1"":33},""calibration_groups"":64,""calibration_label_counts"":{""0"":155,""1"":165},""calibration_records"":320,""fit_group_counts_by_label"":{""0"":47,""1"":49},""fit_groups"":96,""fit_label_counts"":{""0"":235,""1"":245},""fit_records"":480,""group_overlap"":0}","[{""fit_group_counts_by_label"":{""0"":17,""1"":15},""fit_groups"":32,""fit_records"":160,""fold"":0,""group_overlap"":0,""validation_group_counts_by_label"":{""0"":14,""1"":18},""validation_groups"":32,""validation_records"":160},{""fit_group_counts_by_label"":{""0"":14,""1"":18},""fit_groups"":32,""fit_records"":160,""fold"":1,""group_overlap"":0,""validation_group_counts_by_label"":{""0"":17,""1"":15},""validation_groups"":32,""validation_records"":160}]",0
deduplication__hybrid_metadata__granite97m__linear_svm,deduplication,hybrid_metadata,granite97m,linear_svm,4,800,200,160,40,0,14.905032299924642,1.2310873999958858,0.2866146999876946,1.433073499938473,classifier_pipeline_with_precomputed_embedding,"{""model__C"":0.1}",0.0,"{""curve_points"":2450,""eligible"":true,""negative_threshold"":0.03,""positive_threshold"":0.93,""selected"":{""abstained"":0,""automated_false_negative_rate"":0.0,""automated_false_positive_rate"":0.0,""automation_duplicate_recall"":1.0,""automation_nonduplicate_recall"":1.0,""coverage"":1.0,""covered"":320,""covered_error_rate"":0.0,""false_negative_cost"":5.0,""false_positive_cost"":1.0,""fn"":0,""fp"":0,""negative_predictive_value"":1.0,""negative_threshold"":0.03,""negatives"":155,""positive_threshold"":0.93,""positives"":165,""precision"":1.0,""threshold"":0.93,""tn"":155,""tp"":165,""weighted_covered_error"":0.0}}","{""balance_score"":0.006250000000000033,""calibration_group_counts_by_label"":{""0"":31,""1"":33},""calibration_groups"":64,""calibration_label_counts"":{""0"":155,""1"":165},""calibration_records"":320,""fit_group_counts_by_label"":{""0"":47,""1"":49},""fit_groups"":96,""fit_label_counts"":{""0"":235,""1"":245},""fit_records"":480,""group_overlap"":0}","[{""fit_group_counts_by_label"":{""0"":18,""1"":14},""fit_groups"":32,""fit_records"":160,""fold"":0,""group_overlap"":0,""validation_group_counts_by_label"":{""0"":13,""1"":19},""validation_groups"":32,""validation_records"":160},{""fit_group_counts_by_label"":{""0"":13,""1"":19},""fit_groups"":32,""fit_records"":160,""fold"":1,""group_overlap"":0,""validation_group_counts_by_label"":{""0"":18,""1"":14},""validation_groups"":32,""validation_records"":160}]",0
deduplication__hybrid_metadata__granite97m__mlp,deduplication,hybrid_metadata,granite97m,mlp,0,800,200,160,40,0,65.54404549999163,1.223035900038667,0.24721239996142685,1.2360619998071343,classifier_pipeline_with_precomputed_embedding,"{""model__alpha"":0.001,""model__hidden_layer_sizes"":[16]}",0.0,"{""curve_points"":2450,""eligible"":true,""negative_threshold"":0.02,""positive_threshold"":0.98,""selected"":{""abstained"":0,""automated_false_negative_rate"":0.0,""automated_false_positive_rate"":0.0,""automation_duplicate_recall"":1.0,""automation_nonduplicate_recall"":1.0,""coverage"":1.0,""covered"":320,""covered_error_rate"":0.0,""false_negative_cost"":5.0,""false_positive_cost"":1.0,""fn"":0,""fp"":0,""negative_predictive_value"":1.0,""negative_threshold"":0.02,""negatives"":165,""positive_threshold"":0.98,""positives"":155,""precision"":1.0,""threshold"":0.98,""tn"":165,""tp"":155,""weighted_covered_error"":0.0}}","{""balance_score"":0.006250000000000033,""calibration_group_counts_by_label"":{""0"":33,""1"":31},""calibration_groups"":64,""calibration_label_counts"":{""0"":165,""1"":155},""calibration_records"":320,""fit_group_counts_by_label"":{""0"":50,""1"":46},""fit_groups"":96,""fit_label_counts"":{""0"":250,""1"":230},""fit_records"":480,""group_overlap"":0}","[{""fit_group_counts_by_label"":{""0"":14,""1"":18},""fit_groups"":32,""fit_records"":160,""fold"":0,""group_overlap"":0,""validation_group_counts_by_label"":{""0"":19,""1"":13},""validation_groups"":32,""validation_records"":160},{""fit_group_counts_by_label"":{""0"":19,""1"":13},""fit_groups"":32,""fit_records"":160,""fold"":1,""group_overlap"":0,""validation_group_counts_by_label"":{""0"":14,""1"":18},""validation_groups"":32,""validation_records"":160}]",0
deduplication__hybrid_metadata__granite97m__mlp,deduplication,hybrid_metadata,granite97m,mlp,1,800,200,160,40,0,66.81407249998301,1.290702100028284,0.23165239999070764,1.1582619999535382,classifier_pipeline_with_precomputed_embedding,"{""model__alpha"":0.001,""model__hidden_layer_sizes"":[16]}",0.0,"{""curve_points"":2450,""eligible"":true,""negative_threshold"":0.02,""positive_threshold"":0.98,""selected"":{""abstained"":0,""automated_false_negative_rate"":0.0,""automated_false_positive_rate"":0.0,""automation_duplicate_recall"":1.0,""automation_nonduplicate_recall"":1.0,""coverage"":1.0,""covered"":320,""covered_error_rate"":0.0,""false_negative_cost"":5.0,""false_positive_cost"":1.0,""fn"":0,""fp"":0,""negative_predictive_value"":1.0,""negative_threshold"":0.02,""negatives"":155,""positive_threshold"":0.98,""positives"":165,""precision"":1.0,""threshold"":0.98,""tn"":155,""tp"":165,""weighted_covered_error"":0.0}}","{""balance_score"":0.006250000000000033,""calibration_group_counts_by_label"":{""0"":31,""1"":33},""calibration_groups"":64,""calibration_label_counts"":{""0"":155,""1"":165},""calibration_records"":320,""fit_group_counts_by_label"":{""0"":47,""1"":49},""fit_groups"":96,""fit_label_counts"":{""0"":235,""1"":245},""fit_records"":480,""group_overlap"":0}","[{""fit_group_counts_by_label"":{""0"":16,""1"":16},""fit_groups"":32,""fit_records"":160,""fold"":0,""group_overlap"":0,""validation_group_counts_by_label"":{""0"":15,""1"":17},""validation_groups"":32,""validation_records"":160},{""fit_group_counts_by_label"":{""0"":15,""1"":17},""fit_groups"":32,""fit_records"":160,""fold"":1,""group_overlap"":0,""validation_group_counts_by_label"":{""0"":16,""1"":16},""validation_groups"":32,""validation_records"":160}]",0
deduplication__hybrid_metadata__granite97m__mlp,deduplication,hybrid_metadata,granite97m,mlp,2,800,200,160,40,0,63.67447630001698,1.3549037999473512,0.23922609991859645,1.1961304995929822,classifier_pipeline_with_precomputed_embedding,"{""model__alpha"":0.001,""model__hidden_layer_sizes"":[16]}",0.0,"{""curve_points"":2450,""eligible"":true,""negative_threshold"":0.02,""positive_threshold"":0.98,""selected"":{""abstained"":0,""automated_false_negative_rate"":0.0,""automated_false_positive_rate"":0.0,""automation_duplicate_recall"":1.0,""automation_nonduplicate_recall"":1.0,""coverage"":1.0,""covered"":320,""covered_error_rate"":0.0,""false_negative_cost"":5.0,""false_positive_cost"":1.0,""fn"":0,""fp"":0,""negative_predictive_value"":1.0,""negative_threshold"":0.02,""negatives"":165,""positive_threshold"":0.98,""positives"":155,""precision"":1.0,""threshold"":0.98,""tn"":165,""tp"":155,""weighted_covered_error"":0.0}}","{""balance_score"":0.006250000000000033,""calibration_group_counts_by_label"":{""0"":33,""1"":31},""calibration_groups"":64,""calibration_label_counts"":{""0"":165,""1"":155},""calibration_records"":320,""fit_group_counts_by_label"":{""0"":50,""1"":46},""fit_groups"":96,""fit_label_counts"":{""0"":250,""1"":230},""fit_records"":480,""group_overlap"":0}","[{""fit_group_counts_by_label"":{""0"":14,""1"":18},""fit_groups"":32,""fit_records"":160,""fold"":0,""group_overlap"":0,""validation_group_counts_by_label"":{""0"":19,""1"":13},""validation_groups"":32,""validation_records"":160},{""fit_group_counts_by_label"":{""0"":19,""1"":13},""fit_groups"":32,""fit_records"":160,""fold"":1,""group_overlap"":0,""validation_group_counts_by_label"":{""0"":14,""1"":18},""validation_groups"":32,""validation_records"":160}]",0
deduplication__hybrid_metadata__granite97m__mlp,deduplication,hybrid_metadata,granite97m,mlp,3,800,200,160,40,0,65.86768039991148,1.32846669992432,0.24451059999410063,1.2225529999705032,classifier_pipeline_with_precomputed_embedding,"{""model__alpha"":0.001,""model__hidden_layer_sizes"":[16]}",0.0,"{""curve_points"":2450,""eligible"":true,""negative_threshold"":0.02,""positive_threshold"":0.98,""selected"":{""abstained"":0,""automated_false_negative_rate"":0.0,""automated_false_positive_rate"":0.0,""automation_duplicate_recall"":1.0,""automation_nonduplicate_recall"":1.0,""coverage"":1.0,""covered"":320,""covered_error_rate"":0.0,""false_negative_cost"":5.0,""false_positive_cost"":1.0,""fn"":0,""fp"":0,""negative_predictive_value"":1.0,""negative_threshold"":0.02,""negatives"":155,""positive_threshold"":0.98,""positives"":165,""precision"":1.0,""threshold"":0.98,""tn"":155,""tp"":165,""weighted_covered_error"":0.0}}","{""balance_score"":0.006250000000000033,""calibration_group_counts_by_label"":{""0"":31,""1"":33},""calibration_groups"":64,""calibration_label_counts"":{""0"":155,""1"":165},""calibration_records"":320,""fit_group_counts_by_label"":{""0"":47,""1"":49},""fit_groups"":96,""fit_label_counts"":{""0"":235,""1"":245},""fit_records"":480,""group_overlap"":0}","[{""fit_group_counts_by_label"":{""0"":17,""1"":15},""fit_groups"":32,""fit_records"":160,""fold"":0,""group_overlap"":0,""validation_group_counts_by_label"":{""0"":14,""1"":18},""validation_groups"":32,""validation_records"":160},{""fit_group_counts_by_label"":{""0"":14,""1"":18},""fit_groups"":32,""fit_records"":160,""fold"":1,""group_overlap"":0,""validation_group_counts_by_label"":{""0"":17,""1"":15},""validation_groups"":32,""validation_records"":160}]",0
deduplication__hybrid_metadata__granite97m__mlp,deduplication,hybrid_metadata,granite97m,mlp,4,800,200,160,40,0,65.54957719997037,1.2871946999803185,0.3206475001061335,1.6032375005306676,classifier_pipeline_with_precomputed_embedding,"{""model__alpha"":0.001,""model__hidden_layer_sizes"":[16]}",0.0,"{""curve_points"":2450,""eligible"":true,""negative_threshold"":0.02,""positive_threshold"":0.98,""selected"":{""abstained"":0,""automated_false_negative_rate"":0.0,""automated_false_positive_rate"":0.0,""automation_duplicate_recall"":1.0,""automation_nonduplicate_recall"":1.0,""coverage"":1.0,""covered"":320,""covered_error_rate"":0.0,""false_negative_cost"":5.0,""false_positive_cost"":1.0,""fn"":0,""fp"":0,""negative_predictive_value"":1.0,""negative_threshold"":0.02,""negatives"":155,""positive_threshold"":0.98,""positives"":165,""precision"":1.0,""threshold"":0.98,""tn"":155,""tp"":165,""weighted_covered_error"":0.0}}","{""balance_score"":0.006250000000000033,""calibration_group_counts_by_label"":{""0"":31,""1"":33},""calibration_groups"":64,""calibration_label_counts"":{""0"":155,""1"":165},""calibration_records"":320,""fit_group_counts_by_label"":{""0"":47,""1"":49},""fit_groups"":96,""fit_label_counts"":{""0"":235,""1"":245},""fit_records"":480,""group_overlap"":0}","[{""fit_group_counts_by_label"":{""0"":18,""1"":14},""fit_groups"":32,""fit_records"":160,""fold"":0,""group_overlap"":0,""validation_group_counts_by_label"":{""0"":13,""1"":19},""validation_groups"":32,""validation_records"":160},{""fit_group_counts_by_label"":{""0"":13,""1"":19},""fit_groups"":32,""fit_records"":160,""fold"":1,""group_overlap"":0,""validation_group_counts_by_label"":{""0"":18,""1"":14},""validation_groups"":32,""validation_records"":160}]",0
deduplication__hybrid_metadata__granite97m__xgboost,deduplication,hybrid_metadata,granite97m,xgboost,0,800,200,160,40,0,60.684288599994034,1.4747636000392959,0.2578829999547452,1.2894149997737259,classifier_pipeline_with_precomputed_embedding,"{""model__learning_rate"":0.05,""model__max_depth"":2,""model__n_estimators"":160}",-0.010416666666666666,"{""curve_points"":2450,""eligible"":true,""negative_threshold"":0.02,""positive_threshold"":0.98,""selected"":{""abstained"":0,""automated_false_negative_rate"":0.0,""automated_false_positive_rate"":0.0,""automation_duplicate_recall"":1.0,""automation_nonduplicate_recall"":1.0,""coverage"":1.0,""covered"":320,""covered_error_rate"":0.0,""false_negative_cost"":5.0,""false_positive_cost"":1.0,""fn"":0,""fp"":0,""negative_predictive_value"":1.0,""negative_threshold"":0.02,""negatives"":165,""positive_threshold"":0.98,""positives"":155,""precision"":1.0,""threshold"":0.98,""tn"":165,""tp"":155,""weighted_covered_error"":0.0}}","{""balance_score"":0.006250000000000033,""calibration_group_counts_by_label"":{""0"":33,""1"":31},""calibration_groups"":64,""calibration_label_counts"":{""0"":165,""1"":155},""calibration_records"":320,""fit_group_counts_by_label"":{""0"":50,""1"":46},""fit_groups"":96,""fit_label_counts"":{""0"":250,""1"":230},""fit_records"":480,""group_overlap"":0}","[{""fit_group_counts_by_label"":{""0"":14,""1"":18},""fit_groups"":32,""fit_records"":160,""fold"":0,""group_overlap"":0,""validation_group_counts_by_label"":{""0"":19,""1"":13},""validation_groups"":32,""validation_records"":160},{""fit_group_counts_by_label"":{""0"":19,""1"":13},""fit_groups"":32,""fit_records"":160,""fold"":1,""group_overlap"":0,""validation_group_counts_by_label"":{""0"":14,""1"":18},""validation_groups"":32,""validation_records"":160}]",0
deduplication__hybrid_metadata__granite97m__xgboost,deduplication,hybrid_metadata,granite97m,xgboost,1,800,200,160,40,0,58.36244119994808,1.4928371999412775,0.23214420001022518,1.1607210000511259,classifier_pipeline_with_precomputed_embedding,"{""model__learning_rate"":0.05,""model__max_depth"":2,""model__n_estimators"":160}",-0.020833333333333332,"{""curve_points"":2450,""eligible"":true,""negative_threshold"":0.02,""positive_threshold"":0.95,""selected"":{""abstained"":28,""automated_false_negative_rate"":0.0,""automated_false_positive_rate"":0.0,""automation_duplicate_recall"":0.8606060606060606,""automation_nonduplicate_recall"":0.967741935483871,""coverage"":0.9125,""covered"":292,""covered_error_rate"":0.0,""false_negative_cost"":5.0,""false_positive_cost"":1.0,""fn"":0,""fp"":0,""negative_predictive_value"":1.0,""negative_threshold"":0.02,""negatives"":155,""positive_threshold"":0.95,""positives"":165,""precision"":1.0,""threshold"":0.95,""tn"":150,""tp"":142,""weighted_covered_error"":0.0}}","{""balance_score"":0.006250000000000033,""calibration_group_counts_by_label"":{""0"":31,""1"":33},""calibration_groups"":64,""calibration_label_counts"":{""0"":155,""1"":165},""calibration_records"":320,""fit_group_counts_by_label"":{""0"":47,""1"":49},""fit_groups"":96,""fit_label_counts"":{""0"":235,""1"":245},""fit_records"":480,""group_overlap"":0}","[{""fit_group_counts_by_label"":{""0"":16,""1"":16},""fit_groups"":32,""fit_records"":160,""fold"":0,""group_overlap"":0,""validation_group_counts_by_label"":{""0"":15,""1"":17},""validation_groups"":32,""validation_records"":160},{""fit_group_counts_by_label"":{""0"":15,""1"":17},""fit_groups"":32,""fit_records"":160,""fold"":1,""group_overlap"":0,""validation_group_counts_by_label"":{""0"":16,""1"":16},""validation_groups"":32,""validation_records"":160}]",0
deduplication__hybrid_metadata__granite97m__xgboost,deduplication,hybrid_metadata,granite97m,xgboost,2,800,200,160,40,0,60.68704839993734,1.4907483999850228,0.24660840001888573,1.2330420000944287,classifier_pipeline_with_precomputed_embedding,"{""model__learning_rate"":0.05,""model__max_depth"":2,""model__n_estimators"":160}",-0.010416666666666666,"{""curve_points"":2450,""eligible"":true,""negative_threshold"":0.02,""positive_threshold"":0.98,""selected"":{""abstained"":0,""automated_false_negative_rate"":0.0,""automated_false_positive_rate"":0.0,""automation_duplicate_recall"":1.0,""automation_nonduplicate_recall"":1.0,""coverage"":1.0,""covered"":320,""covered_error_rate"":0.0,""false_negative_cost"":5.0,""false_positive_cost"":1.0,""fn"":0,""fp"":0,""negative_predictive_value"":1.0,""negative_threshold"":0.02,""negatives"":165,""positive_threshold"":0.98,""positives"":155,""precision"":1.0,""threshold"":0.98,""tn"":165,""tp"":155,""weighted_covered_error"":0.0}}","{""balance_score"":0.006250000000000033,""calibration_group_counts_by_label"":{""0"":33,""1"":31},""calibration_groups"":64,""calibration_label_counts"":{""0"":165,""1"":155},""calibration_records"":320,""fit_group_counts_by_label"":{""0"":50,""1"":46},""fit_groups"":96,""fit_label_counts"":{""0"":250,""1"":230},""fit_records"":480,""group_overlap"":0}","[{""fit_group_counts_by_label"":{""0"":14,""1"":18},""fit_groups"":32,""fit_records"":160,""fold"":0,""group_overlap"":0,""validation_group_counts_by_label"":{""0"":19,""1"":13},""validation_groups"":32,""validation_records"":160},{""fit_group_counts_by_label"":{""0"":19,""1"":13},""fit_groups"":32,""fit_records"":160,""fold"":1,""group_overlap"":0,""validation_group_counts_by_label"":{""0"":14,""1"":18},""validation_groups"":32,""validation_records"":160}]",0
deduplication__hybrid_metadata__granite97m__xgboost,deduplication,hybrid_metadata,granite97m,xgboost,3,800,200,160,40,0,62.19571600004565,1.4309178999392316,0.26090609992388636,1.3045304996194318,classifier_pipeline_with_precomputed_embedding,"{""model__learning_rate"":0.05,""model__max_depth"":2,""model__n_estimators"":160}",-0.010416666666666666,"{""curve_points"":2450,""eligible"":true,""negative_threshold"":0.03,""positive_threshold"":0.98,""selected"":{""abstained"":0,""automated_false_negative_rate"":0.0,""automated_false_positive_rate"":0.0,""automation_duplicate_recall"":1.0,""automation_nonduplicate_recall"":1.0,""coverage"":1.0,""covered"":320,""covered_error_rate"":0.0,""false_negative_cost"":5.0,""false_positive_cost"":1.0,""fn"":0,""fp"":0,""negative_predictive_value"":1.0,""negative_threshold"":0.03,""negatives"":155,""positive_threshold"":0.98,""positives"":165,""precision"":1.0,""threshold"":0.98,""tn"":155,""tp"":165,""weighted_covered_error"":0.0}}","{""balance_score"":0.006250000000000033,""calibration_group_counts_by_label"":{""0"":31,""1"":33},""calibration_groups"":64,""calibration_label_counts"":{""0"":155,""1"":165},""calibration_records"":320,""fit_group_counts_by_label"":{""0"":47,""1"":49},""fit_groups"":96,""fit_label_counts"":{""0"":235,""1"":245},""fit_records"":480,""group_overlap"":0}","[{""fit_group_counts_by_label"":{""0"":17,""1"":15},""fit_groups"":32,""fit_records"":160,""fold"":0,""group_overlap"":0,""validation_group_counts_by_label"":{""0"":14,""1"":18},""validation_groups"":32,""validation_records"":160},{""fit_group_counts_by_label"":{""0"":14,""1"":18},""fit_groups"":32,""fit_records"":160,""fold"":1,""group_overlap"":0,""validation_group_counts_by_label"":{""0"":17,""1"":15},""validation_groups"":32,""validation_records"":160}]",0
deduplication__hybrid_metadata__granite97m__xgboost,deduplication,hybrid_metadata,granite97m,xgboost,4,800,200,160,40,0,58.2935139000183,1.676129800034687,0.27179659996181726,1.3589829998090863,classifier_pipeline_with_precomputed_embedding,"{""model__learning_rate"":0.05,""model__max_depth"":2,""model__n_estimators"":160}",-0.010416666666666666,"{""curve_points"":2450,""eligible"":true,""negative_threshold"":0.02,""positive_threshold"":0.98,""selected"":{""abstained"":0,""automated_false_negative_rate"":0.0,""automated_false_positive_rate"":0.0,""automation_duplicate_recall"":1.0,""automation_nonduplicate_recall"":1.0,""coverage"":1.0,""covered"":320,""covered_error_rate"":0.0,""false_negative_cost"":5.0,""false_positive_cost"":1.0,""fn"":0,""fp"":0,""negative_predictive_value"":1.0,""negative_threshold"":0.02,""negatives"":155,""positive_threshold"":0.98,""positives"":165,""precision"":1.0,""threshold"":0.98,""tn"":155,""tp"":165,""weighted_covered_error"":0.0}}","{""balance_score"":0.006250000000000033,""calibration_group_counts_by_label"":{""0"":31,""1"":33},""calibration_groups"":64,""calibration_label_counts"":{""0"":155,""1"":165},""calibration_records"":320,""fit_group_counts_by_label"":{""0"":47,""1"":49},""fit_groups"":96,""fit_label_counts"":{""0"":235,""1"":245},""fit_records"":480,""group_overlap"":0}","[{""fit_group_counts_by_label"":{""0"":18,""1"":14},""fit_groups"":32,""fit_records"":160,""fold"":0,""group_overlap"":0,""validation_group_counts_by_label"":{""0"":13,""1"":19},""validation_groups"":32,""validation_records"":160},{""fit_group_counts_by_label"":{""0"":13,""1"":19},""fit_groups"":32,""fit_records"":160,""fold"":1,""group_overlap"":0,""validation_group_counts_by_label"":{""0"":18,""1"":14},""validation_groups"":32,""validation_records"":160}]",0
deduplication__hybrid_metadata__multilingual_e5_small__logistic_regression,deduplication,hybrid_metadata,multilingual_e5_small,logistic_regression,0,800,200,160,40,0,13.017045899992809,1.2420958000002429,0.24115150002762675,1.2057575001381338,classifier_pipeline_with_precomputed_embedding,"{""model__C"":0.1}",0.0,"{""curve_points"":2450,""eligible"":true,""negative_threshold"":0.05,""positive_threshold"":0.95,""selected"":{""abstained"":0,""automated_false_negative_rate"":0.0,""automated_false_positive_rate"":0.0,""automation_duplicate_recall"":1.0,""automation_nonduplicate_recall"":1.0,""coverage"":1.0,""covered"":320,""covered_error_rate"":0.0,""false_negative_cost"":5.0,""false_positive_cost"":1.0,""fn"":0,""fp"":0,""negative_predictive_value"":1.0,""negative_threshold"":0.05,""negatives"":165,""positive_threshold"":0.95,""positives"":155,""precision"":1.0,""threshold"":0.95,""tn"":165,""tp"":155,""weighted_covered_error"":0.0}}","{""balance_score"":0.006250000000000033,""calibration_group_counts_by_label"":{""0"":33,""1"":31},""calibration_groups"":64,""calibration_label_counts"":{""0"":165,""1"":155},""calibration_records"":320,""fit_group_counts_by_label"":{""0"":50,""1"":46},""fit_groups"":96,""fit_label_counts"":{""0"":250,""1"":230},""fit_records"":480,""group_overlap"":0}","[{""fit_group_counts_by_label"":{""0"":14,""1"":18},""fit_groups"":32,""fit_records"":160,""fold"":0,""group_overlap"":0,""validation_group_counts_by_label"":{""0"":19,""1"":13},""validation_groups"":32,""validation_records"":160},{""fit_group_counts_by_label"":{""0"":19,""1"":13},""fit_groups"":32,""fit_records"":160,""fold"":1,""group_overlap"":0,""validation_group_counts_by_label"":{""0"":14,""1"":18},""validation_groups"":32,""validation_records"":160}]",0
deduplication__hybrid_metadata__multilingual_e5_small__logistic_regression,deduplication,hybrid_metadata,multilingual_e5_small,logistic_regression,1,800,200,160,40,0,13.177247499930672,1.2549414000241086,0.23667659994680434,1.1833829997340217,classifier_pipeline_with_precomputed_embedding,"{""model__C"":0.1}",0.0,"{""curve_points"":2450,""eligible"":true,""negative_threshold"":0.04,""positive_threshold"":0.96,""selected"":{""abstained"":0,""automated_false_negative_rate"":0.0,""automated_false_positive_rate"":0.0,""automation_duplicate_recall"":1.0,""automation_nonduplicate_recall"":1.0,""coverage"":1.0,""covered"":320,""covered_error_rate"":0.0,""false_negative_cost"":5.0,""false_positive_cost"":1.0,""fn"":0,""fp"":0,""negative_predictive_value"":1.0,""negative_threshold"":0.04,""negatives"":155,""positive_threshold"":0.96,""positives"":165,""precision"":1.0,""threshold"":0.96,""tn"":155,""tp"":165,""weighted_covered_error"":0.0}}","{""balance_score"":0.006250000000000033,""calibration_group_counts_by_label"":{""0"":31,""1"":33},""calibration_groups"":64,""calibration_label_counts"":{""0"":155,""1"":165},""calibration_records"":320,""fit_group_counts_by_label"":{""0"":47,""1"":49},""fit_groups"":96,""fit_label_counts"":{""0"":235,""1"":245},""fit_records"":480,""group_overlap"":0}","[{""fit_group_counts_by_label"":{""0"":16,""1"":16},""fit_groups"":32,""fit_records"":160,""fold"":0,""group_overlap"":0,""validation_group_counts_by_label"":{""0"":15,""1"":17},""validation_groups"":32,""validation_records"":160},{""fit_group_counts_by_label"":{""0"":15,""1"":17},""fit_groups"":32,""fit_records"":160,""fold"":1,""group_overlap"":0,""validation_group_counts_by_label"":{""0"":16,""1"":16},""validation_groups"":32,""validation_records"":160}]",0
deduplication__hybrid_metadata__multilingual_e5_small__logistic_regression,deduplication,hybrid_metadata,multilingual_e5_small,logistic_regression,2,800,200,160,40,0,13.463627299992368,1.4056846000021324,0.25226280000060797,1.2613140000030398,classifier_pipeline_with_precomputed_embedding,"{""model__C"":0.1}",0.0,"{""curve_points"":2450,""eligible"":true,""negative_threshold"":0.05,""positive_threshold"":0.96,""selected"":{""abstained"":0,""automated_false_negative_rate"":0.0,""automated_false_positive_rate"":0.0,""automation_duplicate_recall"":1.0,""automation_nonduplicate_recall"":1.0,""coverage"":1.0,""covered"":320,""covered_error_rate"":0.0,""false_negative_cost"":5.0,""false_positive_cost"":1.0,""fn"":0,""fp"":0,""negative_predictive_value"":1.0,""negative_threshold"":0.05,""negatives"":165,""positive_threshold"":0.96,""positives"":155,""precision"":1.0,""threshold"":0.96,""tn"":165,""tp"":155,""weighted_covered_error"":0.0}}","{""balance_score"":0.006250000000000033,""calibration_group_counts_by_label"":{""0"":33,""1"":31},""calibration_groups"":64,""calibration_label_counts"":{""0"":165,""1"":155},""calibration_records"":320,""fit_group_counts_by_label"":{""0"":50,""1"":46},""fit_groups"":96,""fit_label_counts"":{""0"":250,""1"":230},""fit_records"":480,""group_overlap"":0}","[{""fit_group_counts_by_label"":{""0"":14,""1"":18},""fit_groups"":32,""fit_records"":160,""fold"":0,""group_overlap"":0,""validation_group_counts_by_label"":{""0"":19,""1"":13},""validation_groups"":32,""validation_records"":160},{""fit_group_counts_by_label"":{""0"":19,""1"":13},""fit_groups"":32,""fit_records"":160,""fold"":1,""group_overlap"":0,""validation_group_counts_by_label"":{""0"":14,""1"":18},""validation_groups"":32,""validation_records"":160}]",0
deduplication__hybrid_metadata__multilingual_e5_small__logistic_regression,deduplication,hybrid_metadata,multilingual_e5_small,logistic_regression,3,800,200,160,40,0,13.178307199967094,1.5410736000631005,0.2452573999762535,1.2262869998812675,classifier_pipeline_with_precomputed_embedding,"{""model__C"":1.0}",0.0,"{""curve_points"":2450,""eligible"":true,""negative_threshold"":0.05,""positive_threshold"":0.96,""selected"":{""abstained"":0,""automated_false_negative_rate"":0.0,""automated_false_positive_rate"":0.0,""automation_duplicate_recall"":1.0,""automation_nonduplicate_recall"":1.0,""coverage"":1.0,""covered"":320,""covered_error_rate"":0.0,""false_negative_cost"":5.0,""false_positive_cost"":1.0,""fn"":0,""fp"":0,""negative_predictive_value"":1.0,""negative_threshold"":0.05,""negatives"":155,""positive_threshold"":0.96,""positives"":165,""precision"":1.0,""threshold"":0.96,""tn"":155,""tp"":165,""weighted_covered_error"":0.0}}","{""balance_score"":0.006250000000000033,""calibration_group_counts_by_label"":{""0"":31,""1"":33},""calibration_groups"":64,""calibration_label_counts"":{""0"":155,""1"":165},""calibration_records"":320,""fit_group_counts_by_label"":{""0"":47,""1"":49},""fit_groups"":96,""fit_label_counts"":{""0"":235,""1"":245},""fit_records"":480,""group_overlap"":0}","[{""fit_group_counts_by_label"":{""0"":17,""1"":15},""fit_groups"":32,""fit_records"":160,""fold"":0,""group_overlap"":0,""validation_group_counts_by_label"":{""0"":14,""1"":18},""validation_groups"":32,""validation_records"":160},{""fit_group_counts_by_label"":{""0"":14,""1"":18},""fit_groups"":32,""fit_records"":160,""fold"":1,""group_overlap"":0,""validation_group_counts_by_label"":{""0"":17,""1"":15},""validation_groups"":32,""validation_records"":160}]",0
deduplication__hybrid_metadata__multilingual_e5_small__logistic_regression,deduplication,hybrid_metadata,multilingual_e5_small,logistic_regression,4,800,200,160,40,0,12.929164899978787,1.355293200002052,0.26179010001942515,1.3089505000971258,classifier_pipeline_with_precomputed_embedding,"{""model__C"":0.1}",0.0,"{""curve_points"":2450,""eligible"":true,""negative_threshold"":0.06,""positive_threshold"":0.93,""selected"":{""abstained"":0,""automated_false_negative_rate"":0.0,""automated_false_positive_rate"":0.0,""automation_duplicate_recall"":1.0,""automation_nonduplicate_recall"":1.0,""coverage"":1.0,""covered"":320,""covered_error_rate"":0.0,""false_negative_cost"":5.0,""false_positive_cost"":1.0,""fn"":0,""fp"":0,""negative_predictive_value"":1.0,""negative_threshold"":0.06,""negatives"":155,""positive_threshold"":0.93,""positives"":165,""precision"":1.0,""threshold"":0.93,""tn"":155,""tp"":165,""weighted_covered_error"":0.0}}","{""balance_score"":0.006250000000000033,""calibration_group_counts_by_label"":{""0"":31,""1"":33},""calibration_groups"":64,""calibration_label_counts"":{""0"":155,""1"":165},""calibration_records"":320,""fit_group_counts_by_label"":{""0"":47,""1"":49},""fit_groups"":96,""fit_label_counts"":{""0"":235,""1"":245},""fit_records"":480,""group_overlap"":0}","[{""fit_group_counts_by_label"":{""0"":18,""1"":14},""fit_groups"":32,""fit_records"":160,""fold"":0,""group_overlap"":0,""validation_group_counts_by_label"":{""0"":13,""1"":19},""validation_groups"":32,""validation_records"":160},{""fit_group_counts_by_label"":{""0"":13,""1"":19},""fit_groups"":32,""fit_records"":160,""fold"":1,""group_overlap"":0,""validation_group_counts_by_label"":{""0"":18,""1"":14},""validation_groups"":32,""validation_records"":160}]",0
deduplication__hybrid_metadata__multilingual_e5_small__decision_tree,deduplication,hybrid_metadata,multilingual_e5_small,decision_tree,0,800,200,160,40,0,19.527451199945062,1.3310085000703111,0.2507665000157431,1.2538325000787154,classifier_pipeline_with_precomputed_embedding,"{""model__max_depth"":3,""model__min_samples_leaf"":2}",0.0,"{""curve_points"":2450,""eligible"":true,""negative_threshold"":0.03,""positive_threshold"":0.98,""selected"":{""abstained"":0,""automated_false_negative_rate"":0.0064516129032258064,""automated_false_positive_rate"":0.0,""automation_duplicate_recall"":0.9935483870967742,""automation_nonduplicate_recall"":1.0,""coverage"":1.0,""covered"":320,""covered_error_rate"":0.003125,""false_negative_cost"":5.0,""false_positive_cost"":1.0,""fn"":1,""fp"":0,""negative_predictive_value"":0.9939759036144579,""negative_threshold"":0.03,""negatives"":165,""positive_threshold"":0.98,""positives"":155,""precision"":1.0,""threshold"":0.98,""tn"":165,""tp"":154,""weighted_covered_error"":0.015625}}","{""balance_score"":0.006250000000000033,""calibration_group_counts_by_label"":{""0"":33,""1"":31},""calibration_groups"":64,""calibration_label_counts"":{""0"":165,""1"":155},""calibration_records"":320,""fit_group_counts_by_label"":{""0"":50,""1"":46},""fit_groups"":96,""fit_label_counts"":{""0"":250,""1"":230},""fit_records"":480,""group_overlap"":0}","[{""fit_group_counts_by_label"":{""0"":14,""1"":18},""fit_groups"":32,""fit_records"":160,""fold"":0,""group_overlap"":0,""validation_group_counts_by_label"":{""0"":19,""1"":13},""validation_groups"":32,""validation_records"":160},{""fit_group_counts_by_label"":{""0"":19,""1"":13},""fit_groups"":32,""fit_records"":160,""fold"":1,""group_overlap"":0,""validation_group_counts_by_label"":{""0"":14,""1"":18},""validation_groups"":32,""validation_records"":160}]",0
deduplication__hybrid_metadata__multilingual_e5_small__decision_tree,deduplication,hybrid_metadata,multilingual_e5_small,decision_tree,1,800,200,160,40,0,21.44690590002574,1.2648668999318033,0.2449369999812916,1.224684999906458,classifier_pipeline_with_precomputed_embedding,"{""model__max_depth"":6,""model__min_samples_leaf"":2}",-0.18958333333333333,"{""curve_points"":2450,""eligible"":false,""negative_threshold"":null,""positive_threshold"":null,""selected"":null}","{""balance_score"":0.006250000000000033,""calibration_group_counts_by_label"":{""0"":31,""1"":33},""calibration_groups"":64,""calibration_label_counts"":{""0"":155,""1"":165},""calibration_records"":320,""fit_group_counts_by_label"":{""0"":47,""1"":49},""fit_groups"":96,""fit_label_counts"":{""0"":235,""1"":245},""fit_records"":480,""group_overlap"":0}","[{""fit_group_counts_by_label"":{""0"":16,""1"":16},""fit_groups"":32,""fit_records"":160,""fold"":0,""group_overlap"":0,""validation_group_counts_by_label"":{""0"":15,""1"":17},""validation_groups"":32,""validation_records"":160},{""fit_group_counts_by_label"":{""0"":15,""1"":17},""fit_groups"":32,""fit_records"":160,""fold"":1,""group_overlap"":0,""validation_group_counts_by_label"":{""0"":16,""1"":16},""validation_groups"":32,""validation_records"":160}]",0
deduplication__hybrid_metadata__multilingual_e5_small__decision_tree,deduplication,hybrid_metadata,multilingual_e5_small,decision_tree,2,800,200,160,40,0,19.699192699976265,1.34478439996019,0.23964749998413026,1.1982374999206513,classifier_pipeline_with_precomputed_embedding,"{""model__max_depth"":3,""model__min_samples_leaf"":2}",-0.1708333333333333,"{""curve_points"":2450,""eligible"":true,""negative_threshold"":0.03,""positive_threshold"":0.98,""selected"":{""abstained"":0,""automated_false_negative_rate"":0.0064516129032258064,""automated_false_positive_rate"":0.0,""automation_duplicate_recall"":0.9935483870967742,""automation_nonduplicate_recall"":1.0,""coverage"":1.0,""covered"":320,""covered_error_rate"":0.003125,""false_negative_cost"":5.0,""false_positive_cost"":1.0,""fn"":1,""fp"":0,""negative_predictive_value"":0.9939759036144579,""negative_threshold"":0.03,""negatives"":165,""positive_threshold"":0.98,""positives"":155,""precision"":1.0,""threshold"":0.98,""tn"":165,""tp"":154,""weighted_covered_error"":0.015625}}","{""balance_score"":0.006250000000000033,""calibration_group_counts_by_label"":{""0"":33,""1"":31},""calibration_groups"":64,""calibration_label_counts"":{""0"":165,""1"":155},""calibration_records"":320,""fit_group_counts_by_label"":{""0"":50,""1"":46},""fit_groups"":96,""fit_label_counts"":{""0"":250,""1"":230},""fit_records"":480,""group_overlap"":0}","[{""fit_group_counts_by_label"":{""0"":14,""1"":18},""fit_groups"":32,""fit_records"":160,""fold"":0,""group_overlap"":0,""validation_group_counts_by_label"":{""0"":19,""1"":13},""validation_groups"":32,""validation_records"":160},{""fit_group_counts_by_label"":{""0"":19,""1"":13},""fit_groups"":32,""fit_records"":160,""fold"":1,""group_overlap"":0,""validation_group_counts_by_label"":{""0"":14,""1"":18},""validation_groups"":32,""validation_records"":160}]",0
deduplication__hybrid_metadata__multilingual_e5_small__decision_tree,deduplication,hybrid_metadata,multilingual_e5_small,decision_tree,3,800,200,160,40,0,19.12699270003941,1.5524513000855222,0.24539029994048178,1.226951499702409,classifier_pipeline_with_precomputed_embedding,"{""model__max_depth"":3,""model__min_samples_leaf"":2}",0.0,"{""curve_points"":2450,""eligible"":true,""negative_threshold"":0.02,""positive_threshold"":0.98,""selected"":{""abstained"":0,""automated_false_negative_rate"":0.0,""automated_false_positive_rate"":0.0,""automation_duplicate_recall"":1.0,""automation_nonduplicate_recall"":1.0,""coverage"":1.0,""covered"":320,""covered_error_rate"":0.0,""false_negative_cost"":5.0,""false_positive_cost"":1.0,""fn"":0,""fp"":0,""negative_predictive_value"":1.0,""negative_threshold"":0.02,""negatives"":155,""positive_threshold"":0.98,""positives"":165,""precision"":1.0,""threshold"":0.98,""tn"":155,""tp"":165,""weighted_covered_error"":0.0}}","{""balance_score"":0.006250000000000033,""calibration_group_counts_by_label"":{""0"":31,""1"":33},""calibration_groups"":64,""calibration_label_counts"":{""0"":155,""1"":165},""calibration_records"":320,""fit_group_counts_by_label"":{""0"":47,""1"":49},""fit_groups"":96,""fit_label_counts"":{""0"":235,""1"":245},""fit_records"":480,""group_overlap"":0}","[{""fit_group_counts_by_label"":{""0"":17,""1"":15},""fit_groups"":32,""fit_records"":160,""fold"":0,""group_overlap"":0,""validation_group_counts_by_label"":{""0"":14,""1"":18},""validation_groups"":32,""validation_records"":160},{""fit_group_counts_by_label"":{""0"":14,""1"":18},""fit_groups"":32,""fit_records"":160,""fold"":1,""group_overlap"":0,""validation_group_counts_by_label"":{""0"":17,""1"":15},""validation_groups"":32,""validation_records"":160}]",0
deduplication__hybrid_metadata__multilingual_e5_small__decision_tree,deduplication,hybrid_metadata,multilingual_e5_small,decision_tree,4,800,200,160,40,0,18.946186800021678,1.387695899931714,0.26726210000924766,1.3363105000462383,classifier_pipeline_with_precomputed_embedding,"{""model__max_depth"":3,""model__min_samples_leaf"":2}",0.0,"{""curve_points"":2450,""eligible"":false,""negative_threshold"":null,""positive_threshold"":null,""selected"":null}","{""balance_score"":0.006250000000000033,""calibration_group_counts_by_label"":{""0"":31,""1"":33},""calibration_groups"":64,""calibration_label_counts"":{""0"":155,""1"":165},""calibration_records"":320,""fit_group_counts_by_label"":{""0"":47,""1"":49},""fit_groups"":96,""fit_label_counts"":{""0"":235,""1"":245},""fit_records"":480,""group_overlap"":0}","[{""fit_group_counts_by_label"":{""0"":18,""1"":14},""fit_groups"":32,""fit_records"":160,""fold"":0,""group_overlap"":0,""validation_group_counts_by_label"":{""0"":13,""1"":19},""validation_groups"":32,""validation_records"":160},{""fit_group_counts_by_label"":{""0"":13,""1"":19},""fit_groups"":32,""fit_records"":160,""fold"":1,""group_overlap"":0,""validation_group_counts_by_label"":{""0"":18,""1"":14},""validation_groups"":32,""validation_records"":160}]",0
deduplication__hybrid_metadata__multilingual_e5_small__linear_svm,deduplication,hybrid_metadata,multilingual_e5_small,linear_svm,0,800,200,160,40,0,15.18463559995871,1.2980390000157058,0.3775228000013158,1.8876140000065789,classifier_pipeline_with_precomputed_embedding,"{""model__C"":0.1}",0.0,"{""curve_points"":2450,""eligible"":true,""negative_threshold"":0.03,""positive_threshold"":0.97,""selected"":{""abstained"":0,""automated_false_negative_rate"":0.0,""automated_false_positive_rate"":0.0,""automation_duplicate_recall"":1.0,""automation_nonduplicate_recall"":1.0,""coverage"":1.0,""covered"":320,""covered_error_rate"":0.0,""false_negative_cost"":5.0,""false_positive_cost"":1.0,""fn"":0,""fp"":0,""negative_predictive_value"":1.0,""negative_threshold"":0.03,""negatives"":165,""positive_threshold"":0.97,""positives"":155,""precision"":1.0,""threshold"":0.97,""tn"":165,""tp"":155,""weighted_covered_error"":0.0}}","{""balance_score"":0.006250000000000033,""calibration_group_counts_by_label"":{""0"":33,""1"":31},""calibration_groups"":64,""calibration_label_counts"":{""0"":165,""1"":155},""calibration_records"":320,""fit_group_counts_by_label"":{""0"":50,""1"":46},""fit_groups"":96,""fit_label_counts"":{""0"":250,""1"":230},""fit_records"":480,""group_overlap"":0}","[{""fit_group_counts_by_label"":{""0"":14,""1"":18},""fit_groups"":32,""fit_records"":160,""fold"":0,""group_overlap"":0,""validation_group_counts_by_label"":{""0"":19,""1"":13},""validation_groups"":32,""validation_records"":160},{""fit_group_counts_by_label"":{""0"":19,""1"":13},""fit_groups"":32,""fit_records"":160,""fold"":1,""group_overlap"":0,""validation_group_counts_by_label"":{""0"":14,""1"":18},""validation_groups"":32,""validation_records"":160}]",0
deduplication__hybrid_metadata__multilingual_e5_small__linear_svm,deduplication,hybrid_metadata,multilingual_e5_small,linear_svm,1,800,200,160,40,0,15.835610099951737,1.2643589999061078,0.2363306999905035,1.1816534999525174,classifier_pipeline_with_precomputed_embedding,"{""model__C"":0.1}",0.0,"{""curve_points"":2450,""eligible"":true,""negative_threshold"":0.03,""positive_threshold"":0.97,""selected"":{""abstained"":0,""automated_false_negative_rate"":0.0,""automated_false_positive_rate"":0.0,""automation_duplicate_recall"":1.0,""automation_nonduplicate_recall"":1.0,""coverage"":1.0,""covered"":320,""covered_error_rate"":0.0,""false_negative_cost"":5.0,""false_positive_cost"":1.0,""fn"":0,""fp"":0,""negative_predictive_value"":1.0,""negative_threshold"":0.03,""negatives"":155,""positive_threshold"":0.97,""positives"":165,""precision"":1.0,""threshold"":0.97,""tn"":155,""tp"":165,""weighted_covered_error"":0.0}}","{""balance_score"":0.006250000000000033,""calibration_group_counts_by_label"":{""0"":31,""1"":33},""calibration_groups"":64,""calibration_label_counts"":{""0"":155,""1"":165},""calibration_records"":320,""fit_group_counts_by_label"":{""0"":47,""1"":49},""fit_groups"":96,""fit_label_counts"":{""0"":235,""1"":245},""fit_records"":480,""group_overlap"":0}","[{""fit_group_counts_by_label"":{""0"":16,""1"":16},""fit_groups"":32,""fit_records"":160,""fold"":0,""group_overlap"":0,""validation_group_counts_by_label"":{""0"":15,""1"":17},""validation_groups"":32,""validation_records"":160},{""fit_group_counts_by_label"":{""0"":15,""1"":17},""fit_groups"":32,""fit_records"":160,""fold"":1,""group_overlap"":0,""validation_group_counts_by_label"":{""0"":16,""1"":16},""validation_groups"":32,""validation_records"":160}]",0
deduplication__hybrid_metadata__multilingual_e5_small__linear_svm,deduplication,hybrid_metadata,multilingual_e5_small,linear_svm,2,800,200,160,40,0,15.630365199991502,1.357393000042066,0.23792430001776665,1.1896215000888333,classifier_pipeline_with_precomputed_embedding,"{""model__C"":0.1}",0.0,"{""curve_points"":2450,""eligible"":true,""negative_threshold"":0.03,""positive_threshold"":0.97,""selected"":{""abstained"":0,""automated_false_negative_rate"":0.0,""automated_false_positive_rate"":0.0,""automation_duplicate_recall"":1.0,""automation_nonduplicate_recall"":1.0,""coverage"":1.0,""covered"":320,""covered_error_rate"":0.0,""false_negative_cost"":5.0,""false_positive_cost"":1.0,""fn"":0,""fp"":0,""negative_predictive_value"":1.0,""negative_threshold"":0.03,""negatives"":165,""positive_threshold"":0.97,""positives"":155,""precision"":1.0,""threshold"":0.97,""tn"":165,""tp"":155,""weighted_covered_error"":0.0}}","{""balance_score"":0.006250000000000033,""calibration_group_counts_by_label"":{""0"":33,""1"":31},""calibration_groups"":64,""calibration_label_counts"":{""0"":165,""1"":155},""calibration_records"":320,""fit_group_counts_by_label"":{""0"":50,""1"":46},""fit_groups"":96,""fit_label_counts"":{""0"":250,""1"":230},""fit_records"":480,""group_overlap"":0}","[{""fit_group_counts_by_label"":{""0"":14,""1"":18},""fit_groups"":32,""fit_records"":160,""fold"":0,""group_overlap"":0,""validation_group_counts_by_label"":{""0"":19,""1"":13},""validation_groups"":32,""validation_records"":160},{""fit_group_counts_by_label"":{""0"":19,""1"":13},""fit_groups"":32,""fit_records"":160,""fold"":1,""group_overlap"":0,""validation_group_counts_by_label"":{""0"":14,""1"":18},""validation_groups"":32,""validation_records"":160}]",0
deduplication__hybrid_metadata__multilingual_e5_small__linear_svm,deduplication,hybrid_metadata,multilingual_e5_small,linear_svm,3,800,200,160,40,0,14.83208950003609,1.23881969996728,0.24329070001840591,1.2164535000920296,classifier_pipeline_with_precomputed_embedding,"{""model__C"":0.1}",0.0,"{""curve_points"":2450,""eligible"":true,""negative_threshold"":0.03,""positive_threshold"":0.97,""selected"":{""abstained"":0,""automated_false_negative_rate"":0.0,""automated_false_positive_rate"":0.0,""automation_duplicate_recall"":1.0,""automation_nonduplicate_recall"":1.0,""coverage"":1.0,""covered"":320,""covered_error_rate"":0.0,""false_negative_cost"":5.0,""false_positive_cost"":1.0,""fn"":0,""fp"":0,""negative_predictive_value"":1.0,""negative_threshold"":0.03,""negatives"":155,""positive_threshold"":0.97,""positives"":165,""precision"":1.0,""threshold"":0.97,""tn"":155,""tp"":165,""weighted_covered_error"":0.0}}","{""balance_score"":0.006250000000000033,""calibration_group_counts_by_label"":{""0"":31,""1"":33},""calibration_groups"":64,""calibration_label_counts"":{""0"":155,""1"":165},""calibration_records"":320,""fit_group_counts_by_label"":{""0"":47,""1"":49},""fit_groups"":96,""fit_label_counts"":{""0"":235,""1"":245},""fit_records"":480,""group_overlap"":0}","[{""fit_group_counts_by_label"":{""0"":17,""1"":15},""fit_groups"":32,""fit_records"":160,""fold"":0,""group_overlap"":0,""validation_group_counts_by_label"":{""0"":14,""1"":18},""validation_groups"":32,""validation_records"":160},{""fit_group_counts_by_label"":{""0"":14,""1"":18},""fit_groups"":32,""fit_records"":160,""fold"":1,""group_overlap"":0,""validation_group_counts_by_label"":{""0"":17,""1"":15},""validation_groups"":32,""validation_records"":160}]",0
deduplication__hybrid_metadata__multilingual_e5_small__linear_svm,deduplication,hybrid_metadata,multilingual_e5_small,linear_svm,4,800,200,160,40,0,15.129126199986786,1.364548800047487,0.29985609999857843,1.4992804999928921,classifier_pipeline_with_precomputed_embedding,"{""model__C"":0.1}",0.0,"{""curve_points"":2450,""eligible"":true,""negative_threshold"":0.03,""positive_threshold"":0.93,""selected"":{""abstained"":0,""automated_false_negative_rate"":0.0,""automated_false_positive_rate"":0.0,""automation_duplicate_recall"":1.0,""automation_nonduplicate_recall"":1.0,""coverage"":1.0,""covered"":320,""covered_error_rate"":0.0,""false_negative_cost"":5.0,""false_positive_cost"":1.0,""fn"":0,""fp"":0,""negative_predictive_value"":1.0,""negative_threshold"":0.03,""negatives"":155,""positive_threshold"":0.93,""positives"":165,""precision"":1.0,""threshold"":0.93,""tn"":155,""tp"":165,""weighted_covered_error"":0.0}}","{""balance_score"":0.006250000000000033,""calibration_group_counts_by_label"":{""0"":31,""1"":33},""calibration_groups"":64,""calibration_label_counts"":{""0"":155,""1"":165},""calibration_records"":320,""fit_group_counts_by_label"":{""0"":47,""1"":49},""fit_groups"":96,""fit_label_counts"":{""0"":235,""1"":245},""fit_records"":480,""group_overlap"":0}","[{""fit_group_counts_by_label"":{""0"":18,""1"":14},""fit_groups"":32,""fit_records"":160,""fold"":0,""group_overlap"":0,""validation_group_counts_by_label"":{""0"":13,""1"":19},""validation_groups"":32,""validation_records"":160},{""fit_group_counts_by_label"":{""0"":13,""1"":19},""fit_groups"":32,""fit_records"":160,""fold"":1,""group_overlap"":0,""validation_group_counts_by_label"":{""0"":18,""1"":14},""validation_groups"":32,""validation_records"":160}]",0
deduplication__hybrid_metadata__multilingual_e5_small__mlp,deduplication,hybrid_metadata,multilingual_e5_small,mlp,0,800,200,160,40,0,64.90889680001419,1.2975792000070214,0.2631749000865966,1.315874500432983,classifier_pipeline_with_precomputed_embedding,"{""model__alpha"":0.001,""model__hidden_layer_sizes"":[16]}",0.0,"{""curve_points"":2450,""eligible"":true,""negative_threshold"":0.02,""positive_threshold"":0.98,""selected"":{""abstained"":0,""automated_false_negative_rate"":0.0,""automated_false_positive_rate"":0.0,""automation_duplicate_recall"":1.0,""automation_nonduplicate_recall"":1.0,""coverage"":1.0,""covered"":320,""covered_error_rate"":0.0,""false_negative_cost"":5.0,""false_positive_cost"":1.0,""fn"":0,""fp"":0,""negative_predictive_value"":1.0,""negative_threshold"":0.02,""negatives"":165,""positive_threshold"":0.98,""positives"":155,""precision"":1.0,""threshold"":0.98,""tn"":165,""tp"":155,""weighted_covered_error"":0.0}}","{""balance_score"":0.006250000000000033,""calibration_group_counts_by_label"":{""0"":33,""1"":31},""calibration_groups"":64,""calibration_label_counts"":{""0"":165,""1"":155},""calibration_records"":320,""fit_group_counts_by_label"":{""0"":50,""1"":46},""fit_groups"":96,""fit_label_counts"":{""0"":250,""1"":230},""fit_records"":480,""group_overlap"":0}","[{""fit_group_counts_by_label"":{""0"":14,""1"":18},""fit_groups"":32,""fit_records"":160,""fold"":0,""group_overlap"":0,""validation_group_counts_by_label"":{""0"":19,""1"":13},""validation_groups"":32,""validation_records"":160},{""fit_group_counts_by_label"":{""0"":19,""1"":13},""fit_groups"":32,""fit_records"":160,""fold"":1,""group_overlap"":0,""validation_group_counts_by_label"":{""0"":14,""1"":18},""validation_groups"":32,""validation_records"":160}]",0
deduplication__hybrid_metadata__multilingual_e5_small__mlp,deduplication,hybrid_metadata,multilingual_e5_small,mlp,1,800,200,160,40,0,65.49273950001225,1.2865330000640824,0.3167992999078706,1.583996499539353,classifier_pipeline_with_precomputed_embedding,"{""model__alpha"":0.001,""model__hidden_layer_sizes"":[16]}",0.0,"{""curve_points"":2450,""eligible"":true,""negative_threshold"":0.02,""positive_threshold"":0.98,""selected"":{""abstained"":0,""automated_false_negative_rate"":0.0,""automated_false_positive_rate"":0.0,""automation_duplicate_recall"":1.0,""automation_nonduplicate_recall"":1.0,""coverage"":1.0,""covered"":320,""covered_error_rate"":0.0,""false_negative_cost"":5.0,""false_positive_cost"":1.0,""fn"":0,""fp"":0,""negative_predictive_value"":1.0,""negative_threshold"":0.02,""negatives"":155,""positive_threshold"":0.98,""positives"":165,""precision"":1.0,""threshold"":0.98,""tn"":155,""tp"":165,""weighted_covered_error"":0.0}}","{""balance_score"":0.006250000000000033,""calibration_group_counts_by_label"":{""0"":31,""1"":33},""calibration_groups"":64,""calibration_label_counts"":{""0"":155,""1"":165},""calibration_records"":320,""fit_group_counts_by_label"":{""0"":47,""1"":49},""fit_groups"":96,""fit_label_counts"":{""0"":235,""1"":245},""fit_records"":480,""group_overlap"":0}","[{""fit_group_counts_by_label"":{""0"":16,""1"":16},""fit_groups"":32,""fit_records"":160,""fold"":0,""group_overlap"":0,""validation_group_counts_by_label"":{""0"":15,""1"":17},""validation_groups"":32,""validation_records"":160},{""fit_group_counts_by_label"":{""0"":15,""1"":17},""fit_groups"":32,""fit_records"":160,""fold"":1,""group_overlap"":0,""validation_group_counts_by_label"":{""0"":16,""1"":16},""validation_groups"":32,""validation_records"":160}]",0
deduplication__hybrid_metadata__multilingual_e5_small__mlp,deduplication,hybrid_metadata,multilingual_e5_small,mlp,2,800,200,160,40,0,65.55312340008095,1.437682899995707,0.24270510009955615,1.2135255004977807,classifier_pipeline_with_precomputed_embedding,"{""model__alpha"":0.001,""model__hidden_layer_sizes"":[16]}",0.0,"{""curve_points"":2450,""eligible"":true,""negative_threshold"":0.02,""positive_threshold"":0.98,""selected"":{""abstained"":0,""automated_false_negative_rate"":0.0,""automated_false_positive_rate"":0.0,""automation_duplicate_recall"":1.0,""automation_nonduplicate_recall"":1.0,""coverage"":1.0,""covered"":320,""covered_error_rate"":0.0,""false_negative_cost"":5.0,""false_positive_cost"":1.0,""fn"":0,""fp"":0,""negative_predictive_value"":1.0,""negative_threshold"":0.02,""negatives"":165,""positive_threshold"":0.98,""positives"":155,""precision"":1.0,""threshold"":0.98,""tn"":165,""tp"":155,""weighted_covered_error"":0.0}}","{""balance_score"":0.006250000000000033,""calibration_group_counts_by_label"":{""0"":33,""1"":31},""calibration_groups"":64,""calibration_label_counts"":{""0"":165,""1"":155},""calibration_records"":320,""fit_group_counts_by_label"":{""0"":50,""1"":46},""fit_groups"":96,""fit_label_counts"":{""0"":250,""1"":230},""fit_records"":480,""group_overlap"":0}","[{""fit_group_counts_by_label"":{""0"":14,""1"":18},""fit_groups"":32,""fit_records"":160,""fold"":0,""group_overlap"":0,""validation_group_counts_by_label"":{""0"":19,""1"":13},""validation_groups"":32,""validation_records"":160},{""fit_group_counts_by_label"":{""0"":19,""1"":13},""fit_groups"":32,""fit_records"":160,""fold"":1,""group_overlap"":0,""validation_group_counts_by_label"":{""0"":14,""1"":18},""validation_groups"":32,""validation_records"":160}]",0
deduplication__hybrid_metadata__multilingual_e5_small__mlp,deduplication,hybrid_metadata,multilingual_e5_small,mlp,3,800,200,160,40,0,66.8653860000195,1.2733817999251187,0.2596285999752581,1.2981429998762906,classifier_pipeline_with_precomputed_embedding,"{""model__alpha"":0.001,""model__hidden_layer_sizes"":[16]}",0.0,"{""curve_points"":2450,""eligible"":true,""negative_threshold"":0.02,""positive_threshold"":0.98,""selected"":{""abstained"":0,""automated_false_negative_rate"":0.0,""automated_false_positive_rate"":0.0,""automation_duplicate_recall"":1.0,""automation_nonduplicate_recall"":1.0,""coverage"":1.0,""covered"":320,""covered_error_rate"":0.0,""false_negative_cost"":5.0,""false_positive_cost"":1.0,""fn"":0,""fp"":0,""negative_predictive_value"":1.0,""negative_threshold"":0.02,""negatives"":155,""positive_threshold"":0.98,""positives"":165,""precision"":1.0,""threshold"":0.98,""tn"":155,""tp"":165,""weighted_covered_error"":0.0}}","{""balance_score"":0.006250000000000033,""calibration_group_counts_by_label"":{""0"":31,""1"":33},""calibration_groups"":64,""calibration_label_counts"":{""0"":155,""1"":165},""calibration_records"":320,""fit_group_counts_by_label"":{""0"":47,""1"":49},""fit_groups"":96,""fit_label_counts"":{""0"":235,""1"":245},""fit_records"":480,""group_overlap"":0}","[{""fit_group_counts_by_label"":{""0"":17,""1"":15},""fit_groups"":32,""fit_records"":160,""fold"":0,""group_overlap"":0,""validation_group_counts_by_label"":{""0"":14,""1"":18},""validation_groups"":32,""validation_records"":160},{""fit_group_counts_by_label"":{""0"":14,""1"":18},""fit_groups"":32,""fit_records"":160,""fold"":1,""group_overlap"":0,""validation_group_counts_by_label"":{""0"":17,""1"":15},""validation_groups"":32,""validation_records"":160}]",0
deduplication__hybrid_metadata__multilingual_e5_small__mlp,deduplication,hybrid_metadata,multilingual_e5_small,mlp,4,800,200,160,40,0,65.9323013999965,1.3630223999498412,0.3900331000331789,1.9501655001658946,classifier_pipeline_with_precomputed_embedding,"{""model__alpha"":0.001,""model__hidden_layer_sizes"":[16]}",0.0,"{""curve_points"":2450,""eligible"":true,""negative_threshold"":0.02,""positive_threshold"":0.98,""selected"":{""abstained"":0,""automated_false_negative_rate"":0.0,""automated_false_positive_rate"":0.0,""automation_duplicate_recall"":1.0,""automation_nonduplicate_recall"":1.0,""coverage"":1.0,""covered"":320,""covered_error_rate"":0.0,""false_negative_cost"":5.0,""false_positive_cost"":1.0,""fn"":0,""fp"":0,""negative_predictive_value"":1.0,""negative_threshold"":0.02,""negatives"":155,""positive_threshold"":0.98,""positives"":165,""precision"":1.0,""threshold"":0.98,""tn"":155,""tp"":165,""weighted_covered_error"":0.0}}","{""balance_score"":0.006250000000000033,""calibration_group_counts_by_label"":{""0"":31,""1"":33},""calibration_groups"":64,""calibration_label_counts"":{""0"":155,""1"":165},""calibration_records"":320,""fit_group_counts_by_label"":{""0"":47,""1"":49},""fit_groups"":96,""fit_label_counts"":{""0"":235,""1"":245},""fit_records"":480,""group_overlap"":0}","[{""fit_group_counts_by_label"":{""0"":18,""1"":14},""fit_groups"":32,""fit_records"":160,""fold"":0,""group_overlap"":0,""validation_group_counts_by_label"":{""0"":13,""1"":19},""validation_groups"":32,""validation_records"":160},{""fit_group_counts_by_label"":{""0"":13,""1"":19},""fit_groups"":32,""fit_records"":160,""fold"":1,""group_overlap"":0,""validation_group_counts_by_label"":{""0"":18,""1"":14},""validation_groups"":32,""validation_records"":160}]",0
deduplication__hybrid_metadata__multilingual_e5_small__xgboost,deduplication,hybrid_metadata,multilingual_e5_small,xgboost,0,800,200,160,40,0,60.14462670008652,1.533596400055103,0.25514320004731417,1.2757160002365708,classifier_pipeline_with_precomputed_embedding,"{""model__learning_rate"":0.05,""model__max_depth"":2,""model__n_estimators"":160}",-0.010416666666666666,"{""curve_points"":2450,""eligible"":true,""negative_threshold"":0.02,""positive_threshold"":0.98,""selected"":{""abstained"":0,""automated_false_negative_rate"":0.0,""automated_false_positive_rate"":0.0,""automation_duplicate_recall"":1.0,""automation_nonduplicate_recall"":1.0,""coverage"":1.0,""covered"":320,""covered_error_rate"":0.0,""false_negative_cost"":5.0,""false_positive_cost"":1.0,""fn"":0,""fp"":0,""negative_predictive_value"":1.0,""negative_threshold"":0.02,""negatives"":165,""positive_threshold"":0.98,""positives"":155,""precision"":1.0,""threshold"":0.98,""tn"":165,""tp"":155,""weighted_covered_error"":0.0}}","{""balance_score"":0.006250000000000033,""calibration_group_counts_by_label"":{""0"":33,""1"":31},""calibration_groups"":64,""calibration_label_counts"":{""0"":165,""1"":155},""calibration_records"":320,""fit_group_counts_by_label"":{""0"":50,""1"":46},""fit_groups"":96,""fit_label_counts"":{""0"":250,""1"":230},""fit_records"":480,""group_overlap"":0}","[{""fit_group_counts_by_label"":{""0"":14,""1"":18},""fit_groups"":32,""fit_records"":160,""fold"":0,""group_overlap"":0,""validation_group_counts_by_label"":{""0"":19,""1"":13},""validation_groups"":32,""validation_records"":160},{""fit_group_counts_by_label"":{""0"":19,""1"":13},""fit_groups"":32,""fit_records"":160,""fold"":1,""group_overlap"":0,""validation_group_counts_by_label"":{""0"":14,""1"":18},""validation_groups"":32,""validation_records"":160}]",0
deduplication__hybrid_metadata__multilingual_e5_small__xgboost,deduplication,hybrid_metadata,multilingual_e5_small,xgboost,1,800,200,160,40,0,59.00238750001881,1.529457899974659,0.24899059999734163,1.2449529999867082,classifier_pipeline_with_precomputed_embedding,"{""model__learning_rate"":0.05,""model__max_depth"":2,""model__n_estimators"":160}",-0.020833333333333332,"{""curve_points"":2450,""eligible"":true,""negative_threshold"":0.02,""positive_threshold"":0.98,""selected"":{""abstained"":85,""automated_false_negative_rate"":0.0,""automated_false_positive_rate"":0.0,""automation_duplicate_recall"":0.5151515151515151,""automation_nonduplicate_recall"":0.967741935483871,""coverage"":0.734375,""covered"":235,""covered_error_rate"":0.0,""false_negative_cost"":5.0,""false_positive_cost"":1.0,""fn"":0,""fp"":0,""negative_predictive_value"":1.0,""negative_threshold"":0.02,""negatives"":155,""positive_threshold"":0.98,""positives"":165,""precision"":1.0,""threshold"":0.98,""tn"":150,""tp"":85,""weighted_covered_error"":0.0}}","{""balance_score"":0.006250000000000033,""calibration_group_counts_by_label"":{""0"":31,""1"":33},""calibration_groups"":64,""calibration_label_counts"":{""0"":155,""1"":165},""calibration_records"":320,""fit_group_counts_by_label"":{""0"":47,""1"":49},""fit_groups"":96,""fit_label_counts"":{""0"":235,""1"":245},""fit_records"":480,""group_overlap"":0}","[{""fit_group_counts_by_label"":{""0"":16,""1"":16},""fit_groups"":32,""fit_records"":160,""fold"":0,""group_overlap"":0,""validation_group_counts_by_label"":{""0"":15,""1"":17},""validation_groups"":32,""validation_records"":160},{""fit_group_counts_by_label"":{""0"":15,""1"":17},""fit_groups"":32,""fit_records"":160,""fold"":1,""group_overlap"":0,""validation_group_counts_by_label"":{""0"":16,""1"":16},""validation_groups"":32,""validation_records"":160}]",0
deduplication__hybrid_metadata__multilingual_e5_small__xgboost,deduplication,hybrid_metadata,multilingual_e5_small,xgboost,2,800,200,160,40,0,61.82070559996646,1.6067064000526443,0.2536831999896094,1.268415999948047,classifier_pipeline_with_precomputed_embedding,"{""model__learning_rate"":0.05,""model__max_depth"":2,""model__n_estimators"":160}",-0.21875,"{""curve_points"":2450,""eligible"":true,""negative_threshold"":0.02,""positive_threshold"":0.98,""selected"":{""abstained"":0,""automated_false_negative_rate"":0.0,""automated_false_positive_rate"":0.0,""automation_duplicate_recall"":1.0,""automation_nonduplicate_recall"":1.0,""coverage"":1.0,""covered"":320,""covered_error_rate"":0.0,""false_negative_cost"":5.0,""false_positive_cost"":1.0,""fn"":0,""fp"":0,""negative_predictive_value"":1.0,""negative_threshold"":0.02,""negatives"":165,""positive_threshold"":0.98,""positives"":155,""precision"":1.0,""threshold"":0.98,""tn"":165,""tp"":155,""weighted_covered_error"":0.0}}","{""balance_score"":0.006250000000000033,""calibration_group_counts_by_label"":{""0"":33,""1"":31},""calibration_groups"":64,""calibration_label_counts"":{""0"":165,""1"":155},""calibration_records"":320,""fit_group_counts_by_label"":{""0"":50,""1"":46},""fit_groups"":96,""fit_label_counts"":{""0"":250,""1"":230},""fit_records"":480,""group_overlap"":0}","[{""fit_group_counts_by_label"":{""0"":14,""1"":18},""fit_groups"":32,""fit_records"":160,""fold"":0,""group_overlap"":0,""validation_group_counts_by_label"":{""0"":19,""1"":13},""validation_groups"":32,""validation_records"":160},{""fit_group_counts_by_label"":{""0"":19,""1"":13},""fit_groups"":32,""fit_records"":160,""fold"":1,""group_overlap"":0,""validation_group_counts_by_label"":{""0"":14,""1"":18},""validation_groups"":32,""validation_records"":160}]",0
deduplication__hybrid_metadata__multilingual_e5_small__xgboost,deduplication,hybrid_metadata,multilingual_e5_small,xgboost,3,800,200,160,40,0,62.23681889998261,1.446605799952522,0.2590026999823749,1.2950134999118745,classifier_pipeline_with_precomputed_embedding,"{""model__learning_rate"":0.05,""model__max_depth"":2,""model__n_estimators"":160}",-0.0625,"{""curve_points"":2450,""eligible"":true,""negative_threshold"":0.02,""positive_threshold"":0.98,""selected"":{""abstained"":0,""automated_false_negative_rate"":0.0,""automated_false_positive_rate"":0.0,""automation_duplicate_recall"":1.0,""automation_nonduplicate_recall"":1.0,""coverage"":1.0,""covered"":320,""covered_error_rate"":0.0,""false_negative_cost"":5.0,""false_positive_cost"":1.0,""fn"":0,""fp"":0,""negative_predictive_value"":1.0,""negative_threshold"":0.02,""negatives"":155,""positive_threshold"":0.98,""positives"":165,""precision"":1.0,""threshold"":0.98,""tn"":155,""tp"":165,""weighted_covered_error"":0.0}}","{""balance_score"":0.006250000000000033,""calibration_group_counts_by_label"":{""0"":31,""1"":33},""calibration_groups"":64,""calibration_label_counts"":{""0"":155,""1"":165},""calibration_records"":320,""fit_group_counts_by_label"":{""0"":47,""1"":49},""fit_groups"":96,""fit_label_counts"":{""0"":235,""1"":245},""fit_records"":480,""group_overlap"":0}","[{""fit_group_counts_by_label"":{""0"":17,""1"":15},""fit_groups"":32,""fit_records"":160,""fold"":0,""group_overlap"":0,""validation_group_counts_by_label"":{""0"":14,""1"":18},""validation_groups"":32,""validation_records"":160},{""fit_group_counts_by_label"":{""0"":14,""1"":18},""fit_groups"":32,""fit_records"":160,""fold"":1,""group_overlap"":0,""validation_group_counts_by_label"":{""0"":17,""1"":15},""validation_groups"":32,""validation_records"":160}]",0
deduplication__hybrid_metadata__multilingual_e5_small__xgboost,deduplication,hybrid_metadata,multilingual_e5_small,xgboost,4,800,200,160,40,0,59.04206940007862,1.4633826999925077,0.27647939999587834,1.3823969999793917,classifier_pipeline_with_precomputed_embedding,"{""model__learning_rate"":0.05,""model__max_depth"":2,""model__n_estimators"":160}",-0.010416666666666666,"{""curve_points"":2450,""eligible"":true,""negative_threshold"":0.02,""positive_threshold"":0.98,""selected"":{""abstained"":0,""automated_false_negative_rate"":0.0,""automated_false_positive_rate"":0.0,""automation_duplicate_recall"":1.0,""automation_nonduplicate_recall"":1.0,""coverage"":1.0,""covered"":320,""covered_error_rate"":0.0,""false_negative_cost"":5.0,""false_positive_cost"":1.0,""fn"":0,""fp"":0,""negative_predictive_value"":1.0,""negative_threshold"":0.02,""negatives"":155,""positive_threshold"":0.98,""positives"":165,""precision"":1.0,""threshold"":0.98,""tn"":155,""tp"":165,""weighted_covered_error"":0.0}}","{""balance_score"":0.006250000000000033,""calibration_group_counts_by_label"":{""0"":31,""1"":33},""calibration_groups"":64,""calibration_label_counts"":{""0"":155,""1"":165},""calibration_records"":320,""fit_group_counts_by_label"":{""0"":47,""1"":49},""fit_groups"":96,""fit_label_counts"":{""0"":235,""1"":245},""fit_records"":480,""group_overlap"":0}","[{""fit_group_counts_by_label"":{""0"":18,""1"":14},""fit_groups"":32,""fit_records"":160,""fold"":0,""group_overlap"":0,""validation_group_counts_by_label"":{""0"":13,""1"":19},""validation_groups"":32,""validation_records"":160},{""fit_group_counts_by_label"":{""0"":13,""1"":19},""fit_groups"":32,""fit_records"":160,""fold"":1,""group_overlap"":0,""validation_group_counts_by_label"":{""0"":18,""1"":14},""validation_groups"":32,""validation_records"":160}]",0
deduplication__hybrid_metadata__multilingual_minilm_l12__logistic_regression,deduplication,hybrid_metadata,multilingual_minilm_l12,logistic_regression,0,800,200,160,40,0,13.19548070000019,1.573390300036408,0.243513899971731,1.217569499858655,classifier_pipeline_with_precomputed_embedding,"{""model__C"":0.1}",0.0,"{""curve_points"":2450,""eligible"":true,""negative_threshold"":0.05,""positive_threshold"":0.94,""selected"":{""abstained"":0,""automated_false_negative_rate"":0.0,""automated_false_positive_rate"":0.0,""automation_duplicate_recall"":1.0,""automation_nonduplicate_recall"":1.0,""coverage"":1.0,""covered"":320,""covered_error_rate"":0.0,""false_negative_cost"":5.0,""false_positive_cost"":1.0,""fn"":0,""fp"":0,""negative_predictive_value"":1.0,""negative_threshold"":0.05,""negatives"":165,""positive_threshold"":0.94,""positives"":155,""precision"":1.0,""threshold"":0.94,""tn"":165,""tp"":155,""weighted_covered_error"":0.0}}","{""balance_score"":0.006250000000000033,""calibration_group_counts_by_label"":{""0"":33,""1"":31},""calibration_groups"":64,""calibration_label_counts"":{""0"":165,""1"":155},""calibration_records"":320,""fit_group_counts_by_label"":{""0"":50,""1"":46},""fit_groups"":96,""fit_label_counts"":{""0"":250,""1"":230},""fit_records"":480,""group_overlap"":0}","[{""fit_group_counts_by_label"":{""0"":14,""1"":18},""fit_groups"":32,""fit_records"":160,""fold"":0,""group_overlap"":0,""validation_group_counts_by_label"":{""0"":19,""1"":13},""validation_groups"":32,""validation_records"":160},{""fit_group_counts_by_label"":{""0"":19,""1"":13},""fit_groups"":32,""fit_records"":160,""fold"":1,""group_overlap"":0,""validation_group_counts_by_label"":{""0"":14,""1"":18},""validation_groups"":32,""validation_records"":160}]",0
deduplication__hybrid_metadata__multilingual_minilm_l12__logistic_regression,deduplication,hybrid_metadata,multilingual_minilm_l12,logistic_regression,1,800,200,160,40,0,13.431014999980107,1.2557059000246227,0.23568370006978512,1.1784185003489256,classifier_pipeline_with_precomputed_embedding,"{""model__C"":0.1}",0.0,"{""curve_points"":2450,""eligible"":true,""negative_threshold"":0.04,""positive_threshold"":0.96,""selected"":{""abstained"":0,""automated_false_negative_rate"":0.0,""automated_false_positive_rate"":0.0,""automation_duplicate_recall"":1.0,""automation_nonduplicate_recall"":1.0,""coverage"":1.0,""covered"":320,""covered_error_rate"":0.0,""false_negative_cost"":5.0,""false_positive_cost"":1.0,""fn"":0,""fp"":0,""negative_predictive_value"":1.0,""negative_threshold"":0.04,""negatives"":155,""positive_threshold"":0.96,""positives"":165,""precision"":1.0,""threshold"":0.96,""tn"":155,""tp"":165,""weighted_covered_error"":0.0}}","{""balance_score"":0.006250000000000033,""calibration_group_counts_by_label"":{""0"":31,""1"":33},""calibration_groups"":64,""calibration_label_counts"":{""0"":155,""1"":165},""calibration_records"":320,""fit_group_counts_by_label"":{""0"":47,""1"":49},""fit_groups"":96,""fit_label_counts"":{""0"":235,""1"":245},""fit_records"":480,""group_overlap"":0}","[{""fit_group_counts_by_label"":{""0"":16,""1"":16},""fit_groups"":32,""fit_records"":160,""fold"":0,""group_overlap"":0,""validation_group_counts_by_label"":{""0"":15,""1"":17},""validation_groups"":32,""validation_records"":160},{""fit_group_counts_by_label"":{""0"":15,""1"":17},""fit_groups"":32,""fit_records"":160,""fold"":1,""group_overlap"":0,""validation_group_counts_by_label"":{""0"":16,""1"":16},""validation_groups"":32,""validation_records"":160}]",0
deduplication__hybrid_metadata__multilingual_minilm_l12__logistic_regression,deduplication,hybrid_metadata,multilingual_minilm_l12,logistic_regression,2,800,200,160,40,0,13.298227499937639,1.2462686999933794,0.2401770999422297,1.2008854997111484,classifier_pipeline_with_precomputed_embedding,"{""model__C"":0.1}",0.0,"{""curve_points"":2450,""eligible"":true,""negative_threshold"":0.05,""positive_threshold"":0.95,""selected"":{""abstained"":0,""automated_false_negative_rate"":0.0,""automated_false_positive_rate"":0.0,""automation_duplicate_recall"":1.0,""automation_nonduplicate_recall"":1.0,""coverage"":1.0,""covered"":320,""covered_error_rate"":0.0,""false_negative_cost"":5.0,""false_positive_cost"":1.0,""fn"":0,""fp"":0,""negative_predictive_value"":1.0,""negative_threshold"":0.05,""negatives"":165,""positive_threshold"":0.95,""positives"":155,""precision"":1.0,""threshold"":0.95,""tn"":165,""tp"":155,""weighted_covered_error"":0.0}}","{""balance_score"":0.006250000000000033,""calibration_group_counts_by_label"":{""0"":33,""1"":31},""calibration_groups"":64,""calibration_label_counts"":{""0"":165,""1"":155},""calibration_records"":320,""fit_group_counts_by_label"":{""0"":50,""1"":46},""fit_groups"":96,""fit_label_counts"":{""0"":250,""1"":230},""fit_records"":480,""group_overlap"":0}","[{""fit_group_counts_by_label"":{""0"":14,""1"":18},""fit_groups"":32,""fit_records"":160,""fold"":0,""group_overlap"":0,""validation_group_counts_by_label"":{""0"":19,""1"":13},""validation_groups"":32,""validation_records"":160},{""fit_group_counts_by_label"":{""0"":19,""1"":13},""fit_groups"":32,""fit_records"":160,""fold"":1,""group_overlap"":0,""validation_group_counts_by_label"":{""0"":14,""1"":18},""validation_groups"":32,""validation_records"":160}]",0
deduplication__hybrid_metadata__multilingual_minilm_l12__logistic_regression,deduplication,hybrid_metadata,multilingual_minilm_l12,logistic_regression,3,800,200,160,40,0,13.105076599982567,1.2712204999988899,0.24191050010267645,1.2095525005133823,classifier_pipeline_with_precomputed_embedding,"{""model__C"":1.0}",0.0,"{""curve_points"":2450,""eligible"":true,""negative_threshold"":0.05,""positive_threshold"":0.96,""selected"":{""abstained"":0,""automated_false_negative_rate"":0.0,""automated_false_positive_rate"":0.0,""automation_duplicate_recall"":1.0,""automation_nonduplicate_recall"":1.0,""coverage"":1.0,""covered"":320,""covered_error_rate"":0.0,""false_negative_cost"":5.0,""false_positive_cost"":1.0,""fn"":0,""fp"":0,""negative_predictive_value"":1.0,""negative_threshold"":0.05,""negatives"":155,""positive_threshold"":0.96,""positives"":165,""precision"":1.0,""threshold"":0.96,""tn"":155,""tp"":165,""weighted_covered_error"":0.0}}","{""balance_score"":0.006250000000000033,""calibration_group_counts_by_label"":{""0"":31,""1"":33},""calibration_groups"":64,""calibration_label_counts"":{""0"":155,""1"":165},""calibration_records"":320,""fit_group_counts_by_label"":{""0"":47,""1"":49},""fit_groups"":96,""fit_label_counts"":{""0"":235,""1"":245},""fit_records"":480,""group_overlap"":0}","[{""fit_group_counts_by_label"":{""0"":17,""1"":15},""fit_groups"":32,""fit_records"":160,""fold"":0,""group_overlap"":0,""validation_group_counts_by_label"":{""0"":14,""1"":18},""validation_groups"":32,""validation_records"":160},{""fit_group_counts_by_label"":{""0"":14,""1"":18},""fit_groups"":32,""fit_records"":160,""fold"":1,""group_overlap"":0,""validation_group_counts_by_label"":{""0"":17,""1"":15},""validation_groups"":32,""validation_records"":160}]",0
deduplication__hybrid_metadata__multilingual_minilm_l12__logistic_regression,deduplication,hybrid_metadata,multilingual_minilm_l12,logistic_regression,4,800,200,160,40,0,13.179644200019538,1.2503323999699205,0.26921089994721115,1.3460544997360557,classifier_pipeline_with_precomputed_embedding,"{""model__C"":0.1}",0.0,"{""curve_points"":2450,""eligible"":true,""negative_threshold"":0.05,""positive_threshold"":0.93,""selected"":{""abstained"":0,""automated_false_negative_rate"":0.0,""automated_false_positive_rate"":0.0,""automation_duplicate_recall"":1.0,""automation_nonduplicate_recall"":1.0,""coverage"":1.0,""covered"":320,""covered_error_rate"":0.0,""false_negative_cost"":5.0,""false_positive_cost"":1.0,""fn"":0,""fp"":0,""negative_predictive_value"":1.0,""negative_threshold"":0.05,""negatives"":155,""positive_threshold"":0.93,""positives"":165,""precision"":1.0,""threshold"":0.93,""tn"":155,""tp"":165,""weighted_covered_error"":0.0}}","{""balance_score"":0.006250000000000033,""calibration_group_counts_by_label"":{""0"":31,""1"":33},""calibration_groups"":64,""calibration_label_counts"":{""0"":155,""1"":165},""calibration_records"":320,""fit_group_counts_by_label"":{""0"":47,""1"":49},""fit_groups"":96,""fit_label_counts"":{""0"":235,""1"":245},""fit_records"":480,""group_overlap"":0}","[{""fit_group_counts_by_label"":{""0"":18,""1"":14},""fit_groups"":32,""fit_records"":160,""fold"":0,""group_overlap"":0,""validation_group_counts_by_label"":{""0"":13,""1"":19},""validation_groups"":32,""validation_records"":160},{""fit_group_counts_by_label"":{""0"":13,""1"":19},""fit_groups"":32,""fit_records"":160,""fold"":1,""group_overlap"":0,""validation_group_counts_by_label"":{""0"":18,""1"":14},""validation_groups"":32,""validation_records"":160}]",0
deduplication__hybrid_metadata__multilingual_minilm_l12__decision_tree,deduplication,hybrid_metadata,multilingual_minilm_l12,decision_tree,0,800,200,160,40,0,19.527614300022833,1.2346825000131503,0.2467498000478372,1.233749000239186,classifier_pipeline_with_precomputed_embedding,"{""model__max_depth"":3,""model__min_samples_leaf"":2}",-0.15625,"{""curve_points"":2450,""eligible"":true,""negative_threshold"":0.03,""positive_threshold"":0.98,""selected"":{""abstained"":0,""automated_false_negative_rate"":0.0064516129032258064,""automated_false_positive_rate"":0.0,""automation_duplicate_recall"":0.9935483870967742,""automation_nonduplicate_recall"":1.0,""coverage"":1.0,""covered"":320,""covered_error_rate"":0.003125,""false_negative_cost"":5.0,""false_positive_cost"":1.0,""fn"":1,""fp"":0,""negative_predictive_value"":0.9939759036144579,""negative_threshold"":0.03,""negatives"":165,""positive_threshold"":0.98,""positives"":155,""precision"":1.0,""threshold"":0.98,""tn"":165,""tp"":154,""weighted_covered_error"":0.015625}}","{""balance_score"":0.006250000000000033,""calibration_group_counts_by_label"":{""0"":33,""1"":31},""calibration_groups"":64,""calibration_label_counts"":{""0"":165,""1"":155},""calibration_records"":320,""fit_group_counts_by_label"":{""0"":50,""1"":46},""fit_groups"":96,""fit_label_counts"":{""0"":250,""1"":230},""fit_records"":480,""group_overlap"":0}","[{""fit_group_counts_by_label"":{""0"":14,""1"":18},""fit_groups"":32,""fit_records"":160,""fold"":0,""group_overlap"":0,""validation_group_counts_by_label"":{""0"":19,""1"":13},""validation_groups"":32,""validation_records"":160},{""fit_group_counts_by_label"":{""0"":19,""1"":13},""fit_groups"":32,""fit_records"":160,""fold"":1,""group_overlap"":0,""validation_group_counts_by_label"":{""0"":14,""1"":18},""validation_groups"":32,""validation_records"":160}]",0
deduplication__hybrid_metadata__multilingual_minilm_l12__decision_tree,deduplication,hybrid_metadata,multilingual_minilm_l12,decision_tree,1,800,200,160,40,0,19.423248499981128,1.2607569000683725,0.2399281000252813,1.1996405001264066,classifier_pipeline_with_precomputed_embedding,"{""model__max_depth"":3,""model__min_samples_leaf"":2}",-0.02291666666666667,"{""curve_points"":2450,""eligible"":true,""negative_threshold"":0.02,""positive_threshold"":0.98,""selected"":{""abstained"":0,""automated_false_negative_rate"":0.0,""automated_false_positive_rate"":0.0,""automation_duplicate_recall"":1.0,""automation_nonduplicate_recall"":1.0,""coverage"":1.0,""covered"":320,""covered_error_rate"":0.0,""false_negative_cost"":5.0,""false_positive_cost"":1.0,""fn"":0,""fp"":0,""negative_predictive_value"":1.0,""negative_threshold"":0.02,""negatives"":155,""positive_threshold"":0.98,""positives"":165,""precision"":1.0,""threshold"":0.98,""tn"":155,""tp"":165,""weighted_covered_error"":0.0}}","{""balance_score"":0.006250000000000033,""calibration_group_counts_by_label"":{""0"":31,""1"":33},""calibration_groups"":64,""calibration_label_counts"":{""0"":155,""1"":165},""calibration_records"":320,""fit_group_counts_by_label"":{""0"":47,""1"":49},""fit_groups"":96,""fit_label_counts"":{""0"":235,""1"":245},""fit_records"":480,""group_overlap"":0}","[{""fit_group_counts_by_label"":{""0"":16,""1"":16},""fit_groups"":32,""fit_records"":160,""fold"":0,""group_overlap"":0,""validation_group_counts_by_label"":{""0"":15,""1"":17},""validation_groups"":32,""validation_records"":160},{""fit_group_counts_by_label"":{""0"":15,""1"":17},""fit_groups"":32,""fit_records"":160,""fold"":1,""group_overlap"":0,""validation_group_counts_by_label"":{""0"":16,""1"":16},""validation_groups"":32,""validation_records"":160}]",0
deduplication__hybrid_metadata__multilingual_minilm_l12__decision_tree,deduplication,hybrid_metadata,multilingual_minilm_l12,decision_tree,2,800,200,160,40,0,20.115575700066984,1.3506823000498116,0.2380861999699846,1.190430999849923,classifier_pipeline_with_precomputed_embedding,"{""model__max_depth"":3,""model__min_samples_leaf"":2}",0.0,"{""curve_points"":2450,""eligible"":false,""negative_threshold"":null,""positive_threshold"":null,""selected"":null}","{""balance_score"":0.006250000000000033,""calibration_group_counts_by_label"":{""0"":33,""1"":31},""calibration_groups"":64,""calibration_label_counts"":{""0"":165,""1"":155},""calibration_records"":320,""fit_group_counts_by_label"":{""0"":50,""1"":46},""fit_groups"":96,""fit_label_counts"":{""0"":250,""1"":230},""fit_records"":480,""group_overlap"":0}","[{""fit_group_counts_by_label"":{""0"":14,""1"":18},""fit_groups"":32,""fit_records"":160,""fold"":0,""group_overlap"":0,""validation_group_counts_by_label"":{""0"":19,""1"":13},""validation_groups"":32,""validation_records"":160},{""fit_group_counts_by_label"":{""0"":19,""1"":13},""fit_groups"":32,""fit_records"":160,""fold"":1,""group_overlap"":0,""validation_group_counts_by_label"":{""0"":14,""1"":18},""validation_groups"":32,""validation_records"":160}]",0
deduplication__hybrid_metadata__multilingual_minilm_l12__decision_tree,deduplication,hybrid_metadata,multilingual_minilm_l12,decision_tree,3,800,200,160,40,0,19.268521000049077,1.260385699919425,0.2506049000658095,1.2530245003290474,classifier_pipeline_with_precomputed_embedding,"{""model__max_depth"":3,""model__min_samples_leaf"":2}",0.0,"{""curve_points"":2450,""eligible"":true,""negative_threshold"":0.02,""positive_threshold"":0.98,""selected"":{""abstained"":0,""automated_false_negative_rate"":0.0,""automated_false_positive_rate"":0.0,""automation_duplicate_recall"":1.0,""automation_nonduplicate_recall"":1.0,""coverage"":1.0,""covered"":320,""covered_error_rate"":0.0,""false_negative_cost"":5.0,""false_positive_cost"":1.0,""fn"":0,""fp"":0,""negative_predictive_value"":1.0,""negative_threshold"":0.02,""negatives"":155,""positive_threshold"":0.98,""positives"":165,""precision"":1.0,""threshold"":0.98,""tn"":155,""tp"":165,""weighted_covered_error"":0.0}}","{""balance_score"":0.006250000000000033,""calibration_group_counts_by_label"":{""0"":31,""1"":33},""calibration_groups"":64,""calibration_label_counts"":{""0"":155,""1"":165},""calibration_records"":320,""fit_group_counts_by_label"":{""0"":47,""1"":49},""fit_groups"":96,""fit_label_counts"":{""0"":235,""1"":245},""fit_records"":480,""group_overlap"":0}","[{""fit_group_counts_by_label"":{""0"":17,""1"":15},""fit_groups"":32,""fit_records"":160,""fold"":0,""group_overlap"":0,""validation_group_counts_by_label"":{""0"":14,""1"":18},""validation_groups"":32,""validation_records"":160},{""fit_group_counts_by_label"":{""0"":14,""1"":18},""fit_groups"":32,""fit_records"":160,""fold"":1,""group_overlap"":0,""validation_group_counts_by_label"":{""0"":17,""1"":15},""validation_groups"":32,""validation_records"":160}]",0
deduplication__hybrid_metadata__multilingual_minilm_l12__decision_tree,deduplication,hybrid_metadata,multilingual_minilm_l12,decision_tree,4,800,200,160,40,0,19.20918060000986,1.2537339999107644,0.3013485000701621,1.5067425003508106,classifier_pipeline_with_precomputed_embedding,"{""model__max_depth"":3,""model__min_samples_leaf"":2}",0.0,"{""curve_points"":2450,""eligible"":true,""negative_threshold"":0.05,""positive_threshold"":0.9,""selected"":{""abstained"":0,""automated_false_negative_rate"":0.01818181818181818,""automated_false_positive_rate"":0.03870967741935484,""automation_duplicate_recall"":0.9818181818181818,""automation_nonduplicate_recall"":0.9612903225806452,""coverage"":1.0,""covered"":320,""covered_error_rate"":0.028125,""false_negative_cost"":5.0,""false_positive_cost"":1.0,""fn"":3,""fp"":6,""negative_predictive_value"":0.9802631578947368,""negative_threshold"":0.05,""negatives"":155,""positive_threshold"":0.9,""positives"":165,""precision"":0.9642857142857143,""threshold"":0.9,""tn"":149,""tp"":162,""weighted_covered_error"":0.065625}}","{""balance_score"":0.006250000000000033,""calibration_group_counts_by_label"":{""0"":31,""1"":33},""calibration_groups"":64,""calibration_label_counts"":{""0"":155,""1"":165},""calibration_records"":320,""fit_group_counts_by_label"":{""0"":47,""1"":49},""fit_groups"":96,""fit_label_counts"":{""0"":235,""1"":245},""fit_records"":480,""group_overlap"":0}","[{""fit_group_counts_by_label"":{""0"":18,""1"":14},""fit_groups"":32,""fit_records"":160,""fold"":0,""group_overlap"":0,""validation_group_counts_by_label"":{""0"":13,""1"":19},""validation_groups"":32,""validation_records"":160},{""fit_group_counts_by_label"":{""0"":13,""1"":19},""fit_groups"":32,""fit_records"":160,""fold"":1,""group_overlap"":0,""validation_group_counts_by_label"":{""0"":18,""1"":14},""validation_groups"":32,""validation_records"":160}]",0
deduplication__hybrid_metadata__multilingual_minilm_l12__linear_svm,deduplication,hybrid_metadata,multilingual_minilm_l12,linear_svm,0,800,200,160,40,0,15.385993300005794,1.3753642999799922,0.25982769997790456,1.2991384998895228,classifier_pipeline_with_precomputed_embedding,"{""model__C"":0.1}",0.0,"{""curve_points"":2450,""eligible"":true,""negative_threshold"":0.03,""positive_threshold"":0.97,""selected"":{""abstained"":0,""automated_false_negative_rate"":0.0,""automated_false_positive_rate"":0.0,""automation_duplicate_recall"":1.0,""automation_nonduplicate_recall"":1.0,""coverage"":1.0,""covered"":320,""covered_error_rate"":0.0,""false_negative_cost"":5.0,""false_positive_cost"":1.0,""fn"":0,""fp"":0,""negative_predictive_value"":1.0,""negative_threshold"":0.03,""negatives"":165,""positive_threshold"":0.97,""positives"":155,""precision"":1.0,""threshold"":0.97,""tn"":165,""tp"":155,""weighted_covered_error"":0.0}}","{""balance_score"":0.006250000000000033,""calibration_group_counts_by_label"":{""0"":33,""1"":31},""calibration_groups"":64,""calibration_label_counts"":{""0"":165,""1"":155},""calibration_records"":320,""fit_group_counts_by_label"":{""0"":50,""1"":46},""fit_groups"":96,""fit_label_counts"":{""0"":250,""1"":230},""fit_records"":480,""group_overlap"":0}","[{""fit_group_counts_by_label"":{""0"":14,""1"":18},""fit_groups"":32,""fit_records"":160,""fold"":0,""group_overlap"":0,""validation_group_counts_by_label"":{""0"":19,""1"":13},""validation_groups"":32,""validation_records"":160},{""fit_group_counts_by_label"":{""0"":19,""1"":13},""fit_groups"":32,""fit_records"":160,""fold"":1,""group_overlap"":0,""validation_group_counts_by_label"":{""0"":14,""1"":18},""validation_groups"":32,""validation_records"":160}]",0
deduplication__hybrid_metadata__multilingual_minilm_l12__linear_svm,deduplication,hybrid_metadata,multilingual_minilm_l12,linear_svm,1,800,200,160,40,0,14.759228299953975,1.2545533999800682,0.2332197999348864,1.166098999674432,classifier_pipeline_with_precomputed_embedding,"{""model__C"":0.1}",0.0,"{""curve_points"":2450,""eligible"":true,""negative_threshold"":0.03,""positive_threshold"":0.97,""selected"":{""abstained"":0,""automated_false_negative_rate"":0.0,""automated_false_positive_rate"":0.0,""automation_duplicate_recall"":1.0,""automation_nonduplicate_recall"":1.0,""coverage"":1.0,""covered"":320,""covered_error_rate"":0.0,""false_negative_cost"":5.0,""false_positive_cost"":1.0,""fn"":0,""fp"":0,""negative_predictive_value"":1.0,""negative_threshold"":0.03,""negatives"":155,""positive_threshold"":0.97,""positives"":165,""precision"":1.0,""threshold"":0.97,""tn"":155,""tp"":165,""weighted_covered_error"":0.0}}","{""balance_score"":0.006250000000000033,""calibration_group_counts_by_label"":{""0"":31,""1"":33},""calibration_groups"":64,""calibration_label_counts"":{""0"":155,""1"":165},""calibration_records"":320,""fit_group_counts_by_label"":{""0"":47,""1"":49},""fit_groups"":96,""fit_label_counts"":{""0"":235,""1"":245},""fit_records"":480,""group_overlap"":0}","[{""fit_group_counts_by_label"":{""0"":16,""1"":16},""fit_groups"":32,""fit_records"":160,""fold"":0,""group_overlap"":0,""validation_group_counts_by_label"":{""0"":15,""1"":17},""validation_groups"":32,""validation_records"":160},{""fit_group_counts_by_label"":{""0"":15,""1"":17},""fit_groups"":32,""fit_records"":160,""fold"":1,""group_overlap"":0,""validation_group_counts_by_label"":{""0"":16,""1"":16},""validation_groups"":32,""validation_records"":160}]",0
deduplication__hybrid_metadata__multilingual_minilm_l12__linear_svm,deduplication,hybrid_metadata,multilingual_minilm_l12,linear_svm,2,800,200,160,40,0,14.886085400008596,1.3369725999655202,0.2405799999833107,1.2028999999165535,classifier_pipeline_with_precomputed_embedding,"{""model__C"":0.1}",0.0,"{""curve_points"":2450,""eligible"":true,""negative_threshold"":0.03,""positive_threshold"":0.97,""selected"":{""abstained"":0,""automated_false_negative_rate"":0.0,""automated_false_positive_rate"":0.0,""automation_duplicate_recall"":1.0,""automation_nonduplicate_recall"":1.0,""coverage"":1.0,""covered"":320,""covered_error_rate"":0.0,""false_negative_cost"":5.0,""false_positive_cost"":1.0,""fn"":0,""fp"":0,""negative_predictive_value"":1.0,""negative_threshold"":0.03,""negatives"":165,""positive_threshold"":0.97,""positives"":155,""precision"":1.0,""threshold"":0.97,""tn"":165,""tp"":155,""weighted_covered_error"":0.0}}","{""balance_score"":0.006250000000000033,""calibration_group_counts_by_label"":{""0"":33,""1"":31},""calibration_groups"":64,""calibration_label_counts"":{""0"":165,""1"":155},""calibration_records"":320,""fit_group_counts_by_label"":{""0"":50,""1"":46},""fit_groups"":96,""fit_label_counts"":{""0"":250,""1"":230},""fit_records"":480,""group_overlap"":0}","[{""fit_group_counts_by_label"":{""0"":14,""1"":18},""fit_groups"":32,""fit_records"":160,""fold"":0,""group_overlap"":0,""validation_group_counts_by_label"":{""0"":19,""1"":13},""validation_groups"":32,""validation_records"":160},{""fit_group_counts_by_label"":{""0"":19,""1"":13},""fit_groups"":32,""fit_records"":160,""fold"":1,""group_overlap"":0,""validation_group_counts_by_label"":{""0"":14,""1"":18},""validation_groups"":32,""validation_records"":160}]",0
deduplication__hybrid_metadata__multilingual_minilm_l12__linear_svm,deduplication,hybrid_metadata,multilingual_minilm_l12,linear_svm,3,800,200,160,40,0,14.694942399975844,1.3263779999688268,0.25136309990193695,1.2568154995096847,classifier_pipeline_with_precomputed_embedding,"{""model__C"":0.1}",0.0,"{""curve_points"":2450,""eligible"":true,""negative_threshold"":0.03,""positive_threshold"":0.97,""selected"":{""abstained"":0,""automated_false_negative_rate"":0.0,""automated_false_positive_rate"":0.0,""automation_duplicate_recall"":1.0,""automation_nonduplicate_recall"":1.0,""coverage"":1.0,""covered"":320,""covered_error_rate"":0.0,""false_negative_cost"":5.0,""false_positive_cost"":1.0,""fn"":0,""fp"":0,""negative_predictive_value"":1.0,""negative_threshold"":0.03,""negatives"":155,""positive_threshold"":0.97,""positives"":165,""precision"":1.0,""threshold"":0.97,""tn"":155,""tp"":165,""weighted_covered_error"":0.0}}","{""balance_score"":0.006250000000000033,""calibration_group_counts_by_label"":{""0"":31,""1"":33},""calibration_groups"":64,""calibration_label_counts"":{""0"":155,""1"":165},""calibration_records"":320,""fit_group_counts_by_label"":{""0"":47,""1"":49},""fit_groups"":96,""fit_label_counts"":{""0"":235,""1"":245},""fit_records"":480,""group_overlap"":0}","[{""fit_group_counts_by_label"":{""0"":17,""1"":15},""fit_groups"":32,""fit_records"":160,""fold"":0,""group_overlap"":0,""validation_group_counts_by_label"":{""0"":14,""1"":18},""validation_groups"":32,""validation_records"":160},{""fit_group_counts_by_label"":{""0"":14,""1"":18},""fit_groups"":32,""fit_records"":160,""fold"":1,""group_overlap"":0,""validation_group_counts_by_label"":{""0"":17,""1"":15},""validation_groups"":32,""validation_records"":160}]",0
deduplication__hybrid_metadata__multilingual_minilm_l12__linear_svm,deduplication,hybrid_metadata,multilingual_minilm_l12,linear_svm,4,800,200,160,40,0,14.28966400003992,1.2708226999966428,0.25835290004033595,1.2917645002016798,classifier_pipeline_with_precomputed_embedding,"{""model__C"":0.1}",0.0,"{""curve_points"":2450,""eligible"":true,""negative_threshold"":0.03,""positive_threshold"":0.93,""selected"":{""abstained"":0,""automated_false_negative_rate"":0.0,""automated_false_positive_rate"":0.0,""automation_duplicate_recall"":1.0,""automation_nonduplicate_recall"":1.0,""coverage"":1.0,""covered"":320,""covered_error_rate"":0.0,""false_negative_cost"":5.0,""false_positive_cost"":1.0,""fn"":0,""fp"":0,""negative_predictive_value"":1.0,""negative_threshold"":0.03,""negatives"":155,""positive_threshold"":0.93,""positives"":165,""precision"":1.0,""threshold"":0.93,""tn"":155,""tp"":165,""weighted_covered_error"":0.0}}","{""balance_score"":0.006250000000000033,""calibration_group_counts_by_label"":{""0"":31,""1"":33},""calibration_groups"":64,""calibration_label_counts"":{""0"":155,""1"":165},""calibration_records"":320,""fit_group_counts_by_label"":{""0"":47,""1"":49},""fit_groups"":96,""fit_label_counts"":{""0"":235,""1"":245},""fit_records"":480,""group_overlap"":0}","[{""fit_group_counts_by_label"":{""0"":18,""1"":14},""fit_groups"":32,""fit_records"":160,""fold"":0,""group_overlap"":0,""validation_group_counts_by_label"":{""0"":13,""1"":19},""validation_groups"":32,""validation_records"":160},{""fit_group_counts_by_label"":{""0"":13,""1"":19},""fit_groups"":32,""fit_records"":160,""fold"":1,""group_overlap"":0,""validation_group_counts_by_label"":{""0"":18,""1"":14},""validation_groups"":32,""validation_records"":160}]",0
deduplication__hybrid_metadata__multilingual_minilm_l12__mlp,deduplication,hybrid_metadata,multilingual_minilm_l12,mlp,0,800,200,160,40,0,63.701517199981026,1.461112399934791,0.2622978000435978,1.311489000217989,classifier_pipeline_with_precomputed_embedding,"{""model__alpha"":0.001,""model__hidden_layer_sizes"":[16]}",0.0,"{""curve_points"":2450,""eligible"":true,""negative_threshold"":0.02,""positive_threshold"":0.98,""selected"":{""abstained"":0,""automated_false_negative_rate"":0.0,""automated_false_positive_rate"":0.0,""automation_duplicate_recall"":1.0,""automation_nonduplicate_recall"":1.0,""coverage"":1.0,""covered"":320,""covered_error_rate"":0.0,""false_negative_cost"":5.0,""false_positive_cost"":1.0,""fn"":0,""fp"":0,""negative_predictive_value"":1.0,""negative_threshold"":0.02,""negatives"":165,""positive_threshold"":0.98,""positives"":155,""precision"":1.0,""threshold"":0.98,""tn"":165,""tp"":155,""weighted_covered_error"":0.0}}","{""balance_score"":0.006250000000000033,""calibration_group_counts_by_label"":{""0"":33,""1"":31},""calibration_groups"":64,""calibration_label_counts"":{""0"":165,""1"":155},""calibration_records"":320,""fit_group_counts_by_label"":{""0"":50,""1"":46},""fit_groups"":96,""fit_label_counts"":{""0"":250,""1"":230},""fit_records"":480,""group_overlap"":0}","[{""fit_group_counts_by_label"":{""0"":14,""1"":18},""fit_groups"":32,""fit_records"":160,""fold"":0,""group_overlap"":0,""validation_group_counts_by_label"":{""0"":19,""1"":13},""validation_groups"":32,""validation_records"":160},{""fit_group_counts_by_label"":{""0"":19,""1"":13},""fit_groups"":32,""fit_records"":160,""fold"":1,""group_overlap"":0,""validation_group_counts_by_label"":{""0"":14,""1"":18},""validation_groups"":32,""validation_records"":160}]",0
deduplication__hybrid_metadata__multilingual_minilm_l12__mlp,deduplication,hybrid_metadata,multilingual_minilm_l12,mlp,1,800,200,160,40,0,63.86584850004874,1.2866354000288993,0.23385880002751946,1.1692940001375973,classifier_pipeline_with_precomputed_embedding,"{""model__alpha"":0.001,""model__hidden_layer_sizes"":[16]}",0.0,"{""curve_points"":2450,""eligible"":true,""negative_threshold"":0.02,""positive_threshold"":0.98,""selected"":{""abstained"":0,""automated_false_negative_rate"":0.0,""automated_false_positive_rate"":0.0,""automation_duplicate_recall"":1.0,""automation_nonduplicate_recall"":1.0,""coverage"":1.0,""covered"":320,""covered_error_rate"":0.0,""false_negative_cost"":5.0,""false_positive_cost"":1.0,""fn"":0,""fp"":0,""negative_predictive_value"":1.0,""negative_threshold"":0.02,""negatives"":155,""positive_threshold"":0.98,""positives"":165,""precision"":1.0,""threshold"":0.98,""tn"":155,""tp"":165,""weighted_covered_error"":0.0}}","{""balance_score"":0.006250000000000033,""calibration_group_counts_by_label"":{""0"":31,""1"":33},""calibration_groups"":64,""calibration_label_counts"":{""0"":155,""1"":165},""calibration_records"":320,""fit_group_counts_by_label"":{""0"":47,""1"":49},""fit_groups"":96,""fit_label_counts"":{""0"":235,""1"":245},""fit_records"":480,""group_overlap"":0}","[{""fit_group_counts_by_label"":{""0"":16,""1"":16},""fit_groups"":32,""fit_records"":160,""fold"":0,""group_overlap"":0,""validation_group_counts_by_label"":{""0"":15,""1"":17},""validation_groups"":32,""validation_records"":160},{""fit_group_counts_by_label"":{""0"":15,""1"":17},""fit_groups"":32,""fit_records"":160,""fold"":1,""group_overlap"":0,""validation_group_counts_by_label"":{""0"":16,""1"":16},""validation_groups"":32,""validation_records"":160}]",0
deduplication__hybrid_metadata__multilingual_minilm_l12__mlp,deduplication,hybrid_metadata,multilingual_minilm_l12,mlp,2,800,200,160,40,0,63.81085220002569,1.4122297000139952,0.24481349997222424,1.2240674998611212,classifier_pipeline_with_precomputed_embedding,"{""model__alpha"":0.001,""model__hidden_layer_sizes"":[16]}",0.0,"{""curve_points"":2450,""eligible"":true,""negative_threshold"":0.02,""positive_threshold"":0.98,""selected"":{""abstained"":0,""automated_false_negative_rate"":0.0,""automated_false_positive_rate"":0.0,""automation_duplicate_recall"":1.0,""automation_nonduplicate_recall"":1.0,""coverage"":1.0,""covered"":320,""covered_error_rate"":0.0,""false_negative_cost"":5.0,""false_positive_cost"":1.0,""fn"":0,""fp"":0,""negative_predictive_value"":1.0,""negative_threshold"":0.02,""negatives"":165,""positive_threshold"":0.98,""positives"":155,""precision"":1.0,""threshold"":0.98,""tn"":165,""tp"":155,""weighted_covered_error"":0.0}}","{""balance_score"":0.006250000000000033,""calibration_group_counts_by_label"":{""0"":33,""1"":31},""calibration_groups"":64,""calibration_label_counts"":{""0"":165,""1"":155},""calibration_records"":320,""fit_group_counts_by_label"":{""0"":50,""1"":46},""fit_groups"":96,""fit_label_counts"":{""0"":250,""1"":230},""fit_records"":480,""group_overlap"":0}","[{""fit_group_counts_by_label"":{""0"":14,""1"":18},""fit_groups"":32,""fit_records"":160,""fold"":0,""group_overlap"":0,""validation_group_counts_by_label"":{""0"":19,""1"":13},""validation_groups"":32,""validation_records"":160},{""fit_group_counts_by_label"":{""0"":19,""1"":13},""fit_groups"":32,""fit_records"":160,""fold"":1,""group_overlap"":0,""validation_group_counts_by_label"":{""0"":14,""1"":18},""validation_groups"":32,""validation_records"":160}]",0
deduplication__hybrid_metadata__multilingual_minilm_l12__mlp,deduplication,hybrid_metadata,multilingual_minilm_l12,mlp,3,800,200,160,40,0,65.83439960004762,1.4016182000050321,0.25025519996415824,1.2512759998207912,classifier_pipeline_with_precomputed_embedding,"{""model__alpha"":0.001,""model__hidden_layer_sizes"":[16]}",0.0,"{""curve_points"":2450,""eligible"":true,""negative_threshold"":0.02,""positive_threshold"":0.98,""selected"":{""abstained"":0,""automated_false_negative_rate"":0.0,""automated_false_positive_rate"":0.0,""automation_duplicate_recall"":1.0,""automation_nonduplicate_recall"":1.0,""coverage"":1.0,""covered"":320,""covered_error_rate"":0.0,""false_negative_cost"":5.0,""false_positive_cost"":1.0,""fn"":0,""fp"":0,""negative_predictive_value"":1.0,""negative_threshold"":0.02,""negatives"":155,""positive_threshold"":0.98,""positives"":165,""precision"":1.0,""threshold"":0.98,""tn"":155,""tp"":165,""weighted_covered_error"":0.0}}","{""balance_score"":0.006250000000000033,""calibration_group_counts_by_label"":{""0"":31,""1"":33},""calibration_groups"":64,""calibration_label_counts"":{""0"":155,""1"":165},""calibration_records"":320,""fit_group_counts_by_label"":{""0"":47,""1"":49},""fit_groups"":96,""fit_label_counts"":{""0"":235,""1"":245},""fit_records"":480,""group_overlap"":0}","[{""fit_group_counts_by_label"":{""0"":17,""1"":15},""fit_groups"":32,""fit_records"":160,""fold"":0,""group_overlap"":0,""validation_group_counts_by_label"":{""0"":14,""1"":18},""validation_groups"":32,""validation_records"":160},{""fit_group_counts_by_label"":{""0"":14,""1"":18},""fit_groups"":32,""fit_records"":160,""fold"":1,""group_overlap"":0,""validation_group_counts_by_label"":{""0"":17,""1"":15},""validation_groups"":32,""validation_records"":160}]",0
deduplication__hybrid_metadata__multilingual_minilm_l12__mlp,deduplication,hybrid_metadata,multilingual_minilm_l12,mlp,4,800,200,160,40,0,64.90565800003242,1.3445501000387594,0.2664680000161752,1.332340000080876,classifier_pipeline_with_precomputed_embedding,"{""model__alpha"":0.001,""model__hidden_layer_sizes"":[16]}",0.0,"{""curve_points"":2450,""eligible"":true,""negative_threshold"":0.02,""positive_threshold"":0.98,""selected"":{""abstained"":0,""automated_false_negative_rate"":0.0,""automated_false_positive_rate"":0.0,""automation_duplicate_recall"":1.0,""automation_nonduplicate_recall"":1.0,""coverage"":1.0,""covered"":320,""covered_error_rate"":0.0,""false_negative_cost"":5.0,""false_positive_cost"":1.0,""fn"":0,""fp"":0,""negative_predictive_value"":1.0,""negative_threshold"":0.02,""negatives"":155,""positive_threshold"":0.98,""positives"":165,""precision"":1.0,""threshold"":0.98,""tn"":155,""tp"":165,""weighted_covered_error"":0.0}}","{""balance_score"":0.006250000000000033,""calibration_group_counts_by_label"":{""0"":31,""1"":33},""calibration_groups"":64,""calibration_label_counts"":{""0"":155,""1"":165},""calibration_records"":320,""fit_group_counts_by_label"":{""0"":47,""1"":49},""fit_groups"":96,""fit_label_counts"":{""0"":235,""1"":245},""fit_records"":480,""group_overlap"":0}","[{""fit_group_counts_by_label"":{""0"":18,""1"":14},""fit_groups"":32,""fit_records"":160,""fold"":0,""group_overlap"":0,""validation_group_counts_by_label"":{""0"":13,""1"":19},""validation_groups"":32,""validation_records"":160},{""fit_group_counts_by_label"":{""0"":13,""1"":19},""fit_groups"":32,""fit_records"":160,""fold"":1,""group_overlap"":0,""validation_group_counts_by_label"":{""0"":18,""1"":14},""validation_groups"":32,""validation_records"":160}]",0
deduplication__hybrid_metadata__multilingual_minilm_l12__xgboost,deduplication,hybrid_metadata,multilingual_minilm_l12,xgboost,0,800,200,160,40,0,60.59490610007197,1.5306362999835983,0.2638763999566436,1.319381999783218,classifier_pipeline_with_precomputed_embedding,"{""model__learning_rate"":0.05,""model__max_depth"":2,""model__n_estimators"":160}",-0.010416666666666666,"{""curve_points"":2450,""eligible"":true,""negative_threshold"":0.02,""positive_threshold"":0.98,""selected"":{""abstained"":0,""automated_false_negative_rate"":0.0,""automated_false_positive_rate"":0.0,""automation_duplicate_recall"":1.0,""automation_nonduplicate_recall"":1.0,""coverage"":1.0,""covered"":320,""covered_error_rate"":0.0,""false_negative_cost"":5.0,""false_positive_cost"":1.0,""fn"":0,""fp"":0,""negative_predictive_value"":1.0,""negative_threshold"":0.02,""negatives"":165,""positive_threshold"":0.98,""positives"":155,""precision"":1.0,""threshold"":0.98,""tn"":165,""tp"":155,""weighted_covered_error"":0.0}}","{""balance_score"":0.006250000000000033,""calibration_group_counts_by_label"":{""0"":33,""1"":31},""calibration_groups"":64,""calibration_label_counts"":{""0"":165,""1"":155},""calibration_records"":320,""fit_group_counts_by_label"":{""0"":50,""1"":46},""fit_groups"":96,""fit_label_counts"":{""0"":250,""1"":230},""fit_records"":480,""group_overlap"":0}","[{""fit_group_counts_by_label"":{""0"":14,""1"":18},""fit_groups"":32,""fit_records"":160,""fold"":0,""group_overlap"":0,""validation_group_counts_by_label"":{""0"":19,""1"":13},""validation_groups"":32,""validation_records"":160},{""fit_group_counts_by_label"":{""0"":19,""1"":13},""fit_groups"":32,""fit_records"":160,""fold"":1,""group_overlap"":0,""validation_group_counts_by_label"":{""0"":14,""1"":18},""validation_groups"":32,""validation_records"":160}]",0
deduplication__hybrid_metadata__multilingual_minilm_l12__xgboost,deduplication,hybrid_metadata,multilingual_minilm_l12,xgboost,1,800,200,160,40,0,59.14825769991148,1.487405400024727,0.26467029994819313,1.3233514997409657,classifier_pipeline_with_precomputed_embedding,"{""model__learning_rate"":0.05,""model__max_depth"":2,""model__n_estimators"":160}",-0.020833333333333332,"{""curve_points"":2450,""eligible"":true,""negative_threshold"":0.02,""positive_threshold"":0.98,""selected"":{""abstained"":85,""automated_false_negative_rate"":0.0,""automated_false_positive_rate"":0.0,""automation_duplicate_recall"":0.5151515151515151,""automation_nonduplicate_recall"":0.967741935483871,""coverage"":0.734375,""covered"":235,""covered_error_rate"":0.0,""false_negative_cost"":5.0,""false_positive_cost"":1.0,""fn"":0,""fp"":0,""negative_predictive_value"":1.0,""negative_threshold"":0.02,""negatives"":155,""positive_threshold"":0.98,""positives"":165,""precision"":1.0,""threshold"":0.98,""tn"":150,""tp"":85,""weighted_covered_error"":0.0}}","{""balance_score"":0.006250000000000033,""calibration_group_counts_by_label"":{""0"":31,""1"":33},""calibration_groups"":64,""calibration_label_counts"":{""0"":155,""1"":165},""calibration_records"":320,""fit_group_counts_by_label"":{""0"":47,""1"":49},""fit_groups"":96,""fit_label_counts"":{""0"":235,""1"":245},""fit_records"":480,""group_overlap"":0}","[{""fit_group_counts_by_label"":{""0"":16,""1"":16},""fit_groups"":32,""fit_records"":160,""fold"":0,""group_overlap"":0,""validation_group_counts_by_label"":{""0"":15,""1"":17},""validation_groups"":32,""validation_records"":160},{""fit_group_counts_by_label"":{""0"":15,""1"":17},""fit_groups"":32,""fit_records"":160,""fold"":1,""group_overlap"":0,""validation_group_counts_by_label"":{""0"":16,""1"":16},""validation_groups"":32,""validation_records"":160}]",0
deduplication__hybrid_metadata__multilingual_minilm_l12__xgboost,deduplication,hybrid_metadata,multilingual_minilm_l12,xgboost,2,800,200,160,40,0,62.00681529997382,1.4594537999946624,0.26363810000475496,1.3181905000237748,classifier_pipeline_with_precomputed_embedding,"{""model__learning_rate"":0.05,""model__max_depth"":2,""model__n_estimators"":160}",-0.21875,"{""curve_points"":2450,""eligible"":true,""negative_threshold"":0.02,""positive_threshold"":0.98,""selected"":{""abstained"":0,""automated_false_negative_rate"":0.0,""automated_false_positive_rate"":0.0,""automation_duplicate_recall"":1.0,""automation_nonduplicate_recall"":1.0,""coverage"":1.0,""covered"":320,""covered_error_rate"":0.0,""false_negative_cost"":5.0,""false_positive_cost"":1.0,""fn"":0,""fp"":0,""negative_predictive_value"":1.0,""negative_threshold"":0.02,""negatives"":165,""positive_threshold"":0.98,""positives"":155,""precision"":1.0,""threshold"":0.98,""tn"":165,""tp"":155,""weighted_covered_error"":0.0}}","{""balance_score"":0.006250000000000033,""calibration_group_counts_by_label"":{""0"":33,""1"":31},""calibration_groups"":64,""calibration_label_counts"":{""0"":165,""1"":155},""calibration_records"":320,""fit_group_counts_by_label"":{""0"":50,""1"":46},""fit_groups"":96,""fit_label_counts"":{""0"":250,""1"":230},""fit_records"":480,""group_overlap"":0}","[{""fit_group_counts_by_label"":{""0"":14,""1"":18},""fit_groups"":32,""fit_records"":160,""fold"":0,""group_overlap"":0,""validation_group_counts_by_label"":{""0"":19,""1"":13},""validation_groups"":32,""validation_records"":160},{""fit_group_counts_by_label"":{""0"":19,""1"":13},""fit_groups"":32,""fit_records"":160,""fold"":1,""group_overlap"":0,""validation_group_counts_by_label"":{""0"":14,""1"":18},""validation_groups"":32,""validation_records"":160}]",0
deduplication__hybrid_metadata__multilingual_minilm_l12__xgboost,deduplication,hybrid_metadata,multilingual_minilm_l12,xgboost,3,800,200,160,40,0,63.08253420004621,1.6506695999996737,0.25739649997558445,1.2869824998779222,classifier_pipeline_with_precomputed_embedding,"{""model__learning_rate"":0.05,""model__max_depth"":2,""model__n_estimators"":160}",-0.10416666666666667,"{""curve_points"":2450,""eligible"":true,""negative_threshold"":0.02,""positive_threshold"":0.98,""selected"":{""abstained"":0,""automated_false_negative_rate"":0.0,""automated_false_positive_rate"":0.0,""automation_duplicate_recall"":1.0,""automation_nonduplicate_recall"":1.0,""coverage"":1.0,""covered"":320,""covered_error_rate"":0.0,""false_negative_cost"":5.0,""false_positive_cost"":1.0,""fn"":0,""fp"":0,""negative_predictive_value"":1.0,""negative_threshold"":0.02,""negatives"":155,""positive_threshold"":0.98,""positives"":165,""precision"":1.0,""threshold"":0.98,""tn"":155,""tp"":165,""weighted_covered_error"":0.0}}","{""balance_score"":0.006250000000000033,""calibration_group_counts_by_label"":{""0"":31,""1"":33},""calibration_groups"":64,""calibration_label_counts"":{""0"":155,""1"":165},""calibration_records"":320,""fit_group_counts_by_label"":{""0"":47,""1"":49},""fit_groups"":96,""fit_label_counts"":{""0"":235,""1"":245},""fit_records"":480,""group_overlap"":0}","[{""fit_group_counts_by_label"":{""0"":17,""1"":15},""fit_groups"":32,""fit_records"":160,""fold"":0,""group_overlap"":0,""validation_group_counts_by_label"":{""0"":14,""1"":18},""validation_groups"":32,""validation_records"":160},{""fit_group_counts_by_label"":{""0"":14,""1"":18},""fit_groups"":32,""fit_records"":160,""fold"":1,""group_overlap"":0,""validation_group_counts_by_label"":{""0"":17,""1"":15},""validation_groups"":32,""validation_records"":160}]",0
deduplication__hybrid_metadata__multilingual_minilm_l12__xgboost,deduplication,hybrid_metadata,multilingual_minilm_l12,xgboost,4,800,200,160,40,0,59.21541599999182,1.611776900012046,0.2702262999955565,1.3511314999777824,classifier_pipeline_with_precomputed_embedding,"{""model__learning_rate"":0.05,""model__max_depth"":2,""model__n_estimators"":160}",-0.010416666666666666,"{""curve_points"":2450,""eligible"":true,""negative_threshold"":0.02,""positive_threshold"":0.98,""selected"":{""abstained"":0,""automated_false_negative_rate"":0.0,""automated_false_positive_rate"":0.0,""automation_duplicate_recall"":1.0,""automation_nonduplicate_recall"":1.0,""coverage"":1.0,""covered"":320,""covered_error_rate"":0.0,""false_negative_cost"":5.0,""false_positive_cost"":1.0,""fn"":0,""fp"":0,""negative_predictive_value"":1.0,""negative_threshold"":0.02,""negatives"":155,""positive_threshold"":0.98,""positives"":165,""precision"":1.0,""threshold"":0.98,""tn"":155,""tp"":165,""weighted_covered_error"":0.0}}","{""balance_score"":0.006250000000000033,""calibration_group_counts_by_label"":{""0"":31,""1"":33},""calibration_groups"":64,""calibration_label_counts"":{""0"":155,""1"":165},""calibration_records"":320,""fit_group_counts_by_label"":{""0"":47,""1"":49},""fit_groups"":96,""fit_label_counts"":{""0"":235,""1"":245},""fit_records"":480,""group_overlap"":0}","[{""fit_group_counts_by_label"":{""0"":18,""1"":14},""fit_groups"":32,""fit_records"":160,""fold"":0,""group_overlap"":0,""validation_group_counts_by_label"":{""0"":13,""1"":19},""validation_groups"":32,""validation_records"":160},{""fit_group_counts_by_label"":{""0"":13,""1"":19},""fit_groups"":32,""fit_records"":160,""fold"":1,""group_overlap"":0,""validation_group_counts_by_label"":{""0"":18,""1"":14},""validation_groups"":32,""validation_records"":160}]",0
