combination_id,task,representation,embedding,classifier,fold,outer_train_records,outer_test_records,outer_train_groups,outer_test_groups,group_overlap,fit_seconds,calibration_seconds,downstream_predict_seconds,downstream_predict_ms_per_record,prediction_measurement_scope,best_params,best_inner_score,calibration_policy,calibration_split,calibration_folds,convergence_warnings
classification__tfidf__none__logistic_regression,classification,tfidf,,logistic_regression,0,406,102,84,21,0,20.02328399999533,1.1375977999996394,0.16553620000195224,1.622903921587767,classifier_pipeline_including_tfidf_transform,"{""model__C"":10.0}",0.6383778233412102,"{""automatic_maintenance_as_obra"":0,""automatic_non_obra_as_obra"":0,""coverage"":0.5212121212121212,""covered"":86,""eligible"":true,""errors"":4,""obra_threshold"":0.9,""risk"":0.046511627906976744,""threshold"":0.67}","{""balance_score"":0.013121361397223433,""calibration_group_counts_by_label"":{""0"":9,""1"":11,""2"":10,""3"":4},""calibration_groups"":34,""calibration_label_counts"":{""0"":41,""1"":55,""2"":50,""3"":19},""calibration_records"":165,""fit_group_counts_by_label"":{""0"":12,""1"":16,""2"":15,""3"":7},""fit_groups"":50,""fit_label_counts"":{""0"":60,""1"":79,""2"":73,""3"":29},""fit_records"":241,""group_overlap"":0}","[{""fit_group_counts_by_label"":{""0"":5,""1"":5,""2"":5,""3"":2},""fit_groups"":17,""fit_records"":80,""fold"":0,""group_overlap"":0,""validation_group_counts_by_label"":{""0"":4,""1"":6,""2"":5,""3"":2},""validation_groups"":17,""validation_records"":85},{""fit_group_counts_by_label"":{""0"":4,""1"":6,""2"":5,""3"":2},""fit_groups"":17,""fit_records"":85,""fold"":1,""group_overlap"":0,""validation_group_counts_by_label"":{""0"":5,""1"":5,""2"":5,""3"":2},""validation_groups"":17,""validation_records"":80}]",0
classification__tfidf__none__logistic_regression,classification,tfidf,,logistic_regression,1,415,93,84,21,0,12.950132400001166,1.6473392000043532,0.17116940000414615,1.8405311828402813,classifier_pipeline_including_tfidf_transform,"{""model__C"":0.1}",0.5981041194201763,"{""automatic_maintenance_as_obra"":0,""automatic_non_obra_as_obra"":0,""coverage"":0.509090909090909,""covered"":84,""eligible"":true,""errors"":8,""obra_threshold"":0.9,""risk"":0.09523809523809523,""threshold"":0.6}","{""balance_score"":0.030156991602774727,""calibration_group_counts_by_label"":{""0"":10,""1"":10,""2"":10,""3"":4},""calibration_groups"":34,""calibration_label_counts"":{""0"":47,""1"":49,""2"":50,""3"":19},""calibration_records"":165,""fit_group_counts_by_label"":{""0"":14,""1"":16,""2"":15,""3"":5},""fit_groups"":50,""fit_label_counts"":{""0"":70,""1"":80,""2"":75,""3"":25},""fit_records"":250,""group_overlap"":0}","[{""fit_group_counts_by_label"":{""0"":3,""1"":5,""2"":7,""3"":2},""fit_groups"":17,""fit_records"":84,""fold"":0,""group_overlap"":0,""validation_group_counts_by_label"":{""0"":7,""1"":5,""2"":3,""3"":2},""validation_groups"":17,""validation_records"":81},{""fit_group_counts_by_label"":{""0"":7,""1"":5,""2"":3,""3"":2},""fit_groups"":17,""fit_records"":81,""fold"":1,""group_overlap"":0,""validation_group_counts_by_label"":{""0"":3,""1"":5,""2"":7,""3"":2},""validation_groups"":17,""validation_records"":84}]",0
classification__tfidf__none__logistic_regression,classification,tfidf,,logistic_regression,2,405,103,84,21,0,9.334060500004853,1.6241666999994777,0.17625380000390578,1.7112019417854931,classifier_pipeline_including_tfidf_transform,"{""model__C"":0.1}",0.5985251236857426,"{""eligible"":false,""obra_threshold"":0.9,""threshold"":null}","{""balance_score"":0.02760141093474426,""calibration_group_counts_by_label"":{""0"":8,""1"":11,""2"":11,""3"":4},""calibration_groups"":34,""calibration_label_counts"":{""0"":40,""1"":55,""2"":55,""3"":18},""calibration_records"":168,""fit_group_counts_by_label"":{""0"":13,""1"":15,""2"":16,""3"":6},""fit_groups"":50,""fit_label_counts"":{""0"":58,""1"":75,""2"":78,""3"":26},""fit_records"":237,""group_overlap"":0}","[{""fit_group_counts_by_label"":{""0"":4,""1"":4,""2"":7,""3"":2},""fit_groups"":17,""fit_records"":85,""fold"":0,""group_overlap"":0,""validation_group_counts_by_label"":{""0"":4,""1"":7,""2"":4,""3"":2},""validation_groups"":17,""validation_records"":83},{""fit_group_counts_by_label"":{""0"":4,""1"":7,""2"":4,""3"":2},""fit_groups"":17,""fit_records"":83,""fold"":1,""group_overlap"":0,""validation_group_counts_by_label"":{""0"":4,""1"":4,""2"":7,""3"":2},""validation_groups"":17,""validation_records"":85}]",0
classification__tfidf__none__logistic_regression,classification,tfidf,,logistic_regression,3,403,105,84,21,0,12.036164099998132,1.108596199999738,0.22728300000017043,2.1646000000016232,classifier_pipeline_including_tfidf_transform,"{""model__C"":0.1}",0.5125198189205138,"{""automatic_maintenance_as_obra"":0,""automatic_non_obra_as_obra"":0,""coverage"":0.5,""covered"":81,""eligible"":true,""errors"":4,""obra_threshold"":0.9,""risk"":0.04938271604938271,""threshold"":0.64}","{""balance_score"":0.02989308580706429,""calibration_group_counts_by_label"":{""0"":10,""1"":9,""2"":10,""3"":5},""calibration_groups"":34,""calibration_label_counts"":{""0"":47,""1"":44,""2"":48,""3"":23},""calibration_records"":162,""fit_group_counts_by_label"":{""0"":15,""1"":14,""2"":14,""3"":7},""fit_groups"":50,""fit_label_counts"":{""0"":71,""1"":70,""2"":70,""3"":30},""fit_records"":241,""group_overlap"":0}","[{""fit_group_counts_by_label"":{""0"":4,""1"":4,""2"":6,""3"":3},""fit_groups"":17,""fit_records"":83,""fold"":0,""group_overlap"":0,""validation_group_counts_by_label"":{""0"":6,""1"":5,""2"":4,""3"":2},""validation_groups"":17,""validation_records"":79},{""fit_group_counts_by_label"":{""0"":6,""1"":5,""2"":4,""3"":2},""fit_groups"":17,""fit_records"":79,""fold"":1,""group_overlap"":0,""validation_group_counts_by_label"":{""0"":4,""1"":4,""2"":6,""3"":3},""validation_groups"":17,""validation_records"":83}]",0
classification__tfidf__none__logistic_regression,classification,tfidf,,logistic_regression,4,403,105,84,21,0,9.066644699996687,0.8665927000038209,0.09441679999872576,0.8992076190354835,classifier_pipeline_including_tfidf_transform,"{""model__C"":0.1}",0.6358239327114746,"{""automatic_maintenance_as_obra"":0,""automatic_non_obra_as_obra"":0,""coverage"":0.5269461077844312,""covered"":88,""eligible"":true,""errors"":6,""obra_threshold"":0.9,""risk"":0.06818181818181818,""threshold"":0.64}","{""balance_score"":0.023069493766808807,""calibration_group_counts_by_label"":{""0"":8,""1"":11,""2"":11,""3"":4},""calibration_groups"":34,""calibration_label_counts"":{""0"":40,""1"":54,""2"":55,""3"":18},""calibration_records"":167,""fit_group_counts_by_label"":{""0"":13,""1"":15,""2"":16,""3"":6},""fit_groups"":50,""fit_label_counts"":{""0"":58,""1"":75,""2"":78,""3"":25},""fit_records"":236,""group_overlap"":0}","[{""fit_group_counts_by_label"":{""0"":4,""1"":6,""2"":5,""3"":2},""fit_groups"":17,""fit_records"":84,""fold"":0,""group_overlap"":0,""validation_group_counts_by_label"":{""0"":4,""1"":5,""2"":6,""3"":2},""validation_groups"":17,""validation_records"":83},{""fit_group_counts_by_label"":{""0"":4,""1"":5,""2"":6,""3"":2},""fit_groups"":17,""fit_records"":83,""fold"":1,""group_overlap"":0,""validation_group_counts_by_label"":{""0"":4,""1"":6,""2"":5,""3"":2},""validation_groups"":17,""validation_records"":84}]",0
classification__tfidf__none__decision_tree,classification,tfidf,,decision_tree,0,406,102,84,21,0,5.7921570999969845,0.4389422000022023,0.06485029999748804,0.6357872548773337,classifier_pipeline_including_tfidf_transform,"{""model__max_depth"":3,""model__min_samples_leaf"":2}",0.4139287724863201,"{""eligible"":false,""obra_threshold"":0.9,""threshold"":null}","{""balance_score"":0.013121361397223433,""calibration_group_counts_by_label"":{""0"":9,""1"":11,""2"":10,""3"":4},""calibration_groups"":34,""calibration_label_counts"":{""0"":41,""1"":55,""2"":50,""3"":19},""calibration_records"":165,""fit_group_counts_by_label"":{""0"":12,""1"":16,""2"":15,""3"":7},""fit_groups"":50,""fit_label_counts"":{""0"":60,""1"":79,""2"":73,""3"":29},""fit_records"":241,""group_overlap"":0}","[{""fit_group_counts_by_label"":{""0"":5,""1"":5,""2"":5,""3"":2},""fit_groups"":17,""fit_records"":80,""fold"":0,""group_overlap"":0,""validation_group_counts_by_label"":{""0"":4,""1"":6,""2"":5,""3"":2},""validation_groups"":17,""validation_records"":85},{""fit_group_counts_by_label"":{""0"":4,""1"":6,""2"":5,""3"":2},""fit_groups"":17,""fit_records"":85,""fold"":1,""group_overlap"":0,""validation_group_counts_by_label"":{""0"":5,""1"":5,""2"":5,""3"":2},""validation_groups"":17,""validation_records"":80}]",0
classification__tfidf__none__decision_tree,classification,tfidf,,decision_tree,1,415,93,84,21,0,4.785270299995318,0.3228178999997908,0.06164150000404334,0.662811828000466,classifier_pipeline_including_tfidf_transform,"{""model__max_depth"":3,""model__min_samples_leaf"":2}",0.5418115856117293,"{""eligible"":false,""obra_threshold"":0.9,""threshold"":null}","{""balance_score"":0.030156991602774727,""calibration_group_counts_by_label"":{""0"":10,""1"":10,""2"":10,""3"":4},""calibration_groups"":34,""calibration_label_counts"":{""0"":47,""1"":49,""2"":50,""3"":19},""calibration_records"":165,""fit_group_counts_by_label"":{""0"":14,""1"":16,""2"":15,""3"":5},""fit_groups"":50,""fit_label_counts"":{""0"":70,""1"":80,""2"":75,""3"":25},""fit_records"":250,""group_overlap"":0}","[{""fit_group_counts_by_label"":{""0"":3,""1"":5,""2"":7,""3"":2},""fit_groups"":17,""fit_records"":84,""fold"":0,""group_overlap"":0,""validation_group_counts_by_label"":{""0"":7,""1"":5,""2"":3,""3"":2},""validation_groups"":17,""validation_records"":81},{""fit_group_counts_by_label"":{""0"":7,""1"":5,""2"":3,""3"":2},""fit_groups"":17,""fit_records"":81,""fold"":1,""group_overlap"":0,""validation_group_counts_by_label"":{""0"":3,""1"":5,""2"":7,""3"":2},""validation_groups"":17,""validation_records"":84}]",0
classification__tfidf__none__decision_tree,classification,tfidf,,decision_tree,2,405,103,84,21,0,5.147111999998742,0.48409360000368906,0.05528739999863319,0.5367708737731378,classifier_pipeline_including_tfidf_transform,"{""model__max_depth"":6,""model__min_samples_leaf"":5}",0.5409986831141889,"{""eligible"":false,""obra_threshold"":0.9,""threshold"":null}","{""balance_score"":0.02760141093474426,""calibration_group_counts_by_label"":{""0"":8,""1"":11,""2"":11,""3"":4},""calibration_groups"":34,""calibration_label_counts"":{""0"":40,""1"":55,""2"":55,""3"":18},""calibration_records"":168,""fit_group_counts_by_label"":{""0"":13,""1"":15,""2"":16,""3"":6},""fit_groups"":50,""fit_label_counts"":{""0"":58,""1"":75,""2"":78,""3"":26},""fit_records"":237,""group_overlap"":0}","[{""fit_group_counts_by_label"":{""0"":4,""1"":4,""2"":7,""3"":2},""fit_groups"":17,""fit_records"":85,""fold"":0,""group_overlap"":0,""validation_group_counts_by_label"":{""0"":4,""1"":7,""2"":4,""3"":2},""validation_groups"":17,""validation_records"":83},{""fit_group_counts_by_label"":{""0"":4,""1"":7,""2"":4,""3"":2},""fit_groups"":17,""fit_records"":83,""fold"":1,""group_overlap"":0,""validation_group_counts_by_label"":{""0"":4,""1"":4,""2"":7,""3"":2},""validation_groups"":17,""validation_records"":85}]",0
classification__tfidf__none__decision_tree,classification,tfidf,,decision_tree,3,403,105,84,21,0,4.549821600005089,0.33086529999854974,0.05691460000525694,0.5420438095738757,classifier_pipeline_including_tfidf_transform,"{""model__max_depth"":6,""model__min_samples_leaf"":2}",0.44916645170050745,"{""eligible"":false,""obra_threshold"":0.9,""threshold"":null}","{""balance_score"":0.02989308580706429,""calibration_group_counts_by_label"":{""0"":10,""1"":9,""2"":10,""3"":5},""calibration_groups"":34,""calibration_label_counts"":{""0"":47,""1"":44,""2"":48,""3"":23},""calibration_records"":162,""fit_group_counts_by_label"":{""0"":15,""1"":14,""2"":14,""3"":7},""fit_groups"":50,""fit_label_counts"":{""0"":71,""1"":70,""2"":70,""3"":30},""fit_records"":241,""group_overlap"":0}","[{""fit_group_counts_by_label"":{""0"":4,""1"":4,""2"":6,""3"":3},""fit_groups"":17,""fit_records"":83,""fold"":0,""group_overlap"":0,""validation_group_counts_by_label"":{""0"":6,""1"":5,""2"":4,""3"":2},""validation_groups"":17,""validation_records"":79},{""fit_group_counts_by_label"":{""0"":6,""1"":5,""2"":4,""3"":2},""fit_groups"":17,""fit_records"":79,""fold"":1,""group_overlap"":0,""validation_group_counts_by_label"":{""0"":4,""1"":4,""2"":6,""3"":3},""validation_groups"":17,""validation_records"":83}]",0
classification__tfidf__none__decision_tree,classification,tfidf,,decision_tree,4,403,105,84,21,0,5.861802799998259,0.5777603000024101,0.11111440000240691,1.0582323809753038,classifier_pipeline_including_tfidf_transform,"{""model__max_depth"":3,""model__min_samples_leaf"":5}",0.5284831709250314,"{""eligible"":false,""obra_threshold"":0.9,""threshold"":null}","{""balance_score"":0.023069493766808807,""calibration_group_counts_by_label"":{""0"":8,""1"":11,""2"":11,""3"":4},""calibration_groups"":34,""calibration_label_counts"":{""0"":40,""1"":54,""2"":55,""3"":18},""calibration_records"":167,""fit_group_counts_by_label"":{""0"":13,""1"":15,""2"":16,""3"":6},""fit_groups"":50,""fit_label_counts"":{""0"":58,""1"":75,""2"":78,""3"":25},""fit_records"":236,""group_overlap"":0}","[{""fit_group_counts_by_label"":{""0"":4,""1"":6,""2"":5,""3"":2},""fit_groups"":17,""fit_records"":84,""fold"":0,""group_overlap"":0,""validation_group_counts_by_label"":{""0"":4,""1"":5,""2"":6,""3"":2},""validation_groups"":17,""validation_records"":83},{""fit_group_counts_by_label"":{""0"":4,""1"":5,""2"":6,""3"":2},""fit_groups"":17,""fit_records"":83,""fold"":1,""group_overlap"":0,""validation_group_counts_by_label"":{""0"":4,""1"":6,""2"":5,""3"":2},""validation_groups"":17,""validation_records"":84}]",0
classification__tfidf__none__linear_svm,classification,tfidf,,linear_svm,0,406,102,84,21,0,16.947726200000034,1.6329623999990872,0.2644646999979159,2.592791176450156,classifier_pipeline_including_tfidf_transform,"{""model__C"":10.0}",0.6587930854076133,"{""automatic_maintenance_as_obra"":0,""automatic_non_obra_as_obra"":0,""coverage"":0.5212121212121212,""covered"":86,""eligible"":true,""errors"":1,""obra_threshold"":0.9,""risk"":0.011627906976744186,""threshold"":0.74}","{""balance_score"":0.013121361397223433,""calibration_group_counts_by_label"":{""0"":9,""1"":11,""2"":10,""3"":4},""calibration_groups"":34,""calibration_label_counts"":{""0"":41,""1"":55,""2"":50,""3"":19},""calibration_records"":165,""fit_group_counts_by_label"":{""0"":12,""1"":16,""2"":15,""3"":7},""fit_groups"":50,""fit_label_counts"":{""0"":60,""1"":79,""2"":73,""3"":29},""fit_records"":241,""group_overlap"":0}","[{""fit_group_counts_by_label"":{""0"":5,""1"":5,""2"":5,""3"":2},""fit_groups"":17,""fit_records"":80,""fold"":0,""group_overlap"":0,""validation_group_counts_by_label"":{""0"":4,""1"":6,""2"":5,""3"":2},""validation_groups"":17,""validation_records"":85},{""fit_group_counts_by_label"":{""0"":4,""1"":6,""2"":5,""3"":2},""fit_groups"":17,""fit_records"":85,""fold"":1,""group_overlap"":0,""validation_group_counts_by_label"":{""0"":5,""1"":5,""2"":5,""3"":2},""validation_groups"":17,""validation_records"":80}]",0
classification__tfidf__none__linear_svm,classification,tfidf,,linear_svm,1,415,93,84,21,0,8.38581630000408,0.5514561000018148,0.18216709999978775,1.958786021503094,classifier_pipeline_including_tfidf_transform,"{""model__C"":1.0}",0.6386479674390819,"{""eligible"":false,""obra_threshold"":0.9,""threshold"":null}","{""balance_score"":0.030156991602774727,""calibration_group_counts_by_label"":{""0"":10,""1"":10,""2"":10,""3"":4},""calibration_groups"":34,""calibration_label_counts"":{""0"":47,""1"":49,""2"":50,""3"":19},""calibration_records"":165,""fit_group_counts_by_label"":{""0"":14,""1"":16,""2"":15,""3"":5},""fit_groups"":50,""fit_label_counts"":{""0"":70,""1"":80,""2"":75,""3"":25},""fit_records"":250,""group_overlap"":0}","[{""fit_group_counts_by_label"":{""0"":3,""1"":5,""2"":7,""3"":2},""fit_groups"":17,""fit_records"":84,""fold"":0,""group_overlap"":0,""validation_group_counts_by_label"":{""0"":7,""1"":5,""2"":3,""3"":2},""validation_groups"":17,""validation_records"":81},{""fit_group_counts_by_label"":{""0"":7,""1"":5,""2"":3,""3"":2},""fit_groups"":17,""fit_records"":81,""fold"":1,""group_overlap"":0,""validation_group_counts_by_label"":{""0"":3,""1"":5,""2"":7,""3"":2},""validation_groups"":17,""validation_records"":84}]",0
classification__tfidf__none__linear_svm,classification,tfidf,,linear_svm,2,405,103,84,21,0,5.173306700002286,0.44980149999901187,0.060427600001276005,0.5866757281677282,classifier_pipeline_including_tfidf_transform,"{""model__C"":0.1}",0.5864595424096822,"{""eligible"":false,""obra_threshold"":0.9,""threshold"":null}","{""balance_score"":0.02760141093474426,""calibration_group_counts_by_label"":{""0"":8,""1"":11,""2"":11,""3"":4},""calibration_groups"":34,""calibration_label_counts"":{""0"":40,""1"":55,""2"":55,""3"":18},""calibration_records"":168,""fit_group_counts_by_label"":{""0"":13,""1"":15,""2"":16,""3"":6},""fit_groups"":50,""fit_label_counts"":{""0"":58,""1"":75,""2"":78,""3"":26},""fit_records"":237,""group_overlap"":0}","[{""fit_group_counts_by_label"":{""0"":4,""1"":4,""2"":7,""3"":2},""fit_groups"":17,""fit_records"":85,""fold"":0,""group_overlap"":0,""validation_group_counts_by_label"":{""0"":4,""1"":7,""2"":4,""3"":2},""validation_groups"":17,""validation_records"":83},{""fit_group_counts_by_label"":{""0"":4,""1"":7,""2"":4,""3"":2},""fit_groups"":17,""fit_records"":83,""fold"":1,""group_overlap"":0,""validation_group_counts_by_label"":{""0"":4,""1"":4,""2"":7,""3"":2},""validation_groups"":17,""validation_records"":85}]",0
classification__tfidf__none__linear_svm,classification,tfidf,,linear_svm,3,403,105,84,21,0,14.877640300001076,0.7986979000052088,0.14009290000103647,1.3342180952479663,classifier_pipeline_including_tfidf_transform,"{""model__C"":1.0}",0.5065010406851451,"{""automatic_maintenance_as_obra"":0,""automatic_non_obra_as_obra"":0,""coverage"":0.5061728395061729,""covered"":82,""eligible"":true,""errors"":1,""obra_threshold"":0.9,""risk"":0.012195121951219513,""threshold"":0.73}","{""balance_score"":0.02989308580706429,""calibration_group_counts_by_label"":{""0"":10,""1"":9,""2"":10,""3"":5},""calibration_groups"":34,""calibration_label_counts"":{""0"":47,""1"":44,""2"":48,""3"":23},""calibration_records"":162,""fit_group_counts_by_label"":{""0"":15,""1"":14,""2"":14,""3"":7},""fit_groups"":50,""fit_label_counts"":{""0"":71,""1"":70,""2"":70,""3"":30},""fit_records"":241,""group_overlap"":0}","[{""fit_group_counts_by_label"":{""0"":4,""1"":4,""2"":6,""3"":3},""fit_groups"":17,""fit_records"":83,""fold"":0,""group_overlap"":0,""validation_group_counts_by_label"":{""0"":6,""1"":5,""2"":4,""3"":2},""validation_groups"":17,""validation_records"":79},{""fit_group_counts_by_label"":{""0"":6,""1"":5,""2"":4,""3"":2},""fit_groups"":17,""fit_records"":79,""fold"":1,""group_overlap"":0,""validation_group_counts_by_label"":{""0"":4,""1"":4,""2"":6,""3"":3},""validation_groups"":17,""validation_records"":83}]",0
classification__tfidf__none__linear_svm,classification,tfidf,,linear_svm,4,403,105,84,21,0,5.870663000001514,0.6993454999974347,0.18413550000695977,1.7536714286377122,classifier_pipeline_including_tfidf_transform,"{""model__C"":0.1}",0.6169029038304191,"{""automatic_maintenance_as_obra"":0,""automatic_non_obra_as_obra"":0,""coverage"":0.5329341317365269,""covered"":89,""eligible"":true,""errors"":4,""obra_threshold"":0.9,""risk"":0.0449438202247191,""threshold"":0.75}","{""balance_score"":0.023069493766808807,""calibration_group_counts_by_label"":{""0"":8,""1"":11,""2"":11,""3"":4},""calibration_groups"":34,""calibration_label_counts"":{""0"":40,""1"":54,""2"":55,""3"":18},""calibration_records"":167,""fit_group_counts_by_label"":{""0"":13,""1"":15,""2"":16,""3"":6},""fit_groups"":50,""fit_label_counts"":{""0"":58,""1"":75,""2"":78,""3"":25},""fit_records"":236,""group_overlap"":0}","[{""fit_group_counts_by_label"":{""0"":4,""1"":6,""2"":5,""3"":2},""fit_groups"":17,""fit_records"":84,""fold"":0,""group_overlap"":0,""validation_group_counts_by_label"":{""0"":4,""1"":5,""2"":6,""3"":2},""validation_groups"":17,""validation_records"":83},{""fit_group_counts_by_label"":{""0"":4,""1"":5,""2"":6,""3"":2},""fit_groups"":17,""fit_records"":83,""fold"":1,""group_overlap"":0,""validation_group_counts_by_label"":{""0"":4,""1"":6,""2"":5,""3"":2},""validation_groups"":17,""validation_records"":84}]",0
classification__tfidf__none__mlp,classification,tfidf,,mlp,0,406,102,84,21,0,71.18508889999794,1.270254400005797,0.22199120000004768,2.1763843137259578,classifier_pipeline_including_tfidf_transform,"{""model__alpha"":0.001,""model__hidden_layer_sizes"":[32]}",0.6281741034749778,"{""automatic_maintenance_as_obra"":0,""automatic_non_obra_as_obra"":0,""coverage"":0.5454545454545454,""covered"":90,""eligible"":true,""errors"":6,""obra_threshold"":0.9,""risk"":0.06666666666666667,""threshold"":0.75}","{""balance_score"":0.013121361397223433,""calibration_group_counts_by_label"":{""0"":9,""1"":11,""2"":10,""3"":4},""calibration_groups"":34,""calibration_label_counts"":{""0"":41,""1"":55,""2"":50,""3"":19},""calibration_records"":165,""fit_group_counts_by_label"":{""0"":12,""1"":16,""2"":15,""3"":7},""fit_groups"":50,""fit_label_counts"":{""0"":60,""1"":79,""2"":73,""3"":29},""fit_records"":241,""group_overlap"":0}","[{""fit_group_counts_by_label"":{""0"":5,""1"":5,""2"":5,""3"":2},""fit_groups"":17,""fit_records"":80,""fold"":0,""group_overlap"":0,""validation_group_counts_by_label"":{""0"":4,""1"":6,""2"":5,""3"":2},""validation_groups"":17,""validation_records"":85},{""fit_group_counts_by_label"":{""0"":4,""1"":6,""2"":5,""3"":2},""fit_groups"":17,""fit_records"":85,""fold"":1,""group_overlap"":0,""validation_group_counts_by_label"":{""0"":5,""1"":5,""2"":5,""3"":2},""validation_groups"":17,""validation_records"":80}]",0
classification__tfidf__none__mlp,classification,tfidf,,mlp,1,415,93,84,21,0,84.10103190000518,1.027264299998933,0.2756357999969623,2.9638258064189493,classifier_pipeline_including_tfidf_transform,"{""model__alpha"":0.001,""model__hidden_layer_sizes"":[32]}",0.6712001869541936,"{""automatic_maintenance_as_obra"":0,""automatic_non_obra_as_obra"":0,""coverage"":0.5696969696969697,""covered"":94,""eligible"":true,""errors"":2,""obra_threshold"":0.9,""risk"":0.02127659574468085,""threshold"":0.81}","{""balance_score"":0.030156991602774727,""calibration_group_counts_by_label"":{""0"":10,""1"":10,""2"":10,""3"":4},""calibration_groups"":34,""calibration_label_counts"":{""0"":47,""1"":49,""2"":50,""3"":19},""calibration_records"":165,""fit_group_counts_by_label"":{""0"":14,""1"":16,""2"":15,""3"":5},""fit_groups"":50,""fit_label_counts"":{""0"":70,""1"":80,""2"":75,""3"":25},""fit_records"":250,""group_overlap"":0}","[{""fit_group_counts_by_label"":{""0"":3,""1"":5,""2"":7,""3"":2},""fit_groups"":17,""fit_records"":84,""fold"":0,""group_overlap"":0,""validation_group_counts_by_label"":{""0"":7,""1"":5,""2"":3,""3"":2},""validation_groups"":17,""validation_records"":81},{""fit_group_counts_by_label"":{""0"":7,""1"":5,""2"":3,""3"":2},""fit_groups"":17,""fit_records"":81,""fold"":1,""group_overlap"":0,""validation_group_counts_by_label"":{""0"":3,""1"":5,""2"":7,""3"":2},""validation_groups"":17,""validation_records"":84}]",0
classification__tfidf__none__mlp,classification,tfidf,,mlp,2,405,103,84,21,0,67.33924630000547,1.348796799997217,0.14651510000112467,1.4224766990400453,classifier_pipeline_including_tfidf_transform,"{""model__alpha"":0.001,""model__hidden_layer_sizes"":[16]}",0.5764468104266954,"{""eligible"":false,""obra_threshold"":0.9,""threshold"":null}","{""balance_score"":0.02760141093474426,""calibration_group_counts_by_label"":{""0"":8,""1"":11,""2"":11,""3"":4},""calibration_groups"":34,""calibration_label_counts"":{""0"":40,""1"":55,""2"":55,""3"":18},""calibration_records"":168,""fit_group_counts_by_label"":{""0"":13,""1"":15,""2"":16,""3"":6},""fit_groups"":50,""fit_label_counts"":{""0"":58,""1"":75,""2"":78,""3"":26},""fit_records"":237,""group_overlap"":0}","[{""fit_group_counts_by_label"":{""0"":4,""1"":4,""2"":7,""3"":2},""fit_groups"":17,""fit_records"":85,""fold"":0,""group_overlap"":0,""validation_group_counts_by_label"":{""0"":4,""1"":7,""2"":4,""3"":2},""validation_groups"":17,""validation_records"":83},{""fit_group_counts_by_label"":{""0"":4,""1"":7,""2"":4,""3"":2},""fit_groups"":17,""fit_records"":83,""fold"":1,""group_overlap"":0,""validation_group_counts_by_label"":{""0"":4,""1"":4,""2"":7,""3"":2},""validation_groups"":17,""validation_records"":85}]",0
classification__tfidf__none__mlp,classification,tfidf,,mlp,3,403,105,84,21,0,103.96619990000181,0.4790807000026689,0.06271530000230996,0.597288571450571,classifier_pipeline_including_tfidf_transform,"{""model__alpha"":0.001,""model__hidden_layer_sizes"":[32]}",0.5184248531062257,"{""automatic_maintenance_as_obra"":0,""automatic_non_obra_as_obra"":0,""coverage"":0.5493827160493827,""covered"":89,""eligible"":true,""errors"":0,""obra_threshold"":0.9,""risk"":0.0,""threshold"":0.86}","{""balance_score"":0.02989308580706429,""calibration_group_counts_by_label"":{""0"":10,""1"":9,""2"":10,""3"":5},""calibration_groups"":34,""calibration_label_counts"":{""0"":47,""1"":44,""2"":48,""3"":23},""calibration_records"":162,""fit_group_counts_by_label"":{""0"":15,""1"":14,""2"":14,""3"":7},""fit_groups"":50,""fit_label_counts"":{""0"":71,""1"":70,""2"":70,""3"":30},""fit_records"":241,""group_overlap"":0}","[{""fit_group_counts_by_label"":{""0"":4,""1"":4,""2"":6,""3"":3},""fit_groups"":17,""fit_records"":83,""fold"":0,""group_overlap"":0,""validation_group_counts_by_label"":{""0"":6,""1"":5,""2"":4,""3"":2},""validation_groups"":17,""validation_records"":79},{""fit_group_counts_by_label"":{""0"":6,""1"":5,""2"":4,""3"":2},""fit_groups"":17,""fit_records"":79,""fold"":1,""group_overlap"":0,""validation_group_counts_by_label"":{""0"":4,""1"":4,""2"":6,""3"":3},""validation_groups"":17,""validation_records"":83}]",0
classification__tfidf__none__mlp,classification,tfidf,,mlp,4,403,105,84,21,0,78.67112460000499,1.4608642999955919,0.2449274999962654,2.3326428571072895,classifier_pipeline_including_tfidf_transform,"{""model__alpha"":0.001,""model__hidden_layer_sizes"":[32]}",0.6300192800566699,"{""automatic_maintenance_as_obra"":0,""automatic_non_obra_as_obra"":0,""coverage"":0.5688622754491018,""covered"":95,""eligible"":true,""errors"":1,""obra_threshold"":0.9,""risk"":0.010526315789473684,""threshold"":0.82}","{""balance_score"":0.023069493766808807,""calibration_group_counts_by_label"":{""0"":8,""1"":11,""2"":11,""3"":4},""calibration_groups"":34,""calibration_label_counts"":{""0"":40,""1"":54,""2"":55,""3"":18},""calibration_records"":167,""fit_group_counts_by_label"":{""0"":13,""1"":15,""2"":16,""3"":6},""fit_groups"":50,""fit_label_counts"":{""0"":58,""1"":75,""2"":78,""3"":25},""fit_records"":236,""group_overlap"":0}","[{""fit_group_counts_by_label"":{""0"":4,""1"":6,""2"":5,""3"":2},""fit_groups"":17,""fit_records"":84,""fold"":0,""group_overlap"":0,""validation_group_counts_by_label"":{""0"":4,""1"":5,""2"":6,""3"":2},""validation_groups"":17,""validation_records"":83},{""fit_group_counts_by_label"":{""0"":4,""1"":5,""2"":6,""3"":2},""fit_groups"":17,""fit_records"":83,""fold"":1,""group_overlap"":0,""validation_group_counts_by_label"":{""0"":4,""1"":6,""2"":5,""3"":2},""validation_groups"":17,""validation_records"":84}]",0
classification__tfidf__none__xgboost,classification,tfidf,,xgboost,0,406,102,84,21,0,83.65501940000104,1.3169871000063722,0.22751839999546064,2.2305725489751045,classifier_pipeline_including_tfidf_transform,"{""model__learning_rate"":0.05,""model__max_depth"":2,""model__n_estimators"":160}",0.40012003076176805,"{""eligible"":false,""obra_threshold"":0.9,""threshold"":null}","{""balance_score"":0.013121361397223433,""calibration_group_counts_by_label"":{""0"":9,""1"":11,""2"":10,""3"":4},""calibration_groups"":34,""calibration_label_counts"":{""0"":41,""1"":55,""2"":50,""3"":19},""calibration_records"":165,""fit_group_counts_by_label"":{""0"":12,""1"":16,""2"":15,""3"":7},""fit_groups"":50,""fit_label_counts"":{""0"":60,""1"":79,""2"":73,""3"":29},""fit_records"":241,""group_overlap"":0}","[{""fit_group_counts_by_label"":{""0"":5,""1"":5,""2"":5,""3"":2},""fit_groups"":17,""fit_records"":80,""fold"":0,""group_overlap"":0,""validation_group_counts_by_label"":{""0"":4,""1"":6,""2"":5,""3"":2},""validation_groups"":17,""validation_records"":85},{""fit_group_counts_by_label"":{""0"":4,""1"":6,""2"":5,""3"":2},""fit_groups"":17,""fit_records"":85,""fold"":1,""group_overlap"":0,""validation_group_counts_by_label"":{""0"":5,""1"":5,""2"":5,""3"":2},""validation_groups"":17,""validation_records"":80}]",0
classification__tfidf__none__xgboost,classification,tfidf,,xgboost,1,415,93,84,21,0,128.99348979999922,0.6148079999984475,0.07328019999840762,0.787959139767824,classifier_pipeline_including_tfidf_transform,"{""model__learning_rate"":0.05,""model__max_depth"":2,""model__n_estimators"":160}",0.4194229377801589,"{""eligible"":false,""obra_threshold"":0.9,""threshold"":null}","{""balance_score"":0.030156991602774727,""calibration_group_counts_by_label"":{""0"":10,""1"":10,""2"":10,""3"":4},""calibration_groups"":34,""calibration_label_counts"":{""0"":47,""1"":49,""2"":50,""3"":19},""calibration_records"":165,""fit_group_counts_by_label"":{""0"":14,""1"":16,""2"":15,""3"":5},""fit_groups"":50,""fit_label_counts"":{""0"":70,""1"":80,""2"":75,""3"":25},""fit_records"":250,""group_overlap"":0}","[{""fit_group_counts_by_label"":{""0"":3,""1"":5,""2"":7,""3"":2},""fit_groups"":17,""fit_records"":84,""fold"":0,""group_overlap"":0,""validation_group_counts_by_label"":{""0"":7,""1"":5,""2"":3,""3"":2},""validation_groups"":17,""validation_records"":81},{""fit_group_counts_by_label"":{""0"":7,""1"":5,""2"":3,""3"":2},""fit_groups"":17,""fit_records"":81,""fold"":1,""group_overlap"":0,""validation_group_counts_by_label"":{""0"":3,""1"":5,""2"":7,""3"":2},""validation_groups"":17,""validation_records"":84}]",0
classification__tfidf__none__xgboost,classification,tfidf,,xgboost,2,405,103,84,21,0,115.73187909999979,0.641887300000235,0.08862529999896651,0.8604398058152088,classifier_pipeline_including_tfidf_transform,"{""model__learning_rate"":0.05,""model__max_depth"":2,""model__n_estimators"":160}",0.49810916852248793,"{""eligible"":false,""obra_threshold"":0.9,""threshold"":null}","{""balance_score"":0.02760141093474426,""calibration_group_counts_by_label"":{""0"":8,""1"":11,""2"":11,""3"":4},""calibration_groups"":34,""calibration_label_counts"":{""0"":40,""1"":55,""2"":55,""3"":18},""calibration_records"":168,""fit_group_counts_by_label"":{""0"":13,""1"":15,""2"":16,""3"":6},""fit_groups"":50,""fit_label_counts"":{""0"":58,""1"":75,""2"":78,""3"":26},""fit_records"":237,""group_overlap"":0}","[{""fit_group_counts_by_label"":{""0"":4,""1"":4,""2"":7,""3"":2},""fit_groups"":17,""fit_records"":85,""fold"":0,""group_overlap"":0,""validation_group_counts_by_label"":{""0"":4,""1"":7,""2"":4,""3"":2},""validation_groups"":17,""validation_records"":83},{""fit_group_counts_by_label"":{""0"":4,""1"":7,""2"":4,""3"":2},""fit_groups"":17,""fit_records"":83,""fold"":1,""group_overlap"":0,""validation_group_counts_by_label"":{""0"":4,""1"":4,""2"":7,""3"":2},""validation_groups"":17,""validation_records"":85}]",0
classification__tfidf__none__xgboost,classification,tfidf,,xgboost,3,403,105,84,21,0,143.1583160999944,0.6297906000036164,0.07337850000476465,0.6988428571882347,classifier_pipeline_including_tfidf_transform,"{""model__learning_rate"":0.05,""model__max_depth"":2,""model__n_estimators"":160}",0.44410711970749456,"{""eligible"":false,""obra_threshold"":0.9,""threshold"":null}","{""balance_score"":0.02989308580706429,""calibration_group_counts_by_label"":{""0"":10,""1"":9,""2"":10,""3"":5},""calibration_groups"":34,""calibration_label_counts"":{""0"":47,""1"":44,""2"":48,""3"":23},""calibration_records"":162,""fit_group_counts_by_label"":{""0"":15,""1"":14,""2"":14,""3"":7},""fit_groups"":50,""fit_label_counts"":{""0"":71,""1"":70,""2"":70,""3"":30},""fit_records"":241,""group_overlap"":0}","[{""fit_group_counts_by_label"":{""0"":4,""1"":4,""2"":6,""3"":3},""fit_groups"":17,""fit_records"":83,""fold"":0,""group_overlap"":0,""validation_group_counts_by_label"":{""0"":6,""1"":5,""2"":4,""3"":2},""validation_groups"":17,""validation_records"":79},{""fit_group_counts_by_label"":{""0"":6,""1"":5,""2"":4,""3"":2},""fit_groups"":17,""fit_records"":79,""fold"":1,""group_overlap"":0,""validation_group_counts_by_label"":{""0"":4,""1"":4,""2"":6,""3"":3},""validation_groups"":17,""validation_records"":83}]",0
classification__tfidf__none__xgboost,classification,tfidf,,xgboost,4,403,105,84,21,0,150.6400680000006,1.780289799993625,0.19096839999838267,1.8187466666512635,classifier_pipeline_including_tfidf_transform,"{""model__learning_rate"":0.05,""model__max_depth"":2,""model__n_estimators"":160}",0.4549149589708277,"{""eligible"":false,""obra_threshold"":0.9,""threshold"":null}","{""balance_score"":0.023069493766808807,""calibration_group_counts_by_label"":{""0"":8,""1"":11,""2"":11,""3"":4},""calibration_groups"":34,""calibration_label_counts"":{""0"":40,""1"":54,""2"":55,""3"":18},""calibration_records"":167,""fit_group_counts_by_label"":{""0"":13,""1"":15,""2"":16,""3"":6},""fit_groups"":50,""fit_label_counts"":{""0"":58,""1"":75,""2"":78,""3"":25},""fit_records"":236,""group_overlap"":0}","[{""fit_group_counts_by_label"":{""0"":4,""1"":6,""2"":5,""3"":2},""fit_groups"":17,""fit_records"":84,""fold"":0,""group_overlap"":0,""validation_group_counts_by_label"":{""0"":4,""1"":5,""2"":6,""3"":2},""validation_groups"":17,""validation_records"":83},{""fit_group_counts_by_label"":{""0"":4,""1"":5,""2"":6,""3"":2},""fit_groups"":17,""fit_records"":83,""fold"":1,""group_overlap"":0,""validation_group_counts_by_label"":{""0"":4,""1"":6,""2"":5,""3"":2},""validation_groups"":17,""validation_records"":84}]",0
deduplication__tfidf__none__logistic_regression,deduplication,tfidf,,logistic_regression,0,480,120,96,24,0,39.43425610000122,5.607884199998807,0.759890399996948,6.332419999974566,classifier_pipeline_including_tfidf_transform,"{""model__C"":0.1}",0.0,"{""curve_points"":2450,""eligible"":true,""negative_threshold"":0.06,""positive_threshold"":0.94,""selected"":{""abstained"":0,""automated_false_negative_rate"":0.0,""automated_false_positive_rate"":0.0,""automation_duplicate_recall"":1.0,""automation_nonduplicate_recall"":1.0,""coverage"":1.0,""covered"":195,""covered_error_rate"":0.0,""false_negative_cost"":5.0,""false_positive_cost"":1.0,""fn"":0,""fp"":0,""negative_predictive_value"":1.0,""negative_threshold"":0.06,""negatives"":95,""positive_threshold"":0.94,""positives"":100,""precision"":1.0,""threshold"":0.94,""tn"":95,""tp"":100,""weighted_covered_error"":0.0}}","{""balance_score"":0.011057692307692268,""calibration_group_counts_by_label"":{""0"":19,""1"":20},""calibration_groups"":39,""calibration_label_counts"":{""0"":95,""1"":100},""calibration_records"":195,""fit_group_counts_by_label"":{""0"":28,""1"":29},""fit_groups"":57,""fit_label_counts"":{""0"":140,""1"":145},""fit_records"":285,""group_overlap"":0}","[{""fit_group_counts_by_label"":{""0"":11,""1"":8},""fit_groups"":19,""fit_records"":95,""fold"":0,""group_overlap"":0,""validation_group_counts_by_label"":{""0"":8,""1"":12},""validation_groups"":20,""validation_records"":100},{""fit_group_counts_by_label"":{""0"":8,""1"":12},""fit_groups"":20,""fit_records"":100,""fold"":1,""group_overlap"":0,""validation_group_counts_by_label"":{""0"":11,""1"":8},""validation_groups"":19,""validation_records"":95}]",0
deduplication__tfidf__none__logistic_regression,deduplication,tfidf,,logistic_regression,1,480,120,96,24,0,31.01225809999596,3.947377600001346,0.9307516999979271,7.756264166649392,classifier_pipeline_including_tfidf_transform,"{""model__C"":0.1}",0.0,"{""curve_points"":2450,""eligible"":true,""negative_threshold"":0.07,""positive_threshold"":0.93,""selected"":{""abstained"":0,""automated_false_negative_rate"":0.0,""automated_false_positive_rate"":0.0,""automation_duplicate_recall"":1.0,""automation_nonduplicate_recall"":1.0,""coverage"":1.0,""covered"":195,""covered_error_rate"":0.0,""false_negative_cost"":5.0,""false_positive_cost"":1.0,""fn"":0,""fp"":0,""negative_predictive_value"":1.0,""negative_threshold"":0.07,""negatives"":95,""positive_threshold"":0.93,""positives"":100,""precision"":1.0,""threshold"":0.93,""tn"":95,""tp"":100,""weighted_covered_error"":0.0}}","{""balance_score"":0.011057692307692268,""calibration_group_counts_by_label"":{""0"":19,""1"":20},""calibration_groups"":39,""calibration_label_counts"":{""0"":95,""1"":100},""calibration_records"":195,""fit_group_counts_by_label"":{""0"":28,""1"":29},""fit_groups"":57,""fit_label_counts"":{""0"":140,""1"":145},""fit_records"":285,""group_overlap"":0}","[{""fit_group_counts_by_label"":{""0"":11,""1"":8},""fit_groups"":19,""fit_records"":95,""fold"":0,""group_overlap"":0,""validation_group_counts_by_label"":{""0"":8,""1"":12},""validation_groups"":20,""validation_records"":100},{""fit_group_counts_by_label"":{""0"":8,""1"":12},""fit_groups"":20,""fit_records"":100,""fold"":1,""group_overlap"":0,""validation_group_counts_by_label"":{""0"":11,""1"":8},""validation_groups"":19,""validation_records"":95}]",0
deduplication__tfidf__none__logistic_regression,deduplication,tfidf,,logistic_regression,2,480,120,96,24,0,26.287112199999683,2.3180244999966817,0.44586790000175824,3.7155658333479855,classifier_pipeline_including_tfidf_transform,"{""model__C"":0.1}",0.0,"{""curve_points"":2450,""eligible"":true,""negative_threshold"":0.13,""positive_threshold"":0.94,""selected"":{""abstained"":0,""automated_false_negative_rate"":0.0,""automated_false_positive_rate"":0.0,""automation_duplicate_recall"":1.0,""automation_nonduplicate_recall"":1.0,""coverage"":1.0,""covered"":195,""covered_error_rate"":0.0,""false_negative_cost"":5.0,""false_positive_cost"":1.0,""fn"":0,""fp"":0,""negative_predictive_value"":1.0,""negative_threshold"":0.13,""negatives"":95,""positive_threshold"":0.94,""positives"":100,""precision"":1.0,""threshold"":0.94,""tn"":95,""tp"":100,""weighted_covered_error"":0.0}}","{""balance_score"":0.011057692307692268,""calibration_group_counts_by_label"":{""0"":19,""1"":20},""calibration_groups"":39,""calibration_label_counts"":{""0"":95,""1"":100},""calibration_records"":195,""fit_group_counts_by_label"":{""0"":28,""1"":29},""fit_groups"":57,""fit_label_counts"":{""0"":140,""1"":145},""fit_records"":285,""group_overlap"":0}","[{""fit_group_counts_by_label"":{""0"":8,""1"":11},""fit_groups"":19,""fit_records"":95,""fold"":0,""group_overlap"":0,""validation_group_counts_by_label"":{""0"":11,""1"":9},""validation_groups"":20,""validation_records"":100},{""fit_group_counts_by_label"":{""0"":11,""1"":9},""fit_groups"":20,""fit_records"":100,""fold"":1,""group_overlap"":0,""validation_group_counts_by_label"":{""0"":8,""1"":11},""validation_groups"":19,""validation_records"":95}]",0
deduplication__tfidf__none__logistic_regression,deduplication,tfidf,,logistic_regression,3,480,120,96,24,0,13.019511300000886,1.8453357000034885,0.18062219999410445,1.5051849999508704,classifier_pipeline_including_tfidf_transform,"{""model__C"":0.1}",0.0,"{""curve_points"":2450,""eligible"":true,""negative_threshold"":0.19,""positive_threshold"":0.89,""selected"":{""abstained"":0,""automated_false_negative_rate"":0.0,""automated_false_positive_rate"":0.0,""automation_duplicate_recall"":1.0,""automation_nonduplicate_recall"":1.0,""coverage"":1.0,""covered"":195,""covered_error_rate"":0.0,""false_negative_cost"":5.0,""false_positive_cost"":1.0,""fn"":0,""fp"":0,""negative_predictive_value"":1.0,""negative_threshold"":0.19,""negatives"":100,""positive_threshold"":0.89,""positives"":95,""precision"":1.0,""threshold"":0.89,""tn"":100,""tp"":95,""weighted_covered_error"":0.0}}","{""balance_score"":0.022275641025641058,""calibration_group_counts_by_label"":{""0"":20,""1"":19},""calibration_groups"":39,""calibration_label_counts"":{""0"":100,""1"":95},""calibration_records"":195,""fit_group_counts_by_label"":{""0"":30,""1"":27},""fit_groups"":57,""fit_label_counts"":{""0"":150,""1"":135},""fit_records"":285,""group_overlap"":0}","[{""fit_group_counts_by_label"":{""0"":12,""1"":7},""fit_groups"":19,""fit_records"":95,""fold"":0,""group_overlap"":0,""validation_group_counts_by_label"":{""0"":8,""1"":12},""validation_groups"":20,""validation_records"":100},{""fit_group_counts_by_label"":{""0"":8,""1"":12},""fit_groups"":20,""fit_records"":100,""fold"":1,""group_overlap"":0,""validation_group_counts_by_label"":{""0"":12,""1"":7},""validation_groups"":19,""validation_records"":95}]",0
deduplication__tfidf__none__logistic_regression,deduplication,tfidf,,logistic_regression,4,480,120,96,24,0,11.495893300001626,1.2107942000002367,0.16581470000528498,1.381789166710708,classifier_pipeline_including_tfidf_transform,"{""model__C"":0.1}",-0.2280701754385965,"{""curve_points"":2450,""eligible"":true,""negative_threshold"":0.06,""positive_threshold"":0.93,""selected"":{""abstained"":0,""automated_false_negative_rate"":0.0,""automated_false_positive_rate"":0.0,""automation_duplicate_recall"":1.0,""automation_nonduplicate_recall"":1.0,""coverage"":1.0,""covered"":195,""covered_error_rate"":0.0,""false_negative_cost"":5.0,""false_positive_cost"":1.0,""fn"":0,""fp"":0,""negative_predictive_value"":1.0,""negative_threshold"":0.06,""negatives"":100,""positive_threshold"":0.93,""positives"":95,""precision"":1.0,""threshold"":0.93,""tn"":100,""tp"":95,""weighted_covered_error"":0.0}}","{""balance_score"":0.011057692307692268,""calibration_group_counts_by_label"":{""0"":20,""1"":19},""calibration_groups"":39,""calibration_label_counts"":{""0"":100,""1"":95},""calibration_records"":195,""fit_group_counts_by_label"":{""0"":29,""1"":28},""fit_groups"":57,""fit_label_counts"":{""0"":145,""1"":140},""fit_records"":285,""group_overlap"":0}","[{""fit_group_counts_by_label"":{""0"":9,""1"":10},""fit_groups"":19,""fit_records"":95,""fold"":0,""group_overlap"":0,""validation_group_counts_by_label"":{""0"":11,""1"":9},""validation_groups"":20,""validation_records"":100},{""fit_group_counts_by_label"":{""0"":11,""1"":9},""fit_groups"":20,""fit_records"":100,""fold"":1,""group_overlap"":0,""validation_group_counts_by_label"":{""0"":9,""1"":10},""validation_groups"":19,""validation_records"":95}]",0
deduplication__tfidf__none__decision_tree,deduplication,tfidf,,decision_tree,0,480,120,96,24,0,25.861480100000335,0.8461948000040138,0.13671500000054948,1.1392916666712456,classifier_pipeline_including_tfidf_transform,"{""model__max_depth"":3,""model__min_samples_leaf"":2}",-0.08771929824561403,"{""curve_points"":2450,""eligible"":true,""negative_threshold"":0.03,""positive_threshold"":0.97,""selected"":{""abstained"":0,""automated_false_negative_rate"":0.0,""automated_false_positive_rate"":0.0,""automation_duplicate_recall"":1.0,""automation_nonduplicate_recall"":1.0,""coverage"":1.0,""covered"":195,""covered_error_rate"":0.0,""false_negative_cost"":5.0,""false_positive_cost"":1.0,""fn"":0,""fp"":0,""negative_predictive_value"":1.0,""negative_threshold"":0.03,""negatives"":95,""positive_threshold"":0.97,""positives"":100,""precision"":1.0,""threshold"":0.97,""tn"":95,""tp"":100,""weighted_covered_error"":0.0}}","{""balance_score"":0.011057692307692268,""calibration_group_counts_by_label"":{""0"":19,""1"":20},""calibration_groups"":39,""calibration_label_counts"":{""0"":95,""1"":100},""calibration_records"":195,""fit_group_counts_by_label"":{""0"":28,""1"":29},""fit_groups"":57,""fit_label_counts"":{""0"":140,""1"":145},""fit_records"":285,""group_overlap"":0}","[{""fit_group_counts_by_label"":{""0"":11,""1"":8},""fit_groups"":19,""fit_records"":95,""fold"":0,""group_overlap"":0,""validation_group_counts_by_label"":{""0"":8,""1"":12},""validation_groups"":20,""validation_records"":100},{""fit_group_counts_by_label"":{""0"":8,""1"":12},""fit_groups"":20,""fit_records"":100,""fold"":1,""group_overlap"":0,""validation_group_counts_by_label"":{""0"":11,""1"":8},""validation_groups"":19,""validation_records"":95}]",0
deduplication__tfidf__none__decision_tree,deduplication,tfidf,,decision_tree,1,480,120,96,24,0,12.457886999996845,0.7171212000030209,0.13239639999665087,1.1033033333054239,classifier_pipeline_including_tfidf_transform,"{""model__max_depth"":3,""model__min_samples_leaf"":2}",-0.010526315789473684,"{""curve_points"":2450,""eligible"":true,""negative_threshold"":0.03,""positive_threshold"":0.97,""selected"":{""abstained"":0,""automated_false_negative_rate"":0.0,""automated_false_positive_rate"":0.0,""automation_duplicate_recall"":1.0,""automation_nonduplicate_recall"":1.0,""coverage"":1.0,""covered"":195,""covered_error_rate"":0.0,""false_negative_cost"":5.0,""false_positive_cost"":1.0,""fn"":0,""fp"":0,""negative_predictive_value"":1.0,""negative_threshold"":0.03,""negatives"":95,""positive_threshold"":0.97,""positives"":100,""precision"":1.0,""threshold"":0.97,""tn"":95,""tp"":100,""weighted_covered_error"":0.0}}","{""balance_score"":0.011057692307692268,""calibration_group_counts_by_label"":{""0"":19,""1"":20},""calibration_groups"":39,""calibration_label_counts"":{""0"":95,""1"":100},""calibration_records"":195,""fit_group_counts_by_label"":{""0"":28,""1"":29},""fit_groups"":57,""fit_label_counts"":{""0"":140,""1"":145},""fit_records"":285,""group_overlap"":0}","[{""fit_group_counts_by_label"":{""0"":11,""1"":8},""fit_groups"":19,""fit_records"":95,""fold"":0,""group_overlap"":0,""validation_group_counts_by_label"":{""0"":8,""1"":12},""validation_groups"":20,""validation_records"":100},{""fit_group_counts_by_label"":{""0"":8,""1"":12},""fit_groups"":20,""fit_records"":100,""fold"":1,""group_overlap"":0,""validation_group_counts_by_label"":{""0"":11,""1"":8},""validation_groups"":19,""validation_records"":95}]",0
deduplication__tfidf__none__decision_tree,deduplication,tfidf,,decision_tree,2,480,120,96,24,0,22.88571039999806,1.6192779999983031,0.32501170000614366,2.7084308333845306,classifier_pipeline_including_tfidf_transform,"{""model__max_depth"":3,""model__min_samples_leaf"":2}",0.0,"{""curve_points"":2450,""eligible"":true,""negative_threshold"":0.03,""positive_threshold"":0.91,""selected"":{""abstained"":0,""automated_false_negative_rate"":0.0,""automated_false_positive_rate"":0.031578947368421054,""automation_duplicate_recall"":1.0,""automation_nonduplicate_recall"":0.968421052631579,""coverage"":1.0,""covered"":195,""covered_error_rate"":0.015384615384615385,""false_negative_cost"":5.0,""false_positive_cost"":1.0,""fn"":0,""fp"":3,""negative_predictive_value"":1.0,""negative_threshold"":0.03,""negatives"":95,""positive_threshold"":0.91,""positives"":100,""precision"":0.970873786407767,""threshold"":0.91,""tn"":92,""tp"":100,""weighted_covered_error"":0.015384615384615385}}","{""balance_score"":0.011057692307692268,""calibration_group_counts_by_label"":{""0"":19,""1"":20},""calibration_groups"":39,""calibration_label_counts"":{""0"":95,""1"":100},""calibration_records"":195,""fit_group_counts_by_label"":{""0"":28,""1"":29},""fit_groups"":57,""fit_label_counts"":{""0"":140,""1"":145},""fit_records"":285,""group_overlap"":0}","[{""fit_group_counts_by_label"":{""0"":8,""1"":11},""fit_groups"":19,""fit_records"":95,""fold"":0,""group_overlap"":0,""validation_group_counts_by_label"":{""0"":11,""1"":9},""validation_groups"":20,""validation_records"":100},{""fit_group_counts_by_label"":{""0"":11,""1"":9},""fit_groups"":20,""fit_records"":100,""fold"":1,""group_overlap"":0,""validation_group_counts_by_label"":{""0"":8,""1"":11},""validation_groups"":19,""validation_records"":95}]",0
deduplication__tfidf__none__decision_tree,deduplication,tfidf,,decision_tree,3,480,120,96,24,0,17.198077499997453,0.7314087000049767,0.12862940000195522,1.0719116666829602,classifier_pipeline_including_tfidf_transform,"{""model__max_depth"":3,""model__min_samples_leaf"":2}",-0.2631578947368421,"{""curve_points"":2450,""eligible"":false,""negative_threshold"":null,""positive_threshold"":null,""selected"":null}","{""balance_score"":0.022275641025641058,""calibration_group_counts_by_label"":{""0"":20,""1"":19},""calibration_groups"":39,""calibration_label_counts"":{""0"":100,""1"":95},""calibration_records"":195,""fit_group_counts_by_label"":{""0"":30,""1"":27},""fit_groups"":57,""fit_label_counts"":{""0"":150,""1"":135},""fit_records"":285,""group_overlap"":0}","[{""fit_group_counts_by_label"":{""0"":12,""1"":7},""fit_groups"":19,""fit_records"":95,""fold"":0,""group_overlap"":0,""validation_group_counts_by_label"":{""0"":8,""1"":12},""validation_groups"":20,""validation_records"":100},{""fit_group_counts_by_label"":{""0"":8,""1"":12},""fit_groups"":20,""fit_records"":100,""fold"":1,""group_overlap"":0,""validation_group_counts_by_label"":{""0"":12,""1"":7},""validation_groups"":19,""validation_records"":95}]",0
deduplication__tfidf__none__decision_tree,deduplication,tfidf,,decision_tree,4,480,120,96,24,0,16.875369800000044,0.8207700999992085,0.2597858000008273,2.1648816666735606,classifier_pipeline_including_tfidf_transform,"{""model__max_depth"":3,""model__min_samples_leaf"":2}",-0.2982456140350877,"{""curve_points"":2450,""eligible"":true,""negative_threshold"":0.03,""positive_threshold"":0.97,""selected"":{""abstained"":0,""automated_false_negative_rate"":0.0,""automated_false_positive_rate"":0.0,""automation_duplicate_recall"":1.0,""automation_nonduplicate_recall"":1.0,""coverage"":1.0,""covered"":195,""covered_error_rate"":0.0,""false_negative_cost"":5.0,""false_positive_cost"":1.0,""fn"":0,""fp"":0,""negative_predictive_value"":1.0,""negative_threshold"":0.03,""negatives"":100,""positive_threshold"":0.97,""positives"":95,""precision"":1.0,""threshold"":0.97,""tn"":100,""tp"":95,""weighted_covered_error"":0.0}}","{""balance_score"":0.011057692307692268,""calibration_group_counts_by_label"":{""0"":20,""1"":19},""calibration_groups"":39,""calibration_label_counts"":{""0"":100,""1"":95},""calibration_records"":195,""fit_group_counts_by_label"":{""0"":29,""1"":28},""fit_groups"":57,""fit_label_counts"":{""0"":145,""1"":140},""fit_records"":285,""group_overlap"":0}","[{""fit_group_counts_by_label"":{""0"":9,""1"":10},""fit_groups"":19,""fit_records"":95,""fold"":0,""group_overlap"":0,""validation_group_counts_by_label"":{""0"":11,""1"":9},""validation_groups"":20,""validation_records"":100},{""fit_group_counts_by_label"":{""0"":11,""1"":9},""fit_groups"":20,""fit_records"":100,""fold"":1,""group_overlap"":0,""validation_group_counts_by_label"":{""0"":9,""1"":10},""validation_groups"":19,""validation_records"":95}]",0
deduplication__tfidf__none__linear_svm,deduplication,tfidf,,linear_svm,0,480,120,96,24,0,15.32443229999626,1.1043963999982225,0.32603739999467507,2.7169783332889588,classifier_pipeline_including_tfidf_transform,"{""model__C"":0.1}",0.0,"{""curve_points"":2450,""eligible"":true,""negative_threshold"":0.04,""positive_threshold"":0.96,""selected"":{""abstained"":0,""automated_false_negative_rate"":0.0,""automated_false_positive_rate"":0.0,""automation_duplicate_recall"":1.0,""automation_nonduplicate_recall"":1.0,""coverage"":1.0,""covered"":195,""covered_error_rate"":0.0,""false_negative_cost"":5.0,""false_positive_cost"":1.0,""fn"":0,""fp"":0,""negative_predictive_value"":1.0,""negative_threshold"":0.04,""negatives"":95,""positive_threshold"":0.96,""positives"":100,""precision"":1.0,""threshold"":0.96,""tn"":95,""tp"":100,""weighted_covered_error"":0.0}}","{""balance_score"":0.011057692307692268,""calibration_group_counts_by_label"":{""0"":19,""1"":20},""calibration_groups"":39,""calibration_label_counts"":{""0"":95,""1"":100},""calibration_records"":195,""fit_group_counts_by_label"":{""0"":28,""1"":29},""fit_groups"":57,""fit_label_counts"":{""0"":140,""1"":145},""fit_records"":285,""group_overlap"":0}","[{""fit_group_counts_by_label"":{""0"":11,""1"":8},""fit_groups"":19,""fit_records"":95,""fold"":0,""group_overlap"":0,""validation_group_counts_by_label"":{""0"":8,""1"":12},""validation_groups"":20,""validation_records"":100},{""fit_group_counts_by_label"":{""0"":8,""1"":12},""fit_groups"":20,""fit_records"":100,""fold"":1,""group_overlap"":0,""validation_group_counts_by_label"":{""0"":11,""1"":8},""validation_groups"":19,""validation_records"":95}]",0
deduplication__tfidf__none__linear_svm,deduplication,tfidf,,linear_svm,1,480,120,96,24,0,27.381599600004847,0.9281561999960104,0.1769930000009481,1.4749416666745674,classifier_pipeline_including_tfidf_transform,"{""model__C"":0.1}",0.0,"{""curve_points"":2450,""eligible"":true,""negative_threshold"":0.05,""positive_threshold"":0.96,""selected"":{""abstained"":0,""automated_false_negative_rate"":0.0,""automated_false_positive_rate"":0.0,""automation_duplicate_recall"":1.0,""automation_nonduplicate_recall"":1.0,""coverage"":1.0,""covered"":195,""covered_error_rate"":0.0,""false_negative_cost"":5.0,""false_positive_cost"":1.0,""fn"":0,""fp"":0,""negative_predictive_value"":1.0,""negative_threshold"":0.05,""negatives"":95,""positive_threshold"":0.96,""positives"":100,""precision"":1.0,""threshold"":0.96,""tn"":95,""tp"":100,""weighted_covered_error"":0.0}}","{""balance_score"":0.011057692307692268,""calibration_group_counts_by_label"":{""0"":19,""1"":20},""calibration_groups"":39,""calibration_label_counts"":{""0"":95,""1"":100},""calibration_records"":195,""fit_group_counts_by_label"":{""0"":28,""1"":29},""fit_groups"":57,""fit_label_counts"":{""0"":140,""1"":145},""fit_records"":285,""group_overlap"":0}","[{""fit_group_counts_by_label"":{""0"":11,""1"":8},""fit_groups"":19,""fit_records"":95,""fold"":0,""group_overlap"":0,""validation_group_counts_by_label"":{""0"":8,""1"":12},""validation_groups"":20,""validation_records"":100},{""fit_group_counts_by_label"":{""0"":8,""1"":12},""fit_groups"":20,""fit_records"":100,""fold"":1,""group_overlap"":0,""validation_group_counts_by_label"":{""0"":11,""1"":8},""validation_groups"":19,""validation_records"":95}]",0
deduplication__tfidf__none__linear_svm,deduplication,tfidf,,linear_svm,2,480,120,96,24,0,11.872644000002765,2.3449255999948946,0.5231045000036829,4.359204166697357,classifier_pipeline_including_tfidf_transform,"{""model__C"":0.1}",0.0,"{""curve_points"":2450,""eligible"":true,""negative_threshold"":0.11,""positive_threshold"":0.96,""selected"":{""abstained"":0,""automated_false_negative_rate"":0.0,""automated_false_positive_rate"":0.0,""automation_duplicate_recall"":1.0,""automation_nonduplicate_recall"":1.0,""coverage"":1.0,""covered"":195,""covered_error_rate"":0.0,""false_negative_cost"":5.0,""false_positive_cost"":1.0,""fn"":0,""fp"":0,""negative_predictive_value"":1.0,""negative_threshold"":0.11,""negatives"":95,""positive_threshold"":0.96,""positives"":100,""precision"":1.0,""threshold"":0.96,""tn"":95,""tp"":100,""weighted_covered_error"":0.0}}","{""balance_score"":0.011057692307692268,""calibration_group_counts_by_label"":{""0"":19,""1"":20},""calibration_groups"":39,""calibration_label_counts"":{""0"":95,""1"":100},""calibration_records"":195,""fit_group_counts_by_label"":{""0"":28,""1"":29},""fit_groups"":57,""fit_label_counts"":{""0"":140,""1"":145},""fit_records"":285,""group_overlap"":0}","[{""fit_group_counts_by_label"":{""0"":8,""1"":11},""fit_groups"":19,""fit_records"":95,""fold"":0,""group_overlap"":0,""validation_group_counts_by_label"":{""0"":11,""1"":9},""validation_groups"":20,""validation_records"":100},{""fit_group_counts_by_label"":{""0"":11,""1"":9},""fit_groups"":20,""fit_records"":100,""fold"":1,""group_overlap"":0,""validation_group_counts_by_label"":{""0"":8,""1"":11},""validation_groups"":19,""validation_records"":95}]",0
deduplication__tfidf__none__linear_svm,deduplication,tfidf,,linear_svm,3,480,120,96,24,0,19.7463287999999,0.8755176999984542,0.14491480000287993,1.2076233333573327,classifier_pipeline_including_tfidf_transform,"{""model__C"":0.1}",0.0,"{""curve_points"":2450,""eligible"":true,""negative_threshold"":0.1,""positive_threshold"":0.96,""selected"":{""abstained"":0,""automated_false_negative_rate"":0.0,""automated_false_positive_rate"":0.0,""automation_duplicate_recall"":1.0,""automation_nonduplicate_recall"":1.0,""coverage"":1.0,""covered"":195,""covered_error_rate"":0.0,""false_negative_cost"":5.0,""false_positive_cost"":1.0,""fn"":0,""fp"":0,""negative_predictive_value"":1.0,""negative_threshold"":0.1,""negatives"":100,""positive_threshold"":0.96,""positives"":95,""precision"":1.0,""threshold"":0.96,""tn"":100,""tp"":95,""weighted_covered_error"":0.0}}","{""balance_score"":0.022275641025641058,""calibration_group_counts_by_label"":{""0"":20,""1"":19},""calibration_groups"":39,""calibration_label_counts"":{""0"":100,""1"":95},""calibration_records"":195,""fit_group_counts_by_label"":{""0"":30,""1"":27},""fit_groups"":57,""fit_label_counts"":{""0"":150,""1"":135},""fit_records"":285,""group_overlap"":0}","[{""fit_group_counts_by_label"":{""0"":12,""1"":7},""fit_groups"":19,""fit_records"":95,""fold"":0,""group_overlap"":0,""validation_group_counts_by_label"":{""0"":8,""1"":12},""validation_groups"":20,""validation_records"":100},{""fit_group_counts_by_label"":{""0"":8,""1"":12},""fit_groups"":20,""fit_records"":100,""fold"":1,""group_overlap"":0,""validation_group_counts_by_label"":{""0"":12,""1"":7},""validation_groups"":19,""validation_records"":95}]",0
deduplication__tfidf__none__linear_svm,deduplication,tfidf,,linear_svm,4,480,120,96,24,0,12.690303399998811,1.5755140999972355,0.6357391999990796,5.297826666658996,classifier_pipeline_including_tfidf_transform,"{""model__C"":0.1}",-0.2631578947368421,"{""curve_points"":2450,""eligible"":true,""negative_threshold"":0.05,""positive_threshold"":0.96,""selected"":{""abstained"":0,""automated_false_negative_rate"":0.0,""automated_false_positive_rate"":0.0,""automation_duplicate_recall"":1.0,""automation_nonduplicate_recall"":1.0,""coverage"":1.0,""covered"":195,""covered_error_rate"":0.0,""false_negative_cost"":5.0,""false_positive_cost"":1.0,""fn"":0,""fp"":0,""negative_predictive_value"":1.0,""negative_threshold"":0.05,""negatives"":100,""positive_threshold"":0.96,""positives"":95,""precision"":1.0,""threshold"":0.96,""tn"":100,""tp"":95,""weighted_covered_error"":0.0}}","{""balance_score"":0.011057692307692268,""calibration_group_counts_by_label"":{""0"":20,""1"":19},""calibration_groups"":39,""calibration_label_counts"":{""0"":100,""1"":95},""calibration_records"":195,""fit_group_counts_by_label"":{""0"":29,""1"":28},""fit_groups"":57,""fit_label_counts"":{""0"":145,""1"":140},""fit_records"":285,""group_overlap"":0}","[{""fit_group_counts_by_label"":{""0"":9,""1"":10},""fit_groups"":19,""fit_records"":95,""fold"":0,""group_overlap"":0,""validation_group_counts_by_label"":{""0"":11,""1"":9},""validation_groups"":20,""validation_records"":100},{""fit_group_counts_by_label"":{""0"":11,""1"":9},""fit_groups"":20,""fit_records"":100,""fold"":1,""group_overlap"":0,""validation_group_counts_by_label"":{""0"":9,""1"":10},""validation_groups"":19,""validation_records"":95}]",0
deduplication__tfidf__none__mlp,deduplication,tfidf,,mlp,0,480,120,96,24,0,91.11628760000167,1.80325879999873,0.29904030000034254,2.4920025000028545,classifier_pipeline_including_tfidf_transform,"{""model__alpha"":0.001,""model__hidden_layer_sizes"":[16]}",0.0,"{""curve_points"":2450,""eligible"":true,""negative_threshold"":0.03,""positive_threshold"":0.97,""selected"":{""abstained"":0,""automated_false_negative_rate"":0.0,""automated_false_positive_rate"":0.0,""automation_duplicate_recall"":1.0,""automation_nonduplicate_recall"":1.0,""coverage"":1.0,""covered"":195,""covered_error_rate"":0.0,""false_negative_cost"":5.0,""false_positive_cost"":1.0,""fn"":0,""fp"":0,""negative_predictive_value"":1.0,""negative_threshold"":0.03,""negatives"":95,""positive_threshold"":0.97,""positives"":100,""precision"":1.0,""threshold"":0.97,""tn"":95,""tp"":100,""weighted_covered_error"":0.0}}","{""balance_score"":0.011057692307692268,""calibration_group_counts_by_label"":{""0"":19,""1"":20},""calibration_groups"":39,""calibration_label_counts"":{""0"":95,""1"":100},""calibration_records"":195,""fit_group_counts_by_label"":{""0"":28,""1"":29},""fit_groups"":57,""fit_label_counts"":{""0"":140,""1"":145},""fit_records"":285,""group_overlap"":0}","[{""fit_group_counts_by_label"":{""0"":11,""1"":8},""fit_groups"":19,""fit_records"":95,""fold"":0,""group_overlap"":0,""validation_group_counts_by_label"":{""0"":8,""1"":12},""validation_groups"":20,""validation_records"":100},{""fit_group_counts_by_label"":{""0"":8,""1"":12},""fit_groups"":20,""fit_records"":100,""fold"":1,""group_overlap"":0,""validation_group_counts_by_label"":{""0"":11,""1"":8},""validation_groups"":19,""validation_records"":95}]",0
deduplication__tfidf__none__mlp,deduplication,tfidf,,mlp,1,480,120,96,24,0,172.43667629999982,0.9637174999952549,0.1729124999983469,1.4409374999862241,classifier_pipeline_including_tfidf_transform,"{""model__alpha"":0.001,""model__hidden_layer_sizes"":[16]}",0.0,"{""curve_points"":2450,""eligible"":true,""negative_threshold"":0.03,""positive_threshold"":0.97,""selected"":{""abstained"":0,""automated_false_negative_rate"":0.0,""automated_false_positive_rate"":0.0,""automation_duplicate_recall"":1.0,""automation_nonduplicate_recall"":1.0,""coverage"":1.0,""covered"":195,""covered_error_rate"":0.0,""false_negative_cost"":5.0,""false_positive_cost"":1.0,""fn"":0,""fp"":0,""negative_predictive_value"":1.0,""negative_threshold"":0.03,""negatives"":95,""positive_threshold"":0.97,""positives"":100,""precision"":1.0,""threshold"":0.97,""tn"":95,""tp"":100,""weighted_covered_error"":0.0}}","{""balance_score"":0.011057692307692268,""calibration_group_counts_by_label"":{""0"":19,""1"":20},""calibration_groups"":39,""calibration_label_counts"":{""0"":95,""1"":100},""calibration_records"":195,""fit_group_counts_by_label"":{""0"":28,""1"":29},""fit_groups"":57,""fit_label_counts"":{""0"":140,""1"":145},""fit_records"":285,""group_overlap"":0}","[{""fit_group_counts_by_label"":{""0"":11,""1"":8},""fit_groups"":19,""fit_records"":95,""fold"":0,""group_overlap"":0,""validation_group_counts_by_label"":{""0"":8,""1"":12},""validation_groups"":20,""validation_records"":100},{""fit_group_counts_by_label"":{""0"":8,""1"":12},""fit_groups"":20,""fit_records"":100,""fold"":1,""group_overlap"":0,""validation_group_counts_by_label"":{""0"":11,""1"":8},""validation_groups"":19,""validation_records"":95}]",0
deduplication__tfidf__none__mlp,deduplication,tfidf,,mlp,2,480,120,96,24,0,82.67646080000122,3.2911439999952563,0.39374059999681776,3.281171666640148,classifier_pipeline_including_tfidf_transform,"{""model__alpha"":0.001,""model__hidden_layer_sizes"":[16]}",0.0,"{""curve_points"":2450,""eligible"":true,""negative_threshold"":0.04,""positive_threshold"":0.97,""selected"":{""abstained"":0,""automated_false_negative_rate"":0.0,""automated_false_positive_rate"":0.0,""automation_duplicate_recall"":1.0,""automation_nonduplicate_recall"":1.0,""coverage"":1.0,""covered"":195,""covered_error_rate"":0.0,""false_negative_cost"":5.0,""false_positive_cost"":1.0,""fn"":0,""fp"":0,""negative_predictive_value"":1.0,""negative_threshold"":0.04,""negatives"":95,""positive_threshold"":0.97,""positives"":100,""precision"":1.0,""threshold"":0.97,""tn"":95,""tp"":100,""weighted_covered_error"":0.0}}","{""balance_score"":0.011057692307692268,""calibration_group_counts_by_label"":{""0"":19,""1"":20},""calibration_groups"":39,""calibration_label_counts"":{""0"":95,""1"":100},""calibration_records"":195,""fit_group_counts_by_label"":{""0"":28,""1"":29},""fit_groups"":57,""fit_label_counts"":{""0"":140,""1"":145},""fit_records"":285,""group_overlap"":0}","[{""fit_group_counts_by_label"":{""0"":8,""1"":11},""fit_groups"":19,""fit_records"":95,""fold"":0,""group_overlap"":0,""validation_group_counts_by_label"":{""0"":11,""1"":9},""validation_groups"":20,""validation_records"":100},{""fit_group_counts_by_label"":{""0"":11,""1"":9},""fit_groups"":20,""fit_records"":100,""fold"":1,""group_overlap"":0,""validation_group_counts_by_label"":{""0"":8,""1"":11},""validation_groups"":19,""validation_records"":95}]",0
deduplication__tfidf__none__mlp,deduplication,tfidf,,mlp,3,480,120,96,24,0,60.041912499997125,0.7437140000038198,0.14823769999929937,1.235314166660828,classifier_pipeline_including_tfidf_transform,"{""model__alpha"":0.001,""model__hidden_layer_sizes"":[16]}",0.0,"{""curve_points"":2450,""eligible"":true,""negative_threshold"":0.03,""positive_threshold"":0.97,""selected"":{""abstained"":0,""automated_false_negative_rate"":0.0,""automated_false_positive_rate"":0.0,""automation_duplicate_recall"":1.0,""automation_nonduplicate_recall"":1.0,""coverage"":1.0,""covered"":195,""covered_error_rate"":0.0,""false_negative_cost"":5.0,""false_positive_cost"":1.0,""fn"":0,""fp"":0,""negative_predictive_value"":1.0,""negative_threshold"":0.03,""negatives"":100,""positive_threshold"":0.97,""positives"":95,""precision"":1.0,""threshold"":0.97,""tn"":100,""tp"":95,""weighted_covered_error"":0.0}}","{""balance_score"":0.022275641025641058,""calibration_group_counts_by_label"":{""0"":20,""1"":19},""calibration_groups"":39,""calibration_label_counts"":{""0"":100,""1"":95},""calibration_records"":195,""fit_group_counts_by_label"":{""0"":30,""1"":27},""fit_groups"":57,""fit_label_counts"":{""0"":150,""1"":135},""fit_records"":285,""group_overlap"":0}","[{""fit_group_counts_by_label"":{""0"":12,""1"":7},""fit_groups"":19,""fit_records"":95,""fold"":0,""group_overlap"":0,""validation_group_counts_by_label"":{""0"":8,""1"":12},""validation_groups"":20,""validation_records"":100},{""fit_group_counts_by_label"":{""0"":8,""1"":12},""fit_groups"":20,""fit_records"":100,""fold"":1,""group_overlap"":0,""validation_group_counts_by_label"":{""0"":12,""1"":7},""validation_groups"":19,""validation_records"":95}]",0
deduplication__tfidf__none__mlp,deduplication,tfidf,,mlp,4,480,120,96,24,0,56.772042900003726,0.7220739000040339,0.14151110000238987,1.1792591666865821,classifier_pipeline_including_tfidf_transform,"{""model__alpha"":0.001,""model__hidden_layer_sizes"":[16]}",-0.2631578947368421,"{""curve_points"":2450,""eligible"":true,""negative_threshold"":0.03,""positive_threshold"":0.97,""selected"":{""abstained"":0,""automated_false_negative_rate"":0.0,""automated_false_positive_rate"":0.0,""automation_duplicate_recall"":1.0,""automation_nonduplicate_recall"":1.0,""coverage"":1.0,""covered"":195,""covered_error_rate"":0.0,""false_negative_cost"":5.0,""false_positive_cost"":1.0,""fn"":0,""fp"":0,""negative_predictive_value"":1.0,""negative_threshold"":0.03,""negatives"":100,""positive_threshold"":0.97,""positives"":95,""precision"":1.0,""threshold"":0.97,""tn"":100,""tp"":95,""weighted_covered_error"":0.0}}","{""balance_score"":0.011057692307692268,""calibration_group_counts_by_label"":{""0"":20,""1"":19},""calibration_groups"":39,""calibration_label_counts"":{""0"":100,""1"":95},""calibration_records"":195,""fit_group_counts_by_label"":{""0"":29,""1"":28},""fit_groups"":57,""fit_label_counts"":{""0"":145,""1"":140},""fit_records"":285,""group_overlap"":0}","[{""fit_group_counts_by_label"":{""0"":9,""1"":10},""fit_groups"":19,""fit_records"":95,""fold"":0,""group_overlap"":0,""validation_group_counts_by_label"":{""0"":11,""1"":9},""validation_groups"":20,""validation_records"":100},{""fit_group_counts_by_label"":{""0"":11,""1"":9},""fit_groups"":20,""fit_records"":100,""fold"":1,""group_overlap"":0,""validation_group_counts_by_label"":{""0"":9,""1"":10},""validation_groups"":19,""validation_records"":95}]",0
deduplication__tfidf__none__xgboost,deduplication,tfidf,,xgboost,0,480,120,96,24,0,34.42314400000032,1.3085756000000401,0.23491430000285618,1.957619166690468,classifier_pipeline_including_tfidf_transform,"{""model__learning_rate"":0.05,""model__max_depth"":2,""model__n_estimators"":160}",0.0,"{""curve_points"":2450,""eligible"":true,""negative_threshold"":0.03,""positive_threshold"":0.97,""selected"":{""abstained"":0,""automated_false_negative_rate"":0.0,""automated_false_positive_rate"":0.0,""automation_duplicate_recall"":1.0,""automation_nonduplicate_recall"":1.0,""coverage"":1.0,""covered"":195,""covered_error_rate"":0.0,""false_negative_cost"":5.0,""false_positive_cost"":1.0,""fn"":0,""fp"":0,""negative_predictive_value"":1.0,""negative_threshold"":0.03,""negatives"":95,""positive_threshold"":0.97,""positives"":100,""precision"":1.0,""threshold"":0.97,""tn"":95,""tp"":100,""weighted_covered_error"":0.0}}","{""balance_score"":0.011057692307692268,""calibration_group_counts_by_label"":{""0"":19,""1"":20},""calibration_groups"":39,""calibration_label_counts"":{""0"":95,""1"":100},""calibration_records"":195,""fit_group_counts_by_label"":{""0"":28,""1"":29},""fit_groups"":57,""fit_label_counts"":{""0"":140,""1"":145},""fit_records"":285,""group_overlap"":0}","[{""fit_group_counts_by_label"":{""0"":11,""1"":8},""fit_groups"":19,""fit_records"":95,""fold"":0,""group_overlap"":0,""validation_group_counts_by_label"":{""0"":8,""1"":12},""validation_groups"":20,""validation_records"":100},{""fit_group_counts_by_label"":{""0"":8,""1"":12},""fit_groups"":20,""fit_records"":100,""fold"":1,""group_overlap"":0,""validation_group_counts_by_label"":{""0"":11,""1"":8},""validation_groups"":19,""validation_records"":95}]",0
deduplication__tfidf__none__xgboost,deduplication,tfidf,,xgboost,1,480,120,96,24,0,35.816358799995214,0.8746424999990268,0.13198569999804022,1.0998808333170018,classifier_pipeline_including_tfidf_transform,"{""model__learning_rate"":0.05,""model__max_depth"":2,""model__n_estimators"":160}",0.0,"{""curve_points"":2450,""eligible"":true,""negative_threshold"":0.03,""positive_threshold"":0.98,""selected"":{""abstained"":65,""automated_false_negative_rate"":0.0,""automated_false_positive_rate"":0.0,""automation_duplicate_recall"":0.4,""automation_nonduplicate_recall"":0.9473684210526315,""coverage"":0.6666666666666666,""covered"":130,""covered_error_rate"":0.0,""false_negative_cost"":5.0,""false_positive_cost"":1.0,""fn"":0,""fp"":0,""negative_predictive_value"":1.0,""negative_threshold"":0.03,""negatives"":95,""positive_threshold"":0.98,""positives"":100,""precision"":1.0,""threshold"":0.98,""tn"":90,""tp"":40,""weighted_covered_error"":0.0}}","{""balance_score"":0.011057692307692268,""calibration_group_counts_by_label"":{""0"":19,""1"":20},""calibration_groups"":39,""calibration_label_counts"":{""0"":95,""1"":100},""calibration_records"":195,""fit_group_counts_by_label"":{""0"":28,""1"":29},""fit_groups"":57,""fit_label_counts"":{""0"":140,""1"":145},""fit_records"":285,""group_overlap"":0}","[{""fit_group_counts_by_label"":{""0"":11,""1"":8},""fit_groups"":19,""fit_records"":95,""fold"":0,""group_overlap"":0,""validation_group_counts_by_label"":{""0"":8,""1"":12},""validation_groups"":20,""validation_records"":100},{""fit_group_counts_by_label"":{""0"":8,""1"":12},""fit_groups"":20,""fit_records"":100,""fold"":1,""group_overlap"":0,""validation_group_counts_by_label"":{""0"":11,""1"":8},""validation_groups"":19,""validation_records"":95}]",0
deduplication__tfidf__none__xgboost,deduplication,tfidf,,xgboost,2,480,120,96,24,0,39.52193189999525,4.500892600000952,0.6011920000019018,5.009933333349181,classifier_pipeline_including_tfidf_transform,"{""model__learning_rate"":0.05,""model__max_depth"":2,""model__n_estimators"":160}",-0.17543859649122806,"{""curve_points"":2450,""eligible"":true,""negative_threshold"":0.03,""positive_threshold"":0.95,""selected"":{""abstained"":0,""automated_false_negative_rate"":0.0,""automated_false_positive_rate"":0.0,""automation_duplicate_recall"":1.0,""automation_nonduplicate_recall"":1.0,""coverage"":1.0,""covered"":195,""covered_error_rate"":0.0,""false_negative_cost"":5.0,""false_positive_cost"":1.0,""fn"":0,""fp"":0,""negative_predictive_value"":1.0,""negative_threshold"":0.03,""negatives"":95,""positive_threshold"":0.95,""positives"":100,""precision"":1.0,""threshold"":0.95,""tn"":95,""tp"":100,""weighted_covered_error"":0.0}}","{""balance_score"":0.011057692307692268,""calibration_group_counts_by_label"":{""0"":19,""1"":20},""calibration_groups"":39,""calibration_label_counts"":{""0"":95,""1"":100},""calibration_records"":195,""fit_group_counts_by_label"":{""0"":28,""1"":29},""fit_groups"":57,""fit_label_counts"":{""0"":140,""1"":145},""fit_records"":285,""group_overlap"":0}","[{""fit_group_counts_by_label"":{""0"":8,""1"":11},""fit_groups"":19,""fit_records"":95,""fold"":0,""group_overlap"":0,""validation_group_counts_by_label"":{""0"":11,""1"":9},""validation_groups"":20,""validation_records"":100},{""fit_group_counts_by_label"":{""0"":11,""1"":9},""fit_groups"":20,""fit_records"":100,""fold"":1,""group_overlap"":0,""validation_group_counts_by_label"":{""0"":8,""1"":11},""validation_groups"":19,""validation_records"":95}]",0
deduplication__tfidf__none__xgboost,deduplication,tfidf,,xgboost,3,480,120,96,24,0,39.55430360000173,1.0578583000024082,0.19540450000204146,1.6283708333503455,classifier_pipeline_including_tfidf_transform,"{""model__learning_rate"":0.05,""model__max_depth"":2,""model__n_estimators"":160}",-0.017543859649122806,"{""curve_points"":2450,""eligible"":true,""negative_threshold"":0.03,""positive_threshold"":0.96,""selected"":{""abstained"":0,""automated_false_negative_rate"":0.0,""automated_false_positive_rate"":0.0,""automation_duplicate_recall"":1.0,""automation_nonduplicate_recall"":1.0,""coverage"":1.0,""covered"":195,""covered_error_rate"":0.0,""false_negative_cost"":5.0,""false_positive_cost"":1.0,""fn"":0,""fp"":0,""negative_predictive_value"":1.0,""negative_threshold"":0.03,""negatives"":100,""positive_threshold"":0.96,""positives"":95,""precision"":1.0,""threshold"":0.96,""tn"":100,""tp"":95,""weighted_covered_error"":0.0}}","{""balance_score"":0.022275641025641058,""calibration_group_counts_by_label"":{""0"":20,""1"":19},""calibration_groups"":39,""calibration_label_counts"":{""0"":100,""1"":95},""calibration_records"":195,""fit_group_counts_by_label"":{""0"":30,""1"":27},""fit_groups"":57,""fit_label_counts"":{""0"":150,""1"":135},""fit_records"":285,""group_overlap"":0}","[{""fit_group_counts_by_label"":{""0"":12,""1"":7},""fit_groups"":19,""fit_records"":95,""fold"":0,""group_overlap"":0,""validation_group_counts_by_label"":{""0"":8,""1"":12},""validation_groups"":20,""validation_records"":100},{""fit_group_counts_by_label"":{""0"":8,""1"":12},""fit_groups"":20,""fit_records"":100,""fold"":1,""group_overlap"":0,""validation_group_counts_by_label"":{""0"":12,""1"":7},""validation_groups"":19,""validation_records"":95}]",0
deduplication__tfidf__none__xgboost,deduplication,tfidf,,xgboost,4,480,120,96,24,0,29.773128800006816,1.0861211000010371,0.14423060000990517,1.2019216667492099,classifier_pipeline_including_tfidf_transform,"{""model__learning_rate"":0.05,""model__max_depth"":2,""model__n_estimators"":160}",-0.05263157894736842,"{""curve_points"":2450,""eligible"":true,""negative_threshold"":0.03,""positive_threshold"":0.97,""selected"":{""abstained"":0,""automated_false_negative_rate"":0.0,""automated_false_positive_rate"":0.0,""automation_duplicate_recall"":1.0,""automation_nonduplicate_recall"":1.0,""coverage"":1.0,""covered"":195,""covered_error_rate"":0.0,""false_negative_cost"":5.0,""false_positive_cost"":1.0,""fn"":0,""fp"":0,""negative_predictive_value"":1.0,""negative_threshold"":0.03,""negatives"":100,""positive_threshold"":0.97,""positives"":95,""precision"":1.0,""threshold"":0.97,""tn"":100,""tp"":95,""weighted_covered_error"":0.0}}","{""balance_score"":0.011057692307692268,""calibration_group_counts_by_label"":{""0"":20,""1"":19},""calibration_groups"":39,""calibration_label_counts"":{""0"":100,""1"":95},""calibration_records"":195,""fit_group_counts_by_label"":{""0"":29,""1"":28},""fit_groups"":57,""fit_label_counts"":{""0"":145,""1"":140},""fit_records"":285,""group_overlap"":0}","[{""fit_group_counts_by_label"":{""0"":9,""1"":10},""fit_groups"":19,""fit_records"":95,""fold"":0,""group_overlap"":0,""validation_group_counts_by_label"":{""0"":11,""1"":9},""validation_groups"":20,""validation_records"":100},{""fit_group_counts_by_label"":{""0"":11,""1"":9},""fit_groups"":20,""fit_records"":100,""fold"":1,""group_overlap"":0,""validation_group_counts_by_label"":{""0"":9,""1"":10},""validation_groups"":19,""validation_records"":95}]",0
classification__embedding__granite97m__logistic_regression,classification,embedding,granite97m,logistic_regression,0,406,102,84,21,0,0.5948509000008926,0.1274606000079075,0.004307099996367469,0.04222647055262225,classifier_pipeline_with_precomputed_embedding,"{""model__C"":10.0}",0.6430464186268334,"{""automatic_maintenance_as_obra"":0,""automatic_non_obra_as_obra"":0,""coverage"":0.503030303030303,""covered"":83,""eligible"":true,""errors"":7,""obra_threshold"":0.9,""risk"":0.08433734939759036,""threshold"":0.7}","{""balance_score"":0.013121361397223433,""calibration_group_counts_by_label"":{""0"":9,""1"":11,""2"":10,""3"":4},""calibration_groups"":34,""calibration_label_counts"":{""0"":41,""1"":55,""2"":50,""3"":19},""calibration_records"":165,""fit_group_counts_by_label"":{""0"":12,""1"":16,""2"":15,""3"":7},""fit_groups"":50,""fit_label_counts"":{""0"":60,""1"":79,""2"":73,""3"":29},""fit_records"":241,""group_overlap"":0}","[{""fit_group_counts_by_label"":{""0"":5,""1"":5,""2"":5,""3"":2},""fit_groups"":17,""fit_records"":80,""fold"":0,""group_overlap"":0,""validation_group_counts_by_label"":{""0"":4,""1"":6,""2"":5,""3"":2},""validation_groups"":17,""validation_records"":85},{""fit_group_counts_by_label"":{""0"":4,""1"":6,""2"":5,""3"":2},""fit_groups"":17,""fit_records"":85,""fold"":1,""group_overlap"":0,""validation_group_counts_by_label"":{""0"":5,""1"":5,""2"":5,""3"":2},""validation_groups"":17,""validation_records"":80}]",0
classification__embedding__granite97m__logistic_regression,classification,embedding,granite97m,logistic_regression,1,415,93,84,21,0,0.48071239999262616,0.06929440000385512,0.0038364999927580357,0.04125268809417243,classifier_pipeline_with_precomputed_embedding,"{""model__C"":10.0}",0.5482944102616367,"{""eligible"":false,""obra_threshold"":0.9,""threshold"":null}","{""balance_score"":0.030156991602774727,""calibration_group_counts_by_label"":{""0"":10,""1"":10,""2"":10,""3"":4},""calibration_groups"":34,""calibration_label_counts"":{""0"":47,""1"":49,""2"":50,""3"":19},""calibration_records"":165,""fit_group_counts_by_label"":{""0"":14,""1"":16,""2"":15,""3"":5},""fit_groups"":50,""fit_label_counts"":{""0"":70,""1"":80,""2"":75,""3"":25},""fit_records"":250,""group_overlap"":0}","[{""fit_group_counts_by_label"":{""0"":3,""1"":5,""2"":7,""3"":2},""fit_groups"":17,""fit_records"":84,""fold"":0,""group_overlap"":0,""validation_group_counts_by_label"":{""0"":7,""1"":5,""2"":3,""3"":2},""validation_groups"":17,""validation_records"":81},{""fit_group_counts_by_label"":{""0"":7,""1"":5,""2"":3,""3"":2},""fit_groups"":17,""fit_records"":81,""fold"":1,""group_overlap"":0,""validation_group_counts_by_label"":{""0"":3,""1"":5,""2"":7,""3"":2},""validation_groups"":17,""validation_records"":84}]",0
classification__embedding__granite97m__logistic_regression,classification,embedding,granite97m,logistic_regression,2,405,103,84,21,0,0.47743939999782015,0.14623369999753777,0.003727999996044673,0.03619417471888032,classifier_pipeline_with_precomputed_embedding,"{""model__C"":0.1}",0.6138609793433948,"{""eligible"":false,""obra_threshold"":0.9,""threshold"":null}","{""balance_score"":0.02760141093474426,""calibration_group_counts_by_label"":{""0"":8,""1"":11,""2"":11,""3"":4},""calibration_groups"":34,""calibration_label_counts"":{""0"":40,""1"":55,""2"":55,""3"":18},""calibration_records"":168,""fit_group_counts_by_label"":{""0"":13,""1"":15,""2"":16,""3"":6},""fit_groups"":50,""fit_label_counts"":{""0"":58,""1"":75,""2"":78,""3"":26},""fit_records"":237,""group_overlap"":0}","[{""fit_group_counts_by_label"":{""0"":4,""1"":4,""2"":7,""3"":2},""fit_groups"":17,""fit_records"":85,""fold"":0,""group_overlap"":0,""validation_group_counts_by_label"":{""0"":4,""1"":7,""2"":4,""3"":2},""validation_groups"":17,""validation_records"":83},{""fit_group_counts_by_label"":{""0"":4,""1"":7,""2"":4,""3"":2},""fit_groups"":17,""fit_records"":83,""fold"":1,""group_overlap"":0,""validation_group_counts_by_label"":{""0"":4,""1"":4,""2"":7,""3"":2},""validation_groups"":17,""validation_records"":85}]",0
classification__embedding__granite97m__logistic_regression,classification,embedding,granite97m,logistic_regression,3,403,105,84,21,0,0.6824282000015955,0.11899740000080783,0.0060468000010587275,0.05758857143865455,classifier_pipeline_with_precomputed_embedding,"{""model__C"":10.0}",0.6240868096156886,"{""eligible"":false,""obra_threshold"":0.9,""threshold"":null}","{""balance_score"":0.02989308580706429,""calibration_group_counts_by_label"":{""0"":10,""1"":9,""2"":10,""3"":5},""calibration_groups"":34,""calibration_label_counts"":{""0"":47,""1"":44,""2"":48,""3"":23},""calibration_records"":162,""fit_group_counts_by_label"":{""0"":15,""1"":14,""2"":14,""3"":7},""fit_groups"":50,""fit_label_counts"":{""0"":71,""1"":70,""2"":70,""3"":30},""fit_records"":241,""group_overlap"":0}","[{""fit_group_counts_by_label"":{""0"":4,""1"":4,""2"":6,""3"":3},""fit_groups"":17,""fit_records"":83,""fold"":0,""group_overlap"":0,""validation_group_counts_by_label"":{""0"":6,""1"":5,""2"":4,""3"":2},""validation_groups"":17,""validation_records"":79},{""fit_group_counts_by_label"":{""0"":6,""1"":5,""2"":4,""3"":2},""fit_groups"":17,""fit_records"":79,""fold"":1,""group_overlap"":0,""validation_group_counts_by_label"":{""0"":4,""1"":4,""2"":6,""3"":3},""validation_groups"":17,""validation_records"":83}]",0
classification__embedding__granite97m__logistic_regression,classification,embedding,granite97m,logistic_regression,4,403,105,84,21,0,0.9949531000020215,0.16891750000650063,0.004329400006099604,0.04123238101047242,classifier_pipeline_with_precomputed_embedding,"{""model__C"":10.0}",0.6511622653982624,"{""automatic_maintenance_as_obra"":0,""automatic_non_obra_as_obra"":0,""coverage"":0.5029940119760479,""covered"":84,""eligible"":true,""errors"":7,""obra_threshold"":0.9,""risk"":0.08333333333333333,""threshold"":0.67}","{""balance_score"":0.023069493766808807,""calibration_group_counts_by_label"":{""0"":8,""1"":11,""2"":11,""3"":4},""calibration_groups"":34,""calibration_label_counts"":{""0"":40,""1"":54,""2"":55,""3"":18},""calibration_records"":167,""fit_group_counts_by_label"":{""0"":13,""1"":15,""2"":16,""3"":6},""fit_groups"":50,""fit_label_counts"":{""0"":58,""1"":75,""2"":78,""3"":25},""fit_records"":236,""group_overlap"":0}","[{""fit_group_counts_by_label"":{""0"":4,""1"":6,""2"":5,""3"":2},""fit_groups"":17,""fit_records"":84,""fold"":0,""group_overlap"":0,""validation_group_counts_by_label"":{""0"":4,""1"":5,""2"":6,""3"":2},""validation_groups"":17,""validation_records"":83},{""fit_group_counts_by_label"":{""0"":4,""1"":5,""2"":6,""3"":2},""fit_groups"":17,""fit_records"":83,""fold"":1,""group_overlap"":0,""validation_group_counts_by_label"":{""0"":4,""1"":6,""2"":5,""3"":2},""validation_groups"":17,""validation_records"":84}]",0
classification__embedding__granite97m__decision_tree,classification,embedding,granite97m,decision_tree,0,406,102,84,21,0,1.0932381999882637,0.1059979999990901,0.0037677999935112894,0.0369392156226597,classifier_pipeline_with_precomputed_embedding,"{""model__max_depth"":6,""model__min_samples_leaf"":5}",0.4413074546359896,"{""eligible"":false,""obra_threshold"":0.9,""threshold"":null}","{""balance_score"":0.013121361397223433,""calibration_group_counts_by_label"":{""0"":9,""1"":11,""2"":10,""3"":4},""calibration_groups"":34,""calibration_label_counts"":{""0"":41,""1"":55,""2"":50,""3"":19},""calibration_records"":165,""fit_group_counts_by_label"":{""0"":12,""1"":16,""2"":15,""3"":7},""fit_groups"":50,""fit_label_counts"":{""0"":60,""1"":79,""2"":73,""3"":29},""fit_records"":241,""group_overlap"":0}","[{""fit_group_counts_by_label"":{""0"":5,""1"":5,""2"":5,""3"":2},""fit_groups"":17,""fit_records"":80,""fold"":0,""group_overlap"":0,""validation_group_counts_by_label"":{""0"":4,""1"":6,""2"":5,""3"":2},""validation_groups"":17,""validation_records"":85},{""fit_group_counts_by_label"":{""0"":4,""1"":6,""2"":5,""3"":2},""fit_groups"":17,""fit_records"":85,""fold"":1,""group_overlap"":0,""validation_group_counts_by_label"":{""0"":5,""1"":5,""2"":5,""3"":2},""validation_groups"":17,""validation_records"":80}]",0
classification__embedding__granite97m__decision_tree,classification,embedding,granite97m,decision_tree,1,415,93,84,21,0,0.9786304000008386,0.0778479000000516,0.0033122000022558495,0.035615053787697304,classifier_pipeline_with_precomputed_embedding,"{""model__max_depth"":6,""model__min_samples_leaf"":5}",0.44195233152779334,"{""eligible"":false,""obra_threshold"":0.9,""threshold"":null}","{""balance_score"":0.030156991602774727,""calibration_group_counts_by_label"":{""0"":10,""1"":10,""2"":10,""3"":4},""calibration_groups"":34,""calibration_label_counts"":{""0"":47,""1"":49,""2"":50,""3"":19},""calibration_records"":165,""fit_group_counts_by_label"":{""0"":14,""1"":16,""2"":15,""3"":5},""fit_groups"":50,""fit_label_counts"":{""0"":70,""1"":80,""2"":75,""3"":25},""fit_records"":250,""group_overlap"":0}","[{""fit_group_counts_by_label"":{""0"":3,""1"":5,""2"":7,""3"":2},""fit_groups"":17,""fit_records"":84,""fold"":0,""group_overlap"":0,""validation_group_counts_by_label"":{""0"":7,""1"":5,""2"":3,""3"":2},""validation_groups"":17,""validation_records"":81},{""fit_group_counts_by_label"":{""0"":7,""1"":5,""2"":3,""3"":2},""fit_groups"":17,""fit_records"":81,""fold"":1,""group_overlap"":0,""validation_group_counts_by_label"":{""0"":3,""1"":5,""2"":7,""3"":2},""validation_groups"":17,""validation_records"":84}]",0
classification__embedding__granite97m__decision_tree,classification,embedding,granite97m,decision_tree,2,405,103,84,21,0,1.4495350000070175,0.5615101000003051,0.00968069999362342,0.09398737857886816,classifier_pipeline_with_precomputed_embedding,"{""model__max_depth"":3,""model__min_samples_leaf"":2}",0.3725527596354941,"{""eligible"":false,""obra_threshold"":0.9,""threshold"":null}","{""balance_score"":0.02760141093474426,""calibration_group_counts_by_label"":{""0"":8,""1"":11,""2"":11,""3"":4},""calibration_groups"":34,""calibration_label_counts"":{""0"":40,""1"":55,""2"":55,""3"":18},""calibration_records"":168,""fit_group_counts_by_label"":{""0"":13,""1"":15,""2"":16,""3"":6},""fit_groups"":50,""fit_label_counts"":{""0"":58,""1"":75,""2"":78,""3"":26},""fit_records"":237,""group_overlap"":0}","[{""fit_group_counts_by_label"":{""0"":4,""1"":4,""2"":7,""3"":2},""fit_groups"":17,""fit_records"":85,""fold"":0,""group_overlap"":0,""validation_group_counts_by_label"":{""0"":4,""1"":7,""2"":4,""3"":2},""validation_groups"":17,""validation_records"":83},{""fit_group_counts_by_label"":{""0"":4,""1"":7,""2"":4,""3"":2},""fit_groups"":17,""fit_records"":83,""fold"":1,""group_overlap"":0,""validation_group_counts_by_label"":{""0"":4,""1"":4,""2"":7,""3"":2},""validation_groups"":17,""validation_records"":85}]",0
classification__embedding__granite97m__decision_tree,classification,embedding,granite97m,decision_tree,3,403,105,84,21,0,1.6609008999948855,0.0817687999951886,0.003709500000695698,0.035328571435197124,classifier_pipeline_with_precomputed_embedding,"{""model__max_depth"":6,""model__min_samples_leaf"":2}",0.310169998662375,"{""eligible"":false,""obra_threshold"":0.9,""threshold"":null}","{""balance_score"":0.02989308580706429,""calibration_group_counts_by_label"":{""0"":10,""1"":9,""2"":10,""3"":5},""calibration_groups"":34,""calibration_label_counts"":{""0"":47,""1"":44,""2"":48,""3"":23},""calibration_records"":162,""fit_group_counts_by_label"":{""0"":15,""1"":14,""2"":14,""3"":7},""fit_groups"":50,""fit_label_counts"":{""0"":71,""1"":70,""2"":70,""3"":30},""fit_records"":241,""group_overlap"":0}","[{""fit_group_counts_by_label"":{""0"":4,""1"":4,""2"":6,""3"":3},""fit_groups"":17,""fit_records"":83,""fold"":0,""group_overlap"":0,""validation_group_counts_by_label"":{""0"":6,""1"":5,""2"":4,""3"":2},""validation_groups"":17,""validation_records"":79},{""fit_group_counts_by_label"":{""0"":6,""1"":5,""2"":4,""3"":2},""fit_groups"":17,""fit_records"":79,""fold"":1,""group_overlap"":0,""validation_group_counts_by_label"":{""0"":4,""1"":4,""2"":6,""3"":3},""validation_groups"":17,""validation_records"":83}]",0
classification__embedding__granite97m__decision_tree,classification,embedding,granite97m,decision_tree,4,403,105,84,21,0,0.7708322999969823,0.07232630001090001,0.0034899999882327393,0.03323809512602609,classifier_pipeline_with_precomputed_embedding,"{""model__max_depth"":3,""model__min_samples_leaf"":2}",0.47339177793983284,"{""eligible"":false,""obra_threshold"":0.9,""threshold"":null}","{""balance_score"":0.023069493766808807,""calibration_group_counts_by_label"":{""0"":8,""1"":11,""2"":11,""3"":4},""calibration_groups"":34,""calibration_label_counts"":{""0"":40,""1"":54,""2"":55,""3"":18},""calibration_records"":167,""fit_group_counts_by_label"":{""0"":13,""1"":15,""2"":16,""3"":6},""fit_groups"":50,""fit_label_counts"":{""0"":58,""1"":75,""2"":78,""3"":25},""fit_records"":236,""group_overlap"":0}","[{""fit_group_counts_by_label"":{""0"":4,""1"":6,""2"":5,""3"":2},""fit_groups"":17,""fit_records"":84,""fold"":0,""group_overlap"":0,""validation_group_counts_by_label"":{""0"":4,""1"":5,""2"":6,""3"":2},""validation_groups"":17,""validation_records"":83},{""fit_group_counts_by_label"":{""0"":4,""1"":5,""2"":6,""3"":2},""fit_groups"":17,""fit_records"":83,""fold"":1,""group_overlap"":0,""validation_group_counts_by_label"":{""0"":4,""1"":6,""2"":5,""3"":2},""validation_groups"":17,""validation_records"":84}]",0
classification__embedding__granite97m__linear_svm,classification,embedding,granite97m,linear_svm,0,406,102,84,21,0,2.663328399998136,0.274706199998036,0.004868300005909987,0.04772843143049007,classifier_pipeline_with_precomputed_embedding,"{""model__C"":10.0}",0.6811980298015997,"{""automatic_maintenance_as_obra"":0,""automatic_non_obra_as_obra"":0,""coverage"":0.503030303030303,""covered"":83,""eligible"":true,""errors"":6,""obra_threshold"":0.9,""risk"":0.07228915662650602,""threshold"":0.74}","{""balance_score"":0.013121361397223433,""calibration_group_counts_by_label"":{""0"":9,""1"":11,""2"":10,""3"":4},""calibration_groups"":34,""calibration_label_counts"":{""0"":41,""1"":55,""2"":50,""3"":19},""calibration_records"":165,""fit_group_counts_by_label"":{""0"":12,""1"":16,""2"":15,""3"":7},""fit_groups"":50,""fit_label_counts"":{""0"":60,""1"":79,""2"":73,""3"":29},""fit_records"":241,""group_overlap"":0}","[{""fit_group_counts_by_label"":{""0"":5,""1"":5,""2"":5,""3"":2},""fit_groups"":17,""fit_records"":80,""fold"":0,""group_overlap"":0,""validation_group_counts_by_label"":{""0"":4,""1"":6,""2"":5,""3"":2},""validation_groups"":17,""validation_records"":85},{""fit_group_counts_by_label"":{""0"":4,""1"":6,""2"":5,""3"":2},""fit_groups"":17,""fit_records"":85,""fold"":1,""group_overlap"":0,""validation_group_counts_by_label"":{""0"":5,""1"":5,""2"":5,""3"":2},""validation_groups"":17,""validation_records"":80}]",0
classification__embedding__granite97m__linear_svm,classification,embedding,granite97m,linear_svm,1,415,93,84,21,0,0.9420487000024877,0.08133109999471344,0.00387070000579115,0.041620430169797315,classifier_pipeline_with_precomputed_embedding,"{""model__C"":10.0}",0.631340791540503,"{""eligible"":false,""obra_threshold"":0.9,""threshold"":null}","{""balance_score"":0.030156991602774727,""calibration_group_counts_by_label"":{""0"":10,""1"":10,""2"":10,""3"":4},""calibration_groups"":34,""calibration_label_counts"":{""0"":47,""1"":49,""2"":50,""3"":19},""calibration_records"":165,""fit_group_counts_by_label"":{""0"":14,""1"":16,""2"":15,""3"":5},""fit_groups"":50,""fit_label_counts"":{""0"":70,""1"":80,""2"":75,""3"":25},""fit_records"":250,""group_overlap"":0}","[{""fit_group_counts_by_label"":{""0"":3,""1"":5,""2"":7,""3"":2},""fit_groups"":17,""fit_records"":84,""fold"":0,""group_overlap"":0,""validation_group_counts_by_label"":{""0"":7,""1"":5,""2"":3,""3"":2},""validation_groups"":17,""validation_records"":81},{""fit_group_counts_by_label"":{""0"":7,""1"":5,""2"":3,""3"":2},""fit_groups"":17,""fit_records"":81,""fold"":1,""group_overlap"":0,""validation_group_counts_by_label"":{""0"":3,""1"":5,""2"":7,""3"":2},""validation_groups"":17,""validation_records"":84}]",0
classification__embedding__granite97m__linear_svm,classification,embedding,granite97m,linear_svm,2,405,103,84,21,0,0.66756030000397,0.18794730000081472,0.0047550999879604205,0.04616601930058661,classifier_pipeline_with_precomputed_embedding,"{""model__C"":0.1}",0.604610071657976,"{""eligible"":false,""obra_threshold"":0.9,""threshold"":null}","{""balance_score"":0.02760141093474426,""calibration_group_counts_by_label"":{""0"":8,""1"":11,""2"":11,""3"":4},""calibration_groups"":34,""calibration_label_counts"":{""0"":40,""1"":55,""2"":55,""3"":18},""calibration_records"":168,""fit_group_counts_by_label"":{""0"":13,""1"":15,""2"":16,""3"":6},""fit_groups"":50,""fit_label_counts"":{""0"":58,""1"":75,""2"":78,""3"":26},""fit_records"":237,""group_overlap"":0}","[{""fit_group_counts_by_label"":{""0"":4,""1"":4,""2"":7,""3"":2},""fit_groups"":17,""fit_records"":85,""fold"":0,""group_overlap"":0,""validation_group_counts_by_label"":{""0"":4,""1"":7,""2"":4,""3"":2},""validation_groups"":17,""validation_records"":83},{""fit_group_counts_by_label"":{""0"":4,""1"":7,""2"":4,""3"":2},""fit_groups"":17,""fit_records"":83,""fold"":1,""group_overlap"":0,""validation_group_counts_by_label"":{""0"":4,""1"":4,""2"":7,""3"":2},""validation_groups"":17,""validation_records"":85}]",0
classification__embedding__granite97m__linear_svm,classification,embedding,granite97m,linear_svm,3,403,105,84,21,0,0.8405345000064699,0.07136230000469368,0.0042760000069392845,0.04072380958989795,classifier_pipeline_with_precomputed_embedding,"{""model__C"":10.0}",0.6320872314141127,"{""eligible"":false,""obra_threshold"":0.9,""threshold"":null}","{""balance_score"":0.02989308580706429,""calibration_group_counts_by_label"":{""0"":10,""1"":9,""2"":10,""3"":5},""calibration_groups"":34,""calibration_label_counts"":{""0"":47,""1"":44,""2"":48,""3"":23},""calibration_records"":162,""fit_group_counts_by_label"":{""0"":15,""1"":14,""2"":14,""3"":7},""fit_groups"":50,""fit_label_counts"":{""0"":71,""1"":70,""2"":70,""3"":30},""fit_records"":241,""group_overlap"":0}","[{""fit_group_counts_by_label"":{""0"":4,""1"":4,""2"":6,""3"":3},""fit_groups"":17,""fit_records"":83,""fold"":0,""group_overlap"":0,""validation_group_counts_by_label"":{""0"":6,""1"":5,""2"":4,""3"":2},""validation_groups"":17,""validation_records"":79},{""fit_group_counts_by_label"":{""0"":6,""1"":5,""2"":4,""3"":2},""fit_groups"":17,""fit_records"":79,""fold"":1,""group_overlap"":0,""validation_group_counts_by_label"":{""0"":4,""1"":4,""2"":6,""3"":3},""validation_groups"":17,""validation_records"":83}]",0
classification__embedding__granite97m__linear_svm,classification,embedding,granite97m,linear_svm,4,403,105,84,21,0,1.1274624999932712,0.08609160000924021,0.004018199993879534,0.03826857137028128,classifier_pipeline_with_precomputed_embedding,"{""model__C"":10.0}",0.6988037570872635,"{""eligible"":false,""obra_threshold"":0.9,""threshold"":null}","{""balance_score"":0.023069493766808807,""calibration_group_counts_by_label"":{""0"":8,""1"":11,""2"":11,""3"":4},""calibration_groups"":34,""calibration_label_counts"":{""0"":40,""1"":54,""2"":55,""3"":18},""calibration_records"":167,""fit_group_counts_by_label"":{""0"":13,""1"":15,""2"":16,""3"":6},""fit_groups"":50,""fit_label_counts"":{""0"":58,""1"":75,""2"":78,""3"":25},""fit_records"":236,""group_overlap"":0}","[{""fit_group_counts_by_label"":{""0"":4,""1"":6,""2"":5,""3"":2},""fit_groups"":17,""fit_records"":84,""fold"":0,""group_overlap"":0,""validation_group_counts_by_label"":{""0"":4,""1"":5,""2"":6,""3"":2},""validation_groups"":17,""validation_records"":83},{""fit_group_counts_by_label"":{""0"":4,""1"":5,""2"":6,""3"":2},""fit_groups"":17,""fit_records"":83,""fold"":1,""group_overlap"":0,""validation_group_counts_by_label"":{""0"":4,""1"":6,""2"":5,""3"":2},""validation_groups"":17,""validation_records"":84}]",0
classification__embedding__granite97m__mlp,classification,embedding,granite97m,mlp,0,406,102,84,21,0,31.180805500000133,0.25724629999604076,0.0214721000083955,0.21051078439603432,classifier_pipeline_with_precomputed_embedding,"{""model__alpha"":0.001,""model__hidden_layer_sizes"":[32]}",0.6528620808516679,"{""automatic_maintenance_as_obra"":0,""automatic_non_obra_as_obra"":0,""coverage"":0.6363636363636364,""covered"":105,""eligible"":true,""errors"":8,""obra_threshold"":0.9,""risk"":0.0761904761904762,""threshold"":0.76}","{""balance_score"":0.013121361397223433,""calibration_group_counts_by_label"":{""0"":9,""1"":11,""2"":10,""3"":4},""calibration_groups"":34,""calibration_label_counts"":{""0"":41,""1"":55,""2"":50,""3"":19},""calibration_records"":165,""fit_group_counts_by_label"":{""0"":12,""1"":16,""2"":15,""3"":7},""fit_groups"":50,""fit_label_counts"":{""0"":60,""1"":79,""2"":73,""3"":29},""fit_records"":241,""group_overlap"":0}","[{""fit_group_counts_by_label"":{""0"":5,""1"":5,""2"":5,""3"":2},""fit_groups"":17,""fit_records"":80,""fold"":0,""group_overlap"":0,""validation_group_counts_by_label"":{""0"":4,""1"":6,""2"":5,""3"":2},""validation_groups"":17,""validation_records"":85},{""fit_group_counts_by_label"":{""0"":4,""1"":6,""2"":5,""3"":2},""fit_groups"":17,""fit_records"":85,""fold"":1,""group_overlap"":0,""validation_group_counts_by_label"":{""0"":5,""1"":5,""2"":5,""3"":2},""validation_groups"":17,""validation_records"":80}]",0
classification__embedding__granite97m__mlp,classification,embedding,granite97m,mlp,1,415,93,84,21,0,35.79627409999375,0.16500079999968875,0.01711549999890849,0.1840376343968655,classifier_pipeline_with_precomputed_embedding,"{""model__alpha"":0.001,""model__hidden_layer_sizes"":[32]}",0.5406371689264531,"{""eligible"":false,""obra_threshold"":0.9,""threshold"":null}","{""balance_score"":0.030156991602774727,""calibration_group_counts_by_label"":{""0"":10,""1"":10,""2"":10,""3"":4},""calibration_groups"":34,""calibration_label_counts"":{""0"":47,""1"":49,""2"":50,""3"":19},""calibration_records"":165,""fit_group_counts_by_label"":{""0"":14,""1"":16,""2"":15,""3"":5},""fit_groups"":50,""fit_label_counts"":{""0"":70,""1"":80,""2"":75,""3"":25},""fit_records"":250,""group_overlap"":0}","[{""fit_group_counts_by_label"":{""0"":3,""1"":5,""2"":7,""3"":2},""fit_groups"":17,""fit_records"":84,""fold"":0,""group_overlap"":0,""validation_group_counts_by_label"":{""0"":7,""1"":5,""2"":3,""3"":2},""validation_groups"":17,""validation_records"":81},{""fit_group_counts_by_label"":{""0"":7,""1"":5,""2"":3,""3"":2},""fit_groups"":17,""fit_records"":81,""fold"":1,""group_overlap"":0,""validation_group_counts_by_label"":{""0"":3,""1"":5,""2"":7,""3"":2},""validation_groups"":17,""validation_records"":84}]",0
classification__embedding__granite97m__mlp,classification,embedding,granite97m,mlp,2,405,103,84,21,0,24.222192099987296,0.17832590000762139,0.019749200000660494,0.19173980583165529,classifier_pipeline_with_precomputed_embedding,"{""model__alpha"":0.001,""model__hidden_layer_sizes"":[16]}",0.5267790108815895,"{""eligible"":false,""obra_threshold"":0.9,""threshold"":null}","{""balance_score"":0.02760141093474426,""calibration_group_counts_by_label"":{""0"":8,""1"":11,""2"":11,""3"":4},""calibration_groups"":34,""calibration_label_counts"":{""0"":40,""1"":55,""2"":55,""3"":18},""calibration_records"":168,""fit_group_counts_by_label"":{""0"":13,""1"":15,""2"":16,""3"":6},""fit_groups"":50,""fit_label_counts"":{""0"":58,""1"":75,""2"":78,""3"":26},""fit_records"":237,""group_overlap"":0}","[{""fit_group_counts_by_label"":{""0"":4,""1"":4,""2"":7,""3"":2},""fit_groups"":17,""fit_records"":85,""fold"":0,""group_overlap"":0,""validation_group_counts_by_label"":{""0"":4,""1"":7,""2"":4,""3"":2},""validation_groups"":17,""validation_records"":83},{""fit_group_counts_by_label"":{""0"":4,""1"":7,""2"":4,""3"":2},""fit_groups"":17,""fit_records"":83,""fold"":1,""group_overlap"":0,""validation_group_counts_by_label"":{""0"":4,""1"":4,""2"":7,""3"":2},""validation_groups"":17,""validation_records"":85}]",0
classification__embedding__granite97m__mlp,classification,embedding,granite97m,mlp,3,403,105,84,21,0,24.243261299998267,0.12739280000096187,0.011636999988695607,0.11082857132091053,classifier_pipeline_with_precomputed_embedding,"{""model__alpha"":0.001,""model__hidden_layer_sizes"":[16]}",0.6383091670892777,"{""eligible"":false,""obra_threshold"":0.9,""threshold"":null}","{""balance_score"":0.02989308580706429,""calibration_group_counts_by_label"":{""0"":10,""1"":9,""2"":10,""3"":5},""calibration_groups"":34,""calibration_label_counts"":{""0"":47,""1"":44,""2"":48,""3"":23},""calibration_records"":162,""fit_group_counts_by_label"":{""0"":15,""1"":14,""2"":14,""3"":7},""fit_groups"":50,""fit_label_counts"":{""0"":71,""1"":70,""2"":70,""3"":30},""fit_records"":241,""group_overlap"":0}","[{""fit_group_counts_by_label"":{""0"":4,""1"":4,""2"":6,""3"":3},""fit_groups"":17,""fit_records"":83,""fold"":0,""group_overlap"":0,""validation_group_counts_by_label"":{""0"":6,""1"":5,""2"":4,""3"":2},""validation_groups"":17,""validation_records"":79},{""fit_group_counts_by_label"":{""0"":6,""1"":5,""2"":4,""3"":2},""fit_groups"":17,""fit_records"":79,""fold"":1,""group_overlap"":0,""validation_group_counts_by_label"":{""0"":4,""1"":4,""2"":6,""3"":3},""validation_groups"":17,""validation_records"":83}]",0
classification__embedding__granite97m__mlp,classification,embedding,granite97m,mlp,4,403,105,84,21,0,25.15066179999849,0.14581180000095628,0.011593299990636297,0.11041238086320282,classifier_pipeline_with_precomputed_embedding,"{""model__alpha"":0.001,""model__hidden_layer_sizes"":[16]}",0.6452531871649683,"{""eligible"":false,""obra_threshold"":0.9,""threshold"":null}","{""balance_score"":0.023069493766808807,""calibration_group_counts_by_label"":{""0"":8,""1"":11,""2"":11,""3"":4},""calibration_groups"":34,""calibration_label_counts"":{""0"":40,""1"":54,""2"":55,""3"":18},""calibration_records"":167,""fit_group_counts_by_label"":{""0"":13,""1"":15,""2"":16,""3"":6},""fit_groups"":50,""fit_label_counts"":{""0"":58,""1"":75,""2"":78,""3"":25},""fit_records"":236,""group_overlap"":0}","[{""fit_group_counts_by_label"":{""0"":4,""1"":6,""2"":5,""3"":2},""fit_groups"":17,""fit_records"":84,""fold"":0,""group_overlap"":0,""validation_group_counts_by_label"":{""0"":4,""1"":5,""2"":6,""3"":2},""validation_groups"":17,""validation_records"":83},{""fit_group_counts_by_label"":{""0"":4,""1"":5,""2"":6,""3"":2},""fit_groups"":17,""fit_records"":83,""fold"":1,""group_overlap"":0,""validation_group_counts_by_label"":{""0"":4,""1"":6,""2"":5,""3"":2},""validation_groups"":17,""validation_records"":84}]",0
classification__embedding__granite97m__xgboost,classification,embedding,granite97m,xgboost,0,406,102,84,21,0,31.42535430000862,0.13874720000603702,0.006601799992495216,0.0647235293381884,classifier_pipeline_with_precomputed_embedding,"{""model__learning_rate"":0.05,""model__max_depth"":2,""model__n_estimators"":160}",0.47816084578850826,"{""eligible"":false,""obra_threshold"":0.9,""threshold"":null}","{""balance_score"":0.013121361397223433,""calibration_group_counts_by_label"":{""0"":9,""1"":11,""2"":10,""3"":4},""calibration_groups"":34,""calibration_label_counts"":{""0"":41,""1"":55,""2"":50,""3"":19},""calibration_records"":165,""fit_group_counts_by_label"":{""0"":12,""1"":16,""2"":15,""3"":7},""fit_groups"":50,""fit_label_counts"":{""0"":60,""1"":79,""2"":73,""3"":29},""fit_records"":241,""group_overlap"":0}","[{""fit_group_counts_by_label"":{""0"":5,""1"":5,""2"":5,""3"":2},""fit_groups"":17,""fit_records"":80,""fold"":0,""group_overlap"":0,""validation_group_counts_by_label"":{""0"":4,""1"":6,""2"":5,""3"":2},""validation_groups"":17,""validation_records"":85},{""fit_group_counts_by_label"":{""0"":4,""1"":6,""2"":5,""3"":2},""fit_groups"":17,""fit_records"":85,""fold"":1,""group_overlap"":0,""validation_group_counts_by_label"":{""0"":5,""1"":5,""2"":5,""3"":2},""validation_groups"":17,""validation_records"":80}]",0
classification__embedding__granite97m__xgboost,classification,embedding,granite97m,xgboost,1,415,93,84,21,0,37.93085409999185,0.09921590000158176,0.006491100008133799,0.06979677428100858,classifier_pipeline_with_precomputed_embedding,"{""model__learning_rate"":0.05,""model__max_depth"":4,""model__n_estimators"":160}",0.4536245484353422,"{""eligible"":false,""obra_threshold"":0.9,""threshold"":null}","{""balance_score"":0.030156991602774727,""calibration_group_counts_by_label"":{""0"":10,""1"":10,""2"":10,""3"":4},""calibration_groups"":34,""calibration_label_counts"":{""0"":47,""1"":49,""2"":50,""3"":19},""calibration_records"":165,""fit_group_counts_by_label"":{""0"":14,""1"":16,""2"":15,""3"":5},""fit_groups"":50,""fit_label_counts"":{""0"":70,""1"":80,""2"":75,""3"":25},""fit_records"":250,""group_overlap"":0}","[{""fit_group_counts_by_label"":{""0"":3,""1"":5,""2"":7,""3"":2},""fit_groups"":17,""fit_records"":84,""fold"":0,""group_overlap"":0,""validation_group_counts_by_label"":{""0"":7,""1"":5,""2"":3,""3"":2},""validation_groups"":17,""validation_records"":81},{""fit_group_counts_by_label"":{""0"":7,""1"":5,""2"":3,""3"":2},""fit_groups"":17,""fit_records"":81,""fold"":1,""group_overlap"":0,""validation_group_counts_by_label"":{""0"":3,""1"":5,""2"":7,""3"":2},""validation_groups"":17,""validation_records"":84}]",0
classification__embedding__granite97m__xgboost,classification,embedding,granite97m,xgboost,2,405,103,84,21,0,36.55089749999752,0.2087022000050638,0.006547099997987971,0.06356407765036864,classifier_pipeline_with_precomputed_embedding,"{""model__learning_rate"":0.05,""model__max_depth"":4,""model__n_estimators"":160}",0.48303829060408016,"{""eligible"":false,""obra_threshold"":0.9,""threshold"":null}","{""balance_score"":0.02760141093474426,""calibration_group_counts_by_label"":{""0"":8,""1"":11,""2"":11,""3"":4},""calibration_groups"":34,""calibration_label_counts"":{""0"":40,""1"":55,""2"":55,""3"":18},""calibration_records"":168,""fit_group_counts_by_label"":{""0"":13,""1"":15,""2"":16,""3"":6},""fit_groups"":50,""fit_label_counts"":{""0"":58,""1"":75,""2"":78,""3"":26},""fit_records"":237,""group_overlap"":0}","[{""fit_group_counts_by_label"":{""0"":4,""1"":4,""2"":7,""3"":2},""fit_groups"":17,""fit_records"":85,""fold"":0,""group_overlap"":0,""validation_group_counts_by_label"":{""0"":4,""1"":7,""2"":4,""3"":2},""validation_groups"":17,""validation_records"":83},{""fit_group_counts_by_label"":{""0"":4,""1"":7,""2"":4,""3"":2},""fit_groups"":17,""fit_records"":83,""fold"":1,""group_overlap"":0,""validation_group_counts_by_label"":{""0"":4,""1"":4,""2"":7,""3"":2},""validation_groups"":17,""validation_records"":85}]",0
classification__embedding__granite97m__xgboost,classification,embedding,granite97m,xgboost,3,403,105,84,21,0,31.778711199993268,0.14728849999664817,0.006482800003141165,0.06174095241086824,classifier_pipeline_with_precomputed_embedding,"{""model__learning_rate"":0.05,""model__max_depth"":2,""model__n_estimators"":160}",0.46014136712053383,"{""eligible"":false,""obra_threshold"":0.9,""threshold"":null}","{""balance_score"":0.02989308580706429,""calibration_group_counts_by_label"":{""0"":10,""1"":9,""2"":10,""3"":5},""calibration_groups"":34,""calibration_label_counts"":{""0"":47,""1"":44,""2"":48,""3"":23},""calibration_records"":162,""fit_group_counts_by_label"":{""0"":15,""1"":14,""2"":14,""3"":7},""fit_groups"":50,""fit_label_counts"":{""0"":71,""1"":70,""2"":70,""3"":30},""fit_records"":241,""group_overlap"":0}","[{""fit_group_counts_by_label"":{""0"":4,""1"":4,""2"":6,""3"":3},""fit_groups"":17,""fit_records"":83,""fold"":0,""group_overlap"":0,""validation_group_counts_by_label"":{""0"":6,""1"":5,""2"":4,""3"":2},""validation_groups"":17,""validation_records"":79},{""fit_group_counts_by_label"":{""0"":6,""1"":5,""2"":4,""3"":2},""fit_groups"":17,""fit_records"":79,""fold"":1,""group_overlap"":0,""validation_group_counts_by_label"":{""0"":4,""1"":4,""2"":6,""3"":3},""validation_groups"":17,""validation_records"":83}]",0
classification__embedding__granite97m__xgboost,classification,embedding,granite97m,xgboost,4,403,105,84,21,0,31.27797140000621,0.1348440000001574,0.006401199992978945,0.06096380945694234,classifier_pipeline_with_precomputed_embedding,"{""model__learning_rate"":0.05,""model__max_depth"":2,""model__n_estimators"":160}",0.5482860138360633,"{""eligible"":false,""obra_threshold"":0.9,""threshold"":null}","{""balance_score"":0.023069493766808807,""calibration_group_counts_by_label"":{""0"":8,""1"":11,""2"":11,""3"":4},""calibration_groups"":34,""calibration_label_counts"":{""0"":40,""1"":54,""2"":55,""3"":18},""calibration_records"":167,""fit_group_counts_by_label"":{""0"":13,""1"":15,""2"":16,""3"":6},""fit_groups"":50,""fit_label_counts"":{""0"":58,""1"":75,""2"":78,""3"":25},""fit_records"":236,""group_overlap"":0}","[{""fit_group_counts_by_label"":{""0"":4,""1"":6,""2"":5,""3"":2},""fit_groups"":17,""fit_records"":84,""fold"":0,""group_overlap"":0,""validation_group_counts_by_label"":{""0"":4,""1"":5,""2"":6,""3"":2},""validation_groups"":17,""validation_records"":83},{""fit_group_counts_by_label"":{""0"":4,""1"":5,""2"":6,""3"":2},""fit_groups"":17,""fit_records"":83,""fold"":1,""group_overlap"":0,""validation_group_counts_by_label"":{""0"":4,""1"":6,""2"":5,""3"":2},""validation_groups"":17,""validation_records"":84}]",0
deduplication__embedding__granite97m__logistic_regression,deduplication,embedding,granite97m,logistic_regression,0,480,120,96,24,0,0.33535599999595433,0.06566899998870213,0.006926799993379973,0.05772333327816644,classifier_pipeline_with_precomputed_embedding,"{""model__C"":10.0}",-0.15087719298245614,"{""curve_points"":2450,""eligible"":true,""negative_threshold"":0.33,""positive_threshold"":0.6,""selected"":{""abstained"":0,""automated_false_negative_rate"":0.0,""automated_false_positive_rate"":0.0,""automation_duplicate_recall"":1.0,""automation_nonduplicate_recall"":1.0,""coverage"":1.0,""covered"":195,""covered_error_rate"":0.0,""false_negative_cost"":5.0,""false_positive_cost"":1.0,""fn"":0,""fp"":0,""negative_predictive_value"":1.0,""negative_threshold"":0.33,""negatives"":95,""positive_threshold"":0.6,""positives"":100,""precision"":1.0,""threshold"":0.6,""tn"":95,""tp"":100,""weighted_covered_error"":0.0}}","{""balance_score"":0.011057692307692268,""calibration_group_counts_by_label"":{""0"":19,""1"":20},""calibration_groups"":39,""calibration_label_counts"":{""0"":95,""1"":100},""calibration_records"":195,""fit_group_counts_by_label"":{""0"":28,""1"":29},""fit_groups"":57,""fit_label_counts"":{""0"":140,""1"":145},""fit_records"":285,""group_overlap"":0}","[{""fit_group_counts_by_label"":{""0"":11,""1"":8},""fit_groups"":19,""fit_records"":95,""fold"":0,""group_overlap"":0,""validation_group_counts_by_label"":{""0"":8,""1"":12},""validation_groups"":20,""validation_records"":100},{""fit_group_counts_by_label"":{""0"":8,""1"":12},""fit_groups"":20,""fit_records"":100,""fold"":1,""group_overlap"":0,""validation_group_counts_by_label"":{""0"":11,""1"":8},""validation_groups"":19,""validation_records"":95}]",0
deduplication__embedding__granite97m__logistic_regression,deduplication,embedding,granite97m,logistic_regression,1,480,120,96,24,0,0.3770226999913575,0.08910510000714567,0.006912600001669489,0.05760500001391241,classifier_pipeline_with_precomputed_embedding,"{""model__C"":10.0}",-0.21403508771929824,"{""curve_points"":2450,""eligible"":true,""negative_threshold"":0.49,""positive_threshold"":0.73,""selected"":{""abstained"":3,""automated_false_negative_rate"":0.0,""automated_false_positive_rate"":0.0,""automation_duplicate_recall"":0.99,""automation_nonduplicate_recall"":0.9789473684210527,""coverage"":0.9846153846153847,""covered"":192,""covered_error_rate"":0.0,""false_negative_cost"":5.0,""false_positive_cost"":1.0,""fn"":0,""fp"":0,""negative_predictive_value"":1.0,""negative_threshold"":0.49,""negatives"":95,""positive_threshold"":0.73,""positives"":100,""precision"":1.0,""threshold"":0.73,""tn"":93,""tp"":99,""weighted_covered_error"":0.0}}","{""balance_score"":0.011057692307692268,""calibration_group_counts_by_label"":{""0"":19,""1"":20},""calibration_groups"":39,""calibration_label_counts"":{""0"":95,""1"":100},""calibration_records"":195,""fit_group_counts_by_label"":{""0"":28,""1"":29},""fit_groups"":57,""fit_label_counts"":{""0"":140,""1"":145},""fit_records"":285,""group_overlap"":0}","[{""fit_group_counts_by_label"":{""0"":11,""1"":8},""fit_groups"":19,""fit_records"":95,""fold"":0,""group_overlap"":0,""validation_group_counts_by_label"":{""0"":8,""1"":12},""validation_groups"":20,""validation_records"":100},{""fit_group_counts_by_label"":{""0"":8,""1"":12},""fit_groups"":20,""fit_records"":100,""fold"":1,""group_overlap"":0,""validation_group_counts_by_label"":{""0"":11,""1"":8},""validation_groups"":19,""validation_records"":95}]",0
deduplication__embedding__granite97m__logistic_regression,deduplication,embedding,granite97m,logistic_regression,2,480,120,96,24,0,0.31220819998998195,0.0642290999967372,0.007237900004838593,0.060315833373654947,classifier_pipeline_with_precomputed_embedding,"{""model__C"":10.0}",-0.05964912280701754,"{""curve_points"":2450,""eligible"":true,""negative_threshold"":0.19,""positive_threshold"":0.87,""selected"":{""abstained"":37,""automated_false_negative_rate"":0.0,""automated_false_positive_rate"":0.0,""automation_duplicate_recall"":0.78,""automation_nonduplicate_recall"":0.8421052631578947,""coverage"":0.8102564102564103,""covered"":158,""covered_error_rate"":0.0,""false_negative_cost"":5.0,""false_positive_cost"":1.0,""fn"":0,""fp"":0,""negative_predictive_value"":1.0,""negative_threshold"":0.19,""negatives"":95,""positive_threshold"":0.87,""positives"":100,""precision"":1.0,""threshold"":0.87,""tn"":80,""tp"":78,""weighted_covered_error"":0.0}}","{""balance_score"":0.011057692307692268,""calibration_group_counts_by_label"":{""0"":19,""1"":20},""calibration_groups"":39,""calibration_label_counts"":{""0"":95,""1"":100},""calibration_records"":195,""fit_group_counts_by_label"":{""0"":28,""1"":29},""fit_groups"":57,""fit_label_counts"":{""0"":140,""1"":145},""fit_records"":285,""group_overlap"":0}","[{""fit_group_counts_by_label"":{""0"":8,""1"":11},""fit_groups"":19,""fit_records"":95,""fold"":0,""group_overlap"":0,""validation_group_counts_by_label"":{""0"":11,""1"":9},""validation_groups"":20,""validation_records"":100},{""fit_group_counts_by_label"":{""0"":11,""1"":9},""fit_groups"":20,""fit_records"":100,""fold"":1,""group_overlap"":0,""validation_group_counts_by_label"":{""0"":8,""1"":11},""validation_groups"":19,""validation_records"":95}]",0
deduplication__embedding__granite97m__logistic_regression,deduplication,embedding,granite97m,logistic_regression,3,480,120,96,24,0,0.3721595000097295,0.07716200000140816,0.006743099991581403,0.05619249992984502,classifier_pipeline_with_precomputed_embedding,"{""model__C"":10.0}",-0.24912280701754386,"{""curve_points"":2450,""eligible"":true,""negative_threshold"":0.27,""positive_threshold"":0.66,""selected"":{""abstained"":8,""automated_false_negative_rate"":0.0,""automated_false_positive_rate"":0.0,""automation_duplicate_recall"":0.9578947368421052,""automation_nonduplicate_recall"":0.96,""coverage"":0.958974358974359,""covered"":187,""covered_error_rate"":0.0,""false_negative_cost"":5.0,""false_positive_cost"":1.0,""fn"":0,""fp"":0,""negative_predictive_value"":1.0,""negative_threshold"":0.27,""negatives"":100,""positive_threshold"":0.66,""positives"":95,""precision"":1.0,""threshold"":0.66,""tn"":96,""tp"":91,""weighted_covered_error"":0.0}}","{""balance_score"":0.022275641025641058,""calibration_group_counts_by_label"":{""0"":20,""1"":19},""calibration_groups"":39,""calibration_label_counts"":{""0"":100,""1"":95},""calibration_records"":195,""fit_group_counts_by_label"":{""0"":30,""1"":27},""fit_groups"":57,""fit_label_counts"":{""0"":150,""1"":135},""fit_records"":285,""group_overlap"":0}","[{""fit_group_counts_by_label"":{""0"":12,""1"":7},""fit_groups"":19,""fit_records"":95,""fold"":0,""group_overlap"":0,""validation_group_counts_by_label"":{""0"":8,""1"":12},""validation_groups"":20,""validation_records"":100},{""fit_group_counts_by_label"":{""0"":8,""1"":12},""fit_groups"":20,""fit_records"":100,""fold"":1,""group_overlap"":0,""validation_group_counts_by_label"":{""0"":12,""1"":7},""validation_groups"":19,""validation_records"":95}]",0
deduplication__embedding__granite97m__logistic_regression,deduplication,embedding,granite97m,logistic_regression,4,480,120,96,24,0,0.4430055000120774,0.07218110001122113,0.006435200004489161,0.05362666670407634,classifier_pipeline_with_precomputed_embedding,"{""model__C"":10.0}",-0.32631578947368417,"{""curve_points"":2450,""eligible"":true,""negative_threshold"":0.49,""positive_threshold"":0.68,""selected"":{""abstained"":4,""automated_false_negative_rate"":0.0,""automated_false_positive_rate"":0.0,""automation_duplicate_recall"":0.968421052631579,""automation_nonduplicate_recall"":0.99,""coverage"":0.9794871794871794,""covered"":191,""covered_error_rate"":0.0,""false_negative_cost"":5.0,""false_positive_cost"":1.0,""fn"":0,""fp"":0,""negative_predictive_value"":1.0,""negative_threshold"":0.49,""negatives"":100,""positive_threshold"":0.68,""positives"":95,""precision"":1.0,""threshold"":0.68,""tn"":99,""tp"":92,""weighted_covered_error"":0.0}}","{""balance_score"":0.011057692307692268,""calibration_group_counts_by_label"":{""0"":20,""1"":19},""calibration_groups"":39,""calibration_label_counts"":{""0"":100,""1"":95},""calibration_records"":195,""fit_group_counts_by_label"":{""0"":29,""1"":28},""fit_groups"":57,""fit_label_counts"":{""0"":145,""1"":140},""fit_records"":285,""group_overlap"":0}","[{""fit_group_counts_by_label"":{""0"":9,""1"":10},""fit_groups"":19,""fit_records"":95,""fold"":0,""group_overlap"":0,""validation_group_counts_by_label"":{""0"":11,""1"":9},""validation_groups"":20,""validation_records"":100},{""fit_group_counts_by_label"":{""0"":11,""1"":9},""fit_groups"":20,""fit_records"":100,""fold"":1,""group_overlap"":0,""validation_group_counts_by_label"":{""0"":9,""1"":10},""validation_groups"":19,""validation_records"":95}]",0
deduplication__embedding__granite97m__decision_tree,deduplication,embedding,granite97m,decision_tree,0,480,120,96,24,0,1.3120755999989342,0.09476789999462198,0.007371100000455044,0.06142583333712537,classifier_pipeline_with_precomputed_embedding,"{""model__max_depth"":3,""model__min_samples_leaf"":2}",-0.22456140350877188,"{""curve_points"":2450,""eligible"":false,""negative_threshold"":null,""positive_threshold"":null,""selected"":null}","{""balance_score"":0.011057692307692268,""calibration_group_counts_by_label"":{""0"":19,""1"":20},""calibration_groups"":39,""calibration_label_counts"":{""0"":95,""1"":100},""calibration_records"":195,""fit_group_counts_by_label"":{""0"":28,""1"":29},""fit_groups"":57,""fit_label_counts"":{""0"":140,""1"":145},""fit_records"":285,""group_overlap"":0}","[{""fit_group_counts_by_label"":{""0"":11,""1"":8},""fit_groups"":19,""fit_records"":95,""fold"":0,""group_overlap"":0,""validation_group_counts_by_label"":{""0"":8,""1"":12},""validation_groups"":20,""validation_records"":100},{""fit_group_counts_by_label"":{""0"":8,""1"":12},""fit_groups"":20,""fit_records"":100,""fold"":1,""group_overlap"":0,""validation_group_counts_by_label"":{""0"":11,""1"":8},""validation_groups"":19,""validation_records"":95}]",0
deduplication__embedding__granite97m__decision_tree,deduplication,embedding,granite97m,decision_tree,1,480,120,96,24,0,1.5124947000003885,0.06221789999108296,0.006362500003888272,0.0530208333657356,classifier_pipeline_with_precomputed_embedding,"{""model__max_depth"":6,""model__min_samples_leaf"":5}",-0.2596491228070176,"{""curve_points"":2450,""eligible"":false,""negative_threshold"":null,""positive_threshold"":null,""selected"":null}","{""balance_score"":0.011057692307692268,""calibration_group_counts_by_label"":{""0"":19,""1"":20},""calibration_groups"":39,""calibration_label_counts"":{""0"":95,""1"":100},""calibration_records"":195,""fit_group_counts_by_label"":{""0"":28,""1"":29},""fit_groups"":57,""fit_label_counts"":{""0"":140,""1"":145},""fit_records"":285,""group_overlap"":0}","[{""fit_group_counts_by_label"":{""0"":11,""1"":8},""fit_groups"":19,""fit_records"":95,""fold"":0,""group_overlap"":0,""validation_group_counts_by_label"":{""0"":8,""1"":12},""validation_groups"":20,""validation_records"":100},{""fit_group_counts_by_label"":{""0"":8,""1"":12},""fit_groups"":20,""fit_records"":100,""fold"":1,""group_overlap"":0,""validation_group_counts_by_label"":{""0"":11,""1"":8},""validation_groups"":19,""validation_records"":95}]",0
deduplication__embedding__granite97m__decision_tree,deduplication,embedding,granite97m,decision_tree,2,480,120,96,24,0,1.2368732999893837,0.06102370000735391,0.006999400007771328,0.0583283333980944,classifier_pipeline_with_precomputed_embedding,"{""model__max_depth"":3,""model__min_samples_leaf"":2}",-0.312280701754386,"{""curve_points"":2450,""eligible"":false,""negative_threshold"":null,""positive_threshold"":null,""selected"":null}","{""balance_score"":0.011057692307692268,""calibration_group_counts_by_label"":{""0"":19,""1"":20},""calibration_groups"":39,""calibration_label_counts"":{""0"":95,""1"":100},""calibration_records"":195,""fit_group_counts_by_label"":{""0"":28,""1"":29},""fit_groups"":57,""fit_label_counts"":{""0"":140,""1"":145},""fit_records"":285,""group_overlap"":0}","[{""fit_group_counts_by_label"":{""0"":8,""1"":11},""fit_groups"":19,""fit_records"":95,""fold"":0,""group_overlap"":0,""validation_group_counts_by_label"":{""0"":11,""1"":9},""validation_groups"":20,""validation_records"":100},{""fit_group_counts_by_label"":{""0"":11,""1"":9},""fit_groups"":20,""fit_records"":100,""fold"":1,""group_overlap"":0,""validation_group_counts_by_label"":{""0"":8,""1"":11},""validation_groups"":19,""validation_records"":95}]",0
deduplication__embedding__granite97m__decision_tree,deduplication,embedding,granite97m,decision_tree,3,480,120,96,24,0,1.4111794000054942,0.061400100006721914,0.006573599996045232,0.0547799999670436,classifier_pipeline_with_precomputed_embedding,"{""model__max_depth"":3,""model__min_samples_leaf"":5}",-0.17192982456140352,"{""curve_points"":2450,""eligible"":false,""negative_threshold"":null,""positive_threshold"":null,""selected"":null}","{""balance_score"":0.022275641025641058,""calibration_group_counts_by_label"":{""0"":20,""1"":19},""calibration_groups"":39,""calibration_label_counts"":{""0"":100,""1"":95},""calibration_records"":195,""fit_group_counts_by_label"":{""0"":30,""1"":27},""fit_groups"":57,""fit_label_counts"":{""0"":150,""1"":135},""fit_records"":285,""group_overlap"":0}","[{""fit_group_counts_by_label"":{""0"":12,""1"":7},""fit_groups"":19,""fit_records"":95,""fold"":0,""group_overlap"":0,""validation_group_counts_by_label"":{""0"":8,""1"":12},""validation_groups"":20,""validation_records"":100},{""fit_group_counts_by_label"":{""0"":8,""1"":12},""fit_groups"":20,""fit_records"":100,""fold"":1,""group_overlap"":0,""validation_group_counts_by_label"":{""0"":12,""1"":7},""validation_groups"":19,""validation_records"":95}]",0
deduplication__embedding__granite97m__decision_tree,deduplication,embedding,granite97m,decision_tree,4,480,120,96,24,0,1.3052730000053998,0.06426420000207145,0.007926600010250695,0.06605500008542246,classifier_pipeline_with_precomputed_embedding,"{""model__max_depth"":3,""model__min_samples_leaf"":2}",-0.2350877192982456,"{""curve_points"":2450,""eligible"":false,""negative_threshold"":null,""positive_threshold"":null,""selected"":null}","{""balance_score"":0.011057692307692268,""calibration_group_counts_by_label"":{""0"":20,""1"":19},""calibration_groups"":39,""calibration_label_counts"":{""0"":100,""1"":95},""calibration_records"":195,""fit_group_counts_by_label"":{""0"":29,""1"":28},""fit_groups"":57,""fit_label_counts"":{""0"":145,""1"":140},""fit_records"":285,""group_overlap"":0}","[{""fit_group_counts_by_label"":{""0"":9,""1"":10},""fit_groups"":19,""fit_records"":95,""fold"":0,""group_overlap"":0,""validation_group_counts_by_label"":{""0"":11,""1"":9},""validation_groups"":20,""validation_records"":100},{""fit_group_counts_by_label"":{""0"":11,""1"":9},""fit_groups"":20,""fit_records"":100,""fold"":1,""group_overlap"":0,""validation_group_counts_by_label"":{""0"":9,""1"":10},""validation_groups"":19,""validation_records"":95}]",0
deduplication__embedding__granite97m__linear_svm,deduplication,embedding,granite97m,linear_svm,0,480,120,96,24,0,0.9977884000109043,0.06279680000443477,0.0068721999996341765,0.057268333330284804,classifier_pipeline_with_precomputed_embedding,"{""model__C"":10.0}",-0.06666666666666667,"{""curve_points"":2450,""eligible"":true,""negative_threshold"":0.27,""positive_threshold"":0.87,""selected"":{""abstained"":0,""automated_false_negative_rate"":0.0,""automated_false_positive_rate"":0.0,""automation_duplicate_recall"":1.0,""automation_nonduplicate_recall"":1.0,""coverage"":1.0,""covered"":195,""covered_error_rate"":0.0,""false_negative_cost"":5.0,""false_positive_cost"":1.0,""fn"":0,""fp"":0,""negative_predictive_value"":1.0,""negative_threshold"":0.27,""negatives"":95,""positive_threshold"":0.87,""positives"":100,""precision"":1.0,""threshold"":0.87,""tn"":95,""tp"":100,""weighted_covered_error"":0.0}}","{""balance_score"":0.011057692307692268,""calibration_group_counts_by_label"":{""0"":19,""1"":20},""calibration_groups"":39,""calibration_label_counts"":{""0"":95,""1"":100},""calibration_records"":195,""fit_group_counts_by_label"":{""0"":28,""1"":29},""fit_groups"":57,""fit_label_counts"":{""0"":140,""1"":145},""fit_records"":285,""group_overlap"":0}","[{""fit_group_counts_by_label"":{""0"":11,""1"":8},""fit_groups"":19,""fit_records"":95,""fold"":0,""group_overlap"":0,""validation_group_counts_by_label"":{""0"":8,""1"":12},""validation_groups"":20,""validation_records"":100},{""fit_group_counts_by_label"":{""0"":8,""1"":12},""fit_groups"":20,""fit_records"":100,""fold"":1,""group_overlap"":0,""validation_group_counts_by_label"":{""0"":11,""1"":8},""validation_groups"":19,""validation_records"":95}]",0
deduplication__embedding__granite97m__linear_svm,deduplication,embedding,granite97m,linear_svm,1,480,120,96,24,0,0.8828260000009323,0.06308930000523105,0.00660049999714829,0.05500416664290242,classifier_pipeline_with_precomputed_embedding,"{""model__C"":10.0}",-0.0035087719298245615,"{""curve_points"":2450,""eligible"":true,""negative_threshold"":0.46,""positive_threshold"":0.76,""selected"":{""abstained"":0,""automated_false_negative_rate"":0.0,""automated_false_positive_rate"":0.0,""automation_duplicate_recall"":1.0,""automation_nonduplicate_recall"":1.0,""coverage"":1.0,""covered"":195,""covered_error_rate"":0.0,""false_negative_cost"":5.0,""false_positive_cost"":1.0,""fn"":0,""fp"":0,""negative_predictive_value"":1.0,""negative_threshold"":0.46,""negatives"":95,""positive_threshold"":0.76,""positives"":100,""precision"":1.0,""threshold"":0.76,""tn"":95,""tp"":100,""weighted_covered_error"":0.0}}","{""balance_score"":0.011057692307692268,""calibration_group_counts_by_label"":{""0"":19,""1"":20},""calibration_groups"":39,""calibration_label_counts"":{""0"":95,""1"":100},""calibration_records"":195,""fit_group_counts_by_label"":{""0"":28,""1"":29},""fit_groups"":57,""fit_label_counts"":{""0"":140,""1"":145},""fit_records"":285,""group_overlap"":0}","[{""fit_group_counts_by_label"":{""0"":11,""1"":8},""fit_groups"":19,""fit_records"":95,""fold"":0,""group_overlap"":0,""validation_group_counts_by_label"":{""0"":8,""1"":12},""validation_groups"":20,""validation_records"":100},{""fit_group_counts_by_label"":{""0"":8,""1"":12},""fit_groups"":20,""fit_records"":100,""fold"":1,""group_overlap"":0,""validation_group_counts_by_label"":{""0"":11,""1"":8},""validation_groups"":19,""validation_records"":95}]",0
deduplication__embedding__granite97m__linear_svm,deduplication,embedding,granite97m,linear_svm,2,480,120,96,24,0,0.8772409000084735,0.0632432999991579,0.007300400000531226,0.06083666667109355,classifier_pipeline_with_precomputed_embedding,"{""model__C"":10.0}",-0.028070175438596492,"{""curve_points"":2450,""eligible"":true,""negative_threshold"":0.21,""positive_threshold"":0.79,""selected"":{""abstained"":10,""automated_false_negative_rate"":0.0,""automated_false_positive_rate"":0.0,""automation_duplicate_recall"":0.95,""automation_nonduplicate_recall"":0.9473684210526315,""coverage"":0.9487179487179487,""covered"":185,""covered_error_rate"":0.0,""false_negative_cost"":5.0,""false_positive_cost"":1.0,""fn"":0,""fp"":0,""negative_predictive_value"":1.0,""negative_threshold"":0.21,""negatives"":95,""positive_threshold"":0.79,""positives"":100,""precision"":1.0,""threshold"":0.79,""tn"":90,""tp"":95,""weighted_covered_error"":0.0}}","{""balance_score"":0.011057692307692268,""calibration_group_counts_by_label"":{""0"":19,""1"":20},""calibration_groups"":39,""calibration_label_counts"":{""0"":95,""1"":100},""calibration_records"":195,""fit_group_counts_by_label"":{""0"":28,""1"":29},""fit_groups"":57,""fit_label_counts"":{""0"":140,""1"":145},""fit_records"":285,""group_overlap"":0}","[{""fit_group_counts_by_label"":{""0"":8,""1"":11},""fit_groups"":19,""fit_records"":95,""fold"":0,""group_overlap"":0,""validation_group_counts_by_label"":{""0"":11,""1"":9},""validation_groups"":20,""validation_records"":100},{""fit_group_counts_by_label"":{""0"":11,""1"":9},""fit_groups"":20,""fit_records"":100,""fold"":1,""group_overlap"":0,""validation_group_counts_by_label"":{""0"":8,""1"":11},""validation_groups"":19,""validation_records"":95}]",0
deduplication__embedding__granite97m__linear_svm,deduplication,embedding,granite97m,linear_svm,3,480,120,96,24,0,0.9294966000015847,0.08552100000088103,0.006788900005631149,0.05657416671359291,classifier_pipeline_with_precomputed_embedding,"{""model__C"":10.0}",-0.1368421052631579,"{""curve_points"":2450,""eligible"":true,""negative_threshold"":0.34,""positive_threshold"":0.68,""selected"":{""abstained"":0,""automated_false_negative_rate"":0.0,""automated_false_positive_rate"":0.0,""automation_duplicate_recall"":1.0,""automation_nonduplicate_recall"":1.0,""coverage"":1.0,""covered"":195,""covered_error_rate"":0.0,""false_negative_cost"":5.0,""false_positive_cost"":1.0,""fn"":0,""fp"":0,""negative_predictive_value"":1.0,""negative_threshold"":0.34,""negatives"":100,""positive_threshold"":0.68,""positives"":95,""precision"":1.0,""threshold"":0.68,""tn"":100,""tp"":95,""weighted_covered_error"":0.0}}","{""balance_score"":0.022275641025641058,""calibration_group_counts_by_label"":{""0"":20,""1"":19},""calibration_groups"":39,""calibration_label_counts"":{""0"":100,""1"":95},""calibration_records"":195,""fit_group_counts_by_label"":{""0"":30,""1"":27},""fit_groups"":57,""fit_label_counts"":{""0"":150,""1"":135},""fit_records"":285,""group_overlap"":0}","[{""fit_group_counts_by_label"":{""0"":12,""1"":7},""fit_groups"":19,""fit_records"":95,""fold"":0,""group_overlap"":0,""validation_group_counts_by_label"":{""0"":8,""1"":12},""validation_groups"":20,""validation_records"":100},{""fit_group_counts_by_label"":{""0"":8,""1"":12},""fit_groups"":20,""fit_records"":100,""fold"":1,""group_overlap"":0,""validation_group_counts_by_label"":{""0"":12,""1"":7},""validation_groups"":19,""validation_records"":95}]",0
deduplication__embedding__granite97m__linear_svm,deduplication,embedding,granite97m,linear_svm,4,480,120,96,24,0,0.8928473999985727,0.08573780000733677,0.006608199997572228,0.0550683333131019,classifier_pipeline_with_precomputed_embedding,"{""model__C"":10.0}",-0.29473684210526313,"{""curve_points"":2450,""eligible"":true,""negative_threshold"":0.44,""positive_threshold"":0.63,""selected"":{""abstained"":0,""automated_false_negative_rate"":0.0,""automated_false_positive_rate"":0.0,""automation_duplicate_recall"":1.0,""automation_nonduplicate_recall"":1.0,""coverage"":1.0,""covered"":195,""covered_error_rate"":0.0,""false_negative_cost"":5.0,""false_positive_cost"":1.0,""fn"":0,""fp"":0,""negative_predictive_value"":1.0,""negative_threshold"":0.44,""negatives"":100,""positive_threshold"":0.63,""positives"":95,""precision"":1.0,""threshold"":0.63,""tn"":100,""tp"":95,""weighted_covered_error"":0.0}}","{""balance_score"":0.011057692307692268,""calibration_group_counts_by_label"":{""0"":20,""1"":19},""calibration_groups"":39,""calibration_label_counts"":{""0"":100,""1"":95},""calibration_records"":195,""fit_group_counts_by_label"":{""0"":29,""1"":28},""fit_groups"":57,""fit_label_counts"":{""0"":145,""1"":140},""fit_records"":285,""group_overlap"":0}","[{""fit_group_counts_by_label"":{""0"":9,""1"":10},""fit_groups"":19,""fit_records"":95,""fold"":0,""group_overlap"":0,""validation_group_counts_by_label"":{""0"":11,""1"":9},""validation_groups"":20,""validation_records"":100},{""fit_group_counts_by_label"":{""0"":11,""1"":9},""fit_groups"":20,""fit_records"":100,""fold"":1,""group_overlap"":0,""validation_group_counts_by_label"":{""0"":9,""1"":10},""validation_groups"":19,""validation_records"":95}]",0
deduplication__embedding__granite97m__mlp,deduplication,embedding,granite97m,mlp,0,480,120,96,24,0,33.10964200001035,0.2414550999965286,0.0413989000080619,0.34499083340051584,classifier_pipeline_with_precomputed_embedding,"{""model__alpha"":0.001,""model__hidden_layer_sizes"":[32]}",-0.11578947368421051,"{""curve_points"":2450,""eligible"":true,""negative_threshold"":0.1,""positive_threshold"":0.96,""selected"":{""abstained"":0,""automated_false_negative_rate"":0.0,""automated_false_positive_rate"":0.0,""automation_duplicate_recall"":1.0,""automation_nonduplicate_recall"":1.0,""coverage"":1.0,""covered"":195,""covered_error_rate"":0.0,""false_negative_cost"":5.0,""false_positive_cost"":1.0,""fn"":0,""fp"":0,""negative_predictive_value"":1.0,""negative_threshold"":0.1,""negatives"":95,""positive_threshold"":0.96,""positives"":100,""precision"":1.0,""threshold"":0.96,""tn"":95,""tp"":100,""weighted_covered_error"":0.0}}","{""balance_score"":0.011057692307692268,""calibration_group_counts_by_label"":{""0"":19,""1"":20},""calibration_groups"":39,""calibration_label_counts"":{""0"":95,""1"":100},""calibration_records"":195,""fit_group_counts_by_label"":{""0"":28,""1"":29},""fit_groups"":57,""fit_label_counts"":{""0"":140,""1"":145},""fit_records"":285,""group_overlap"":0}","[{""fit_group_counts_by_label"":{""0"":11,""1"":8},""fit_groups"":19,""fit_records"":95,""fold"":0,""group_overlap"":0,""validation_group_counts_by_label"":{""0"":8,""1"":12},""validation_groups"":20,""validation_records"":100},{""fit_group_counts_by_label"":{""0"":8,""1"":12},""fit_groups"":20,""fit_records"":100,""fold"":1,""group_overlap"":0,""validation_group_counts_by_label"":{""0"":11,""1"":8},""validation_groups"":19,""validation_records"":95}]",0
deduplication__embedding__granite97m__mlp,deduplication,embedding,granite97m,mlp,1,480,120,96,24,0,26.65428480000992,0.17784480001137126,0.023941799998283386,0.19951499998569489,classifier_pipeline_with_precomputed_embedding,"{""model__alpha"":0.001,""model__hidden_layer_sizes"":[16]}",-0.0035087719298245615,"{""curve_points"":2450,""eligible"":true,""negative_threshold"":0.37,""positive_threshold"":0.88,""selected"":{""abstained"":1,""automated_false_negative_rate"":0.0,""automated_false_positive_rate"":0.0,""automation_duplicate_recall"":1.0,""automation_nonduplicate_recall"":0.9894736842105263,""coverage"":0.9948717948717949,""covered"":194,""covered_error_rate"":0.0,""false_negative_cost"":5.0,""false_positive_cost"":1.0,""fn"":0,""fp"":0,""negative_predictive_value"":1.0,""negative_threshold"":0.37,""negatives"":95,""positive_threshold"":0.88,""positives"":100,""precision"":1.0,""threshold"":0.88,""tn"":94,""tp"":100,""weighted_covered_error"":0.0}}","{""balance_score"":0.011057692307692268,""calibration_group_counts_by_label"":{""0"":19,""1"":20},""calibration_groups"":39,""calibration_label_counts"":{""0"":95,""1"":100},""calibration_records"":195,""fit_group_counts_by_label"":{""0"":28,""1"":29},""fit_groups"":57,""fit_label_counts"":{""0"":140,""1"":145},""fit_records"":285,""group_overlap"":0}","[{""fit_group_counts_by_label"":{""0"":11,""1"":8},""fit_groups"":19,""fit_records"":95,""fold"":0,""group_overlap"":0,""validation_group_counts_by_label"":{""0"":8,""1"":12},""validation_groups"":20,""validation_records"":100},{""fit_group_counts_by_label"":{""0"":8,""1"":12},""fit_groups"":20,""fit_records"":100,""fold"":1,""group_overlap"":0,""validation_group_counts_by_label"":{""0"":11,""1"":8},""validation_groups"":19,""validation_records"":95}]",0
deduplication__embedding__granite97m__mlp,deduplication,embedding,granite97m,mlp,2,480,120,96,24,0,37.94048149998707,0.18368919999920763,0.02983880000829231,0.24865666673576925,classifier_pipeline_with_precomputed_embedding,"{""model__alpha"":0.001,""model__hidden_layer_sizes"":[16]}",-0.028070175438596492,"{""curve_points"":2450,""eligible"":true,""negative_threshold"":0.28,""positive_threshold"":0.83,""selected"":{""abstained"":5,""automated_false_negative_rate"":0.0,""automated_false_positive_rate"":0.0,""automation_duplicate_recall"":0.98,""automation_nonduplicate_recall"":0.968421052631579,""coverage"":0.9743589743589743,""covered"":190,""covered_error_rate"":0.0,""false_negative_cost"":5.0,""false_positive_cost"":1.0,""fn"":0,""fp"":0,""negative_predictive_value"":1.0,""negative_threshold"":0.28,""negatives"":95,""positive_threshold"":0.83,""positives"":100,""precision"":1.0,""threshold"":0.83,""tn"":92,""tp"":98,""weighted_covered_error"":0.0}}","{""balance_score"":0.011057692307692268,""calibration_group_counts_by_label"":{""0"":19,""1"":20},""calibration_groups"":39,""calibration_label_counts"":{""0"":95,""1"":100},""calibration_records"":195,""fit_group_counts_by_label"":{""0"":28,""1"":29},""fit_groups"":57,""fit_label_counts"":{""0"":140,""1"":145},""fit_records"":285,""group_overlap"":0}","[{""fit_group_counts_by_label"":{""0"":8,""1"":11},""fit_groups"":19,""fit_records"":95,""fold"":0,""group_overlap"":0,""validation_group_counts_by_label"":{""0"":11,""1"":9},""validation_groups"":20,""validation_records"":100},{""fit_group_counts_by_label"":{""0"":11,""1"":9},""fit_groups"":20,""fit_records"":100,""fold"":1,""group_overlap"":0,""validation_group_counts_by_label"":{""0"":8,""1"":11},""validation_groups"":19,""validation_records"":95}]",0
deduplication__embedding__granite97m__mlp,deduplication,embedding,granite97m,mlp,3,480,120,96,24,0,33.65384820000327,0.1824821000045631,0.029975900004501455,0.2497991667041788,classifier_pipeline_with_precomputed_embedding,"{""model__alpha"":0.001,""model__hidden_layer_sizes"":[16]}",-0.17894736842105263,"{""curve_points"":2450,""eligible"":true,""negative_threshold"":0.15,""positive_threshold"":0.81,""selected"":{""abstained"":0,""automated_false_negative_rate"":0.0,""automated_false_positive_rate"":0.0,""automation_duplicate_recall"":1.0,""automation_nonduplicate_recall"":1.0,""coverage"":1.0,""covered"":195,""covered_error_rate"":0.0,""false_negative_cost"":5.0,""false_positive_cost"":1.0,""fn"":0,""fp"":0,""negative_predictive_value"":1.0,""negative_threshold"":0.15,""negatives"":100,""positive_threshold"":0.81,""positives"":95,""precision"":1.0,""threshold"":0.81,""tn"":100,""tp"":95,""weighted_covered_error"":0.0}}","{""balance_score"":0.022275641025641058,""calibration_group_counts_by_label"":{""0"":20,""1"":19},""calibration_groups"":39,""calibration_label_counts"":{""0"":100,""1"":95},""calibration_records"":195,""fit_group_counts_by_label"":{""0"":30,""1"":27},""fit_groups"":57,""fit_label_counts"":{""0"":150,""1"":135},""fit_records"":285,""group_overlap"":0}","[{""fit_group_counts_by_label"":{""0"":12,""1"":7},""fit_groups"":19,""fit_records"":95,""fold"":0,""group_overlap"":0,""validation_group_counts_by_label"":{""0"":8,""1"":12},""validation_groups"":20,""validation_records"":100},{""fit_group_counts_by_label"":{""0"":8,""1"":12},""fit_groups"":20,""fit_records"":100,""fold"":1,""group_overlap"":0,""validation_group_counts_by_label"":{""0"":12,""1"":7},""validation_groups"":19,""validation_records"":95}]",0
deduplication__embedding__granite97m__mlp,deduplication,embedding,granite97m,mlp,4,480,120,96,24,0,31.19934639999701,0.15499190000991803,0.024669799997354858,0.20558166664462382,classifier_pipeline_with_precomputed_embedding,"{""model__alpha"":0.001,""model__hidden_layer_sizes"":[16]}",-0.3017543859649123,"{""curve_points"":2450,""eligible"":true,""negative_threshold"":0.35,""positive_threshold"":0.68,""selected"":{""abstained"":0,""automated_false_negative_rate"":0.0,""automated_false_positive_rate"":0.0,""automation_duplicate_recall"":1.0,""automation_nonduplicate_recall"":1.0,""coverage"":1.0,""covered"":195,""covered_error_rate"":0.0,""false_negative_cost"":5.0,""false_positive_cost"":1.0,""fn"":0,""fp"":0,""negative_predictive_value"":1.0,""negative_threshold"":0.35,""negatives"":100,""positive_threshold"":0.68,""positives"":95,""precision"":1.0,""threshold"":0.68,""tn"":100,""tp"":95,""weighted_covered_error"":0.0}}","{""balance_score"":0.011057692307692268,""calibration_group_counts_by_label"":{""0"":20,""1"":19},""calibration_groups"":39,""calibration_label_counts"":{""0"":100,""1"":95},""calibration_records"":195,""fit_group_counts_by_label"":{""0"":29,""1"":28},""fit_groups"":57,""fit_label_counts"":{""0"":145,""1"":140},""fit_records"":285,""group_overlap"":0}","[{""fit_group_counts_by_label"":{""0"":9,""1"":10},""fit_groups"":19,""fit_records"":95,""fold"":0,""group_overlap"":0,""validation_group_counts_by_label"":{""0"":11,""1"":9},""validation_groups"":20,""validation_records"":100},{""fit_group_counts_by_label"":{""0"":11,""1"":9},""fit_groups"":20,""fit_records"":100,""fold"":1,""group_overlap"":0,""validation_group_counts_by_label"":{""0"":9,""1"":10},""validation_groups"":19,""validation_records"":95}]",0
deduplication__embedding__granite97m__xgboost,deduplication,embedding,granite97m,xgboost,0,480,120,96,24,0,13.059947100002319,0.0969498000049498,0.010584200004814193,0.08820166670678493,classifier_pipeline_with_precomputed_embedding,"{""model__learning_rate"":0.05,""model__max_depth"":2,""model__n_estimators"":160}",-0.21754385964912282,"{""curve_points"":2450,""eligible"":true,""negative_threshold"":0.26,""positive_threshold"":0.96,""selected"":{""abstained"":49,""automated_false_negative_rate"":0.0,""automated_false_positive_rate"":0.0,""automation_duplicate_recall"":0.55,""automation_nonduplicate_recall"":0.9578947368421052,""coverage"":0.7487179487179487,""covered"":146,""covered_error_rate"":0.0,""false_negative_cost"":5.0,""false_positive_cost"":1.0,""fn"":0,""fp"":0,""negative_predictive_value"":1.0,""negative_threshold"":0.26,""negatives"":95,""positive_threshold"":0.96,""positives"":100,""precision"":1.0,""threshold"":0.96,""tn"":91,""tp"":55,""weighted_covered_error"":0.0}}","{""balance_score"":0.011057692307692268,""calibration_group_counts_by_label"":{""0"":19,""1"":20},""calibration_groups"":39,""calibration_label_counts"":{""0"":95,""1"":100},""calibration_records"":195,""fit_group_counts_by_label"":{""0"":28,""1"":29},""fit_groups"":57,""fit_label_counts"":{""0"":140,""1"":145},""fit_records"":285,""group_overlap"":0}","[{""fit_group_counts_by_label"":{""0"":11,""1"":8},""fit_groups"":19,""fit_records"":95,""fold"":0,""group_overlap"":0,""validation_group_counts_by_label"":{""0"":8,""1"":12},""validation_groups"":20,""validation_records"":100},{""fit_group_counts_by_label"":{""0"":8,""1"":12},""fit_groups"":20,""fit_records"":100,""fold"":1,""group_overlap"":0,""validation_group_counts_by_label"":{""0"":11,""1"":8},""validation_groups"":19,""validation_records"":95}]",0
deduplication__embedding__granite97m__xgboost,deduplication,embedding,granite97m,xgboost,1,480,120,96,24,0,13.979892999996082,0.10116269999707583,0.010393899996415712,0.08661583330346427,classifier_pipeline_with_precomputed_embedding,"{""model__learning_rate"":0.05,""model__max_depth"":2,""model__n_estimators"":160}",-0.2456140350877193,"{""curve_points"":2450,""eligible"":true,""negative_threshold"":0.16,""positive_threshold"":0.7,""selected"":{""abstained"":0,""automated_false_negative_rate"":0.0,""automated_false_positive_rate"":0.0,""automation_duplicate_recall"":1.0,""automation_nonduplicate_recall"":1.0,""coverage"":1.0,""covered"":195,""covered_error_rate"":0.0,""false_negative_cost"":5.0,""false_positive_cost"":1.0,""fn"":0,""fp"":0,""negative_predictive_value"":1.0,""negative_threshold"":0.16,""negatives"":95,""positive_threshold"":0.7,""positives"":100,""precision"":1.0,""threshold"":0.7,""tn"":95,""tp"":100,""weighted_covered_error"":0.0}}","{""balance_score"":0.011057692307692268,""calibration_group_counts_by_label"":{""0"":19,""1"":20},""calibration_groups"":39,""calibration_label_counts"":{""0"":95,""1"":100},""calibration_records"":195,""fit_group_counts_by_label"":{""0"":28,""1"":29},""fit_groups"":57,""fit_label_counts"":{""0"":140,""1"":145},""fit_records"":285,""group_overlap"":0}","[{""fit_group_counts_by_label"":{""0"":11,""1"":8},""fit_groups"":19,""fit_records"":95,""fold"":0,""group_overlap"":0,""validation_group_counts_by_label"":{""0"":8,""1"":12},""validation_groups"":20,""validation_records"":100},{""fit_group_counts_by_label"":{""0"":8,""1"":12},""fit_groups"":20,""fit_records"":100,""fold"":1,""group_overlap"":0,""validation_group_counts_by_label"":{""0"":11,""1"":8},""validation_groups"":19,""validation_records"":95}]",0
deduplication__embedding__granite97m__xgboost,deduplication,embedding,granite97m,xgboost,2,480,120,96,24,0,12.752676800009795,0.133777299997746,0.013573300006100908,0.11311083338417423,classifier_pipeline_with_precomputed_embedding,"{""model__learning_rate"":0.05,""model__max_depth"":2,""model__n_estimators"":160}",-0.14035087719298245,"{""curve_points"":2450,""eligible"":true,""negative_threshold"":0.08,""positive_threshold"":0.96,""selected"":{""abstained"":24,""automated_false_negative_rate"":0.0,""automated_false_positive_rate"":0.0,""automation_duplicate_recall"":0.81,""automation_nonduplicate_recall"":0.9473684210526315,""coverage"":0.8769230769230769,""covered"":171,""covered_error_rate"":0.0,""false_negative_cost"":5.0,""false_positive_cost"":1.0,""fn"":0,""fp"":0,""negative_predictive_value"":1.0,""negative_threshold"":0.08,""negatives"":95,""positive_threshold"":0.96,""positives"":100,""precision"":1.0,""threshold"":0.96,""tn"":90,""tp"":81,""weighted_covered_error"":0.0}}","{""balance_score"":0.011057692307692268,""calibration_group_counts_by_label"":{""0"":19,""1"":20},""calibration_groups"":39,""calibration_label_counts"":{""0"":95,""1"":100},""calibration_records"":195,""fit_group_counts_by_label"":{""0"":28,""1"":29},""fit_groups"":57,""fit_label_counts"":{""0"":140,""1"":145},""fit_records"":285,""group_overlap"":0}","[{""fit_group_counts_by_label"":{""0"":8,""1"":11},""fit_groups"":19,""fit_records"":95,""fold"":0,""group_overlap"":0,""validation_group_counts_by_label"":{""0"":11,""1"":9},""validation_groups"":20,""validation_records"":100},{""fit_group_counts_by_label"":{""0"":11,""1"":9},""fit_groups"":20,""fit_records"":100,""fold"":1,""group_overlap"":0,""validation_group_counts_by_label"":{""0"":8,""1"":11},""validation_groups"":19,""validation_records"":95}]",0
deduplication__embedding__granite97m__xgboost,deduplication,embedding,granite97m,xgboost,3,480,120,96,24,0,12.689414699998451,0.1112215000030119,0.008776400005444884,0.07313666671204071,classifier_pipeline_with_precomputed_embedding,"{""model__learning_rate"":0.05,""model__max_depth"":2,""model__n_estimators"":160}",-0.08421052631578947,"{""curve_points"":2450,""eligible"":true,""negative_threshold"":0.05,""positive_threshold"":0.99,""selected"":{""abstained"":96,""automated_false_negative_rate"":0.0,""automated_false_positive_rate"":0.01,""automation_duplicate_recall"":0.2,""automation_nonduplicate_recall"":0.79,""coverage"":0.5076923076923077,""covered"":99,""covered_error_rate"":0.010101010101010102,""false_negative_cost"":5.0,""false_positive_cost"":1.0,""fn"":0,""fp"":1,""negative_predictive_value"":1.0,""negative_threshold"":0.05,""negatives"":100,""positive_threshold"":0.99,""positives"":95,""precision"":0.95,""threshold"":0.99,""tn"":79,""tp"":19,""weighted_covered_error"":0.010101010101010102}}","{""balance_score"":0.022275641025641058,""calibration_group_counts_by_label"":{""0"":20,""1"":19},""calibration_groups"":39,""calibration_label_counts"":{""0"":100,""1"":95},""calibration_records"":195,""fit_group_counts_by_label"":{""0"":30,""1"":27},""fit_groups"":57,""fit_label_counts"":{""0"":150,""1"":135},""fit_records"":285,""group_overlap"":0}","[{""fit_group_counts_by_label"":{""0"":12,""1"":7},""fit_groups"":19,""fit_records"":95,""fold"":0,""group_overlap"":0,""validation_group_counts_by_label"":{""0"":8,""1"":12},""validation_groups"":20,""validation_records"":100},{""fit_group_counts_by_label"":{""0"":8,""1"":12},""fit_groups"":20,""fit_records"":100,""fold"":1,""group_overlap"":0,""validation_group_counts_by_label"":{""0"":12,""1"":7},""validation_groups"":19,""validation_records"":95}]",0
deduplication__embedding__granite97m__xgboost,deduplication,embedding,granite97m,xgboost,4,480,120,96,24,0,14.671212700006436,0.09255220000341069,0.008843200004776008,0.0736933333731334,classifier_pipeline_with_precomputed_embedding,"{""model__learning_rate"":0.05,""model__max_depth"":4,""model__n_estimators"":160}",-0.18947368421052635,"{""curve_points"":2450,""eligible"":true,""negative_threshold"":0.28,""positive_threshold"":0.94,""selected"":{""abstained"":1,""automated_false_negative_rate"":0.0,""automated_false_positive_rate"":0.0,""automation_duplicate_recall"":0.9894736842105263,""automation_nonduplicate_recall"":1.0,""coverage"":0.9948717948717949,""covered"":194,""covered_error_rate"":0.0,""false_negative_cost"":5.0,""false_positive_cost"":1.0,""fn"":0,""fp"":0,""negative_predictive_value"":1.0,""negative_threshold"":0.28,""negatives"":100,""positive_threshold"":0.94,""positives"":95,""precision"":1.0,""threshold"":0.94,""tn"":100,""tp"":94,""weighted_covered_error"":0.0}}","{""balance_score"":0.011057692307692268,""calibration_group_counts_by_label"":{""0"":20,""1"":19},""calibration_groups"":39,""calibration_label_counts"":{""0"":100,""1"":95},""calibration_records"":195,""fit_group_counts_by_label"":{""0"":29,""1"":28},""fit_groups"":57,""fit_label_counts"":{""0"":145,""1"":140},""fit_records"":285,""group_overlap"":0}","[{""fit_group_counts_by_label"":{""0"":9,""1"":10},""fit_groups"":19,""fit_records"":95,""fold"":0,""group_overlap"":0,""validation_group_counts_by_label"":{""0"":11,""1"":9},""validation_groups"":20,""validation_records"":100},{""fit_group_counts_by_label"":{""0"":11,""1"":9},""fit_groups"":20,""fit_records"":100,""fold"":1,""group_overlap"":0,""validation_group_counts_by_label"":{""0"":9,""1"":10},""validation_groups"":19,""validation_records"":95}]",0
classification__embedding__multilingual_e5_small__logistic_regression,classification,embedding,multilingual_e5_small,logistic_regression,0,406,102,84,21,0,0.6830711000075098,0.11360759999661241,0.004407300002640113,0.04320882355529523,classifier_pipeline_with_precomputed_embedding,"{""model__C"":10.0}",0.6566251369151703,"{""automatic_maintenance_as_obra"":0,""automatic_non_obra_as_obra"":0,""coverage"":0.5393939393939394,""covered"":89,""eligible"":true,""errors"":4,""obra_threshold"":0.9,""risk"":0.0449438202247191,""threshold"":0.68}","{""balance_score"":0.013121361397223433,""calibration_group_counts_by_label"":{""0"":9,""1"":11,""2"":10,""3"":4},""calibration_groups"":34,""calibration_label_counts"":{""0"":41,""1"":55,""2"":50,""3"":19},""calibration_records"":165,""fit_group_counts_by_label"":{""0"":12,""1"":16,""2"":15,""3"":7},""fit_groups"":50,""fit_label_counts"":{""0"":60,""1"":79,""2"":73,""3"":29},""fit_records"":241,""group_overlap"":0}","[{""fit_group_counts_by_label"":{""0"":5,""1"":5,""2"":5,""3"":2},""fit_groups"":17,""fit_records"":80,""fold"":0,""group_overlap"":0,""validation_group_counts_by_label"":{""0"":4,""1"":6,""2"":5,""3"":2},""validation_groups"":17,""validation_records"":85},{""fit_group_counts_by_label"":{""0"":4,""1"":6,""2"":5,""3"":2},""fit_groups"":17,""fit_records"":85,""fold"":1,""group_overlap"":0,""validation_group_counts_by_label"":{""0"":5,""1"":5,""2"":5,""3"":2},""validation_groups"":17,""validation_records"":80}]",0
classification__embedding__multilingual_e5_small__logistic_regression,classification,embedding,multilingual_e5_small,logistic_regression,1,415,93,84,21,0,0.3501690000121016,0.07614269999612588,0.0037852999957976863,0.04070215049244824,classifier_pipeline_with_precomputed_embedding,"{""model__C"":1.0}",0.6342624660816525,"{""eligible"":false,""obra_threshold"":0.9,""threshold"":null}","{""balance_score"":0.030156991602774727,""calibration_group_counts_by_label"":{""0"":10,""1"":10,""2"":10,""3"":4},""calibration_groups"":34,""calibration_label_counts"":{""0"":47,""1"":49,""2"":50,""3"":19},""calibration_records"":165,""fit_group_counts_by_label"":{""0"":14,""1"":16,""2"":15,""3"":5},""fit_groups"":50,""fit_label_counts"":{""0"":70,""1"":80,""2"":75,""3"":25},""fit_records"":250,""group_overlap"":0}","[{""fit_group_counts_by_label"":{""0"":3,""1"":5,""2"":7,""3"":2},""fit_groups"":17,""fit_records"":84,""fold"":0,""group_overlap"":0,""validation_group_counts_by_label"":{""0"":7,""1"":5,""2"":3,""3"":2},""validation_groups"":17,""validation_records"":81},{""fit_group_counts_by_label"":{""0"":7,""1"":5,""2"":3,""3"":2},""fit_groups"":17,""fit_records"":81,""fold"":1,""group_overlap"":0,""validation_group_counts_by_label"":{""0"":3,""1"":5,""2"":7,""3"":2},""validation_groups"":17,""validation_records"":84}]",0
classification__embedding__multilingual_e5_small__logistic_regression,classification,embedding,multilingual_e5_small,logistic_regression,2,405,103,84,21,0,0.4136170999991009,0.15234380000038072,0.00370550001389347,0.03597572829022787,classifier_pipeline_with_precomputed_embedding,"{""model__C"":10.0}",0.6347289140970135,"{""automatic_maintenance_as_obra"":0,""automatic_non_obra_as_obra"":0,""coverage"":0.5773809523809523,""covered"":97,""eligible"":true,""errors"":6,""obra_threshold"":0.9,""risk"":0.061855670103092786,""threshold"":0.64}","{""balance_score"":0.02760141093474426,""calibration_group_counts_by_label"":{""0"":8,""1"":11,""2"":11,""3"":4},""calibration_groups"":34,""calibration_label_counts"":{""0"":40,""1"":55,""2"":55,""3"":18},""calibration_records"":168,""fit_group_counts_by_label"":{""0"":13,""1"":15,""2"":16,""3"":6},""fit_groups"":50,""fit_label_counts"":{""0"":58,""1"":75,""2"":78,""3"":26},""fit_records"":237,""group_overlap"":0}","[{""fit_group_counts_by_label"":{""0"":4,""1"":4,""2"":7,""3"":2},""fit_groups"":17,""fit_records"":85,""fold"":0,""group_overlap"":0,""validation_group_counts_by_label"":{""0"":4,""1"":7,""2"":4,""3"":2},""validation_groups"":17,""validation_records"":83},{""fit_group_counts_by_label"":{""0"":4,""1"":7,""2"":4,""3"":2},""fit_groups"":17,""fit_records"":83,""fold"":1,""group_overlap"":0,""validation_group_counts_by_label"":{""0"":4,""1"":4,""2"":7,""3"":2},""validation_groups"":17,""validation_records"":85}]",0
classification__embedding__multilingual_e5_small__logistic_regression,classification,embedding,multilingual_e5_small,logistic_regression,3,403,105,84,21,0,0.3908080999972299,0.07493469999462832,0.0037097000022185966,0.035330476211605684,classifier_pipeline_with_precomputed_embedding,"{""model__C"":10.0}",0.5695710119991068,"{""automatic_maintenance_as_obra"":0,""automatic_non_obra_as_obra"":0,""coverage"":0.5185185185185185,""covered"":84,""eligible"":true,""errors"":3,""obra_threshold"":0.9,""risk"":0.03571428571428571,""threshold"":0.69}","{""balance_score"":0.02989308580706429,""calibration_group_counts_by_label"":{""0"":10,""1"":9,""2"":10,""3"":5},""calibration_groups"":34,""calibration_label_counts"":{""0"":47,""1"":44,""2"":48,""3"":23},""calibration_records"":162,""fit_group_counts_by_label"":{""0"":15,""1"":14,""2"":14,""3"":7},""fit_groups"":50,""fit_label_counts"":{""0"":71,""1"":70,""2"":70,""3"":30},""fit_records"":241,""group_overlap"":0}","[{""fit_group_counts_by_label"":{""0"":4,""1"":4,""2"":6,""3"":3},""fit_groups"":17,""fit_records"":83,""fold"":0,""group_overlap"":0,""validation_group_counts_by_label"":{""0"":6,""1"":5,""2"":4,""3"":2},""validation_groups"":17,""validation_records"":79},{""fit_group_counts_by_label"":{""0"":6,""1"":5,""2"":4,""3"":2},""fit_groups"":17,""fit_records"":79,""fold"":1,""group_overlap"":0,""validation_group_counts_by_label"":{""0"":4,""1"":4,""2"":6,""3"":3},""validation_groups"":17,""validation_records"":83}]",0
classification__embedding__multilingual_e5_small__logistic_regression,classification,embedding,multilingual_e5_small,logistic_regression,4,403,105,84,21,0,0.36994160000176635,0.08527049999975134,0.0037468000082299113,0.03568380960218963,classifier_pipeline_with_precomputed_embedding,"{""model__C"":10.0}",0.7466796539758377,"{""automatic_maintenance_as_obra"":0,""automatic_non_obra_as_obra"":0,""coverage"":0.5329341317365269,""covered"":89,""eligible"":true,""errors"":6,""obra_threshold"":0.9,""risk"":0.06741573033707865,""threshold"":0.61}","{""balance_score"":0.023069493766808807,""calibration_group_counts_by_label"":{""0"":8,""1"":11,""2"":11,""3"":4},""calibration_groups"":34,""calibration_label_counts"":{""0"":40,""1"":54,""2"":55,""3"":18},""calibration_records"":167,""fit_group_counts_by_label"":{""0"":13,""1"":15,""2"":16,""3"":6},""fit_groups"":50,""fit_label_counts"":{""0"":58,""1"":75,""2"":78,""3"":25},""fit_records"":236,""group_overlap"":0}","[{""fit_group_counts_by_label"":{""0"":4,""1"":6,""2"":5,""3"":2},""fit_groups"":17,""fit_records"":84,""fold"":0,""group_overlap"":0,""validation_group_counts_by_label"":{""0"":4,""1"":5,""2"":6,""3"":2},""validation_groups"":17,""validation_records"":83},{""fit_group_counts_by_label"":{""0"":4,""1"":5,""2"":6,""3"":2},""fit_groups"":17,""fit_records"":83,""fold"":1,""group_overlap"":0,""validation_group_counts_by_label"":{""0"":4,""1"":6,""2"":5,""3"":2},""validation_groups"":17,""validation_records"":84}]",0
classification__embedding__multilingual_e5_small__decision_tree,classification,embedding,multilingual_e5_small,decision_tree,0,406,102,84,21,0,0.8052507999964291,0.09147430000302847,0.0037032000109320506,0.03630588246011814,classifier_pipeline_with_precomputed_embedding,"{""model__max_depth"":3,""model__min_samples_leaf"":2}",0.44409276903652645,"{""eligible"":false,""obra_threshold"":0.9,""threshold"":null}","{""balance_score"":0.013121361397223433,""calibration_group_counts_by_label"":{""0"":9,""1"":11,""2"":10,""3"":4},""calibration_groups"":34,""calibration_label_counts"":{""0"":41,""1"":55,""2"":50,""3"":19},""calibration_records"":165,""fit_group_counts_by_label"":{""0"":12,""1"":16,""2"":15,""3"":7},""fit_groups"":50,""fit_label_counts"":{""0"":60,""1"":79,""2"":73,""3"":29},""fit_records"":241,""group_overlap"":0}","[{""fit_group_counts_by_label"":{""0"":5,""1"":5,""2"":5,""3"":2},""fit_groups"":17,""fit_records"":80,""fold"":0,""group_overlap"":0,""validation_group_counts_by_label"":{""0"":4,""1"":6,""2"":5,""3"":2},""validation_groups"":17,""validation_records"":85},{""fit_group_counts_by_label"":{""0"":4,""1"":6,""2"":5,""3"":2},""fit_groups"":17,""fit_records"":85,""fold"":1,""group_overlap"":0,""validation_group_counts_by_label"":{""0"":5,""1"":5,""2"":5,""3"":2},""validation_groups"":17,""validation_records"":80}]",0
classification__embedding__multilingual_e5_small__decision_tree,classification,embedding,multilingual_e5_small,decision_tree,1,415,93,84,21,0,0.8926211000070907,0.05974369999603368,0.0033823999983724207,0.03636989245561743,classifier_pipeline_with_precomputed_embedding,"{""model__max_depth"":6,""model__min_samples_leaf"":5}",0.3228378382347979,"{""eligible"":false,""obra_threshold"":0.9,""threshold"":null}","{""balance_score"":0.030156991602774727,""calibration_group_counts_by_label"":{""0"":10,""1"":10,""2"":10,""3"":4},""calibration_groups"":34,""calibration_label_counts"":{""0"":47,""1"":49,""2"":50,""3"":19},""calibration_records"":165,""fit_group_counts_by_label"":{""0"":14,""1"":16,""2"":15,""3"":5},""fit_groups"":50,""fit_label_counts"":{""0"":70,""1"":80,""2"":75,""3"":25},""fit_records"":250,""group_overlap"":0}","[{""fit_group_counts_by_label"":{""0"":3,""1"":5,""2"":7,""3"":2},""fit_groups"":17,""fit_records"":84,""fold"":0,""group_overlap"":0,""validation_group_counts_by_label"":{""0"":7,""1"":5,""2"":3,""3"":2},""validation_groups"":17,""validation_records"":81},{""fit_group_counts_by_label"":{""0"":7,""1"":5,""2"":3,""3"":2},""fit_groups"":17,""fit_records"":81,""fold"":1,""group_overlap"":0,""validation_group_counts_by_label"":{""0"":3,""1"":5,""2"":7,""3"":2},""validation_groups"":17,""validation_records"":84}]",0
classification__embedding__multilingual_e5_small__decision_tree,classification,embedding,multilingual_e5_small,decision_tree,2,405,103,84,21,0,0.7261891999951331,0.1363643999939086,0.006288499993388541,0.06105339799406351,classifier_pipeline_with_precomputed_embedding,"{""model__max_depth"":3,""model__min_samples_leaf"":5}",0.34006020997587133,"{""eligible"":false,""obra_threshold"":0.9,""threshold"":null}","{""balance_score"":0.02760141093474426,""calibration_group_counts_by_label"":{""0"":8,""1"":11,""2"":11,""3"":4},""calibration_groups"":34,""calibration_label_counts"":{""0"":40,""1"":55,""2"":55,""3"":18},""calibration_records"":168,""fit_group_counts_by_label"":{""0"":13,""1"":15,""2"":16,""3"":6},""fit_groups"":50,""fit_label_counts"":{""0"":58,""1"":75,""2"":78,""3"":26},""fit_records"":237,""group_overlap"":0}","[{""fit_group_counts_by_label"":{""0"":4,""1"":4,""2"":7,""3"":2},""fit_groups"":17,""fit_records"":85,""fold"":0,""group_overlap"":0,""validation_group_counts_by_label"":{""0"":4,""1"":7,""2"":4,""3"":2},""validation_groups"":17,""validation_records"":83},{""fit_group_counts_by_label"":{""0"":4,""1"":7,""2"":4,""3"":2},""fit_groups"":17,""fit_records"":83,""fold"":1,""group_overlap"":0,""validation_group_counts_by_label"":{""0"":4,""1"":4,""2"":7,""3"":2},""validation_groups"":17,""validation_records"":85}]",0
classification__embedding__multilingual_e5_small__decision_tree,classification,embedding,multilingual_e5_small,decision_tree,3,403,105,84,21,0,0.8253789000009419,0.05945620000420604,0.0034872999967774376,0.033212380921689884,classifier_pipeline_with_precomputed_embedding,"{""model__max_depth"":6,""model__min_samples_leaf"":2}",0.2880202620957932,"{""eligible"":false,""obra_threshold"":0.9,""threshold"":null}","{""balance_score"":0.02989308580706429,""calibration_group_counts_by_label"":{""0"":10,""1"":9,""2"":10,""3"":5},""calibration_groups"":34,""calibration_label_counts"":{""0"":47,""1"":44,""2"":48,""3"":23},""calibration_records"":162,""fit_group_counts_by_label"":{""0"":15,""1"":14,""2"":14,""3"":7},""fit_groups"":50,""fit_label_counts"":{""0"":71,""1"":70,""2"":70,""3"":30},""fit_records"":241,""group_overlap"":0}","[{""fit_group_counts_by_label"":{""0"":4,""1"":4,""2"":6,""3"":3},""fit_groups"":17,""fit_records"":83,""fold"":0,""group_overlap"":0,""validation_group_counts_by_label"":{""0"":6,""1"":5,""2"":4,""3"":2},""validation_groups"":17,""validation_records"":79},{""fit_group_counts_by_label"":{""0"":6,""1"":5,""2"":4,""3"":2},""fit_groups"":17,""fit_records"":79,""fold"":1,""group_overlap"":0,""validation_group_counts_by_label"":{""0"":4,""1"":4,""2"":6,""3"":3},""validation_groups"":17,""validation_records"":83}]",0
classification__embedding__multilingual_e5_small__decision_tree,classification,embedding,multilingual_e5_small,decision_tree,4,403,105,84,21,0,0.7945500999921933,0.08176950000051875,0.003493500000331551,0.0332714285745862,classifier_pipeline_with_precomputed_embedding,"{""model__max_depth"":6,""model__min_samples_leaf"":2}",0.3679552046113866,"{""eligible"":false,""obra_threshold"":0.9,""threshold"":null}","{""balance_score"":0.023069493766808807,""calibration_group_counts_by_label"":{""0"":8,""1"":11,""2"":11,""3"":4},""calibration_groups"":34,""calibration_label_counts"":{""0"":40,""1"":54,""2"":55,""3"":18},""calibration_records"":167,""fit_group_counts_by_label"":{""0"":13,""1"":15,""2"":16,""3"":6},""fit_groups"":50,""fit_label_counts"":{""0"":58,""1"":75,""2"":78,""3"":25},""fit_records"":236,""group_overlap"":0}","[{""fit_group_counts_by_label"":{""0"":4,""1"":6,""2"":5,""3"":2},""fit_groups"":17,""fit_records"":84,""fold"":0,""group_overlap"":0,""validation_group_counts_by_label"":{""0"":4,""1"":5,""2"":6,""3"":2},""validation_groups"":17,""validation_records"":83},{""fit_group_counts_by_label"":{""0"":4,""1"":5,""2"":6,""3"":2},""fit_groups"":17,""fit_records"":83,""fold"":1,""group_overlap"":0,""validation_group_counts_by_label"":{""0"":4,""1"":6,""2"":5,""3"":2},""validation_groups"":17,""validation_records"":84}]",0
classification__embedding__multilingual_e5_small__linear_svm,classification,embedding,multilingual_e5_small,linear_svm,0,406,102,84,21,0,1.090502799997921,0.1066885999898659,0.0040203999960795045,0.039415686236073576,classifier_pipeline_with_precomputed_embedding,"{""model__C"":10.0}",0.6860375071612005,"{""automatic_maintenance_as_obra"":0,""automatic_non_obra_as_obra"":0,""coverage"":0.503030303030303,""covered"":83,""eligible"":true,""errors"":2,""obra_threshold"":0.9,""risk"":0.024096385542168676,""threshold"":0.76}","{""balance_score"":0.013121361397223433,""calibration_group_counts_by_label"":{""0"":9,""1"":11,""2"":10,""3"":4},""calibration_groups"":34,""calibration_label_counts"":{""0"":41,""1"":55,""2"":50,""3"":19},""calibration_records"":165,""fit_group_counts_by_label"":{""0"":12,""1"":16,""2"":15,""3"":7},""fit_groups"":50,""fit_label_counts"":{""0"":60,""1"":79,""2"":73,""3"":29},""fit_records"":241,""group_overlap"":0}","[{""fit_group_counts_by_label"":{""0"":5,""1"":5,""2"":5,""3"":2},""fit_groups"":17,""fit_records"":80,""fold"":0,""group_overlap"":0,""validation_group_counts_by_label"":{""0"":4,""1"":6,""2"":5,""3"":2},""validation_groups"":17,""validation_records"":85},{""fit_group_counts_by_label"":{""0"":4,""1"":6,""2"":5,""3"":2},""fit_groups"":17,""fit_records"":85,""fold"":1,""group_overlap"":0,""validation_group_counts_by_label"":{""0"":5,""1"":5,""2"":5,""3"":2},""validation_groups"":17,""validation_records"":80}]",0
classification__embedding__multilingual_e5_small__linear_svm,classification,embedding,multilingual_e5_small,linear_svm,1,415,93,84,21,0,1.1413759999995818,0.07453810000151861,0.003676000007544644,0.039526881801555315,classifier_pipeline_with_precomputed_embedding,"{""model__C"":1.0}",0.6322695334442093,"{""eligible"":false,""obra_threshold"":0.9,""threshold"":null}","{""balance_score"":0.030156991602774727,""calibration_group_counts_by_label"":{""0"":10,""1"":10,""2"":10,""3"":4},""calibration_groups"":34,""calibration_label_counts"":{""0"":47,""1"":49,""2"":50,""3"":19},""calibration_records"":165,""fit_group_counts_by_label"":{""0"":14,""1"":16,""2"":15,""3"":5},""fit_groups"":50,""fit_label_counts"":{""0"":70,""1"":80,""2"":75,""3"":25},""fit_records"":250,""group_overlap"":0}","[{""fit_group_counts_by_label"":{""0"":3,""1"":5,""2"":7,""3"":2},""fit_groups"":17,""fit_records"":84,""fold"":0,""group_overlap"":0,""validation_group_counts_by_label"":{""0"":7,""1"":5,""2"":3,""3"":2},""validation_groups"":17,""validation_records"":81},{""fit_group_counts_by_label"":{""0"":7,""1"":5,""2"":3,""3"":2},""fit_groups"":17,""fit_records"":81,""fold"":1,""group_overlap"":0,""validation_group_counts_by_label"":{""0"":3,""1"":5,""2"":7,""3"":2},""validation_groups"":17,""validation_records"":84}]",0
classification__embedding__multilingual_e5_small__linear_svm,classification,embedding,multilingual_e5_small,linear_svm,2,405,103,84,21,0,1.1716469999955734,0.14022830000612885,0.0038176999951247126,0.03706504849635643,classifier_pipeline_with_precomputed_embedding,"{""model__C"":10.0}",0.6626498014597706,"{""automatic_maintenance_as_obra"":0,""automatic_non_obra_as_obra"":0,""coverage"":0.5297619047619048,""covered"":89,""eligible"":true,""errors"":5,""obra_threshold"":0.9,""risk"":0.056179775280898875,""threshold"":0.77}","{""balance_score"":0.02760141093474426,""calibration_group_counts_by_label"":{""0"":8,""1"":11,""2"":11,""3"":4},""calibration_groups"":34,""calibration_label_counts"":{""0"":40,""1"":55,""2"":55,""3"":18},""calibration_records"":168,""fit_group_counts_by_label"":{""0"":13,""1"":15,""2"":16,""3"":6},""fit_groups"":50,""fit_label_counts"":{""0"":58,""1"":75,""2"":78,""3"":26},""fit_records"":237,""group_overlap"":0}","[{""fit_group_counts_by_label"":{""0"":4,""1"":4,""2"":7,""3"":2},""fit_groups"":17,""fit_records"":85,""fold"":0,""group_overlap"":0,""validation_group_counts_by_label"":{""0"":4,""1"":7,""2"":4,""3"":2},""validation_groups"":17,""validation_records"":83},{""fit_group_counts_by_label"":{""0"":4,""1"":7,""2"":4,""3"":2},""fit_groups"":17,""fit_records"":83,""fold"":1,""group_overlap"":0,""validation_group_counts_by_label"":{""0"":4,""1"":4,""2"":7,""3"":2},""validation_groups"":17,""validation_records"":85}]",0
classification__embedding__multilingual_e5_small__linear_svm,classification,embedding,multilingual_e5_small,linear_svm,3,403,105,84,21,0,0.9169007999880705,0.07900120000704192,0.003864600002998486,0.0368057143142713,classifier_pipeline_with_precomputed_embedding,"{""model__C"":1.0}",0.5415683250984173,"{""automatic_maintenance_as_obra"":0,""automatic_non_obra_as_obra"":0,""coverage"":0.5493827160493827,""covered"":89,""eligible"":true,""errors"":3,""obra_threshold"":0.9,""risk"":0.033707865168539325,""threshold"":0.69}","{""balance_score"":0.02989308580706429,""calibration_group_counts_by_label"":{""0"":10,""1"":9,""2"":10,""3"":5},""calibration_groups"":34,""calibration_label_counts"":{""0"":47,""1"":44,""2"":48,""3"":23},""calibration_records"":162,""fit_group_counts_by_label"":{""0"":15,""1"":14,""2"":14,""3"":7},""fit_groups"":50,""fit_label_counts"":{""0"":71,""1"":70,""2"":70,""3"":30},""fit_records"":241,""group_overlap"":0}","[{""fit_group_counts_by_label"":{""0"":4,""1"":4,""2"":6,""3"":3},""fit_groups"":17,""fit_records"":83,""fold"":0,""group_overlap"":0,""validation_group_counts_by_label"":{""0"":6,""1"":5,""2"":4,""3"":2},""validation_groups"":17,""validation_records"":79},{""fit_group_counts_by_label"":{""0"":6,""1"":5,""2"":4,""3"":2},""fit_groups"":17,""fit_records"":79,""fold"":1,""group_overlap"":0,""validation_group_counts_by_label"":{""0"":4,""1"":4,""2"":6,""3"":3},""validation_groups"":17,""validation_records"":83}]",0
classification__embedding__multilingual_e5_small__linear_svm,classification,embedding,multilingual_e5_small,linear_svm,4,403,105,84,21,0,0.9483798000001116,0.08800699999846984,0.0038144999998621643,0.036328571427258705,classifier_pipeline_with_precomputed_embedding,"{""model__C"":1.0}",0.7370890214655702,"{""automatic_maintenance_as_obra"":0,""automatic_non_obra_as_obra"":0,""coverage"":0.562874251497006,""covered"":94,""eligible"":true,""errors"":6,""obra_threshold"":0.9,""risk"":0.06382978723404255,""threshold"":0.62}","{""balance_score"":0.023069493766808807,""calibration_group_counts_by_label"":{""0"":8,""1"":11,""2"":11,""3"":4},""calibration_groups"":34,""calibration_label_counts"":{""0"":40,""1"":54,""2"":55,""3"":18},""calibration_records"":167,""fit_group_counts_by_label"":{""0"":13,""1"":15,""2"":16,""3"":6},""fit_groups"":50,""fit_label_counts"":{""0"":58,""1"":75,""2"":78,""3"":25},""fit_records"":236,""group_overlap"":0}","[{""fit_group_counts_by_label"":{""0"":4,""1"":6,""2"":5,""3"":2},""fit_groups"":17,""fit_records"":84,""fold"":0,""group_overlap"":0,""validation_group_counts_by_label"":{""0"":4,""1"":5,""2"":6,""3"":2},""validation_groups"":17,""validation_records"":83},{""fit_group_counts_by_label"":{""0"":4,""1"":5,""2"":6,""3"":2},""fit_groups"":17,""fit_records"":83,""fold"":1,""group_overlap"":0,""validation_group_counts_by_label"":{""0"":4,""1"":6,""2"":5,""3"":2},""validation_groups"":17,""validation_records"":84}]",0
classification__embedding__multilingual_e5_small__mlp,classification,embedding,multilingual_e5_small,mlp,0,406,102,84,21,0,41.91450959999929,0.2178525999916019,0.013717599998926744,0.1344862744992818,classifier_pipeline_with_precomputed_embedding,"{""model__alpha"":0.001,""model__hidden_layer_sizes"":[32]}",0.6677457411467028,"{""automatic_maintenance_as_obra"":0,""automatic_non_obra_as_obra"":0,""coverage"":0.5393939393939394,""covered"":89,""eligible"":true,""errors"":0,""obra_threshold"":0.9,""risk"":0.0,""threshold"":0.88}","{""balance_score"":0.013121361397223433,""calibration_group_counts_by_label"":{""0"":9,""1"":11,""2"":10,""3"":4},""calibration_groups"":34,""calibration_label_counts"":{""0"":41,""1"":55,""2"":50,""3"":19},""calibration_records"":165,""fit_group_counts_by_label"":{""0"":12,""1"":16,""2"":15,""3"":7},""fit_groups"":50,""fit_label_counts"":{""0"":60,""1"":79,""2"":73,""3"":29},""fit_records"":241,""group_overlap"":0}","[{""fit_group_counts_by_label"":{""0"":5,""1"":5,""2"":5,""3"":2},""fit_groups"":17,""fit_records"":80,""fold"":0,""group_overlap"":0,""validation_group_counts_by_label"":{""0"":4,""1"":6,""2"":5,""3"":2},""validation_groups"":17,""validation_records"":85},{""fit_group_counts_by_label"":{""0"":4,""1"":6,""2"":5,""3"":2},""fit_groups"":17,""fit_records"":85,""fold"":1,""group_overlap"":0,""validation_group_counts_by_label"":{""0"":5,""1"":5,""2"":5,""3"":2},""validation_groups"":17,""validation_records"":80}]",0
classification__embedding__multilingual_e5_small__mlp,classification,embedding,multilingual_e5_small,mlp,1,415,93,84,21,0,48.32482950000849,0.14459850000275765,0.015282200009096414,0.1643247312806066,classifier_pipeline_with_precomputed_embedding,"{""model__alpha"":0.001,""model__hidden_layer_sizes"":[32]}",0.5782368287259371,"{""automatic_maintenance_as_obra"":0,""automatic_non_obra_as_obra"":0,""coverage"":0.5333333333333333,""covered"":88,""eligible"":true,""errors"":8,""obra_threshold"":0.9,""risk"":0.09090909090909091,""threshold"":0.79}","{""balance_score"":0.030156991602774727,""calibration_group_counts_by_label"":{""0"":10,""1"":10,""2"":10,""3"":4},""calibration_groups"":34,""calibration_label_counts"":{""0"":47,""1"":49,""2"":50,""3"":19},""calibration_records"":165,""fit_group_counts_by_label"":{""0"":14,""1"":16,""2"":15,""3"":5},""fit_groups"":50,""fit_label_counts"":{""0"":70,""1"":80,""2"":75,""3"":25},""fit_records"":250,""group_overlap"":0}","[{""fit_group_counts_by_label"":{""0"":3,""1"":5,""2"":7,""3"":2},""fit_groups"":17,""fit_records"":84,""fold"":0,""group_overlap"":0,""validation_group_counts_by_label"":{""0"":7,""1"":5,""2"":3,""3"":2},""validation_groups"":17,""validation_records"":81},{""fit_group_counts_by_label"":{""0"":7,""1"":5,""2"":3,""3"":2},""fit_groups"":17,""fit_records"":81,""fold"":1,""group_overlap"":0,""validation_group_counts_by_label"":{""0"":3,""1"":5,""2"":7,""3"":2},""validation_groups"":17,""validation_records"":84}]",1
classification__embedding__multilingual_e5_small__mlp,classification,embedding,multilingual_e5_small,mlp,2,405,103,84,21,0,52.14769030000025,0.19118739999248646,0.011507100003655069,0.11171941751121425,classifier_pipeline_with_precomputed_embedding,"{""model__alpha"":0.001,""model__hidden_layer_sizes"":[16]}",0.6280908511579713,"{""automatic_maintenance_as_obra"":0,""automatic_non_obra_as_obra"":0,""coverage"":0.6904761904761905,""covered"":116,""eligible"":true,""errors"":8,""obra_threshold"":0.9,""risk"":0.06896551724137931,""threshold"":0.56}","{""balance_score"":0.02760141093474426,""calibration_group_counts_by_label"":{""0"":8,""1"":11,""2"":11,""3"":4},""calibration_groups"":34,""calibration_label_counts"":{""0"":40,""1"":55,""2"":55,""3"":18},""calibration_records"":168,""fit_group_counts_by_label"":{""0"":13,""1"":15,""2"":16,""3"":6},""fit_groups"":50,""fit_label_counts"":{""0"":58,""1"":75,""2"":78,""3"":26},""fit_records"":237,""group_overlap"":0}","[{""fit_group_counts_by_label"":{""0"":4,""1"":4,""2"":7,""3"":2},""fit_groups"":17,""fit_records"":85,""fold"":0,""group_overlap"":0,""validation_group_counts_by_label"":{""0"":4,""1"":7,""2"":4,""3"":2},""validation_groups"":17,""validation_records"":83},{""fit_group_counts_by_label"":{""0"":4,""1"":7,""2"":4,""3"":2},""fit_groups"":17,""fit_records"":83,""fold"":1,""group_overlap"":0,""validation_group_counts_by_label"":{""0"":4,""1"":4,""2"":7,""3"":2},""validation_groups"":17,""validation_records"":85}]",0
classification__embedding__multilingual_e5_small__mlp,classification,embedding,multilingual_e5_small,mlp,3,403,105,84,21,0,42.35533890000079,0.15765340000507422,0.019222000002628192,0.18306666669169708,classifier_pipeline_with_precomputed_embedding,"{""model__alpha"":0.001,""model__hidden_layer_sizes"":[32]}",0.5726231243956654,"{""eligible"":false,""obra_threshold"":0.9,""threshold"":null}","{""balance_score"":0.02989308580706429,""calibration_group_counts_by_label"":{""0"":10,""1"":9,""2"":10,""3"":5},""calibration_groups"":34,""calibration_label_counts"":{""0"":47,""1"":44,""2"":48,""3"":23},""calibration_records"":162,""fit_group_counts_by_label"":{""0"":15,""1"":14,""2"":14,""3"":7},""fit_groups"":50,""fit_label_counts"":{""0"":71,""1"":70,""2"":70,""3"":30},""fit_records"":241,""group_overlap"":0}","[{""fit_group_counts_by_label"":{""0"":4,""1"":4,""2"":6,""3"":3},""fit_groups"":17,""fit_records"":83,""fold"":0,""group_overlap"":0,""validation_group_counts_by_label"":{""0"":6,""1"":5,""2"":4,""3"":2},""validation_groups"":17,""validation_records"":79},{""fit_group_counts_by_label"":{""0"":6,""1"":5,""2"":4,""3"":2},""fit_groups"":17,""fit_records"":79,""fold"":1,""group_overlap"":0,""validation_group_counts_by_label"":{""0"":4,""1"":4,""2"":6,""3"":3},""validation_groups"":17,""validation_records"":83}]",0
classification__embedding__multilingual_e5_small__mlp,classification,embedding,multilingual_e5_small,mlp,4,403,105,84,21,0,53.84572319999279,0.18526360001123976,0.021713399997679517,0.2067942856921859,classifier_pipeline_with_precomputed_embedding,"{""model__alpha"":0.001,""model__hidden_layer_sizes"":[32]}",0.7613252775215847,"{""eligible"":false,""obra_threshold"":0.9,""threshold"":null}","{""balance_score"":0.023069493766808807,""calibration_group_counts_by_label"":{""0"":8,""1"":11,""2"":11,""3"":4},""calibration_groups"":34,""calibration_label_counts"":{""0"":40,""1"":54,""2"":55,""3"":18},""calibration_records"":167,""fit_group_counts_by_label"":{""0"":13,""1"":15,""2"":16,""3"":6},""fit_groups"":50,""fit_label_counts"":{""0"":58,""1"":75,""2"":78,""3"":25},""fit_records"":236,""group_overlap"":0}","[{""fit_group_counts_by_label"":{""0"":4,""1"":6,""2"":5,""3"":2},""fit_groups"":17,""fit_records"":84,""fold"":0,""group_overlap"":0,""validation_group_counts_by_label"":{""0"":4,""1"":5,""2"":6,""3"":2},""validation_groups"":17,""validation_records"":83},{""fit_group_counts_by_label"":{""0"":4,""1"":5,""2"":6,""3"":2},""fit_groups"":17,""fit_records"":83,""fold"":1,""group_overlap"":0,""validation_group_counts_by_label"":{""0"":4,""1"":6,""2"":5,""3"":2},""validation_groups"":17,""validation_records"":84}]",1
classification__embedding__multilingual_e5_small__xgboost,classification,embedding,multilingual_e5_small,xgboost,0,406,102,84,21,0,40.76592219999293,0.15332329999364447,0.00647900000330992,0.06351960787558746,classifier_pipeline_with_precomputed_embedding,"{""model__learning_rate"":0.05,""model__max_depth"":4,""model__n_estimators"":160}",0.5274462994478987,"{""eligible"":false,""obra_threshold"":0.9,""threshold"":null}","{""balance_score"":0.013121361397223433,""calibration_group_counts_by_label"":{""0"":9,""1"":11,""2"":10,""3"":4},""calibration_groups"":34,""calibration_label_counts"":{""0"":41,""1"":55,""2"":50,""3"":19},""calibration_records"":165,""fit_group_counts_by_label"":{""0"":12,""1"":16,""2"":15,""3"":7},""fit_groups"":50,""fit_label_counts"":{""0"":60,""1"":79,""2"":73,""3"":29},""fit_records"":241,""group_overlap"":0}","[{""fit_group_counts_by_label"":{""0"":5,""1"":5,""2"":5,""3"":2},""fit_groups"":17,""fit_records"":80,""fold"":0,""group_overlap"":0,""validation_group_counts_by_label"":{""0"":4,""1"":6,""2"":5,""3"":2},""validation_groups"":17,""validation_records"":85},{""fit_group_counts_by_label"":{""0"":4,""1"":6,""2"":5,""3"":2},""fit_groups"":17,""fit_records"":85,""fold"":1,""group_overlap"":0,""validation_group_counts_by_label"":{""0"":5,""1"":5,""2"":5,""3"":2},""validation_groups"":17,""validation_records"":80}]",0
classification__embedding__multilingual_e5_small__xgboost,classification,embedding,multilingual_e5_small,xgboost,1,415,93,84,21,0,41.02320469998813,0.12339150000480004,0.006645100002060644,0.07145268819420048,classifier_pipeline_with_precomputed_embedding,"{""model__learning_rate"":0.05,""model__max_depth"":4,""model__n_estimators"":160}",0.5072604886133262,"{""eligible"":false,""obra_threshold"":0.9,""threshold"":null}","{""balance_score"":0.030156991602774727,""calibration_group_counts_by_label"":{""0"":10,""1"":10,""2"":10,""3"":4},""calibration_groups"":34,""calibration_label_counts"":{""0"":47,""1"":49,""2"":50,""3"":19},""calibration_records"":165,""fit_group_counts_by_label"":{""0"":14,""1"":16,""2"":15,""3"":5},""fit_groups"":50,""fit_label_counts"":{""0"":70,""1"":80,""2"":75,""3"":25},""fit_records"":250,""group_overlap"":0}","[{""fit_group_counts_by_label"":{""0"":3,""1"":5,""2"":7,""3"":2},""fit_groups"":17,""fit_records"":84,""fold"":0,""group_overlap"":0,""validation_group_counts_by_label"":{""0"":7,""1"":5,""2"":3,""3"":2},""validation_groups"":17,""validation_records"":81},{""fit_group_counts_by_label"":{""0"":7,""1"":5,""2"":3,""3"":2},""fit_groups"":17,""fit_records"":81,""fold"":1,""group_overlap"":0,""validation_group_counts_by_label"":{""0"":3,""1"":5,""2"":7,""3"":2},""validation_groups"":17,""validation_records"":84}]",0
classification__embedding__multilingual_e5_small__xgboost,classification,embedding,multilingual_e5_small,xgboost,2,405,103,84,21,0,39.86119339999277,0.17619630000262987,0.006704100000206381,0.0650883495165668,classifier_pipeline_with_precomputed_embedding,"{""model__learning_rate"":0.05,""model__max_depth"":4,""model__n_estimators"":160}",0.49914358528597197,"{""eligible"":false,""obra_threshold"":0.9,""threshold"":null}","{""balance_score"":0.02760141093474426,""calibration_group_counts_by_label"":{""0"":8,""1"":11,""2"":11,""3"":4},""calibration_groups"":34,""calibration_label_counts"":{""0"":40,""1"":55,""2"":55,""3"":18},""calibration_records"":168,""fit_group_counts_by_label"":{""0"":13,""1"":15,""2"":16,""3"":6},""fit_groups"":50,""fit_label_counts"":{""0"":58,""1"":75,""2"":78,""3"":26},""fit_records"":237,""group_overlap"":0}","[{""fit_group_counts_by_label"":{""0"":4,""1"":4,""2"":7,""3"":2},""fit_groups"":17,""fit_records"":85,""fold"":0,""group_overlap"":0,""validation_group_counts_by_label"":{""0"":4,""1"":7,""2"":4,""3"":2},""validation_groups"":17,""validation_records"":83},{""fit_group_counts_by_label"":{""0"":4,""1"":7,""2"":4,""3"":2},""fit_groups"":17,""fit_records"":83,""fold"":1,""group_overlap"":0,""validation_group_counts_by_label"":{""0"":4,""1"":4,""2"":7,""3"":2},""validation_groups"":17,""validation_records"":85}]",0
classification__embedding__multilingual_e5_small__xgboost,classification,embedding,multilingual_e5_small,xgboost,3,403,105,84,21,0,33.43775559999631,0.11076239999965765,0.0069491000031121075,0.06618190479154389,classifier_pipeline_with_precomputed_embedding,"{""model__learning_rate"":0.05,""model__max_depth"":2,""model__n_estimators"":160}",0.3893766760425595,"{""eligible"":false,""obra_threshold"":0.9,""threshold"":null}","{""balance_score"":0.02989308580706429,""calibration_group_counts_by_label"":{""0"":10,""1"":9,""2"":10,""3"":5},""calibration_groups"":34,""calibration_label_counts"":{""0"":47,""1"":44,""2"":48,""3"":23},""calibration_records"":162,""fit_group_counts_by_label"":{""0"":15,""1"":14,""2"":14,""3"":7},""fit_groups"":50,""fit_label_counts"":{""0"":71,""1"":70,""2"":70,""3"":30},""fit_records"":241,""group_overlap"":0}","[{""fit_group_counts_by_label"":{""0"":4,""1"":4,""2"":6,""3"":3},""fit_groups"":17,""fit_records"":83,""fold"":0,""group_overlap"":0,""validation_group_counts_by_label"":{""0"":6,""1"":5,""2"":4,""3"":2},""validation_groups"":17,""validation_records"":79},{""fit_group_counts_by_label"":{""0"":6,""1"":5,""2"":4,""3"":2},""fit_groups"":17,""fit_records"":79,""fold"":1,""group_overlap"":0,""validation_group_counts_by_label"":{""0"":4,""1"":4,""2"":6,""3"":3},""validation_groups"":17,""validation_records"":83}]",0
classification__embedding__multilingual_e5_small__xgboost,classification,embedding,multilingual_e5_small,xgboost,4,403,105,84,21,0,30.673877299996093,0.19395800000347663,0.008764500002143905,0.08347142859184671,classifier_pipeline_with_precomputed_embedding,"{""model__learning_rate"":0.05,""model__max_depth"":2,""model__n_estimators"":160}",0.5174451404162216,"{""eligible"":false,""obra_threshold"":0.9,""threshold"":null}","{""balance_score"":0.023069493766808807,""calibration_group_counts_by_label"":{""0"":8,""1"":11,""2"":11,""3"":4},""calibration_groups"":34,""calibration_label_counts"":{""0"":40,""1"":54,""2"":55,""3"":18},""calibration_records"":167,""fit_group_counts_by_label"":{""0"":13,""1"":15,""2"":16,""3"":6},""fit_groups"":50,""fit_label_counts"":{""0"":58,""1"":75,""2"":78,""3"":25},""fit_records"":236,""group_overlap"":0}","[{""fit_group_counts_by_label"":{""0"":4,""1"":6,""2"":5,""3"":2},""fit_groups"":17,""fit_records"":84,""fold"":0,""group_overlap"":0,""validation_group_counts_by_label"":{""0"":4,""1"":5,""2"":6,""3"":2},""validation_groups"":17,""validation_records"":83},{""fit_group_counts_by_label"":{""0"":4,""1"":5,""2"":6,""3"":2},""fit_groups"":17,""fit_records"":83,""fold"":1,""group_overlap"":0,""validation_group_counts_by_label"":{""0"":4,""1"":6,""2"":5,""3"":2},""validation_groups"":17,""validation_records"":84}]",0
deduplication__embedding__multilingual_e5_small__logistic_regression,deduplication,embedding,multilingual_e5_small,logistic_regression,0,480,120,96,24,0,0.31995910000114236,0.08781110000563785,0.016417000006185845,0.13680833338488205,classifier_pipeline_with_precomputed_embedding,"{""model__C"":10.0}",-0.19649122807017547,"{""curve_points"":2450,""eligible"":true,""negative_threshold"":0.3,""positive_threshold"":0.71,""selected"":{""abstained"":5,""automated_false_negative_rate"":0.0,""automated_false_positive_rate"":0.0,""automation_duplicate_recall"":0.98,""automation_nonduplicate_recall"":0.968421052631579,""coverage"":0.9743589743589743,""covered"":190,""covered_error_rate"":0.0,""false_negative_cost"":5.0,""false_positive_cost"":1.0,""fn"":0,""fp"":0,""negative_predictive_value"":1.0,""negative_threshold"":0.3,""negatives"":95,""positive_threshold"":0.71,""positives"":100,""precision"":1.0,""threshold"":0.71,""tn"":92,""tp"":98,""weighted_covered_error"":0.0}}","{""balance_score"":0.011057692307692268,""calibration_group_counts_by_label"":{""0"":19,""1"":20},""calibration_groups"":39,""calibration_label_counts"":{""0"":95,""1"":100},""calibration_records"":195,""fit_group_counts_by_label"":{""0"":28,""1"":29},""fit_groups"":57,""fit_label_counts"":{""0"":140,""1"":145},""fit_records"":285,""group_overlap"":0}","[{""fit_group_counts_by_label"":{""0"":11,""1"":8},""fit_groups"":19,""fit_records"":95,""fold"":0,""group_overlap"":0,""validation_group_counts_by_label"":{""0"":8,""1"":12},""validation_groups"":20,""validation_records"":100},{""fit_group_counts_by_label"":{""0"":8,""1"":12},""fit_groups"":20,""fit_records"":100,""fold"":1,""group_overlap"":0,""validation_group_counts_by_label"":{""0"":11,""1"":8},""validation_groups"":19,""validation_records"":95}]",0
deduplication__embedding__multilingual_e5_small__logistic_regression,deduplication,embedding,multilingual_e5_small,logistic_regression,1,480,120,96,24,0,0.7533965000038734,0.0904757999960566,0.006678600009763613,0.05565500008136345,classifier_pipeline_with_precomputed_embedding,"{""model__C"":10.0}",-0.18596491228070175,"{""curve_points"":2450,""eligible"":true,""negative_threshold"":0.07,""positive_threshold"":0.86,""selected"":{""abstained"":75,""automated_false_negative_rate"":0.0,""automated_false_positive_rate"":0.0,""automation_duplicate_recall"":0.72,""automation_nonduplicate_recall"":0.5052631578947369,""coverage"":0.6153846153846154,""covered"":120,""covered_error_rate"":0.0,""false_negative_cost"":5.0,""false_positive_cost"":1.0,""fn"":0,""fp"":0,""negative_predictive_value"":1.0,""negative_threshold"":0.07,""negatives"":95,""positive_threshold"":0.86,""positives"":100,""precision"":1.0,""threshold"":0.86,""tn"":48,""tp"":72,""weighted_covered_error"":0.0}}","{""balance_score"":0.011057692307692268,""calibration_group_counts_by_label"":{""0"":19,""1"":20},""calibration_groups"":39,""calibration_label_counts"":{""0"":95,""1"":100},""calibration_records"":195,""fit_group_counts_by_label"":{""0"":28,""1"":29},""fit_groups"":57,""fit_label_counts"":{""0"":140,""1"":145},""fit_records"":285,""group_overlap"":0}","[{""fit_group_counts_by_label"":{""0"":11,""1"":8},""fit_groups"":19,""fit_records"":95,""fold"":0,""group_overlap"":0,""validation_group_counts_by_label"":{""0"":8,""1"":12},""validation_groups"":20,""validation_records"":100},{""fit_group_counts_by_label"":{""0"":8,""1"":12},""fit_groups"":20,""fit_records"":100,""fold"":1,""group_overlap"":0,""validation_group_counts_by_label"":{""0"":11,""1"":8},""validation_groups"":19,""validation_records"":95}]",0
deduplication__embedding__multilingual_e5_small__logistic_regression,deduplication,embedding,multilingual_e5_small,logistic_regression,2,480,120,96,24,0,0.29578529999707825,0.06388829999195877,0.006862800000817515,0.057190000006812625,classifier_pipeline_with_precomputed_embedding,"{""model__C"":10.0}",-0.2210526315789474,"{""curve_points"":2450,""eligible"":true,""negative_threshold"":0.04,""positive_threshold"":0.78,""selected"":{""abstained"":79,""automated_false_negative_rate"":0.0,""automated_false_positive_rate"":0.031578947368421054,""automation_duplicate_recall"":0.79,""automation_nonduplicate_recall"":0.35789473684210527,""coverage"":0.5948717948717949,""covered"":116,""covered_error_rate"":0.02586206896551724,""false_negative_cost"":5.0,""false_positive_cost"":1.0,""fn"":0,""fp"":3,""negative_predictive_value"":1.0,""negative_threshold"":0.04,""negatives"":95,""positive_threshold"":0.78,""positives"":100,""precision"":0.9634146341463414,""threshold"":0.78,""tn"":34,""tp"":79,""weighted_covered_error"":0.02586206896551724}}","{""balance_score"":0.011057692307692268,""calibration_group_counts_by_label"":{""0"":19,""1"":20},""calibration_groups"":39,""calibration_label_counts"":{""0"":95,""1"":100},""calibration_records"":195,""fit_group_counts_by_label"":{""0"":28,""1"":29},""fit_groups"":57,""fit_label_counts"":{""0"":140,""1"":145},""fit_records"":285,""group_overlap"":0}","[{""fit_group_counts_by_label"":{""0"":8,""1"":11},""fit_groups"":19,""fit_records"":95,""fold"":0,""group_overlap"":0,""validation_group_counts_by_label"":{""0"":11,""1"":9},""validation_groups"":20,""validation_records"":100},{""fit_group_counts_by_label"":{""0"":11,""1"":9},""fit_groups"":20,""fit_records"":100,""fold"":1,""group_overlap"":0,""validation_group_counts_by_label"":{""0"":8,""1"":11},""validation_groups"":19,""validation_records"":95}]",0
deduplication__embedding__multilingual_e5_small__logistic_regression,deduplication,embedding,multilingual_e5_small,logistic_regression,3,480,120,96,24,0,0.285670500001288,0.06553239999630023,0.006506500008981675,0.054220833408180624,classifier_pipeline_with_precomputed_embedding,"{""model__C"":0.1}",-0.21754385964912282,"{""curve_points"":2450,""eligible"":true,""negative_threshold"":0.2,""positive_threshold"":0.95,""selected"":{""abstained"":82,""automated_false_negative_rate"":0.0,""automated_false_positive_rate"":0.0,""automation_duplicate_recall"":0.4421052631578947,""automation_nonduplicate_recall"":0.71,""coverage"":0.5794871794871795,""covered"":113,""covered_error_rate"":0.0,""false_negative_cost"":5.0,""false_positive_cost"":1.0,""fn"":0,""fp"":0,""negative_predictive_value"":1.0,""negative_threshold"":0.2,""negatives"":100,""positive_threshold"":0.95,""positives"":95,""precision"":1.0,""threshold"":0.95,""tn"":71,""tp"":42,""weighted_covered_error"":0.0}}","{""balance_score"":0.022275641025641058,""calibration_group_counts_by_label"":{""0"":20,""1"":19},""calibration_groups"":39,""calibration_label_counts"":{""0"":100,""1"":95},""calibration_records"":195,""fit_group_counts_by_label"":{""0"":30,""1"":27},""fit_groups"":57,""fit_label_counts"":{""0"":150,""1"":135},""fit_records"":285,""group_overlap"":0}","[{""fit_group_counts_by_label"":{""0"":12,""1"":7},""fit_groups"":19,""fit_records"":95,""fold"":0,""group_overlap"":0,""validation_group_counts_by_label"":{""0"":8,""1"":12},""validation_groups"":20,""validation_records"":100},{""fit_group_counts_by_label"":{""0"":8,""1"":12},""fit_groups"":20,""fit_records"":100,""fold"":1,""group_overlap"":0,""validation_group_counts_by_label"":{""0"":12,""1"":7},""validation_groups"":19,""validation_records"":95}]",0
deduplication__embedding__multilingual_e5_small__logistic_regression,deduplication,embedding,multilingual_e5_small,logistic_regression,4,480,120,96,24,0,0.351657699997304,0.0659447999933036,0.010573000006843358,0.08810833339036132,classifier_pipeline_with_precomputed_embedding,"{""model__C"":10.0}",-0.3824561403508772,"{""curve_points"":2450,""eligible"":true,""negative_threshold"":0.3,""positive_threshold"":0.96,""selected"":{""abstained"":52,""automated_false_negative_rate"":0.0,""automated_false_positive_rate"":0.0,""automation_duplicate_recall"":0.5368421052631579,""automation_nonduplicate_recall"":0.92,""coverage"":0.7333333333333333,""covered"":143,""covered_error_rate"":0.0,""false_negative_cost"":5.0,""false_positive_cost"":1.0,""fn"":0,""fp"":0,""negative_predictive_value"":1.0,""negative_threshold"":0.3,""negatives"":100,""positive_threshold"":0.96,""positives"":95,""precision"":1.0,""threshold"":0.96,""tn"":92,""tp"":51,""weighted_covered_error"":0.0}}","{""balance_score"":0.011057692307692268,""calibration_group_counts_by_label"":{""0"":20,""1"":19},""calibration_groups"":39,""calibration_label_counts"":{""0"":100,""1"":95},""calibration_records"":195,""fit_group_counts_by_label"":{""0"":29,""1"":28},""fit_groups"":57,""fit_label_counts"":{""0"":145,""1"":140},""fit_records"":285,""group_overlap"":0}","[{""fit_group_counts_by_label"":{""0"":9,""1"":10},""fit_groups"":19,""fit_records"":95,""fold"":0,""group_overlap"":0,""validation_group_counts_by_label"":{""0"":11,""1"":9},""validation_groups"":20,""validation_records"":100},{""fit_group_counts_by_label"":{""0"":11,""1"":9},""fit_groups"":20,""fit_records"":100,""fold"":1,""group_overlap"":0,""validation_group_counts_by_label"":{""0"":9,""1"":10},""validation_groups"":19,""validation_records"":95}]",0
deduplication__embedding__multilingual_e5_small__decision_tree,deduplication,embedding,multilingual_e5_small,decision_tree,0,480,120,96,24,0,1.77437739999732,0.0593659000005573,0.00795990000187885,0.06633250001565709,classifier_pipeline_with_precomputed_embedding,"{""model__max_depth"":6,""model__min_samples_leaf"":5}",-0.512280701754386,"{""curve_points"":2450,""eligible"":false,""negative_threshold"":null,""positive_threshold"":null,""selected"":null}","{""balance_score"":0.011057692307692268,""calibration_group_counts_by_label"":{""0"":19,""1"":20},""calibration_groups"":39,""calibration_label_counts"":{""0"":95,""1"":100},""calibration_records"":195,""fit_group_counts_by_label"":{""0"":28,""1"":29},""fit_groups"":57,""fit_label_counts"":{""0"":140,""1"":145},""fit_records"":285,""group_overlap"":0}","[{""fit_group_counts_by_label"":{""0"":11,""1"":8},""fit_groups"":19,""fit_records"":95,""fold"":0,""group_overlap"":0,""validation_group_counts_by_label"":{""0"":8,""1"":12},""validation_groups"":20,""validation_records"":100},{""fit_group_counts_by_label"":{""0"":8,""1"":12},""fit_groups"":20,""fit_records"":100,""fold"":1,""group_overlap"":0,""validation_group_counts_by_label"":{""0"":11,""1"":8},""validation_groups"":19,""validation_records"":95}]",0
deduplication__embedding__multilingual_e5_small__decision_tree,deduplication,embedding,multilingual_e5_small,decision_tree,1,480,120,96,24,0,1.5382989999925485,0.05965390001074411,0.006742300000041723,0.056185833333681025,classifier_pipeline_with_precomputed_embedding,"{""model__max_depth"":6,""model__min_samples_leaf"":2}",-0.6245614035087719,"{""curve_points"":2450,""eligible"":false,""negative_threshold"":null,""positive_threshold"":null,""selected"":null}","{""balance_score"":0.011057692307692268,""calibration_group_counts_by_label"":{""0"":19,""1"":20},""calibration_groups"":39,""calibration_label_counts"":{""0"":95,""1"":100},""calibration_records"":195,""fit_group_counts_by_label"":{""0"":28,""1"":29},""fit_groups"":57,""fit_label_counts"":{""0"":140,""1"":145},""fit_records"":285,""group_overlap"":0}","[{""fit_group_counts_by_label"":{""0"":11,""1"":8},""fit_groups"":19,""fit_records"":95,""fold"":0,""group_overlap"":0,""validation_group_counts_by_label"":{""0"":8,""1"":12},""validation_groups"":20,""validation_records"":100},{""fit_group_counts_by_label"":{""0"":8,""1"":12},""fit_groups"":20,""fit_records"":100,""fold"":1,""group_overlap"":0,""validation_group_counts_by_label"":{""0"":11,""1"":8},""validation_groups"":19,""validation_records"":95}]",0
deduplication__embedding__multilingual_e5_small__decision_tree,deduplication,embedding,multilingual_e5_small,decision_tree,2,480,120,96,24,0,1.3625640000100248,0.06182940000144299,0.010421000013593584,0.08684166677994654,classifier_pipeline_with_precomputed_embedding,"{""model__max_depth"":3,""model__min_samples_leaf"":2}",-0.5298245614035088,"{""curve_points"":2450,""eligible"":false,""negative_threshold"":null,""positive_threshold"":null,""selected"":null}","{""balance_score"":0.011057692307692268,""calibration_group_counts_by_label"":{""0"":19,""1"":20},""calibration_groups"":39,""calibration_label_counts"":{""0"":95,""1"":100},""calibration_records"":195,""fit_group_counts_by_label"":{""0"":28,""1"":29},""fit_groups"":57,""fit_label_counts"":{""0"":140,""1"":145},""fit_records"":285,""group_overlap"":0}","[{""fit_group_counts_by_label"":{""0"":8,""1"":11},""fit_groups"":19,""fit_records"":95,""fold"":0,""group_overlap"":0,""validation_group_counts_by_label"":{""0"":11,""1"":9},""validation_groups"":20,""validation_records"":100},{""fit_group_counts_by_label"":{""0"":11,""1"":9},""fit_groups"":20,""fit_records"":100,""fold"":1,""group_overlap"":0,""validation_group_counts_by_label"":{""0"":8,""1"":11},""validation_groups"":19,""validation_records"":95}]",0
deduplication__embedding__multilingual_e5_small__decision_tree,deduplication,embedding,multilingual_e5_small,decision_tree,3,480,120,96,24,0,1.4262139999918872,0.060297499992884696,0.006333000012091361,0.05277500010076134,classifier_pipeline_with_precomputed_embedding,"{""model__max_depth"":3,""model__min_samples_leaf"":2}",-0.6807017543859649,"{""curve_points"":2450,""eligible"":false,""negative_threshold"":null,""positive_threshold"":null,""selected"":null}","{""balance_score"":0.022275641025641058,""calibration_group_counts_by_label"":{""0"":20,""1"":19},""calibration_groups"":39,""calibration_label_counts"":{""0"":100,""1"":95},""calibration_records"":195,""fit_group_counts_by_label"":{""0"":30,""1"":27},""fit_groups"":57,""fit_label_counts"":{""0"":150,""1"":135},""fit_records"":285,""group_overlap"":0}","[{""fit_group_counts_by_label"":{""0"":12,""1"":7},""fit_groups"":19,""fit_records"":95,""fold"":0,""group_overlap"":0,""validation_group_counts_by_label"":{""0"":8,""1"":12},""validation_groups"":20,""validation_records"":100},{""fit_group_counts_by_label"":{""0"":8,""1"":12},""fit_groups"":20,""fit_records"":100,""fold"":1,""group_overlap"":0,""validation_group_counts_by_label"":{""0"":12,""1"":7},""validation_groups"":19,""validation_records"":95}]",0
deduplication__embedding__multilingual_e5_small__decision_tree,deduplication,embedding,multilingual_e5_small,decision_tree,4,480,120,96,24,0,1.476163400002406,0.06150159999378957,0.006380800012266263,0.053173333435552195,classifier_pipeline_with_precomputed_embedding,"{""model__max_depth"":3,""model__min_samples_leaf"":2}",-0.6666666666666666,"{""curve_points"":2450,""eligible"":false,""negative_threshold"":null,""positive_threshold"":null,""selected"":null}","{""balance_score"":0.011057692307692268,""calibration_group_counts_by_label"":{""0"":20,""1"":19},""calibration_groups"":39,""calibration_label_counts"":{""0"":100,""1"":95},""calibration_records"":195,""fit_group_counts_by_label"":{""0"":29,""1"":28},""fit_groups"":57,""fit_label_counts"":{""0"":145,""1"":140},""fit_records"":285,""group_overlap"":0}","[{""fit_group_counts_by_label"":{""0"":9,""1"":10},""fit_groups"":19,""fit_records"":95,""fold"":0,""group_overlap"":0,""validation_group_counts_by_label"":{""0"":11,""1"":9},""validation_groups"":20,""validation_records"":100},{""fit_group_counts_by_label"":{""0"":11,""1"":9},""fit_groups"":20,""fit_records"":100,""fold"":1,""group_overlap"":0,""validation_group_counts_by_label"":{""0"":9,""1"":10},""validation_groups"":19,""validation_records"":95}]",0
deduplication__embedding__multilingual_e5_small__linear_svm,deduplication,embedding,multilingual_e5_small,linear_svm,0,480,120,96,24,0,1.183808500005398,0.06336400000145659,0.006836600005044602,0.056971666708705015,classifier_pipeline_with_precomputed_embedding,"{""model__C"":10.0}",-0.06666666666666667,"{""curve_points"":2450,""eligible"":true,""negative_threshold"":0.42,""positive_threshold"":0.72,""selected"":{""abstained"":0,""automated_false_negative_rate"":0.0,""automated_false_positive_rate"":0.0,""automation_duplicate_recall"":1.0,""automation_nonduplicate_recall"":1.0,""coverage"":1.0,""covered"":195,""covered_error_rate"":0.0,""false_negative_cost"":5.0,""false_positive_cost"":1.0,""fn"":0,""fp"":0,""negative_predictive_value"":1.0,""negative_threshold"":0.42,""negatives"":95,""positive_threshold"":0.72,""positives"":100,""precision"":1.0,""threshold"":0.72,""tn"":95,""tp"":100,""weighted_covered_error"":0.0}}","{""balance_score"":0.011057692307692268,""calibration_group_counts_by_label"":{""0"":19,""1"":20},""calibration_groups"":39,""calibration_label_counts"":{""0"":95,""1"":100},""calibration_records"":195,""fit_group_counts_by_label"":{""0"":28,""1"":29},""fit_groups"":57,""fit_label_counts"":{""0"":140,""1"":145},""fit_records"":285,""group_overlap"":0}","[{""fit_group_counts_by_label"":{""0"":11,""1"":8},""fit_groups"":19,""fit_records"":95,""fold"":0,""group_overlap"":0,""validation_group_counts_by_label"":{""0"":8,""1"":12},""validation_groups"":20,""validation_records"":100},{""fit_group_counts_by_label"":{""0"":8,""1"":12},""fit_groups"":20,""fit_records"":100,""fold"":1,""group_overlap"":0,""validation_group_counts_by_label"":{""0"":11,""1"":8},""validation_groups"":19,""validation_records"":95}]",0
deduplication__embedding__multilingual_e5_small__linear_svm,deduplication,embedding,multilingual_e5_small,linear_svm,1,480,120,96,24,0,1.2519277999963379,0.062138499997672625,0.006736600000294857,0.05613833333579047,classifier_pipeline_with_precomputed_embedding,"{""model__C"":10.0}",-0.12280701754385964,"{""curve_points"":2450,""eligible"":true,""negative_threshold"":0.17,""positive_threshold"":0.79,""selected"":{""abstained"":28,""automated_false_negative_rate"":0.0,""automated_false_positive_rate"":0.0,""automation_duplicate_recall"":0.88,""automation_nonduplicate_recall"":0.8315789473684211,""coverage"":0.8564102564102564,""covered"":167,""covered_error_rate"":0.0,""false_negative_cost"":5.0,""false_positive_cost"":1.0,""fn"":0,""fp"":0,""negative_predictive_value"":1.0,""negative_threshold"":0.17,""negatives"":95,""positive_threshold"":0.79,""positives"":100,""precision"":1.0,""threshold"":0.79,""tn"":79,""tp"":88,""weighted_covered_error"":0.0}}","{""balance_score"":0.011057692307692268,""calibration_group_counts_by_label"":{""0"":19,""1"":20},""calibration_groups"":39,""calibration_label_counts"":{""0"":95,""1"":100},""calibration_records"":195,""fit_group_counts_by_label"":{""0"":28,""1"":29},""fit_groups"":57,""fit_label_counts"":{""0"":140,""1"":145},""fit_records"":285,""group_overlap"":0}","[{""fit_group_counts_by_label"":{""0"":11,""1"":8},""fit_groups"":19,""fit_records"":95,""fold"":0,""group_overlap"":0,""validation_group_counts_by_label"":{""0"":8,""1"":12},""validation_groups"":20,""validation_records"":100},{""fit_group_counts_by_label"":{""0"":8,""1"":12},""fit_groups"":20,""fit_records"":100,""fold"":1,""group_overlap"":0,""validation_group_counts_by_label"":{""0"":11,""1"":8},""validation_groups"":19,""validation_records"":95}]",0
deduplication__embedding__multilingual_e5_small__linear_svm,deduplication,embedding,multilingual_e5_small,linear_svm,2,480,120,96,24,0,1.056011499997112,0.0649284999963129,0.007234300006530248,0.060285833387752064,classifier_pipeline_with_precomputed_embedding,"{""model__C"":10.0}",-0.1543859649122807,"{""curve_points"":2450,""eligible"":true,""negative_threshold"":0.09,""positive_threshold"":0.91,""selected"":{""abstained"":41,""automated_false_negative_rate"":0.0,""automated_false_positive_rate"":0.0,""automation_duplicate_recall"":0.78,""automation_nonduplicate_recall"":0.8,""coverage"":0.7897435897435897,""covered"":154,""covered_error_rate"":0.0,""false_negative_cost"":5.0,""false_positive_cost"":1.0,""fn"":0,""fp"":0,""negative_predictive_value"":1.0,""negative_threshold"":0.09,""negatives"":95,""positive_threshold"":0.91,""positives"":100,""precision"":1.0,""threshold"":0.91,""tn"":76,""tp"":78,""weighted_covered_error"":0.0}}","{""balance_score"":0.011057692307692268,""calibration_group_counts_by_label"":{""0"":19,""1"":20},""calibration_groups"":39,""calibration_label_counts"":{""0"":95,""1"":100},""calibration_records"":195,""fit_group_counts_by_label"":{""0"":28,""1"":29},""fit_groups"":57,""fit_label_counts"":{""0"":140,""1"":145},""fit_records"":285,""group_overlap"":0}","[{""fit_group_counts_by_label"":{""0"":8,""1"":11},""fit_groups"":19,""fit_records"":95,""fold"":0,""group_overlap"":0,""validation_group_counts_by_label"":{""0"":11,""1"":9},""validation_groups"":20,""validation_records"":100},{""fit_group_counts_by_label"":{""0"":11,""1"":9},""fit_groups"":20,""fit_records"":100,""fold"":1,""group_overlap"":0,""validation_group_counts_by_label"":{""0"":8,""1"":11},""validation_groups"":19,""validation_records"":95}]",0
deduplication__embedding__multilingual_e5_small__linear_svm,deduplication,embedding,multilingual_e5_small,linear_svm,3,480,120,96,24,0,1.0124076000065543,0.0749921000096947,0.006526800003484823,0.05439000002904019,classifier_pipeline_with_precomputed_embedding,"{""model__C"":10.0}",-0.17894736842105263,"{""curve_points"":2450,""eligible"":true,""negative_threshold"":0.24,""positive_threshold"":0.83,""selected"":{""abstained"":12,""automated_false_negative_rate"":0.0,""automated_false_positive_rate"":0.0,""automation_duplicate_recall"":0.9368421052631579,""automation_nonduplicate_recall"":0.94,""coverage"":0.9384615384615385,""covered"":183,""covered_error_rate"":0.0,""false_negative_cost"":5.0,""false_positive_cost"":1.0,""fn"":0,""fp"":0,""negative_predictive_value"":1.0,""negative_threshold"":0.24,""negatives"":100,""positive_threshold"":0.83,""positives"":95,""precision"":1.0,""threshold"":0.83,""tn"":94,""tp"":89,""weighted_covered_error"":0.0}}","{""balance_score"":0.022275641025641058,""calibration_group_counts_by_label"":{""0"":20,""1"":19},""calibration_groups"":39,""calibration_label_counts"":{""0"":100,""1"":95},""calibration_records"":195,""fit_group_counts_by_label"":{""0"":30,""1"":27},""fit_groups"":57,""fit_label_counts"":{""0"":150,""1"":135},""fit_records"":285,""group_overlap"":0}","[{""fit_group_counts_by_label"":{""0"":12,""1"":7},""fit_groups"":19,""fit_records"":95,""fold"":0,""group_overlap"":0,""validation_group_counts_by_label"":{""0"":8,""1"":12},""validation_groups"":20,""validation_records"":100},{""fit_group_counts_by_label"":{""0"":8,""1"":12},""fit_groups"":20,""fit_records"":100,""fold"":1,""group_overlap"":0,""validation_group_counts_by_label"":{""0"":12,""1"":7},""validation_groups"":19,""validation_records"":95}]",0
deduplication__embedding__multilingual_e5_small__linear_svm,deduplication,embedding,multilingual_e5_small,linear_svm,4,480,120,96,24,0,1.16865510000207,0.06588819999888074,0.0064990000100806355,0.05415833341733863,classifier_pipeline_with_precomputed_embedding,"{""model__C"":10.0}",-0.29473684210526313,"{""curve_points"":2450,""eligible"":true,""negative_threshold"":0.2,""positive_threshold"":0.89,""selected"":{""abstained"":16,""automated_false_negative_rate"":0.0,""automated_false_positive_rate"":0.0,""automation_duplicate_recall"":0.8631578947368421,""automation_nonduplicate_recall"":0.97,""coverage"":0.9179487179487179,""covered"":179,""covered_error_rate"":0.0,""false_negative_cost"":5.0,""false_positive_cost"":1.0,""fn"":0,""fp"":0,""negative_predictive_value"":1.0,""negative_threshold"":0.2,""negatives"":100,""positive_threshold"":0.89,""positives"":95,""precision"":1.0,""threshold"":0.89,""tn"":97,""tp"":82,""weighted_covered_error"":0.0}}","{""balance_score"":0.011057692307692268,""calibration_group_counts_by_label"":{""0"":20,""1"":19},""calibration_groups"":39,""calibration_label_counts"":{""0"":100,""1"":95},""calibration_records"":195,""fit_group_counts_by_label"":{""0"":29,""1"":28},""fit_groups"":57,""fit_label_counts"":{""0"":145,""1"":140},""fit_records"":285,""group_overlap"":0}","[{""fit_group_counts_by_label"":{""0"":9,""1"":10},""fit_groups"":19,""fit_records"":95,""fold"":0,""group_overlap"":0,""validation_group_counts_by_label"":{""0"":11,""1"":9},""validation_groups"":20,""validation_records"":100},{""fit_group_counts_by_label"":{""0"":11,""1"":9},""fit_groups"":20,""fit_records"":100,""fold"":1,""group_overlap"":0,""validation_group_counts_by_label"":{""0"":9,""1"":10},""validation_groups"":19,""validation_records"":95}]",0
deduplication__embedding__multilingual_e5_small__mlp,deduplication,embedding,multilingual_e5_small,mlp,0,480,120,96,24,0,63.01817040001333,0.21085500001208857,0.029164400009904057,0.24303666674920046,classifier_pipeline_with_precomputed_embedding,"{""model__alpha"":0.001,""model__hidden_layer_sizes"":[16]}",-0.042105263157894736,"{""curve_points"":2450,""eligible"":true,""negative_threshold"":0.08,""positive_threshold"":0.92,""selected"":{""abstained"":0,""automated_false_negative_rate"":0.0,""automated_false_positive_rate"":0.0,""automation_duplicate_recall"":1.0,""automation_nonduplicate_recall"":1.0,""coverage"":1.0,""covered"":195,""covered_error_rate"":0.0,""false_negative_cost"":5.0,""false_positive_cost"":1.0,""fn"":0,""fp"":0,""negative_predictive_value"":1.0,""negative_threshold"":0.08,""negatives"":95,""positive_threshold"":0.92,""positives"":100,""precision"":1.0,""threshold"":0.92,""tn"":95,""tp"":100,""weighted_covered_error"":0.0}}","{""balance_score"":0.011057692307692268,""calibration_group_counts_by_label"":{""0"":19,""1"":20},""calibration_groups"":39,""calibration_label_counts"":{""0"":95,""1"":100},""calibration_records"":195,""fit_group_counts_by_label"":{""0"":28,""1"":29},""fit_groups"":57,""fit_label_counts"":{""0"":140,""1"":145},""fit_records"":285,""group_overlap"":0}","[{""fit_group_counts_by_label"":{""0"":11,""1"":8},""fit_groups"":19,""fit_records"":95,""fold"":0,""group_overlap"":0,""validation_group_counts_by_label"":{""0"":8,""1"":12},""validation_groups"":20,""validation_records"":100},{""fit_group_counts_by_label"":{""0"":8,""1"":12},""fit_groups"":20,""fit_records"":100,""fold"":1,""group_overlap"":0,""validation_group_counts_by_label"":{""0"":11,""1"":8},""validation_groups"":19,""validation_records"":95}]",0
deduplication__embedding__multilingual_e5_small__mlp,deduplication,embedding,multilingual_e5_small,mlp,1,480,120,96,24,0,34.205575400003,0.10289329999068286,0.014388999989023432,0.11990833324186194,classifier_pipeline_with_precomputed_embedding,"{""model__alpha"":0.001,""model__hidden_layer_sizes"":[16]}",-0.08771929824561403,"{""curve_points"":2450,""eligible"":true,""negative_threshold"":0.13,""positive_threshold"":0.91,""selected"":{""abstained"":22,""automated_false_negative_rate"":0.0,""automated_false_positive_rate"":0.0,""automation_duplicate_recall"":0.88,""automation_nonduplicate_recall"":0.8947368421052632,""coverage"":0.8871794871794871,""covered"":173,""covered_error_rate"":0.0,""false_negative_cost"":5.0,""false_positive_cost"":1.0,""fn"":0,""fp"":0,""negative_predictive_value"":1.0,""negative_threshold"":0.13,""negatives"":95,""positive_threshold"":0.91,""positives"":100,""precision"":1.0,""threshold"":0.91,""tn"":85,""tp"":88,""weighted_covered_error"":0.0}}","{""balance_score"":0.011057692307692268,""calibration_group_counts_by_label"":{""0"":19,""1"":20},""calibration_groups"":39,""calibration_label_counts"":{""0"":95,""1"":100},""calibration_records"":195,""fit_group_counts_by_label"":{""0"":28,""1"":29},""fit_groups"":57,""fit_label_counts"":{""0"":140,""1"":145},""fit_records"":285,""group_overlap"":0}","[{""fit_group_counts_by_label"":{""0"":11,""1"":8},""fit_groups"":19,""fit_records"":95,""fold"":0,""group_overlap"":0,""validation_group_counts_by_label"":{""0"":8,""1"":12},""validation_groups"":20,""validation_records"":100},{""fit_group_counts_by_label"":{""0"":8,""1"":12},""fit_groups"":20,""fit_records"":100,""fold"":1,""group_overlap"":0,""validation_group_counts_by_label"":{""0"":11,""1"":8},""validation_groups"":19,""validation_records"":95}]",0
deduplication__embedding__multilingual_e5_small__mlp,deduplication,embedding,multilingual_e5_small,mlp,2,480,120,96,24,0,59.89207250000618,0.17919249999977183,0.02943599999707658,0.24529999997563814,classifier_pipeline_with_precomputed_embedding,"{""model__alpha"":0.001,""model__hidden_layer_sizes"":[16]}",-0.16842105263157894,"{""curve_points"":2450,""eligible"":true,""negative_threshold"":0.22,""positive_threshold"":0.9,""selected"":{""abstained"":9,""automated_false_negative_rate"":0.0,""automated_false_positive_rate"":0.0,""automation_duplicate_recall"":0.95,""automation_nonduplicate_recall"":0.9578947368421052,""coverage"":0.9538461538461539,""covered"":186,""covered_error_rate"":0.0,""false_negative_cost"":5.0,""false_positive_cost"":1.0,""fn"":0,""fp"":0,""negative_predictive_value"":1.0,""negative_threshold"":0.22,""negatives"":95,""positive_threshold"":0.9,""positives"":100,""precision"":1.0,""threshold"":0.9,""tn"":91,""tp"":95,""weighted_covered_error"":0.0}}","{""balance_score"":0.011057692307692268,""calibration_group_counts_by_label"":{""0"":19,""1"":20},""calibration_groups"":39,""calibration_label_counts"":{""0"":95,""1"":100},""calibration_records"":195,""fit_group_counts_by_label"":{""0"":28,""1"":29},""fit_groups"":57,""fit_label_counts"":{""0"":140,""1"":145},""fit_records"":285,""group_overlap"":0}","[{""fit_group_counts_by_label"":{""0"":8,""1"":11},""fit_groups"":19,""fit_records"":95,""fold"":0,""group_overlap"":0,""validation_group_counts_by_label"":{""0"":11,""1"":9},""validation_groups"":20,""validation_records"":100},{""fit_group_counts_by_label"":{""0"":11,""1"":9},""fit_groups"":20,""fit_records"":100,""fold"":1,""group_overlap"":0,""validation_group_counts_by_label"":{""0"":8,""1"":11},""validation_groups"":19,""validation_records"":95}]",0
deduplication__embedding__multilingual_e5_small__mlp,deduplication,embedding,multilingual_e5_small,mlp,3,480,120,96,24,0,55.07308030000422,0.1800675999984378,0.02950540000165347,0.24587833334711226,classifier_pipeline_with_precomputed_embedding,"{""model__alpha"":0.001,""model__hidden_layer_sizes"":[16]}",-0.14035087719298245,"{""curve_points"":2450,""eligible"":true,""negative_threshold"":0.2,""positive_threshold"":0.81,""selected"":{""abstained"":5,""automated_false_negative_rate"":0.0,""automated_false_positive_rate"":0.0,""automation_duplicate_recall"":0.9894736842105263,""automation_nonduplicate_recall"":0.96,""coverage"":0.9743589743589743,""covered"":190,""covered_error_rate"":0.0,""false_negative_cost"":5.0,""false_positive_cost"":1.0,""fn"":0,""fp"":0,""negative_predictive_value"":1.0,""negative_threshold"":0.2,""negatives"":100,""positive_threshold"":0.81,""positives"":95,""precision"":1.0,""threshold"":0.81,""tn"":96,""tp"":94,""weighted_covered_error"":0.0}}","{""balance_score"":0.022275641025641058,""calibration_group_counts_by_label"":{""0"":20,""1"":19},""calibration_groups"":39,""calibration_label_counts"":{""0"":100,""1"":95},""calibration_records"":195,""fit_group_counts_by_label"":{""0"":30,""1"":27},""fit_groups"":57,""fit_label_counts"":{""0"":150,""1"":135},""fit_records"":285,""group_overlap"":0}","[{""fit_group_counts_by_label"":{""0"":12,""1"":7},""fit_groups"":19,""fit_records"":95,""fold"":0,""group_overlap"":0,""validation_group_counts_by_label"":{""0"":8,""1"":12},""validation_groups"":20,""validation_records"":100},{""fit_group_counts_by_label"":{""0"":8,""1"":12},""fit_groups"":20,""fit_records"":100,""fold"":1,""group_overlap"":0,""validation_group_counts_by_label"":{""0"":12,""1"":7},""validation_groups"":19,""validation_records"":95}]",0
deduplication__embedding__multilingual_e5_small__mlp,deduplication,embedding,multilingual_e5_small,mlp,4,480,120,96,24,0,47.269905900000595,0.15129979999619536,0.024114300002111122,0.20095250001759268,classifier_pipeline_with_precomputed_embedding,"{""model__alpha"":0.001,""model__hidden_layer_sizes"":[16]}",-0.24912280701754386,"{""curve_points"":2450,""eligible"":true,""negative_threshold"":0.04,""positive_threshold"":0.89,""selected"":{""abstained"":6,""automated_false_negative_rate"":0.0,""automated_false_positive_rate"":0.0,""automation_duplicate_recall"":0.968421052631579,""automation_nonduplicate_recall"":0.97,""coverage"":0.9692307692307692,""covered"":189,""covered_error_rate"":0.0,""false_negative_cost"":5.0,""false_positive_cost"":1.0,""fn"":0,""fp"":0,""negative_predictive_value"":1.0,""negative_threshold"":0.04,""negatives"":100,""positive_threshold"":0.89,""positives"":95,""precision"":1.0,""threshold"":0.89,""tn"":97,""tp"":92,""weighted_covered_error"":0.0}}","{""balance_score"":0.011057692307692268,""calibration_group_counts_by_label"":{""0"":20,""1"":19},""calibration_groups"":39,""calibration_label_counts"":{""0"":100,""1"":95},""calibration_records"":195,""fit_group_counts_by_label"":{""0"":29,""1"":28},""fit_groups"":57,""fit_label_counts"":{""0"":145,""1"":140},""fit_records"":285,""group_overlap"":0}","[{""fit_group_counts_by_label"":{""0"":9,""1"":10},""fit_groups"":19,""fit_records"":95,""fold"":0,""group_overlap"":0,""validation_group_counts_by_label"":{""0"":11,""1"":9},""validation_groups"":20,""validation_records"":100},{""fit_group_counts_by_label"":{""0"":11,""1"":9},""fit_groups"":20,""fit_records"":100,""fold"":1,""group_overlap"":0,""validation_group_counts_by_label"":{""0"":9,""1"":10},""validation_groups"":19,""validation_records"":95}]",0
deduplication__embedding__multilingual_e5_small__xgboost,deduplication,embedding,multilingual_e5_small,xgboost,0,480,120,96,24,0,15.77572859999782,0.08386060000339057,0.00896890000149142,0.07474083334576183,classifier_pipeline_with_precomputed_embedding,"{""model__learning_rate"":0.05,""model__max_depth"":4,""model__n_estimators"":160}",-0.23157894736842108,"{""curve_points"":2450,""eligible"":false,""negative_threshold"":null,""positive_threshold"":null,""selected"":null}","{""balance_score"":0.011057692307692268,""calibration_group_counts_by_label"":{""0"":19,""1"":20},""calibration_groups"":39,""calibration_label_counts"":{""0"":95,""1"":100},""calibration_records"":195,""fit_group_counts_by_label"":{""0"":28,""1"":29},""fit_groups"":57,""fit_label_counts"":{""0"":140,""1"":145},""fit_records"":285,""group_overlap"":0}","[{""fit_group_counts_by_label"":{""0"":11,""1"":8},""fit_groups"":19,""fit_records"":95,""fold"":0,""group_overlap"":0,""validation_group_counts_by_label"":{""0"":8,""1"":12},""validation_groups"":20,""validation_records"":100},{""fit_group_counts_by_label"":{""0"":8,""1"":12},""fit_groups"":20,""fit_records"":100,""fold"":1,""group_overlap"":0,""validation_group_counts_by_label"":{""0"":11,""1"":8},""validation_groups"":19,""validation_records"":95}]",0
deduplication__embedding__multilingual_e5_small__xgboost,deduplication,embedding,multilingual_e5_small,xgboost,1,480,120,96,24,0,14.674342099999194,0.0942905999982031,0.00900359998922795,0.07502999991023292,classifier_pipeline_with_precomputed_embedding,"{""model__learning_rate"":0.05,""model__max_depth"":2,""model__n_estimators"":160}",-0.09122807017543859,"{""curve_points"":2450,""eligible"":true,""negative_threshold"":0.29,""positive_threshold"":0.99,""selected"":{""abstained"":64,""automated_false_negative_rate"":0.0,""automated_false_positive_rate"":0.0,""automation_duplicate_recall"":0.45,""automation_nonduplicate_recall"":0.9052631578947369,""coverage"":0.6717948717948717,""covered"":131,""covered_error_rate"":0.0,""false_negative_cost"":5.0,""false_positive_cost"":1.0,""fn"":0,""fp"":0,""negative_predictive_value"":1.0,""negative_threshold"":0.29,""negatives"":95,""positive_threshold"":0.99,""positives"":100,""precision"":1.0,""threshold"":0.99,""tn"":86,""tp"":45,""weighted_covered_error"":0.0}}","{""balance_score"":0.011057692307692268,""calibration_group_counts_by_label"":{""0"":19,""1"":20},""calibration_groups"":39,""calibration_label_counts"":{""0"":95,""1"":100},""calibration_records"":195,""fit_group_counts_by_label"":{""0"":28,""1"":29},""fit_groups"":57,""fit_label_counts"":{""0"":140,""1"":145},""fit_records"":285,""group_overlap"":0}","[{""fit_group_counts_by_label"":{""0"":11,""1"":8},""fit_groups"":19,""fit_records"":95,""fold"":0,""group_overlap"":0,""validation_group_counts_by_label"":{""0"":8,""1"":12},""validation_groups"":20,""validation_records"":100},{""fit_group_counts_by_label"":{""0"":8,""1"":12},""fit_groups"":20,""fit_records"":100,""fold"":1,""group_overlap"":0,""validation_group_counts_by_label"":{""0"":11,""1"":8},""validation_groups"":19,""validation_records"":95}]",0
deduplication__embedding__multilingual_e5_small__xgboost,deduplication,embedding,multilingual_e5_small,xgboost,2,480,120,96,24,0,14.576812700004666,0.09977060000528581,0.009039500000653788,0.07532916667211491,classifier_pipeline_with_precomputed_embedding,"{""model__learning_rate"":0.05,""model__max_depth"":2,""model__n_estimators"":160}",-0.32631578947368417,"{""curve_points"":2450,""eligible"":true,""negative_threshold"":0.21,""positive_threshold"":0.89,""selected"":{""abstained"":25,""automated_false_negative_rate"":0.0,""automated_false_positive_rate"":0.0,""automation_duplicate_recall"":0.88,""automation_nonduplicate_recall"":0.8631578947368421,""coverage"":0.8717948717948718,""covered"":170,""covered_error_rate"":0.0,""false_negative_cost"":5.0,""false_positive_cost"":1.0,""fn"":0,""fp"":0,""negative_predictive_value"":1.0,""negative_threshold"":0.21,""negatives"":95,""positive_threshold"":0.89,""positives"":100,""precision"":1.0,""threshold"":0.89,""tn"":82,""tp"":88,""weighted_covered_error"":0.0}}","{""balance_score"":0.011057692307692268,""calibration_group_counts_by_label"":{""0"":19,""1"":20},""calibration_groups"":39,""calibration_label_counts"":{""0"":95,""1"":100},""calibration_records"":195,""fit_group_counts_by_label"":{""0"":28,""1"":29},""fit_groups"":57,""fit_label_counts"":{""0"":140,""1"":145},""fit_records"":285,""group_overlap"":0}","[{""fit_group_counts_by_label"":{""0"":8,""1"":11},""fit_groups"":19,""fit_records"":95,""fold"":0,""group_overlap"":0,""validation_group_counts_by_label"":{""0"":11,""1"":9},""validation_groups"":20,""validation_records"":100},{""fit_group_counts_by_label"":{""0"":11,""1"":9},""fit_groups"":20,""fit_records"":100,""fold"":1,""group_overlap"":0,""validation_group_counts_by_label"":{""0"":8,""1"":11},""validation_groups"":19,""validation_records"":95}]",0
deduplication__embedding__multilingual_e5_small__xgboost,deduplication,embedding,multilingual_e5_small,xgboost,3,480,120,96,24,0,15.209118900005706,0.08340620000672061,0.009030900007928722,0.07525750006607268,classifier_pipeline_with_precomputed_embedding,"{""model__learning_rate"":0.05,""model__max_depth"":2,""model__n_estimators"":160}",-0.2982456140350877,"{""curve_points"":2450,""eligible"":true,""negative_threshold"":0.21,""positive_threshold"":0.51,""selected"":{""abstained"":2,""automated_false_negative_rate"":0.0,""automated_false_positive_rate"":0.0,""automation_duplicate_recall"":0.9894736842105263,""automation_nonduplicate_recall"":0.99,""coverage"":0.9897435897435898,""covered"":193,""covered_error_rate"":0.0,""false_negative_cost"":5.0,""false_positive_cost"":1.0,""fn"":0,""fp"":0,""negative_predictive_value"":1.0,""negative_threshold"":0.21,""negatives"":100,""positive_threshold"":0.51,""positives"":95,""precision"":1.0,""threshold"":0.51,""tn"":99,""tp"":94,""weighted_covered_error"":0.0}}","{""balance_score"":0.022275641025641058,""calibration_group_counts_by_label"":{""0"":20,""1"":19},""calibration_groups"":39,""calibration_label_counts"":{""0"":100,""1"":95},""calibration_records"":195,""fit_group_counts_by_label"":{""0"":30,""1"":27},""fit_groups"":57,""fit_label_counts"":{""0"":150,""1"":135},""fit_records"":285,""group_overlap"":0}","[{""fit_group_counts_by_label"":{""0"":12,""1"":7},""fit_groups"":19,""fit_records"":95,""fold"":0,""group_overlap"":0,""validation_group_counts_by_label"":{""0"":8,""1"":12},""validation_groups"":20,""validation_records"":100},{""fit_group_counts_by_label"":{""0"":8,""1"":12},""fit_groups"":20,""fit_records"":100,""fold"":1,""group_overlap"":0,""validation_group_counts_by_label"":{""0"":12,""1"":7},""validation_groups"":19,""validation_records"":95}]",0
deduplication__embedding__multilingual_e5_small__xgboost,deduplication,embedding,multilingual_e5_small,xgboost,4,480,120,96,24,0,16.67928270000266,0.12113959999987856,0.009054599999217317,0.07545499999347764,classifier_pipeline_with_precomputed_embedding,"{""model__learning_rate"":0.05,""model__max_depth"":4,""model__n_estimators"":160}",-0.5929824561403508,"{""curve_points"":2450,""eligible"":true,""negative_threshold"":0.05,""positive_threshold"":0.51,""selected"":{""abstained"":15,""automated_false_negative_rate"":0.0,""automated_false_positive_rate"":0.0,""automation_duplicate_recall"":0.968421052631579,""automation_nonduplicate_recall"":0.88,""coverage"":0.9230769230769231,""covered"":180,""covered_error_rate"":0.0,""false_negative_cost"":5.0,""false_positive_cost"":1.0,""fn"":0,""fp"":0,""negative_predictive_value"":1.0,""negative_threshold"":0.05,""negatives"":100,""positive_threshold"":0.51,""positives"":95,""precision"":1.0,""threshold"":0.51,""tn"":88,""tp"":92,""weighted_covered_error"":0.0}}","{""balance_score"":0.011057692307692268,""calibration_group_counts_by_label"":{""0"":20,""1"":19},""calibration_groups"":39,""calibration_label_counts"":{""0"":100,""1"":95},""calibration_records"":195,""fit_group_counts_by_label"":{""0"":29,""1"":28},""fit_groups"":57,""fit_label_counts"":{""0"":145,""1"":140},""fit_records"":285,""group_overlap"":0}","[{""fit_group_counts_by_label"":{""0"":9,""1"":10},""fit_groups"":19,""fit_records"":95,""fold"":0,""group_overlap"":0,""validation_group_counts_by_label"":{""0"":11,""1"":9},""validation_groups"":20,""validation_records"":100},{""fit_group_counts_by_label"":{""0"":11,""1"":9},""fit_groups"":20,""fit_records"":100,""fold"":1,""group_overlap"":0,""validation_group_counts_by_label"":{""0"":9,""1"":10},""validation_groups"":19,""validation_records"":95}]",0
classification__embedding__multilingual_minilm_l12__logistic_regression,classification,embedding,multilingual_minilm_l12,logistic_regression,0,406,102,84,21,0,0.4248665000050096,0.10291839999263175,0.003923099997336976,0.038461764679774274,classifier_pipeline_with_precomputed_embedding,"{""model__C"":1.0}",0.6239750931447389,"{""eligible"":false,""obra_threshold"":0.9,""threshold"":null}","{""balance_score"":0.013121361397223433,""calibration_group_counts_by_label"":{""0"":9,""1"":11,""2"":10,""3"":4},""calibration_groups"":34,""calibration_label_counts"":{""0"":41,""1"":55,""2"":50,""3"":19},""calibration_records"":165,""fit_group_counts_by_label"":{""0"":12,""1"":16,""2"":15,""3"":7},""fit_groups"":50,""fit_label_counts"":{""0"":60,""1"":79,""2"":73,""3"":29},""fit_records"":241,""group_overlap"":0}","[{""fit_group_counts_by_label"":{""0"":5,""1"":5,""2"":5,""3"":2},""fit_groups"":17,""fit_records"":80,""fold"":0,""group_overlap"":0,""validation_group_counts_by_label"":{""0"":4,""1"":6,""2"":5,""3"":2},""validation_groups"":17,""validation_records"":85},{""fit_group_counts_by_label"":{""0"":4,""1"":6,""2"":5,""3"":2},""fit_groups"":17,""fit_records"":85,""fold"":1,""group_overlap"":0,""validation_group_counts_by_label"":{""0"":5,""1"":5,""2"":5,""3"":2},""validation_groups"":17,""validation_records"":80}]",0
classification__embedding__multilingual_minilm_l12__logistic_regression,classification,embedding,multilingual_minilm_l12,logistic_regression,1,415,93,84,21,0,0.507280499994522,0.07066060000215657,0.0036447000020416453,0.03919032260259834,classifier_pipeline_with_precomputed_embedding,"{""model__C"":1.0}",0.6505904393116352,"{""automatic_maintenance_as_obra"":0,""automatic_non_obra_as_obra"":0,""coverage"":0.5212121212121212,""covered"":86,""eligible"":true,""errors"":7,""obra_threshold"":0.9,""risk"":0.08139534883720931,""threshold"":0.56}","{""balance_score"":0.030156991602774727,""calibration_group_counts_by_label"":{""0"":10,""1"":10,""2"":10,""3"":4},""calibration_groups"":34,""calibration_label_counts"":{""0"":47,""1"":49,""2"":50,""3"":19},""calibration_records"":165,""fit_group_counts_by_label"":{""0"":14,""1"":16,""2"":15,""3"":5},""fit_groups"":50,""fit_label_counts"":{""0"":70,""1"":80,""2"":75,""3"":25},""fit_records"":250,""group_overlap"":0}","[{""fit_group_counts_by_label"":{""0"":3,""1"":5,""2"":7,""3"":2},""fit_groups"":17,""fit_records"":84,""fold"":0,""group_overlap"":0,""validation_group_counts_by_label"":{""0"":7,""1"":5,""2"":3,""3"":2},""validation_groups"":17,""validation_records"":81},{""fit_group_counts_by_label"":{""0"":7,""1"":5,""2"":3,""3"":2},""fit_groups"":17,""fit_records"":81,""fold"":1,""group_overlap"":0,""validation_group_counts_by_label"":{""0"":3,""1"":5,""2"":7,""3"":2},""validation_groups"":17,""validation_records"":84}]",0
classification__embedding__multilingual_minilm_l12__logistic_regression,classification,embedding,multilingual_minilm_l12,logistic_regression,2,405,103,84,21,0,0.4208994999935385,0.20506000000750646,0.004918199992971495,0.04774951449486888,classifier_pipeline_with_precomputed_embedding,"{""model__C"":0.1}",0.5801247311892017,"{""eligible"":false,""obra_threshold"":0.9,""threshold"":null}","{""balance_score"":0.02760141093474426,""calibration_group_counts_by_label"":{""0"":8,""1"":11,""2"":11,""3"":4},""calibration_groups"":34,""calibration_label_counts"":{""0"":40,""1"":55,""2"":55,""3"":18},""calibration_records"":168,""fit_group_counts_by_label"":{""0"":13,""1"":15,""2"":16,""3"":6},""fit_groups"":50,""fit_label_counts"":{""0"":58,""1"":75,""2"":78,""3"":26},""fit_records"":237,""group_overlap"":0}","[{""fit_group_counts_by_label"":{""0"":4,""1"":4,""2"":7,""3"":2},""fit_groups"":17,""fit_records"":85,""fold"":0,""group_overlap"":0,""validation_group_counts_by_label"":{""0"":4,""1"":7,""2"":4,""3"":2},""validation_groups"":17,""validation_records"":83},{""fit_group_counts_by_label"":{""0"":4,""1"":7,""2"":4,""3"":2},""fit_groups"":17,""fit_records"":83,""fold"":1,""group_overlap"":0,""validation_group_counts_by_label"":{""0"":4,""1"":4,""2"":7,""3"":2},""validation_groups"":17,""validation_records"":85}]",0
classification__embedding__multilingual_minilm_l12__logistic_regression,classification,embedding,multilingual_minilm_l12,logistic_regression,3,403,105,84,21,0,0.45992589999514166,0.07430240001122002,0.0037690000026486814,0.035895238120463635,classifier_pipeline_with_precomputed_embedding,"{""model__C"":1.0}",0.591375031861546,"{""eligible"":false,""obra_threshold"":0.9,""threshold"":null}","{""balance_score"":0.02989308580706429,""calibration_group_counts_by_label"":{""0"":10,""1"":9,""2"":10,""3"":5},""calibration_groups"":34,""calibration_label_counts"":{""0"":47,""1"":44,""2"":48,""3"":23},""calibration_records"":162,""fit_group_counts_by_label"":{""0"":15,""1"":14,""2"":14,""3"":7},""fit_groups"":50,""fit_label_counts"":{""0"":71,""1"":70,""2"":70,""3"":30},""fit_records"":241,""group_overlap"":0}","[{""fit_group_counts_by_label"":{""0"":4,""1"":4,""2"":6,""3"":3},""fit_groups"":17,""fit_records"":83,""fold"":0,""group_overlap"":0,""validation_group_counts_by_label"":{""0"":6,""1"":5,""2"":4,""3"":2},""validation_groups"":17,""validation_records"":79},{""fit_group_counts_by_label"":{""0"":6,""1"":5,""2"":4,""3"":2},""fit_groups"":17,""fit_records"":79,""fold"":1,""group_overlap"":0,""validation_group_counts_by_label"":{""0"":4,""1"":4,""2"":6,""3"":3},""validation_groups"":17,""validation_records"":83}]",0
classification__embedding__multilingual_minilm_l12__logistic_regression,classification,embedding,multilingual_minilm_l12,logistic_regression,4,403,105,84,21,0,0.39200069999787956,0.08817880001151934,0.0038111000030767173,0.03629619050549254,classifier_pipeline_with_precomputed_embedding,"{""model__C"":0.1}",0.6086476158781894,"{""eligible"":false,""obra_threshold"":0.9,""threshold"":null}","{""balance_score"":0.023069493766808807,""calibration_group_counts_by_label"":{""0"":8,""1"":11,""2"":11,""3"":4},""calibration_groups"":34,""calibration_label_counts"":{""0"":40,""1"":54,""2"":55,""3"":18},""calibration_records"":167,""fit_group_counts_by_label"":{""0"":13,""1"":15,""2"":16,""3"":6},""fit_groups"":50,""fit_label_counts"":{""0"":58,""1"":75,""2"":78,""3"":25},""fit_records"":236,""group_overlap"":0}","[{""fit_group_counts_by_label"":{""0"":4,""1"":6,""2"":5,""3"":2},""fit_groups"":17,""fit_records"":84,""fold"":0,""group_overlap"":0,""validation_group_counts_by_label"":{""0"":4,""1"":5,""2"":6,""3"":2},""validation_groups"":17,""validation_records"":83},{""fit_group_counts_by_label"":{""0"":4,""1"":5,""2"":6,""3"":2},""fit_groups"":17,""fit_records"":83,""fold"":1,""group_overlap"":0,""validation_group_counts_by_label"":{""0"":4,""1"":6,""2"":5,""3"":2},""validation_groups"":17,""validation_records"":84}]",0
classification__embedding__multilingual_minilm_l12__decision_tree,classification,embedding,multilingual_minilm_l12,decision_tree,0,406,102,84,21,0,0.8025491000007605,0.09740859999146778,0.003773199990973808,0.03699215677425302,classifier_pipeline_with_precomputed_embedding,"{""model__max_depth"":6,""model__min_samples_leaf"":2}",0.45814389817608187,"{""eligible"":false,""obra_threshold"":0.9,""threshold"":null}","{""balance_score"":0.013121361397223433,""calibration_group_counts_by_label"":{""0"":9,""1"":11,""2"":10,""3"":4},""calibration_groups"":34,""calibration_label_counts"":{""0"":41,""1"":55,""2"":50,""3"":19},""calibration_records"":165,""fit_group_counts_by_label"":{""0"":12,""1"":16,""2"":15,""3"":7},""fit_groups"":50,""fit_label_counts"":{""0"":60,""1"":79,""2"":73,""3"":29},""fit_records"":241,""group_overlap"":0}","[{""fit_group_counts_by_label"":{""0"":5,""1"":5,""2"":5,""3"":2},""fit_groups"":17,""fit_records"":80,""fold"":0,""group_overlap"":0,""validation_group_counts_by_label"":{""0"":4,""1"":6,""2"":5,""3"":2},""validation_groups"":17,""validation_records"":85},{""fit_group_counts_by_label"":{""0"":4,""1"":6,""2"":5,""3"":2},""fit_groups"":17,""fit_records"":85,""fold"":1,""group_overlap"":0,""validation_group_counts_by_label"":{""0"":5,""1"":5,""2"":5,""3"":2},""validation_groups"":17,""validation_records"":80}]",0
classification__embedding__multilingual_minilm_l12__decision_tree,classification,embedding,multilingual_minilm_l12,decision_tree,1,415,93,84,21,0,0.7981127000093693,0.061758600000757724,0.0033380999957444146,0.03589354834133779,classifier_pipeline_with_precomputed_embedding,"{""model__max_depth"":6,""model__min_samples_leaf"":5}",0.4979851402211651,"{""eligible"":false,""obra_threshold"":0.9,""threshold"":null}","{""balance_score"":0.030156991602774727,""calibration_group_counts_by_label"":{""0"":10,""1"":10,""2"":10,""3"":4},""calibration_groups"":34,""calibration_label_counts"":{""0"":47,""1"":49,""2"":50,""3"":19},""calibration_records"":165,""fit_group_counts_by_label"":{""0"":14,""1"":16,""2"":15,""3"":5},""fit_groups"":50,""fit_label_counts"":{""0"":70,""1"":80,""2"":75,""3"":25},""fit_records"":250,""group_overlap"":0}","[{""fit_group_counts_by_label"":{""0"":3,""1"":5,""2"":7,""3"":2},""fit_groups"":17,""fit_records"":84,""fold"":0,""group_overlap"":0,""validation_group_counts_by_label"":{""0"":7,""1"":5,""2"":3,""3"":2},""validation_groups"":17,""validation_records"":81},{""fit_group_counts_by_label"":{""0"":7,""1"":5,""2"":3,""3"":2},""fit_groups"":17,""fit_records"":81,""fold"":1,""group_overlap"":0,""validation_group_counts_by_label"":{""0"":3,""1"":5,""2"":7,""3"":2},""validation_groups"":17,""validation_records"":84}]",0
classification__embedding__multilingual_minilm_l12__decision_tree,classification,embedding,multilingual_minilm_l12,decision_tree,2,405,103,84,21,0,0.7294705999956932,0.12823659999412484,0.0035308999940752983,0.03428058246675047,classifier_pipeline_with_precomputed_embedding,"{""model__max_depth"":6,""model__min_samples_leaf"":2}",0.3094062454903416,"{""eligible"":false,""obra_threshold"":0.9,""threshold"":null}","{""balance_score"":0.02760141093474426,""calibration_group_counts_by_label"":{""0"":8,""1"":11,""2"":11,""3"":4},""calibration_groups"":34,""calibration_label_counts"":{""0"":40,""1"":55,""2"":55,""3"":18},""calibration_records"":168,""fit_group_counts_by_label"":{""0"":13,""1"":15,""2"":16,""3"":6},""fit_groups"":50,""fit_label_counts"":{""0"":58,""1"":75,""2"":78,""3"":26},""fit_records"":237,""group_overlap"":0}","[{""fit_group_counts_by_label"":{""0"":4,""1"":4,""2"":7,""3"":2},""fit_groups"":17,""fit_records"":85,""fold"":0,""group_overlap"":0,""validation_group_counts_by_label"":{""0"":4,""1"":7,""2"":4,""3"":2},""validation_groups"":17,""validation_records"":83},{""fit_group_counts_by_label"":{""0"":4,""1"":7,""2"":4,""3"":2},""fit_groups"":17,""fit_records"":83,""fold"":1,""group_overlap"":0,""validation_group_counts_by_label"":{""0"":4,""1"":4,""2"":7,""3"":2},""validation_groups"":17,""validation_records"":85}]",0
classification__embedding__multilingual_minilm_l12__decision_tree,classification,embedding,multilingual_minilm_l12,decision_tree,3,403,105,84,21,0,0.8316771000099834,0.05988190000061877,0.004209000006085262,0.04008571434366916,classifier_pipeline_with_precomputed_embedding,"{""model__max_depth"":6,""model__min_samples_leaf"":5}",0.43292577103552715,"{""eligible"":false,""obra_threshold"":0.9,""threshold"":null}","{""balance_score"":0.02989308580706429,""calibration_group_counts_by_label"":{""0"":10,""1"":9,""2"":10,""3"":5},""calibration_groups"":34,""calibration_label_counts"":{""0"":47,""1"":44,""2"":48,""3"":23},""calibration_records"":162,""fit_group_counts_by_label"":{""0"":15,""1"":14,""2"":14,""3"":7},""fit_groups"":50,""fit_label_counts"":{""0"":71,""1"":70,""2"":70,""3"":30},""fit_records"":241,""group_overlap"":0}","[{""fit_group_counts_by_label"":{""0"":4,""1"":4,""2"":6,""3"":3},""fit_groups"":17,""fit_records"":83,""fold"":0,""group_overlap"":0,""validation_group_counts_by_label"":{""0"":6,""1"":5,""2"":4,""3"":2},""validation_groups"":17,""validation_records"":79},{""fit_group_counts_by_label"":{""0"":6,""1"":5,""2"":4,""3"":2},""fit_groups"":17,""fit_records"":79,""fold"":1,""group_overlap"":0,""validation_group_counts_by_label"":{""0"":4,""1"":4,""2"":6,""3"":3},""validation_groups"":17,""validation_records"":83}]",0
classification__embedding__multilingual_minilm_l12__decision_tree,classification,embedding,multilingual_minilm_l12,decision_tree,4,403,105,84,21,0,0.7516238999960478,0.07444250000116881,0.0035192999930586666,0.03351714279103492,classifier_pipeline_with_precomputed_embedding,"{""model__max_depth"":6,""model__min_samples_leaf"":5}",0.306323782079123,"{""eligible"":false,""obra_threshold"":0.9,""threshold"":null}","{""balance_score"":0.023069493766808807,""calibration_group_counts_by_label"":{""0"":8,""1"":11,""2"":11,""3"":4},""calibration_groups"":34,""calibration_label_counts"":{""0"":40,""1"":54,""2"":55,""3"":18},""calibration_records"":167,""fit_group_counts_by_label"":{""0"":13,""1"":15,""2"":16,""3"":6},""fit_groups"":50,""fit_label_counts"":{""0"":58,""1"":75,""2"":78,""3"":25},""fit_records"":236,""group_overlap"":0}","[{""fit_group_counts_by_label"":{""0"":4,""1"":6,""2"":5,""3"":2},""fit_groups"":17,""fit_records"":84,""fold"":0,""group_overlap"":0,""validation_group_counts_by_label"":{""0"":4,""1"":5,""2"":6,""3"":2},""validation_groups"":17,""validation_records"":83},{""fit_group_counts_by_label"":{""0"":4,""1"":5,""2"":6,""3"":2},""fit_groups"":17,""fit_records"":83,""fold"":1,""group_overlap"":0,""validation_group_counts_by_label"":{""0"":4,""1"":6,""2"":5,""3"":2},""validation_groups"":17,""validation_records"":84}]",0
classification__embedding__multilingual_minilm_l12__linear_svm,classification,embedding,multilingual_minilm_l12,linear_svm,0,406,102,84,21,0,0.5216937999939546,0.10972740000579506,0.0037749999901279807,0.037009803824784124,classifier_pipeline_with_precomputed_embedding,"{""model__C"":0.1}",0.6332396224428426,"{""eligible"":false,""obra_threshold"":0.9,""threshold"":null}","{""balance_score"":0.013121361397223433,""calibration_group_counts_by_label"":{""0"":9,""1"":11,""2"":10,""3"":4},""calibration_groups"":34,""calibration_label_counts"":{""0"":41,""1"":55,""2"":50,""3"":19},""calibration_records"":165,""fit_group_counts_by_label"":{""0"":12,""1"":16,""2"":15,""3"":7},""fit_groups"":50,""fit_label_counts"":{""0"":60,""1"":79,""2"":73,""3"":29},""fit_records"":241,""group_overlap"":0}","[{""fit_group_counts_by_label"":{""0"":5,""1"":5,""2"":5,""3"":2},""fit_groups"":17,""fit_records"":80,""fold"":0,""group_overlap"":0,""validation_group_counts_by_label"":{""0"":4,""1"":6,""2"":5,""3"":2},""validation_groups"":17,""validation_records"":85},{""fit_group_counts_by_label"":{""0"":4,""1"":6,""2"":5,""3"":2},""fit_groups"":17,""fit_records"":85,""fold"":1,""group_overlap"":0,""validation_group_counts_by_label"":{""0"":5,""1"":5,""2"":5,""3"":2},""validation_groups"":17,""validation_records"":80}]",0
classification__embedding__multilingual_minilm_l12__linear_svm,classification,embedding,multilingual_minilm_l12,linear_svm,1,415,93,84,21,0,0.4733027000038419,0.07381230000464711,0.0035281999880680814,0.03793763428030195,classifier_pipeline_with_precomputed_embedding,"{""model__C"":0.1}",0.6284442597220684,"{""automatic_maintenance_as_obra"":0,""automatic_non_obra_as_obra"":0,""coverage"":0.5151515151515151,""covered"":85,""eligible"":true,""errors"":5,""obra_threshold"":0.9,""risk"":0.058823529411764705,""threshold"":0.61}","{""balance_score"":0.030156991602774727,""calibration_group_counts_by_label"":{""0"":10,""1"":10,""2"":10,""3"":4},""calibration_groups"":34,""calibration_label_counts"":{""0"":47,""1"":49,""2"":50,""3"":19},""calibration_records"":165,""fit_group_counts_by_label"":{""0"":14,""1"":16,""2"":15,""3"":5},""fit_groups"":50,""fit_label_counts"":{""0"":70,""1"":80,""2"":75,""3"":25},""fit_records"":250,""group_overlap"":0}","[{""fit_group_counts_by_label"":{""0"":3,""1"":5,""2"":7,""3"":2},""fit_groups"":17,""fit_records"":84,""fold"":0,""group_overlap"":0,""validation_group_counts_by_label"":{""0"":7,""1"":5,""2"":3,""3"":2},""validation_groups"":17,""validation_records"":81},{""fit_group_counts_by_label"":{""0"":7,""1"":5,""2"":3,""3"":2},""fit_groups"":17,""fit_records"":81,""fold"":1,""group_overlap"":0,""validation_group_counts_by_label"":{""0"":3,""1"":5,""2"":7,""3"":2},""validation_groups"":17,""validation_records"":84}]",0
classification__embedding__multilingual_minilm_l12__linear_svm,classification,embedding,multilingual_minilm_l12,linear_svm,2,405,103,84,21,0,0.5300366000010399,0.13890700000047218,0.003732299999683164,0.03623592232702101,classifier_pipeline_with_precomputed_embedding,"{""model__C"":10.0}",0.6115289940061573,"{""eligible"":false,""obra_threshold"":0.9,""threshold"":null}","{""balance_score"":0.02760141093474426,""calibration_group_counts_by_label"":{""0"":8,""1"":11,""2"":11,""3"":4},""calibration_groups"":34,""calibration_label_counts"":{""0"":40,""1"":55,""2"":55,""3"":18},""calibration_records"":168,""fit_group_counts_by_label"":{""0"":13,""1"":15,""2"":16,""3"":6},""fit_groups"":50,""fit_label_counts"":{""0"":58,""1"":75,""2"":78,""3"":26},""fit_records"":237,""group_overlap"":0}","[{""fit_group_counts_by_label"":{""0"":4,""1"":4,""2"":7,""3"":2},""fit_groups"":17,""fit_records"":85,""fold"":0,""group_overlap"":0,""validation_group_counts_by_label"":{""0"":4,""1"":7,""2"":4,""3"":2},""validation_groups"":17,""validation_records"":83},{""fit_group_counts_by_label"":{""0"":4,""1"":7,""2"":4,""3"":2},""fit_groups"":17,""fit_records"":83,""fold"":1,""group_overlap"":0,""validation_group_counts_by_label"":{""0"":4,""1"":4,""2"":7,""3"":2},""validation_groups"":17,""validation_records"":85}]",0
classification__embedding__multilingual_minilm_l12__linear_svm,classification,embedding,multilingual_minilm_l12,linear_svm,3,403,105,84,21,0,0.4496759000030579,0.07167309999931604,0.0038263000024016947,0.036440952403825666,classifier_pipeline_with_precomputed_embedding,"{""model__C"":0.1}",0.5736065820578399,"{""eligible"":false,""obra_threshold"":0.9,""threshold"":null}","{""balance_score"":0.02989308580706429,""calibration_group_counts_by_label"":{""0"":10,""1"":9,""2"":10,""3"":5},""calibration_groups"":34,""calibration_label_counts"":{""0"":47,""1"":44,""2"":48,""3"":23},""calibration_records"":162,""fit_group_counts_by_label"":{""0"":15,""1"":14,""2"":14,""3"":7},""fit_groups"":50,""fit_label_counts"":{""0"":71,""1"":70,""2"":70,""3"":30},""fit_records"":241,""group_overlap"":0}","[{""fit_group_counts_by_label"":{""0"":4,""1"":4,""2"":6,""3"":3},""fit_groups"":17,""fit_records"":83,""fold"":0,""group_overlap"":0,""validation_group_counts_by_label"":{""0"":6,""1"":5,""2"":4,""3"":2},""validation_groups"":17,""validation_records"":79},{""fit_group_counts_by_label"":{""0"":6,""1"":5,""2"":4,""3"":2},""fit_groups"":17,""fit_records"":79,""fold"":1,""group_overlap"":0,""validation_group_counts_by_label"":{""0"":4,""1"":4,""2"":6,""3"":3},""validation_groups"":17,""validation_records"":83}]",0
classification__embedding__multilingual_minilm_l12__linear_svm,classification,embedding,multilingual_minilm_l12,linear_svm,4,403,105,84,21,0,0.6159071000001859,0.08646389999194071,0.004067700006999075,0.03874000006665786,classifier_pipeline_with_precomputed_embedding,"{""model__C"":10.0}",0.6151791948023536,"{""eligible"":false,""obra_threshold"":0.9,""threshold"":null}","{""balance_score"":0.023069493766808807,""calibration_group_counts_by_label"":{""0"":8,""1"":11,""2"":11,""3"":4},""calibration_groups"":34,""calibration_label_counts"":{""0"":40,""1"":54,""2"":55,""3"":18},""calibration_records"":167,""fit_group_counts_by_label"":{""0"":13,""1"":15,""2"":16,""3"":6},""fit_groups"":50,""fit_label_counts"":{""0"":58,""1"":75,""2"":78,""3"":25},""fit_records"":236,""group_overlap"":0}","[{""fit_group_counts_by_label"":{""0"":4,""1"":6,""2"":5,""3"":2},""fit_groups"":17,""fit_records"":84,""fold"":0,""group_overlap"":0,""validation_group_counts_by_label"":{""0"":4,""1"":5,""2"":6,""3"":2},""validation_groups"":17,""validation_records"":83},{""fit_group_counts_by_label"":{""0"":4,""1"":5,""2"":6,""3"":2},""fit_groups"":17,""fit_records"":83,""fold"":1,""group_overlap"":0,""validation_group_counts_by_label"":{""0"":4,""1"":6,""2"":5,""3"":2},""validation_groups"":17,""validation_records"":84}]",0
classification__embedding__multilingual_minilm_l12__mlp,classification,embedding,multilingual_minilm_l12,mlp,0,406,102,84,21,0,16.75967440000386,0.2198608000035165,0.020531799993477762,0.20129215679880158,classifier_pipeline_with_precomputed_embedding,"{""model__alpha"":0.001,""model__hidden_layer_sizes"":[32]}",0.6045373636529027,"{""eligible"":false,""obra_threshold"":0.9,""threshold"":null}","{""balance_score"":0.013121361397223433,""calibration_group_counts_by_label"":{""0"":9,""1"":11,""2"":10,""3"":4},""calibration_groups"":34,""calibration_label_counts"":{""0"":41,""1"":55,""2"":50,""3"":19},""calibration_records"":165,""fit_group_counts_by_label"":{""0"":12,""1"":16,""2"":15,""3"":7},""fit_groups"":50,""fit_label_counts"":{""0"":60,""1"":79,""2"":73,""3"":29},""fit_records"":241,""group_overlap"":0}","[{""fit_group_counts_by_label"":{""0"":5,""1"":5,""2"":5,""3"":2},""fit_groups"":17,""fit_records"":80,""fold"":0,""group_overlap"":0,""validation_group_counts_by_label"":{""0"":4,""1"":6,""2"":5,""3"":2},""validation_groups"":17,""validation_records"":85},{""fit_group_counts_by_label"":{""0"":4,""1"":6,""2"":5,""3"":2},""fit_groups"":17,""fit_records"":85,""fold"":1,""group_overlap"":0,""validation_group_counts_by_label"":{""0"":5,""1"":5,""2"":5,""3"":2},""validation_groups"":17,""validation_records"":80}]",0
classification__embedding__multilingual_minilm_l12__mlp,classification,embedding,multilingual_minilm_l12,mlp,1,415,93,84,21,0,18.360242099995958,0.12077850000059698,0.00983779999660328,0.10578279566240087,classifier_pipeline_with_precomputed_embedding,"{""model__alpha"":0.001,""model__hidden_layer_sizes"":[32]}",0.6079644329966117,"{""automatic_maintenance_as_obra"":0,""automatic_non_obra_as_obra"":0,""coverage"":0.5151515151515151,""covered"":85,""eligible"":true,""errors"":5,""obra_threshold"":0.9,""risk"":0.058823529411764705,""threshold"":0.8}","{""balance_score"":0.030156991602774727,""calibration_group_counts_by_label"":{""0"":10,""1"":10,""2"":10,""3"":4},""calibration_groups"":34,""calibration_label_counts"":{""0"":47,""1"":49,""2"":50,""3"":19},""calibration_records"":165,""fit_group_counts_by_label"":{""0"":14,""1"":16,""2"":15,""3"":5},""fit_groups"":50,""fit_label_counts"":{""0"":70,""1"":80,""2"":75,""3"":25},""fit_records"":250,""group_overlap"":0}","[{""fit_group_counts_by_label"":{""0"":3,""1"":5,""2"":7,""3"":2},""fit_groups"":17,""fit_records"":84,""fold"":0,""group_overlap"":0,""validation_group_counts_by_label"":{""0"":7,""1"":5,""2"":3,""3"":2},""validation_groups"":17,""validation_records"":81},{""fit_group_counts_by_label"":{""0"":7,""1"":5,""2"":3,""3"":2},""fit_groups"":17,""fit_records"":81,""fold"":1,""group_overlap"":0,""validation_group_counts_by_label"":{""0"":3,""1"":5,""2"":7,""3"":2},""validation_groups"":17,""validation_records"":84}]",0
classification__embedding__multilingual_minilm_l12__mlp,classification,embedding,multilingual_minilm_l12,mlp,2,405,103,84,21,0,16.79146020000917,0.21652950000134297,0.007420400012051687,0.07204271856360861,classifier_pipeline_with_precomputed_embedding,"{""model__alpha"":0.001,""model__hidden_layer_sizes"":[32]}",0.5745344272018239,"{""eligible"":false,""obra_threshold"":0.9,""threshold"":null}","{""balance_score"":0.02760141093474426,""calibration_group_counts_by_label"":{""0"":8,""1"":11,""2"":11,""3"":4},""calibration_groups"":34,""calibration_label_counts"":{""0"":40,""1"":55,""2"":55,""3"":18},""calibration_records"":168,""fit_group_counts_by_label"":{""0"":13,""1"":15,""2"":16,""3"":6},""fit_groups"":50,""fit_label_counts"":{""0"":58,""1"":75,""2"":78,""3"":26},""fit_records"":237,""group_overlap"":0}","[{""fit_group_counts_by_label"":{""0"":4,""1"":4,""2"":7,""3"":2},""fit_groups"":17,""fit_records"":85,""fold"":0,""group_overlap"":0,""validation_group_counts_by_label"":{""0"":4,""1"":7,""2"":4,""3"":2},""validation_groups"":17,""validation_records"":83},{""fit_group_counts_by_label"":{""0"":4,""1"":7,""2"":4,""3"":2},""fit_groups"":17,""fit_records"":83,""fold"":1,""group_overlap"":0,""validation_group_counts_by_label"":{""0"":4,""1"":4,""2"":7,""3"":2},""validation_groups"":17,""validation_records"":85}]",0
classification__embedding__multilingual_minilm_l12__mlp,classification,embedding,multilingual_minilm_l12,mlp,3,403,105,84,21,0,14.545264999993378,0.10212330000649672,0.006734899987350218,0.06414190464143064,classifier_pipeline_with_precomputed_embedding,"{""model__alpha"":0.001,""model__hidden_layer_sizes"":[32]}",0.5680196445482918,"{""eligible"":false,""obra_threshold"":0.9,""threshold"":null}","{""balance_score"":0.02989308580706429,""calibration_group_counts_by_label"":{""0"":10,""1"":9,""2"":10,""3"":5},""calibration_groups"":34,""calibration_label_counts"":{""0"":47,""1"":44,""2"":48,""3"":23},""calibration_records"":162,""fit_group_counts_by_label"":{""0"":15,""1"":14,""2"":14,""3"":7},""fit_groups"":50,""fit_label_counts"":{""0"":71,""1"":70,""2"":70,""3"":30},""fit_records"":241,""group_overlap"":0}","[{""fit_group_counts_by_label"":{""0"":4,""1"":4,""2"":6,""3"":3},""fit_groups"":17,""fit_records"":83,""fold"":0,""group_overlap"":0,""validation_group_counts_by_label"":{""0"":6,""1"":5,""2"":4,""3"":2},""validation_groups"":17,""validation_records"":79},{""fit_group_counts_by_label"":{""0"":6,""1"":5,""2"":4,""3"":2},""fit_groups"":17,""fit_records"":79,""fold"":1,""group_overlap"":0,""validation_group_counts_by_label"":{""0"":4,""1"":4,""2"":6,""3"":3},""validation_groups"":17,""validation_records"":83}]",0
classification__embedding__multilingual_minilm_l12__mlp,classification,embedding,multilingual_minilm_l12,mlp,4,403,105,84,21,0,18.732877499991446,0.12655509999603964,0.00930510000034701,0.08862000000330486,classifier_pipeline_with_precomputed_embedding,"{""model__alpha"":0.001,""model__hidden_layer_sizes"":[16]}",0.6126520151300477,"{""automatic_maintenance_as_obra"":0,""automatic_non_obra_as_obra"":0,""coverage"":0.5029940119760479,""covered"":84,""eligible"":true,""errors"":4,""obra_threshold"":0.9,""risk"":0.047619047619047616,""threshold"":0.74}","{""balance_score"":0.023069493766808807,""calibration_group_counts_by_label"":{""0"":8,""1"":11,""2"":11,""3"":4},""calibration_groups"":34,""calibration_label_counts"":{""0"":40,""1"":54,""2"":55,""3"":18},""calibration_records"":167,""fit_group_counts_by_label"":{""0"":13,""1"":15,""2"":16,""3"":6},""fit_groups"":50,""fit_label_counts"":{""0"":58,""1"":75,""2"":78,""3"":25},""fit_records"":236,""group_overlap"":0}","[{""fit_group_counts_by_label"":{""0"":4,""1"":6,""2"":5,""3"":2},""fit_groups"":17,""fit_records"":84,""fold"":0,""group_overlap"":0,""validation_group_counts_by_label"":{""0"":4,""1"":5,""2"":6,""3"":2},""validation_groups"":17,""validation_records"":83},{""fit_group_counts_by_label"":{""0"":4,""1"":5,""2"":6,""3"":2},""fit_groups"":17,""fit_records"":83,""fold"":1,""group_overlap"":0,""validation_group_counts_by_label"":{""0"":4,""1"":6,""2"":5,""3"":2},""validation_groups"":17,""validation_records"":84}]",0
classification__embedding__multilingual_minilm_l12__xgboost,classification,embedding,multilingual_minilm_l12,xgboost,0,406,102,84,21,0,36.914941299997736,0.15562259999569505,0.006624699992244132,0.06494803913964835,classifier_pipeline_with_precomputed_embedding,"{""model__learning_rate"":0.05,""model__max_depth"":4,""model__n_estimators"":160}",0.6218059469014459,"{""eligible"":false,""obra_threshold"":0.9,""threshold"":null}","{""balance_score"":0.013121361397223433,""calibration_group_counts_by_label"":{""0"":9,""1"":11,""2"":10,""3"":4},""calibration_groups"":34,""calibration_label_counts"":{""0"":41,""1"":55,""2"":50,""3"":19},""calibration_records"":165,""fit_group_counts_by_label"":{""0"":12,""1"":16,""2"":15,""3"":7},""fit_groups"":50,""fit_label_counts"":{""0"":60,""1"":79,""2"":73,""3"":29},""fit_records"":241,""group_overlap"":0}","[{""fit_group_counts_by_label"":{""0"":5,""1"":5,""2"":5,""3"":2},""fit_groups"":17,""fit_records"":80,""fold"":0,""group_overlap"":0,""validation_group_counts_by_label"":{""0"":4,""1"":6,""2"":5,""3"":2},""validation_groups"":17,""validation_records"":85},{""fit_group_counts_by_label"":{""0"":4,""1"":6,""2"":5,""3"":2},""fit_groups"":17,""fit_records"":85,""fold"":1,""group_overlap"":0,""validation_group_counts_by_label"":{""0"":5,""1"":5,""2"":5,""3"":2},""validation_groups"":17,""validation_records"":80}]",0
classification__embedding__multilingual_minilm_l12__xgboost,classification,embedding,multilingual_minilm_l12,xgboost,1,415,93,84,21,0,33.839649200002896,0.11896000000706408,0.006249099998967722,0.06719462364481421,classifier_pipeline_with_precomputed_embedding,"{""model__learning_rate"":0.05,""model__max_depth"":2,""model__n_estimators"":160}",0.583125215760415,"{""eligible"":false,""obra_threshold"":0.9,""threshold"":null}","{""balance_score"":0.030156991602774727,""calibration_group_counts_by_label"":{""0"":10,""1"":10,""2"":10,""3"":4},""calibration_groups"":34,""calibration_label_counts"":{""0"":47,""1"":49,""2"":50,""3"":19},""calibration_records"":165,""fit_group_counts_by_label"":{""0"":14,""1"":16,""2"":15,""3"":5},""fit_groups"":50,""fit_label_counts"":{""0"":70,""1"":80,""2"":75,""3"":25},""fit_records"":250,""group_overlap"":0}","[{""fit_group_counts_by_label"":{""0"":3,""1"":5,""2"":7,""3"":2},""fit_groups"":17,""fit_records"":84,""fold"":0,""group_overlap"":0,""validation_group_counts_by_label"":{""0"":7,""1"":5,""2"":3,""3"":2},""validation_groups"":17,""validation_records"":81},{""fit_group_counts_by_label"":{""0"":7,""1"":5,""2"":3,""3"":2},""fit_groups"":17,""fit_records"":81,""fold"":1,""group_overlap"":0,""validation_group_counts_by_label"":{""0"":3,""1"":5,""2"":7,""3"":2},""validation_groups"":17,""validation_records"":84}]",0
classification__embedding__multilingual_minilm_l12__xgboost,classification,embedding,multilingual_minilm_l12,xgboost,2,405,103,84,21,0,33.03582089999691,0.7295139999914682,0.010239900002488866,0.09941650487853268,classifier_pipeline_with_precomputed_embedding,"{""model__learning_rate"":0.05,""model__max_depth"":2,""model__n_estimators"":160}",0.48262428409310276,"{""eligible"":false,""obra_threshold"":0.9,""threshold"":null}","{""balance_score"":0.02760141093474426,""calibration_group_counts_by_label"":{""0"":8,""1"":11,""2"":11,""3"":4},""calibration_groups"":34,""calibration_label_counts"":{""0"":40,""1"":55,""2"":55,""3"":18},""calibration_records"":168,""fit_group_counts_by_label"":{""0"":13,""1"":15,""2"":16,""3"":6},""fit_groups"":50,""fit_label_counts"":{""0"":58,""1"":75,""2"":78,""3"":26},""fit_records"":237,""group_overlap"":0}","[{""fit_group_counts_by_label"":{""0"":4,""1"":4,""2"":7,""3"":2},""fit_groups"":17,""fit_records"":85,""fold"":0,""group_overlap"":0,""validation_group_counts_by_label"":{""0"":4,""1"":7,""2"":4,""3"":2},""validation_groups"":17,""validation_records"":83},{""fit_group_counts_by_label"":{""0"":4,""1"":7,""2"":4,""3"":2},""fit_groups"":17,""fit_records"":83,""fold"":1,""group_overlap"":0,""validation_group_counts_by_label"":{""0"":4,""1"":4,""2"":7,""3"":2},""validation_groups"":17,""validation_records"":85}]",0
classification__embedding__multilingual_minilm_l12__xgboost,classification,embedding,multilingual_minilm_l12,xgboost,3,403,105,84,21,0,36.00978059999761,0.1206155999971088,0.00666720001026988,0.06349714295495124,classifier_pipeline_with_precomputed_embedding,"{""model__learning_rate"":0.05,""model__max_depth"":4,""model__n_estimators"":160}",0.5024849722696186,"{""eligible"":false,""obra_threshold"":0.9,""threshold"":null}","{""balance_score"":0.02989308580706429,""calibration_group_counts_by_label"":{""0"":10,""1"":9,""2"":10,""3"":5},""calibration_groups"":34,""calibration_label_counts"":{""0"":47,""1"":44,""2"":48,""3"":23},""calibration_records"":162,""fit_group_counts_by_label"":{""0"":15,""1"":14,""2"":14,""3"":7},""fit_groups"":50,""fit_label_counts"":{""0"":71,""1"":70,""2"":70,""3"":30},""fit_records"":241,""group_overlap"":0}","[{""fit_group_counts_by_label"":{""0"":4,""1"":4,""2"":6,""3"":3},""fit_groups"":17,""fit_records"":83,""fold"":0,""group_overlap"":0,""validation_group_counts_by_label"":{""0"":6,""1"":5,""2"":4,""3"":2},""validation_groups"":17,""validation_records"":79},{""fit_group_counts_by_label"":{""0"":6,""1"":5,""2"":4,""3"":2},""fit_groups"":17,""fit_records"":79,""fold"":1,""group_overlap"":0,""validation_group_counts_by_label"":{""0"":4,""1"":4,""2"":6,""3"":3},""validation_groups"":17,""validation_records"":83}]",0
classification__embedding__multilingual_minilm_l12__xgboost,classification,embedding,multilingual_minilm_l12,xgboost,4,403,105,84,21,0,30.72689530000207,0.13152969999646302,0.006414200004655868,0.06108761909196064,classifier_pipeline_with_precomputed_embedding,"{""model__learning_rate"":0.05,""model__max_depth"":2,""model__n_estimators"":160}",0.5077726623239872,"{""eligible"":false,""obra_threshold"":0.9,""threshold"":null}","{""balance_score"":0.023069493766808807,""calibration_group_counts_by_label"":{""0"":8,""1"":11,""2"":11,""3"":4},""calibration_groups"":34,""calibration_label_counts"":{""0"":40,""1"":54,""2"":55,""3"":18},""calibration_records"":167,""fit_group_counts_by_label"":{""0"":13,""1"":15,""2"":16,""3"":6},""fit_groups"":50,""fit_label_counts"":{""0"":58,""1"":75,""2"":78,""3"":25},""fit_records"":236,""group_overlap"":0}","[{""fit_group_counts_by_label"":{""0"":4,""1"":6,""2"":5,""3"":2},""fit_groups"":17,""fit_records"":84,""fold"":0,""group_overlap"":0,""validation_group_counts_by_label"":{""0"":4,""1"":5,""2"":6,""3"":2},""validation_groups"":17,""validation_records"":83},{""fit_group_counts_by_label"":{""0"":4,""1"":5,""2"":6,""3"":2},""fit_groups"":17,""fit_records"":83,""fold"":1,""group_overlap"":0,""validation_group_counts_by_label"":{""0"":4,""1"":6,""2"":5,""3"":2},""validation_groups"":17,""validation_records"":84}]",0
deduplication__embedding__multilingual_minilm_l12__logistic_regression,deduplication,embedding,multilingual_minilm_l12,logistic_regression,0,480,120,96,24,0,0.4347253999876557,0.08773919999657664,0.010887199998251162,0.09072666665209302,classifier_pipeline_with_precomputed_embedding,"{""model__C"":10.0}",-0.19649122807017547,"{""curve_points"":2450,""eligible"":true,""negative_threshold"":0.41,""positive_threshold"":0.52,""selected"":{""abstained"":0,""automated_false_negative_rate"":0.0,""automated_false_positive_rate"":0.0,""automation_duplicate_recall"":1.0,""automation_nonduplicate_recall"":1.0,""coverage"":1.0,""covered"":195,""covered_error_rate"":0.0,""false_negative_cost"":5.0,""false_positive_cost"":1.0,""fn"":0,""fp"":0,""negative_predictive_value"":1.0,""negative_threshold"":0.41,""negatives"":95,""positive_threshold"":0.52,""positives"":100,""precision"":1.0,""threshold"":0.52,""tn"":95,""tp"":100,""weighted_covered_error"":0.0}}","{""balance_score"":0.011057692307692268,""calibration_group_counts_by_label"":{""0"":19,""1"":20},""calibration_groups"":39,""calibration_label_counts"":{""0"":95,""1"":100},""calibration_records"":195,""fit_group_counts_by_label"":{""0"":28,""1"":29},""fit_groups"":57,""fit_label_counts"":{""0"":140,""1"":145},""fit_records"":285,""group_overlap"":0}","[{""fit_group_counts_by_label"":{""0"":11,""1"":8},""fit_groups"":19,""fit_records"":95,""fold"":0,""group_overlap"":0,""validation_group_counts_by_label"":{""0"":8,""1"":12},""validation_groups"":20,""validation_records"":100},{""fit_group_counts_by_label"":{""0"":8,""1"":12},""fit_groups"":20,""fit_records"":100,""fold"":1,""group_overlap"":0,""validation_group_counts_by_label"":{""0"":11,""1"":8},""validation_groups"":19,""validation_records"":95}]",0
deduplication__embedding__multilingual_minilm_l12__logistic_regression,deduplication,embedding,multilingual_minilm_l12,logistic_regression,1,480,120,96,24,0,0.333780899993144,0.0614447999978438,0.006531999999424443,0.054433333328537024,classifier_pipeline_with_precomputed_embedding,"{""model__C"":10.0}",-0.17192982456140352,"{""curve_points"":2450,""eligible"":true,""negative_threshold"":0.38,""positive_threshold"":0.58,""selected"":{""abstained"":4,""automated_false_negative_rate"":0.0,""automated_false_positive_rate"":0.0,""automation_duplicate_recall"":0.99,""automation_nonduplicate_recall"":0.968421052631579,""coverage"":0.9794871794871794,""covered"":191,""covered_error_rate"":0.0,""false_negative_cost"":5.0,""false_positive_cost"":1.0,""fn"":0,""fp"":0,""negative_predictive_value"":1.0,""negative_threshold"":0.38,""negatives"":95,""positive_threshold"":0.58,""positives"":100,""precision"":1.0,""threshold"":0.58,""tn"":92,""tp"":99,""weighted_covered_error"":0.0}}","{""balance_score"":0.011057692307692268,""calibration_group_counts_by_label"":{""0"":19,""1"":20},""calibration_groups"":39,""calibration_label_counts"":{""0"":95,""1"":100},""calibration_records"":195,""fit_group_counts_by_label"":{""0"":28,""1"":29},""fit_groups"":57,""fit_label_counts"":{""0"":140,""1"":145},""fit_records"":285,""group_overlap"":0}","[{""fit_group_counts_by_label"":{""0"":11,""1"":8},""fit_groups"":19,""fit_records"":95,""fold"":0,""group_overlap"":0,""validation_group_counts_by_label"":{""0"":8,""1"":12},""validation_groups"":20,""validation_records"":100},{""fit_group_counts_by_label"":{""0"":8,""1"":12},""fit_groups"":20,""fit_records"":100,""fold"":1,""group_overlap"":0,""validation_group_counts_by_label"":{""0"":11,""1"":8},""validation_groups"":19,""validation_records"":95}]",0
deduplication__embedding__multilingual_minilm_l12__logistic_regression,deduplication,embedding,multilingual_minilm_l12,logistic_regression,2,480,120,96,24,0,0.3372457000077702,0.06301620000158437,0.006786700003431179,0.05655583336192649,classifier_pipeline_with_precomputed_embedding,"{""model__C"":10.0}",-0.23508771929824565,"{""curve_points"":2450,""eligible"":true,""negative_threshold"":0.1,""positive_threshold"":0.84,""selected"":{""abstained"":49,""automated_false_negative_rate"":0.0,""automated_false_positive_rate"":0.0,""automation_duplicate_recall"":0.8,""automation_nonduplicate_recall"":0.6947368421052632,""coverage"":0.7487179487179487,""covered"":146,""covered_error_rate"":0.0,""false_negative_cost"":5.0,""false_positive_cost"":1.0,""fn"":0,""fp"":0,""negative_predictive_value"":1.0,""negative_threshold"":0.1,""negatives"":95,""positive_threshold"":0.84,""positives"":100,""precision"":1.0,""threshold"":0.84,""tn"":66,""tp"":80,""weighted_covered_error"":0.0}}","{""balance_score"":0.011057692307692268,""calibration_group_counts_by_label"":{""0"":19,""1"":20},""calibration_groups"":39,""calibration_label_counts"":{""0"":95,""1"":100},""calibration_records"":195,""fit_group_counts_by_label"":{""0"":28,""1"":29},""fit_groups"":57,""fit_label_counts"":{""0"":140,""1"":145},""fit_records"":285,""group_overlap"":0}","[{""fit_group_counts_by_label"":{""0"":8,""1"":11},""fit_groups"":19,""fit_records"":95,""fold"":0,""group_overlap"":0,""validation_group_counts_by_label"":{""0"":11,""1"":9},""validation_groups"":20,""validation_records"":100},{""fit_group_counts_by_label"":{""0"":11,""1"":9},""fit_groups"":20,""fit_records"":100,""fold"":1,""group_overlap"":0,""validation_group_counts_by_label"":{""0"":8,""1"":11},""validation_groups"":19,""validation_records"":95}]",0
deduplication__embedding__multilingual_minilm_l12__logistic_regression,deduplication,embedding,multilingual_minilm_l12,logistic_regression,3,480,120,96,24,0,0.3333359999960521,0.06374880000657868,0.006664400003501214,0.05553666669584345,classifier_pipeline_with_precomputed_embedding,"{""model__C"":10.0}",-0.3508771929824561,"{""curve_points"":2450,""eligible"":true,""negative_threshold"":0.34,""positive_threshold"":0.6,""selected"":{""abstained"":0,""automated_false_negative_rate"":0.0,""automated_false_positive_rate"":0.0,""automation_duplicate_recall"":1.0,""automation_nonduplicate_recall"":1.0,""coverage"":1.0,""covered"":195,""covered_error_rate"":0.0,""false_negative_cost"":5.0,""false_positive_cost"":1.0,""fn"":0,""fp"":0,""negative_predictive_value"":1.0,""negative_threshold"":0.34,""negatives"":100,""positive_threshold"":0.6,""positives"":95,""precision"":1.0,""threshold"":0.6,""tn"":100,""tp"":95,""weighted_covered_error"":0.0}}","{""balance_score"":0.022275641025641058,""calibration_group_counts_by_label"":{""0"":20,""1"":19},""calibration_groups"":39,""calibration_label_counts"":{""0"":100,""1"":95},""calibration_records"":195,""fit_group_counts_by_label"":{""0"":30,""1"":27},""fit_groups"":57,""fit_label_counts"":{""0"":150,""1"":135},""fit_records"":285,""group_overlap"":0}","[{""fit_group_counts_by_label"":{""0"":12,""1"":7},""fit_groups"":19,""fit_records"":95,""fold"":0,""group_overlap"":0,""validation_group_counts_by_label"":{""0"":8,""1"":12},""validation_groups"":20,""validation_records"":100},{""fit_group_counts_by_label"":{""0"":8,""1"":12},""fit_groups"":20,""fit_records"":100,""fold"":1,""group_overlap"":0,""validation_group_counts_by_label"":{""0"":12,""1"":7},""validation_groups"":19,""validation_records"":95}]",0
deduplication__embedding__multilingual_minilm_l12__logistic_regression,deduplication,embedding,multilingual_minilm_l12,logistic_regression,4,480,120,96,24,0,0.4280905000050552,0.06210999999893829,0.006483200006186962,0.05402666671822468,classifier_pipeline_with_precomputed_embedding,"{""model__C"":10.0}",-0.34736842105263155,"{""curve_points"":2450,""eligible"":true,""negative_threshold"":0.33,""positive_threshold"":0.52,""selected"":{""abstained"":1,""automated_false_negative_rate"":0.0,""automated_false_positive_rate"":0.0,""automation_duplicate_recall"":0.9894736842105263,""automation_nonduplicate_recall"":1.0,""coverage"":0.9948717948717949,""covered"":194,""covered_error_rate"":0.0,""false_negative_cost"":5.0,""false_positive_cost"":1.0,""fn"":0,""fp"":0,""negative_predictive_value"":1.0,""negative_threshold"":0.33,""negatives"":100,""positive_threshold"":0.52,""positives"":95,""precision"":1.0,""threshold"":0.52,""tn"":100,""tp"":94,""weighted_covered_error"":0.0}}","{""balance_score"":0.011057692307692268,""calibration_group_counts_by_label"":{""0"":20,""1"":19},""calibration_groups"":39,""calibration_label_counts"":{""0"":100,""1"":95},""calibration_records"":195,""fit_group_counts_by_label"":{""0"":29,""1"":28},""fit_groups"":57,""fit_label_counts"":{""0"":145,""1"":140},""fit_records"":285,""group_overlap"":0}","[{""fit_group_counts_by_label"":{""0"":9,""1"":10},""fit_groups"":19,""fit_records"":95,""fold"":0,""group_overlap"":0,""validation_group_counts_by_label"":{""0"":11,""1"":9},""validation_groups"":20,""validation_records"":100},{""fit_group_counts_by_label"":{""0"":11,""1"":9},""fit_groups"":20,""fit_records"":100,""fold"":1,""group_overlap"":0,""validation_group_counts_by_label"":{""0"":9,""1"":10},""validation_groups"":19,""validation_records"":95}]",0
deduplication__embedding__multilingual_minilm_l12__decision_tree,deduplication,embedding,multilingual_minilm_l12,decision_tree,0,480,120,96,24,0,1.5128601999895182,0.10424880000937264,0.006536600005347282,0.05447166671122735,classifier_pipeline_with_precomputed_embedding,"{""model__max_depth"":3,""model__min_samples_leaf"":5}",-0.4666666666666666,"{""curve_points"":2450,""eligible"":false,""negative_threshold"":null,""positive_threshold"":null,""selected"":null}","{""balance_score"":0.011057692307692268,""calibration_group_counts_by_label"":{""0"":19,""1"":20},""calibration_groups"":39,""calibration_label_counts"":{""0"":95,""1"":100},""calibration_records"":195,""fit_group_counts_by_label"":{""0"":28,""1"":29},""fit_groups"":57,""fit_label_counts"":{""0"":140,""1"":145},""fit_records"":285,""group_overlap"":0}","[{""fit_group_counts_by_label"":{""0"":11,""1"":8},""fit_groups"":19,""fit_records"":95,""fold"":0,""group_overlap"":0,""validation_group_counts_by_label"":{""0"":8,""1"":12},""validation_groups"":20,""validation_records"":100},{""fit_group_counts_by_label"":{""0"":8,""1"":12},""fit_groups"":20,""fit_records"":100,""fold"":1,""group_overlap"":0,""validation_group_counts_by_label"":{""0"":11,""1"":8},""validation_groups"":19,""validation_records"":95}]",0
deduplication__embedding__multilingual_minilm_l12__decision_tree,deduplication,embedding,multilingual_minilm_l12,decision_tree,1,480,120,96,24,0,1.5708255999925314,0.059796999994432554,0.006493000008049421,0.054108333400411844,classifier_pipeline_with_precomputed_embedding,"{""model__max_depth"":6,""model__min_samples_leaf"":2}",-0.3824561403508772,"{""curve_points"":2450,""eligible"":false,""negative_threshold"":null,""positive_threshold"":null,""selected"":null}","{""balance_score"":0.011057692307692268,""calibration_group_counts_by_label"":{""0"":19,""1"":20},""calibration_groups"":39,""calibration_label_counts"":{""0"":95,""1"":100},""calibration_records"":195,""fit_group_counts_by_label"":{""0"":28,""1"":29},""fit_groups"":57,""fit_label_counts"":{""0"":140,""1"":145},""fit_records"":285,""group_overlap"":0}","[{""fit_group_counts_by_label"":{""0"":11,""1"":8},""fit_groups"":19,""fit_records"":95,""fold"":0,""group_overlap"":0,""validation_group_counts_by_label"":{""0"":8,""1"":12},""validation_groups"":20,""validation_records"":100},{""fit_group_counts_by_label"":{""0"":8,""1"":12},""fit_groups"":20,""fit_records"":100,""fold"":1,""group_overlap"":0,""validation_group_counts_by_label"":{""0"":11,""1"":8},""validation_groups"":19,""validation_records"":95}]",0
deduplication__embedding__multilingual_minilm_l12__decision_tree,deduplication,embedding,multilingual_minilm_l12,decision_tree,2,480,120,96,24,0,1.5496293000032892,0.06138679999276064,0.007665700002689846,0.06388083335574872,classifier_pipeline_with_precomputed_embedding,"{""model__max_depth"":3,""model__min_samples_leaf"":2}",-0.519298245614035,"{""curve_points"":2450,""eligible"":false,""negative_threshold"":null,""positive_threshold"":null,""selected"":null}","{""balance_score"":0.011057692307692268,""calibration_group_counts_by_label"":{""0"":19,""1"":20},""calibration_groups"":39,""calibration_label_counts"":{""0"":95,""1"":100},""calibration_records"":195,""fit_group_counts_by_label"":{""0"":28,""1"":29},""fit_groups"":57,""fit_label_counts"":{""0"":140,""1"":145},""fit_records"":285,""group_overlap"":0}","[{""fit_group_counts_by_label"":{""0"":8,""1"":11},""fit_groups"":19,""fit_records"":95,""fold"":0,""group_overlap"":0,""validation_group_counts_by_label"":{""0"":11,""1"":9},""validation_groups"":20,""validation_records"":100},{""fit_group_counts_by_label"":{""0"":11,""1"":9},""fit_groups"":20,""fit_records"":100,""fold"":1,""group_overlap"":0,""validation_group_counts_by_label"":{""0"":8,""1"":11},""validation_groups"":19,""validation_records"":95}]",0
deduplication__embedding__multilingual_minilm_l12__decision_tree,deduplication,embedding,multilingual_minilm_l12,decision_tree,3,480,120,96,24,0,1.4119032000016887,0.06098080000083428,0.006519799993839115,0.05433166661532596,classifier_pipeline_with_precomputed_embedding,"{""model__max_depth"":3,""model__min_samples_leaf"":2}",-0.34385964912280703,"{""curve_points"":2450,""eligible"":false,""negative_threshold"":null,""positive_threshold"":null,""selected"":null}","{""balance_score"":0.022275641025641058,""calibration_group_counts_by_label"":{""0"":20,""1"":19},""calibration_groups"":39,""calibration_label_counts"":{""0"":100,""1"":95},""calibration_records"":195,""fit_group_counts_by_label"":{""0"":30,""1"":27},""fit_groups"":57,""fit_label_counts"":{""0"":150,""1"":135},""fit_records"":285,""group_overlap"":0}","[{""fit_group_counts_by_label"":{""0"":12,""1"":7},""fit_groups"":19,""fit_records"":95,""fold"":0,""group_overlap"":0,""validation_group_counts_by_label"":{""0"":8,""1"":12},""validation_groups"":20,""validation_records"":100},{""fit_group_counts_by_label"":{""0"":8,""1"":12},""fit_groups"":20,""fit_records"":100,""fold"":1,""group_overlap"":0,""validation_group_counts_by_label"":{""0"":12,""1"":7},""validation_groups"":19,""validation_records"":95}]",0
deduplication__embedding__multilingual_minilm_l12__decision_tree,deduplication,embedding,multilingual_minilm_l12,decision_tree,4,480,120,96,24,0,1.406489100001636,0.06311069999355823,0.006628200004342943,0.055235000036191195,classifier_pipeline_with_precomputed_embedding,"{""model__max_depth"":3,""model__min_samples_leaf"":5}",-0.6947368421052631,"{""curve_points"":2450,""eligible"":false,""negative_threshold"":null,""positive_threshold"":null,""selected"":null}","{""balance_score"":0.011057692307692268,""calibration_group_counts_by_label"":{""0"":20,""1"":19},""calibration_groups"":39,""calibration_label_counts"":{""0"":100,""1"":95},""calibration_records"":195,""fit_group_counts_by_label"":{""0"":29,""1"":28},""fit_groups"":57,""fit_label_counts"":{""0"":145,""1"":140},""fit_records"":285,""group_overlap"":0}","[{""fit_group_counts_by_label"":{""0"":9,""1"":10},""fit_groups"":19,""fit_records"":95,""fold"":0,""group_overlap"":0,""validation_group_counts_by_label"":{""0"":11,""1"":9},""validation_groups"":20,""validation_records"":100},{""fit_group_counts_by_label"":{""0"":11,""1"":9},""fit_groups"":20,""fit_records"":100,""fold"":1,""group_overlap"":0,""validation_group_counts_by_label"":{""0"":9,""1"":10},""validation_groups"":19,""validation_records"":95}]",0
deduplication__embedding__multilingual_minilm_l12__linear_svm,deduplication,embedding,multilingual_minilm_l12,linear_svm,0,480,120,96,24,0,0.629028900002595,0.061997600001632236,0.006939200000488199,0.057826666670734994,classifier_pipeline_with_precomputed_embedding,"{""model__C"":10.0}",-0.1473684210526316,"{""curve_points"":2450,""eligible"":true,""negative_threshold"":0.23,""positive_threshold"":0.7,""selected"":{""abstained"":0,""automated_false_negative_rate"":0.0,""automated_false_positive_rate"":0.0,""automation_duplicate_recall"":1.0,""automation_nonduplicate_recall"":1.0,""coverage"":1.0,""covered"":195,""covered_error_rate"":0.0,""false_negative_cost"":5.0,""false_positive_cost"":1.0,""fn"":0,""fp"":0,""negative_predictive_value"":1.0,""negative_threshold"":0.23,""negatives"":95,""positive_threshold"":0.7,""positives"":100,""precision"":1.0,""threshold"":0.7,""tn"":95,""tp"":100,""weighted_covered_error"":0.0}}","{""balance_score"":0.011057692307692268,""calibration_group_counts_by_label"":{""0"":19,""1"":20},""calibration_groups"":39,""calibration_label_counts"":{""0"":95,""1"":100},""calibration_records"":195,""fit_group_counts_by_label"":{""0"":28,""1"":29},""fit_groups"":57,""fit_label_counts"":{""0"":140,""1"":145},""fit_records"":285,""group_overlap"":0}","[{""fit_group_counts_by_label"":{""0"":11,""1"":8},""fit_groups"":19,""fit_records"":95,""fold"":0,""group_overlap"":0,""validation_group_counts_by_label"":{""0"":8,""1"":12},""validation_groups"":20,""validation_records"":100},{""fit_group_counts_by_label"":{""0"":8,""1"":12},""fit_groups"":20,""fit_records"":100,""fold"":1,""group_overlap"":0,""validation_group_counts_by_label"":{""0"":11,""1"":8},""validation_groups"":19,""validation_records"":95}]",0
deduplication__embedding__multilingual_minilm_l12__linear_svm,deduplication,embedding,multilingual_minilm_l12,linear_svm,1,480,120,96,24,0,0.6729269000061322,0.08864009998796973,0.0066479000088293105,0.055399166740244254,classifier_pipeline_with_precomputed_embedding,"{""model__C"":10.0}",-0.042105263157894736,"{""curve_points"":2450,""eligible"":true,""negative_threshold"":0.31,""positive_threshold"":0.64,""selected"":{""abstained"":2,""automated_false_negative_rate"":0.0,""automated_false_positive_rate"":0.0,""automation_duplicate_recall"":0.99,""automation_nonduplicate_recall"":0.9894736842105263,""coverage"":0.9897435897435898,""covered"":193,""covered_error_rate"":0.0,""false_negative_cost"":5.0,""false_positive_cost"":1.0,""fn"":0,""fp"":0,""negative_predictive_value"":1.0,""negative_threshold"":0.31,""negatives"":95,""positive_threshold"":0.64,""positives"":100,""precision"":1.0,""threshold"":0.64,""tn"":94,""tp"":99,""weighted_covered_error"":0.0}}","{""balance_score"":0.011057692307692268,""calibration_group_counts_by_label"":{""0"":19,""1"":20},""calibration_groups"":39,""calibration_label_counts"":{""0"":95,""1"":100},""calibration_records"":195,""fit_group_counts_by_label"":{""0"":28,""1"":29},""fit_groups"":57,""fit_label_counts"":{""0"":140,""1"":145},""fit_records"":285,""group_overlap"":0}","[{""fit_group_counts_by_label"":{""0"":11,""1"":8},""fit_groups"":19,""fit_records"":95,""fold"":0,""group_overlap"":0,""validation_group_counts_by_label"":{""0"":8,""1"":12},""validation_groups"":20,""validation_records"":100},{""fit_group_counts_by_label"":{""0"":8,""1"":12},""fit_groups"":20,""fit_records"":100,""fold"":1,""group_overlap"":0,""validation_group_counts_by_label"":{""0"":11,""1"":8},""validation_groups"":19,""validation_records"":95}]",0
deduplication__embedding__multilingual_minilm_l12__linear_svm,deduplication,embedding,multilingual_minilm_l12,linear_svm,2,480,120,96,24,0,0.6838973999983864,0.06318199999805074,0.006573399994522333,0.05477833328768611,classifier_pipeline_with_precomputed_embedding,"{""model__C"":10.0}",-0.08421052631578947,"{""curve_points"":2450,""eligible"":true,""negative_threshold"":0.11,""positive_threshold"":0.66,""selected"":{""abstained"":27,""automated_false_negative_rate"":0.0,""automated_false_positive_rate"":0.0,""automation_duplicate_recall"":0.91,""automation_nonduplicate_recall"":0.8105263157894737,""coverage"":0.8615384615384616,""covered"":168,""covered_error_rate"":0.0,""false_negative_cost"":5.0,""false_positive_cost"":1.0,""fn"":0,""fp"":0,""negative_predictive_value"":1.0,""negative_threshold"":0.11,""negatives"":95,""positive_threshold"":0.66,""positives"":100,""precision"":1.0,""threshold"":0.66,""tn"":77,""tp"":91,""weighted_covered_error"":0.0}}","{""balance_score"":0.011057692307692268,""calibration_group_counts_by_label"":{""0"":19,""1"":20},""calibration_groups"":39,""calibration_label_counts"":{""0"":95,""1"":100},""calibration_records"":195,""fit_group_counts_by_label"":{""0"":28,""1"":29},""fit_groups"":57,""fit_label_counts"":{""0"":140,""1"":145},""fit_records"":285,""group_overlap"":0}","[{""fit_group_counts_by_label"":{""0"":8,""1"":11},""fit_groups"":19,""fit_records"":95,""fold"":0,""group_overlap"":0,""validation_group_counts_by_label"":{""0"":11,""1"":9},""validation_groups"":20,""validation_records"":100},{""fit_group_counts_by_label"":{""0"":11,""1"":9},""fit_groups"":20,""fit_records"":100,""fold"":1,""group_overlap"":0,""validation_group_counts_by_label"":{""0"":8,""1"":11},""validation_groups"":19,""validation_records"":95}]",0
deduplication__embedding__multilingual_minilm_l12__linear_svm,deduplication,embedding,multilingual_minilm_l12,linear_svm,3,480,120,96,24,0,0.6422325999883469,0.06736180000007153,0.006662399988272227,0.05551999990226856,classifier_pipeline_with_precomputed_embedding,"{""model__C"":10.0}",-0.23859649122807014,"{""curve_points"":2450,""eligible"":true,""negative_threshold"":0.24,""positive_threshold"":0.63,""selected"":{""abstained"":0,""automated_false_negative_rate"":0.0,""automated_false_positive_rate"":0.0,""automation_duplicate_recall"":1.0,""automation_nonduplicate_recall"":1.0,""coverage"":1.0,""covered"":195,""covered_error_rate"":0.0,""false_negative_cost"":5.0,""false_positive_cost"":1.0,""fn"":0,""fp"":0,""negative_predictive_value"":1.0,""negative_threshold"":0.24,""negatives"":100,""positive_threshold"":0.63,""positives"":95,""precision"":1.0,""threshold"":0.63,""tn"":100,""tp"":95,""weighted_covered_error"":0.0}}","{""balance_score"":0.022275641025641058,""calibration_group_counts_by_label"":{""0"":20,""1"":19},""calibration_groups"":39,""calibration_label_counts"":{""0"":100,""1"":95},""calibration_records"":195,""fit_group_counts_by_label"":{""0"":30,""1"":27},""fit_groups"":57,""fit_label_counts"":{""0"":150,""1"":135},""fit_records"":285,""group_overlap"":0}","[{""fit_group_counts_by_label"":{""0"":12,""1"":7},""fit_groups"":19,""fit_records"":95,""fold"":0,""group_overlap"":0,""validation_group_counts_by_label"":{""0"":8,""1"":12},""validation_groups"":20,""validation_records"":100},{""fit_group_counts_by_label"":{""0"":8,""1"":12},""fit_groups"":20,""fit_records"":100,""fold"":1,""group_overlap"":0,""validation_group_counts_by_label"":{""0"":12,""1"":7},""validation_groups"":19,""validation_records"":95}]",0
deduplication__embedding__multilingual_minilm_l12__linear_svm,deduplication,embedding,multilingual_minilm_l12,linear_svm,4,480,120,96,24,0,0.6246159000002081,0.06231880000268575,0.008445600004051812,0.0703800000337651,classifier_pipeline_with_precomputed_embedding,"{""model__C"":10.0}",-0.312280701754386,"{""curve_points"":2450,""eligible"":true,""negative_threshold"":0.29,""positive_threshold"":0.71,""selected"":{""abstained"":2,""automated_false_negative_rate"":0.0,""automated_false_positive_rate"":0.0,""automation_duplicate_recall"":0.9789473684210527,""automation_nonduplicate_recall"":1.0,""coverage"":0.9897435897435898,""covered"":193,""covered_error_rate"":0.0,""false_negative_cost"":5.0,""false_positive_cost"":1.0,""fn"":0,""fp"":0,""negative_predictive_value"":1.0,""negative_threshold"":0.29,""negatives"":100,""positive_threshold"":0.71,""positives"":95,""precision"":1.0,""threshold"":0.71,""tn"":100,""tp"":93,""weighted_covered_error"":0.0}}","{""balance_score"":0.011057692307692268,""calibration_group_counts_by_label"":{""0"":20,""1"":19},""calibration_groups"":39,""calibration_label_counts"":{""0"":100,""1"":95},""calibration_records"":195,""fit_group_counts_by_label"":{""0"":29,""1"":28},""fit_groups"":57,""fit_label_counts"":{""0"":145,""1"":140},""fit_records"":285,""group_overlap"":0}","[{""fit_group_counts_by_label"":{""0"":9,""1"":10},""fit_groups"":19,""fit_records"":95,""fold"":0,""group_overlap"":0,""validation_group_counts_by_label"":{""0"":11,""1"":9},""validation_groups"":20,""validation_records"":100},{""fit_group_counts_by_label"":{""0"":11,""1"":9},""fit_groups"":20,""fit_records"":100,""fold"":1,""group_overlap"":0,""validation_group_counts_by_label"":{""0"":9,""1"":10},""validation_groups"":19,""validation_records"":95}]",0
deduplication__embedding__multilingual_minilm_l12__mlp,deduplication,embedding,multilingual_minilm_l12,mlp,0,480,120,96,24,0,17.529206700011855,0.1186848000070313,0.014884699994581752,0.1240391666215146,classifier_pipeline_with_precomputed_embedding,"{""model__alpha"":0.001,""model__hidden_layer_sizes"":[32]}",-0.10526315789473684,"{""curve_points"":2450,""eligible"":true,""negative_threshold"":0.09,""positive_threshold"":0.92,""selected"":{""abstained"":0,""automated_false_negative_rate"":0.0,""automated_false_positive_rate"":0.0,""automation_duplicate_recall"":1.0,""automation_nonduplicate_recall"":1.0,""coverage"":1.0,""covered"":195,""covered_error_rate"":0.0,""false_negative_cost"":5.0,""false_positive_cost"":1.0,""fn"":0,""fp"":0,""negative_predictive_value"":1.0,""negative_threshold"":0.09,""negatives"":95,""positive_threshold"":0.92,""positives"":100,""precision"":1.0,""threshold"":0.92,""tn"":95,""tp"":100,""weighted_covered_error"":0.0}}","{""balance_score"":0.011057692307692268,""calibration_group_counts_by_label"":{""0"":19,""1"":20},""calibration_groups"":39,""calibration_label_counts"":{""0"":95,""1"":100},""calibration_records"":195,""fit_group_counts_by_label"":{""0"":28,""1"":29},""fit_groups"":57,""fit_label_counts"":{""0"":140,""1"":145},""fit_records"":285,""group_overlap"":0}","[{""fit_group_counts_by_label"":{""0"":11,""1"":8},""fit_groups"":19,""fit_records"":95,""fold"":0,""group_overlap"":0,""validation_group_counts_by_label"":{""0"":8,""1"":12},""validation_groups"":20,""validation_records"":100},{""fit_group_counts_by_label"":{""0"":8,""1"":12},""fit_groups"":20,""fit_records"":100,""fold"":1,""group_overlap"":0,""validation_group_counts_by_label"":{""0"":11,""1"":8},""validation_groups"":19,""validation_records"":95}]",0
deduplication__embedding__multilingual_minilm_l12__mlp,deduplication,embedding,multilingual_minilm_l12,mlp,1,480,120,96,24,0,16.885050099997898,0.13158190000103787,0.01382339998963289,0.11519499991360742,classifier_pipeline_with_precomputed_embedding,"{""model__alpha"":0.001,""model__hidden_layer_sizes"":[16]}",-0.12982456140350876,"{""curve_points"":2450,""eligible"":true,""negative_threshold"":0.32,""positive_threshold"":0.82,""selected"":{""abstained"":1,""automated_false_negative_rate"":0.0,""automated_false_positive_rate"":0.0,""automation_duplicate_recall"":0.99,""automation_nonduplicate_recall"":1.0,""coverage"":0.9948717948717949,""covered"":194,""covered_error_rate"":0.0,""false_negative_cost"":5.0,""false_positive_cost"":1.0,""fn"":0,""fp"":0,""negative_predictive_value"":1.0,""negative_threshold"":0.32,""negatives"":95,""positive_threshold"":0.82,""positives"":100,""precision"":1.0,""threshold"":0.82,""tn"":95,""tp"":99,""weighted_covered_error"":0.0}}","{""balance_score"":0.011057692307692268,""calibration_group_counts_by_label"":{""0"":19,""1"":20},""calibration_groups"":39,""calibration_label_counts"":{""0"":95,""1"":100},""calibration_records"":195,""fit_group_counts_by_label"":{""0"":28,""1"":29},""fit_groups"":57,""fit_label_counts"":{""0"":140,""1"":145},""fit_records"":285,""group_overlap"":0}","[{""fit_group_counts_by_label"":{""0"":11,""1"":8},""fit_groups"":19,""fit_records"":95,""fold"":0,""group_overlap"":0,""validation_group_counts_by_label"":{""0"":8,""1"":12},""validation_groups"":20,""validation_records"":100},{""fit_group_counts_by_label"":{""0"":8,""1"":12},""fit_groups"":20,""fit_records"":100,""fold"":1,""group_overlap"":0,""validation_group_counts_by_label"":{""0"":11,""1"":8},""validation_groups"":19,""validation_records"":95}]",0
deduplication__embedding__multilingual_minilm_l12__mlp,deduplication,embedding,multilingual_minilm_l12,mlp,2,480,120,96,24,0,21.196833000009065,0.24552810000022873,0.042237600006046705,0.3519800000503892,classifier_pipeline_with_precomputed_embedding,"{""model__alpha"":0.001,""model__hidden_layer_sizes"":[32]}",-0.07017543859649122,"{""curve_points"":2450,""eligible"":true,""negative_threshold"":0.01,""positive_threshold"":0.82,""selected"":{""abstained"":78,""automated_false_negative_rate"":0.0,""automated_false_positive_rate"":0.0,""automation_duplicate_recall"":0.91,""automation_nonduplicate_recall"":0.2736842105263158,""coverage"":0.6,""covered"":117,""covered_error_rate"":0.0,""false_negative_cost"":5.0,""false_positive_cost"":1.0,""fn"":0,""fp"":0,""negative_predictive_value"":1.0,""negative_threshold"":0.01,""negatives"":95,""positive_threshold"":0.82,""positives"":100,""precision"":1.0,""threshold"":0.82,""tn"":26,""tp"":91,""weighted_covered_error"":0.0}}","{""balance_score"":0.011057692307692268,""calibration_group_counts_by_label"":{""0"":19,""1"":20},""calibration_groups"":39,""calibration_label_counts"":{""0"":95,""1"":100},""calibration_records"":195,""fit_group_counts_by_label"":{""0"":28,""1"":29},""fit_groups"":57,""fit_label_counts"":{""0"":140,""1"":145},""fit_records"":285,""group_overlap"":0}","[{""fit_group_counts_by_label"":{""0"":8,""1"":11},""fit_groups"":19,""fit_records"":95,""fold"":0,""group_overlap"":0,""validation_group_counts_by_label"":{""0"":11,""1"":9},""validation_groups"":20,""validation_records"":100},{""fit_group_counts_by_label"":{""0"":11,""1"":9},""fit_groups"":20,""fit_records"":100,""fold"":1,""group_overlap"":0,""validation_group_counts_by_label"":{""0"":8,""1"":11},""validation_groups"":19,""validation_records"":95}]",0
deduplication__embedding__multilingual_minilm_l12__mlp,deduplication,embedding,multilingual_minilm_l12,mlp,3,480,120,96,24,0,20.80304490000708,0.15697379999619443,0.024502700005541556,0.2041891667128463,classifier_pipeline_with_precomputed_embedding,"{""model__alpha"":0.001,""model__hidden_layer_sizes"":[16]}",-0.2350877192982456,"{""curve_points"":2450,""eligible"":true,""negative_threshold"":0.1,""positive_threshold"":0.71,""selected"":{""abstained"":0,""automated_false_negative_rate"":0.0,""automated_false_positive_rate"":0.0,""automation_duplicate_recall"":1.0,""automation_nonduplicate_recall"":1.0,""coverage"":1.0,""covered"":195,""covered_error_rate"":0.0,""false_negative_cost"":5.0,""false_positive_cost"":1.0,""fn"":0,""fp"":0,""negative_predictive_value"":1.0,""negative_threshold"":0.1,""negatives"":100,""positive_threshold"":0.71,""positives"":95,""precision"":1.0,""threshold"":0.71,""tn"":100,""tp"":95,""weighted_covered_error"":0.0}}","{""balance_score"":0.022275641025641058,""calibration_group_counts_by_label"":{""0"":20,""1"":19},""calibration_groups"":39,""calibration_label_counts"":{""0"":100,""1"":95},""calibration_records"":195,""fit_group_counts_by_label"":{""0"":30,""1"":27},""fit_groups"":57,""fit_label_counts"":{""0"":150,""1"":135},""fit_records"":285,""group_overlap"":0}","[{""fit_group_counts_by_label"":{""0"":12,""1"":7},""fit_groups"":19,""fit_records"":95,""fold"":0,""group_overlap"":0,""validation_group_counts_by_label"":{""0"":8,""1"":12},""validation_groups"":20,""validation_records"":100},{""fit_group_counts_by_label"":{""0"":8,""1"":12},""fit_groups"":20,""fit_records"":100,""fold"":1,""group_overlap"":0,""validation_group_counts_by_label"":{""0"":12,""1"":7},""validation_groups"":19,""validation_records"":95}]",0
deduplication__embedding__multilingual_minilm_l12__mlp,deduplication,embedding,multilingual_minilm_l12,mlp,4,480,120,96,24,0,16.812930300002336,0.12701560001005419,0.018630700011271983,0.15525583342726654,classifier_pipeline_with_precomputed_embedding,"{""model__alpha"":0.001,""model__hidden_layer_sizes"":[16]}",-0.32631578947368417,"{""curve_points"":2450,""eligible"":true,""negative_threshold"":0.13,""positive_threshold"":0.81,""selected"":{""abstained"":0,""automated_false_negative_rate"":0.0,""automated_false_positive_rate"":0.0,""automation_duplicate_recall"":1.0,""automation_nonduplicate_recall"":1.0,""coverage"":1.0,""covered"":195,""covered_error_rate"":0.0,""false_negative_cost"":5.0,""false_positive_cost"":1.0,""fn"":0,""fp"":0,""negative_predictive_value"":1.0,""negative_threshold"":0.13,""negatives"":100,""positive_threshold"":0.81,""positives"":95,""precision"":1.0,""threshold"":0.81,""tn"":100,""tp"":95,""weighted_covered_error"":0.0}}","{""balance_score"":0.011057692307692268,""calibration_group_counts_by_label"":{""0"":20,""1"":19},""calibration_groups"":39,""calibration_label_counts"":{""0"":100,""1"":95},""calibration_records"":195,""fit_group_counts_by_label"":{""0"":29,""1"":28},""fit_groups"":57,""fit_label_counts"":{""0"":145,""1"":140},""fit_records"":285,""group_overlap"":0}","[{""fit_group_counts_by_label"":{""0"":9,""1"":10},""fit_groups"":19,""fit_records"":95,""fold"":0,""group_overlap"":0,""validation_group_counts_by_label"":{""0"":11,""1"":9},""validation_groups"":20,""validation_records"":100},{""fit_group_counts_by_label"":{""0"":11,""1"":9},""fit_groups"":20,""fit_records"":100,""fold"":1,""group_overlap"":0,""validation_group_counts_by_label"":{""0"":9,""1"":10},""validation_groups"":19,""validation_records"":95}]",0
deduplication__embedding__multilingual_minilm_l12__xgboost,deduplication,embedding,multilingual_minilm_l12,xgboost,0,480,120,96,24,0,15.672610399997211,0.10552889999235049,0.008888199998182245,0.07406833331818537,classifier_pipeline_with_precomputed_embedding,"{""model__learning_rate"":0.05,""model__max_depth"":2,""model__n_estimators"":160}",-0.20350877192982456,"{""curve_points"":2450,""eligible"":true,""negative_threshold"":0.1,""positive_threshold"":0.95,""selected"":{""abstained"":36,""automated_false_negative_rate"":0.0,""automated_false_positive_rate"":0.0,""automation_duplicate_recall"":0.75,""automation_nonduplicate_recall"":0.8842105263157894,""coverage"":0.8153846153846154,""covered"":159,""covered_error_rate"":0.0,""false_negative_cost"":5.0,""false_positive_cost"":1.0,""fn"":0,""fp"":0,""negative_predictive_value"":1.0,""negative_threshold"":0.1,""negatives"":95,""positive_threshold"":0.95,""positives"":100,""precision"":1.0,""threshold"":0.95,""tn"":84,""tp"":75,""weighted_covered_error"":0.0}}","{""balance_score"":0.011057692307692268,""calibration_group_counts_by_label"":{""0"":19,""1"":20},""calibration_groups"":39,""calibration_label_counts"":{""0"":95,""1"":100},""calibration_records"":195,""fit_group_counts_by_label"":{""0"":28,""1"":29},""fit_groups"":57,""fit_label_counts"":{""0"":140,""1"":145},""fit_records"":285,""group_overlap"":0}","[{""fit_group_counts_by_label"":{""0"":11,""1"":8},""fit_groups"":19,""fit_records"":95,""fold"":0,""group_overlap"":0,""validation_group_counts_by_label"":{""0"":8,""1"":12},""validation_groups"":20,""validation_records"":100},{""fit_group_counts_by_label"":{""0"":8,""1"":12},""fit_groups"":20,""fit_records"":100,""fold"":1,""group_overlap"":0,""validation_group_counts_by_label"":{""0"":11,""1"":8},""validation_groups"":19,""validation_records"":95}]",0
deduplication__embedding__multilingual_minilm_l12__xgboost,deduplication,embedding,multilingual_minilm_l12,xgboost,1,480,120,96,24,0,15.319645499999751,0.14597909999429248,0.014144500004476868,0.11787083337064057,classifier_pipeline_with_precomputed_embedding,"{""model__learning_rate"":0.05,""model__max_depth"":2,""model__n_estimators"":160}",-0.2631578947368421,"{""curve_points"":2450,""eligible"":true,""negative_threshold"":0.11,""positive_threshold"":0.94,""selected"":{""abstained"":26,""automated_false_negative_rate"":0.0,""automated_false_positive_rate"":0.0,""automation_duplicate_recall"":0.81,""automation_nonduplicate_recall"":0.9263157894736842,""coverage"":0.8666666666666667,""covered"":169,""covered_error_rate"":0.0,""false_negative_cost"":5.0,""false_positive_cost"":1.0,""fn"":0,""fp"":0,""negative_predictive_value"":1.0,""negative_threshold"":0.11,""negatives"":95,""positive_threshold"":0.94,""positives"":100,""precision"":1.0,""threshold"":0.94,""tn"":88,""tp"":81,""weighted_covered_error"":0.0}}","{""balance_score"":0.011057692307692268,""calibration_group_counts_by_label"":{""0"":19,""1"":20},""calibration_groups"":39,""calibration_label_counts"":{""0"":95,""1"":100},""calibration_records"":195,""fit_group_counts_by_label"":{""0"":28,""1"":29},""fit_groups"":57,""fit_label_counts"":{""0"":140,""1"":145},""fit_records"":285,""group_overlap"":0}","[{""fit_group_counts_by_label"":{""0"":11,""1"":8},""fit_groups"":19,""fit_records"":95,""fold"":0,""group_overlap"":0,""validation_group_counts_by_label"":{""0"":8,""1"":12},""validation_groups"":20,""validation_records"":100},{""fit_group_counts_by_label"":{""0"":8,""1"":12},""fit_groups"":20,""fit_records"":100,""fold"":1,""group_overlap"":0,""validation_group_counts_by_label"":{""0"":11,""1"":8},""validation_groups"":19,""validation_records"":95}]",0
deduplication__embedding__multilingual_minilm_l12__xgboost,deduplication,embedding,multilingual_minilm_l12,xgboost,2,480,120,96,24,0,15.718989900007728,0.11401559998921584,0.009939600000507198,0.08283000000422665,classifier_pipeline_with_precomputed_embedding,"{""model__learning_rate"":0.05,""model__max_depth"":2,""model__n_estimators"":160}",-0.28771929824561404,"{""curve_points"":2450,""eligible"":true,""negative_threshold"":0.32,""positive_threshold"":0.86,""selected"":{""abstained"":7,""automated_false_negative_rate"":0.0,""automated_false_positive_rate"":0.0,""automation_duplicate_recall"":0.94,""automation_nonduplicate_recall"":0.9894736842105263,""coverage"":0.9641025641025641,""covered"":188,""covered_error_rate"":0.0,""false_negative_cost"":5.0,""false_positive_cost"":1.0,""fn"":0,""fp"":0,""negative_predictive_value"":1.0,""negative_threshold"":0.32,""negatives"":95,""positive_threshold"":0.86,""positives"":100,""precision"":1.0,""threshold"":0.86,""tn"":94,""tp"":94,""weighted_covered_error"":0.0}}","{""balance_score"":0.011057692307692268,""calibration_group_counts_by_label"":{""0"":19,""1"":20},""calibration_groups"":39,""calibration_label_counts"":{""0"":95,""1"":100},""calibration_records"":195,""fit_group_counts_by_label"":{""0"":28,""1"":29},""fit_groups"":57,""fit_label_counts"":{""0"":140,""1"":145},""fit_records"":285,""group_overlap"":0}","[{""fit_group_counts_by_label"":{""0"":8,""1"":11},""fit_groups"":19,""fit_records"":95,""fold"":0,""group_overlap"":0,""validation_group_counts_by_label"":{""0"":11,""1"":9},""validation_groups"":20,""validation_records"":100},{""fit_group_counts_by_label"":{""0"":11,""1"":9},""fit_groups"":20,""fit_records"":100,""fold"":1,""group_overlap"":0,""validation_group_counts_by_label"":{""0"":8,""1"":11},""validation_groups"":19,""validation_records"":95}]",0
deduplication__embedding__multilingual_minilm_l12__xgboost,deduplication,embedding,multilingual_minilm_l12,xgboost,3,480,120,96,24,0,15.87086849998741,0.12400470000284258,0.00894450000487268,0.07453750004060566,classifier_pipeline_with_precomputed_embedding,"{""model__learning_rate"":0.05,""model__max_depth"":2,""model__n_estimators"":160}",-0.03157894736842105,"{""curve_points"":2450,""eligible"":true,""negative_threshold"":0.08,""positive_threshold"":0.98,""selected"":{""abstained"":91,""automated_false_negative_rate"":0.0,""automated_false_positive_rate"":0.0,""automation_duplicate_recall"":0.3157894736842105,""automation_nonduplicate_recall"":0.74,""coverage"":0.5333333333333333,""covered"":104,""covered_error_rate"":0.0,""false_negative_cost"":5.0,""false_positive_cost"":1.0,""fn"":0,""fp"":0,""negative_predictive_value"":1.0,""negative_threshold"":0.08,""negatives"":100,""positive_threshold"":0.98,""positives"":95,""precision"":1.0,""threshold"":0.98,""tn"":74,""tp"":30,""weighted_covered_error"":0.0}}","{""balance_score"":0.022275641025641058,""calibration_group_counts_by_label"":{""0"":20,""1"":19},""calibration_groups"":39,""calibration_label_counts"":{""0"":100,""1"":95},""calibration_records"":195,""fit_group_counts_by_label"":{""0"":30,""1"":27},""fit_groups"":57,""fit_label_counts"":{""0"":150,""1"":135},""fit_records"":285,""group_overlap"":0}","[{""fit_group_counts_by_label"":{""0"":12,""1"":7},""fit_groups"":19,""fit_records"":95,""fold"":0,""group_overlap"":0,""validation_group_counts_by_label"":{""0"":8,""1"":12},""validation_groups"":20,""validation_records"":100},{""fit_group_counts_by_label"":{""0"":8,""1"":12},""fit_groups"":20,""fit_records"":100,""fold"":1,""group_overlap"":0,""validation_group_counts_by_label"":{""0"":12,""1"":7},""validation_groups"":19,""validation_records"":95}]",0
deduplication__embedding__multilingual_minilm_l12__xgboost,deduplication,embedding,multilingual_minilm_l12,xgboost,4,480,120,96,24,0,17.732971200006432,0.09363960000337102,0.00915559999702964,0.07629666664191366,classifier_pipeline_with_precomputed_embedding,"{""model__learning_rate"":0.05,""model__max_depth"":4,""model__n_estimators"":160}",-0.35438596491228075,"{""curve_points"":2450,""eligible"":true,""negative_threshold"":0.06,""positive_threshold"":0.68,""selected"":{""abstained"":18,""automated_false_negative_rate"":0.0,""automated_false_positive_rate"":0.0,""automation_duplicate_recall"":0.968421052631579,""automation_nonduplicate_recall"":0.85,""coverage"":0.9076923076923077,""covered"":177,""covered_error_rate"":0.0,""false_negative_cost"":5.0,""false_positive_cost"":1.0,""fn"":0,""fp"":0,""negative_predictive_value"":1.0,""negative_threshold"":0.06,""negatives"":100,""positive_threshold"":0.68,""positives"":95,""precision"":1.0,""threshold"":0.68,""tn"":85,""tp"":92,""weighted_covered_error"":0.0}}","{""balance_score"":0.011057692307692268,""calibration_group_counts_by_label"":{""0"":20,""1"":19},""calibration_groups"":39,""calibration_label_counts"":{""0"":100,""1"":95},""calibration_records"":195,""fit_group_counts_by_label"":{""0"":29,""1"":28},""fit_groups"":57,""fit_label_counts"":{""0"":145,""1"":140},""fit_records"":285,""group_overlap"":0}","[{""fit_group_counts_by_label"":{""0"":9,""1"":10},""fit_groups"":19,""fit_records"":95,""fold"":0,""group_overlap"":0,""validation_group_counts_by_label"":{""0"":11,""1"":9},""validation_groups"":20,""validation_records"":100},{""fit_group_counts_by_label"":{""0"":11,""1"":9},""fit_groups"":20,""fit_records"":100,""fold"":1,""group_overlap"":0,""validation_group_counts_by_label"":{""0"":9,""1"":10},""validation_groups"":19,""validation_records"":95}]",0
classification__hybrid__granite97m__logistic_regression,classification,hybrid,granite97m,logistic_regression,0,406,102,84,21,0,3.9607109000062337,0.41947439999785274,0.059326300004613586,0.581630392202094,classifier_pipeline_with_precomputed_embedding,"{""model__C"":10.0}",0.6771964360551354,"{""automatic_maintenance_as_obra"":0,""automatic_non_obra_as_obra"":0,""coverage"":0.509090909090909,""covered"":84,""eligible"":true,""errors"":1,""obra_threshold"":0.9,""risk"":0.011904761904761904,""threshold"":0.78}","{""balance_score"":0.013121361397223433,""calibration_group_counts_by_label"":{""0"":9,""1"":11,""2"":10,""3"":4},""calibration_groups"":34,""calibration_label_counts"":{""0"":41,""1"":55,""2"":50,""3"":19},""calibration_records"":165,""fit_group_counts_by_label"":{""0"":12,""1"":16,""2"":15,""3"":7},""fit_groups"":50,""fit_label_counts"":{""0"":60,""1"":79,""2"":73,""3"":29},""fit_records"":241,""group_overlap"":0}","[{""fit_group_counts_by_label"":{""0"":5,""1"":5,""2"":5,""3"":2},""fit_groups"":17,""fit_records"":80,""fold"":0,""group_overlap"":0,""validation_group_counts_by_label"":{""0"":4,""1"":6,""2"":5,""3"":2},""validation_groups"":17,""validation_records"":85},{""fit_group_counts_by_label"":{""0"":4,""1"":6,""2"":5,""3"":2},""fit_groups"":17,""fit_records"":85,""fold"":1,""group_overlap"":0,""validation_group_counts_by_label"":{""0"":5,""1"":5,""2"":5,""3"":2},""validation_groups"":17,""validation_records"":80}]",0
classification__hybrid__granite97m__logistic_regression,classification,hybrid,granite97m,logistic_regression,1,415,93,84,21,0,4.536265200003982,0.43245310000202153,0.05671299999812618,0.6098172042809267,classifier_pipeline_with_precomputed_embedding,"{""model__C"":10.0}",0.6517495264247469,"{""automatic_maintenance_as_obra"":0,""automatic_non_obra_as_obra"":0,""coverage"":0.5818181818181818,""covered"":96,""eligible"":true,""errors"":2,""obra_threshold"":0.9,""risk"":0.020833333333333332,""threshold"":0.6}","{""balance_score"":0.030156991602774727,""calibration_group_counts_by_label"":{""0"":10,""1"":10,""2"":10,""3"":4},""calibration_groups"":34,""calibration_label_counts"":{""0"":47,""1"":49,""2"":50,""3"":19},""calibration_records"":165,""fit_group_counts_by_label"":{""0"":14,""1"":16,""2"":15,""3"":5},""fit_groups"":50,""fit_label_counts"":{""0"":70,""1"":80,""2"":75,""3"":25},""fit_records"":250,""group_overlap"":0}","[{""fit_group_counts_by_label"":{""0"":3,""1"":5,""2"":7,""3"":2},""fit_groups"":17,""fit_records"":84,""fold"":0,""group_overlap"":0,""validation_group_counts_by_label"":{""0"":7,""1"":5,""2"":3,""3"":2},""validation_groups"":17,""validation_records"":81},{""fit_group_counts_by_label"":{""0"":7,""1"":5,""2"":3,""3"":2},""fit_groups"":17,""fit_records"":81,""fold"":1,""group_overlap"":0,""validation_group_counts_by_label"":{""0"":3,""1"":5,""2"":7,""3"":2},""validation_groups"":17,""validation_records"":84}]",0
classification__hybrid__granite97m__logistic_regression,classification,hybrid,granite97m,logistic_regression,2,405,103,84,21,0,3.7816521000058856,0.5117163000104483,0.06481480000365991,0.6292699029481544,classifier_pipeline_with_precomputed_embedding,"{""model__C"":0.1}",0.6366779077475447,"{""eligible"":false,""obra_threshold"":0.9,""threshold"":null}","{""balance_score"":0.02760141093474426,""calibration_group_counts_by_label"":{""0"":8,""1"":11,""2"":11,""3"":4},""calibration_groups"":34,""calibration_label_counts"":{""0"":40,""1"":55,""2"":55,""3"":18},""calibration_records"":168,""fit_group_counts_by_label"":{""0"":13,""1"":15,""2"":16,""3"":6},""fit_groups"":50,""fit_label_counts"":{""0"":58,""1"":75,""2"":78,""3"":26},""fit_records"":237,""group_overlap"":0}","[{""fit_group_counts_by_label"":{""0"":4,""1"":4,""2"":7,""3"":2},""fit_groups"":17,""fit_records"":85,""fold"":0,""group_overlap"":0,""validation_group_counts_by_label"":{""0"":4,""1"":7,""2"":4,""3"":2},""validation_groups"":17,""validation_records"":83},{""fit_group_counts_by_label"":{""0"":4,""1"":7,""2"":4,""3"":2},""fit_groups"":17,""fit_records"":83,""fold"":1,""group_overlap"":0,""validation_group_counts_by_label"":{""0"":4,""1"":4,""2"":7,""3"":2},""validation_groups"":17,""validation_records"":85}]",0
classification__hybrid__granite97m__logistic_regression,classification,hybrid,granite97m,logistic_regression,3,403,105,84,21,0,3.8008660999912536,0.6706460999994306,0.06344749999698251,0.6042619047331668,classifier_pipeline_with_precomputed_embedding,"{""model__C"":0.1}",0.5767747475089525,"{""automatic_maintenance_as_obra"":0,""automatic_non_obra_as_obra"":0,""coverage"":0.5061728395061729,""covered"":82,""eligible"":true,""errors"":1,""obra_threshold"":0.9,""risk"":0.012195121951219513,""threshold"":0.72}","{""balance_score"":0.02989308580706429,""calibration_group_counts_by_label"":{""0"":10,""1"":9,""2"":10,""3"":5},""calibration_groups"":34,""calibration_label_counts"":{""0"":47,""1"":44,""2"":48,""3"":23},""calibration_records"":162,""fit_group_counts_by_label"":{""0"":15,""1"":14,""2"":14,""3"":7},""fit_groups"":50,""fit_label_counts"":{""0"":71,""1"":70,""2"":70,""3"":30},""fit_records"":241,""group_overlap"":0}","[{""fit_group_counts_by_label"":{""0"":4,""1"":4,""2"":6,""3"":3},""fit_groups"":17,""fit_records"":83,""fold"":0,""group_overlap"":0,""validation_group_counts_by_label"":{""0"":6,""1"":5,""2"":4,""3"":2},""validation_groups"":17,""validation_records"":79},{""fit_group_counts_by_label"":{""0"":6,""1"":5,""2"":4,""3"":2},""fit_groups"":17,""fit_records"":79,""fold"":1,""group_overlap"":0,""validation_group_counts_by_label"":{""0"":4,""1"":4,""2"":6,""3"":3},""validation_groups"":17,""validation_records"":83}]",0
classification__hybrid__granite97m__logistic_regression,classification,hybrid,granite97m,logistic_regression,4,403,105,84,21,0,3.8115458999964176,0.38051570000243373,0.06412480000290088,0.6107123809800085,classifier_pipeline_with_precomputed_embedding,"{""model__C"":10.0}",0.7203997618731476,"{""automatic_maintenance_as_obra"":0,""automatic_non_obra_as_obra"":0,""coverage"":0.5329341317365269,""covered"":89,""eligible"":true,""errors"":5,""obra_threshold"":0.9,""risk"":0.056179775280898875,""threshold"":0.71}","{""balance_score"":0.023069493766808807,""calibration_group_counts_by_label"":{""0"":8,""1"":11,""2"":11,""3"":4},""calibration_groups"":34,""calibration_label_counts"":{""0"":40,""1"":54,""2"":55,""3"":18},""calibration_records"":167,""fit_group_counts_by_label"":{""0"":13,""1"":15,""2"":16,""3"":6},""fit_groups"":50,""fit_label_counts"":{""0"":58,""1"":75,""2"":78,""3"":25},""fit_records"":236,""group_overlap"":0}","[{""fit_group_counts_by_label"":{""0"":4,""1"":6,""2"":5,""3"":2},""fit_groups"":17,""fit_records"":84,""fold"":0,""group_overlap"":0,""validation_group_counts_by_label"":{""0"":4,""1"":5,""2"":6,""3"":2},""validation_groups"":17,""validation_records"":83},{""fit_group_counts_by_label"":{""0"":4,""1"":5,""2"":6,""3"":2},""fit_groups"":17,""fit_records"":83,""fold"":1,""group_overlap"":0,""validation_group_counts_by_label"":{""0"":4,""1"":6,""2"":5,""3"":2},""validation_groups"":17,""validation_records"":84}]",0
classification__hybrid__granite97m__decision_tree,classification,hybrid,granite97m,decision_tree,0,406,102,84,21,0,5.194231800007401,0.4017683999991277,0.05838820000644773,0.5724333333965465,classifier_pipeline_with_precomputed_embedding,"{""model__max_depth"":6,""model__min_samples_leaf"":5}",0.43202939506898574,"{""eligible"":false,""obra_threshold"":0.9,""threshold"":null}","{""balance_score"":0.013121361397223433,""calibration_group_counts_by_label"":{""0"":9,""1"":11,""2"":10,""3"":4},""calibration_groups"":34,""calibration_label_counts"":{""0"":41,""1"":55,""2"":50,""3"":19},""calibration_records"":165,""fit_group_counts_by_label"":{""0"":12,""1"":16,""2"":15,""3"":7},""fit_groups"":50,""fit_label_counts"":{""0"":60,""1"":79,""2"":73,""3"":29},""fit_records"":241,""group_overlap"":0}","[{""fit_group_counts_by_label"":{""0"":5,""1"":5,""2"":5,""3"":2},""fit_groups"":17,""fit_records"":80,""fold"":0,""group_overlap"":0,""validation_group_counts_by_label"":{""0"":4,""1"":6,""2"":5,""3"":2},""validation_groups"":17,""validation_records"":85},{""fit_group_counts_by_label"":{""0"":4,""1"":6,""2"":5,""3"":2},""fit_groups"":17,""fit_records"":85,""fold"":1,""group_overlap"":0,""validation_group_counts_by_label"":{""0"":5,""1"":5,""2"":5,""3"":2},""validation_groups"":17,""validation_records"":80}]",0
classification__hybrid__granite97m__decision_tree,classification,hybrid,granite97m,decision_tree,1,415,93,84,21,0,5.4235926999972435,0.43402320001041517,0.05626649998885114,0.6050161289123778,classifier_pipeline_with_precomputed_embedding,"{""model__max_depth"":6,""model__min_samples_leaf"":2}",0.45765903114192064,"{""eligible"":false,""obra_threshold"":0.9,""threshold"":null}","{""balance_score"":0.030156991602774727,""calibration_group_counts_by_label"":{""0"":10,""1"":10,""2"":10,""3"":4},""calibration_groups"":34,""calibration_label_counts"":{""0"":47,""1"":49,""2"":50,""3"":19},""calibration_records"":165,""fit_group_counts_by_label"":{""0"":14,""1"":16,""2"":15,""3"":5},""fit_groups"":50,""fit_label_counts"":{""0"":70,""1"":80,""2"":75,""3"":25},""fit_records"":250,""group_overlap"":0}","[{""fit_group_counts_by_label"":{""0"":3,""1"":5,""2"":7,""3"":2},""fit_groups"":17,""fit_records"":84,""fold"":0,""group_overlap"":0,""validation_group_counts_by_label"":{""0"":7,""1"":5,""2"":3,""3"":2},""validation_groups"":17,""validation_records"":81},{""fit_group_counts_by_label"":{""0"":7,""1"":5,""2"":3,""3"":2},""fit_groups"":17,""fit_records"":81,""fold"":1,""group_overlap"":0,""validation_group_counts_by_label"":{""0"":3,""1"":5,""2"":7,""3"":2},""validation_groups"":17,""validation_records"":84}]",0
classification__hybrid__granite97m__decision_tree,classification,hybrid,granite97m,decision_tree,2,405,103,84,21,0,5.035828299995046,0.42452610000327695,0.06381569999211933,0.61956990283611,classifier_pipeline_with_precomputed_embedding,"{""model__max_depth"":6,""model__min_samples_leaf"":5}",0.548178797537223,"{""eligible"":false,""obra_threshold"":0.9,""threshold"":null}","{""balance_score"":0.02760141093474426,""calibration_group_counts_by_label"":{""0"":8,""1"":11,""2"":11,""3"":4},""calibration_groups"":34,""calibration_label_counts"":{""0"":40,""1"":55,""2"":55,""3"":18},""calibration_records"":168,""fit_group_counts_by_label"":{""0"":13,""1"":15,""2"":16,""3"":6},""fit_groups"":50,""fit_label_counts"":{""0"":58,""1"":75,""2"":78,""3"":26},""fit_records"":237,""group_overlap"":0}","[{""fit_group_counts_by_label"":{""0"":4,""1"":4,""2"":7,""3"":2},""fit_groups"":17,""fit_records"":85,""fold"":0,""group_overlap"":0,""validation_group_counts_by_label"":{""0"":4,""1"":7,""2"":4,""3"":2},""validation_groups"":17,""validation_records"":83},{""fit_group_counts_by_label"":{""0"":4,""1"":7,""2"":4,""3"":2},""fit_groups"":17,""fit_records"":83,""fold"":1,""group_overlap"":0,""validation_group_counts_by_label"":{""0"":4,""1"":4,""2"":7,""3"":2},""validation_groups"":17,""validation_records"":85}]",0
classification__hybrid__granite97m__decision_tree,classification,hybrid,granite97m,decision_tree,3,403,105,84,21,0,5.098090100000263,0.3573900000046706,0.06106750000617467,0.5815952381540445,classifier_pipeline_with_precomputed_embedding,"{""model__max_depth"":6,""model__min_samples_leaf"":2}",0.3175005363918537,"{""eligible"":false,""obra_threshold"":0.9,""threshold"":null}","{""balance_score"":0.02989308580706429,""calibration_group_counts_by_label"":{""0"":10,""1"":9,""2"":10,""3"":5},""calibration_groups"":34,""calibration_label_counts"":{""0"":47,""1"":44,""2"":48,""3"":23},""calibration_records"":162,""fit_group_counts_by_label"":{""0"":15,""1"":14,""2"":14,""3"":7},""fit_groups"":50,""fit_label_counts"":{""0"":71,""1"":70,""2"":70,""3"":30},""fit_records"":241,""group_overlap"":0}","[{""fit_group_counts_by_label"":{""0"":4,""1"":4,""2"":6,""3"":3},""fit_groups"":17,""fit_records"":83,""fold"":0,""group_overlap"":0,""validation_group_counts_by_label"":{""0"":6,""1"":5,""2"":4,""3"":2},""validation_groups"":17,""validation_records"":79},{""fit_group_counts_by_label"":{""0"":6,""1"":5,""2"":4,""3"":2},""fit_groups"":17,""fit_records"":79,""fold"":1,""group_overlap"":0,""validation_group_counts_by_label"":{""0"":4,""1"":4,""2"":6,""3"":3},""validation_groups"":17,""validation_records"":83}]",0
classification__hybrid__granite97m__decision_tree,classification,hybrid,granite97m,decision_tree,4,403,105,84,21,0,4.978166999993846,0.3632478999934392,0.06317939999280497,0.6017085713600474,classifier_pipeline_with_precomputed_embedding,"{""model__max_depth"":3,""model__min_samples_leaf"":5}",0.5211331438544947,"{""eligible"":false,""obra_threshold"":0.9,""threshold"":null}","{""balance_score"":0.023069493766808807,""calibration_group_counts_by_label"":{""0"":8,""1"":11,""2"":11,""3"":4},""calibration_groups"":34,""calibration_label_counts"":{""0"":40,""1"":54,""2"":55,""3"":18},""calibration_records"":167,""fit_group_counts_by_label"":{""0"":13,""1"":15,""2"":16,""3"":6},""fit_groups"":50,""fit_label_counts"":{""0"":58,""1"":75,""2"":78,""3"":25},""fit_records"":236,""group_overlap"":0}","[{""fit_group_counts_by_label"":{""0"":4,""1"":6,""2"":5,""3"":2},""fit_groups"":17,""fit_records"":84,""fold"":0,""group_overlap"":0,""validation_group_counts_by_label"":{""0"":4,""1"":5,""2"":6,""3"":2},""validation_groups"":17,""validation_records"":83},{""fit_group_counts_by_label"":{""0"":4,""1"":5,""2"":6,""3"":2},""fit_groups"":17,""fit_records"":83,""fold"":1,""group_overlap"":0,""validation_group_counts_by_label"":{""0"":4,""1"":6,""2"":5,""3"":2},""validation_groups"":17,""validation_records"":84}]",0
classification__hybrid__granite97m__linear_svm,classification,hybrid,granite97m,linear_svm,0,406,102,84,21,0,3.675380300002871,0.4164794000098482,0.07026600000972394,0.6888823530365092,classifier_pipeline_with_precomputed_embedding,"{""model__C"":10.0}",0.6851956783953383,"{""automatic_maintenance_as_obra"":0,""automatic_non_obra_as_obra"":0,""coverage"":0.5393939393939394,""covered"":89,""eligible"":true,""errors"":0,""obra_threshold"":0.9,""risk"":0.0,""threshold"":0.79}","{""balance_score"":0.013121361397223433,""calibration_group_counts_by_label"":{""0"":9,""1"":11,""2"":10,""3"":4},""calibration_groups"":34,""calibration_label_counts"":{""0"":41,""1"":55,""2"":50,""3"":19},""calibration_records"":165,""fit_group_counts_by_label"":{""0"":12,""1"":16,""2"":15,""3"":7},""fit_groups"":50,""fit_label_counts"":{""0"":60,""1"":79,""2"":73,""3"":29},""fit_records"":241,""group_overlap"":0}","[{""fit_group_counts_by_label"":{""0"":5,""1"":5,""2"":5,""3"":2},""fit_groups"":17,""fit_records"":80,""fold"":0,""group_overlap"":0,""validation_group_counts_by_label"":{""0"":4,""1"":6,""2"":5,""3"":2},""validation_groups"":17,""validation_records"":85},{""fit_group_counts_by_label"":{""0"":4,""1"":6,""2"":5,""3"":2},""fit_groups"":17,""fit_records"":85,""fold"":1,""group_overlap"":0,""validation_group_counts_by_label"":{""0"":5,""1"":5,""2"":5,""3"":2},""validation_groups"":17,""validation_records"":80}]",0
classification__hybrid__granite97m__linear_svm,classification,hybrid,granite97m,linear_svm,1,415,93,84,21,0,3.88099270001112,0.41930630001297686,0.054193199990550056,0.582722580543549,classifier_pipeline_with_precomputed_embedding,"{""model__C"":10.0}",0.6538692710866476,"{""eligible"":false,""obra_threshold"":0.9,""threshold"":null}","{""balance_score"":0.030156991602774727,""calibration_group_counts_by_label"":{""0"":10,""1"":10,""2"":10,""3"":4},""calibration_groups"":34,""calibration_label_counts"":{""0"":47,""1"":49,""2"":50,""3"":19},""calibration_records"":165,""fit_group_counts_by_label"":{""0"":14,""1"":16,""2"":15,""3"":5},""fit_groups"":50,""fit_label_counts"":{""0"":70,""1"":80,""2"":75,""3"":25},""fit_records"":250,""group_overlap"":0}","[{""fit_group_counts_by_label"":{""0"":3,""1"":5,""2"":7,""3"":2},""fit_groups"":17,""fit_records"":84,""fold"":0,""group_overlap"":0,""validation_group_counts_by_label"":{""0"":7,""1"":5,""2"":3,""3"":2},""validation_groups"":17,""validation_records"":81},{""fit_group_counts_by_label"":{""0"":7,""1"":5,""2"":3,""3"":2},""fit_groups"":17,""fit_records"":81,""fold"":1,""group_overlap"":0,""validation_group_counts_by_label"":{""0"":3,""1"":5,""2"":7,""3"":2},""validation_groups"":17,""validation_records"":84}]",0
classification__hybrid__granite97m__linear_svm,classification,hybrid,granite97m,linear_svm,2,405,103,84,21,0,3.5882006000028923,0.5098656000045594,0.0708913999987999,0.6882660194058242,classifier_pipeline_with_precomputed_embedding,"{""model__C"":1.0}",0.639294930857743,"{""automatic_maintenance_as_obra"":0,""automatic_non_obra_as_obra"":0,""coverage"":0.5119047619047619,""covered"":86,""eligible"":true,""errors"":5,""obra_threshold"":0.9,""risk"":0.05813953488372093,""threshold"":0.79}","{""balance_score"":0.02760141093474426,""calibration_group_counts_by_label"":{""0"":8,""1"":11,""2"":11,""3"":4},""calibration_groups"":34,""calibration_label_counts"":{""0"":40,""1"":55,""2"":55,""3"":18},""calibration_records"":168,""fit_group_counts_by_label"":{""0"":13,""1"":15,""2"":16,""3"":6},""fit_groups"":50,""fit_label_counts"":{""0"":58,""1"":75,""2"":78,""3"":26},""fit_records"":237,""group_overlap"":0}","[{""fit_group_counts_by_label"":{""0"":4,""1"":4,""2"":7,""3"":2},""fit_groups"":17,""fit_records"":85,""fold"":0,""group_overlap"":0,""validation_group_counts_by_label"":{""0"":4,""1"":7,""2"":4,""3"":2},""validation_groups"":17,""validation_records"":83},{""fit_group_counts_by_label"":{""0"":4,""1"":7,""2"":4,""3"":2},""fit_groups"":17,""fit_records"":83,""fold"":1,""group_overlap"":0,""validation_group_counts_by_label"":{""0"":4,""1"":4,""2"":7,""3"":2},""validation_groups"":17,""validation_records"":85}]",0
classification__hybrid__granite97m__linear_svm,classification,hybrid,granite97m,linear_svm,3,403,105,84,21,0,3.5551000999985263,0.42315590000362135,0.05983270000433549,0.5698352381365285,classifier_pipeline_with_precomputed_embedding,"{""model__C"":1.0}",0.5460732660120167,"{""automatic_maintenance_as_obra"":0,""automatic_non_obra_as_obra"":0,""coverage"":0.5555555555555556,""covered"":90,""eligible"":true,""errors"":1,""obra_threshold"":0.9,""risk"":0.011111111111111112,""threshold"":0.61}","{""balance_score"":0.02989308580706429,""calibration_group_counts_by_label"":{""0"":10,""1"":9,""2"":10,""3"":5},""calibration_groups"":34,""calibration_label_counts"":{""0"":47,""1"":44,""2"":48,""3"":23},""calibration_records"":162,""fit_group_counts_by_label"":{""0"":15,""1"":14,""2"":14,""3"":7},""fit_groups"":50,""fit_label_counts"":{""0"":71,""1"":70,""2"":70,""3"":30},""fit_records"":241,""group_overlap"":0}","[{""fit_group_counts_by_label"":{""0"":4,""1"":4,""2"":6,""3"":3},""fit_groups"":17,""fit_records"":83,""fold"":0,""group_overlap"":0,""validation_group_counts_by_label"":{""0"":6,""1"":5,""2"":4,""3"":2},""validation_groups"":17,""validation_records"":79},{""fit_group_counts_by_label"":{""0"":6,""1"":5,""2"":4,""3"":2},""fit_groups"":17,""fit_records"":79,""fold"":1,""group_overlap"":0,""validation_group_counts_by_label"":{""0"":4,""1"":4,""2"":6,""3"":3},""validation_groups"":17,""validation_records"":83}]",0
classification__hybrid__granite97m__linear_svm,classification,hybrid,granite97m,linear_svm,4,403,105,84,21,0,3.7708216000028187,0.37265400000615045,0.06931810000969563,0.6601723810447202,classifier_pipeline_with_precomputed_embedding,"{""model__C"":1.0}",0.6992974674262706,"{""automatic_maintenance_as_obra"":0,""automatic_non_obra_as_obra"":0,""coverage"":0.5329341317365269,""covered"":89,""eligible"":true,""errors"":2,""obra_threshold"":0.9,""risk"":0.02247191011235955,""threshold"":0.75}","{""balance_score"":0.023069493766808807,""calibration_group_counts_by_label"":{""0"":8,""1"":11,""2"":11,""3"":4},""calibration_groups"":34,""calibration_label_counts"":{""0"":40,""1"":54,""2"":55,""3"":18},""calibration_records"":167,""fit_group_counts_by_label"":{""0"":13,""1"":15,""2"":16,""3"":6},""fit_groups"":50,""fit_label_counts"":{""0"":58,""1"":75,""2"":78,""3"":25},""fit_records"":236,""group_overlap"":0}","[{""fit_group_counts_by_label"":{""0"":4,""1"":6,""2"":5,""3"":2},""fit_groups"":17,""fit_records"":84,""fold"":0,""group_overlap"":0,""validation_group_counts_by_label"":{""0"":4,""1"":5,""2"":6,""3"":2},""validation_groups"":17,""validation_records"":83},{""fit_group_counts_by_label"":{""0"":4,""1"":5,""2"":6,""3"":2},""fit_groups"":17,""fit_records"":83,""fold"":1,""group_overlap"":0,""validation_group_counts_by_label"":{""0"":4,""1"":6,""2"":5,""3"":2},""validation_groups"":17,""validation_records"":84}]",0
classification__hybrid__granite97m__mlp,classification,hybrid,granite97m,mlp,0,406,102,84,21,0,48.92940069999895,0.4223294999974314,0.06112110000685789,0.5992264706554695,classifier_pipeline_with_precomputed_embedding,"{""model__alpha"":0.001,""model__hidden_layer_sizes"":[16]}",0.7177232133051099,"{""automatic_maintenance_as_obra"":0,""automatic_non_obra_as_obra"":0,""coverage"":0.6484848484848484,""covered"":107,""eligible"":true,""errors"":5,""obra_threshold"":0.9,""risk"":0.04672897196261682,""threshold"":0.76}","{""balance_score"":0.013121361397223433,""calibration_group_counts_by_label"":{""0"":9,""1"":11,""2"":10,""3"":4},""calibration_groups"":34,""calibration_label_counts"":{""0"":41,""1"":55,""2"":50,""3"":19},""calibration_records"":165,""fit_group_counts_by_label"":{""0"":12,""1"":16,""2"":15,""3"":7},""fit_groups"":50,""fit_label_counts"":{""0"":60,""1"":79,""2"":73,""3"":29},""fit_records"":241,""group_overlap"":0}","[{""fit_group_counts_by_label"":{""0"":5,""1"":5,""2"":5,""3"":2},""fit_groups"":17,""fit_records"":80,""fold"":0,""group_overlap"":0,""validation_group_counts_by_label"":{""0"":4,""1"":6,""2"":5,""3"":2},""validation_groups"":17,""validation_records"":85},{""fit_group_counts_by_label"":{""0"":4,""1"":6,""2"":5,""3"":2},""fit_groups"":17,""fit_records"":85,""fold"":1,""group_overlap"":0,""validation_group_counts_by_label"":{""0"":5,""1"":5,""2"":5,""3"":2},""validation_groups"":17,""validation_records"":80}]",0
classification__hybrid__granite97m__mlp,classification,hybrid,granite97m,mlp,1,415,93,84,21,0,64.09562180000648,0.4046558999980334,0.09644150000531226,1.037005376401207,classifier_pipeline_with_precomputed_embedding,"{""model__alpha"":0.001,""model__hidden_layer_sizes"":[32]}",0.6768925479510773,"{""automatic_maintenance_as_obra"":0,""automatic_non_obra_as_obra"":0,""coverage"":0.6727272727272727,""covered"":111,""eligible"":true,""errors"":2,""obra_threshold"":0.9,""risk"":0.018018018018018018,""threshold"":0.66}","{""balance_score"":0.030156991602774727,""calibration_group_counts_by_label"":{""0"":10,""1"":10,""2"":10,""3"":4},""calibration_groups"":34,""calibration_label_counts"":{""0"":47,""1"":49,""2"":50,""3"":19},""calibration_records"":165,""fit_group_counts_by_label"":{""0"":14,""1"":16,""2"":15,""3"":5},""fit_groups"":50,""fit_label_counts"":{""0"":70,""1"":80,""2"":75,""3"":25},""fit_records"":250,""group_overlap"":0}","[{""fit_group_counts_by_label"":{""0"":3,""1"":5,""2"":7,""3"":2},""fit_groups"":17,""fit_records"":84,""fold"":0,""group_overlap"":0,""validation_group_counts_by_label"":{""0"":7,""1"":5,""2"":3,""3"":2},""validation_groups"":17,""validation_records"":81},{""fit_group_counts_by_label"":{""0"":7,""1"":5,""2"":3,""3"":2},""fit_groups"":17,""fit_records"":81,""fold"":1,""group_overlap"":0,""validation_group_counts_by_label"":{""0"":3,""1"":5,""2"":7,""3"":2},""validation_groups"":17,""validation_records"":84}]",0
classification__hybrid__granite97m__mlp,classification,hybrid,granite97m,mlp,2,405,103,84,21,0,55.79975780000677,0.5307803000032436,0.061354599994956516,0.5956757281063739,classifier_pipeline_with_precomputed_embedding,"{""model__alpha"":0.001,""model__hidden_layer_sizes"":[32]}",0.6392075778383933,"{""eligible"":false,""obra_threshold"":0.9,""threshold"":null}","{""balance_score"":0.02760141093474426,""calibration_group_counts_by_label"":{""0"":8,""1"":11,""2"":11,""3"":4},""calibration_groups"":34,""calibration_label_counts"":{""0"":40,""1"":55,""2"":55,""3"":18},""calibration_records"":168,""fit_group_counts_by_label"":{""0"":13,""1"":15,""2"":16,""3"":6},""fit_groups"":50,""fit_label_counts"":{""0"":58,""1"":75,""2"":78,""3"":26},""fit_records"":237,""group_overlap"":0}","[{""fit_group_counts_by_label"":{""0"":4,""1"":4,""2"":7,""3"":2},""fit_groups"":17,""fit_records"":85,""fold"":0,""group_overlap"":0,""validation_group_counts_by_label"":{""0"":4,""1"":7,""2"":4,""3"":2},""validation_groups"":17,""validation_records"":83},{""fit_group_counts_by_label"":{""0"":4,""1"":7,""2"":4,""3"":2},""fit_groups"":17,""fit_records"":83,""fold"":1,""group_overlap"":0,""validation_group_counts_by_label"":{""0"":4,""1"":4,""2"":7,""3"":2},""validation_groups"":17,""validation_records"":85}]",0
classification__hybrid__granite97m__mlp,classification,hybrid,granite97m,mlp,3,403,105,84,21,0,46.700597000002745,0.3727844999957597,0.06127520000154618,0.5835733333480588,classifier_pipeline_with_precomputed_embedding,"{""model__alpha"":0.001,""model__hidden_layer_sizes"":[16]}",0.5380269482105934,"{""eligible"":false,""obra_threshold"":0.9,""threshold"":null}","{""balance_score"":0.02989308580706429,""calibration_group_counts_by_label"":{""0"":10,""1"":9,""2"":10,""3"":5},""calibration_groups"":34,""calibration_label_counts"":{""0"":47,""1"":44,""2"":48,""3"":23},""calibration_records"":162,""fit_group_counts_by_label"":{""0"":15,""1"":14,""2"":14,""3"":7},""fit_groups"":50,""fit_label_counts"":{""0"":71,""1"":70,""2"":70,""3"":30},""fit_records"":241,""group_overlap"":0}","[{""fit_group_counts_by_label"":{""0"":4,""1"":4,""2"":6,""3"":3},""fit_groups"":17,""fit_records"":83,""fold"":0,""group_overlap"":0,""validation_group_counts_by_label"":{""0"":6,""1"":5,""2"":4,""3"":2},""validation_groups"":17,""validation_records"":79},{""fit_group_counts_by_label"":{""0"":6,""1"":5,""2"":4,""3"":2},""fit_groups"":17,""fit_records"":79,""fold"":1,""group_overlap"":0,""validation_group_counts_by_label"":{""0"":4,""1"":4,""2"":6,""3"":3},""validation_groups"":17,""validation_records"":83}]",0
classification__hybrid__granite97m__mlp,classification,hybrid,granite97m,mlp,4,403,105,84,21,0,44.013052599999355,0.37851290000253357,0.06453889999829698,0.6146561904599712,classifier_pipeline_with_precomputed_embedding,"{""model__alpha"":0.001,""model__hidden_layer_sizes"":[16]}",0.6570370356228198,"{""automatic_maintenance_as_obra"":0,""automatic_non_obra_as_obra"":0,""coverage"":0.6047904191616766,""covered"":101,""eligible"":true,""errors"":1,""obra_threshold"":0.9,""risk"":0.009900990099009901,""threshold"":0.8}","{""balance_score"":0.023069493766808807,""calibration_group_counts_by_label"":{""0"":8,""1"":11,""2"":11,""3"":4},""calibration_groups"":34,""calibration_label_counts"":{""0"":40,""1"":54,""2"":55,""3"":18},""calibration_records"":167,""fit_group_counts_by_label"":{""0"":13,""1"":15,""2"":16,""3"":6},""fit_groups"":50,""fit_label_counts"":{""0"":58,""1"":75,""2"":78,""3"":25},""fit_records"":236,""group_overlap"":0}","[{""fit_group_counts_by_label"":{""0"":4,""1"":6,""2"":5,""3"":2},""fit_groups"":17,""fit_records"":84,""fold"":0,""group_overlap"":0,""validation_group_counts_by_label"":{""0"":4,""1"":5,""2"":6,""3"":2},""validation_groups"":17,""validation_records"":83},{""fit_group_counts_by_label"":{""0"":4,""1"":5,""2"":6,""3"":2},""fit_groups"":17,""fit_records"":83,""fold"":1,""group_overlap"":0,""validation_group_counts_by_label"":{""0"":4,""1"":6,""2"":5,""3"":2},""validation_groups"":17,""validation_records"":84}]",0
classification__hybrid__granite97m__xgboost,classification,hybrid,granite97m,xgboost,0,406,102,84,21,0,82.44597739999881,0.49528940000163857,0.06960089999483898,0.6823617646552842,classifier_pipeline_with_precomputed_embedding,"{""model__learning_rate"":0.05,""model__max_depth"":2,""model__n_estimators"":160}",0.5472777156650765,"{""eligible"":false,""obra_threshold"":0.9,""threshold"":null}","{""balance_score"":0.013121361397223433,""calibration_group_counts_by_label"":{""0"":9,""1"":11,""2"":10,""3"":4},""calibration_groups"":34,""calibration_label_counts"":{""0"":41,""1"":55,""2"":50,""3"":19},""calibration_records"":165,""fit_group_counts_by_label"":{""0"":12,""1"":16,""2"":15,""3"":7},""fit_groups"":50,""fit_label_counts"":{""0"":60,""1"":79,""2"":73,""3"":29},""fit_records"":241,""group_overlap"":0}","[{""fit_group_counts_by_label"":{""0"":5,""1"":5,""2"":5,""3"":2},""fit_groups"":17,""fit_records"":80,""fold"":0,""group_overlap"":0,""validation_group_counts_by_label"":{""0"":4,""1"":6,""2"":5,""3"":2},""validation_groups"":17,""validation_records"":85},{""fit_group_counts_by_label"":{""0"":4,""1"":6,""2"":5,""3"":2},""fit_groups"":17,""fit_records"":85,""fold"":1,""group_overlap"":0,""validation_group_counts_by_label"":{""0"":5,""1"":5,""2"":5,""3"":2},""validation_groups"":17,""validation_records"":80}]",0
classification__hybrid__granite97m__xgboost,classification,hybrid,granite97m,xgboost,1,415,93,84,21,0,84.50310329999775,0.5789022999961162,0.06292219999886584,0.6765827956867294,classifier_pipeline_with_precomputed_embedding,"{""model__learning_rate"":0.05,""model__max_depth"":2,""model__n_estimators"":160}",0.5238449818740335,"{""eligible"":false,""obra_threshold"":0.9,""threshold"":null}","{""balance_score"":0.030156991602774727,""calibration_group_counts_by_label"":{""0"":10,""1"":10,""2"":10,""3"":4},""calibration_groups"":34,""calibration_label_counts"":{""0"":47,""1"":49,""2"":50,""3"":19},""calibration_records"":165,""fit_group_counts_by_label"":{""0"":14,""1"":16,""2"":15,""3"":5},""fit_groups"":50,""fit_label_counts"":{""0"":70,""1"":80,""2"":75,""3"":25},""fit_records"":250,""group_overlap"":0}","[{""fit_group_counts_by_label"":{""0"":3,""1"":5,""2"":7,""3"":2},""fit_groups"":17,""fit_records"":84,""fold"":0,""group_overlap"":0,""validation_group_counts_by_label"":{""0"":7,""1"":5,""2"":3,""3"":2},""validation_groups"":17,""validation_records"":81},{""fit_group_counts_by_label"":{""0"":7,""1"":5,""2"":3,""3"":2},""fit_groups"":17,""fit_records"":81,""fold"":1,""group_overlap"":0,""validation_group_counts_by_label"":{""0"":3,""1"":5,""2"":7,""3"":2},""validation_groups"":17,""validation_records"":84}]",0
classification__hybrid__granite97m__xgboost,classification,hybrid,granite97m,xgboost,2,405,103,84,21,0,91.97442199999932,0.6295272999996087,0.10616490000393242,1.0307271845041983,classifier_pipeline_with_precomputed_embedding,"{""model__learning_rate"":0.05,""model__max_depth"":4,""model__n_estimators"":160}",0.6037824965398199,"{""eligible"":false,""obra_threshold"":0.9,""threshold"":null}","{""balance_score"":0.02760141093474426,""calibration_group_counts_by_label"":{""0"":8,""1"":11,""2"":11,""3"":4},""calibration_groups"":34,""calibration_label_counts"":{""0"":40,""1"":55,""2"":55,""3"":18},""calibration_records"":168,""fit_group_counts_by_label"":{""0"":13,""1"":15,""2"":16,""3"":6},""fit_groups"":50,""fit_label_counts"":{""0"":58,""1"":75,""2"":78,""3"":26},""fit_records"":237,""group_overlap"":0}","[{""fit_group_counts_by_label"":{""0"":4,""1"":4,""2"":7,""3"":2},""fit_groups"":17,""fit_records"":85,""fold"":0,""group_overlap"":0,""validation_group_counts_by_label"":{""0"":4,""1"":7,""2"":4,""3"":2},""validation_groups"":17,""validation_records"":83},{""fit_group_counts_by_label"":{""0"":4,""1"":7,""2"":4,""3"":2},""fit_groups"":17,""fit_records"":83,""fold"":1,""group_overlap"":0,""validation_group_counts_by_label"":{""0"":4,""1"":4,""2"":7,""3"":2},""validation_groups"":17,""validation_records"":85}]",0
classification__hybrid__granite97m__xgboost,classification,hybrid,granite97m,xgboost,3,403,105,84,21,0,79.95336909999605,0.4525613000005251,0.06524460000218824,0.6213771428779832,classifier_pipeline_with_precomputed_embedding,"{""model__learning_rate"":0.05,""model__max_depth"":2,""model__n_estimators"":160}",0.48221183341099194,"{""automatic_maintenance_as_obra"":0,""automatic_non_obra_as_obra"":0,""coverage"":0.5185185185185185,""covered"":84,""eligible"":true,""errors"":8,""obra_threshold"":0.9,""risk"":0.09523809523809523,""threshold"":0.51}","{""balance_score"":0.02989308580706429,""calibration_group_counts_by_label"":{""0"":10,""1"":9,""2"":10,""3"":5},""calibration_groups"":34,""calibration_label_counts"":{""0"":47,""1"":44,""2"":48,""3"":23},""calibration_records"":162,""fit_group_counts_by_label"":{""0"":15,""1"":14,""2"":14,""3"":7},""fit_groups"":50,""fit_label_counts"":{""0"":71,""1"":70,""2"":70,""3"":30},""fit_records"":241,""group_overlap"":0}","[{""fit_group_counts_by_label"":{""0"":4,""1"":4,""2"":6,""3"":3},""fit_groups"":17,""fit_records"":83,""fold"":0,""group_overlap"":0,""validation_group_counts_by_label"":{""0"":6,""1"":5,""2"":4,""3"":2},""validation_groups"":17,""validation_records"":79},{""fit_group_counts_by_label"":{""0"":6,""1"":5,""2"":4,""3"":2},""fit_groups"":17,""fit_records"":79,""fold"":1,""group_overlap"":0,""validation_group_counts_by_label"":{""0"":4,""1"":4,""2"":6,""3"":3},""validation_groups"":17,""validation_records"":83}]",0
classification__hybrid__granite97m__xgboost,classification,hybrid,granite97m,xgboost,4,403,105,84,21,0,89.03224449999107,0.5300939000007929,0.08357100001012441,0.7959142858107087,classifier_pipeline_with_precomputed_embedding,"{""model__learning_rate"":0.05,""model__max_depth"":4,""model__n_estimators"":160}",0.5367925954692503,"{""eligible"":false,""obra_threshold"":0.9,""threshold"":null}","{""balance_score"":0.023069493766808807,""calibration_group_counts_by_label"":{""0"":8,""1"":11,""2"":11,""3"":4},""calibration_groups"":34,""calibration_label_counts"":{""0"":40,""1"":54,""2"":55,""3"":18},""calibration_records"":167,""fit_group_counts_by_label"":{""0"":13,""1"":15,""2"":16,""3"":6},""fit_groups"":50,""fit_label_counts"":{""0"":58,""1"":75,""2"":78,""3"":25},""fit_records"":236,""group_overlap"":0}","[{""fit_group_counts_by_label"":{""0"":4,""1"":6,""2"":5,""3"":2},""fit_groups"":17,""fit_records"":84,""fold"":0,""group_overlap"":0,""validation_group_counts_by_label"":{""0"":4,""1"":5,""2"":6,""3"":2},""validation_groups"":17,""validation_records"":83},{""fit_group_counts_by_label"":{""0"":4,""1"":5,""2"":6,""3"":2},""fit_groups"":17,""fit_records"":83,""fold"":1,""group_overlap"":0,""validation_group_counts_by_label"":{""0"":4,""1"":6,""2"":5,""3"":2},""validation_groups"":17,""validation_records"":84}]",0
deduplication__hybrid__granite97m__logistic_regression,deduplication,hybrid,granite97m,logistic_regression,0,480,120,96,24,0,7.418277999997372,0.7267227999982424,0.28214299998944625,2.351191666578719,classifier_pipeline_with_precomputed_embedding,"{""model__C"":0.1}",0.0,"{""curve_points"":2450,""eligible"":true,""negative_threshold"":0.06,""positive_threshold"":0.94,""selected"":{""abstained"":0,""automated_false_negative_rate"":0.0,""automated_false_positive_rate"":0.0,""automation_duplicate_recall"":1.0,""automation_nonduplicate_recall"":1.0,""coverage"":1.0,""covered"":195,""covered_error_rate"":0.0,""false_negative_cost"":5.0,""false_positive_cost"":1.0,""fn"":0,""fp"":0,""negative_predictive_value"":1.0,""negative_threshold"":0.06,""negatives"":95,""positive_threshold"":0.94,""positives"":100,""precision"":1.0,""threshold"":0.94,""tn"":95,""tp"":100,""weighted_covered_error"":0.0}}","{""balance_score"":0.011057692307692268,""calibration_group_counts_by_label"":{""0"":19,""1"":20},""calibration_groups"":39,""calibration_label_counts"":{""0"":95,""1"":100},""calibration_records"":195,""fit_group_counts_by_label"":{""0"":28,""1"":29},""fit_groups"":57,""fit_label_counts"":{""0"":140,""1"":145},""fit_records"":285,""group_overlap"":0}","[{""fit_group_counts_by_label"":{""0"":11,""1"":8},""fit_groups"":19,""fit_records"":95,""fold"":0,""group_overlap"":0,""validation_group_counts_by_label"":{""0"":8,""1"":12},""validation_groups"":20,""validation_records"":100},{""fit_group_counts_by_label"":{""0"":8,""1"":12},""fit_groups"":20,""fit_records"":100,""fold"":1,""group_overlap"":0,""validation_group_counts_by_label"":{""0"":11,""1"":8},""validation_groups"":19,""validation_records"":95}]",0
deduplication__hybrid__granite97m__logistic_regression,deduplication,hybrid,granite97m,logistic_regression,1,480,120,96,24,0,7.396391899994342,0.9122872000007192,0.13735769999038894,1.1446474999199079,classifier_pipeline_with_precomputed_embedding,"{""model__C"":0.1}",0.0,"{""curve_points"":2450,""eligible"":true,""negative_threshold"":0.07,""positive_threshold"":0.93,""selected"":{""abstained"":0,""automated_false_negative_rate"":0.0,""automated_false_positive_rate"":0.0,""automation_duplicate_recall"":1.0,""automation_nonduplicate_recall"":1.0,""coverage"":1.0,""covered"":195,""covered_error_rate"":0.0,""false_negative_cost"":5.0,""false_positive_cost"":1.0,""fn"":0,""fp"":0,""negative_predictive_value"":1.0,""negative_threshold"":0.07,""negatives"":95,""positive_threshold"":0.93,""positives"":100,""precision"":1.0,""threshold"":0.93,""tn"":95,""tp"":100,""weighted_covered_error"":0.0}}","{""balance_score"":0.011057692307692268,""calibration_group_counts_by_label"":{""0"":19,""1"":20},""calibration_groups"":39,""calibration_label_counts"":{""0"":95,""1"":100},""calibration_records"":195,""fit_group_counts_by_label"":{""0"":28,""1"":29},""fit_groups"":57,""fit_label_counts"":{""0"":140,""1"":145},""fit_records"":285,""group_overlap"":0}","[{""fit_group_counts_by_label"":{""0"":11,""1"":8},""fit_groups"":19,""fit_records"":95,""fold"":0,""group_overlap"":0,""validation_group_counts_by_label"":{""0"":8,""1"":12},""validation_groups"":20,""validation_records"":100},{""fit_group_counts_by_label"":{""0"":8,""1"":12},""fit_groups"":20,""fit_records"":100,""fold"":1,""group_overlap"":0,""validation_group_counts_by_label"":{""0"":11,""1"":8},""validation_groups"":19,""validation_records"":95}]",0
deduplication__hybrid__granite97m__logistic_regression,deduplication,hybrid,granite97m,logistic_regression,2,480,120,96,24,0,7.379452299996046,0.7248407000006409,0.14670650000334717,1.2225541666945599,classifier_pipeline_with_precomputed_embedding,"{""model__C"":0.1}",0.0,"{""curve_points"":2450,""eligible"":true,""negative_threshold"":0.13,""positive_threshold"":0.94,""selected"":{""abstained"":0,""automated_false_negative_rate"":0.0,""automated_false_positive_rate"":0.0,""automation_duplicate_recall"":1.0,""automation_nonduplicate_recall"":1.0,""coverage"":1.0,""covered"":195,""covered_error_rate"":0.0,""false_negative_cost"":5.0,""false_positive_cost"":1.0,""fn"":0,""fp"":0,""negative_predictive_value"":1.0,""negative_threshold"":0.13,""negatives"":95,""positive_threshold"":0.94,""positives"":100,""precision"":1.0,""threshold"":0.94,""tn"":95,""tp"":100,""weighted_covered_error"":0.0}}","{""balance_score"":0.011057692307692268,""calibration_group_counts_by_label"":{""0"":19,""1"":20},""calibration_groups"":39,""calibration_label_counts"":{""0"":95,""1"":100},""calibration_records"":195,""fit_group_counts_by_label"":{""0"":28,""1"":29},""fit_groups"":57,""fit_label_counts"":{""0"":140,""1"":145},""fit_records"":285,""group_overlap"":0}","[{""fit_group_counts_by_label"":{""0"":8,""1"":11},""fit_groups"":19,""fit_records"":95,""fold"":0,""group_overlap"":0,""validation_group_counts_by_label"":{""0"":11,""1"":9},""validation_groups"":20,""validation_records"":100},{""fit_group_counts_by_label"":{""0"":11,""1"":9},""fit_groups"":20,""fit_records"":100,""fold"":1,""group_overlap"":0,""validation_group_counts_by_label"":{""0"":8,""1"":11},""validation_groups"":19,""validation_records"":95}]",0
deduplication__hybrid__granite97m__logistic_regression,deduplication,hybrid,granite97m,logistic_regression,3,480,120,96,24,0,7.697555399994599,0.7222733000089647,0.13577350000559818,1.1314458333799848,classifier_pipeline_with_precomputed_embedding,"{""model__C"":0.1}",0.0,"{""curve_points"":2450,""eligible"":true,""negative_threshold"":0.19,""positive_threshold"":0.89,""selected"":{""abstained"":0,""automated_false_negative_rate"":0.0,""automated_false_positive_rate"":0.0,""automation_duplicate_recall"":1.0,""automation_nonduplicate_recall"":1.0,""coverage"":1.0,""covered"":195,""covered_error_rate"":0.0,""false_negative_cost"":5.0,""false_positive_cost"":1.0,""fn"":0,""fp"":0,""negative_predictive_value"":1.0,""negative_threshold"":0.19,""negatives"":100,""positive_threshold"":0.89,""positives"":95,""precision"":1.0,""threshold"":0.89,""tn"":100,""tp"":95,""weighted_covered_error"":0.0}}","{""balance_score"":0.022275641025641058,""calibration_group_counts_by_label"":{""0"":20,""1"":19},""calibration_groups"":39,""calibration_label_counts"":{""0"":100,""1"":95},""calibration_records"":195,""fit_group_counts_by_label"":{""0"":30,""1"":27},""fit_groups"":57,""fit_label_counts"":{""0"":150,""1"":135},""fit_records"":285,""group_overlap"":0}","[{""fit_group_counts_by_label"":{""0"":12,""1"":7},""fit_groups"":19,""fit_records"":95,""fold"":0,""group_overlap"":0,""validation_group_counts_by_label"":{""0"":8,""1"":12},""validation_groups"":20,""validation_records"":100},{""fit_group_counts_by_label"":{""0"":8,""1"":12},""fit_groups"":20,""fit_records"":100,""fold"":1,""group_overlap"":0,""validation_group_counts_by_label"":{""0"":12,""1"":7},""validation_groups"":19,""validation_records"":95}]",0
deduplication__hybrid__granite97m__logistic_regression,deduplication,hybrid,granite97m,logistic_regression,4,480,120,96,24,0,7.463934899991727,0.9344408000033582,0.14408800000092015,1.2007333333410013,classifier_pipeline_with_precomputed_embedding,"{""model__C"":0.1}",-0.2280701754385965,"{""curve_points"":2450,""eligible"":true,""negative_threshold"":0.06,""positive_threshold"":0.93,""selected"":{""abstained"":0,""automated_false_negative_rate"":0.0,""automated_false_positive_rate"":0.0,""automation_duplicate_recall"":1.0,""automation_nonduplicate_recall"":1.0,""coverage"":1.0,""covered"":195,""covered_error_rate"":0.0,""false_negative_cost"":5.0,""false_positive_cost"":1.0,""fn"":0,""fp"":0,""negative_predictive_value"":1.0,""negative_threshold"":0.06,""negatives"":100,""positive_threshold"":0.93,""positives"":95,""precision"":1.0,""threshold"":0.93,""tn"":100,""tp"":95,""weighted_covered_error"":0.0}}","{""balance_score"":0.011057692307692268,""calibration_group_counts_by_label"":{""0"":20,""1"":19},""calibration_groups"":39,""calibration_label_counts"":{""0"":100,""1"":95},""calibration_records"":195,""fit_group_counts_by_label"":{""0"":29,""1"":28},""fit_groups"":57,""fit_label_counts"":{""0"":145,""1"":140},""fit_records"":285,""group_overlap"":0}","[{""fit_group_counts_by_label"":{""0"":9,""1"":10},""fit_groups"":19,""fit_records"":95,""fold"":0,""group_overlap"":0,""validation_group_counts_by_label"":{""0"":11,""1"":9},""validation_groups"":20,""validation_records"":100},{""fit_group_counts_by_label"":{""0"":11,""1"":9},""fit_groups"":20,""fit_records"":100,""fold"":1,""group_overlap"":0,""validation_group_counts_by_label"":{""0"":9,""1"":10},""validation_groups"":19,""validation_records"":95}]",0
deduplication__hybrid__granite97m__decision_tree,deduplication,hybrid,granite97m,decision_tree,0,480,120,96,24,0,11.615512100004707,0.7264074000122491,0.14523759999428876,1.2103133332857396,classifier_pipeline_with_precomputed_embedding,"{""model__max_depth"":3,""model__min_samples_leaf"":2}",-0.1719298245614035,"{""curve_points"":2450,""eligible"":false,""negative_threshold"":null,""positive_threshold"":null,""selected"":null}","{""balance_score"":0.011057692307692268,""calibration_group_counts_by_label"":{""0"":19,""1"":20},""calibration_groups"":39,""calibration_label_counts"":{""0"":95,""1"":100},""calibration_records"":195,""fit_group_counts_by_label"":{""0"":28,""1"":29},""fit_groups"":57,""fit_label_counts"":{""0"":140,""1"":145},""fit_records"":285,""group_overlap"":0}","[{""fit_group_counts_by_label"":{""0"":11,""1"":8},""fit_groups"":19,""fit_records"":95,""fold"":0,""group_overlap"":0,""validation_group_counts_by_label"":{""0"":8,""1"":12},""validation_groups"":20,""validation_records"":100},{""fit_group_counts_by_label"":{""0"":8,""1"":12},""fit_groups"":20,""fit_records"":100,""fold"":1,""group_overlap"":0,""validation_group_counts_by_label"":{""0"":11,""1"":8},""validation_groups"":19,""validation_records"":95}]",0
deduplication__hybrid__granite97m__decision_tree,deduplication,hybrid,granite97m,decision_tree,1,480,120,96,24,0,11.700156100007007,0.7531568000122206,0.21744989999569952,1.8120824999641627,classifier_pipeline_with_precomputed_embedding,"{""model__max_depth"":3,""model__min_samples_leaf"":5}",-0.25614035087719295,"{""curve_points"":2450,""eligible"":true,""negative_threshold"":0.07,""positive_threshold"":0.61,""selected"":{""abstained"":4,""automated_false_negative_rate"":0.01,""automated_false_positive_rate"":0.031578947368421054,""automation_duplicate_recall"":0.95,""automation_nonduplicate_recall"":0.968421052631579,""coverage"":0.9794871794871794,""covered"":191,""covered_error_rate"":0.020942408376963352,""false_negative_cost"":5.0,""false_positive_cost"":1.0,""fn"":1,""fp"":3,""negative_predictive_value"":0.989247311827957,""negative_threshold"":0.07,""negatives"":95,""positive_threshold"":0.61,""positives"":100,""precision"":0.9693877551020408,""threshold"":0.61,""tn"":92,""tp"":95,""weighted_covered_error"":0.041884816753926704}}","{""balance_score"":0.011057692307692268,""calibration_group_counts_by_label"":{""0"":19,""1"":20},""calibration_groups"":39,""calibration_label_counts"":{""0"":95,""1"":100},""calibration_records"":195,""fit_group_counts_by_label"":{""0"":28,""1"":29},""fit_groups"":57,""fit_label_counts"":{""0"":140,""1"":145},""fit_records"":285,""group_overlap"":0}","[{""fit_group_counts_by_label"":{""0"":11,""1"":8},""fit_groups"":19,""fit_records"":95,""fold"":0,""group_overlap"":0,""validation_group_counts_by_label"":{""0"":8,""1"":12},""validation_groups"":20,""validation_records"":100},{""fit_group_counts_by_label"":{""0"":8,""1"":12},""fit_groups"":20,""fit_records"":100,""fold"":1,""group_overlap"":0,""validation_group_counts_by_label"":{""0"":11,""1"":8},""validation_groups"":19,""validation_records"":95}]",0
deduplication__hybrid__granite97m__decision_tree,deduplication,hybrid,granite97m,decision_tree,2,480,120,96,24,0,11.936644700006582,0.7341964000079315,0.1424224999936996,1.1868541666141634,classifier_pipeline_with_precomputed_embedding,"{""model__max_depth"":3,""model__min_samples_leaf"":2}",-0.3228070175438597,"{""curve_points"":2450,""eligible"":false,""negative_threshold"":null,""positive_threshold"":null,""selected"":null}","{""balance_score"":0.011057692307692268,""calibration_group_counts_by_label"":{""0"":19,""1"":20},""calibration_groups"":39,""calibration_label_counts"":{""0"":95,""1"":100},""calibration_records"":195,""fit_group_counts_by_label"":{""0"":28,""1"":29},""fit_groups"":57,""fit_label_counts"":{""0"":140,""1"":145},""fit_records"":285,""group_overlap"":0}","[{""fit_group_counts_by_label"":{""0"":8,""1"":11},""fit_groups"":19,""fit_records"":95,""fold"":0,""group_overlap"":0,""validation_group_counts_by_label"":{""0"":11,""1"":9},""validation_groups"":20,""validation_records"":100},{""fit_group_counts_by_label"":{""0"":11,""1"":9},""fit_groups"":20,""fit_records"":100,""fold"":1,""group_overlap"":0,""validation_group_counts_by_label"":{""0"":8,""1"":11},""validation_groups"":19,""validation_records"":95}]",0
deduplication__hybrid__granite97m__decision_tree,deduplication,hybrid,granite97m,decision_tree,3,480,120,96,24,0,11.68147590001172,0.7282937999989372,0.21551399999589194,1.7959499999657662,classifier_pipeline_with_precomputed_embedding,"{""model__max_depth"":3,""model__min_samples_leaf"":2}",-0.12280701754385966,"{""curve_points"":2450,""eligible"":false,""negative_threshold"":null,""positive_threshold"":null,""selected"":null}","{""balance_score"":0.022275641025641058,""calibration_group_counts_by_label"":{""0"":20,""1"":19},""calibration_groups"":39,""calibration_label_counts"":{""0"":100,""1"":95},""calibration_records"":195,""fit_group_counts_by_label"":{""0"":30,""1"":27},""fit_groups"":57,""fit_label_counts"":{""0"":150,""1"":135},""fit_records"":285,""group_overlap"":0}","[{""fit_group_counts_by_label"":{""0"":12,""1"":7},""fit_groups"":19,""fit_records"":95,""fold"":0,""group_overlap"":0,""validation_group_counts_by_label"":{""0"":8,""1"":12},""validation_groups"":20,""validation_records"":100},{""fit_group_counts_by_label"":{""0"":8,""1"":12},""fit_groups"":20,""fit_records"":100,""fold"":1,""group_overlap"":0,""validation_group_counts_by_label"":{""0"":12,""1"":7},""validation_groups"":19,""validation_records"":95}]",0
deduplication__hybrid__granite97m__decision_tree,deduplication,hybrid,granite97m,decision_tree,4,480,120,96,24,0,11.226138800004264,0.747120799991535,0.17511240000021644,1.4592700000018037,classifier_pipeline_with_precomputed_embedding,"{""model__max_depth"":3,""model__min_samples_leaf"":2}",-0.30526315789473685,"{""curve_points"":2450,""eligible"":true,""negative_threshold"":0.04,""positive_threshold"":0.9,""selected"":{""abstained"":0,""automated_false_negative_rate"":0.010526315789473684,""automated_false_positive_rate"":0.04,""automation_duplicate_recall"":0.9894736842105263,""automation_nonduplicate_recall"":0.96,""coverage"":1.0,""covered"":195,""covered_error_rate"":0.02564102564102564,""false_negative_cost"":5.0,""false_positive_cost"":1.0,""fn"":1,""fp"":4,""negative_predictive_value"":0.9896907216494846,""negative_threshold"":0.04,""negatives"":100,""positive_threshold"":0.9,""positives"":95,""precision"":0.9591836734693877,""threshold"":0.9,""tn"":96,""tp"":94,""weighted_covered_error"":0.046153846153846156}}","{""balance_score"":0.011057692307692268,""calibration_group_counts_by_label"":{""0"":20,""1"":19},""calibration_groups"":39,""calibration_label_counts"":{""0"":100,""1"":95},""calibration_records"":195,""fit_group_counts_by_label"":{""0"":29,""1"":28},""fit_groups"":57,""fit_label_counts"":{""0"":145,""1"":140},""fit_records"":285,""group_overlap"":0}","[{""fit_group_counts_by_label"":{""0"":9,""1"":10},""fit_groups"":19,""fit_records"":95,""fold"":0,""group_overlap"":0,""validation_group_counts_by_label"":{""0"":11,""1"":9},""validation_groups"":20,""validation_records"":100},{""fit_group_counts_by_label"":{""0"":11,""1"":9},""fit_groups"":20,""fit_records"":100,""fold"":1,""group_overlap"":0,""validation_group_counts_by_label"":{""0"":9,""1"":10},""validation_groups"":19,""validation_records"":95}]",0
deduplication__hybrid__granite97m__linear_svm,deduplication,hybrid,granite97m,linear_svm,0,480,120,96,24,0,8.314606399988406,0.8099218999996083,0.15449319999606814,1.287443333300568,classifier_pipeline_with_precomputed_embedding,"{""model__C"":0.1}",0.0,"{""curve_points"":2450,""eligible"":true,""negative_threshold"":0.04,""positive_threshold"":0.96,""selected"":{""abstained"":0,""automated_false_negative_rate"":0.0,""automated_false_positive_rate"":0.0,""automation_duplicate_recall"":1.0,""automation_nonduplicate_recall"":1.0,""coverage"":1.0,""covered"":195,""covered_error_rate"":0.0,""false_negative_cost"":5.0,""false_positive_cost"":1.0,""fn"":0,""fp"":0,""negative_predictive_value"":1.0,""negative_threshold"":0.04,""negatives"":95,""positive_threshold"":0.96,""positives"":100,""precision"":1.0,""threshold"":0.96,""tn"":95,""tp"":100,""weighted_covered_error"":0.0}}","{""balance_score"":0.011057692307692268,""calibration_group_counts_by_label"":{""0"":19,""1"":20},""calibration_groups"":39,""calibration_label_counts"":{""0"":95,""1"":100},""calibration_records"":195,""fit_group_counts_by_label"":{""0"":28,""1"":29},""fit_groups"":57,""fit_label_counts"":{""0"":140,""1"":145},""fit_records"":285,""group_overlap"":0}","[{""fit_group_counts_by_label"":{""0"":11,""1"":8},""fit_groups"":19,""fit_records"":95,""fold"":0,""group_overlap"":0,""validation_group_counts_by_label"":{""0"":8,""1"":12},""validation_groups"":20,""validation_records"":100},{""fit_group_counts_by_label"":{""0"":8,""1"":12},""fit_groups"":20,""fit_records"":100,""fold"":1,""group_overlap"":0,""validation_group_counts_by_label"":{""0"":11,""1"":8},""validation_groups"":19,""validation_records"":95}]",0
deduplication__hybrid__granite97m__linear_svm,deduplication,hybrid,granite97m,linear_svm,1,480,120,96,24,0,8.322024599998258,0.765658500007703,0.13454309999360703,1.1211924999467253,classifier_pipeline_with_precomputed_embedding,"{""model__C"":0.1}",0.0,"{""curve_points"":2450,""eligible"":true,""negative_threshold"":0.05,""positive_threshold"":0.96,""selected"":{""abstained"":0,""automated_false_negative_rate"":0.0,""automated_false_positive_rate"":0.0,""automation_duplicate_recall"":1.0,""automation_nonduplicate_recall"":1.0,""coverage"":1.0,""covered"":195,""covered_error_rate"":0.0,""false_negative_cost"":5.0,""false_positive_cost"":1.0,""fn"":0,""fp"":0,""negative_predictive_value"":1.0,""negative_threshold"":0.05,""negatives"":95,""positive_threshold"":0.96,""positives"":100,""precision"":1.0,""threshold"":0.96,""tn"":95,""tp"":100,""weighted_covered_error"":0.0}}","{""balance_score"":0.011057692307692268,""calibration_group_counts_by_label"":{""0"":19,""1"":20},""calibration_groups"":39,""calibration_label_counts"":{""0"":95,""1"":100},""calibration_records"":195,""fit_group_counts_by_label"":{""0"":28,""1"":29},""fit_groups"":57,""fit_label_counts"":{""0"":140,""1"":145},""fit_records"":285,""group_overlap"":0}","[{""fit_group_counts_by_label"":{""0"":11,""1"":8},""fit_groups"":19,""fit_records"":95,""fold"":0,""group_overlap"":0,""validation_group_counts_by_label"":{""0"":8,""1"":12},""validation_groups"":20,""validation_records"":100},{""fit_group_counts_by_label"":{""0"":8,""1"":12},""fit_groups"":20,""fit_records"":100,""fold"":1,""group_overlap"":0,""validation_group_counts_by_label"":{""0"":11,""1"":8},""validation_groups"":19,""validation_records"":95}]",0
deduplication__hybrid__granite97m__linear_svm,deduplication,hybrid,granite97m,linear_svm,2,480,120,96,24,0,8.585218899999745,0.7462974000081886,0.16253829999186564,1.354485833265547,classifier_pipeline_with_precomputed_embedding,"{""model__C"":0.1}",0.0,"{""curve_points"":2450,""eligible"":true,""negative_threshold"":0.11,""positive_threshold"":0.96,""selected"":{""abstained"":0,""automated_false_negative_rate"":0.0,""automated_false_positive_rate"":0.0,""automation_duplicate_recall"":1.0,""automation_nonduplicate_recall"":1.0,""coverage"":1.0,""covered"":195,""covered_error_rate"":0.0,""false_negative_cost"":5.0,""false_positive_cost"":1.0,""fn"":0,""fp"":0,""negative_predictive_value"":1.0,""negative_threshold"":0.11,""negatives"":95,""positive_threshold"":0.96,""positives"":100,""precision"":1.0,""threshold"":0.96,""tn"":95,""tp"":100,""weighted_covered_error"":0.0}}","{""balance_score"":0.011057692307692268,""calibration_group_counts_by_label"":{""0"":19,""1"":20},""calibration_groups"":39,""calibration_label_counts"":{""0"":95,""1"":100},""calibration_records"":195,""fit_group_counts_by_label"":{""0"":28,""1"":29},""fit_groups"":57,""fit_label_counts"":{""0"":140,""1"":145},""fit_records"":285,""group_overlap"":0}","[{""fit_group_counts_by_label"":{""0"":8,""1"":11},""fit_groups"":19,""fit_records"":95,""fold"":0,""group_overlap"":0,""validation_group_counts_by_label"":{""0"":11,""1"":9},""validation_groups"":20,""validation_records"":100},{""fit_group_counts_by_label"":{""0"":11,""1"":9},""fit_groups"":20,""fit_records"":100,""fold"":1,""group_overlap"":0,""validation_group_counts_by_label"":{""0"":8,""1"":11},""validation_groups"":19,""validation_records"":95}]",0
deduplication__hybrid__granite97m__linear_svm,deduplication,hybrid,granite97m,linear_svm,3,480,120,96,24,0,9.10051150000072,0.7554193999967538,0.14164240000536665,1.1803533333780554,classifier_pipeline_with_precomputed_embedding,"{""model__C"":0.1}",0.0,"{""curve_points"":2450,""eligible"":true,""negative_threshold"":0.11,""positive_threshold"":0.95,""selected"":{""abstained"":0,""automated_false_negative_rate"":0.0,""automated_false_positive_rate"":0.0,""automation_duplicate_recall"":1.0,""automation_nonduplicate_recall"":1.0,""coverage"":1.0,""covered"":195,""covered_error_rate"":0.0,""false_negative_cost"":5.0,""false_positive_cost"":1.0,""fn"":0,""fp"":0,""negative_predictive_value"":1.0,""negative_threshold"":0.11,""negatives"":100,""positive_threshold"":0.95,""positives"":95,""precision"":1.0,""threshold"":0.95,""tn"":100,""tp"":95,""weighted_covered_error"":0.0}}","{""balance_score"":0.022275641025641058,""calibration_group_counts_by_label"":{""0"":20,""1"":19},""calibration_groups"":39,""calibration_label_counts"":{""0"":100,""1"":95},""calibration_records"":195,""fit_group_counts_by_label"":{""0"":30,""1"":27},""fit_groups"":57,""fit_label_counts"":{""0"":150,""1"":135},""fit_records"":285,""group_overlap"":0}","[{""fit_group_counts_by_label"":{""0"":12,""1"":7},""fit_groups"":19,""fit_records"":95,""fold"":0,""group_overlap"":0,""validation_group_counts_by_label"":{""0"":8,""1"":12},""validation_groups"":20,""validation_records"":100},{""fit_group_counts_by_label"":{""0"":8,""1"":12},""fit_groups"":20,""fit_records"":100,""fold"":1,""group_overlap"":0,""validation_group_counts_by_label"":{""0"":12,""1"":7},""validation_groups"":19,""validation_records"":95}]",0
deduplication__hybrid__granite97m__linear_svm,deduplication,hybrid,granite97m,linear_svm,4,480,120,96,24,0,8.951225600001635,0.9032391999935498,0.16991269998834468,1.415939166569539,classifier_pipeline_with_precomputed_embedding,"{""model__C"":0.1}",-0.2631578947368421,"{""curve_points"":2450,""eligible"":true,""negative_threshold"":0.06,""positive_threshold"":0.96,""selected"":{""abstained"":0,""automated_false_negative_rate"":0.0,""automated_false_positive_rate"":0.0,""automation_duplicate_recall"":1.0,""automation_nonduplicate_recall"":1.0,""coverage"":1.0,""covered"":195,""covered_error_rate"":0.0,""false_negative_cost"":5.0,""false_positive_cost"":1.0,""fn"":0,""fp"":0,""negative_predictive_value"":1.0,""negative_threshold"":0.06,""negatives"":100,""positive_threshold"":0.96,""positives"":95,""precision"":1.0,""threshold"":0.96,""tn"":100,""tp"":95,""weighted_covered_error"":0.0}}","{""balance_score"":0.011057692307692268,""calibration_group_counts_by_label"":{""0"":20,""1"":19},""calibration_groups"":39,""calibration_label_counts"":{""0"":100,""1"":95},""calibration_records"":195,""fit_group_counts_by_label"":{""0"":29,""1"":28},""fit_groups"":57,""fit_label_counts"":{""0"":145,""1"":140},""fit_records"":285,""group_overlap"":0}","[{""fit_group_counts_by_label"":{""0"":9,""1"":10},""fit_groups"":19,""fit_records"":95,""fold"":0,""group_overlap"":0,""validation_group_counts_by_label"":{""0"":11,""1"":9},""validation_groups"":20,""validation_records"":100},{""fit_group_counts_by_label"":{""0"":11,""1"":9},""fit_groups"":20,""fit_records"":100,""fold"":1,""group_overlap"":0,""validation_group_counts_by_label"":{""0"":9,""1"":10},""validation_groups"":19,""validation_records"":95}]",0
deduplication__hybrid__granite97m__mlp,deduplication,hybrid,granite97m,mlp,0,480,120,96,24,0,56.0020777000027,0.7442593000014313,0.14500410000619013,1.2083675000515843,classifier_pipeline_with_precomputed_embedding,"{""model__alpha"":0.001,""model__hidden_layer_sizes"":[16]}",0.0,"{""curve_points"":2450,""eligible"":true,""negative_threshold"":0.03,""positive_threshold"":0.97,""selected"":{""abstained"":0,""automated_false_negative_rate"":0.0,""automated_false_positive_rate"":0.0,""automation_duplicate_recall"":1.0,""automation_nonduplicate_recall"":1.0,""coverage"":1.0,""covered"":195,""covered_error_rate"":0.0,""false_negative_cost"":5.0,""false_positive_cost"":1.0,""fn"":0,""fp"":0,""negative_predictive_value"":1.0,""negative_threshold"":0.03,""negatives"":95,""positive_threshold"":0.97,""positives"":100,""precision"":1.0,""threshold"":0.97,""tn"":95,""tp"":100,""weighted_covered_error"":0.0}}","{""balance_score"":0.011057692307692268,""calibration_group_counts_by_label"":{""0"":19,""1"":20},""calibration_groups"":39,""calibration_label_counts"":{""0"":95,""1"":100},""calibration_records"":195,""fit_group_counts_by_label"":{""0"":28,""1"":29},""fit_groups"":57,""fit_label_counts"":{""0"":140,""1"":145},""fit_records"":285,""group_overlap"":0}","[{""fit_group_counts_by_label"":{""0"":11,""1"":8},""fit_groups"":19,""fit_records"":95,""fold"":0,""group_overlap"":0,""validation_group_counts_by_label"":{""0"":8,""1"":12},""validation_groups"":20,""validation_records"":100},{""fit_group_counts_by_label"":{""0"":8,""1"":12},""fit_groups"":20,""fit_records"":100,""fold"":1,""group_overlap"":0,""validation_group_counts_by_label"":{""0"":11,""1"":8},""validation_groups"":19,""validation_records"":95}]",0
deduplication__hybrid__granite97m__mlp,deduplication,hybrid,granite97m,mlp,1,480,120,96,24,0,50.30688240000745,0.7585753999883309,0.13478030000987928,1.123169166748994,classifier_pipeline_with_precomputed_embedding,"{""model__alpha"":0.001,""model__hidden_layer_sizes"":[16]}",0.0,"{""curve_points"":2450,""eligible"":true,""negative_threshold"":0.03,""positive_threshold"":0.97,""selected"":{""abstained"":0,""automated_false_negative_rate"":0.0,""automated_false_positive_rate"":0.0,""automation_duplicate_recall"":1.0,""automation_nonduplicate_recall"":1.0,""coverage"":1.0,""covered"":195,""covered_error_rate"":0.0,""false_negative_cost"":5.0,""false_positive_cost"":1.0,""fn"":0,""fp"":0,""negative_predictive_value"":1.0,""negative_threshold"":0.03,""negatives"":95,""positive_threshold"":0.97,""positives"":100,""precision"":1.0,""threshold"":0.97,""tn"":95,""tp"":100,""weighted_covered_error"":0.0}}","{""balance_score"":0.011057692307692268,""calibration_group_counts_by_label"":{""0"":19,""1"":20},""calibration_groups"":39,""calibration_label_counts"":{""0"":95,""1"":100},""calibration_records"":195,""fit_group_counts_by_label"":{""0"":28,""1"":29},""fit_groups"":57,""fit_label_counts"":{""0"":140,""1"":145},""fit_records"":285,""group_overlap"":0}","[{""fit_group_counts_by_label"":{""0"":11,""1"":8},""fit_groups"":19,""fit_records"":95,""fold"":0,""group_overlap"":0,""validation_group_counts_by_label"":{""0"":8,""1"":12},""validation_groups"":20,""validation_records"":100},{""fit_group_counts_by_label"":{""0"":8,""1"":12},""fit_groups"":20,""fit_records"":100,""fold"":1,""group_overlap"":0,""validation_group_counts_by_label"":{""0"":11,""1"":8},""validation_groups"":19,""validation_records"":95}]",0
deduplication__hybrid__granite97m__mlp,deduplication,hybrid,granite97m,mlp,2,480,120,96,24,0,52.256037500003,0.7449718999996549,0.15769420001015533,1.3141183334179611,classifier_pipeline_with_precomputed_embedding,"{""model__alpha"":0.001,""model__hidden_layer_sizes"":[16]}",0.0,"{""curve_points"":2450,""eligible"":true,""negative_threshold"":0.04,""positive_threshold"":0.97,""selected"":{""abstained"":0,""automated_false_negative_rate"":0.0,""automated_false_positive_rate"":0.0,""automation_duplicate_recall"":1.0,""automation_nonduplicate_recall"":1.0,""coverage"":1.0,""covered"":195,""covered_error_rate"":0.0,""false_negative_cost"":5.0,""false_positive_cost"":1.0,""fn"":0,""fp"":0,""negative_predictive_value"":1.0,""negative_threshold"":0.04,""negatives"":95,""positive_threshold"":0.97,""positives"":100,""precision"":1.0,""threshold"":0.97,""tn"":95,""tp"":100,""weighted_covered_error"":0.0}}","{""balance_score"":0.011057692307692268,""calibration_group_counts_by_label"":{""0"":19,""1"":20},""calibration_groups"":39,""calibration_label_counts"":{""0"":95,""1"":100},""calibration_records"":195,""fit_group_counts_by_label"":{""0"":28,""1"":29},""fit_groups"":57,""fit_label_counts"":{""0"":140,""1"":145},""fit_records"":285,""group_overlap"":0}","[{""fit_group_counts_by_label"":{""0"":8,""1"":11},""fit_groups"":19,""fit_records"":95,""fold"":0,""group_overlap"":0,""validation_group_counts_by_label"":{""0"":11,""1"":9},""validation_groups"":20,""validation_records"":100},{""fit_group_counts_by_label"":{""0"":11,""1"":9},""fit_groups"":20,""fit_records"":100,""fold"":1,""group_overlap"":0,""validation_group_counts_by_label"":{""0"":8,""1"":11},""validation_groups"":19,""validation_records"":95}]",0
deduplication__hybrid__granite97m__mlp,deduplication,hybrid,granite97m,mlp,3,480,120,96,24,0,49.59761690000596,0.810024100006558,0.1419190000015078,1.1826583333458984,classifier_pipeline_with_precomputed_embedding,"{""model__alpha"":0.001,""model__hidden_layer_sizes"":[16]}",0.0,"{""curve_points"":2450,""eligible"":true,""negative_threshold"":0.03,""positive_threshold"":0.97,""selected"":{""abstained"":0,""automated_false_negative_rate"":0.0,""automated_false_positive_rate"":0.0,""automation_duplicate_recall"":1.0,""automation_nonduplicate_recall"":1.0,""coverage"":1.0,""covered"":195,""covered_error_rate"":0.0,""false_negative_cost"":5.0,""false_positive_cost"":1.0,""fn"":0,""fp"":0,""negative_predictive_value"":1.0,""negative_threshold"":0.03,""negatives"":100,""positive_threshold"":0.97,""positives"":95,""precision"":1.0,""threshold"":0.97,""tn"":100,""tp"":95,""weighted_covered_error"":0.0}}","{""balance_score"":0.022275641025641058,""calibration_group_counts_by_label"":{""0"":20,""1"":19},""calibration_groups"":39,""calibration_label_counts"":{""0"":100,""1"":95},""calibration_records"":195,""fit_group_counts_by_label"":{""0"":30,""1"":27},""fit_groups"":57,""fit_label_counts"":{""0"":150,""1"":135},""fit_records"":285,""group_overlap"":0}","[{""fit_group_counts_by_label"":{""0"":12,""1"":7},""fit_groups"":19,""fit_records"":95,""fold"":0,""group_overlap"":0,""validation_group_counts_by_label"":{""0"":8,""1"":12},""validation_groups"":20,""validation_records"":100},{""fit_group_counts_by_label"":{""0"":8,""1"":12},""fit_groups"":20,""fit_records"":100,""fold"":1,""group_overlap"":0,""validation_group_counts_by_label"":{""0"":12,""1"":7},""validation_groups"":19,""validation_records"":95}]",0
deduplication__hybrid__granite97m__mlp,deduplication,hybrid,granite97m,mlp,4,480,120,96,24,0,69.6433354000037,0.7772183000051882,0.15059910000127275,1.2549925000106061,classifier_pipeline_with_precomputed_embedding,"{""model__alpha"":0.001,""model__hidden_layer_sizes"":[16]}",-0.2631578947368421,"{""curve_points"":2450,""eligible"":true,""negative_threshold"":0.03,""positive_threshold"":0.97,""selected"":{""abstained"":0,""automated_false_negative_rate"":0.0,""automated_false_positive_rate"":0.0,""automation_duplicate_recall"":1.0,""automation_nonduplicate_recall"":1.0,""coverage"":1.0,""covered"":195,""covered_error_rate"":0.0,""false_negative_cost"":5.0,""false_positive_cost"":1.0,""fn"":0,""fp"":0,""negative_predictive_value"":1.0,""negative_threshold"":0.03,""negatives"":100,""positive_threshold"":0.97,""positives"":95,""precision"":1.0,""threshold"":0.97,""tn"":100,""tp"":95,""weighted_covered_error"":0.0}}","{""balance_score"":0.011057692307692268,""calibration_group_counts_by_label"":{""0"":20,""1"":19},""calibration_groups"":39,""calibration_label_counts"":{""0"":100,""1"":95},""calibration_records"":195,""fit_group_counts_by_label"":{""0"":29,""1"":28},""fit_groups"":57,""fit_label_counts"":{""0"":145,""1"":140},""fit_records"":285,""group_overlap"":0}","[{""fit_group_counts_by_label"":{""0"":9,""1"":10},""fit_groups"":19,""fit_records"":95,""fold"":0,""group_overlap"":0,""validation_group_counts_by_label"":{""0"":11,""1"":9},""validation_groups"":20,""validation_records"":100},{""fit_group_counts_by_label"":{""0"":11,""1"":9},""fit_groups"":20,""fit_records"":100,""fold"":1,""group_overlap"":0,""validation_group_counts_by_label"":{""0"":9,""1"":10},""validation_groups"":19,""validation_records"":95}]",0
deduplication__hybrid__granite97m__xgboost,deduplication,hybrid,granite97m,xgboost,0,480,120,96,24,0,38.050115799997,1.1832296999928076,0.1978501999983564,1.64875166665297,classifier_pipeline_with_precomputed_embedding,"{""model__learning_rate"":0.05,""model__max_depth"":2,""model__n_estimators"":160}",0.0,"{""curve_points"":2450,""eligible"":true,""negative_threshold"":0.11,""positive_threshold"":0.97,""selected"":{""abstained"":0,""automated_false_negative_rate"":0.0,""automated_false_positive_rate"":0.0,""automation_duplicate_recall"":1.0,""automation_nonduplicate_recall"":1.0,""coverage"":1.0,""covered"":195,""covered_error_rate"":0.0,""false_negative_cost"":5.0,""false_positive_cost"":1.0,""fn"":0,""fp"":0,""negative_predictive_value"":1.0,""negative_threshold"":0.11,""negatives"":95,""positive_threshold"":0.97,""positives"":100,""precision"":1.0,""threshold"":0.97,""tn"":95,""tp"":100,""weighted_covered_error"":0.0}}","{""balance_score"":0.011057692307692268,""calibration_group_counts_by_label"":{""0"":19,""1"":20},""calibration_groups"":39,""calibration_label_counts"":{""0"":95,""1"":100},""calibration_records"":195,""fit_group_counts_by_label"":{""0"":28,""1"":29},""fit_groups"":57,""fit_label_counts"":{""0"":140,""1"":145},""fit_records"":285,""group_overlap"":0}","[{""fit_group_counts_by_label"":{""0"":11,""1"":8},""fit_groups"":19,""fit_records"":95,""fold"":0,""group_overlap"":0,""validation_group_counts_by_label"":{""0"":8,""1"":12},""validation_groups"":20,""validation_records"":100},{""fit_group_counts_by_label"":{""0"":8,""1"":12},""fit_groups"":20,""fit_records"":100,""fold"":1,""group_overlap"":0,""validation_group_counts_by_label"":{""0"":11,""1"":8},""validation_groups"":19,""validation_records"":95}]",0
deduplication__hybrid__granite97m__xgboost,deduplication,hybrid,granite97m,xgboost,1,480,120,96,24,0,36.53121290000854,1.0046437999990303,0.15395059999718796,1.282921666643233,classifier_pipeline_with_precomputed_embedding,"{""model__learning_rate"":0.05,""model__max_depth"":2,""model__n_estimators"":160}",0.0,"{""curve_points"":2450,""eligible"":true,""negative_threshold"":0.04,""positive_threshold"":0.91,""selected"":{""abstained"":11,""automated_false_negative_rate"":0.0,""automated_false_positive_rate"":0.0,""automation_duplicate_recall"":0.94,""automation_nonduplicate_recall"":0.9473684210526315,""coverage"":0.9435897435897436,""covered"":184,""covered_error_rate"":0.0,""false_negative_cost"":5.0,""false_positive_cost"":1.0,""fn"":0,""fp"":0,""negative_predictive_value"":1.0,""negative_threshold"":0.04,""negatives"":95,""positive_threshold"":0.91,""positives"":100,""precision"":1.0,""threshold"":0.91,""tn"":90,""tp"":94,""weighted_covered_error"":0.0}}","{""balance_score"":0.011057692307692268,""calibration_group_counts_by_label"":{""0"":19,""1"":20},""calibration_groups"":39,""calibration_label_counts"":{""0"":95,""1"":100},""calibration_records"":195,""fit_group_counts_by_label"":{""0"":28,""1"":29},""fit_groups"":57,""fit_label_counts"":{""0"":140,""1"":145},""fit_records"":285,""group_overlap"":0}","[{""fit_group_counts_by_label"":{""0"":11,""1"":8},""fit_groups"":19,""fit_records"":95,""fold"":0,""group_overlap"":0,""validation_group_counts_by_label"":{""0"":8,""1"":12},""validation_groups"":20,""validation_records"":100},{""fit_group_counts_by_label"":{""0"":8,""1"":12},""fit_groups"":20,""fit_records"":100,""fold"":1,""group_overlap"":0,""validation_group_counts_by_label"":{""0"":11,""1"":8},""validation_groups"":19,""validation_records"":95}]",0
deduplication__hybrid__granite97m__xgboost,deduplication,hybrid,granite97m,xgboost,2,480,120,96,24,0,37.74664880000637,0.963078000000678,0.1820023000036599,1.5166858333638327,classifier_pipeline_with_precomputed_embedding,"{""model__learning_rate"":0.05,""model__max_depth"":2,""model__n_estimators"":160}",-0.17543859649122806,"{""curve_points"":2450,""eligible"":true,""negative_threshold"":0.09,""positive_threshold"":0.95,""selected"":{""abstained"":0,""automated_false_negative_rate"":0.0,""automated_false_positive_rate"":0.0,""automation_duplicate_recall"":1.0,""automation_nonduplicate_recall"":1.0,""coverage"":1.0,""covered"":195,""covered_error_rate"":0.0,""false_negative_cost"":5.0,""false_positive_cost"":1.0,""fn"":0,""fp"":0,""negative_predictive_value"":1.0,""negative_threshold"":0.09,""negatives"":95,""positive_threshold"":0.95,""positives"":100,""precision"":1.0,""threshold"":0.95,""tn"":95,""tp"":100,""weighted_covered_error"":0.0}}","{""balance_score"":0.011057692307692268,""calibration_group_counts_by_label"":{""0"":19,""1"":20},""calibration_groups"":39,""calibration_label_counts"":{""0"":95,""1"":100},""calibration_records"":195,""fit_group_counts_by_label"":{""0"":28,""1"":29},""fit_groups"":57,""fit_label_counts"":{""0"":140,""1"":145},""fit_records"":285,""group_overlap"":0}","[{""fit_group_counts_by_label"":{""0"":8,""1"":11},""fit_groups"":19,""fit_records"":95,""fold"":0,""group_overlap"":0,""validation_group_counts_by_label"":{""0"":11,""1"":9},""validation_groups"":20,""validation_records"":100},{""fit_group_counts_by_label"":{""0"":11,""1"":9},""fit_groups"":20,""fit_records"":100,""fold"":1,""group_overlap"":0,""validation_group_counts_by_label"":{""0"":8,""1"":11},""validation_groups"":19,""validation_records"":95}]",0
deduplication__hybrid__granite97m__xgboost,deduplication,hybrid,granite97m,xgboost,3,480,120,96,24,0,40.39522410000791,1.1963160000013886,0.14683700000750832,1.223641666729236,classifier_pipeline_with_precomputed_embedding,"{""model__learning_rate"":0.05,""model__max_depth"":2,""model__n_estimators"":160}",-0.017543859649122806,"{""curve_points"":2450,""eligible"":true,""negative_threshold"":0.07,""positive_threshold"":0.96,""selected"":{""abstained"":0,""automated_false_negative_rate"":0.0,""automated_false_positive_rate"":0.0,""automation_duplicate_recall"":1.0,""automation_nonduplicate_recall"":1.0,""coverage"":1.0,""covered"":195,""covered_error_rate"":0.0,""false_negative_cost"":5.0,""false_positive_cost"":1.0,""fn"":0,""fp"":0,""negative_predictive_value"":1.0,""negative_threshold"":0.07,""negatives"":100,""positive_threshold"":0.96,""positives"":95,""precision"":1.0,""threshold"":0.96,""tn"":100,""tp"":95,""weighted_covered_error"":0.0}}","{""balance_score"":0.022275641025641058,""calibration_group_counts_by_label"":{""0"":20,""1"":19},""calibration_groups"":39,""calibration_label_counts"":{""0"":100,""1"":95},""calibration_records"":195,""fit_group_counts_by_label"":{""0"":30,""1"":27},""fit_groups"":57,""fit_label_counts"":{""0"":150,""1"":135},""fit_records"":285,""group_overlap"":0}","[{""fit_group_counts_by_label"":{""0"":12,""1"":7},""fit_groups"":19,""fit_records"":95,""fold"":0,""group_overlap"":0,""validation_group_counts_by_label"":{""0"":8,""1"":12},""validation_groups"":20,""validation_records"":100},{""fit_group_counts_by_label"":{""0"":8,""1"":12},""fit_groups"":20,""fit_records"":100,""fold"":1,""group_overlap"":0,""validation_group_counts_by_label"":{""0"":12,""1"":7},""validation_groups"":19,""validation_records"":95}]",0
deduplication__hybrid__granite97m__xgboost,deduplication,hybrid,granite97m,xgboost,4,480,120,96,24,0,43.82400229999621,1.04290340001171,0.1679911999963224,1.39992666663602,classifier_pipeline_with_precomputed_embedding,"{""model__learning_rate"":0.05,""model__max_depth"":2,""model__n_estimators"":160}",-0.056140350877192984,"{""curve_points"":2450,""eligible"":true,""negative_threshold"":0.03,""positive_threshold"":0.97,""selected"":{""abstained"":0,""automated_false_negative_rate"":0.0,""automated_false_positive_rate"":0.0,""automation_duplicate_recall"":1.0,""automation_nonduplicate_recall"":1.0,""coverage"":1.0,""covered"":195,""covered_error_rate"":0.0,""false_negative_cost"":5.0,""false_positive_cost"":1.0,""fn"":0,""fp"":0,""negative_predictive_value"":1.0,""negative_threshold"":0.03,""negatives"":100,""positive_threshold"":0.97,""positives"":95,""precision"":1.0,""threshold"":0.97,""tn"":100,""tp"":95,""weighted_covered_error"":0.0}}","{""balance_score"":0.011057692307692268,""calibration_group_counts_by_label"":{""0"":20,""1"":19},""calibration_groups"":39,""calibration_label_counts"":{""0"":100,""1"":95},""calibration_records"":195,""fit_group_counts_by_label"":{""0"":29,""1"":28},""fit_groups"":57,""fit_label_counts"":{""0"":145,""1"":140},""fit_records"":285,""group_overlap"":0}","[{""fit_group_counts_by_label"":{""0"":9,""1"":10},""fit_groups"":19,""fit_records"":95,""fold"":0,""group_overlap"":0,""validation_group_counts_by_label"":{""0"":11,""1"":9},""validation_groups"":20,""validation_records"":100},{""fit_group_counts_by_label"":{""0"":11,""1"":9},""fit_groups"":20,""fit_records"":100,""fold"":1,""group_overlap"":0,""validation_group_counts_by_label"":{""0"":9,""1"":10},""validation_groups"":19,""validation_records"":95}]",0
classification__hybrid__multilingual_e5_small__logistic_regression,classification,hybrid,multilingual_e5_small,logistic_regression,0,406,102,84,21,0,4.353971300006378,0.4021556000079727,0.06173370000033174,0.6052323529444288,classifier_pipeline_with_precomputed_embedding,"{""model__C"":10.0}",0.6546001188298479,"{""automatic_maintenance_as_obra"":0,""automatic_non_obra_as_obra"":0,""coverage"":0.503030303030303,""covered"":83,""eligible"":true,""errors"":2,""obra_threshold"":0.9,""risk"":0.024096385542168676,""threshold"":0.71}","{""balance_score"":0.013121361397223433,""calibration_group_counts_by_label"":{""0"":9,""1"":11,""2"":10,""3"":4},""calibration_groups"":34,""calibration_label_counts"":{""0"":41,""1"":55,""2"":50,""3"":19},""calibration_records"":165,""fit_group_counts_by_label"":{""0"":12,""1"":16,""2"":15,""3"":7},""fit_groups"":50,""fit_label_counts"":{""0"":60,""1"":79,""2"":73,""3"":29},""fit_records"":241,""group_overlap"":0}","[{""fit_group_counts_by_label"":{""0"":5,""1"":5,""2"":5,""3"":2},""fit_groups"":17,""fit_records"":80,""fold"":0,""group_overlap"":0,""validation_group_counts_by_label"":{""0"":4,""1"":6,""2"":5,""3"":2},""validation_groups"":17,""validation_records"":85},{""fit_group_counts_by_label"":{""0"":4,""1"":6,""2"":5,""3"":2},""fit_groups"":17,""fit_records"":85,""fold"":1,""group_overlap"":0,""validation_group_counts_by_label"":{""0"":5,""1"":5,""2"":5,""3"":2},""validation_groups"":17,""validation_records"":80}]",0
classification__hybrid__multilingual_e5_small__logistic_regression,classification,hybrid,multilingual_e5_small,logistic_regression,1,415,93,84,21,0,4.375121999997646,0.41827789999661036,0.0568255000107456,0.6110268818359742,classifier_pipeline_with_precomputed_embedding,"{""model__C"":0.1}",0.6153482026037248,"{""automatic_maintenance_as_obra"":0,""automatic_non_obra_as_obra"":0,""coverage"":0.5212121212121212,""covered"":86,""eligible"":true,""errors"":3,""obra_threshold"":0.9,""risk"":0.03488372093023256,""threshold"":0.58}","{""balance_score"":0.030156991602774727,""calibration_group_counts_by_label"":{""0"":10,""1"":10,""2"":10,""3"":4},""calibration_groups"":34,""calibration_label_counts"":{""0"":47,""1"":49,""2"":50,""3"":19},""calibration_records"":165,""fit_group_counts_by_label"":{""0"":14,""1"":16,""2"":15,""3"":5},""fit_groups"":50,""fit_label_counts"":{""0"":70,""1"":80,""2"":75,""3"":25},""fit_records"":250,""group_overlap"":0}","[{""fit_group_counts_by_label"":{""0"":3,""1"":5,""2"":7,""3"":2},""fit_groups"":17,""fit_records"":84,""fold"":0,""group_overlap"":0,""validation_group_counts_by_label"":{""0"":7,""1"":5,""2"":3,""3"":2},""validation_groups"":17,""validation_records"":81},{""fit_group_counts_by_label"":{""0"":7,""1"":5,""2"":3,""3"":2},""fit_groups"":17,""fit_records"":81,""fold"":1,""group_overlap"":0,""validation_group_counts_by_label"":{""0"":3,""1"":5,""2"":7,""3"":2},""validation_groups"":17,""validation_records"":84}]",0
classification__hybrid__multilingual_e5_small__logistic_regression,classification,hybrid,multilingual_e5_small,logistic_regression,2,405,103,84,21,0,3.9621578000078443,0.46975420000671875,0.06359779999183957,0.6174543688528114,classifier_pipeline_with_precomputed_embedding,"{""model__C"":0.1}",0.612364584028901,"{""eligible"":false,""obra_threshold"":0.9,""threshold"":null}","{""balance_score"":0.02760141093474426,""calibration_group_counts_by_label"":{""0"":8,""1"":11,""2"":11,""3"":4},""calibration_groups"":34,""calibration_label_counts"":{""0"":40,""1"":55,""2"":55,""3"":18},""calibration_records"":168,""fit_group_counts_by_label"":{""0"":13,""1"":15,""2"":16,""3"":6},""fit_groups"":50,""fit_label_counts"":{""0"":58,""1"":75,""2"":78,""3"":26},""fit_records"":237,""group_overlap"":0}","[{""fit_group_counts_by_label"":{""0"":4,""1"":4,""2"":7,""3"":2},""fit_groups"":17,""fit_records"":85,""fold"":0,""group_overlap"":0,""validation_group_counts_by_label"":{""0"":4,""1"":7,""2"":4,""3"":2},""validation_groups"":17,""validation_records"":83},{""fit_group_counts_by_label"":{""0"":4,""1"":7,""2"":4,""3"":2},""fit_groups"":17,""fit_records"":83,""fold"":1,""group_overlap"":0,""validation_group_counts_by_label"":{""0"":4,""1"":4,""2"":7,""3"":2},""validation_groups"":17,""validation_records"":85}]",0
classification__hybrid__multilingual_e5_small__logistic_regression,classification,hybrid,multilingual_e5_small,logistic_regression,3,403,105,84,21,0,3.9121145000099204,0.3687787999951979,0.061139999990700744,0.5822857141971499,classifier_pipeline_with_precomputed_embedding,"{""model__C"":0.1}",0.58428679769007,"{""automatic_maintenance_as_obra"":0,""automatic_non_obra_as_obra"":0,""coverage"":0.5123456790123457,""covered"":83,""eligible"":true,""errors"":4,""obra_threshold"":0.9,""risk"":0.04819277108433735,""threshold"":0.63}","{""balance_score"":0.02989308580706429,""calibration_group_counts_by_label"":{""0"":10,""1"":9,""2"":10,""3"":5},""calibration_groups"":34,""calibration_label_counts"":{""0"":47,""1"":44,""2"":48,""3"":23},""calibration_records"":162,""fit_group_counts_by_label"":{""0"":15,""1"":14,""2"":14,""3"":7},""fit_groups"":50,""fit_label_counts"":{""0"":71,""1"":70,""2"":70,""3"":30},""fit_records"":241,""group_overlap"":0}","[{""fit_group_counts_by_label"":{""0"":4,""1"":4,""2"":6,""3"":3},""fit_groups"":17,""fit_records"":83,""fold"":0,""group_overlap"":0,""validation_group_counts_by_label"":{""0"":6,""1"":5,""2"":4,""3"":2},""validation_groups"":17,""validation_records"":79},{""fit_group_counts_by_label"":{""0"":6,""1"":5,""2"":4,""3"":2},""fit_groups"":17,""fit_records"":79,""fold"":1,""group_overlap"":0,""validation_group_counts_by_label"":{""0"":4,""1"":4,""2"":6,""3"":3},""validation_groups"":17,""validation_records"":83}]",0
classification__hybrid__multilingual_e5_small__logistic_regression,classification,hybrid,multilingual_e5_small,logistic_regression,4,403,105,84,21,0,3.9596183999965433,0.44933730000047944,0.06446750000759494,0.6139761905485231,classifier_pipeline_with_precomputed_embedding,"{""model__C"":10.0}",0.6854822954531974,"{""automatic_maintenance_as_obra"":0,""automatic_non_obra_as_obra"":0,""coverage"":0.5029940119760479,""covered"":84,""eligible"":true,""errors"":4,""obra_threshold"":0.9,""risk"":0.047619047619047616,""threshold"":0.77}","{""balance_score"":0.023069493766808807,""calibration_group_counts_by_label"":{""0"":8,""1"":11,""2"":11,""3"":4},""calibration_groups"":34,""calibration_label_counts"":{""0"":40,""1"":54,""2"":55,""3"":18},""calibration_records"":167,""fit_group_counts_by_label"":{""0"":13,""1"":15,""2"":16,""3"":6},""fit_groups"":50,""fit_label_counts"":{""0"":58,""1"":75,""2"":78,""3"":25},""fit_records"":236,""group_overlap"":0}","[{""fit_group_counts_by_label"":{""0"":4,""1"":6,""2"":5,""3"":2},""fit_groups"":17,""fit_records"":84,""fold"":0,""group_overlap"":0,""validation_group_counts_by_label"":{""0"":4,""1"":5,""2"":6,""3"":2},""validation_groups"":17,""validation_records"":83},{""fit_group_counts_by_label"":{""0"":4,""1"":5,""2"":6,""3"":2},""fit_groups"":17,""fit_records"":83,""fold"":1,""group_overlap"":0,""validation_group_counts_by_label"":{""0"":4,""1"":6,""2"":5,""3"":2},""validation_groups"":17,""validation_records"":84}]",0
classification__hybrid__multilingual_e5_small__decision_tree,classification,hybrid,multilingual_e5_small,decision_tree,0,406,102,84,21,0,5.415411900001345,0.3766740999999456,0.05987650000315625,0.5870245098348652,classifier_pipeline_with_precomputed_embedding,"{""model__max_depth"":6,""model__min_samples_leaf"":5}",0.48976981383084667,"{""eligible"":false,""obra_threshold"":0.9,""threshold"":null}","{""balance_score"":0.013121361397223433,""calibration_group_counts_by_label"":{""0"":9,""1"":11,""2"":10,""3"":4},""calibration_groups"":34,""calibration_label_counts"":{""0"":41,""1"":55,""2"":50,""3"":19},""calibration_records"":165,""fit_group_counts_by_label"":{""0"":12,""1"":16,""2"":15,""3"":7},""fit_groups"":50,""fit_label_counts"":{""0"":60,""1"":79,""2"":73,""3"":29},""fit_records"":241,""group_overlap"":0}","[{""fit_group_counts_by_label"":{""0"":5,""1"":5,""2"":5,""3"":2},""fit_groups"":17,""fit_records"":80,""fold"":0,""group_overlap"":0,""validation_group_counts_by_label"":{""0"":4,""1"":6,""2"":5,""3"":2},""validation_groups"":17,""validation_records"":85},{""fit_group_counts_by_label"":{""0"":4,""1"":6,""2"":5,""3"":2},""fit_groups"":17,""fit_records"":85,""fold"":1,""group_overlap"":0,""validation_group_counts_by_label"":{""0"":5,""1"":5,""2"":5,""3"":2},""validation_groups"":17,""validation_records"":80}]",0
classification__hybrid__multilingual_e5_small__decision_tree,classification,hybrid,multilingual_e5_small,decision_tree,1,415,93,84,21,0,7.42476280000119,0.44277409999631345,0.057563399997889064,0.6189612902998824,classifier_pipeline_with_precomputed_embedding,"{""model__max_depth"":6,""model__min_samples_leaf"":5}",0.491833412404486,"{""eligible"":false,""obra_threshold"":0.9,""threshold"":null}","{""balance_score"":0.030156991602774727,""calibration_group_counts_by_label"":{""0"":10,""1"":10,""2"":10,""3"":4},""calibration_groups"":34,""calibration_label_counts"":{""0"":47,""1"":49,""2"":50,""3"":19},""calibration_records"":165,""fit_group_counts_by_label"":{""0"":14,""1"":16,""2"":15,""3"":5},""fit_groups"":50,""fit_label_counts"":{""0"":70,""1"":80,""2"":75,""3"":25},""fit_records"":250,""group_overlap"":0}","[{""fit_group_counts_by_label"":{""0"":3,""1"":5,""2"":7,""3"":2},""fit_groups"":17,""fit_records"":84,""fold"":0,""group_overlap"":0,""validation_group_counts_by_label"":{""0"":7,""1"":5,""2"":3,""3"":2},""validation_groups"":17,""validation_records"":81},{""fit_group_counts_by_label"":{""0"":7,""1"":5,""2"":3,""3"":2},""fit_groups"":17,""fit_records"":81,""fold"":1,""group_overlap"":0,""validation_group_counts_by_label"":{""0"":3,""1"":5,""2"":7,""3"":2},""validation_groups"":17,""validation_records"":84}]",0
classification__hybrid__multilingual_e5_small__decision_tree,classification,hybrid,multilingual_e5_small,decision_tree,2,405,103,84,21,0,4.915934100004961,0.4398439999931725,0.06271250000281725,0.6088592233283229,classifier_pipeline_with_precomputed_embedding,"{""model__max_depth"":3,""model__min_samples_leaf"":2}",0.5690397506547662,"{""eligible"":false,""obra_threshold"":0.9,""threshold"":null}","{""balance_score"":0.02760141093474426,""calibration_group_counts_by_label"":{""0"":8,""1"":11,""2"":11,""3"":4},""calibration_groups"":34,""calibration_label_counts"":{""0"":40,""1"":55,""2"":55,""3"":18},""calibration_records"":168,""fit_group_counts_by_label"":{""0"":13,""1"":15,""2"":16,""3"":6},""fit_groups"":50,""fit_label_counts"":{""0"":58,""1"":75,""2"":78,""3"":26},""fit_records"":237,""group_overlap"":0}","[{""fit_group_counts_by_label"":{""0"":4,""1"":4,""2"":7,""3"":2},""fit_groups"":17,""fit_records"":85,""fold"":0,""group_overlap"":0,""validation_group_counts_by_label"":{""0"":4,""1"":7,""2"":4,""3"":2},""validation_groups"":17,""validation_records"":83},{""fit_group_counts_by_label"":{""0"":4,""1"":7,""2"":4,""3"":2},""fit_groups"":17,""fit_records"":83,""fold"":1,""group_overlap"":0,""validation_group_counts_by_label"":{""0"":4,""1"":4,""2"":7,""3"":2},""validation_groups"":17,""validation_records"":85}]",0
classification__hybrid__multilingual_e5_small__decision_tree,classification,hybrid,multilingual_e5_small,decision_tree,3,403,105,84,21,0,6.4303083999984665,0.35975289999623783,0.06001489999471232,0.5715704761401174,classifier_pipeline_with_precomputed_embedding,"{""model__max_depth"":3,""model__min_samples_leaf"":5}",0.38347311938617024,"{""eligible"":false,""obra_threshold"":0.9,""threshold"":null}","{""balance_score"":0.02989308580706429,""calibration_group_counts_by_label"":{""0"":10,""1"":9,""2"":10,""3"":5},""calibration_groups"":34,""calibration_label_counts"":{""0"":47,""1"":44,""2"":48,""3"":23},""calibration_records"":162,""fit_group_counts_by_label"":{""0"":15,""1"":14,""2"":14,""3"":7},""fit_groups"":50,""fit_label_counts"":{""0"":71,""1"":70,""2"":70,""3"":30},""fit_records"":241,""group_overlap"":0}","[{""fit_group_counts_by_label"":{""0"":4,""1"":4,""2"":6,""3"":3},""fit_groups"":17,""fit_records"":83,""fold"":0,""group_overlap"":0,""validation_group_counts_by_label"":{""0"":6,""1"":5,""2"":4,""3"":2},""validation_groups"":17,""validation_records"":79},{""fit_group_counts_by_label"":{""0"":6,""1"":5,""2"":4,""3"":2},""fit_groups"":17,""fit_records"":79,""fold"":1,""group_overlap"":0,""validation_group_counts_by_label"":{""0"":4,""1"":4,""2"":6,""3"":3},""validation_groups"":17,""validation_records"":83}]",0
classification__hybrid__multilingual_e5_small__decision_tree,classification,hybrid,multilingual_e5_small,decision_tree,4,403,105,84,21,0,5.073186099994928,0.3690628000040306,0.061482200006139465,0.585544761963233,classifier_pipeline_with_precomputed_embedding,"{""model__max_depth"":3,""model__min_samples_leaf"":5}",0.4329483760024588,"{""eligible"":false,""obra_threshold"":0.9,""threshold"":null}","{""balance_score"":0.023069493766808807,""calibration_group_counts_by_label"":{""0"":8,""1"":11,""2"":11,""3"":4},""calibration_groups"":34,""calibration_label_counts"":{""0"":40,""1"":54,""2"":55,""3"":18},""calibration_records"":167,""fit_group_counts_by_label"":{""0"":13,""1"":15,""2"":16,""3"":6},""fit_groups"":50,""fit_label_counts"":{""0"":58,""1"":75,""2"":78,""3"":25},""fit_records"":236,""group_overlap"":0}","[{""fit_group_counts_by_label"":{""0"":4,""1"":6,""2"":5,""3"":2},""fit_groups"":17,""fit_records"":84,""fold"":0,""group_overlap"":0,""validation_group_counts_by_label"":{""0"":4,""1"":5,""2"":6,""3"":2},""validation_groups"":17,""validation_records"":83},{""fit_group_counts_by_label"":{""0"":4,""1"":5,""2"":6,""3"":2},""fit_groups"":17,""fit_records"":83,""fold"":1,""group_overlap"":0,""validation_group_counts_by_label"":{""0"":4,""1"":6,""2"":5,""3"":2},""validation_groups"":17,""validation_records"":84}]",0
classification__hybrid__multilingual_e5_small__linear_svm,classification,hybrid,multilingual_e5_small,linear_svm,0,406,102,84,21,0,4.065210000000661,0.4269923999963794,0.05944009999802802,0.5827460784120394,classifier_pipeline_with_precomputed_embedding,"{""model__C"":10.0}",0.6748739202082469,"{""automatic_maintenance_as_obra"":0,""automatic_non_obra_as_obra"":0,""coverage"":0.5575757575757576,""covered"":92,""eligible"":true,""errors"":1,""obra_threshold"":0.9,""risk"":0.010869565217391304,""threshold"":0.67}","{""balance_score"":0.013121361397223433,""calibration_group_counts_by_label"":{""0"":9,""1"":11,""2"":10,""3"":4},""calibration_groups"":34,""calibration_label_counts"":{""0"":41,""1"":55,""2"":50,""3"":19},""calibration_records"":165,""fit_group_counts_by_label"":{""0"":12,""1"":16,""2"":15,""3"":7},""fit_groups"":50,""fit_label_counts"":{""0"":60,""1"":79,""2"":73,""3"":29},""fit_records"":241,""group_overlap"":0}","[{""fit_group_counts_by_label"":{""0"":5,""1"":5,""2"":5,""3"":2},""fit_groups"":17,""fit_records"":80,""fold"":0,""group_overlap"":0,""validation_group_counts_by_label"":{""0"":4,""1"":6,""2"":5,""3"":2},""validation_groups"":17,""validation_records"":85},{""fit_group_counts_by_label"":{""0"":4,""1"":6,""2"":5,""3"":2},""fit_groups"":17,""fit_records"":85,""fold"":1,""group_overlap"":0,""validation_group_counts_by_label"":{""0"":5,""1"":5,""2"":5,""3"":2},""validation_groups"":17,""validation_records"":80}]",0
classification__hybrid__multilingual_e5_small__linear_svm,classification,hybrid,multilingual_e5_small,linear_svm,1,415,93,84,21,0,4.127911099989433,0.35993130000133533,0.05718679999699816,0.6149118279247114,classifier_pipeline_with_precomputed_embedding,"{""model__C"":10.0}",0.6549036678877497,"{""eligible"":false,""obra_threshold"":0.9,""threshold"":null}","{""balance_score"":0.030156991602774727,""calibration_group_counts_by_label"":{""0"":10,""1"":10,""2"":10,""3"":4},""calibration_groups"":34,""calibration_label_counts"":{""0"":47,""1"":49,""2"":50,""3"":19},""calibration_records"":165,""fit_group_counts_by_label"":{""0"":14,""1"":16,""2"":15,""3"":5},""fit_groups"":50,""fit_label_counts"":{""0"":70,""1"":80,""2"":75,""3"":25},""fit_records"":250,""group_overlap"":0}","[{""fit_group_counts_by_label"":{""0"":3,""1"":5,""2"":7,""3"":2},""fit_groups"":17,""fit_records"":84,""fold"":0,""group_overlap"":0,""validation_group_counts_by_label"":{""0"":7,""1"":5,""2"":3,""3"":2},""validation_groups"":17,""validation_records"":81},{""fit_group_counts_by_label"":{""0"":7,""1"":5,""2"":3,""3"":2},""fit_groups"":17,""fit_records"":81,""fold"":1,""group_overlap"":0,""validation_group_counts_by_label"":{""0"":3,""1"":5,""2"":7,""3"":2},""validation_groups"":17,""validation_records"":84}]",0
classification__hybrid__multilingual_e5_small__linear_svm,classification,hybrid,multilingual_e5_small,linear_svm,2,405,103,84,21,0,3.815771500012488,0.44247059999906924,0.06132159999106079,0.5953553397190369,classifier_pipeline_with_precomputed_embedding,"{""model__C"":0.1}",0.6122689399595095,"{""eligible"":false,""obra_threshold"":0.9,""threshold"":null}","{""balance_score"":0.02760141093474426,""calibration_group_counts_by_label"":{""0"":8,""1"":11,""2"":11,""3"":4},""calibration_groups"":34,""calibration_label_counts"":{""0"":40,""1"":55,""2"":55,""3"":18},""calibration_records"":168,""fit_group_counts_by_label"":{""0"":13,""1"":15,""2"":16,""3"":6},""fit_groups"":50,""fit_label_counts"":{""0"":58,""1"":75,""2"":78,""3"":26},""fit_records"":237,""group_overlap"":0}","[{""fit_group_counts_by_label"":{""0"":4,""1"":4,""2"":7,""3"":2},""fit_groups"":17,""fit_records"":85,""fold"":0,""group_overlap"":0,""validation_group_counts_by_label"":{""0"":4,""1"":7,""2"":4,""3"":2},""validation_groups"":17,""validation_records"":83},{""fit_group_counts_by_label"":{""0"":4,""1"":7,""2"":4,""3"":2},""fit_groups"":17,""fit_records"":83,""fold"":1,""group_overlap"":0,""validation_group_counts_by_label"":{""0"":4,""1"":4,""2"":7,""3"":2},""validation_groups"":17,""validation_records"":85}]",0
classification__hybrid__multilingual_e5_small__linear_svm,classification,hybrid,multilingual_e5_small,linear_svm,3,403,105,84,21,0,4.072200499998871,0.4036733999964781,0.059803399999509566,0.5695561904715196,classifier_pipeline_with_precomputed_embedding,"{""model__C"":1.0}",0.5280131177229112,"{""automatic_maintenance_as_obra"":0,""automatic_non_obra_as_obra"":0,""coverage"":0.5185185185185185,""covered"":84,""eligible"":true,""errors"":1,""obra_threshold"":0.9,""risk"":0.011904761904761904,""threshold"":0.71}","{""balance_score"":0.02989308580706429,""calibration_group_counts_by_label"":{""0"":10,""1"":9,""2"":10,""3"":5},""calibration_groups"":34,""calibration_label_counts"":{""0"":47,""1"":44,""2"":48,""3"":23},""calibration_records"":162,""fit_group_counts_by_label"":{""0"":15,""1"":14,""2"":14,""3"":7},""fit_groups"":50,""fit_label_counts"":{""0"":71,""1"":70,""2"":70,""3"":30},""fit_records"":241,""group_overlap"":0}","[{""fit_group_counts_by_label"":{""0"":4,""1"":4,""2"":6,""3"":3},""fit_groups"":17,""fit_records"":83,""fold"":0,""group_overlap"":0,""validation_group_counts_by_label"":{""0"":6,""1"":5,""2"":4,""3"":2},""validation_groups"":17,""validation_records"":79},{""fit_group_counts_by_label"":{""0"":6,""1"":5,""2"":4,""3"":2},""fit_groups"":17,""fit_records"":79,""fold"":1,""group_overlap"":0,""validation_group_counts_by_label"":{""0"":4,""1"":4,""2"":6,""3"":3},""validation_groups"":17,""validation_records"":83}]",0
classification__hybrid__multilingual_e5_small__linear_svm,classification,hybrid,multilingual_e5_small,linear_svm,4,403,105,84,21,0,3.8376910999941174,0.38055590000294615,0.06735219999973197,0.6414495238069711,classifier_pipeline_with_precomputed_embedding,"{""model__C"":0.1}",0.6657755732250268,"{""automatic_maintenance_as_obra"":0,""automatic_non_obra_as_obra"":0,""coverage"":0.5209580838323353,""covered"":87,""eligible"":true,""errors"":2,""obra_threshold"":0.9,""risk"":0.022988505747126436,""threshold"":0.78}","{""balance_score"":0.023069493766808807,""calibration_group_counts_by_label"":{""0"":8,""1"":11,""2"":11,""3"":4},""calibration_groups"":34,""calibration_label_counts"":{""0"":40,""1"":54,""2"":55,""3"":18},""calibration_records"":167,""fit_group_counts_by_label"":{""0"":13,""1"":15,""2"":16,""3"":6},""fit_groups"":50,""fit_label_counts"":{""0"":58,""1"":75,""2"":78,""3"":25},""fit_records"":236,""group_overlap"":0}","[{""fit_group_counts_by_label"":{""0"":4,""1"":6,""2"":5,""3"":2},""fit_groups"":17,""fit_records"":84,""fold"":0,""group_overlap"":0,""validation_group_counts_by_label"":{""0"":4,""1"":5,""2"":6,""3"":2},""validation_groups"":17,""validation_records"":83},{""fit_group_counts_by_label"":{""0"":4,""1"":5,""2"":6,""3"":2},""fit_groups"":17,""fit_records"":83,""fold"":1,""group_overlap"":0,""validation_group_counts_by_label"":{""0"":4,""1"":6,""2"":5,""3"":2},""validation_groups"":17,""validation_records"":84}]",0
classification__hybrid__multilingual_e5_small__mlp,classification,hybrid,multilingual_e5_small,mlp,0,406,102,84,21,0,48.05910199999926,0.3940166000102181,0.06376359998830594,0.6251333332186857,classifier_pipeline_with_precomputed_embedding,"{""model__alpha"":0.001,""model__hidden_layer_sizes"":[16]}",0.6700079348053473,"{""automatic_maintenance_as_obra"":0,""automatic_non_obra_as_obra"":0,""coverage"":0.5454545454545454,""covered"":90,""eligible"":true,""errors"":2,""obra_threshold"":0.9,""risk"":0.022222222222222223,""threshold"":0.82}","{""balance_score"":0.013121361397223433,""calibration_group_counts_by_label"":{""0"":9,""1"":11,""2"":10,""3"":4},""calibration_groups"":34,""calibration_label_counts"":{""0"":41,""1"":55,""2"":50,""3"":19},""calibration_records"":165,""fit_group_counts_by_label"":{""0"":12,""1"":16,""2"":15,""3"":7},""fit_groups"":50,""fit_label_counts"":{""0"":60,""1"":79,""2"":73,""3"":29},""fit_records"":241,""group_overlap"":0}","[{""fit_group_counts_by_label"":{""0"":5,""1"":5,""2"":5,""3"":2},""fit_groups"":17,""fit_records"":80,""fold"":0,""group_overlap"":0,""validation_group_counts_by_label"":{""0"":4,""1"":6,""2"":5,""3"":2},""validation_groups"":17,""validation_records"":85},{""fit_group_counts_by_label"":{""0"":4,""1"":6,""2"":5,""3"":2},""fit_groups"":17,""fit_records"":85,""fold"":1,""group_overlap"":0,""validation_group_counts_by_label"":{""0"":5,""1"":5,""2"":5,""3"":2},""validation_groups"":17,""validation_records"":80}]",0
classification__hybrid__multilingual_e5_small__mlp,classification,hybrid,multilingual_e5_small,mlp,1,415,93,84,21,0,62.961911899998086,0.3591946999949869,0.057525599986547604,0.618554838565028,classifier_pipeline_with_precomputed_embedding,"{""model__alpha"":0.001,""model__hidden_layer_sizes"":[32]}",0.6689594380565761,"{""automatic_maintenance_as_obra"":0,""automatic_non_obra_as_obra"":0,""coverage"":0.5393939393939394,""covered"":89,""eligible"":true,""errors"":2,""obra_threshold"":0.9,""risk"":0.02247191011235955,""threshold"":0.75}","{""balance_score"":0.030156991602774727,""calibration_group_counts_by_label"":{""0"":10,""1"":10,""2"":10,""3"":4},""calibration_groups"":34,""calibration_label_counts"":{""0"":47,""1"":49,""2"":50,""3"":19},""calibration_records"":165,""fit_group_counts_by_label"":{""0"":14,""1"":16,""2"":15,""3"":5},""fit_groups"":50,""fit_label_counts"":{""0"":70,""1"":80,""2"":75,""3"":25},""fit_records"":250,""group_overlap"":0}","[{""fit_group_counts_by_label"":{""0"":3,""1"":5,""2"":7,""3"":2},""fit_groups"":17,""fit_records"":84,""fold"":0,""group_overlap"":0,""validation_group_counts_by_label"":{""0"":7,""1"":5,""2"":3,""3"":2},""validation_groups"":17,""validation_records"":81},{""fit_group_counts_by_label"":{""0"":7,""1"":5,""2"":3,""3"":2},""fit_groups"":17,""fit_records"":81,""fold"":1,""group_overlap"":0,""validation_group_counts_by_label"":{""0"":3,""1"":5,""2"":7,""3"":2},""validation_groups"":17,""validation_records"":84}]",0
classification__hybrid__multilingual_e5_small__mlp,classification,hybrid,multilingual_e5_small,mlp,2,405,103,84,21,0,45.903575300006196,0.5094181000022218,0.07501620000402909,0.7283126213983406,classifier_pipeline_with_precomputed_embedding,"{""model__alpha"":0.001,""model__hidden_layer_sizes"":[16]}",0.5769562370593485,"{""eligible"":false,""obra_threshold"":0.9,""threshold"":null}","{""balance_score"":0.02760141093474426,""calibration_group_counts_by_label"":{""0"":8,""1"":11,""2"":11,""3"":4},""calibration_groups"":34,""calibration_label_counts"":{""0"":40,""1"":55,""2"":55,""3"":18},""calibration_records"":168,""fit_group_counts_by_label"":{""0"":13,""1"":15,""2"":16,""3"":6},""fit_groups"":50,""fit_label_counts"":{""0"":58,""1"":75,""2"":78,""3"":26},""fit_records"":237,""group_overlap"":0}","[{""fit_group_counts_by_label"":{""0"":4,""1"":4,""2"":7,""3"":2},""fit_groups"":17,""fit_records"":85,""fold"":0,""group_overlap"":0,""validation_group_counts_by_label"":{""0"":4,""1"":7,""2"":4,""3"":2},""validation_groups"":17,""validation_records"":83},{""fit_group_counts_by_label"":{""0"":4,""1"":7,""2"":4,""3"":2},""fit_groups"":17,""fit_records"":83,""fold"":1,""group_overlap"":0,""validation_group_counts_by_label"":{""0"":4,""1"":4,""2"":7,""3"":2},""validation_groups"":17,""validation_records"":85}]",0
classification__hybrid__multilingual_e5_small__mlp,classification,hybrid,multilingual_e5_small,mlp,3,403,105,84,21,0,50.61875310000323,0.3780518999992637,0.08556510000198614,0.8149057143046299,classifier_pipeline_with_precomputed_embedding,"{""model__alpha"":0.001,""model__hidden_layer_sizes"":[32]}",0.5286290878755096,"{""automatic_maintenance_as_obra"":0,""automatic_non_obra_as_obra"":0,""coverage"":0.5185185185185185,""covered"":84,""eligible"":true,""errors"":0,""obra_threshold"":0.9,""risk"":0.0,""threshold"":0.87}","{""balance_score"":0.02989308580706429,""calibration_group_counts_by_label"":{""0"":10,""1"":9,""2"":10,""3"":5},""calibration_groups"":34,""calibration_label_counts"":{""0"":47,""1"":44,""2"":48,""3"":23},""calibration_records"":162,""fit_group_counts_by_label"":{""0"":15,""1"":14,""2"":14,""3"":7},""fit_groups"":50,""fit_label_counts"":{""0"":71,""1"":70,""2"":70,""3"":30},""fit_records"":241,""group_overlap"":0}","[{""fit_group_counts_by_label"":{""0"":4,""1"":4,""2"":6,""3"":3},""fit_groups"":17,""fit_records"":83,""fold"":0,""group_overlap"":0,""validation_group_counts_by_label"":{""0"":6,""1"":5,""2"":4,""3"":2},""validation_groups"":17,""validation_records"":79},{""fit_group_counts_by_label"":{""0"":6,""1"":5,""2"":4,""3"":2},""fit_groups"":17,""fit_records"":79,""fold"":1,""group_overlap"":0,""validation_group_counts_by_label"":{""0"":4,""1"":4,""2"":6,""3"":3},""validation_groups"":17,""validation_records"":83}]",0
classification__hybrid__multilingual_e5_small__mlp,classification,hybrid,multilingual_e5_small,mlp,4,403,105,84,21,0,44.9317422999884,0.3793959999893559,0.061992500006454065,0.5904047619662292,classifier_pipeline_with_precomputed_embedding,"{""model__alpha"":0.001,""model__hidden_layer_sizes"":[16]}",0.6245366095156011,"{""automatic_maintenance_as_obra"":0,""automatic_non_obra_as_obra"":0,""coverage"":0.5748502994011976,""covered"":96,""eligible"":true,""errors"":1,""obra_threshold"":0.9,""risk"":0.010416666666666666,""threshold"":0.83}","{""balance_score"":0.023069493766808807,""calibration_group_counts_by_label"":{""0"":8,""1"":11,""2"":11,""3"":4},""calibration_groups"":34,""calibration_label_counts"":{""0"":40,""1"":54,""2"":55,""3"":18},""calibration_records"":167,""fit_group_counts_by_label"":{""0"":13,""1"":15,""2"":16,""3"":6},""fit_groups"":50,""fit_label_counts"":{""0"":58,""1"":75,""2"":78,""3"":25},""fit_records"":236,""group_overlap"":0}","[{""fit_group_counts_by_label"":{""0"":4,""1"":6,""2"":5,""3"":2},""fit_groups"":17,""fit_records"":84,""fold"":0,""group_overlap"":0,""validation_group_counts_by_label"":{""0"":4,""1"":5,""2"":6,""3"":2},""validation_groups"":17,""validation_records"":83},{""fit_group_counts_by_label"":{""0"":4,""1"":5,""2"":6,""3"":2},""fit_groups"":17,""fit_records"":83,""fold"":1,""group_overlap"":0,""validation_group_counts_by_label"":{""0"":4,""1"":6,""2"":5,""3"":2},""validation_groups"":17,""validation_records"":84}]",0
classification__hybrid__multilingual_e5_small__xgboost,classification,hybrid,multilingual_e5_small,xgboost,0,406,102,84,21,0,85.25119260000065,0.5872149000060745,0.06766960000095423,0.6634274509897474,classifier_pipeline_with_precomputed_embedding,"{""model__learning_rate"":0.05,""model__max_depth"":2,""model__n_estimators"":160}",0.5920169288922521,"{""eligible"":false,""obra_threshold"":0.9,""threshold"":null}","{""balance_score"":0.013121361397223433,""calibration_group_counts_by_label"":{""0"":9,""1"":11,""2"":10,""3"":4},""calibration_groups"":34,""calibration_label_counts"":{""0"":41,""1"":55,""2"":50,""3"":19},""calibration_records"":165,""fit_group_counts_by_label"":{""0"":12,""1"":16,""2"":15,""3"":7},""fit_groups"":50,""fit_label_counts"":{""0"":60,""1"":79,""2"":73,""3"":29},""fit_records"":241,""group_overlap"":0}","[{""fit_group_counts_by_label"":{""0"":5,""1"":5,""2"":5,""3"":2},""fit_groups"":17,""fit_records"":80,""fold"":0,""group_overlap"":0,""validation_group_counts_by_label"":{""0"":4,""1"":6,""2"":5,""3"":2},""validation_groups"":17,""validation_records"":85},{""fit_group_counts_by_label"":{""0"":4,""1"":6,""2"":5,""3"":2},""fit_groups"":17,""fit_records"":85,""fold"":1,""group_overlap"":0,""validation_group_counts_by_label"":{""0"":5,""1"":5,""2"":5,""3"":2},""validation_groups"":17,""validation_records"":80}]",0
classification__hybrid__multilingual_e5_small__xgboost,classification,hybrid,multilingual_e5_small,xgboost,1,415,93,84,21,0,87.99384460000147,0.4819203999941237,0.06577960000140592,0.7073075268968378,classifier_pipeline_with_precomputed_embedding,"{""model__learning_rate"":0.05,""model__max_depth"":2,""model__n_estimators"":160}",0.48535324027314936,"{""eligible"":false,""obra_threshold"":0.9,""threshold"":null}","{""balance_score"":0.030156991602774727,""calibration_group_counts_by_label"":{""0"":10,""1"":10,""2"":10,""3"":4},""calibration_groups"":34,""calibration_label_counts"":{""0"":47,""1"":49,""2"":50,""3"":19},""calibration_records"":165,""fit_group_counts_by_label"":{""0"":14,""1"":16,""2"":15,""3"":5},""fit_groups"":50,""fit_label_counts"":{""0"":70,""1"":80,""2"":75,""3"":25},""fit_records"":250,""group_overlap"":0}","[{""fit_group_counts_by_label"":{""0"":3,""1"":5,""2"":7,""3"":2},""fit_groups"":17,""fit_records"":84,""fold"":0,""group_overlap"":0,""validation_group_counts_by_label"":{""0"":7,""1"":5,""2"":3,""3"":2},""validation_groups"":17,""validation_records"":81},{""fit_group_counts_by_label"":{""0"":7,""1"":5,""2"":3,""3"":2},""fit_groups"":17,""fit_records"":81,""fold"":1,""group_overlap"":0,""validation_group_counts_by_label"":{""0"":3,""1"":5,""2"":7,""3"":2},""validation_groups"":17,""validation_records"":84}]",0
classification__hybrid__multilingual_e5_small__xgboost,classification,hybrid,multilingual_e5_small,xgboost,2,405,103,84,21,0,101.43044609999924,0.6286913999938406,0.07241239999711979,0.7030330096807746,classifier_pipeline_with_precomputed_embedding,"{""model__learning_rate"":0.05,""model__max_depth"":4,""model__n_estimators"":160}",0.6239164468003388,"{""eligible"":false,""obra_threshold"":0.9,""threshold"":null}","{""balance_score"":0.02760141093474426,""calibration_group_counts_by_label"":{""0"":8,""1"":11,""2"":11,""3"":4},""calibration_groups"":34,""calibration_label_counts"":{""0"":40,""1"":55,""2"":55,""3"":18},""calibration_records"":168,""fit_group_counts_by_label"":{""0"":13,""1"":15,""2"":16,""3"":6},""fit_groups"":50,""fit_label_counts"":{""0"":58,""1"":75,""2"":78,""3"":26},""fit_records"":237,""group_overlap"":0}","[{""fit_group_counts_by_label"":{""0"":4,""1"":4,""2"":7,""3"":2},""fit_groups"":17,""fit_records"":85,""fold"":0,""group_overlap"":0,""validation_group_counts_by_label"":{""0"":4,""1"":7,""2"":4,""3"":2},""validation_groups"":17,""validation_records"":83},{""fit_group_counts_by_label"":{""0"":4,""1"":7,""2"":4,""3"":2},""fit_groups"":17,""fit_records"":83,""fold"":1,""group_overlap"":0,""validation_group_counts_by_label"":{""0"":4,""1"":4,""2"":7,""3"":2},""validation_groups"":17,""validation_records"":85}]",0
classification__hybrid__multilingual_e5_small__xgboost,classification,hybrid,multilingual_e5_small,xgboost,3,403,105,84,21,0,108.21913270000368,0.5580081999942195,0.06722900000750087,0.6402761905476273,classifier_pipeline_with_precomputed_embedding,"{""model__learning_rate"":0.05,""model__max_depth"":4,""model__n_estimators"":160}",0.5004135384291538,"{""eligible"":false,""obra_threshold"":0.9,""threshold"":null}","{""balance_score"":0.02989308580706429,""calibration_group_counts_by_label"":{""0"":10,""1"":9,""2"":10,""3"":5},""calibration_groups"":34,""calibration_label_counts"":{""0"":47,""1"":44,""2"":48,""3"":23},""calibration_records"":162,""fit_group_counts_by_label"":{""0"":15,""1"":14,""2"":14,""3"":7},""fit_groups"":50,""fit_label_counts"":{""0"":71,""1"":70,""2"":70,""3"":30},""fit_records"":241,""group_overlap"":0}","[{""fit_group_counts_by_label"":{""0"":4,""1"":4,""2"":6,""3"":3},""fit_groups"":17,""fit_records"":83,""fold"":0,""group_overlap"":0,""validation_group_counts_by_label"":{""0"":6,""1"":5,""2"":4,""3"":2},""validation_groups"":17,""validation_records"":79},{""fit_group_counts_by_label"":{""0"":6,""1"":5,""2"":4,""3"":2},""fit_groups"":17,""fit_records"":79,""fold"":1,""group_overlap"":0,""validation_group_counts_by_label"":{""0"":4,""1"":4,""2"":6,""3"":3},""validation_groups"":17,""validation_records"":83}]",0
classification__hybrid__multilingual_e5_small__xgboost,classification,hybrid,multilingual_e5_small,xgboost,4,403,105,84,21,0,90.2315421999956,0.5812045999919064,0.07863479999650735,0.7489028571095938,classifier_pipeline_with_precomputed_embedding,"{""model__learning_rate"":0.05,""model__max_depth"":4,""model__n_estimators"":160}",0.5067802744752808,"{""eligible"":false,""obra_threshold"":0.9,""threshold"":null}","{""balance_score"":0.023069493766808807,""calibration_group_counts_by_label"":{""0"":8,""1"":11,""2"":11,""3"":4},""calibration_groups"":34,""calibration_label_counts"":{""0"":40,""1"":54,""2"":55,""3"":18},""calibration_records"":167,""fit_group_counts_by_label"":{""0"":13,""1"":15,""2"":16,""3"":6},""fit_groups"":50,""fit_label_counts"":{""0"":58,""1"":75,""2"":78,""3"":25},""fit_records"":236,""group_overlap"":0}","[{""fit_group_counts_by_label"":{""0"":4,""1"":6,""2"":5,""3"":2},""fit_groups"":17,""fit_records"":84,""fold"":0,""group_overlap"":0,""validation_group_counts_by_label"":{""0"":4,""1"":5,""2"":6,""3"":2},""validation_groups"":17,""validation_records"":83},{""fit_group_counts_by_label"":{""0"":4,""1"":5,""2"":6,""3"":2},""fit_groups"":17,""fit_records"":83,""fold"":1,""group_overlap"":0,""validation_group_counts_by_label"":{""0"":4,""1"":6,""2"":5,""3"":2},""validation_groups"":17,""validation_records"":84}]",0
deduplication__hybrid__multilingual_e5_small__logistic_regression,deduplication,hybrid,multilingual_e5_small,logistic_regression,0,480,120,96,24,0,7.430283800000325,0.7314893000002485,0.20976559999689925,1.7480466666408272,classifier_pipeline_with_precomputed_embedding,"{""model__C"":0.1}",0.0,"{""curve_points"":2450,""eligible"":true,""negative_threshold"":0.06,""positive_threshold"":0.94,""selected"":{""abstained"":0,""automated_false_negative_rate"":0.0,""automated_false_positive_rate"":0.0,""automation_duplicate_recall"":1.0,""automation_nonduplicate_recall"":1.0,""coverage"":1.0,""covered"":195,""covered_error_rate"":0.0,""false_negative_cost"":5.0,""false_positive_cost"":1.0,""fn"":0,""fp"":0,""negative_predictive_value"":1.0,""negative_threshold"":0.06,""negatives"":95,""positive_threshold"":0.94,""positives"":100,""precision"":1.0,""threshold"":0.94,""tn"":95,""tp"":100,""weighted_covered_error"":0.0}}","{""balance_score"":0.011057692307692268,""calibration_group_counts_by_label"":{""0"":19,""1"":20},""calibration_groups"":39,""calibration_label_counts"":{""0"":95,""1"":100},""calibration_records"":195,""fit_group_counts_by_label"":{""0"":28,""1"":29},""fit_groups"":57,""fit_label_counts"":{""0"":140,""1"":145},""fit_records"":285,""group_overlap"":0}","[{""fit_group_counts_by_label"":{""0"":11,""1"":8},""fit_groups"":19,""fit_records"":95,""fold"":0,""group_overlap"":0,""validation_group_counts_by_label"":{""0"":8,""1"":12},""validation_groups"":20,""validation_records"":100},{""fit_group_counts_by_label"":{""0"":8,""1"":12},""fit_groups"":20,""fit_records"":100,""fold"":1,""group_overlap"":0,""validation_group_counts_by_label"":{""0"":11,""1"":8},""validation_groups"":19,""validation_records"":95}]",0
deduplication__hybrid__multilingual_e5_small__logistic_regression,deduplication,hybrid,multilingual_e5_small,logistic_regression,1,480,120,96,24,0,7.694249199994374,0.7387256999936653,0.13380760001018643,1.1150633334182203,classifier_pipeline_with_precomputed_embedding,"{""model__C"":0.1}",0.0,"{""curve_points"":2450,""eligible"":true,""negative_threshold"":0.07,""positive_threshold"":0.93,""selected"":{""abstained"":0,""automated_false_negative_rate"":0.0,""automated_false_positive_rate"":0.0,""automation_duplicate_recall"":1.0,""automation_nonduplicate_recall"":1.0,""coverage"":1.0,""covered"":195,""covered_error_rate"":0.0,""false_negative_cost"":5.0,""false_positive_cost"":1.0,""fn"":0,""fp"":0,""negative_predictive_value"":1.0,""negative_threshold"":0.07,""negatives"":95,""positive_threshold"":0.93,""positives"":100,""precision"":1.0,""threshold"":0.93,""tn"":95,""tp"":100,""weighted_covered_error"":0.0}}","{""balance_score"":0.011057692307692268,""calibration_group_counts_by_label"":{""0"":19,""1"":20},""calibration_groups"":39,""calibration_label_counts"":{""0"":95,""1"":100},""calibration_records"":195,""fit_group_counts_by_label"":{""0"":28,""1"":29},""fit_groups"":57,""fit_label_counts"":{""0"":140,""1"":145},""fit_records"":285,""group_overlap"":0}","[{""fit_group_counts_by_label"":{""0"":11,""1"":8},""fit_groups"":19,""fit_records"":95,""fold"":0,""group_overlap"":0,""validation_group_counts_by_label"":{""0"":8,""1"":12},""validation_groups"":20,""validation_records"":100},{""fit_group_counts_by_label"":{""0"":8,""1"":12},""fit_groups"":20,""fit_records"":100,""fold"":1,""group_overlap"":0,""validation_group_counts_by_label"":{""0"":11,""1"":8},""validation_groups"":19,""validation_records"":95}]",0
deduplication__hybrid__multilingual_e5_small__logistic_regression,deduplication,hybrid,multilingual_e5_small,logistic_regression,2,480,120,96,24,0,7.568536300008418,0.7587342999904649,0.14635499998985324,1.2196249999154436,classifier_pipeline_with_precomputed_embedding,"{""model__C"":0.1}",0.0,"{""curve_points"":2450,""eligible"":true,""negative_threshold"":0.12,""positive_threshold"":0.94,""selected"":{""abstained"":0,""automated_false_negative_rate"":0.0,""automated_false_positive_rate"":0.0,""automation_duplicate_recall"":1.0,""automation_nonduplicate_recall"":1.0,""coverage"":1.0,""covered"":195,""covered_error_rate"":0.0,""false_negative_cost"":5.0,""false_positive_cost"":1.0,""fn"":0,""fp"":0,""negative_predictive_value"":1.0,""negative_threshold"":0.12,""negatives"":95,""positive_threshold"":0.94,""positives"":100,""precision"":1.0,""threshold"":0.94,""tn"":95,""tp"":100,""weighted_covered_error"":0.0}}","{""balance_score"":0.011057692307692268,""calibration_group_counts_by_label"":{""0"":19,""1"":20},""calibration_groups"":39,""calibration_label_counts"":{""0"":95,""1"":100},""calibration_records"":195,""fit_group_counts_by_label"":{""0"":28,""1"":29},""fit_groups"":57,""fit_label_counts"":{""0"":140,""1"":145},""fit_records"":285,""group_overlap"":0}","[{""fit_group_counts_by_label"":{""0"":8,""1"":11},""fit_groups"":19,""fit_records"":95,""fold"":0,""group_overlap"":0,""validation_group_counts_by_label"":{""0"":11,""1"":9},""validation_groups"":20,""validation_records"":100},{""fit_group_counts_by_label"":{""0"":11,""1"":9},""fit_groups"":20,""fit_records"":100,""fold"":1,""group_overlap"":0,""validation_group_counts_by_label"":{""0"":8,""1"":11},""validation_groups"":19,""validation_records"":95}]",0
deduplication__hybrid__multilingual_e5_small__logistic_regression,deduplication,hybrid,multilingual_e5_small,logistic_regression,3,480,120,96,24,0,7.55827209999552,0.9147279000026174,0.17737449999549426,1.4781208332957856,classifier_pipeline_with_precomputed_embedding,"{""model__C"":0.1}",0.0,"{""curve_points"":2450,""eligible"":true,""negative_threshold"":0.19,""positive_threshold"":0.89,""selected"":{""abstained"":0,""automated_false_negative_rate"":0.0,""automated_false_positive_rate"":0.0,""automation_duplicate_recall"":1.0,""automation_nonduplicate_recall"":1.0,""coverage"":1.0,""covered"":195,""covered_error_rate"":0.0,""false_negative_cost"":5.0,""false_positive_cost"":1.0,""fn"":0,""fp"":0,""negative_predictive_value"":1.0,""negative_threshold"":0.19,""negatives"":100,""positive_threshold"":0.89,""positives"":95,""precision"":1.0,""threshold"":0.89,""tn"":100,""tp"":95,""weighted_covered_error"":0.0}}","{""balance_score"":0.022275641025641058,""calibration_group_counts_by_label"":{""0"":20,""1"":19},""calibration_groups"":39,""calibration_label_counts"":{""0"":100,""1"":95},""calibration_records"":195,""fit_group_counts_by_label"":{""0"":30,""1"":27},""fit_groups"":57,""fit_label_counts"":{""0"":150,""1"":135},""fit_records"":285,""group_overlap"":0}","[{""fit_group_counts_by_label"":{""0"":12,""1"":7},""fit_groups"":19,""fit_records"":95,""fold"":0,""group_overlap"":0,""validation_group_counts_by_label"":{""0"":8,""1"":12},""validation_groups"":20,""validation_records"":100},{""fit_group_counts_by_label"":{""0"":8,""1"":12},""fit_groups"":20,""fit_records"":100,""fold"":1,""group_overlap"":0,""validation_group_counts_by_label"":{""0"":12,""1"":7},""validation_groups"":19,""validation_records"":95}]",0
deduplication__hybrid__multilingual_e5_small__logistic_regression,deduplication,hybrid,multilingual_e5_small,logistic_regression,4,480,120,96,24,0,7.468079800004489,0.8162933999992674,0.14860240000416525,1.2383533333680437,classifier_pipeline_with_precomputed_embedding,"{""model__C"":0.1}",-0.2280701754385965,"{""curve_points"":2450,""eligible"":true,""negative_threshold"":0.06,""positive_threshold"":0.93,""selected"":{""abstained"":0,""automated_false_negative_rate"":0.0,""automated_false_positive_rate"":0.0,""automation_duplicate_recall"":1.0,""automation_nonduplicate_recall"":1.0,""coverage"":1.0,""covered"":195,""covered_error_rate"":0.0,""false_negative_cost"":5.0,""false_positive_cost"":1.0,""fn"":0,""fp"":0,""negative_predictive_value"":1.0,""negative_threshold"":0.06,""negatives"":100,""positive_threshold"":0.93,""positives"":95,""precision"":1.0,""threshold"":0.93,""tn"":100,""tp"":95,""weighted_covered_error"":0.0}}","{""balance_score"":0.011057692307692268,""calibration_group_counts_by_label"":{""0"":20,""1"":19},""calibration_groups"":39,""calibration_label_counts"":{""0"":100,""1"":95},""calibration_records"":195,""fit_group_counts_by_label"":{""0"":29,""1"":28},""fit_groups"":57,""fit_label_counts"":{""0"":145,""1"":140},""fit_records"":285,""group_overlap"":0}","[{""fit_group_counts_by_label"":{""0"":9,""1"":10},""fit_groups"":19,""fit_records"":95,""fold"":0,""group_overlap"":0,""validation_group_counts_by_label"":{""0"":11,""1"":9},""validation_groups"":20,""validation_records"":100},{""fit_group_counts_by_label"":{""0"":11,""1"":9},""fit_groups"":20,""fit_records"":100,""fold"":1,""group_overlap"":0,""validation_group_counts_by_label"":{""0"":9,""1"":10},""validation_groups"":19,""validation_records"":95}]",0
deduplication__hybrid__multilingual_e5_small__decision_tree,deduplication,hybrid,multilingual_e5_small,decision_tree,0,480,120,96,24,0,11.395679400011431,0.8560580999910599,0.14547649999440182,1.2123041666200152,classifier_pipeline_with_precomputed_embedding,"{""model__max_depth"":3,""model__min_samples_leaf"":5}",-0.39999999999999997,"{""curve_points"":2450,""eligible"":true,""negative_threshold"":0.03,""positive_threshold"":0.97,""selected"":{""abstained"":0,""automated_false_negative_rate"":0.0,""automated_false_positive_rate"":0.0,""automation_duplicate_recall"":1.0,""automation_nonduplicate_recall"":1.0,""coverage"":1.0,""covered"":195,""covered_error_rate"":0.0,""false_negative_cost"":5.0,""false_positive_cost"":1.0,""fn"":0,""fp"":0,""negative_predictive_value"":1.0,""negative_threshold"":0.03,""negatives"":95,""positive_threshold"":0.97,""positives"":100,""precision"":1.0,""threshold"":0.97,""tn"":95,""tp"":100,""weighted_covered_error"":0.0}}","{""balance_score"":0.011057692307692268,""calibration_group_counts_by_label"":{""0"":19,""1"":20},""calibration_groups"":39,""calibration_label_counts"":{""0"":95,""1"":100},""calibration_records"":195,""fit_group_counts_by_label"":{""0"":28,""1"":29},""fit_groups"":57,""fit_label_counts"":{""0"":140,""1"":145},""fit_records"":285,""group_overlap"":0}","[{""fit_group_counts_by_label"":{""0"":11,""1"":8},""fit_groups"":19,""fit_records"":95,""fold"":0,""group_overlap"":0,""validation_group_counts_by_label"":{""0"":8,""1"":12},""validation_groups"":20,""validation_records"":100},{""fit_group_counts_by_label"":{""0"":8,""1"":12},""fit_groups"":20,""fit_records"":100,""fold"":1,""group_overlap"":0,""validation_group_counts_by_label"":{""0"":11,""1"":8},""validation_groups"":19,""validation_records"":95}]",0
deduplication__hybrid__multilingual_e5_small__decision_tree,deduplication,hybrid,multilingual_e5_small,decision_tree,1,480,120,96,24,0,11.344293699992704,0.7541938999929698,0.1343061000079615,1.1192175000663458,classifier_pipeline_with_precomputed_embedding,"{""model__max_depth"":3,""model__min_samples_leaf"":5}",-0.021052631578947368,"{""curve_points"":2450,""eligible"":true,""negative_threshold"":0.03,""positive_threshold"":0.97,""selected"":{""abstained"":0,""automated_false_negative_rate"":0.0,""automated_false_positive_rate"":0.0,""automation_duplicate_recall"":1.0,""automation_nonduplicate_recall"":1.0,""coverage"":1.0,""covered"":195,""covered_error_rate"":0.0,""false_negative_cost"":5.0,""false_positive_cost"":1.0,""fn"":0,""fp"":0,""negative_predictive_value"":1.0,""negative_threshold"":0.03,""negatives"":95,""positive_threshold"":0.97,""positives"":100,""precision"":1.0,""threshold"":0.97,""tn"":95,""tp"":100,""weighted_covered_error"":0.0}}","{""balance_score"":0.011057692307692268,""calibration_group_counts_by_label"":{""0"":19,""1"":20},""calibration_groups"":39,""calibration_label_counts"":{""0"":95,""1"":100},""calibration_records"":195,""fit_group_counts_by_label"":{""0"":28,""1"":29},""fit_groups"":57,""fit_label_counts"":{""0"":140,""1"":145},""fit_records"":285,""group_overlap"":0}","[{""fit_group_counts_by_label"":{""0"":11,""1"":8},""fit_groups"":19,""fit_records"":95,""fold"":0,""group_overlap"":0,""validation_group_counts_by_label"":{""0"":8,""1"":12},""validation_groups"":20,""validation_records"":100},{""fit_group_counts_by_label"":{""0"":8,""1"":12},""fit_groups"":20,""fit_records"":100,""fold"":1,""group_overlap"":0,""validation_group_counts_by_label"":{""0"":11,""1"":8},""validation_groups"":19,""validation_records"":95}]",0
deduplication__hybrid__multilingual_e5_small__decision_tree,deduplication,hybrid,multilingual_e5_small,decision_tree,2,480,120,96,24,0,11.37212929999805,0.81916060000367,0.15062130001024343,1.255177500085362,classifier_pipeline_with_precomputed_embedding,"{""model__max_depth"":3,""model__min_samples_leaf"":2}",-0.368421052631579,"{""curve_points"":2450,""eligible"":true,""negative_threshold"":0.03,""positive_threshold"":0.91,""selected"":{""abstained"":0,""automated_false_negative_rate"":0.0,""automated_false_positive_rate"":0.031578947368421054,""automation_duplicate_recall"":1.0,""automation_nonduplicate_recall"":0.968421052631579,""coverage"":1.0,""covered"":195,""covered_error_rate"":0.015384615384615385,""false_negative_cost"":5.0,""false_positive_cost"":1.0,""fn"":0,""fp"":3,""negative_predictive_value"":1.0,""negative_threshold"":0.03,""negatives"":95,""positive_threshold"":0.91,""positives"":100,""precision"":0.970873786407767,""threshold"":0.91,""tn"":92,""tp"":100,""weighted_covered_error"":0.015384615384615385}}","{""balance_score"":0.011057692307692268,""calibration_group_counts_by_label"":{""0"":19,""1"":20},""calibration_groups"":39,""calibration_label_counts"":{""0"":95,""1"":100},""calibration_records"":195,""fit_group_counts_by_label"":{""0"":28,""1"":29},""fit_groups"":57,""fit_label_counts"":{""0"":140,""1"":145},""fit_records"":285,""group_overlap"":0}","[{""fit_group_counts_by_label"":{""0"":8,""1"":11},""fit_groups"":19,""fit_records"":95,""fold"":0,""group_overlap"":0,""validation_group_counts_by_label"":{""0"":11,""1"":9},""validation_groups"":20,""validation_records"":100},{""fit_group_counts_by_label"":{""0"":11,""1"":9},""fit_groups"":20,""fit_records"":100,""fold"":1,""group_overlap"":0,""validation_group_counts_by_label"":{""0"":8,""1"":11},""validation_groups"":19,""validation_records"":95}]",0
deduplication__hybrid__multilingual_e5_small__decision_tree,deduplication,hybrid,multilingual_e5_small,decision_tree,3,480,120,96,24,0,11.391006599995308,0.774526799999876,0.13739289999648463,1.1449408333040385,classifier_pipeline_with_precomputed_embedding,"{""model__max_depth"":3,""model__min_samples_leaf"":2}",-0.2631578947368421,"{""curve_points"":2450,""eligible"":false,""negative_threshold"":null,""positive_threshold"":null,""selected"":null}","{""balance_score"":0.022275641025641058,""calibration_group_counts_by_label"":{""0"":20,""1"":19},""calibration_groups"":39,""calibration_label_counts"":{""0"":100,""1"":95},""calibration_records"":195,""fit_group_counts_by_label"":{""0"":30,""1"":27},""fit_groups"":57,""fit_label_counts"":{""0"":150,""1"":135},""fit_records"":285,""group_overlap"":0}","[{""fit_group_counts_by_label"":{""0"":12,""1"":7},""fit_groups"":19,""fit_records"":95,""fold"":0,""group_overlap"":0,""validation_group_counts_by_label"":{""0"":8,""1"":12},""validation_groups"":20,""validation_records"":100},{""fit_group_counts_by_label"":{""0"":8,""1"":12},""fit_groups"":20,""fit_records"":100,""fold"":1,""group_overlap"":0,""validation_group_counts_by_label"":{""0"":12,""1"":7},""validation_groups"":19,""validation_records"":95}]",0
deduplication__hybrid__multilingual_e5_small__decision_tree,deduplication,hybrid,multilingual_e5_small,decision_tree,4,480,120,96,24,0,11.567489799999748,0.7266308000107529,0.14636709999467712,1.219725833288976,classifier_pipeline_with_precomputed_embedding,"{""model__max_depth"":3,""model__min_samples_leaf"":2}",-0.21754385964912282,"{""curve_points"":2450,""eligible"":true,""negative_threshold"":0.03,""positive_threshold"":0.97,""selected"":{""abstained"":0,""automated_false_negative_rate"":0.0,""automated_false_positive_rate"":0.0,""automation_duplicate_recall"":1.0,""automation_nonduplicate_recall"":1.0,""coverage"":1.0,""covered"":195,""covered_error_rate"":0.0,""false_negative_cost"":5.0,""false_positive_cost"":1.0,""fn"":0,""fp"":0,""negative_predictive_value"":1.0,""negative_threshold"":0.03,""negatives"":100,""positive_threshold"":0.97,""positives"":95,""precision"":1.0,""threshold"":0.97,""tn"":100,""tp"":95,""weighted_covered_error"":0.0}}","{""balance_score"":0.011057692307692268,""calibration_group_counts_by_label"":{""0"":20,""1"":19},""calibration_groups"":39,""calibration_label_counts"":{""0"":100,""1"":95},""calibration_records"":195,""fit_group_counts_by_label"":{""0"":29,""1"":28},""fit_groups"":57,""fit_label_counts"":{""0"":145,""1"":140},""fit_records"":285,""group_overlap"":0}","[{""fit_group_counts_by_label"":{""0"":9,""1"":10},""fit_groups"":19,""fit_records"":95,""fold"":0,""group_overlap"":0,""validation_group_counts_by_label"":{""0"":11,""1"":9},""validation_groups"":20,""validation_records"":100},{""fit_group_counts_by_label"":{""0"":11,""1"":9},""fit_groups"":20,""fit_records"":100,""fold"":1,""group_overlap"":0,""validation_group_counts_by_label"":{""0"":9,""1"":10},""validation_groups"":19,""validation_records"":95}]",0
deduplication__hybrid__multilingual_e5_small__linear_svm,deduplication,hybrid,multilingual_e5_small,linear_svm,0,480,120,96,24,0,8.23450390000653,0.8033584000077099,0.14356189999671187,1.1963491666392656,classifier_pipeline_with_precomputed_embedding,"{""model__C"":0.1}",0.0,"{""curve_points"":2450,""eligible"":true,""negative_threshold"":0.04,""positive_threshold"":0.96,""selected"":{""abstained"":0,""automated_false_negative_rate"":0.0,""automated_false_positive_rate"":0.0,""automation_duplicate_recall"":1.0,""automation_nonduplicate_recall"":1.0,""coverage"":1.0,""covered"":195,""covered_error_rate"":0.0,""false_negative_cost"":5.0,""false_positive_cost"":1.0,""fn"":0,""fp"":0,""negative_predictive_value"":1.0,""negative_threshold"":0.04,""negatives"":95,""positive_threshold"":0.96,""positives"":100,""precision"":1.0,""threshold"":0.96,""tn"":95,""tp"":100,""weighted_covered_error"":0.0}}","{""balance_score"":0.011057692307692268,""calibration_group_counts_by_label"":{""0"":19,""1"":20},""calibration_groups"":39,""calibration_label_counts"":{""0"":95,""1"":100},""calibration_records"":195,""fit_group_counts_by_label"":{""0"":28,""1"":29},""fit_groups"":57,""fit_label_counts"":{""0"":140,""1"":145},""fit_records"":285,""group_overlap"":0}","[{""fit_group_counts_by_label"":{""0"":11,""1"":8},""fit_groups"":19,""fit_records"":95,""fold"":0,""group_overlap"":0,""validation_group_counts_by_label"":{""0"":8,""1"":12},""validation_groups"":20,""validation_records"":100},{""fit_group_counts_by_label"":{""0"":8,""1"":12},""fit_groups"":20,""fit_records"":100,""fold"":1,""group_overlap"":0,""validation_group_counts_by_label"":{""0"":11,""1"":8},""validation_groups"":19,""validation_records"":95}]",0
deduplication__hybrid__multilingual_e5_small__linear_svm,deduplication,hybrid,multilingual_e5_small,linear_svm,1,480,120,96,24,0,8.397878299991135,0.8271236000000499,0.13350260000152048,1.1125216666793374,classifier_pipeline_with_precomputed_embedding,"{""model__C"":0.1}",0.0,"{""curve_points"":2450,""eligible"":true,""negative_threshold"":0.05,""positive_threshold"":0.95,""selected"":{""abstained"":0,""automated_false_negative_rate"":0.0,""automated_false_positive_rate"":0.0,""automation_duplicate_recall"":1.0,""automation_nonduplicate_recall"":1.0,""coverage"":1.0,""covered"":195,""covered_error_rate"":0.0,""false_negative_cost"":5.0,""false_positive_cost"":1.0,""fn"":0,""fp"":0,""negative_predictive_value"":1.0,""negative_threshold"":0.05,""negatives"":95,""positive_threshold"":0.95,""positives"":100,""precision"":1.0,""threshold"":0.95,""tn"":95,""tp"":100,""weighted_covered_error"":0.0}}","{""balance_score"":0.011057692307692268,""calibration_group_counts_by_label"":{""0"":19,""1"":20},""calibration_groups"":39,""calibration_label_counts"":{""0"":95,""1"":100},""calibration_records"":195,""fit_group_counts_by_label"":{""0"":28,""1"":29},""fit_groups"":57,""fit_label_counts"":{""0"":140,""1"":145},""fit_records"":285,""group_overlap"":0}","[{""fit_group_counts_by_label"":{""0"":11,""1"":8},""fit_groups"":19,""fit_records"":95,""fold"":0,""group_overlap"":0,""validation_group_counts_by_label"":{""0"":8,""1"":12},""validation_groups"":20,""validation_records"":100},{""fit_group_counts_by_label"":{""0"":8,""1"":12},""fit_groups"":20,""fit_records"":100,""fold"":1,""group_overlap"":0,""validation_group_counts_by_label"":{""0"":11,""1"":8},""validation_groups"":19,""validation_records"":95}]",0
deduplication__hybrid__multilingual_e5_small__linear_svm,deduplication,hybrid,multilingual_e5_small,linear_svm,2,480,120,96,24,0,8.182577700004913,0.7907482000009622,0.14568440000584815,1.2140366667154012,classifier_pipeline_with_precomputed_embedding,"{""model__C"":0.1}",0.0,"{""curve_points"":2450,""eligible"":true,""negative_threshold"":0.11,""positive_threshold"":0.96,""selected"":{""abstained"":0,""automated_false_negative_rate"":0.0,""automated_false_positive_rate"":0.0,""automation_duplicate_recall"":1.0,""automation_nonduplicate_recall"":1.0,""coverage"":1.0,""covered"":195,""covered_error_rate"":0.0,""false_negative_cost"":5.0,""false_positive_cost"":1.0,""fn"":0,""fp"":0,""negative_predictive_value"":1.0,""negative_threshold"":0.11,""negatives"":95,""positive_threshold"":0.96,""positives"":100,""precision"":1.0,""threshold"":0.96,""tn"":95,""tp"":100,""weighted_covered_error"":0.0}}","{""balance_score"":0.011057692307692268,""calibration_group_counts_by_label"":{""0"":19,""1"":20},""calibration_groups"":39,""calibration_label_counts"":{""0"":95,""1"":100},""calibration_records"":195,""fit_group_counts_by_label"":{""0"":28,""1"":29},""fit_groups"":57,""fit_label_counts"":{""0"":140,""1"":145},""fit_records"":285,""group_overlap"":0}","[{""fit_group_counts_by_label"":{""0"":8,""1"":11},""fit_groups"":19,""fit_records"":95,""fold"":0,""group_overlap"":0,""validation_group_counts_by_label"":{""0"":11,""1"":9},""validation_groups"":20,""validation_records"":100},{""fit_group_counts_by_label"":{""0"":11,""1"":9},""fit_groups"":20,""fit_records"":100,""fold"":1,""group_overlap"":0,""validation_group_counts_by_label"":{""0"":8,""1"":11},""validation_groups"":19,""validation_records"":95}]",0
deduplication__hybrid__multilingual_e5_small__linear_svm,deduplication,hybrid,multilingual_e5_small,linear_svm,3,480,120,96,24,0,8.42321589999483,0.7299076999915997,0.2170592000038596,1.80882666669883,classifier_pipeline_with_precomputed_embedding,"{""model__C"":0.1}",0.0,"{""curve_points"":2450,""eligible"":true,""negative_threshold"":0.1,""positive_threshold"":0.96,""selected"":{""abstained"":0,""automated_false_negative_rate"":0.0,""automated_false_positive_rate"":0.0,""automation_duplicate_recall"":1.0,""automation_nonduplicate_recall"":1.0,""coverage"":1.0,""covered"":195,""covered_error_rate"":0.0,""false_negative_cost"":5.0,""false_positive_cost"":1.0,""fn"":0,""fp"":0,""negative_predictive_value"":1.0,""negative_threshold"":0.1,""negatives"":100,""positive_threshold"":0.96,""positives"":95,""precision"":1.0,""threshold"":0.96,""tn"":100,""tp"":95,""weighted_covered_error"":0.0}}","{""balance_score"":0.022275641025641058,""calibration_group_counts_by_label"":{""0"":20,""1"":19},""calibration_groups"":39,""calibration_label_counts"":{""0"":100,""1"":95},""calibration_records"":195,""fit_group_counts_by_label"":{""0"":30,""1"":27},""fit_groups"":57,""fit_label_counts"":{""0"":150,""1"":135},""fit_records"":285,""group_overlap"":0}","[{""fit_group_counts_by_label"":{""0"":12,""1"":7},""fit_groups"":19,""fit_records"":95,""fold"":0,""group_overlap"":0,""validation_group_counts_by_label"":{""0"":8,""1"":12},""validation_groups"":20,""validation_records"":100},{""fit_group_counts_by_label"":{""0"":8,""1"":12},""fit_groups"":20,""fit_records"":100,""fold"":1,""group_overlap"":0,""validation_group_counts_by_label"":{""0"":12,""1"":7},""validation_groups"":19,""validation_records"":95}]",0
deduplication__hybrid__multilingual_e5_small__linear_svm,deduplication,hybrid,multilingual_e5_small,linear_svm,4,480,120,96,24,0,8.052765999993426,0.7692357000050833,0.1500320999912219,1.2502674999268493,classifier_pipeline_with_precomputed_embedding,"{""model__C"":0.1}",-0.2631578947368421,"{""curve_points"":2450,""eligible"":true,""negative_threshold"":0.05,""positive_threshold"":0.96,""selected"":{""abstained"":0,""automated_false_negative_rate"":0.0,""automated_false_positive_rate"":0.0,""automation_duplicate_recall"":1.0,""automation_nonduplicate_recall"":1.0,""coverage"":1.0,""covered"":195,""covered_error_rate"":0.0,""false_negative_cost"":5.0,""false_positive_cost"":1.0,""fn"":0,""fp"":0,""negative_predictive_value"":1.0,""negative_threshold"":0.05,""negatives"":100,""positive_threshold"":0.96,""positives"":95,""precision"":1.0,""threshold"":0.96,""tn"":100,""tp"":95,""weighted_covered_error"":0.0}}","{""balance_score"":0.011057692307692268,""calibration_group_counts_by_label"":{""0"":20,""1"":19},""calibration_groups"":39,""calibration_label_counts"":{""0"":100,""1"":95},""calibration_records"":195,""fit_group_counts_by_label"":{""0"":29,""1"":28},""fit_groups"":57,""fit_label_counts"":{""0"":145,""1"":140},""fit_records"":285,""group_overlap"":0}","[{""fit_group_counts_by_label"":{""0"":9,""1"":10},""fit_groups"":19,""fit_records"":95,""fold"":0,""group_overlap"":0,""validation_group_counts_by_label"":{""0"":11,""1"":9},""validation_groups"":20,""validation_records"":100},{""fit_group_counts_by_label"":{""0"":11,""1"":9},""fit_groups"":20,""fit_records"":100,""fold"":1,""group_overlap"":0,""validation_group_counts_by_label"":{""0"":9,""1"":10},""validation_groups"":19,""validation_records"":95}]",0
deduplication__hybrid__multilingual_e5_small__mlp,deduplication,hybrid,multilingual_e5_small,mlp,0,480,120,96,24,0,53.57709260001138,0.7696138000028441,0.14826049999101087,1.2355041665917572,classifier_pipeline_with_precomputed_embedding,"{""model__alpha"":0.001,""model__hidden_layer_sizes"":[16]}",0.0,"{""curve_points"":2450,""eligible"":true,""negative_threshold"":0.03,""positive_threshold"":0.97,""selected"":{""abstained"":0,""automated_false_negative_rate"":0.0,""automated_false_positive_rate"":0.0,""automation_duplicate_recall"":1.0,""automation_nonduplicate_recall"":1.0,""coverage"":1.0,""covered"":195,""covered_error_rate"":0.0,""false_negative_cost"":5.0,""false_positive_cost"":1.0,""fn"":0,""fp"":0,""negative_predictive_value"":1.0,""negative_threshold"":0.03,""negatives"":95,""positive_threshold"":0.97,""positives"":100,""precision"":1.0,""threshold"":0.97,""tn"":95,""tp"":100,""weighted_covered_error"":0.0}}","{""balance_score"":0.011057692307692268,""calibration_group_counts_by_label"":{""0"":19,""1"":20},""calibration_groups"":39,""calibration_label_counts"":{""0"":95,""1"":100},""calibration_records"":195,""fit_group_counts_by_label"":{""0"":28,""1"":29},""fit_groups"":57,""fit_label_counts"":{""0"":140,""1"":145},""fit_records"":285,""group_overlap"":0}","[{""fit_group_counts_by_label"":{""0"":11,""1"":8},""fit_groups"":19,""fit_records"":95,""fold"":0,""group_overlap"":0,""validation_group_counts_by_label"":{""0"":8,""1"":12},""validation_groups"":20,""validation_records"":100},{""fit_group_counts_by_label"":{""0"":8,""1"":12},""fit_groups"":20,""fit_records"":100,""fold"":1,""group_overlap"":0,""validation_group_counts_by_label"":{""0"":11,""1"":8},""validation_groups"":19,""validation_records"":95}]",0
deduplication__hybrid__multilingual_e5_small__mlp,deduplication,hybrid,multilingual_e5_small,mlp,1,480,120,96,24,0,55.68412059999537,0.8122627999982797,0.13731219999317545,1.144268333276462,classifier_pipeline_with_precomputed_embedding,"{""model__alpha"":0.001,""model__hidden_layer_sizes"":[16]}",0.0,"{""curve_points"":2450,""eligible"":true,""negative_threshold"":0.03,""positive_threshold"":0.97,""selected"":{""abstained"":0,""automated_false_negative_rate"":0.0,""automated_false_positive_rate"":0.0,""automation_duplicate_recall"":1.0,""automation_nonduplicate_recall"":1.0,""coverage"":1.0,""covered"":195,""covered_error_rate"":0.0,""false_negative_cost"":5.0,""false_positive_cost"":1.0,""fn"":0,""fp"":0,""negative_predictive_value"":1.0,""negative_threshold"":0.03,""negatives"":95,""positive_threshold"":0.97,""positives"":100,""precision"":1.0,""threshold"":0.97,""tn"":95,""tp"":100,""weighted_covered_error"":0.0}}","{""balance_score"":0.011057692307692268,""calibration_group_counts_by_label"":{""0"":19,""1"":20},""calibration_groups"":39,""calibration_label_counts"":{""0"":95,""1"":100},""calibration_records"":195,""fit_group_counts_by_label"":{""0"":28,""1"":29},""fit_groups"":57,""fit_label_counts"":{""0"":140,""1"":145},""fit_records"":285,""group_overlap"":0}","[{""fit_group_counts_by_label"":{""0"":11,""1"":8},""fit_groups"":19,""fit_records"":95,""fold"":0,""group_overlap"":0,""validation_group_counts_by_label"":{""0"":8,""1"":12},""validation_groups"":20,""validation_records"":100},{""fit_group_counts_by_label"":{""0"":8,""1"":12},""fit_groups"":20,""fit_records"":100,""fold"":1,""group_overlap"":0,""validation_group_counts_by_label"":{""0"":11,""1"":8},""validation_groups"":19,""validation_records"":95}]",0
deduplication__hybrid__multilingual_e5_small__mlp,deduplication,hybrid,multilingual_e5_small,mlp,2,480,120,96,24,0,49.706305899992,0.7963689000025624,0.15580310000223108,1.298359166685259,classifier_pipeline_with_precomputed_embedding,"{""model__alpha"":0.001,""model__hidden_layer_sizes"":[16]}",0.0,"{""curve_points"":2450,""eligible"":true,""negative_threshold"":0.04,""positive_threshold"":0.97,""selected"":{""abstained"":0,""automated_false_negative_rate"":0.0,""automated_false_positive_rate"":0.0,""automation_duplicate_recall"":1.0,""automation_nonduplicate_recall"":1.0,""coverage"":1.0,""covered"":195,""covered_error_rate"":0.0,""false_negative_cost"":5.0,""false_positive_cost"":1.0,""fn"":0,""fp"":0,""negative_predictive_value"":1.0,""negative_threshold"":0.04,""negatives"":95,""positive_threshold"":0.97,""positives"":100,""precision"":1.0,""threshold"":0.97,""tn"":95,""tp"":100,""weighted_covered_error"":0.0}}","{""balance_score"":0.011057692307692268,""calibration_group_counts_by_label"":{""0"":19,""1"":20},""calibration_groups"":39,""calibration_label_counts"":{""0"":95,""1"":100},""calibration_records"":195,""fit_group_counts_by_label"":{""0"":28,""1"":29},""fit_groups"":57,""fit_label_counts"":{""0"":140,""1"":145},""fit_records"":285,""group_overlap"":0}","[{""fit_group_counts_by_label"":{""0"":8,""1"":11},""fit_groups"":19,""fit_records"":95,""fold"":0,""group_overlap"":0,""validation_group_counts_by_label"":{""0"":11,""1"":9},""validation_groups"":20,""validation_records"":100},{""fit_group_counts_by_label"":{""0"":11,""1"":9},""fit_groups"":20,""fit_records"":100,""fold"":1,""group_overlap"":0,""validation_group_counts_by_label"":{""0"":8,""1"":11},""validation_groups"":19,""validation_records"":95}]",0
deduplication__hybrid__multilingual_e5_small__mlp,deduplication,hybrid,multilingual_e5_small,mlp,3,480,120,96,24,0,46.61447549999866,0.7472707999986596,0.21553330001188442,1.79611083343237,classifier_pipeline_with_precomputed_embedding,"{""model__alpha"":0.001,""model__hidden_layer_sizes"":[16]}",0.0,"{""curve_points"":2450,""eligible"":true,""negative_threshold"":0.03,""positive_threshold"":0.97,""selected"":{""abstained"":0,""automated_false_negative_rate"":0.0,""automated_false_positive_rate"":0.0,""automation_duplicate_recall"":1.0,""automation_nonduplicate_recall"":1.0,""coverage"":1.0,""covered"":195,""covered_error_rate"":0.0,""false_negative_cost"":5.0,""false_positive_cost"":1.0,""fn"":0,""fp"":0,""negative_predictive_value"":1.0,""negative_threshold"":0.03,""negatives"":100,""positive_threshold"":0.97,""positives"":95,""precision"":1.0,""threshold"":0.97,""tn"":100,""tp"":95,""weighted_covered_error"":0.0}}","{""balance_score"":0.022275641025641058,""calibration_group_counts_by_label"":{""0"":20,""1"":19},""calibration_groups"":39,""calibration_label_counts"":{""0"":100,""1"":95},""calibration_records"":195,""fit_group_counts_by_label"":{""0"":30,""1"":27},""fit_groups"":57,""fit_label_counts"":{""0"":150,""1"":135},""fit_records"":285,""group_overlap"":0}","[{""fit_group_counts_by_label"":{""0"":12,""1"":7},""fit_groups"":19,""fit_records"":95,""fold"":0,""group_overlap"":0,""validation_group_counts_by_label"":{""0"":8,""1"":12},""validation_groups"":20,""validation_records"":100},{""fit_group_counts_by_label"":{""0"":8,""1"":12},""fit_groups"":20,""fit_records"":100,""fold"":1,""group_overlap"":0,""validation_group_counts_by_label"":{""0"":12,""1"":7},""validation_groups"":19,""validation_records"":95}]",0
deduplication__hybrid__multilingual_e5_small__mlp,deduplication,hybrid,multilingual_e5_small,mlp,4,480,120,96,24,0,44.84387299999071,0.752921499995864,0.18924360000528395,1.577030000044033,classifier_pipeline_with_precomputed_embedding,"{""model__alpha"":0.001,""model__hidden_layer_sizes"":[16]}",-0.2631578947368421,"{""curve_points"":2450,""eligible"":true,""negative_threshold"":0.03,""positive_threshold"":0.97,""selected"":{""abstained"":0,""automated_false_negative_rate"":0.0,""automated_false_positive_rate"":0.0,""automation_duplicate_recall"":1.0,""automation_nonduplicate_recall"":1.0,""coverage"":1.0,""covered"":195,""covered_error_rate"":0.0,""false_negative_cost"":5.0,""false_positive_cost"":1.0,""fn"":0,""fp"":0,""negative_predictive_value"":1.0,""negative_threshold"":0.03,""negatives"":100,""positive_threshold"":0.97,""positives"":95,""precision"":1.0,""threshold"":0.97,""tn"":100,""tp"":95,""weighted_covered_error"":0.0}}","{""balance_score"":0.011057692307692268,""calibration_group_counts_by_label"":{""0"":20,""1"":19},""calibration_groups"":39,""calibration_label_counts"":{""0"":100,""1"":95},""calibration_records"":195,""fit_group_counts_by_label"":{""0"":29,""1"":28},""fit_groups"":57,""fit_label_counts"":{""0"":145,""1"":140},""fit_records"":285,""group_overlap"":0}","[{""fit_group_counts_by_label"":{""0"":9,""1"":10},""fit_groups"":19,""fit_records"":95,""fold"":0,""group_overlap"":0,""validation_group_counts_by_label"":{""0"":11,""1"":9},""validation_groups"":20,""validation_records"":100},{""fit_group_counts_by_label"":{""0"":11,""1"":9},""fit_groups"":20,""fit_records"":100,""fold"":1,""group_overlap"":0,""validation_group_counts_by_label"":{""0"":9,""1"":10},""validation_groups"":19,""validation_records"":95}]",0
deduplication__hybrid__multilingual_e5_small__xgboost,deduplication,hybrid,multilingual_e5_small,xgboost,0,480,120,96,24,0,45.337639699995634,0.907870199996978,0.14845389999391045,1.2371158332825871,classifier_pipeline_with_precomputed_embedding,"{""model__learning_rate"":0.05,""model__max_depth"":2,""model__n_estimators"":160}",0.0,"{""curve_points"":2450,""eligible"":true,""negative_threshold"":0.03,""positive_threshold"":0.97,""selected"":{""abstained"":0,""automated_false_negative_rate"":0.0,""automated_false_positive_rate"":0.0,""automation_duplicate_recall"":1.0,""automation_nonduplicate_recall"":1.0,""coverage"":1.0,""covered"":195,""covered_error_rate"":0.0,""false_negative_cost"":5.0,""false_positive_cost"":1.0,""fn"":0,""fp"":0,""negative_predictive_value"":1.0,""negative_threshold"":0.03,""negatives"":95,""positive_threshold"":0.97,""positives"":100,""precision"":1.0,""threshold"":0.97,""tn"":95,""tp"":100,""weighted_covered_error"":0.0}}","{""balance_score"":0.011057692307692268,""calibration_group_counts_by_label"":{""0"":19,""1"":20},""calibration_groups"":39,""calibration_label_counts"":{""0"":95,""1"":100},""calibration_records"":195,""fit_group_counts_by_label"":{""0"":28,""1"":29},""fit_groups"":57,""fit_label_counts"":{""0"":140,""1"":145},""fit_records"":285,""group_overlap"":0}","[{""fit_group_counts_by_label"":{""0"":11,""1"":8},""fit_groups"":19,""fit_records"":95,""fold"":0,""group_overlap"":0,""validation_group_counts_by_label"":{""0"":8,""1"":12},""validation_groups"":20,""validation_records"":100},{""fit_group_counts_by_label"":{""0"":8,""1"":12},""fit_groups"":20,""fit_records"":100,""fold"":1,""group_overlap"":0,""validation_group_counts_by_label"":{""0"":11,""1"":8},""validation_groups"":19,""validation_records"":95}]",0
deduplication__hybrid__multilingual_e5_small__xgboost,deduplication,hybrid,multilingual_e5_small,xgboost,1,480,120,96,24,0,36.112945000000764,0.90239410000504,0.13992119999602437,1.1660099999668698,classifier_pipeline_with_precomputed_embedding,"{""model__learning_rate"":0.05,""model__max_depth"":2,""model__n_estimators"":160}",0.0,"{""curve_points"":2450,""eligible"":true,""negative_threshold"":0.03,""positive_threshold"":0.97,""selected"":{""abstained"":65,""automated_false_negative_rate"":0.0,""automated_false_positive_rate"":0.0,""automation_duplicate_recall"":0.4,""automation_nonduplicate_recall"":0.9473684210526315,""coverage"":0.6666666666666666,""covered"":130,""covered_error_rate"":0.0,""false_negative_cost"":5.0,""false_positive_cost"":1.0,""fn"":0,""fp"":0,""negative_predictive_value"":1.0,""negative_threshold"":0.03,""negatives"":95,""positive_threshold"":0.97,""positives"":100,""precision"":1.0,""threshold"":0.97,""tn"":90,""tp"":40,""weighted_covered_error"":0.0}}","{""balance_score"":0.011057692307692268,""calibration_group_counts_by_label"":{""0"":19,""1"":20},""calibration_groups"":39,""calibration_label_counts"":{""0"":95,""1"":100},""calibration_records"":195,""fit_group_counts_by_label"":{""0"":28,""1"":29},""fit_groups"":57,""fit_label_counts"":{""0"":140,""1"":145},""fit_records"":285,""group_overlap"":0}","[{""fit_group_counts_by_label"":{""0"":11,""1"":8},""fit_groups"":19,""fit_records"":95,""fold"":0,""group_overlap"":0,""validation_group_counts_by_label"":{""0"":8,""1"":12},""validation_groups"":20,""validation_records"":100},{""fit_group_counts_by_label"":{""0"":8,""1"":12},""fit_groups"":20,""fit_records"":100,""fold"":1,""group_overlap"":0,""validation_group_counts_by_label"":{""0"":11,""1"":8},""validation_groups"":19,""validation_records"":95}]",0
deduplication__hybrid__multilingual_e5_small__xgboost,deduplication,hybrid,multilingual_e5_small,xgboost,2,480,120,96,24,0,37.52405040001031,1.0341708000050858,0.15583629999309778,1.2986358332758148,classifier_pipeline_with_precomputed_embedding,"{""model__learning_rate"":0.05,""model__max_depth"":2,""model__n_estimators"":160}",-0.17543859649122806,"{""curve_points"":2450,""eligible"":true,""negative_threshold"":0.04,""positive_threshold"":0.91,""selected"":{""abstained"":0,""automated_false_negative_rate"":0.0,""automated_false_positive_rate"":0.0,""automation_duplicate_recall"":1.0,""automation_nonduplicate_recall"":1.0,""coverage"":1.0,""covered"":195,""covered_error_rate"":0.0,""false_negative_cost"":5.0,""false_positive_cost"":1.0,""fn"":0,""fp"":0,""negative_predictive_value"":1.0,""negative_threshold"":0.04,""negatives"":95,""positive_threshold"":0.91,""positives"":100,""precision"":1.0,""threshold"":0.91,""tn"":95,""tp"":100,""weighted_covered_error"":0.0}}","{""balance_score"":0.011057692307692268,""calibration_group_counts_by_label"":{""0"":19,""1"":20},""calibration_groups"":39,""calibration_label_counts"":{""0"":95,""1"":100},""calibration_records"":195,""fit_group_counts_by_label"":{""0"":28,""1"":29},""fit_groups"":57,""fit_label_counts"":{""0"":140,""1"":145},""fit_records"":285,""group_overlap"":0}","[{""fit_group_counts_by_label"":{""0"":8,""1"":11},""fit_groups"":19,""fit_records"":95,""fold"":0,""group_overlap"":0,""validation_group_counts_by_label"":{""0"":11,""1"":9},""validation_groups"":20,""validation_records"":100},{""fit_group_counts_by_label"":{""0"":11,""1"":9},""fit_groups"":20,""fit_records"":100,""fold"":1,""group_overlap"":0,""validation_group_counts_by_label"":{""0"":8,""1"":11},""validation_groups"":19,""validation_records"":95}]",0
deduplication__hybrid__multilingual_e5_small__xgboost,deduplication,hybrid,multilingual_e5_small,xgboost,3,480,120,96,24,0,39.67023479999625,0.9343910000025062,0.19394260000262875,1.6161883333552396,classifier_pipeline_with_precomputed_embedding,"{""model__learning_rate"":0.05,""model__max_depth"":2,""model__n_estimators"":160}",-0.017543859649122806,"{""curve_points"":2450,""eligible"":true,""negative_threshold"":0.03,""positive_threshold"":0.96,""selected"":{""abstained"":0,""automated_false_negative_rate"":0.0,""automated_false_positive_rate"":0.0,""automation_duplicate_recall"":1.0,""automation_nonduplicate_recall"":1.0,""coverage"":1.0,""covered"":195,""covered_error_rate"":0.0,""false_negative_cost"":5.0,""false_positive_cost"":1.0,""fn"":0,""fp"":0,""negative_predictive_value"":1.0,""negative_threshold"":0.03,""negatives"":100,""positive_threshold"":0.96,""positives"":95,""precision"":1.0,""threshold"":0.96,""tn"":100,""tp"":95,""weighted_covered_error"":0.0}}","{""balance_score"":0.022275641025641058,""calibration_group_counts_by_label"":{""0"":20,""1"":19},""calibration_groups"":39,""calibration_label_counts"":{""0"":100,""1"":95},""calibration_records"":195,""fit_group_counts_by_label"":{""0"":30,""1"":27},""fit_groups"":57,""fit_label_counts"":{""0"":150,""1"":135},""fit_records"":285,""group_overlap"":0}","[{""fit_group_counts_by_label"":{""0"":12,""1"":7},""fit_groups"":19,""fit_records"":95,""fold"":0,""group_overlap"":0,""validation_group_counts_by_label"":{""0"":8,""1"":12},""validation_groups"":20,""validation_records"":100},{""fit_group_counts_by_label"":{""0"":8,""1"":12},""fit_groups"":20,""fit_records"":100,""fold"":1,""group_overlap"":0,""validation_group_counts_by_label"":{""0"":12,""1"":7},""validation_groups"":19,""validation_records"":95}]",0
deduplication__hybrid__multilingual_e5_small__xgboost,deduplication,hybrid,multilingual_e5_small,xgboost,4,480,120,96,24,0,38.71554869999818,0.8982191999966744,0.15366079998784699,1.2805066665653915,classifier_pipeline_with_precomputed_embedding,"{""model__learning_rate"":0.05,""model__max_depth"":2,""model__n_estimators"":160}",-0.07017543859649122,"{""curve_points"":2450,""eligible"":true,""negative_threshold"":0.03,""positive_threshold"":0.97,""selected"":{""abstained"":0,""automated_false_negative_rate"":0.0,""automated_false_positive_rate"":0.0,""automation_duplicate_recall"":1.0,""automation_nonduplicate_recall"":1.0,""coverage"":1.0,""covered"":195,""covered_error_rate"":0.0,""false_negative_cost"":5.0,""false_positive_cost"":1.0,""fn"":0,""fp"":0,""negative_predictive_value"":1.0,""negative_threshold"":0.03,""negatives"":100,""positive_threshold"":0.97,""positives"":95,""precision"":1.0,""threshold"":0.97,""tn"":100,""tp"":95,""weighted_covered_error"":0.0}}","{""balance_score"":0.011057692307692268,""calibration_group_counts_by_label"":{""0"":20,""1"":19},""calibration_groups"":39,""calibration_label_counts"":{""0"":100,""1"":95},""calibration_records"":195,""fit_group_counts_by_label"":{""0"":29,""1"":28},""fit_groups"":57,""fit_label_counts"":{""0"":145,""1"":140},""fit_records"":285,""group_overlap"":0}","[{""fit_group_counts_by_label"":{""0"":9,""1"":10},""fit_groups"":19,""fit_records"":95,""fold"":0,""group_overlap"":0,""validation_group_counts_by_label"":{""0"":11,""1"":9},""validation_groups"":20,""validation_records"":100},{""fit_group_counts_by_label"":{""0"":11,""1"":9},""fit_groups"":20,""fit_records"":100,""fold"":1,""group_overlap"":0,""validation_group_counts_by_label"":{""0"":9,""1"":10},""validation_groups"":19,""validation_records"":95}]",0
classification__hybrid__multilingual_minilm_l12__logistic_regression,classification,hybrid,multilingual_minilm_l12,logistic_regression,0,406,102,84,21,0,3.8761212000099476,0.39299550000578165,0.06963460000406485,0.6826921569025965,classifier_pipeline_with_precomputed_embedding,"{""model__C"":10.0}",0.6740687348391178,"{""automatic_maintenance_as_obra"":0,""automatic_non_obra_as_obra"":0,""coverage"":0.5696969696969697,""covered"":94,""eligible"":true,""errors"":3,""obra_threshold"":0.9,""risk"":0.031914893617021274,""threshold"":0.72}","{""balance_score"":0.013121361397223433,""calibration_group_counts_by_label"":{""0"":9,""1"":11,""2"":10,""3"":4},""calibration_groups"":34,""calibration_label_counts"":{""0"":41,""1"":55,""2"":50,""3"":19},""calibration_records"":165,""fit_group_counts_by_label"":{""0"":12,""1"":16,""2"":15,""3"":7},""fit_groups"":50,""fit_label_counts"":{""0"":60,""1"":79,""2"":73,""3"":29},""fit_records"":241,""group_overlap"":0}","[{""fit_group_counts_by_label"":{""0"":5,""1"":5,""2"":5,""3"":2},""fit_groups"":17,""fit_records"":80,""fold"":0,""group_overlap"":0,""validation_group_counts_by_label"":{""0"":4,""1"":6,""2"":5,""3"":2},""validation_groups"":17,""validation_records"":85},{""fit_group_counts_by_label"":{""0"":4,""1"":6,""2"":5,""3"":2},""fit_groups"":17,""fit_records"":85,""fold"":1,""group_overlap"":0,""validation_group_counts_by_label"":{""0"":5,""1"":5,""2"":5,""3"":2},""validation_groups"":17,""validation_records"":80}]",0
classification__hybrid__multilingual_minilm_l12__logistic_regression,classification,hybrid,multilingual_minilm_l12,logistic_regression,1,415,93,84,21,0,3.8436298000015086,0.3907367000065278,0.10011579999991227,1.0765139784936804,classifier_pipeline_with_precomputed_embedding,"{""model__C"":0.1}",0.7064796700672917,"{""automatic_maintenance_as_obra"":0,""automatic_non_obra_as_obra"":0,""coverage"":0.5757575757575758,""covered"":95,""eligible"":true,""errors"":1,""obra_threshold"":0.9,""risk"":0.010526315789473684,""threshold"":0.61}","{""balance_score"":0.030156991602774727,""calibration_group_counts_by_label"":{""0"":10,""1"":10,""2"":10,""3"":4},""calibration_groups"":34,""calibration_label_counts"":{""0"":47,""1"":49,""2"":50,""3"":19},""calibration_records"":165,""fit_group_counts_by_label"":{""0"":14,""1"":16,""2"":15,""3"":5},""fit_groups"":50,""fit_label_counts"":{""0"":70,""1"":80,""2"":75,""3"":25},""fit_records"":250,""group_overlap"":0}","[{""fit_group_counts_by_label"":{""0"":3,""1"":5,""2"":7,""3"":2},""fit_groups"":17,""fit_records"":84,""fold"":0,""group_overlap"":0,""validation_group_counts_by_label"":{""0"":7,""1"":5,""2"":3,""3"":2},""validation_groups"":17,""validation_records"":81},{""fit_group_counts_by_label"":{""0"":7,""1"":5,""2"":3,""3"":2},""fit_groups"":17,""fit_records"":81,""fold"":1,""group_overlap"":0,""validation_group_counts_by_label"":{""0"":3,""1"":5,""2"":7,""3"":2},""validation_groups"":17,""validation_records"":84}]",0
classification__hybrid__multilingual_minilm_l12__logistic_regression,classification,hybrid,multilingual_minilm_l12,logistic_regression,2,405,103,84,21,0,3.693770800004131,0.4397406000061892,0.06021049999981187,0.5845679611632221,classifier_pipeline_with_precomputed_embedding,"{""model__C"":0.1}",0.6071493335558822,"{""automatic_maintenance_as_obra"":0,""automatic_non_obra_as_obra"":0,""coverage"":0.5357142857142857,""covered"":90,""eligible"":true,""errors"":6,""obra_threshold"":0.9,""risk"":0.06666666666666667,""threshold"":0.65}","{""balance_score"":0.02760141093474426,""calibration_group_counts_by_label"":{""0"":8,""1"":11,""2"":11,""3"":4},""calibration_groups"":34,""calibration_label_counts"":{""0"":40,""1"":55,""2"":55,""3"":18},""calibration_records"":168,""fit_group_counts_by_label"":{""0"":13,""1"":15,""2"":16,""3"":6},""fit_groups"":50,""fit_label_counts"":{""0"":58,""1"":75,""2"":78,""3"":26},""fit_records"":237,""group_overlap"":0}","[{""fit_group_counts_by_label"":{""0"":4,""1"":4,""2"":7,""3"":2},""fit_groups"":17,""fit_records"":85,""fold"":0,""group_overlap"":0,""validation_group_counts_by_label"":{""0"":4,""1"":7,""2"":4,""3"":2},""validation_groups"":17,""validation_records"":83},{""fit_group_counts_by_label"":{""0"":4,""1"":7,""2"":4,""3"":2},""fit_groups"":17,""fit_records"":83,""fold"":1,""group_overlap"":0,""validation_group_counts_by_label"":{""0"":4,""1"":4,""2"":7,""3"":2},""validation_groups"":17,""validation_records"":85}]",0
classification__hybrid__multilingual_minilm_l12__logistic_regression,classification,hybrid,multilingual_minilm_l12,logistic_regression,3,403,105,84,21,0,3.762584100011736,0.37107379999361,0.06009639998956118,0.5723466665672493,classifier_pipeline_with_precomputed_embedding,"{""model__C"":0.1}",0.5774911407592391,"{""eligible"":false,""obra_threshold"":0.9,""threshold"":null}","{""balance_score"":0.02989308580706429,""calibration_group_counts_by_label"":{""0"":10,""1"":9,""2"":10,""3"":5},""calibration_groups"":34,""calibration_label_counts"":{""0"":47,""1"":44,""2"":48,""3"":23},""calibration_records"":162,""fit_group_counts_by_label"":{""0"":15,""1"":14,""2"":14,""3"":7},""fit_groups"":50,""fit_label_counts"":{""0"":71,""1"":70,""2"":70,""3"":30},""fit_records"":241,""group_overlap"":0}","[{""fit_group_counts_by_label"":{""0"":4,""1"":4,""2"":6,""3"":3},""fit_groups"":17,""fit_records"":83,""fold"":0,""group_overlap"":0,""validation_group_counts_by_label"":{""0"":6,""1"":5,""2"":4,""3"":2},""validation_groups"":17,""validation_records"":79},{""fit_group_counts_by_label"":{""0"":6,""1"":5,""2"":4,""3"":2},""fit_groups"":17,""fit_records"":79,""fold"":1,""group_overlap"":0,""validation_group_counts_by_label"":{""0"":4,""1"":4,""2"":6,""3"":3},""validation_groups"":17,""validation_records"":83}]",0
classification__hybrid__multilingual_minilm_l12__logistic_regression,classification,hybrid,multilingual_minilm_l12,logistic_regression,4,403,105,84,21,0,3.863345699995989,0.37532289999944624,0.06402449999586679,0.6097571428177789,classifier_pipeline_with_precomputed_embedding,"{""model__C"":10.0}",0.6997303681298783,"{""automatic_maintenance_as_obra"":0,""automatic_non_obra_as_obra"":0,""coverage"":0.5209580838323353,""covered"":87,""eligible"":true,""errors"":3,""obra_threshold"":0.9,""risk"":0.034482758620689655,""threshold"":0.77}","{""balance_score"":0.023069493766808807,""calibration_group_counts_by_label"":{""0"":8,""1"":11,""2"":11,""3"":4},""calibration_groups"":34,""calibration_label_counts"":{""0"":40,""1"":54,""2"":55,""3"":18},""calibration_records"":167,""fit_group_counts_by_label"":{""0"":13,""1"":15,""2"":16,""3"":6},""fit_groups"":50,""fit_label_counts"":{""0"":58,""1"":75,""2"":78,""3"":25},""fit_records"":236,""group_overlap"":0}","[{""fit_group_counts_by_label"":{""0"":4,""1"":6,""2"":5,""3"":2},""fit_groups"":17,""fit_records"":84,""fold"":0,""group_overlap"":0,""validation_group_counts_by_label"":{""0"":4,""1"":5,""2"":6,""3"":2},""validation_groups"":17,""validation_records"":83},{""fit_group_counts_by_label"":{""0"":4,""1"":5,""2"":6,""3"":2},""fit_groups"":17,""fit_records"":83,""fold"":1,""group_overlap"":0,""validation_group_counts_by_label"":{""0"":4,""1"":6,""2"":5,""3"":2},""validation_groups"":17,""validation_records"":84}]",0
classification__hybrid__multilingual_minilm_l12__decision_tree,classification,hybrid,multilingual_minilm_l12,decision_tree,0,406,102,84,21,0,5.1701552999875275,0.38576540000212844,0.0674773000064306,0.6615421569257901,classifier_pipeline_with_precomputed_embedding,"{""model__max_depth"":6,""model__min_samples_leaf"":5}",0.448453025088087,"{""eligible"":false,""obra_threshold"":0.9,""threshold"":null}","{""balance_score"":0.013121361397223433,""calibration_group_counts_by_label"":{""0"":9,""1"":11,""2"":10,""3"":4},""calibration_groups"":34,""calibration_label_counts"":{""0"":41,""1"":55,""2"":50,""3"":19},""calibration_records"":165,""fit_group_counts_by_label"":{""0"":12,""1"":16,""2"":15,""3"":7},""fit_groups"":50,""fit_label_counts"":{""0"":60,""1"":79,""2"":73,""3"":29},""fit_records"":241,""group_overlap"":0}","[{""fit_group_counts_by_label"":{""0"":5,""1"":5,""2"":5,""3"":2},""fit_groups"":17,""fit_records"":80,""fold"":0,""group_overlap"":0,""validation_group_counts_by_label"":{""0"":4,""1"":6,""2"":5,""3"":2},""validation_groups"":17,""validation_records"":85},{""fit_group_counts_by_label"":{""0"":4,""1"":6,""2"":5,""3"":2},""fit_groups"":17,""fit_records"":85,""fold"":1,""group_overlap"":0,""validation_group_counts_by_label"":{""0"":5,""1"":5,""2"":5,""3"":2},""validation_groups"":17,""validation_records"":80}]",0
classification__hybrid__multilingual_minilm_l12__decision_tree,classification,hybrid,multilingual_minilm_l12,decision_tree,1,415,93,84,21,0,5.384192299999995,0.3519135999958962,0.05752819999179337,0.6185827956106814,classifier_pipeline_with_precomputed_embedding,"{""model__max_depth"":3,""model__min_samples_leaf"":2}",0.5708063285983139,"{""eligible"":false,""obra_threshold"":0.9,""threshold"":null}","{""balance_score"":0.030156991602774727,""calibration_group_counts_by_label"":{""0"":10,""1"":10,""2"":10,""3"":4},""calibration_groups"":34,""calibration_label_counts"":{""0"":47,""1"":49,""2"":50,""3"":19},""calibration_records"":165,""fit_group_counts_by_label"":{""0"":14,""1"":16,""2"":15,""3"":5},""fit_groups"":50,""fit_label_counts"":{""0"":70,""1"":80,""2"":75,""3"":25},""fit_records"":250,""group_overlap"":0}","[{""fit_group_counts_by_label"":{""0"":3,""1"":5,""2"":7,""3"":2},""fit_groups"":17,""fit_records"":84,""fold"":0,""group_overlap"":0,""validation_group_counts_by_label"":{""0"":7,""1"":5,""2"":3,""3"":2},""validation_groups"":17,""validation_records"":81},{""fit_group_counts_by_label"":{""0"":7,""1"":5,""2"":3,""3"":2},""fit_groups"":17,""fit_records"":81,""fold"":1,""group_overlap"":0,""validation_group_counts_by_label"":{""0"":3,""1"":5,""2"":7,""3"":2},""validation_groups"":17,""validation_records"":84}]",0
classification__hybrid__multilingual_minilm_l12__decision_tree,classification,hybrid,multilingual_minilm_l12,decision_tree,2,405,103,84,21,0,4.827690600010101,0.42179910000413656,0.06820670000161044,0.6622009708894218,classifier_pipeline_with_precomputed_embedding,"{""model__max_depth"":3,""model__min_samples_leaf"":5}",0.5876174156502246,"{""eligible"":false,""obra_threshold"":0.9,""threshold"":null}","{""balance_score"":0.02760141093474426,""calibration_group_counts_by_label"":{""0"":8,""1"":11,""2"":11,""3"":4},""calibration_groups"":34,""calibration_label_counts"":{""0"":40,""1"":55,""2"":55,""3"":18},""calibration_records"":168,""fit_group_counts_by_label"":{""0"":13,""1"":15,""2"":16,""3"":6},""fit_groups"":50,""fit_label_counts"":{""0"":58,""1"":75,""2"":78,""3"":26},""fit_records"":237,""group_overlap"":0}","[{""fit_group_counts_by_label"":{""0"":4,""1"":4,""2"":7,""3"":2},""fit_groups"":17,""fit_records"":85,""fold"":0,""group_overlap"":0,""validation_group_counts_by_label"":{""0"":4,""1"":7,""2"":4,""3"":2},""validation_groups"":17,""validation_records"":83},{""fit_group_counts_by_label"":{""0"":4,""1"":7,""2"":4,""3"":2},""fit_groups"":17,""fit_records"":83,""fold"":1,""group_overlap"":0,""validation_group_counts_by_label"":{""0"":4,""1"":4,""2"":7,""3"":2},""validation_groups"":17,""validation_records"":85}]",0
classification__hybrid__multilingual_minilm_l12__decision_tree,classification,hybrid,multilingual_minilm_l12,decision_tree,3,403,105,84,21,0,5.081160000001546,0.4086345999967307,0.07466969999950379,0.7111399999952742,classifier_pipeline_with_precomputed_embedding,"{""model__max_depth"":6,""model__min_samples_leaf"":2}",0.4279044300493183,"{""eligible"":false,""obra_threshold"":0.9,""threshold"":null}","{""balance_score"":0.02989308580706429,""calibration_group_counts_by_label"":{""0"":10,""1"":9,""2"":10,""3"":5},""calibration_groups"":34,""calibration_label_counts"":{""0"":47,""1"":44,""2"":48,""3"":23},""calibration_records"":162,""fit_group_counts_by_label"":{""0"":15,""1"":14,""2"":14,""3"":7},""fit_groups"":50,""fit_label_counts"":{""0"":71,""1"":70,""2"":70,""3"":30},""fit_records"":241,""group_overlap"":0}","[{""fit_group_counts_by_label"":{""0"":4,""1"":4,""2"":6,""3"":3},""fit_groups"":17,""fit_records"":83,""fold"":0,""group_overlap"":0,""validation_group_counts_by_label"":{""0"":6,""1"":5,""2"":4,""3"":2},""validation_groups"":17,""validation_records"":79},{""fit_group_counts_by_label"":{""0"":6,""1"":5,""2"":4,""3"":2},""fit_groups"":17,""fit_records"":79,""fold"":1,""group_overlap"":0,""validation_group_counts_by_label"":{""0"":4,""1"":4,""2"":6,""3"":3},""validation_groups"":17,""validation_records"":83}]",0
classification__hybrid__multilingual_minilm_l12__decision_tree,classification,hybrid,multilingual_minilm_l12,decision_tree,4,403,105,84,21,0,5.032978700008243,0.5150209999992512,0.061620699998456985,0.5868638095091141,classifier_pipeline_with_precomputed_embedding,"{""model__max_depth"":6,""model__min_samples_leaf"":2}",0.4332821430225588,"{""eligible"":false,""obra_threshold"":0.9,""threshold"":null}","{""balance_score"":0.023069493766808807,""calibration_group_counts_by_label"":{""0"":8,""1"":11,""2"":11,""3"":4},""calibration_groups"":34,""calibration_label_counts"":{""0"":40,""1"":54,""2"":55,""3"":18},""calibration_records"":167,""fit_group_counts_by_label"":{""0"":13,""1"":15,""2"":16,""3"":6},""fit_groups"":50,""fit_label_counts"":{""0"":58,""1"":75,""2"":78,""3"":25},""fit_records"":236,""group_overlap"":0}","[{""fit_group_counts_by_label"":{""0"":4,""1"":6,""2"":5,""3"":2},""fit_groups"":17,""fit_records"":84,""fold"":0,""group_overlap"":0,""validation_group_counts_by_label"":{""0"":4,""1"":5,""2"":6,""3"":2},""validation_groups"":17,""validation_records"":83},{""fit_group_counts_by_label"":{""0"":4,""1"":5,""2"":6,""3"":2},""fit_groups"":17,""fit_records"":83,""fold"":1,""group_overlap"":0,""validation_group_counts_by_label"":{""0"":4,""1"":6,""2"":5,""3"":2},""validation_groups"":17,""validation_records"":84}]",0
classification__hybrid__multilingual_minilm_l12__linear_svm,classification,hybrid,multilingual_minilm_l12,linear_svm,0,406,102,84,21,0,3.67126940000162,0.3819445999979507,0.05916230000730138,0.58002254909119,classifier_pipeline_with_precomputed_embedding,"{""model__C"":1.0}",0.6958496094321699,"{""automatic_maintenance_as_obra"":0,""automatic_non_obra_as_obra"":0,""coverage"":0.5333333333333333,""covered"":88,""eligible"":true,""errors"":1,""obra_threshold"":0.9,""risk"":0.011363636363636364,""threshold"":0.77}","{""balance_score"":0.013121361397223433,""calibration_group_counts_by_label"":{""0"":9,""1"":11,""2"":10,""3"":4},""calibration_groups"":34,""calibration_label_counts"":{""0"":41,""1"":55,""2"":50,""3"":19},""calibration_records"":165,""fit_group_counts_by_label"":{""0"":12,""1"":16,""2"":15,""3"":7},""fit_groups"":50,""fit_label_counts"":{""0"":60,""1"":79,""2"":73,""3"":29},""fit_records"":241,""group_overlap"":0}","[{""fit_group_counts_by_label"":{""0"":5,""1"":5,""2"":5,""3"":2},""fit_groups"":17,""fit_records"":80,""fold"":0,""group_overlap"":0,""validation_group_counts_by_label"":{""0"":4,""1"":6,""2"":5,""3"":2},""validation_groups"":17,""validation_records"":85},{""fit_group_counts_by_label"":{""0"":4,""1"":6,""2"":5,""3"":2},""fit_groups"":17,""fit_records"":85,""fold"":1,""group_overlap"":0,""validation_group_counts_by_label"":{""0"":5,""1"":5,""2"":5,""3"":2},""validation_groups"":17,""validation_records"":80}]",0
classification__hybrid__multilingual_minilm_l12__linear_svm,classification,hybrid,multilingual_minilm_l12,linear_svm,1,415,93,84,21,0,3.7992745999945328,0.3550936000101501,0.05581000000529457,0.6001075269386513,classifier_pipeline_with_precomputed_embedding,"{""model__C"":10.0}",0.7170069267097127,"{""automatic_maintenance_as_obra"":0,""automatic_non_obra_as_obra"":0,""coverage"":0.509090909090909,""covered"":84,""eligible"":true,""errors"":0,""obra_threshold"":0.9,""risk"":0.0,""threshold"":0.88}","{""balance_score"":0.030156991602774727,""calibration_group_counts_by_label"":{""0"":10,""1"":10,""2"":10,""3"":4},""calibration_groups"":34,""calibration_label_counts"":{""0"":47,""1"":49,""2"":50,""3"":19},""calibration_records"":165,""fit_group_counts_by_label"":{""0"":14,""1"":16,""2"":15,""3"":5},""fit_groups"":50,""fit_label_counts"":{""0"":70,""1"":80,""2"":75,""3"":25},""fit_records"":250,""group_overlap"":0}","[{""fit_group_counts_by_label"":{""0"":3,""1"":5,""2"":7,""3"":2},""fit_groups"":17,""fit_records"":84,""fold"":0,""group_overlap"":0,""validation_group_counts_by_label"":{""0"":7,""1"":5,""2"":3,""3"":2},""validation_groups"":17,""validation_records"":81},{""fit_group_counts_by_label"":{""0"":7,""1"":5,""2"":3,""3"":2},""fit_groups"":17,""fit_records"":81,""fold"":1,""group_overlap"":0,""validation_group_counts_by_label"":{""0"":3,""1"":5,""2"":7,""3"":2},""validation_groups"":17,""validation_records"":84}]",0
classification__hybrid__multilingual_minilm_l12__linear_svm,classification,hybrid,multilingual_minilm_l12,linear_svm,2,405,103,84,21,0,3.662487500012503,0.43806050000421237,0.0638494000013452,0.619897087391701,classifier_pipeline_with_precomputed_embedding,"{""model__C"":1.0}",0.6753830045831092,"{""automatic_maintenance_as_obra"":0,""automatic_non_obra_as_obra"":0,""coverage"":0.5178571428571429,""covered"":87,""eligible"":true,""errors"":3,""obra_threshold"":0.9,""risk"":0.034482758620689655,""threshold"":0.81}","{""balance_score"":0.02760141093474426,""calibration_group_counts_by_label"":{""0"":8,""1"":11,""2"":11,""3"":4},""calibration_groups"":34,""calibration_label_counts"":{""0"":40,""1"":55,""2"":55,""3"":18},""calibration_records"":168,""fit_group_counts_by_label"":{""0"":13,""1"":15,""2"":16,""3"":6},""fit_groups"":50,""fit_label_counts"":{""0"":58,""1"":75,""2"":78,""3"":26},""fit_records"":237,""group_overlap"":0}","[{""fit_group_counts_by_label"":{""0"":4,""1"":4,""2"":7,""3"":2},""fit_groups"":17,""fit_records"":85,""fold"":0,""group_overlap"":0,""validation_group_counts_by_label"":{""0"":4,""1"":7,""2"":4,""3"":2},""validation_groups"":17,""validation_records"":83},{""fit_group_counts_by_label"":{""0"":4,""1"":7,""2"":4,""3"":2},""fit_groups"":17,""fit_records"":83,""fold"":1,""group_overlap"":0,""validation_group_counts_by_label"":{""0"":4,""1"":4,""2"":7,""3"":2},""validation_groups"":17,""validation_records"":85}]",0
classification__hybrid__multilingual_minilm_l12__linear_svm,classification,hybrid,multilingual_minilm_l12,linear_svm,3,403,105,84,21,0,3.5686339999956544,0.37442780000856146,0.06036230000609066,0.5748790476770539,classifier_pipeline_with_precomputed_embedding,"{""model__C"":0.1}",0.5829397119998624,"{""eligible"":false,""obra_threshold"":0.9,""threshold"":null}","{""balance_score"":0.02989308580706429,""calibration_group_counts_by_label"":{""0"":10,""1"":9,""2"":10,""3"":5},""calibration_groups"":34,""calibration_label_counts"":{""0"":47,""1"":44,""2"":48,""3"":23},""calibration_records"":162,""fit_group_counts_by_label"":{""0"":15,""1"":14,""2"":14,""3"":7},""fit_groups"":50,""fit_label_counts"":{""0"":71,""1"":70,""2"":70,""3"":30},""fit_records"":241,""group_overlap"":0}","[{""fit_group_counts_by_label"":{""0"":4,""1"":4,""2"":6,""3"":3},""fit_groups"":17,""fit_records"":83,""fold"":0,""group_overlap"":0,""validation_group_counts_by_label"":{""0"":6,""1"":5,""2"":4,""3"":2},""validation_groups"":17,""validation_records"":79},{""fit_group_counts_by_label"":{""0"":6,""1"":5,""2"":4,""3"":2},""fit_groups"":17,""fit_records"":79,""fold"":1,""group_overlap"":0,""validation_group_counts_by_label"":{""0"":4,""1"":4,""2"":6,""3"":3},""validation_groups"":17,""validation_records"":83}]",0
classification__hybrid__multilingual_minilm_l12__linear_svm,classification,hybrid,multilingual_minilm_l12,linear_svm,4,403,105,84,21,0,3.6502961000078358,0.3710720999952173,0.06244779999542516,0.5947409523373824,classifier_pipeline_with_precomputed_embedding,"{""model__C"":10.0}",0.6954256356203851,"{""automatic_maintenance_as_obra"":0,""automatic_non_obra_as_obra"":0,""coverage"":0.5688622754491018,""covered"":95,""eligible"":true,""errors"":0,""obra_threshold"":0.9,""risk"":0.0,""threshold"":0.75}","{""balance_score"":0.023069493766808807,""calibration_group_counts_by_label"":{""0"":8,""1"":11,""2"":11,""3"":4},""calibration_groups"":34,""calibration_label_counts"":{""0"":40,""1"":54,""2"":55,""3"":18},""calibration_records"":167,""fit_group_counts_by_label"":{""0"":13,""1"":15,""2"":16,""3"":6},""fit_groups"":50,""fit_label_counts"":{""0"":58,""1"":75,""2"":78,""3"":25},""fit_records"":236,""group_overlap"":0}","[{""fit_group_counts_by_label"":{""0"":4,""1"":6,""2"":5,""3"":2},""fit_groups"":17,""fit_records"":84,""fold"":0,""group_overlap"":0,""validation_group_counts_by_label"":{""0"":4,""1"":5,""2"":6,""3"":2},""validation_groups"":17,""validation_records"":83},{""fit_group_counts_by_label"":{""0"":4,""1"":5,""2"":6,""3"":2},""fit_groups"":17,""fit_records"":83,""fold"":1,""group_overlap"":0,""validation_group_counts_by_label"":{""0"":4,""1"":6,""2"":5,""3"":2},""validation_groups"":17,""validation_records"":84}]",0
classification__hybrid__multilingual_minilm_l12__mlp,classification,hybrid,multilingual_minilm_l12,mlp,0,406,102,84,21,0,47.37768979999237,0.3905109000043012,0.06212729999970179,0.6090911764676646,classifier_pipeline_with_precomputed_embedding,"{""model__alpha"":0.001,""model__hidden_layer_sizes"":[16]}",0.6858490590285987,"{""automatic_maintenance_as_obra"":0,""automatic_non_obra_as_obra"":0,""coverage"":0.5212121212121212,""covered"":86,""eligible"":true,""errors"":3,""obra_threshold"":0.9,""risk"":0.03488372093023256,""threshold"":0.85}","{""balance_score"":0.013121361397223433,""calibration_group_counts_by_label"":{""0"":9,""1"":11,""2"":10,""3"":4},""calibration_groups"":34,""calibration_label_counts"":{""0"":41,""1"":55,""2"":50,""3"":19},""calibration_records"":165,""fit_group_counts_by_label"":{""0"":12,""1"":16,""2"":15,""3"":7},""fit_groups"":50,""fit_label_counts"":{""0"":60,""1"":79,""2"":73,""3"":29},""fit_records"":241,""group_overlap"":0}","[{""fit_group_counts_by_label"":{""0"":5,""1"":5,""2"":5,""3"":2},""fit_groups"":17,""fit_records"":80,""fold"":0,""group_overlap"":0,""validation_group_counts_by_label"":{""0"":4,""1"":6,""2"":5,""3"":2},""validation_groups"":17,""validation_records"":85},{""fit_group_counts_by_label"":{""0"":4,""1"":6,""2"":5,""3"":2},""fit_groups"":17,""fit_records"":85,""fold"":1,""group_overlap"":0,""validation_group_counts_by_label"":{""0"":5,""1"":5,""2"":5,""3"":2},""validation_groups"":17,""validation_records"":80}]",0
classification__hybrid__multilingual_minilm_l12__mlp,classification,hybrid,multilingual_minilm_l12,mlp,1,415,93,84,21,0,57.924837200000184,0.3716905999899609,0.059863600006792694,0.6436946237289537,classifier_pipeline_with_precomputed_embedding,"{""model__alpha"":0.001,""model__hidden_layer_sizes"":[32]}",0.734565207137993,"{""automatic_maintenance_as_obra"":0,""automatic_non_obra_as_obra"":0,""coverage"":0.6424242424242425,""covered"":106,""eligible"":true,""errors"":1,""obra_threshold"":0.9,""risk"":0.009433962264150943,""threshold"":0.87}","{""balance_score"":0.030156991602774727,""calibration_group_counts_by_label"":{""0"":10,""1"":10,""2"":10,""3"":4},""calibration_groups"":34,""calibration_label_counts"":{""0"":47,""1"":49,""2"":50,""3"":19},""calibration_records"":165,""fit_group_counts_by_label"":{""0"":14,""1"":16,""2"":15,""3"":5},""fit_groups"":50,""fit_label_counts"":{""0"":70,""1"":80,""2"":75,""3"":25},""fit_records"":250,""group_overlap"":0}","[{""fit_group_counts_by_label"":{""0"":3,""1"":5,""2"":7,""3"":2},""fit_groups"":17,""fit_records"":84,""fold"":0,""group_overlap"":0,""validation_group_counts_by_label"":{""0"":7,""1"":5,""2"":3,""3"":2},""validation_groups"":17,""validation_records"":81},{""fit_group_counts_by_label"":{""0"":7,""1"":5,""2"":3,""3"":2},""fit_groups"":17,""fit_records"":81,""fold"":1,""group_overlap"":0,""validation_group_counts_by_label"":{""0"":3,""1"":5,""2"":7,""3"":2},""validation_groups"":17,""validation_records"":84}]",0
classification__hybrid__multilingual_minilm_l12__mlp,classification,hybrid,multilingual_minilm_l12,mlp,2,405,103,84,21,0,52.96876690001227,0.4663998000032734,0.06178609999187756,0.5998650484648307,classifier_pipeline_with_precomputed_embedding,"{""model__alpha"":0.001,""model__hidden_layer_sizes"":[32]}",0.6516393938564122,"{""automatic_maintenance_as_obra"":0,""automatic_non_obra_as_obra"":0,""coverage"":0.6607142857142857,""covered"":111,""eligible"":true,""errors"":5,""obra_threshold"":0.9,""risk"":0.04504504504504504,""threshold"":0.82}","{""balance_score"":0.02760141093474426,""calibration_group_counts_by_label"":{""0"":8,""1"":11,""2"":11,""3"":4},""calibration_groups"":34,""calibration_label_counts"":{""0"":40,""1"":55,""2"":55,""3"":18},""calibration_records"":168,""fit_group_counts_by_label"":{""0"":13,""1"":15,""2"":16,""3"":6},""fit_groups"":50,""fit_label_counts"":{""0"":58,""1"":75,""2"":78,""3"":26},""fit_records"":237,""group_overlap"":0}","[{""fit_group_counts_by_label"":{""0"":4,""1"":4,""2"":7,""3"":2},""fit_groups"":17,""fit_records"":85,""fold"":0,""group_overlap"":0,""validation_group_counts_by_label"":{""0"":4,""1"":7,""2"":4,""3"":2},""validation_groups"":17,""validation_records"":83},{""fit_group_counts_by_label"":{""0"":4,""1"":7,""2"":4,""3"":2},""fit_groups"":17,""fit_records"":83,""fold"":1,""group_overlap"":0,""validation_group_counts_by_label"":{""0"":4,""1"":4,""2"":7,""3"":2},""validation_groups"":17,""validation_records"":85}]",0
classification__hybrid__multilingual_minilm_l12__mlp,classification,hybrid,multilingual_minilm_l12,mlp,3,403,105,84,21,0,45.78503260000434,0.3740766999981133,0.08217019999574404,0.7825733332928004,classifier_pipeline_with_precomputed_embedding,"{""model__alpha"":0.001,""model__hidden_layer_sizes"":[32]}",0.5539903834449901,"{""eligible"":false,""obra_threshold"":0.9,""threshold"":null}","{""balance_score"":0.02989308580706429,""calibration_group_counts_by_label"":{""0"":10,""1"":9,""2"":10,""3"":5},""calibration_groups"":34,""calibration_label_counts"":{""0"":47,""1"":44,""2"":48,""3"":23},""calibration_records"":162,""fit_group_counts_by_label"":{""0"":15,""1"":14,""2"":14,""3"":7},""fit_groups"":50,""fit_label_counts"":{""0"":71,""1"":70,""2"":70,""3"":30},""fit_records"":241,""group_overlap"":0}","[{""fit_group_counts_by_label"":{""0"":4,""1"":4,""2"":6,""3"":3},""fit_groups"":17,""fit_records"":83,""fold"":0,""group_overlap"":0,""validation_group_counts_by_label"":{""0"":6,""1"":5,""2"":4,""3"":2},""validation_groups"":17,""validation_records"":79},{""fit_group_counts_by_label"":{""0"":6,""1"":5,""2"":4,""3"":2},""fit_groups"":17,""fit_records"":79,""fold"":1,""group_overlap"":0,""validation_group_counts_by_label"":{""0"":4,""1"":4,""2"":6,""3"":3},""validation_groups"":17,""validation_records"":83}]",0
classification__hybrid__multilingual_minilm_l12__mlp,classification,hybrid,multilingual_minilm_l12,mlp,4,403,105,84,21,0,43.61121940000157,0.3875996000133455,0.11623040000267792,1.1069561905016945,classifier_pipeline_with_precomputed_embedding,"{""model__alpha"":0.001,""model__hidden_layer_sizes"":[16]}",0.6654109155807425,"{""automatic_maintenance_as_obra"":0,""automatic_non_obra_as_obra"":0,""coverage"":0.5389221556886228,""covered"":90,""eligible"":true,""errors"":1,""obra_threshold"":0.9,""risk"":0.011111111111111112,""threshold"":0.88}","{""balance_score"":0.023069493766808807,""calibration_group_counts_by_label"":{""0"":8,""1"":11,""2"":11,""3"":4},""calibration_groups"":34,""calibration_label_counts"":{""0"":40,""1"":54,""2"":55,""3"":18},""calibration_records"":167,""fit_group_counts_by_label"":{""0"":13,""1"":15,""2"":16,""3"":6},""fit_groups"":50,""fit_label_counts"":{""0"":58,""1"":75,""2"":78,""3"":25},""fit_records"":236,""group_overlap"":0}","[{""fit_group_counts_by_label"":{""0"":4,""1"":6,""2"":5,""3"":2},""fit_groups"":17,""fit_records"":84,""fold"":0,""group_overlap"":0,""validation_group_counts_by_label"":{""0"":4,""1"":5,""2"":6,""3"":2},""validation_groups"":17,""validation_records"":83},{""fit_group_counts_by_label"":{""0"":4,""1"":5,""2"":6,""3"":2},""fit_groups"":17,""fit_records"":83,""fold"":1,""group_overlap"":0,""validation_group_counts_by_label"":{""0"":4,""1"":6,""2"":5,""3"":2},""validation_groups"":17,""validation_records"":84}]",0
classification__hybrid__multilingual_minilm_l12__xgboost,classification,hybrid,multilingual_minilm_l12,xgboost,0,406,102,84,21,0,96.19736030000786,0.5316320999991149,0.12199499999405816,1.1960294117064525,classifier_pipeline_with_precomputed_embedding,"{""model__learning_rate"":0.05,""model__max_depth"":4,""model__n_estimators"":160}",0.6485870129146213,"{""eligible"":false,""obra_threshold"":0.9,""threshold"":null}","{""balance_score"":0.013121361397223433,""calibration_group_counts_by_label"":{""0"":9,""1"":11,""2"":10,""3"":4},""calibration_groups"":34,""calibration_label_counts"":{""0"":41,""1"":55,""2"":50,""3"":19},""calibration_records"":165,""fit_group_counts_by_label"":{""0"":12,""1"":16,""2"":15,""3"":7},""fit_groups"":50,""fit_label_counts"":{""0"":60,""1"":79,""2"":73,""3"":29},""fit_records"":241,""group_overlap"":0}","[{""fit_group_counts_by_label"":{""0"":5,""1"":5,""2"":5,""3"":2},""fit_groups"":17,""fit_records"":80,""fold"":0,""group_overlap"":0,""validation_group_counts_by_label"":{""0"":4,""1"":6,""2"":5,""3"":2},""validation_groups"":17,""validation_records"":85},{""fit_group_counts_by_label"":{""0"":4,""1"":6,""2"":5,""3"":2},""fit_groups"":17,""fit_records"":85,""fold"":1,""group_overlap"":0,""validation_group_counts_by_label"":{""0"":5,""1"":5,""2"":5,""3"":2},""validation_groups"":17,""validation_records"":80}]",0
classification__hybrid__multilingual_minilm_l12__xgboost,classification,hybrid,multilingual_minilm_l12,xgboost,1,415,93,84,21,0,97.86764060000132,0.5657489000004716,0.06363030000647996,0.6841967742632253,classifier_pipeline_with_precomputed_embedding,"{""model__learning_rate"":0.05,""model__max_depth"":4,""model__n_estimators"":160}",0.5564213418249481,"{""automatic_maintenance_as_obra"":0,""automatic_non_obra_as_obra"":0,""coverage"":0.503030303030303,""covered"":83,""eligible"":true,""errors"":7,""obra_threshold"":0.9,""risk"":0.08433734939759036,""threshold"":0.71}","{""balance_score"":0.030156991602774727,""calibration_group_counts_by_label"":{""0"":10,""1"":10,""2"":10,""3"":4},""calibration_groups"":34,""calibration_label_counts"":{""0"":47,""1"":49,""2"":50,""3"":19},""calibration_records"":165,""fit_group_counts_by_label"":{""0"":14,""1"":16,""2"":15,""3"":5},""fit_groups"":50,""fit_label_counts"":{""0"":70,""1"":80,""2"":75,""3"":25},""fit_records"":250,""group_overlap"":0}","[{""fit_group_counts_by_label"":{""0"":3,""1"":5,""2"":7,""3"":2},""fit_groups"":17,""fit_records"":84,""fold"":0,""group_overlap"":0,""validation_group_counts_by_label"":{""0"":7,""1"":5,""2"":3,""3"":2},""validation_groups"":17,""validation_records"":81},{""fit_group_counts_by_label"":{""0"":7,""1"":5,""2"":3,""3"":2},""fit_groups"":17,""fit_records"":81,""fold"":1,""group_overlap"":0,""validation_group_counts_by_label"":{""0"":3,""1"":5,""2"":7,""3"":2},""validation_groups"":17,""validation_records"":84}]",0
classification__hybrid__multilingual_minilm_l12__xgboost,classification,hybrid,multilingual_minilm_l12,xgboost,2,405,103,84,21,0,82.18897760000254,0.6688892999954987,0.0853720000013709,0.8288543689453486,classifier_pipeline_with_precomputed_embedding,"{""model__learning_rate"":0.05,""model__max_depth"":2,""model__n_estimators"":160}",0.6388095575128087,"{""eligible"":false,""obra_threshold"":0.9,""threshold"":null}","{""balance_score"":0.02760141093474426,""calibration_group_counts_by_label"":{""0"":8,""1"":11,""2"":11,""3"":4},""calibration_groups"":34,""calibration_label_counts"":{""0"":40,""1"":55,""2"":55,""3"":18},""calibration_records"":168,""fit_group_counts_by_label"":{""0"":13,""1"":15,""2"":16,""3"":6},""fit_groups"":50,""fit_label_counts"":{""0"":58,""1"":75,""2"":78,""3"":26},""fit_records"":237,""group_overlap"":0}","[{""fit_group_counts_by_label"":{""0"":4,""1"":4,""2"":7,""3"":2},""fit_groups"":17,""fit_records"":85,""fold"":0,""group_overlap"":0,""validation_group_counts_by_label"":{""0"":4,""1"":7,""2"":4,""3"":2},""validation_groups"":17,""validation_records"":83},{""fit_group_counts_by_label"":{""0"":4,""1"":7,""2"":4,""3"":2},""fit_groups"":17,""fit_records"":83,""fold"":1,""group_overlap"":0,""validation_group_counts_by_label"":{""0"":4,""1"":4,""2"":7,""3"":2},""validation_groups"":17,""validation_records"":85}]",0
classification__hybrid__multilingual_minilm_l12__xgboost,classification,hybrid,multilingual_minilm_l12,xgboost,3,403,105,84,21,0,79.63866510000662,0.5316173000028357,0.06808480000472628,0.6484266667116788,classifier_pipeline_with_precomputed_embedding,"{""model__learning_rate"":0.05,""model__max_depth"":2,""model__n_estimators"":160}",0.49002226719501385,"{""automatic_maintenance_as_obra"":0,""automatic_non_obra_as_obra"":0,""coverage"":0.5246913580246914,""covered"":85,""eligible"":true,""errors"":7,""obra_threshold"":0.9,""risk"":0.08235294117647059,""threshold"":0.66}","{""balance_score"":0.02989308580706429,""calibration_group_counts_by_label"":{""0"":10,""1"":9,""2"":10,""3"":5},""calibration_groups"":34,""calibration_label_counts"":{""0"":47,""1"":44,""2"":48,""3"":23},""calibration_records"":162,""fit_group_counts_by_label"":{""0"":15,""1"":14,""2"":14,""3"":7},""fit_groups"":50,""fit_label_counts"":{""0"":71,""1"":70,""2"":70,""3"":30},""fit_records"":241,""group_overlap"":0}","[{""fit_group_counts_by_label"":{""0"":4,""1"":4,""2"":6,""3"":3},""fit_groups"":17,""fit_records"":83,""fold"":0,""group_overlap"":0,""validation_group_counts_by_label"":{""0"":6,""1"":5,""2"":4,""3"":2},""validation_groups"":17,""validation_records"":79},{""fit_group_counts_by_label"":{""0"":6,""1"":5,""2"":4,""3"":2},""fit_groups"":17,""fit_records"":79,""fold"":1,""group_overlap"":0,""validation_group_counts_by_label"":{""0"":4,""1"":4,""2"":6,""3"":3},""validation_groups"":17,""validation_records"":83}]",0
classification__hybrid__multilingual_minilm_l12__xgboost,classification,hybrid,multilingual_minilm_l12,xgboost,4,403,105,84,21,0,89.56161079999583,0.6454138000117382,0.06977319999714382,0.664506666639465,classifier_pipeline_with_precomputed_embedding,"{""model__learning_rate"":0.05,""model__max_depth"":4,""model__n_estimators"":160}",0.4945146326338709,"{""eligible"":false,""obra_threshold"":0.9,""threshold"":null}","{""balance_score"":0.023069493766808807,""calibration_group_counts_by_label"":{""0"":8,""1"":11,""2"":11,""3"":4},""calibration_groups"":34,""calibration_label_counts"":{""0"":40,""1"":54,""2"":55,""3"":18},""calibration_records"":167,""fit_group_counts_by_label"":{""0"":13,""1"":15,""2"":16,""3"":6},""fit_groups"":50,""fit_label_counts"":{""0"":58,""1"":75,""2"":78,""3"":25},""fit_records"":236,""group_overlap"":0}","[{""fit_group_counts_by_label"":{""0"":4,""1"":6,""2"":5,""3"":2},""fit_groups"":17,""fit_records"":84,""fold"":0,""group_overlap"":0,""validation_group_counts_by_label"":{""0"":4,""1"":5,""2"":6,""3"":2},""validation_groups"":17,""validation_records"":83},{""fit_group_counts_by_label"":{""0"":4,""1"":5,""2"":6,""3"":2},""fit_groups"":17,""fit_records"":83,""fold"":1,""group_overlap"":0,""validation_group_counts_by_label"":{""0"":4,""1"":6,""2"":5,""3"":2},""validation_groups"":17,""validation_records"":84}]",0
deduplication__hybrid__multilingual_minilm_l12__logistic_regression,deduplication,hybrid,multilingual_minilm_l12,logistic_regression,0,480,120,96,24,0,7.679499700010638,0.7414577000017744,0.14035030000377446,1.1695858333647873,classifier_pipeline_with_precomputed_embedding,"{""model__C"":0.1}",0.0,"{""curve_points"":2450,""eligible"":true,""negative_threshold"":0.07,""positive_threshold"":0.95,""selected"":{""abstained"":0,""automated_false_negative_rate"":0.0,""automated_false_positive_rate"":0.0,""automation_duplicate_recall"":1.0,""automation_nonduplicate_recall"":1.0,""coverage"":1.0,""covered"":195,""covered_error_rate"":0.0,""false_negative_cost"":5.0,""false_positive_cost"":1.0,""fn"":0,""fp"":0,""negative_predictive_value"":1.0,""negative_threshold"":0.07,""negatives"":95,""positive_threshold"":0.95,""positives"":100,""precision"":1.0,""threshold"":0.95,""tn"":95,""tp"":100,""weighted_covered_error"":0.0}}","{""balance_score"":0.011057692307692268,""calibration_group_counts_by_label"":{""0"":19,""1"":20},""calibration_groups"":39,""calibration_label_counts"":{""0"":95,""1"":100},""calibration_records"":195,""fit_group_counts_by_label"":{""0"":28,""1"":29},""fit_groups"":57,""fit_label_counts"":{""0"":140,""1"":145},""fit_records"":285,""group_overlap"":0}","[{""fit_group_counts_by_label"":{""0"":11,""1"":8},""fit_groups"":19,""fit_records"":95,""fold"":0,""group_overlap"":0,""validation_group_counts_by_label"":{""0"":8,""1"":12},""validation_groups"":20,""validation_records"":100},{""fit_group_counts_by_label"":{""0"":8,""1"":12},""fit_groups"":20,""fit_records"":100,""fold"":1,""group_overlap"":0,""validation_group_counts_by_label"":{""0"":11,""1"":8},""validation_groups"":19,""validation_records"":95}]",0
deduplication__hybrid__multilingual_minilm_l12__logistic_regression,deduplication,hybrid,multilingual_minilm_l12,logistic_regression,1,480,120,96,24,0,7.637024600000586,1.1552439000079175,0.13971960000344552,1.1643300000287127,classifier_pipeline_with_precomputed_embedding,"{""model__C"":0.1}",0.0,"{""curve_points"":2450,""eligible"":true,""negative_threshold"":0.07,""positive_threshold"":0.93,""selected"":{""abstained"":0,""automated_false_negative_rate"":0.0,""automated_false_positive_rate"":0.0,""automation_duplicate_recall"":1.0,""automation_nonduplicate_recall"":1.0,""coverage"":1.0,""covered"":195,""covered_error_rate"":0.0,""false_negative_cost"":5.0,""false_positive_cost"":1.0,""fn"":0,""fp"":0,""negative_predictive_value"":1.0,""negative_threshold"":0.07,""negatives"":95,""positive_threshold"":0.93,""positives"":100,""precision"":1.0,""threshold"":0.93,""tn"":95,""tp"":100,""weighted_covered_error"":0.0}}","{""balance_score"":0.011057692307692268,""calibration_group_counts_by_label"":{""0"":19,""1"":20},""calibration_groups"":39,""calibration_label_counts"":{""0"":95,""1"":100},""calibration_records"":195,""fit_group_counts_by_label"":{""0"":28,""1"":29},""fit_groups"":57,""fit_label_counts"":{""0"":140,""1"":145},""fit_records"":285,""group_overlap"":0}","[{""fit_group_counts_by_label"":{""0"":11,""1"":8},""fit_groups"":19,""fit_records"":95,""fold"":0,""group_overlap"":0,""validation_group_counts_by_label"":{""0"":8,""1"":12},""validation_groups"":20,""validation_records"":100},{""fit_group_counts_by_label"":{""0"":8,""1"":12},""fit_groups"":20,""fit_records"":100,""fold"":1,""group_overlap"":0,""validation_group_counts_by_label"":{""0"":11,""1"":8},""validation_groups"":19,""validation_records"":95}]",0
deduplication__hybrid__multilingual_minilm_l12__logistic_regression,deduplication,hybrid,multilingual_minilm_l12,logistic_regression,2,480,120,96,24,0,7.219579299999168,0.8101068000105442,0.14457750000292435,1.2048125000243697,classifier_pipeline_with_precomputed_embedding,"{""model__C"":0.1}",0.0,"{""curve_points"":2450,""eligible"":true,""negative_threshold"":0.12,""positive_threshold"":0.94,""selected"":{""abstained"":0,""automated_false_negative_rate"":0.0,""automated_false_positive_rate"":0.0,""automation_duplicate_recall"":1.0,""automation_nonduplicate_recall"":1.0,""coverage"":1.0,""covered"":195,""covered_error_rate"":0.0,""false_negative_cost"":5.0,""false_positive_cost"":1.0,""fn"":0,""fp"":0,""negative_predictive_value"":1.0,""negative_threshold"":0.12,""negatives"":95,""positive_threshold"":0.94,""positives"":100,""precision"":1.0,""threshold"":0.94,""tn"":95,""tp"":100,""weighted_covered_error"":0.0}}","{""balance_score"":0.011057692307692268,""calibration_group_counts_by_label"":{""0"":19,""1"":20},""calibration_groups"":39,""calibration_label_counts"":{""0"":95,""1"":100},""calibration_records"":195,""fit_group_counts_by_label"":{""0"":28,""1"":29},""fit_groups"":57,""fit_label_counts"":{""0"":140,""1"":145},""fit_records"":285,""group_overlap"":0}","[{""fit_group_counts_by_label"":{""0"":8,""1"":11},""fit_groups"":19,""fit_records"":95,""fold"":0,""group_overlap"":0,""validation_group_counts_by_label"":{""0"":11,""1"":9},""validation_groups"":20,""validation_records"":100},{""fit_group_counts_by_label"":{""0"":11,""1"":9},""fit_groups"":20,""fit_records"":100,""fold"":1,""group_overlap"":0,""validation_group_counts_by_label"":{""0"":8,""1"":11},""validation_groups"":19,""validation_records"":95}]",0
deduplication__hybrid__multilingual_minilm_l12__logistic_regression,deduplication,hybrid,multilingual_minilm_l12,logistic_regression,3,480,120,96,24,0,7.459492699999828,0.7341661999962525,0.13848979999602307,1.1540816666335256,classifier_pipeline_with_precomputed_embedding,"{""model__C"":0.1}",0.0,"{""curve_points"":2450,""eligible"":true,""negative_threshold"":0.2,""positive_threshold"":0.9,""selected"":{""abstained"":0,""automated_false_negative_rate"":0.0,""automated_false_positive_rate"":0.0,""automation_duplicate_recall"":1.0,""automation_nonduplicate_recall"":1.0,""coverage"":1.0,""covered"":195,""covered_error_rate"":0.0,""false_negative_cost"":5.0,""false_positive_cost"":1.0,""fn"":0,""fp"":0,""negative_predictive_value"":1.0,""negative_threshold"":0.2,""negatives"":100,""positive_threshold"":0.9,""positives"":95,""precision"":1.0,""threshold"":0.9,""tn"":100,""tp"":95,""weighted_covered_error"":0.0}}","{""balance_score"":0.022275641025641058,""calibration_group_counts_by_label"":{""0"":20,""1"":19},""calibration_groups"":39,""calibration_label_counts"":{""0"":100,""1"":95},""calibration_records"":195,""fit_group_counts_by_label"":{""0"":30,""1"":27},""fit_groups"":57,""fit_label_counts"":{""0"":150,""1"":135},""fit_records"":285,""group_overlap"":0}","[{""fit_group_counts_by_label"":{""0"":12,""1"":7},""fit_groups"":19,""fit_records"":95,""fold"":0,""group_overlap"":0,""validation_group_counts_by_label"":{""0"":8,""1"":12},""validation_groups"":20,""validation_records"":100},{""fit_group_counts_by_label"":{""0"":8,""1"":12},""fit_groups"":20,""fit_records"":100,""fold"":1,""group_overlap"":0,""validation_group_counts_by_label"":{""0"":12,""1"":7},""validation_groups"":19,""validation_records"":95}]",0
deduplication__hybrid__multilingual_minilm_l12__logistic_regression,deduplication,hybrid,multilingual_minilm_l12,logistic_regression,4,480,120,96,24,0,7.411490300000878,0.7370128000038676,0.14796549998573028,1.233045833214419,classifier_pipeline_with_precomputed_embedding,"{""model__C"":0.1}",-0.2631578947368421,"{""curve_points"":2450,""eligible"":true,""negative_threshold"":0.06,""positive_threshold"":0.92,""selected"":{""abstained"":0,""automated_false_negative_rate"":0.0,""automated_false_positive_rate"":0.0,""automation_duplicate_recall"":1.0,""automation_nonduplicate_recall"":1.0,""coverage"":1.0,""covered"":195,""covered_error_rate"":0.0,""false_negative_cost"":5.0,""false_positive_cost"":1.0,""fn"":0,""fp"":0,""negative_predictive_value"":1.0,""negative_threshold"":0.06,""negatives"":100,""positive_threshold"":0.92,""positives"":95,""precision"":1.0,""threshold"":0.92,""tn"":100,""tp"":95,""weighted_covered_error"":0.0}}","{""balance_score"":0.011057692307692268,""calibration_group_counts_by_label"":{""0"":20,""1"":19},""calibration_groups"":39,""calibration_label_counts"":{""0"":100,""1"":95},""calibration_records"":195,""fit_group_counts_by_label"":{""0"":29,""1"":28},""fit_groups"":57,""fit_label_counts"":{""0"":145,""1"":140},""fit_records"":285,""group_overlap"":0}","[{""fit_group_counts_by_label"":{""0"":9,""1"":10},""fit_groups"":19,""fit_records"":95,""fold"":0,""group_overlap"":0,""validation_group_counts_by_label"":{""0"":11,""1"":9},""validation_groups"":20,""validation_records"":100},{""fit_group_counts_by_label"":{""0"":11,""1"":9},""fit_groups"":20,""fit_records"":100,""fold"":1,""group_overlap"":0,""validation_group_counts_by_label"":{""0"":9,""1"":10},""validation_groups"":19,""validation_records"":95}]",0
deduplication__hybrid__multilingual_minilm_l12__decision_tree,deduplication,hybrid,multilingual_minilm_l12,decision_tree,0,480,120,96,24,0,11.310703900002409,0.7517838000057964,0.14701359999889974,1.2251133333241644,classifier_pipeline_with_precomputed_embedding,"{""model__max_depth"":3,""model__min_samples_leaf"":2}",-0.045614035087719294,"{""curve_points"":2450,""eligible"":true,""negative_threshold"":0.03,""positive_threshold"":0.97,""selected"":{""abstained"":0,""automated_false_negative_rate"":0.0,""automated_false_positive_rate"":0.0,""automation_duplicate_recall"":1.0,""automation_nonduplicate_recall"":1.0,""coverage"":1.0,""covered"":195,""covered_error_rate"":0.0,""false_negative_cost"":5.0,""false_positive_cost"":1.0,""fn"":0,""fp"":0,""negative_predictive_value"":1.0,""negative_threshold"":0.03,""negatives"":95,""positive_threshold"":0.97,""positives"":100,""precision"":1.0,""threshold"":0.97,""tn"":95,""tp"":100,""weighted_covered_error"":0.0}}","{""balance_score"":0.011057692307692268,""calibration_group_counts_by_label"":{""0"":19,""1"":20},""calibration_groups"":39,""calibration_label_counts"":{""0"":95,""1"":100},""calibration_records"":195,""fit_group_counts_by_label"":{""0"":28,""1"":29},""fit_groups"":57,""fit_label_counts"":{""0"":140,""1"":145},""fit_records"":285,""group_overlap"":0}","[{""fit_group_counts_by_label"":{""0"":11,""1"":8},""fit_groups"":19,""fit_records"":95,""fold"":0,""group_overlap"":0,""validation_group_counts_by_label"":{""0"":8,""1"":12},""validation_groups"":20,""validation_records"":100},{""fit_group_counts_by_label"":{""0"":8,""1"":12},""fit_groups"":20,""fit_records"":100,""fold"":1,""group_overlap"":0,""validation_group_counts_by_label"":{""0"":11,""1"":8},""validation_groups"":19,""validation_records"":95}]",0
deduplication__hybrid__multilingual_minilm_l12__decision_tree,deduplication,hybrid,multilingual_minilm_l12,decision_tree,1,480,120,96,24,0,11.823256500007119,1.0222580999979982,0.13241910000215285,1.1034925000179403,classifier_pipeline_with_precomputed_embedding,"{""model__max_depth"":3,""model__min_samples_leaf"":2}",-0.045614035087719294,"{""curve_points"":2450,""eligible"":true,""negative_threshold"":0.03,""positive_threshold"":0.97,""selected"":{""abstained"":0,""automated_false_negative_rate"":0.0,""automated_false_positive_rate"":0.0,""automation_duplicate_recall"":1.0,""automation_nonduplicate_recall"":1.0,""coverage"":1.0,""covered"":195,""covered_error_rate"":0.0,""false_negative_cost"":5.0,""false_positive_cost"":1.0,""fn"":0,""fp"":0,""negative_predictive_value"":1.0,""negative_threshold"":0.03,""negatives"":95,""positive_threshold"":0.97,""positives"":100,""precision"":1.0,""threshold"":0.97,""tn"":95,""tp"":100,""weighted_covered_error"":0.0}}","{""balance_score"":0.011057692307692268,""calibration_group_counts_by_label"":{""0"":19,""1"":20},""calibration_groups"":39,""calibration_label_counts"":{""0"":95,""1"":100},""calibration_records"":195,""fit_group_counts_by_label"":{""0"":28,""1"":29},""fit_groups"":57,""fit_label_counts"":{""0"":140,""1"":145},""fit_records"":285,""group_overlap"":0}","[{""fit_group_counts_by_label"":{""0"":11,""1"":8},""fit_groups"":19,""fit_records"":95,""fold"":0,""group_overlap"":0,""validation_group_counts_by_label"":{""0"":8,""1"":12},""validation_groups"":20,""validation_records"":100},{""fit_group_counts_by_label"":{""0"":8,""1"":12},""fit_groups"":20,""fit_records"":100,""fold"":1,""group_overlap"":0,""validation_group_counts_by_label"":{""0"":11,""1"":8},""validation_groups"":19,""validation_records"":95}]",0
deduplication__hybrid__multilingual_minilm_l12__decision_tree,deduplication,hybrid,multilingual_minilm_l12,decision_tree,2,480,120,96,24,0,10.714927099994384,0.826808700003312,0.15794230000756215,1.3161858333963512,classifier_pipeline_with_precomputed_embedding,"{""model__max_depth"":3,""model__min_samples_leaf"":2}",-0.17894736842105263,"{""curve_points"":2450,""eligible"":true,""negative_threshold"":0.03,""positive_threshold"":0.91,""selected"":{""abstained"":0,""automated_false_negative_rate"":0.0,""automated_false_positive_rate"":0.031578947368421054,""automation_duplicate_recall"":1.0,""automation_nonduplicate_recall"":0.968421052631579,""coverage"":1.0,""covered"":195,""covered_error_rate"":0.015384615384615385,""false_negative_cost"":5.0,""false_positive_cost"":1.0,""fn"":0,""fp"":3,""negative_predictive_value"":1.0,""negative_threshold"":0.03,""negatives"":95,""positive_threshold"":0.91,""positives"":100,""precision"":0.970873786407767,""threshold"":0.91,""tn"":92,""tp"":100,""weighted_covered_error"":0.015384615384615385}}","{""balance_score"":0.011057692307692268,""calibration_group_counts_by_label"":{""0"":19,""1"":20},""calibration_groups"":39,""calibration_label_counts"":{""0"":95,""1"":100},""calibration_records"":195,""fit_group_counts_by_label"":{""0"":28,""1"":29},""fit_groups"":57,""fit_label_counts"":{""0"":140,""1"":145},""fit_records"":285,""group_overlap"":0}","[{""fit_group_counts_by_label"":{""0"":8,""1"":11},""fit_groups"":19,""fit_records"":95,""fold"":0,""group_overlap"":0,""validation_group_counts_by_label"":{""0"":11,""1"":9},""validation_groups"":20,""validation_records"":100},{""fit_group_counts_by_label"":{""0"":11,""1"":9},""fit_groups"":20,""fit_records"":100,""fold"":1,""group_overlap"":0,""validation_group_counts_by_label"":{""0"":8,""1"":11},""validation_groups"":19,""validation_records"":95}]",0
deduplication__hybrid__multilingual_minilm_l12__decision_tree,deduplication,hybrid,multilingual_minilm_l12,decision_tree,3,480,120,96,24,0,11.290066499990644,0.7435043000004953,0.14507139999477658,1.2089283332898049,classifier_pipeline_with_precomputed_embedding,"{""model__max_depth"":3,""model__min_samples_leaf"":2}",-0.2631578947368421,"{""curve_points"":2450,""eligible"":false,""negative_threshold"":null,""positive_threshold"":null,""selected"":null}","{""balance_score"":0.022275641025641058,""calibration_group_counts_by_label"":{""0"":20,""1"":19},""calibration_groups"":39,""calibration_label_counts"":{""0"":100,""1"":95},""calibration_records"":195,""fit_group_counts_by_label"":{""0"":30,""1"":27},""fit_groups"":57,""fit_label_counts"":{""0"":150,""1"":135},""fit_records"":285,""group_overlap"":0}","[{""fit_group_counts_by_label"":{""0"":12,""1"":7},""fit_groups"":19,""fit_records"":95,""fold"":0,""group_overlap"":0,""validation_group_counts_by_label"":{""0"":8,""1"":12},""validation_groups"":20,""validation_records"":100},{""fit_group_counts_by_label"":{""0"":8,""1"":12},""fit_groups"":20,""fit_records"":100,""fold"":1,""group_overlap"":0,""validation_group_counts_by_label"":{""0"":12,""1"":7},""validation_groups"":19,""validation_records"":95}]",0
deduplication__hybrid__multilingual_minilm_l12__decision_tree,deduplication,hybrid,multilingual_minilm_l12,decision_tree,4,480,120,96,24,0,11.604497300009825,0.8142376999894623,0.15423830000509042,1.2853191667090869,classifier_pipeline_with_precomputed_embedding,"{""model__max_depth"":3,""model__min_samples_leaf"":5}",-0.22105263157894736,"{""curve_points"":2450,""eligible"":true,""negative_threshold"":0.03,""positive_threshold"":0.97,""selected"":{""abstained"":0,""automated_false_negative_rate"":0.0,""automated_false_positive_rate"":0.0,""automation_duplicate_recall"":1.0,""automation_nonduplicate_recall"":1.0,""coverage"":1.0,""covered"":195,""covered_error_rate"":0.0,""false_negative_cost"":5.0,""false_positive_cost"":1.0,""fn"":0,""fp"":0,""negative_predictive_value"":1.0,""negative_threshold"":0.03,""negatives"":100,""positive_threshold"":0.97,""positives"":95,""precision"":1.0,""threshold"":0.97,""tn"":100,""tp"":95,""weighted_covered_error"":0.0}}","{""balance_score"":0.011057692307692268,""calibration_group_counts_by_label"":{""0"":20,""1"":19},""calibration_groups"":39,""calibration_label_counts"":{""0"":100,""1"":95},""calibration_records"":195,""fit_group_counts_by_label"":{""0"":29,""1"":28},""fit_groups"":57,""fit_label_counts"":{""0"":145,""1"":140},""fit_records"":285,""group_overlap"":0}","[{""fit_group_counts_by_label"":{""0"":9,""1"":10},""fit_groups"":19,""fit_records"":95,""fold"":0,""group_overlap"":0,""validation_group_counts_by_label"":{""0"":11,""1"":9},""validation_groups"":20,""validation_records"":100},{""fit_group_counts_by_label"":{""0"":11,""1"":9},""fit_groups"":20,""fit_records"":100,""fold"":1,""group_overlap"":0,""validation_group_counts_by_label"":{""0"":9,""1"":10},""validation_groups"":19,""validation_records"":95}]",0
deduplication__hybrid__multilingual_minilm_l12__linear_svm,deduplication,hybrid,multilingual_minilm_l12,linear_svm,0,480,120,96,24,0,8.152259499998763,0.8051087000058033,0.14330140000674874,1.1941783333895728,classifier_pipeline_with_precomputed_embedding,"{""model__C"":0.1}",0.0,"{""curve_points"":2450,""eligible"":true,""negative_threshold"":0.04,""positive_threshold"":0.96,""selected"":{""abstained"":0,""automated_false_negative_rate"":0.0,""automated_false_positive_rate"":0.0,""automation_duplicate_recall"":1.0,""automation_nonduplicate_recall"":1.0,""coverage"":1.0,""covered"":195,""covered_error_rate"":0.0,""false_negative_cost"":5.0,""false_positive_cost"":1.0,""fn"":0,""fp"":0,""negative_predictive_value"":1.0,""negative_threshold"":0.04,""negatives"":95,""positive_threshold"":0.96,""positives"":100,""precision"":1.0,""threshold"":0.96,""tn"":95,""tp"":100,""weighted_covered_error"":0.0}}","{""balance_score"":0.011057692307692268,""calibration_group_counts_by_label"":{""0"":19,""1"":20},""calibration_groups"":39,""calibration_label_counts"":{""0"":95,""1"":100},""calibration_records"":195,""fit_group_counts_by_label"":{""0"":28,""1"":29},""fit_groups"":57,""fit_label_counts"":{""0"":140,""1"":145},""fit_records"":285,""group_overlap"":0}","[{""fit_group_counts_by_label"":{""0"":11,""1"":8},""fit_groups"":19,""fit_records"":95,""fold"":0,""group_overlap"":0,""validation_group_counts_by_label"":{""0"":8,""1"":12},""validation_groups"":20,""validation_records"":100},{""fit_group_counts_by_label"":{""0"":8,""1"":12},""fit_groups"":20,""fit_records"":100,""fold"":1,""group_overlap"":0,""validation_group_counts_by_label"":{""0"":11,""1"":8},""validation_groups"":19,""validation_records"":95}]",0
deduplication__hybrid__multilingual_minilm_l12__linear_svm,deduplication,hybrid,multilingual_minilm_l12,linear_svm,1,480,120,96,24,0,8.38618800000404,0.7835838000028161,0.1335562000022037,1.1129683333516975,classifier_pipeline_with_precomputed_embedding,"{""model__C"":0.1}",0.0,"{""curve_points"":2450,""eligible"":true,""negative_threshold"":0.05,""positive_threshold"":0.96,""selected"":{""abstained"":0,""automated_false_negative_rate"":0.0,""automated_false_positive_rate"":0.0,""automation_duplicate_recall"":1.0,""automation_nonduplicate_recall"":1.0,""coverage"":1.0,""covered"":195,""covered_error_rate"":0.0,""false_negative_cost"":5.0,""false_positive_cost"":1.0,""fn"":0,""fp"":0,""negative_predictive_value"":1.0,""negative_threshold"":0.05,""negatives"":95,""positive_threshold"":0.96,""positives"":100,""precision"":1.0,""threshold"":0.96,""tn"":95,""tp"":100,""weighted_covered_error"":0.0}}","{""balance_score"":0.011057692307692268,""calibration_group_counts_by_label"":{""0"":19,""1"":20},""calibration_groups"":39,""calibration_label_counts"":{""0"":95,""1"":100},""calibration_records"":195,""fit_group_counts_by_label"":{""0"":28,""1"":29},""fit_groups"":57,""fit_label_counts"":{""0"":140,""1"":145},""fit_records"":285,""group_overlap"":0}","[{""fit_group_counts_by_label"":{""0"":11,""1"":8},""fit_groups"":19,""fit_records"":95,""fold"":0,""group_overlap"":0,""validation_group_counts_by_label"":{""0"":8,""1"":12},""validation_groups"":20,""validation_records"":100},{""fit_group_counts_by_label"":{""0"":8,""1"":12},""fit_groups"":20,""fit_records"":100,""fold"":1,""group_overlap"":0,""validation_group_counts_by_label"":{""0"":11,""1"":8},""validation_groups"":19,""validation_records"":95}]",0
deduplication__hybrid__multilingual_minilm_l12__linear_svm,deduplication,hybrid,multilingual_minilm_l12,linear_svm,2,480,120,96,24,0,8.307224000003771,0.7677982000022894,0.14988099999027327,1.2490083332522772,classifier_pipeline_with_precomputed_embedding,"{""model__C"":0.1}",0.0,"{""curve_points"":2450,""eligible"":true,""negative_threshold"":0.11,""positive_threshold"":0.95,""selected"":{""abstained"":0,""automated_false_negative_rate"":0.0,""automated_false_positive_rate"":0.0,""automation_duplicate_recall"":1.0,""automation_nonduplicate_recall"":1.0,""coverage"":1.0,""covered"":195,""covered_error_rate"":0.0,""false_negative_cost"":5.0,""false_positive_cost"":1.0,""fn"":0,""fp"":0,""negative_predictive_value"":1.0,""negative_threshold"":0.11,""negatives"":95,""positive_threshold"":0.95,""positives"":100,""precision"":1.0,""threshold"":0.95,""tn"":95,""tp"":100,""weighted_covered_error"":0.0}}","{""balance_score"":0.011057692307692268,""calibration_group_counts_by_label"":{""0"":19,""1"":20},""calibration_groups"":39,""calibration_label_counts"":{""0"":95,""1"":100},""calibration_records"":195,""fit_group_counts_by_label"":{""0"":28,""1"":29},""fit_groups"":57,""fit_label_counts"":{""0"":140,""1"":145},""fit_records"":285,""group_overlap"":0}","[{""fit_group_counts_by_label"":{""0"":8,""1"":11},""fit_groups"":19,""fit_records"":95,""fold"":0,""group_overlap"":0,""validation_group_counts_by_label"":{""0"":11,""1"":9},""validation_groups"":20,""validation_records"":100},{""fit_group_counts_by_label"":{""0"":11,""1"":9},""fit_groups"":20,""fit_records"":100,""fold"":1,""group_overlap"":0,""validation_group_counts_by_label"":{""0"":8,""1"":11},""validation_groups"":19,""validation_records"":95}]",0
deduplication__hybrid__multilingual_minilm_l12__linear_svm,deduplication,hybrid,multilingual_minilm_l12,linear_svm,3,480,120,96,24,0,8.416626400008681,0.7789236999960849,0.14316300000064075,1.1930250000053395,classifier_pipeline_with_precomputed_embedding,"{""model__C"":0.1}",0.0,"{""curve_points"":2450,""eligible"":true,""negative_threshold"":0.11,""positive_threshold"":0.95,""selected"":{""abstained"":0,""automated_false_negative_rate"":0.0,""automated_false_positive_rate"":0.0,""automation_duplicate_recall"":1.0,""automation_nonduplicate_recall"":1.0,""coverage"":1.0,""covered"":195,""covered_error_rate"":0.0,""false_negative_cost"":5.0,""false_positive_cost"":1.0,""fn"":0,""fp"":0,""negative_predictive_value"":1.0,""negative_threshold"":0.11,""negatives"":100,""positive_threshold"":0.95,""positives"":95,""precision"":1.0,""threshold"":0.95,""tn"":100,""tp"":95,""weighted_covered_error"":0.0}}","{""balance_score"":0.022275641025641058,""calibration_group_counts_by_label"":{""0"":20,""1"":19},""calibration_groups"":39,""calibration_label_counts"":{""0"":100,""1"":95},""calibration_records"":195,""fit_group_counts_by_label"":{""0"":30,""1"":27},""fit_groups"":57,""fit_label_counts"":{""0"":150,""1"":135},""fit_records"":285,""group_overlap"":0}","[{""fit_group_counts_by_label"":{""0"":12,""1"":7},""fit_groups"":19,""fit_records"":95,""fold"":0,""group_overlap"":0,""validation_group_counts_by_label"":{""0"":8,""1"":12},""validation_groups"":20,""validation_records"":100},{""fit_group_counts_by_label"":{""0"":8,""1"":12},""fit_groups"":20,""fit_records"":100,""fold"":1,""group_overlap"":0,""validation_group_counts_by_label"":{""0"":12,""1"":7},""validation_groups"":19,""validation_records"":95}]",0
deduplication__hybrid__multilingual_minilm_l12__linear_svm,deduplication,hybrid,multilingual_minilm_l12,linear_svm,4,480,120,96,24,0,7.99261229998956,0.8390813000005437,0.16119449998950586,1.3432874999125488,classifier_pipeline_with_precomputed_embedding,"{""model__C"":0.1}",-0.2631578947368421,"{""curve_points"":2450,""eligible"":true,""negative_threshold"":0.06,""positive_threshold"":0.95,""selected"":{""abstained"":0,""automated_false_negative_rate"":0.0,""automated_false_positive_rate"":0.0,""automation_duplicate_recall"":1.0,""automation_nonduplicate_recall"":1.0,""coverage"":1.0,""covered"":195,""covered_error_rate"":0.0,""false_negative_cost"":5.0,""false_positive_cost"":1.0,""fn"":0,""fp"":0,""negative_predictive_value"":1.0,""negative_threshold"":0.06,""negatives"":100,""positive_threshold"":0.95,""positives"":95,""precision"":1.0,""threshold"":0.95,""tn"":100,""tp"":95,""weighted_covered_error"":0.0}}","{""balance_score"":0.011057692307692268,""calibration_group_counts_by_label"":{""0"":20,""1"":19},""calibration_groups"":39,""calibration_label_counts"":{""0"":100,""1"":95},""calibration_records"":195,""fit_group_counts_by_label"":{""0"":29,""1"":28},""fit_groups"":57,""fit_label_counts"":{""0"":145,""1"":140},""fit_records"":285,""group_overlap"":0}","[{""fit_group_counts_by_label"":{""0"":9,""1"":10},""fit_groups"":19,""fit_records"":95,""fold"":0,""group_overlap"":0,""validation_group_counts_by_label"":{""0"":11,""1"":9},""validation_groups"":20,""validation_records"":100},{""fit_group_counts_by_label"":{""0"":11,""1"":9},""fit_groups"":20,""fit_records"":100,""fold"":1,""group_overlap"":0,""validation_group_counts_by_label"":{""0"":9,""1"":10},""validation_groups"":19,""validation_records"":95}]",0
deduplication__hybrid__multilingual_minilm_l12__mlp,deduplication,hybrid,multilingual_minilm_l12,mlp,0,480,120,96,24,0,52.84626949999074,0.760583700001007,0.14496279999730177,1.208023333310848,classifier_pipeline_with_precomputed_embedding,"{""model__alpha"":0.001,""model__hidden_layer_sizes"":[16]}",0.0,"{""curve_points"":2450,""eligible"":true,""negative_threshold"":0.03,""positive_threshold"":0.97,""selected"":{""abstained"":0,""automated_false_negative_rate"":0.0,""automated_false_positive_rate"":0.0,""automation_duplicate_recall"":1.0,""automation_nonduplicate_recall"":1.0,""coverage"":1.0,""covered"":195,""covered_error_rate"":0.0,""false_negative_cost"":5.0,""false_positive_cost"":1.0,""fn"":0,""fp"":0,""negative_predictive_value"":1.0,""negative_threshold"":0.03,""negatives"":95,""positive_threshold"":0.97,""positives"":100,""precision"":1.0,""threshold"":0.97,""tn"":95,""tp"":100,""weighted_covered_error"":0.0}}","{""balance_score"":0.011057692307692268,""calibration_group_counts_by_label"":{""0"":19,""1"":20},""calibration_groups"":39,""calibration_label_counts"":{""0"":95,""1"":100},""calibration_records"":195,""fit_group_counts_by_label"":{""0"":28,""1"":29},""fit_groups"":57,""fit_label_counts"":{""0"":140,""1"":145},""fit_records"":285,""group_overlap"":0}","[{""fit_group_counts_by_label"":{""0"":11,""1"":8},""fit_groups"":19,""fit_records"":95,""fold"":0,""group_overlap"":0,""validation_group_counts_by_label"":{""0"":8,""1"":12},""validation_groups"":20,""validation_records"":100},{""fit_group_counts_by_label"":{""0"":8,""1"":12},""fit_groups"":20,""fit_records"":100,""fold"":1,""group_overlap"":0,""validation_group_counts_by_label"":{""0"":11,""1"":8},""validation_groups"":19,""validation_records"":95}]",0
deduplication__hybrid__multilingual_minilm_l12__mlp,deduplication,hybrid,multilingual_minilm_l12,mlp,1,480,120,96,24,0,54.03532549999363,0.770112500002142,0.13809919999039266,1.1508266665866056,classifier_pipeline_with_precomputed_embedding,"{""model__alpha"":0.001,""model__hidden_layer_sizes"":[16]}",0.0,"{""curve_points"":2450,""eligible"":true,""negative_threshold"":0.03,""positive_threshold"":0.97,""selected"":{""abstained"":0,""automated_false_negative_rate"":0.0,""automated_false_positive_rate"":0.0,""automation_duplicate_recall"":1.0,""automation_nonduplicate_recall"":1.0,""coverage"":1.0,""covered"":195,""covered_error_rate"":0.0,""false_negative_cost"":5.0,""false_positive_cost"":1.0,""fn"":0,""fp"":0,""negative_predictive_value"":1.0,""negative_threshold"":0.03,""negatives"":95,""positive_threshold"":0.97,""positives"":100,""precision"":1.0,""threshold"":0.97,""tn"":95,""tp"":100,""weighted_covered_error"":0.0}}","{""balance_score"":0.011057692307692268,""calibration_group_counts_by_label"":{""0"":19,""1"":20},""calibration_groups"":39,""calibration_label_counts"":{""0"":95,""1"":100},""calibration_records"":195,""fit_group_counts_by_label"":{""0"":28,""1"":29},""fit_groups"":57,""fit_label_counts"":{""0"":140,""1"":145},""fit_records"":285,""group_overlap"":0}","[{""fit_group_counts_by_label"":{""0"":11,""1"":8},""fit_groups"":19,""fit_records"":95,""fold"":0,""group_overlap"":0,""validation_group_counts_by_label"":{""0"":8,""1"":12},""validation_groups"":20,""validation_records"":100},{""fit_group_counts_by_label"":{""0"":8,""1"":12},""fit_groups"":20,""fit_records"":100,""fold"":1,""group_overlap"":0,""validation_group_counts_by_label"":{""0"":11,""1"":8},""validation_groups"":19,""validation_records"":95}]",0
deduplication__hybrid__multilingual_minilm_l12__mlp,deduplication,hybrid,multilingual_minilm_l12,mlp,2,480,120,96,24,0,44.91694710000593,0.9585048000008101,0.1480124999943655,1.2334374999530457,classifier_pipeline_with_precomputed_embedding,"{""model__alpha"":0.001,""model__hidden_layer_sizes"":[16]}",0.0,"{""curve_points"":2450,""eligible"":true,""negative_threshold"":0.04,""positive_threshold"":0.97,""selected"":{""abstained"":0,""automated_false_negative_rate"":0.0,""automated_false_positive_rate"":0.0,""automation_duplicate_recall"":1.0,""automation_nonduplicate_recall"":1.0,""coverage"":1.0,""covered"":195,""covered_error_rate"":0.0,""false_negative_cost"":5.0,""false_positive_cost"":1.0,""fn"":0,""fp"":0,""negative_predictive_value"":1.0,""negative_threshold"":0.04,""negatives"":95,""positive_threshold"":0.97,""positives"":100,""precision"":1.0,""threshold"":0.97,""tn"":95,""tp"":100,""weighted_covered_error"":0.0}}","{""balance_score"":0.011057692307692268,""calibration_group_counts_by_label"":{""0"":19,""1"":20},""calibration_groups"":39,""calibration_label_counts"":{""0"":95,""1"":100},""calibration_records"":195,""fit_group_counts_by_label"":{""0"":28,""1"":29},""fit_groups"":57,""fit_label_counts"":{""0"":140,""1"":145},""fit_records"":285,""group_overlap"":0}","[{""fit_group_counts_by_label"":{""0"":8,""1"":11},""fit_groups"":19,""fit_records"":95,""fold"":0,""group_overlap"":0,""validation_group_counts_by_label"":{""0"":11,""1"":9},""validation_groups"":20,""validation_records"":100},{""fit_group_counts_by_label"":{""0"":11,""1"":9},""fit_groups"":20,""fit_records"":100,""fold"":1,""group_overlap"":0,""validation_group_counts_by_label"":{""0"":8,""1"":11},""validation_groups"":19,""validation_records"":95}]",0
deduplication__hybrid__multilingual_minilm_l12__mlp,deduplication,hybrid,multilingual_minilm_l12,mlp,3,480,120,96,24,0,45.05750260000059,0.8418634999979986,0.13726319999841508,1.1438599999867922,classifier_pipeline_with_precomputed_embedding,"{""model__alpha"":0.001,""model__hidden_layer_sizes"":[16]}",0.0,"{""curve_points"":2450,""eligible"":true,""negative_threshold"":0.03,""positive_threshold"":0.97,""selected"":{""abstained"":0,""automated_false_negative_rate"":0.0,""automated_false_positive_rate"":0.0,""automation_duplicate_recall"":1.0,""automation_nonduplicate_recall"":1.0,""coverage"":1.0,""covered"":195,""covered_error_rate"":0.0,""false_negative_cost"":5.0,""false_positive_cost"":1.0,""fn"":0,""fp"":0,""negative_predictive_value"":1.0,""negative_threshold"":0.03,""negatives"":100,""positive_threshold"":0.97,""positives"":95,""precision"":1.0,""threshold"":0.97,""tn"":100,""tp"":95,""weighted_covered_error"":0.0}}","{""balance_score"":0.022275641025641058,""calibration_group_counts_by_label"":{""0"":20,""1"":19},""calibration_groups"":39,""calibration_label_counts"":{""0"":100,""1"":95},""calibration_records"":195,""fit_group_counts_by_label"":{""0"":30,""1"":27},""fit_groups"":57,""fit_label_counts"":{""0"":150,""1"":135},""fit_records"":285,""group_overlap"":0}","[{""fit_group_counts_by_label"":{""0"":12,""1"":7},""fit_groups"":19,""fit_records"":95,""fold"":0,""group_overlap"":0,""validation_group_counts_by_label"":{""0"":8,""1"":12},""validation_groups"":20,""validation_records"":100},{""fit_group_counts_by_label"":{""0"":8,""1"":12},""fit_groups"":20,""fit_records"":100,""fold"":1,""group_overlap"":0,""validation_group_counts_by_label"":{""0"":12,""1"":7},""validation_groups"":19,""validation_records"":95}]",0
deduplication__hybrid__multilingual_minilm_l12__mlp,deduplication,hybrid,multilingual_minilm_l12,mlp,4,480,120,96,24,0,43.75719950000348,0.74285900000541,0.14974480000091717,1.2478733333409764,classifier_pipeline_with_precomputed_embedding,"{""model__alpha"":0.001,""model__hidden_layer_sizes"":[16]}",-0.2631578947368421,"{""curve_points"":2450,""eligible"":true,""negative_threshold"":0.03,""positive_threshold"":0.97,""selected"":{""abstained"":0,""automated_false_negative_rate"":0.0,""automated_false_positive_rate"":0.0,""automation_duplicate_recall"":1.0,""automation_nonduplicate_recall"":1.0,""coverage"":1.0,""covered"":195,""covered_error_rate"":0.0,""false_negative_cost"":5.0,""false_positive_cost"":1.0,""fn"":0,""fp"":0,""negative_predictive_value"":1.0,""negative_threshold"":0.03,""negatives"":100,""positive_threshold"":0.97,""positives"":95,""precision"":1.0,""threshold"":0.97,""tn"":100,""tp"":95,""weighted_covered_error"":0.0}}","{""balance_score"":0.011057692307692268,""calibration_group_counts_by_label"":{""0"":20,""1"":19},""calibration_groups"":39,""calibration_label_counts"":{""0"":100,""1"":95},""calibration_records"":195,""fit_group_counts_by_label"":{""0"":29,""1"":28},""fit_groups"":57,""fit_label_counts"":{""0"":145,""1"":140},""fit_records"":285,""group_overlap"":0}","[{""fit_group_counts_by_label"":{""0"":9,""1"":10},""fit_groups"":19,""fit_records"":95,""fold"":0,""group_overlap"":0,""validation_group_counts_by_label"":{""0"":11,""1"":9},""validation_groups"":20,""validation_records"":100},{""fit_group_counts_by_label"":{""0"":11,""1"":9},""fit_groups"":20,""fit_records"":100,""fold"":1,""group_overlap"":0,""validation_group_counts_by_label"":{""0"":9,""1"":10},""validation_groups"":19,""validation_records"":95}]",0
deduplication__hybrid__multilingual_minilm_l12__xgboost,deduplication,hybrid,multilingual_minilm_l12,xgboost,0,480,120,96,24,0,38.65806409998913,0.8759111000108533,0.14584250000189058,1.2153541666824215,classifier_pipeline_with_precomputed_embedding,"{""model__learning_rate"":0.05,""model__max_depth"":2,""model__n_estimators"":160}",0.0,"{""curve_points"":2450,""eligible"":true,""negative_threshold"":0.03,""positive_threshold"":0.97,""selected"":{""abstained"":0,""automated_false_negative_rate"":0.0,""automated_false_positive_rate"":0.0,""automation_duplicate_recall"":1.0,""automation_nonduplicate_recall"":1.0,""coverage"":1.0,""covered"":195,""covered_error_rate"":0.0,""false_negative_cost"":5.0,""false_positive_cost"":1.0,""fn"":0,""fp"":0,""negative_predictive_value"":1.0,""negative_threshold"":0.03,""negatives"":95,""positive_threshold"":0.97,""positives"":100,""precision"":1.0,""threshold"":0.97,""tn"":95,""tp"":100,""weighted_covered_error"":0.0}}","{""balance_score"":0.011057692307692268,""calibration_group_counts_by_label"":{""0"":19,""1"":20},""calibration_groups"":39,""calibration_label_counts"":{""0"":95,""1"":100},""calibration_records"":195,""fit_group_counts_by_label"":{""0"":28,""1"":29},""fit_groups"":57,""fit_label_counts"":{""0"":140,""1"":145},""fit_records"":285,""group_overlap"":0}","[{""fit_group_counts_by_label"":{""0"":11,""1"":8},""fit_groups"":19,""fit_records"":95,""fold"":0,""group_overlap"":0,""validation_group_counts_by_label"":{""0"":8,""1"":12},""validation_groups"":20,""validation_records"":100},{""fit_group_counts_by_label"":{""0"":8,""1"":12},""fit_groups"":20,""fit_records"":100,""fold"":1,""group_overlap"":0,""validation_group_counts_by_label"":{""0"":11,""1"":8},""validation_groups"":19,""validation_records"":95}]",0
deduplication__hybrid__multilingual_minilm_l12__xgboost,deduplication,hybrid,multilingual_minilm_l12,xgboost,1,480,120,96,24,0,36.94536749999679,0.9040438000083668,0.13481170000159182,1.1234308333465985,classifier_pipeline_with_precomputed_embedding,"{""model__learning_rate"":0.05,""model__max_depth"":2,""model__n_estimators"":160}",0.0,"{""curve_points"":2450,""eligible"":true,""negative_threshold"":0.04,""positive_threshold"":0.98,""selected"":{""abstained"":65,""automated_false_negative_rate"":0.0,""automated_false_positive_rate"":0.0,""automation_duplicate_recall"":0.4,""automation_nonduplicate_recall"":0.9473684210526315,""coverage"":0.6666666666666666,""covered"":130,""covered_error_rate"":0.0,""false_negative_cost"":5.0,""false_positive_cost"":1.0,""fn"":0,""fp"":0,""negative_predictive_value"":1.0,""negative_threshold"":0.04,""negatives"":95,""positive_threshold"":0.98,""positives"":100,""precision"":1.0,""threshold"":0.98,""tn"":90,""tp"":40,""weighted_covered_error"":0.0}}","{""balance_score"":0.011057692307692268,""calibration_group_counts_by_label"":{""0"":19,""1"":20},""calibration_groups"":39,""calibration_label_counts"":{""0"":95,""1"":100},""calibration_records"":195,""fit_group_counts_by_label"":{""0"":28,""1"":29},""fit_groups"":57,""fit_label_counts"":{""0"":140,""1"":145},""fit_records"":285,""group_overlap"":0}","[{""fit_group_counts_by_label"":{""0"":11,""1"":8},""fit_groups"":19,""fit_records"":95,""fold"":0,""group_overlap"":0,""validation_group_counts_by_label"":{""0"":8,""1"":12},""validation_groups"":20,""validation_records"":100},{""fit_group_counts_by_label"":{""0"":8,""1"":12},""fit_groups"":20,""fit_records"":100,""fold"":1,""group_overlap"":0,""validation_group_counts_by_label"":{""0"":11,""1"":8},""validation_groups"":19,""validation_records"":95}]",0
deduplication__hybrid__multilingual_minilm_l12__xgboost,deduplication,hybrid,multilingual_minilm_l12,xgboost,2,480,120,96,24,0,37.458744500007015,1.0032135999936145,0.15517519999411888,1.2931266666176573,classifier_pipeline_with_precomputed_embedding,"{""model__learning_rate"":0.05,""model__max_depth"":2,""model__n_estimators"":160}",-0.17543859649122806,"{""curve_points"":2450,""eligible"":true,""negative_threshold"":0.03,""positive_threshold"":0.95,""selected"":{""abstained"":0,""automated_false_negative_rate"":0.0,""automated_false_positive_rate"":0.0,""automation_duplicate_recall"":1.0,""automation_nonduplicate_recall"":1.0,""coverage"":1.0,""covered"":195,""covered_error_rate"":0.0,""false_negative_cost"":5.0,""false_positive_cost"":1.0,""fn"":0,""fp"":0,""negative_predictive_value"":1.0,""negative_threshold"":0.03,""negatives"":95,""positive_threshold"":0.95,""positives"":100,""precision"":1.0,""threshold"":0.95,""tn"":95,""tp"":100,""weighted_covered_error"":0.0}}","{""balance_score"":0.011057692307692268,""calibration_group_counts_by_label"":{""0"":19,""1"":20},""calibration_groups"":39,""calibration_label_counts"":{""0"":95,""1"":100},""calibration_records"":195,""fit_group_counts_by_label"":{""0"":28,""1"":29},""fit_groups"":57,""fit_label_counts"":{""0"":140,""1"":145},""fit_records"":285,""group_overlap"":0}","[{""fit_group_counts_by_label"":{""0"":8,""1"":11},""fit_groups"":19,""fit_records"":95,""fold"":0,""group_overlap"":0,""validation_group_counts_by_label"":{""0"":11,""1"":9},""validation_groups"":20,""validation_records"":100},{""fit_group_counts_by_label"":{""0"":11,""1"":9},""fit_groups"":20,""fit_records"":100,""fold"":1,""group_overlap"":0,""validation_group_counts_by_label"":{""0"":8,""1"":11},""validation_groups"":19,""validation_records"":95}]",0
deduplication__hybrid__multilingual_minilm_l12__xgboost,deduplication,hybrid,multilingual_minilm_l12,xgboost,3,480,120,96,24,0,40.54878729999473,0.8553506999887759,0.14479950000531971,1.206662500044331,classifier_pipeline_with_precomputed_embedding,"{""model__learning_rate"":0.05,""model__max_depth"":2,""model__n_estimators"":160}",-0.017543859649122806,"{""curve_points"":2450,""eligible"":true,""negative_threshold"":0.03,""positive_threshold"":0.96,""selected"":{""abstained"":0,""automated_false_negative_rate"":0.0,""automated_false_positive_rate"":0.0,""automation_duplicate_recall"":1.0,""automation_nonduplicate_recall"":1.0,""coverage"":1.0,""covered"":195,""covered_error_rate"":0.0,""false_negative_cost"":5.0,""false_positive_cost"":1.0,""fn"":0,""fp"":0,""negative_predictive_value"":1.0,""negative_threshold"":0.03,""negatives"":100,""positive_threshold"":0.96,""positives"":95,""precision"":1.0,""threshold"":0.96,""tn"":100,""tp"":95,""weighted_covered_error"":0.0}}","{""balance_score"":0.022275641025641058,""calibration_group_counts_by_label"":{""0"":20,""1"":19},""calibration_groups"":39,""calibration_label_counts"":{""0"":100,""1"":95},""calibration_records"":195,""fit_group_counts_by_label"":{""0"":30,""1"":27},""fit_groups"":57,""fit_label_counts"":{""0"":150,""1"":135},""fit_records"":285,""group_overlap"":0}","[{""fit_group_counts_by_label"":{""0"":12,""1"":7},""fit_groups"":19,""fit_records"":95,""fold"":0,""group_overlap"":0,""validation_group_counts_by_label"":{""0"":8,""1"":12},""validation_groups"":20,""validation_records"":100},{""fit_group_counts_by_label"":{""0"":8,""1"":12},""fit_groups"":20,""fit_records"":100,""fold"":1,""group_overlap"":0,""validation_group_counts_by_label"":{""0"":12,""1"":7},""validation_groups"":19,""validation_records"":95}]",0
deduplication__hybrid__multilingual_minilm_l12__xgboost,deduplication,hybrid,multilingual_minilm_l12,xgboost,4,480,120,96,24,0,39.65168619999895,0.9293116999906488,0.1526190000004135,1.271825000003446,classifier_pipeline_with_precomputed_embedding,"{""model__learning_rate"":0.05,""model__max_depth"":2,""model__n_estimators"":160}",-0.08771929824561403,"{""curve_points"":2450,""eligible"":true,""negative_threshold"":0.03,""positive_threshold"":0.97,""selected"":{""abstained"":0,""automated_false_negative_rate"":0.0,""automated_false_positive_rate"":0.0,""automation_duplicate_recall"":1.0,""automation_nonduplicate_recall"":1.0,""coverage"":1.0,""covered"":195,""covered_error_rate"":0.0,""false_negative_cost"":5.0,""false_positive_cost"":1.0,""fn"":0,""fp"":0,""negative_predictive_value"":1.0,""negative_threshold"":0.03,""negatives"":100,""positive_threshold"":0.97,""positives"":95,""precision"":1.0,""threshold"":0.97,""tn"":100,""tp"":95,""weighted_covered_error"":0.0}}","{""balance_score"":0.011057692307692268,""calibration_group_counts_by_label"":{""0"":20,""1"":19},""calibration_groups"":39,""calibration_label_counts"":{""0"":100,""1"":95},""calibration_records"":195,""fit_group_counts_by_label"":{""0"":29,""1"":28},""fit_groups"":57,""fit_label_counts"":{""0"":145,""1"":140},""fit_records"":285,""group_overlap"":0}","[{""fit_group_counts_by_label"":{""0"":9,""1"":10},""fit_groups"":19,""fit_records"":95,""fold"":0,""group_overlap"":0,""validation_group_counts_by_label"":{""0"":11,""1"":9},""validation_groups"":20,""validation_records"":100},{""fit_group_counts_by_label"":{""0"":11,""1"":9},""fit_groups"":20,""fit_records"":100,""fold"":1,""group_overlap"":0,""validation_group_counts_by_label"":{""0"":9,""1"":10},""validation_groups"":19,""validation_records"":95}]",0
deduplication__metadata__none__logistic_regression,deduplication,metadata,,logistic_regression,0,480,120,96,24,0,0.1443347000022186,0.04757499998959247,0.003972499995143153,0.03310416662619294,classifier_pipeline_including_tfidf_transform,"{""model__C"":10.0}",-1.0070175438596491,"{""curve_points"":2450,""eligible"":false,""negative_threshold"":null,""positive_threshold"":null,""selected"":null}","{""balance_score"":0.011057692307692268,""calibration_group_counts_by_label"":{""0"":19,""1"":20},""calibration_groups"":39,""calibration_label_counts"":{""0"":95,""1"":100},""calibration_records"":195,""fit_group_counts_by_label"":{""0"":28,""1"":29},""fit_groups"":57,""fit_label_counts"":{""0"":140,""1"":145},""fit_records"":285,""group_overlap"":0}","[{""fit_group_counts_by_label"":{""0"":11,""1"":8},""fit_groups"":19,""fit_records"":95,""fold"":0,""group_overlap"":0,""validation_group_counts_by_label"":{""0"":8,""1"":12},""validation_groups"":20,""validation_records"":100},{""fit_group_counts_by_label"":{""0"":8,""1"":12},""fit_groups"":20,""fit_records"":100,""fold"":1,""group_overlap"":0,""validation_group_counts_by_label"":{""0"":11,""1"":8},""validation_groups"":19,""validation_records"":95}]",0
deduplication__metadata__none__logistic_regression,deduplication,metadata,,logistic_regression,1,480,120,96,24,0,0.1333710000035353,0.04833659999712836,0.003894000008585863,0.03245000007154886,classifier_pipeline_including_tfidf_transform,"{""model__C"":0.1}",-1.1964912280701754,"{""curve_points"":2450,""eligible"":false,""negative_threshold"":null,""positive_threshold"":null,""selected"":null}","{""balance_score"":0.011057692307692268,""calibration_group_counts_by_label"":{""0"":19,""1"":20},""calibration_groups"":39,""calibration_label_counts"":{""0"":95,""1"":100},""calibration_records"":195,""fit_group_counts_by_label"":{""0"":28,""1"":29},""fit_groups"":57,""fit_label_counts"":{""0"":140,""1"":145},""fit_records"":285,""group_overlap"":0}","[{""fit_group_counts_by_label"":{""0"":11,""1"":8},""fit_groups"":19,""fit_records"":95,""fold"":0,""group_overlap"":0,""validation_group_counts_by_label"":{""0"":8,""1"":12},""validation_groups"":20,""validation_records"":100},{""fit_group_counts_by_label"":{""0"":8,""1"":12},""fit_groups"":20,""fit_records"":100,""fold"":1,""group_overlap"":0,""validation_group_counts_by_label"":{""0"":11,""1"":8},""validation_groups"":19,""validation_records"":95}]",0
deduplication__metadata__none__logistic_regression,deduplication,metadata,,logistic_regression,2,480,120,96,24,0,0.13087569999333937,0.05121199999121018,0.004099800004041754,0.03416500003368128,classifier_pipeline_including_tfidf_transform,"{""model__C"":0.1}",-1.1614035087719299,"{""curve_points"":2450,""eligible"":false,""negative_threshold"":null,""positive_threshold"":null,""selected"":null}","{""balance_score"":0.011057692307692268,""calibration_group_counts_by_label"":{""0"":19,""1"":20},""calibration_groups"":39,""calibration_label_counts"":{""0"":95,""1"":100},""calibration_records"":195,""fit_group_counts_by_label"":{""0"":28,""1"":29},""fit_groups"":57,""fit_label_counts"":{""0"":140,""1"":145},""fit_records"":285,""group_overlap"":0}","[{""fit_group_counts_by_label"":{""0"":8,""1"":11},""fit_groups"":19,""fit_records"":95,""fold"":0,""group_overlap"":0,""validation_group_counts_by_label"":{""0"":11,""1"":9},""validation_groups"":20,""validation_records"":100},{""fit_group_counts_by_label"":{""0"":11,""1"":9},""fit_groups"":20,""fit_records"":100,""fold"":1,""group_overlap"":0,""validation_group_counts_by_label"":{""0"":8,""1"":11},""validation_groups"":19,""validation_records"":95}]",0
deduplication__metadata__none__logistic_regression,deduplication,metadata,,logistic_regression,3,480,120,96,24,0,0.13449860000400804,0.0493929000076605,0.004468099999940023,0.03723416666616686,classifier_pipeline_including_tfidf_transform,"{""model__C"":1.0}",-1.5649122807017546,"{""curve_points"":2450,""eligible"":false,""negative_threshold"":null,""positive_threshold"":null,""selected"":null}","{""balance_score"":0.022275641025641058,""calibration_group_counts_by_label"":{""0"":20,""1"":19},""calibration_groups"":39,""calibration_label_counts"":{""0"":100,""1"":95},""calibration_records"":195,""fit_group_counts_by_label"":{""0"":30,""1"":27},""fit_groups"":57,""fit_label_counts"":{""0"":150,""1"":135},""fit_records"":285,""group_overlap"":0}","[{""fit_group_counts_by_label"":{""0"":12,""1"":7},""fit_groups"":19,""fit_records"":95,""fold"":0,""group_overlap"":0,""validation_group_counts_by_label"":{""0"":8,""1"":12},""validation_groups"":20,""validation_records"":100},{""fit_group_counts_by_label"":{""0"":8,""1"":12},""fit_groups"":20,""fit_records"":100,""fold"":1,""group_overlap"":0,""validation_group_counts_by_label"":{""0"":12,""1"":7},""validation_groups"":19,""validation_records"":95}]",0
deduplication__metadata__none__logistic_regression,deduplication,metadata,,logistic_regression,4,480,120,96,24,0,0.13262859999667853,0.048865000004298054,0.004372499999590218,0.03643749999658515,classifier_pipeline_including_tfidf_transform,"{""model__C"":10.0}",-1.231578947368421,"{""curve_points"":2450,""eligible"":false,""negative_threshold"":null,""positive_threshold"":null,""selected"":null}","{""balance_score"":0.011057692307692268,""calibration_group_counts_by_label"":{""0"":20,""1"":19},""calibration_groups"":39,""calibration_label_counts"":{""0"":100,""1"":95},""calibration_records"":195,""fit_group_counts_by_label"":{""0"":29,""1"":28},""fit_groups"":57,""fit_label_counts"":{""0"":145,""1"":140},""fit_records"":285,""group_overlap"":0}","[{""fit_group_counts_by_label"":{""0"":9,""1"":10},""fit_groups"":19,""fit_records"":95,""fold"":0,""group_overlap"":0,""validation_group_counts_by_label"":{""0"":11,""1"":9},""validation_groups"":20,""validation_records"":100},{""fit_group_counts_by_label"":{""0"":11,""1"":9},""fit_groups"":20,""fit_records"":100,""fold"":1,""group_overlap"":0,""validation_group_counts_by_label"":{""0"":9,""1"":10},""validation_groups"":19,""validation_records"":95}]",0
deduplication__metadata__none__decision_tree,deduplication,metadata,,decision_tree,0,480,120,96,24,0,0.17726300000504125,0.051702800003113225,0.004024499998195097,0.03353749998495914,classifier_pipeline_including_tfidf_transform,"{""model__max_depth"":3,""model__min_samples_leaf"":2}",-1.2140350877192982,"{""curve_points"":2450,""eligible"":false,""negative_threshold"":null,""positive_threshold"":null,""selected"":null}","{""balance_score"":0.011057692307692268,""calibration_group_counts_by_label"":{""0"":19,""1"":20},""calibration_groups"":39,""calibration_label_counts"":{""0"":95,""1"":100},""calibration_records"":195,""fit_group_counts_by_label"":{""0"":28,""1"":29},""fit_groups"":57,""fit_label_counts"":{""0"":140,""1"":145},""fit_records"":285,""group_overlap"":0}","[{""fit_group_counts_by_label"":{""0"":11,""1"":8},""fit_groups"":19,""fit_records"":95,""fold"":0,""group_overlap"":0,""validation_group_counts_by_label"":{""0"":8,""1"":12},""validation_groups"":20,""validation_records"":100},{""fit_group_counts_by_label"":{""0"":8,""1"":12},""fit_groups"":20,""fit_records"":100,""fold"":1,""group_overlap"":0,""validation_group_counts_by_label"":{""0"":11,""1"":8},""validation_groups"":19,""validation_records"":95}]",0
deduplication__metadata__none__decision_tree,deduplication,metadata,,decision_tree,1,480,120,96,24,0,0.28945920000842307,0.048619400011375546,0.0039840999961597845,0.033200833301331535,classifier_pipeline_including_tfidf_transform,"{""model__max_depth"":6,""model__min_samples_leaf"":5}",-1.368421052631579,"{""curve_points"":2450,""eligible"":false,""negative_threshold"":null,""positive_threshold"":null,""selected"":null}","{""balance_score"":0.011057692307692268,""calibration_group_counts_by_label"":{""0"":19,""1"":20},""calibration_groups"":39,""calibration_label_counts"":{""0"":95,""1"":100},""calibration_records"":195,""fit_group_counts_by_label"":{""0"":28,""1"":29},""fit_groups"":57,""fit_label_counts"":{""0"":140,""1"":145},""fit_records"":285,""group_overlap"":0}","[{""fit_group_counts_by_label"":{""0"":11,""1"":8},""fit_groups"":19,""fit_records"":95,""fold"":0,""group_overlap"":0,""validation_group_counts_by_label"":{""0"":8,""1"":12},""validation_groups"":20,""validation_records"":100},{""fit_group_counts_by_label"":{""0"":8,""1"":12},""fit_groups"":20,""fit_records"":100,""fold"":1,""group_overlap"":0,""validation_group_counts_by_label"":{""0"":11,""1"":8},""validation_groups"":19,""validation_records"":95}]",0
deduplication__metadata__none__decision_tree,deduplication,metadata,,decision_tree,2,480,120,96,24,0,0.18706850000307895,0.0504027999995742,0.004067200003191829,0.03389333335993191,classifier_pipeline_including_tfidf_transform,"{""model__max_depth"":3,""model__min_samples_leaf"":2}",-1.1473684210526314,"{""curve_points"":2450,""eligible"":false,""negative_threshold"":null,""positive_threshold"":null,""selected"":null}","{""balance_score"":0.011057692307692268,""calibration_group_counts_by_label"":{""0"":19,""1"":20},""calibration_groups"":39,""calibration_label_counts"":{""0"":95,""1"":100},""calibration_records"":195,""fit_group_counts_by_label"":{""0"":28,""1"":29},""fit_groups"":57,""fit_label_counts"":{""0"":140,""1"":145},""fit_records"":285,""group_overlap"":0}","[{""fit_group_counts_by_label"":{""0"":8,""1"":11},""fit_groups"":19,""fit_records"":95,""fold"":0,""group_overlap"":0,""validation_group_counts_by_label"":{""0"":11,""1"":9},""validation_groups"":20,""validation_records"":100},{""fit_group_counts_by_label"":{""0"":11,""1"":9},""fit_groups"":20,""fit_records"":100,""fold"":1,""group_overlap"":0,""validation_group_counts_by_label"":{""0"":8,""1"":11},""validation_groups"":19,""validation_records"":95}]",0
deduplication__metadata__none__decision_tree,deduplication,metadata,,decision_tree,3,480,120,96,24,0,0.17687070000101812,0.04606749999220483,0.003962999995565042,0.033024999963042014,classifier_pipeline_including_tfidf_transform,"{""model__max_depth"":6,""model__min_samples_leaf"":5}",-1.382456140350877,"{""curve_points"":2450,""eligible"":false,""negative_threshold"":null,""positive_threshold"":null,""selected"":null}","{""balance_score"":0.022275641025641058,""calibration_group_counts_by_label"":{""0"":20,""1"":19},""calibration_groups"":39,""calibration_label_counts"":{""0"":100,""1"":95},""calibration_records"":195,""fit_group_counts_by_label"":{""0"":30,""1"":27},""fit_groups"":57,""fit_label_counts"":{""0"":150,""1"":135},""fit_records"":285,""group_overlap"":0}","[{""fit_group_counts_by_label"":{""0"":12,""1"":7},""fit_groups"":19,""fit_records"":95,""fold"":0,""group_overlap"":0,""validation_group_counts_by_label"":{""0"":8,""1"":12},""validation_groups"":20,""validation_records"":100},{""fit_group_counts_by_label"":{""0"":8,""1"":12},""fit_groups"":20,""fit_records"":100,""fold"":1,""group_overlap"":0,""validation_group_counts_by_label"":{""0"":12,""1"":7},""validation_groups"":19,""validation_records"":95}]",0
deduplication__metadata__none__decision_tree,deduplication,metadata,,decision_tree,4,480,120,96,24,0,0.17445170000428334,0.048117400001501665,0.003985999996075407,0.03321666663396172,classifier_pipeline_including_tfidf_transform,"{""model__max_depth"":6,""model__min_samples_leaf"":2}",-1.568421052631579,"{""curve_points"":2450,""eligible"":false,""negative_threshold"":null,""positive_threshold"":null,""selected"":null}","{""balance_score"":0.011057692307692268,""calibration_group_counts_by_label"":{""0"":20,""1"":19},""calibration_groups"":39,""calibration_label_counts"":{""0"":100,""1"":95},""calibration_records"":195,""fit_group_counts_by_label"":{""0"":29,""1"":28},""fit_groups"":57,""fit_label_counts"":{""0"":145,""1"":140},""fit_records"":285,""group_overlap"":0}","[{""fit_group_counts_by_label"":{""0"":9,""1"":10},""fit_groups"":19,""fit_records"":95,""fold"":0,""group_overlap"":0,""validation_group_counts_by_label"":{""0"":11,""1"":9},""validation_groups"":20,""validation_records"":100},{""fit_group_counts_by_label"":{""0"":11,""1"":9},""fit_groups"":20,""fit_records"":100,""fold"":1,""group_overlap"":0,""validation_group_counts_by_label"":{""0"":9,""1"":10},""validation_groups"":19,""validation_records"":95}]",0
deduplication__metadata__none__linear_svm,deduplication,metadata,,linear_svm,0,480,120,96,24,0,0.12976029999845196,0.04720960000122432,0.0040542000060668215,0.033785000050556846,classifier_pipeline_including_tfidf_transform,"{""model__C"":10.0}",-1.0070175438596491,"{""curve_points"":2450,""eligible"":false,""negative_threshold"":null,""positive_threshold"":null,""selected"":null}","{""balance_score"":0.011057692307692268,""calibration_group_counts_by_label"":{""0"":19,""1"":20},""calibration_groups"":39,""calibration_label_counts"":{""0"":95,""1"":100},""calibration_records"":195,""fit_group_counts_by_label"":{""0"":28,""1"":29},""fit_groups"":57,""fit_label_counts"":{""0"":140,""1"":145},""fit_records"":285,""group_overlap"":0}","[{""fit_group_counts_by_label"":{""0"":11,""1"":8},""fit_groups"":19,""fit_records"":95,""fold"":0,""group_overlap"":0,""validation_group_counts_by_label"":{""0"":8,""1"":12},""validation_groups"":20,""validation_records"":100},{""fit_group_counts_by_label"":{""0"":8,""1"":12},""fit_groups"":20,""fit_records"":100,""fold"":1,""group_overlap"":0,""validation_group_counts_by_label"":{""0"":11,""1"":8},""validation_groups"":19,""validation_records"":95}]",0
deduplication__metadata__none__linear_svm,deduplication,metadata,,linear_svm,1,480,120,96,24,0,0.13296059999265708,0.05070910000358708,0.0040422000020043924,0.03368500001670327,classifier_pipeline_including_tfidf_transform,"{""model__C"":0.1}",-1.3578947368421053,"{""curve_points"":2450,""eligible"":false,""negative_threshold"":null,""positive_threshold"":null,""selected"":null}","{""balance_score"":0.011057692307692268,""calibration_group_counts_by_label"":{""0"":19,""1"":20},""calibration_groups"":39,""calibration_label_counts"":{""0"":95,""1"":100},""calibration_records"":195,""fit_group_counts_by_label"":{""0"":28,""1"":29},""fit_groups"":57,""fit_label_counts"":{""0"":140,""1"":145},""fit_records"":285,""group_overlap"":0}","[{""fit_group_counts_by_label"":{""0"":11,""1"":8},""fit_groups"":19,""fit_records"":95,""fold"":0,""group_overlap"":0,""validation_group_counts_by_label"":{""0"":8,""1"":12},""validation_groups"":20,""validation_records"":100},{""fit_group_counts_by_label"":{""0"":8,""1"":12},""fit_groups"":20,""fit_records"":100,""fold"":1,""group_overlap"":0,""validation_group_counts_by_label"":{""0"":11,""1"":8},""validation_groups"":19,""validation_records"":95}]",0
deduplication__metadata__none__linear_svm,deduplication,metadata,,linear_svm,2,480,120,96,24,0,0.12858790000609588,0.04874280000512954,0.003924399992683902,0.03270333327236585,classifier_pipeline_including_tfidf_transform,"{""model__C"":0.1}",-1.1894736842105262,"{""curve_points"":2450,""eligible"":false,""negative_threshold"":null,""positive_threshold"":null,""selected"":null}","{""balance_score"":0.011057692307692268,""calibration_group_counts_by_label"":{""0"":19,""1"":20},""calibration_groups"":39,""calibration_label_counts"":{""0"":95,""1"":100},""calibration_records"":195,""fit_group_counts_by_label"":{""0"":28,""1"":29},""fit_groups"":57,""fit_label_counts"":{""0"":140,""1"":145},""fit_records"":285,""group_overlap"":0}","[{""fit_group_counts_by_label"":{""0"":8,""1"":11},""fit_groups"":19,""fit_records"":95,""fold"":0,""group_overlap"":0,""validation_group_counts_by_label"":{""0"":11,""1"":9},""validation_groups"":20,""validation_records"":100},{""fit_group_counts_by_label"":{""0"":11,""1"":9},""fit_groups"":20,""fit_records"":100,""fold"":1,""group_overlap"":0,""validation_group_counts_by_label"":{""0"":8,""1"":11},""validation_groups"":19,""validation_records"":95}]",0
deduplication__metadata__none__linear_svm,deduplication,metadata,,linear_svm,3,480,120,96,24,0,0.13992339999822434,0.04826070000126492,0.003866099999868311,0.03221749999890259,classifier_pipeline_including_tfidf_transform,"{""model__C"":0.1}",-1.5719298245614037,"{""curve_points"":2450,""eligible"":false,""negative_threshold"":null,""positive_threshold"":null,""selected"":null}","{""balance_score"":0.022275641025641058,""calibration_group_counts_by_label"":{""0"":20,""1"":19},""calibration_groups"":39,""calibration_label_counts"":{""0"":100,""1"":95},""calibration_records"":195,""fit_group_counts_by_label"":{""0"":30,""1"":27},""fit_groups"":57,""fit_label_counts"":{""0"":150,""1"":135},""fit_records"":285,""group_overlap"":0}","[{""fit_group_counts_by_label"":{""0"":12,""1"":7},""fit_groups"":19,""fit_records"":95,""fold"":0,""group_overlap"":0,""validation_group_counts_by_label"":{""0"":8,""1"":12},""validation_groups"":20,""validation_records"":100},{""fit_group_counts_by_label"":{""0"":8,""1"":12},""fit_groups"":20,""fit_records"":100,""fold"":1,""group_overlap"":0,""validation_group_counts_by_label"":{""0"":12,""1"":7},""validation_groups"":19,""validation_records"":95}]",0
deduplication__metadata__none__linear_svm,deduplication,metadata,,linear_svm,4,480,120,96,24,0,0.1660349000012502,0.047992199994041584,0.004195299989078194,0.03496083324231828,classifier_pipeline_including_tfidf_transform,"{""model__C"":10.0}",-1.1894736842105262,"{""curve_points"":2450,""eligible"":false,""negative_threshold"":null,""positive_threshold"":null,""selected"":null}","{""balance_score"":0.011057692307692268,""calibration_group_counts_by_label"":{""0"":20,""1"":19},""calibration_groups"":39,""calibration_label_counts"":{""0"":100,""1"":95},""calibration_records"":195,""fit_group_counts_by_label"":{""0"":29,""1"":28},""fit_groups"":57,""fit_label_counts"":{""0"":145,""1"":140},""fit_records"":285,""group_overlap"":0}","[{""fit_group_counts_by_label"":{""0"":9,""1"":10},""fit_groups"":19,""fit_records"":95,""fold"":0,""group_overlap"":0,""validation_group_counts_by_label"":{""0"":11,""1"":9},""validation_groups"":20,""validation_records"":100},{""fit_group_counts_by_label"":{""0"":11,""1"":9},""fit_groups"":20,""fit_records"":100,""fold"":1,""group_overlap"":0,""validation_group_counts_by_label"":{""0"":9,""1"":10},""validation_groups"":19,""validation_records"":95}]",0
deduplication__metadata__none__mlp,deduplication,metadata,,mlp,0,480,120,96,24,0,15.58717759999854,0.049574599994230084,0.003961900001741014,0.033015833347841785,classifier_pipeline_including_tfidf_transform,"{""model__alpha"":0.001,""model__hidden_layer_sizes"":[16]}",-1.249122807017544,"{""curve_points"":2450,""eligible"":false,""negative_threshold"":null,""positive_threshold"":null,""selected"":null}","{""balance_score"":0.011057692307692268,""calibration_group_counts_by_label"":{""0"":19,""1"":20},""calibration_groups"":39,""calibration_label_counts"":{""0"":95,""1"":100},""calibration_records"":195,""fit_group_counts_by_label"":{""0"":28,""1"":29},""fit_groups"":57,""fit_label_counts"":{""0"":140,""1"":145},""fit_records"":285,""group_overlap"":0}","[{""fit_group_counts_by_label"":{""0"":11,""1"":8},""fit_groups"":19,""fit_records"":95,""fold"":0,""group_overlap"":0,""validation_group_counts_by_label"":{""0"":8,""1"":12},""validation_groups"":20,""validation_records"":100},{""fit_group_counts_by_label"":{""0"":8,""1"":12},""fit_groups"":20,""fit_records"":100,""fold"":1,""group_overlap"":0,""validation_group_counts_by_label"":{""0"":11,""1"":8},""validation_groups"":19,""validation_records"":95}]",1
deduplication__metadata__none__mlp,deduplication,metadata,,mlp,1,480,120,96,24,0,12.63292299999739,0.05004089999420103,0.004084300002432428,0.03403583335360357,classifier_pipeline_including_tfidf_transform,"{""model__alpha"":0.001,""model__hidden_layer_sizes"":[32]}",-1.392982456140351,"{""curve_points"":2450,""eligible"":false,""negative_threshold"":null,""positive_threshold"":null,""selected"":null}","{""balance_score"":0.011057692307692268,""calibration_group_counts_by_label"":{""0"":19,""1"":20},""calibration_groups"":39,""calibration_label_counts"":{""0"":95,""1"":100},""calibration_records"":195,""fit_group_counts_by_label"":{""0"":28,""1"":29},""fit_groups"":57,""fit_label_counts"":{""0"":140,""1"":145},""fit_records"":285,""group_overlap"":0}","[{""fit_group_counts_by_label"":{""0"":11,""1"":8},""fit_groups"":19,""fit_records"":95,""fold"":0,""group_overlap"":0,""validation_group_counts_by_label"":{""0"":8,""1"":12},""validation_groups"":20,""validation_records"":100},{""fit_group_counts_by_label"":{""0"":8,""1"":12},""fit_groups"":20,""fit_records"":100,""fold"":1,""group_overlap"":0,""validation_group_counts_by_label"":{""0"":11,""1"":8},""validation_groups"":19,""validation_records"":95}]",0
deduplication__metadata__none__mlp,deduplication,metadata,,mlp,2,480,120,96,24,0,13.47092999999586,0.049781000008806586,0.0040653000032762066,0.03387750002730172,classifier_pipeline_including_tfidf_transform,"{""model__alpha"":0.001,""model__hidden_layer_sizes"":[32]}",-1.3017543859649123,"{""curve_points"":2450,""eligible"":false,""negative_threshold"":null,""positive_threshold"":null,""selected"":null}","{""balance_score"":0.011057692307692268,""calibration_group_counts_by_label"":{""0"":19,""1"":20},""calibration_groups"":39,""calibration_label_counts"":{""0"":95,""1"":100},""calibration_records"":195,""fit_group_counts_by_label"":{""0"":28,""1"":29},""fit_groups"":57,""fit_label_counts"":{""0"":140,""1"":145},""fit_records"":285,""group_overlap"":0}","[{""fit_group_counts_by_label"":{""0"":8,""1"":11},""fit_groups"":19,""fit_records"":95,""fold"":0,""group_overlap"":0,""validation_group_counts_by_label"":{""0"":11,""1"":9},""validation_groups"":20,""validation_records"":100},{""fit_group_counts_by_label"":{""0"":11,""1"":9},""fit_groups"":20,""fit_records"":100,""fold"":1,""group_overlap"":0,""validation_group_counts_by_label"":{""0"":8,""1"":11},""validation_groups"":19,""validation_records"":95}]",0
deduplication__metadata__none__mlp,deduplication,metadata,,mlp,3,480,120,96,24,0,13.615888000000268,0.07546530000399798,0.005772100004833192,0.04810083337360993,classifier_pipeline_including_tfidf_transform,"{""model__alpha"":0.001,""model__hidden_layer_sizes"":[16]}",-1.382456140350877,"{""curve_points"":2450,""eligible"":false,""negative_threshold"":null,""positive_threshold"":null,""selected"":null}","{""balance_score"":0.022275641025641058,""calibration_group_counts_by_label"":{""0"":20,""1"":19},""calibration_groups"":39,""calibration_label_counts"":{""0"":100,""1"":95},""calibration_records"":195,""fit_group_counts_by_label"":{""0"":30,""1"":27},""fit_groups"":57,""fit_label_counts"":{""0"":150,""1"":135},""fit_records"":285,""group_overlap"":0}","[{""fit_group_counts_by_label"":{""0"":12,""1"":7},""fit_groups"":19,""fit_records"":95,""fold"":0,""group_overlap"":0,""validation_group_counts_by_label"":{""0"":8,""1"":12},""validation_groups"":20,""validation_records"":100},{""fit_group_counts_by_label"":{""0"":8,""1"":12},""fit_groups"":20,""fit_records"":100,""fold"":1,""group_overlap"":0,""validation_group_counts_by_label"":{""0"":12,""1"":7},""validation_groups"":19,""validation_records"":95}]",0
deduplication__metadata__none__mlp,deduplication,metadata,,mlp,4,480,120,96,24,0,16.114895899998373,0.05163459999312181,0.004121500009205192,0.03434583341004327,classifier_pipeline_including_tfidf_transform,"{""model__alpha"":0.001,""model__hidden_layer_sizes"":[16]}",-1.4912280701754386,"{""curve_points"":2450,""eligible"":false,""negative_threshold"":null,""positive_threshold"":null,""selected"":null}","{""balance_score"":0.011057692307692268,""calibration_group_counts_by_label"":{""0"":20,""1"":19},""calibration_groups"":39,""calibration_label_counts"":{""0"":100,""1"":95},""calibration_records"":195,""fit_group_counts_by_label"":{""0"":29,""1"":28},""fit_groups"":57,""fit_label_counts"":{""0"":145,""1"":140},""fit_records"":285,""group_overlap"":0}","[{""fit_group_counts_by_label"":{""0"":9,""1"":10},""fit_groups"":19,""fit_records"":95,""fold"":0,""group_overlap"":0,""validation_group_counts_by_label"":{""0"":11,""1"":9},""validation_groups"":20,""validation_records"":100},{""fit_group_counts_by_label"":{""0"":11,""1"":9},""fit_groups"":20,""fit_records"":100,""fold"":1,""group_overlap"":0,""validation_group_counts_by_label"":{""0"":9,""1"":10},""validation_groups"":19,""validation_records"":95}]",2
deduplication__metadata__none__xgboost,deduplication,metadata,,xgboost,0,480,120,96,24,0,3.090270299988333,0.07856000000901986,0.006581599998753518,0.05484666665627932,classifier_pipeline_including_tfidf_transform,"{""model__learning_rate"":0.05,""model__max_depth"":4,""model__n_estimators"":160}",-1.2105263157894737,"{""curve_points"":2450,""eligible"":false,""negative_threshold"":null,""positive_threshold"":null,""selected"":null}","{""balance_score"":0.011057692307692268,""calibration_group_counts_by_label"":{""0"":19,""1"":20},""calibration_groups"":39,""calibration_label_counts"":{""0"":95,""1"":100},""calibration_records"":195,""fit_group_counts_by_label"":{""0"":28,""1"":29},""fit_groups"":57,""fit_label_counts"":{""0"":140,""1"":145},""fit_records"":285,""group_overlap"":0}","[{""fit_group_counts_by_label"":{""0"":11,""1"":8},""fit_groups"":19,""fit_records"":95,""fold"":0,""group_overlap"":0,""validation_group_counts_by_label"":{""0"":8,""1"":12},""validation_groups"":20,""validation_records"":100},{""fit_group_counts_by_label"":{""0"":8,""1"":12},""fit_groups"":20,""fit_records"":100,""fold"":1,""group_overlap"":0,""validation_group_counts_by_label"":{""0"":11,""1"":8},""validation_groups"":19,""validation_records"":95}]",0
deduplication__metadata__none__xgboost,deduplication,metadata,,xgboost,1,480,120,96,24,0,3.0333873000054155,0.09586879999551456,0.006398800003807992,0.053323333365066596,classifier_pipeline_including_tfidf_transform,"{""model__learning_rate"":0.05,""model__max_depth"":4,""model__n_estimators"":160}",-1.2350877192982457,"{""curve_points"":2450,""eligible"":false,""negative_threshold"":null,""positive_threshold"":null,""selected"":null}","{""balance_score"":0.011057692307692268,""calibration_group_counts_by_label"":{""0"":19,""1"":20},""calibration_groups"":39,""calibration_label_counts"":{""0"":95,""1"":100},""calibration_records"":195,""fit_group_counts_by_label"":{""0"":28,""1"":29},""fit_groups"":57,""fit_label_counts"":{""0"":140,""1"":145},""fit_records"":285,""group_overlap"":0}","[{""fit_group_counts_by_label"":{""0"":11,""1"":8},""fit_groups"":19,""fit_records"":95,""fold"":0,""group_overlap"":0,""validation_group_counts_by_label"":{""0"":8,""1"":12},""validation_groups"":20,""validation_records"":100},{""fit_group_counts_by_label"":{""0"":8,""1"":12},""fit_groups"":20,""fit_records"":100,""fold"":1,""group_overlap"":0,""validation_group_counts_by_label"":{""0"":11,""1"":8},""validation_groups"":19,""validation_records"":95}]",0
deduplication__metadata__none__xgboost,deduplication,metadata,,xgboost,2,480,120,96,24,0,3.07140580000123,0.06866699999955017,0.009638699993956834,0.08032249994964029,classifier_pipeline_including_tfidf_transform,"{""model__learning_rate"":0.05,""model__max_depth"":2,""model__n_estimators"":160}",-1.2210526315789474,"{""curve_points"":2450,""eligible"":false,""negative_threshold"":null,""positive_threshold"":null,""selected"":null}","{""balance_score"":0.011057692307692268,""calibration_group_counts_by_label"":{""0"":19,""1"":20},""calibration_groups"":39,""calibration_label_counts"":{""0"":95,""1"":100},""calibration_records"":195,""fit_group_counts_by_label"":{""0"":28,""1"":29},""fit_groups"":57,""fit_label_counts"":{""0"":140,""1"":145},""fit_records"":285,""group_overlap"":0}","[{""fit_group_counts_by_label"":{""0"":8,""1"":11},""fit_groups"":19,""fit_records"":95,""fold"":0,""group_overlap"":0,""validation_group_counts_by_label"":{""0"":11,""1"":9},""validation_groups"":20,""validation_records"":100},{""fit_group_counts_by_label"":{""0"":11,""1"":9},""fit_groups"":20,""fit_records"":100,""fold"":1,""group_overlap"":0,""validation_group_counts_by_label"":{""0"":8,""1"":11},""validation_groups"":19,""validation_records"":95}]",0
deduplication__metadata__none__xgboost,deduplication,metadata,,xgboost,3,480,120,96,24,0,2.8411687000043457,0.09076210000785068,0.006415099996956997,0.05345916664130831,classifier_pipeline_including_tfidf_transform,"{""model__learning_rate"":0.05,""model__max_depth"":4,""model__n_estimators"":160}",-1.2912280701754388,"{""curve_points"":2450,""eligible"":false,""negative_threshold"":null,""positive_threshold"":null,""selected"":null}","{""balance_score"":0.022275641025641058,""calibration_group_counts_by_label"":{""0"":20,""1"":19},""calibration_groups"":39,""calibration_label_counts"":{""0"":100,""1"":95},""calibration_records"":195,""fit_group_counts_by_label"":{""0"":30,""1"":27},""fit_groups"":57,""fit_label_counts"":{""0"":150,""1"":135},""fit_records"":285,""group_overlap"":0}","[{""fit_group_counts_by_label"":{""0"":12,""1"":7},""fit_groups"":19,""fit_records"":95,""fold"":0,""group_overlap"":0,""validation_group_counts_by_label"":{""0"":8,""1"":12},""validation_groups"":20,""validation_records"":100},{""fit_group_counts_by_label"":{""0"":8,""1"":12},""fit_groups"":20,""fit_records"":100,""fold"":1,""group_overlap"":0,""validation_group_counts_by_label"":{""0"":12,""1"":7},""validation_groups"":19,""validation_records"":95}]",0
deduplication__metadata__none__xgboost,deduplication,metadata,,xgboost,4,480,120,96,24,0,2.883088400005363,0.09834080000291578,0.006713299997500144,0.055944166645834535,classifier_pipeline_including_tfidf_transform,"{""model__learning_rate"":0.05,""model__max_depth"":4,""model__n_estimators"":160}",-1.168421052631579,"{""curve_points"":2450,""eligible"":false,""negative_threshold"":null,""positive_threshold"":null,""selected"":null}","{""balance_score"":0.011057692307692268,""calibration_group_counts_by_label"":{""0"":20,""1"":19},""calibration_groups"":39,""calibration_label_counts"":{""0"":100,""1"":95},""calibration_records"":195,""fit_group_counts_by_label"":{""0"":29,""1"":28},""fit_groups"":57,""fit_label_counts"":{""0"":145,""1"":140},""fit_records"":285,""group_overlap"":0}","[{""fit_group_counts_by_label"":{""0"":9,""1"":10},""fit_groups"":19,""fit_records"":95,""fold"":0,""group_overlap"":0,""validation_group_counts_by_label"":{""0"":11,""1"":9},""validation_groups"":20,""validation_records"":100},{""fit_group_counts_by_label"":{""0"":11,""1"":9},""fit_groups"":20,""fit_records"":100,""fold"":1,""group_overlap"":0,""validation_group_counts_by_label"":{""0"":9,""1"":10},""validation_groups"":19,""validation_records"":95}]",0
deduplication__hybrid_metadata__granite97m__logistic_regression,deduplication,hybrid_metadata,granite97m,logistic_regression,0,480,120,96,24,0,7.928948299988406,0.7441251999989618,0.15583269999478944,1.298605833289912,classifier_pipeline_with_precomputed_embedding,"{""model__C"":0.1}",0.0,"{""curve_points"":2450,""eligible"":true,""negative_threshold"":0.08,""positive_threshold"":0.94,""selected"":{""abstained"":0,""automated_false_negative_rate"":0.0,""automated_false_positive_rate"":0.0,""automation_duplicate_recall"":1.0,""automation_nonduplicate_recall"":1.0,""coverage"":1.0,""covered"":195,""covered_error_rate"":0.0,""false_negative_cost"":5.0,""false_positive_cost"":1.0,""fn"":0,""fp"":0,""negative_predictive_value"":1.0,""negative_threshold"":0.08,""negatives"":95,""positive_threshold"":0.94,""positives"":100,""precision"":1.0,""threshold"":0.94,""tn"":95,""tp"":100,""weighted_covered_error"":0.0}}","{""balance_score"":0.011057692307692268,""calibration_group_counts_by_label"":{""0"":19,""1"":20},""calibration_groups"":39,""calibration_label_counts"":{""0"":95,""1"":100},""calibration_records"":195,""fit_group_counts_by_label"":{""0"":28,""1"":29},""fit_groups"":57,""fit_label_counts"":{""0"":140,""1"":145},""fit_records"":285,""group_overlap"":0}","[{""fit_group_counts_by_label"":{""0"":11,""1"":8},""fit_groups"":19,""fit_records"":95,""fold"":0,""group_overlap"":0,""validation_group_counts_by_label"":{""0"":8,""1"":12},""validation_groups"":20,""validation_records"":100},{""fit_group_counts_by_label"":{""0"":8,""1"":12},""fit_groups"":20,""fit_records"":100,""fold"":1,""group_overlap"":0,""validation_group_counts_by_label"":{""0"":11,""1"":8},""validation_groups"":19,""validation_records"":95}]",0
deduplication__hybrid_metadata__granite97m__logistic_regression,deduplication,hybrid_metadata,granite97m,logistic_regression,1,480,120,96,24,0,7.801296100005857,0.7812020999990636,0.1395699999993667,1.163083333328056,classifier_pipeline_with_precomputed_embedding,"{""model__C"":0.1}",0.0,"{""curve_points"":2450,""eligible"":true,""negative_threshold"":0.09,""positive_threshold"":0.92,""selected"":{""abstained"":0,""automated_false_negative_rate"":0.0,""automated_false_positive_rate"":0.0,""automation_duplicate_recall"":1.0,""automation_nonduplicate_recall"":1.0,""coverage"":1.0,""covered"":195,""covered_error_rate"":0.0,""false_negative_cost"":5.0,""false_positive_cost"":1.0,""fn"":0,""fp"":0,""negative_predictive_value"":1.0,""negative_threshold"":0.09,""negatives"":95,""positive_threshold"":0.92,""positives"":100,""precision"":1.0,""threshold"":0.92,""tn"":95,""tp"":100,""weighted_covered_error"":0.0}}","{""balance_score"":0.011057692307692268,""calibration_group_counts_by_label"":{""0"":19,""1"":20},""calibration_groups"":39,""calibration_label_counts"":{""0"":95,""1"":100},""calibration_records"":195,""fit_group_counts_by_label"":{""0"":28,""1"":29},""fit_groups"":57,""fit_label_counts"":{""0"":140,""1"":145},""fit_records"":285,""group_overlap"":0}","[{""fit_group_counts_by_label"":{""0"":11,""1"":8},""fit_groups"":19,""fit_records"":95,""fold"":0,""group_overlap"":0,""validation_group_counts_by_label"":{""0"":8,""1"":12},""validation_groups"":20,""validation_records"":100},{""fit_group_counts_by_label"":{""0"":8,""1"":12},""fit_groups"":20,""fit_records"":100,""fold"":1,""group_overlap"":0,""validation_group_counts_by_label"":{""0"":11,""1"":8},""validation_groups"":19,""validation_records"":95}]",0
deduplication__hybrid_metadata__granite97m__logistic_regression,deduplication,hybrid_metadata,granite97m,logistic_regression,2,480,120,96,24,0,7.5421916999912355,0.9086952999932691,0.14998699999705423,1.2498916666421185,classifier_pipeline_with_precomputed_embedding,"{""model__C"":0.1}",0.0,"{""curve_points"":2450,""eligible"":true,""negative_threshold"":0.09,""positive_threshold"":0.94,""selected"":{""abstained"":0,""automated_false_negative_rate"":0.0,""automated_false_positive_rate"":0.0,""automation_duplicate_recall"":1.0,""automation_nonduplicate_recall"":1.0,""coverage"":1.0,""covered"":195,""covered_error_rate"":0.0,""false_negative_cost"":5.0,""false_positive_cost"":1.0,""fn"":0,""fp"":0,""negative_predictive_value"":1.0,""negative_threshold"":0.09,""negatives"":95,""positive_threshold"":0.94,""positives"":100,""precision"":1.0,""threshold"":0.94,""tn"":95,""tp"":100,""weighted_covered_error"":0.0}}","{""balance_score"":0.011057692307692268,""calibration_group_counts_by_label"":{""0"":19,""1"":20},""calibration_groups"":39,""calibration_label_counts"":{""0"":95,""1"":100},""calibration_records"":195,""fit_group_counts_by_label"":{""0"":28,""1"":29},""fit_groups"":57,""fit_label_counts"":{""0"":140,""1"":145},""fit_records"":285,""group_overlap"":0}","[{""fit_group_counts_by_label"":{""0"":8,""1"":11},""fit_groups"":19,""fit_records"":95,""fold"":0,""group_overlap"":0,""validation_group_counts_by_label"":{""0"":11,""1"":9},""validation_groups"":20,""validation_records"":100},{""fit_group_counts_by_label"":{""0"":11,""1"":9},""fit_groups"":20,""fit_records"":100,""fold"":1,""group_overlap"":0,""validation_group_counts_by_label"":{""0"":8,""1"":11},""validation_groups"":19,""validation_records"":95}]",0
deduplication__hybrid_metadata__granite97m__logistic_regression,deduplication,hybrid_metadata,granite97m,logistic_regression,3,480,120,96,24,0,7.586263899996993,0.8080965999979526,0.17212989999097772,1.4344158332581476,classifier_pipeline_with_precomputed_embedding,"{""model__C"":0.1}",0.0,"{""curve_points"":2450,""eligible"":true,""negative_threshold"":0.1,""positive_threshold"":0.92,""selected"":{""abstained"":0,""automated_false_negative_rate"":0.0,""automated_false_positive_rate"":0.0,""automation_duplicate_recall"":1.0,""automation_nonduplicate_recall"":1.0,""coverage"":1.0,""covered"":195,""covered_error_rate"":0.0,""false_negative_cost"":5.0,""false_positive_cost"":1.0,""fn"":0,""fp"":0,""negative_predictive_value"":1.0,""negative_threshold"":0.1,""negatives"":100,""positive_threshold"":0.92,""positives"":95,""precision"":1.0,""threshold"":0.92,""tn"":100,""tp"":95,""weighted_covered_error"":0.0}}","{""balance_score"":0.022275641025641058,""calibration_group_counts_by_label"":{""0"":20,""1"":19},""calibration_groups"":39,""calibration_label_counts"":{""0"":100,""1"":95},""calibration_records"":195,""fit_group_counts_by_label"":{""0"":30,""1"":27},""fit_groups"":57,""fit_label_counts"":{""0"":150,""1"":135},""fit_records"":285,""group_overlap"":0}","[{""fit_group_counts_by_label"":{""0"":12,""1"":7},""fit_groups"":19,""fit_records"":95,""fold"":0,""group_overlap"":0,""validation_group_counts_by_label"":{""0"":8,""1"":12},""validation_groups"":20,""validation_records"":100},{""fit_group_counts_by_label"":{""0"":8,""1"":12},""fit_groups"":20,""fit_records"":100,""fold"":1,""group_overlap"":0,""validation_group_counts_by_label"":{""0"":12,""1"":7},""validation_groups"":19,""validation_records"":95}]",0
deduplication__hybrid_metadata__granite97m__logistic_regression,deduplication,hybrid_metadata,granite97m,logistic_regression,4,480,120,96,24,0,7.529360099986661,0.8389492999995127,0.15404280000075232,1.2836900000062694,classifier_pipeline_with_precomputed_embedding,"{""model__C"":0.1}",-0.2280701754385965,"{""curve_points"":2450,""eligible"":true,""negative_threshold"":0.07,""positive_threshold"":0.91,""selected"":{""abstained"":0,""automated_false_negative_rate"":0.0,""automated_false_positive_rate"":0.0,""automation_duplicate_recall"":1.0,""automation_nonduplicate_recall"":1.0,""coverage"":1.0,""covered"":195,""covered_error_rate"":0.0,""false_negative_cost"":5.0,""false_positive_cost"":1.0,""fn"":0,""fp"":0,""negative_predictive_value"":1.0,""negative_threshold"":0.07,""negatives"":100,""positive_threshold"":0.91,""positives"":95,""precision"":1.0,""threshold"":0.91,""tn"":100,""tp"":95,""weighted_covered_error"":0.0}}","{""balance_score"":0.011057692307692268,""calibration_group_counts_by_label"":{""0"":20,""1"":19},""calibration_groups"":39,""calibration_label_counts"":{""0"":100,""1"":95},""calibration_records"":195,""fit_group_counts_by_label"":{""0"":29,""1"":28},""fit_groups"":57,""fit_label_counts"":{""0"":145,""1"":140},""fit_records"":285,""group_overlap"":0}","[{""fit_group_counts_by_label"":{""0"":9,""1"":10},""fit_groups"":19,""fit_records"":95,""fold"":0,""group_overlap"":0,""validation_group_counts_by_label"":{""0"":11,""1"":9},""validation_groups"":20,""validation_records"":100},{""fit_group_counts_by_label"":{""0"":11,""1"":9},""fit_groups"":20,""fit_records"":100,""fold"":1,""group_overlap"":0,""validation_group_counts_by_label"":{""0"":9,""1"":10},""validation_groups"":19,""validation_records"":95}]",0
deduplication__hybrid_metadata__granite97m__decision_tree,deduplication,hybrid_metadata,granite97m,decision_tree,0,480,120,96,24,0,12.63285999999789,0.9190271000115899,0.14299690000189003,1.1916408333490836,classifier_pipeline_with_precomputed_embedding,"{""model__max_depth"":3,""model__min_samples_leaf"":2}",-0.2596491228070175,"{""curve_points"":2450,""eligible"":true,""negative_threshold"":0.08,""positive_threshold"":0.93,""selected"":{""abstained"":3,""automated_false_negative_rate"":0.01,""automated_false_positive_rate"":0.042105263157894736,""automation_duplicate_recall"":0.96,""automation_nonduplicate_recall"":0.9578947368421052,""coverage"":0.9846153846153847,""covered"":192,""covered_error_rate"":0.026041666666666668,""false_negative_cost"":5.0,""false_positive_cost"":1.0,""fn"":1,""fp"":4,""negative_predictive_value"":0.9891304347826086,""negative_threshold"":0.08,""negatives"":95,""positive_threshold"":0.93,""positives"":100,""precision"":0.96,""threshold"":0.93,""tn"":91,""tp"":96,""weighted_covered_error"":0.046875}}","{""balance_score"":0.011057692307692268,""calibration_group_counts_by_label"":{""0"":19,""1"":20},""calibration_groups"":39,""calibration_label_counts"":{""0"":95,""1"":100},""calibration_records"":195,""fit_group_counts_by_label"":{""0"":28,""1"":29},""fit_groups"":57,""fit_label_counts"":{""0"":140,""1"":145},""fit_records"":285,""group_overlap"":0}","[{""fit_group_counts_by_label"":{""0"":11,""1"":8},""fit_groups"":19,""fit_records"":95,""fold"":0,""group_overlap"":0,""validation_group_counts_by_label"":{""0"":8,""1"":12},""validation_groups"":20,""validation_records"":100},{""fit_group_counts_by_label"":{""0"":8,""1"":12},""fit_groups"":20,""fit_records"":100,""fold"":1,""group_overlap"":0,""validation_group_counts_by_label"":{""0"":11,""1"":8},""validation_groups"":19,""validation_records"":95}]",0
deduplication__hybrid_metadata__granite97m__decision_tree,deduplication,hybrid_metadata,granite97m,decision_tree,1,480,120,96,24,0,11.942056600004435,0.8886227000039071,0.13845450000371784,1.153787500030982,classifier_pipeline_with_precomputed_embedding,"{""model__max_depth"":3,""model__min_samples_leaf"":5}",-0.4421052631578947,"{""curve_points"":2450,""eligible"":true,""negative_threshold"":0.07,""positive_threshold"":0.61,""selected"":{""abstained"":4,""automated_false_negative_rate"":0.01,""automated_false_positive_rate"":0.031578947368421054,""automation_duplicate_recall"":0.95,""automation_nonduplicate_recall"":0.968421052631579,""coverage"":0.9794871794871794,""covered"":191,""covered_error_rate"":0.020942408376963352,""false_negative_cost"":5.0,""false_positive_cost"":1.0,""fn"":1,""fp"":3,""negative_predictive_value"":0.989247311827957,""negative_threshold"":0.07,""negatives"":95,""positive_threshold"":0.61,""positives"":100,""precision"":0.9693877551020408,""threshold"":0.61,""tn"":92,""tp"":95,""weighted_covered_error"":0.041884816753926704}}","{""balance_score"":0.011057692307692268,""calibration_group_counts_by_label"":{""0"":19,""1"":20},""calibration_groups"":39,""calibration_label_counts"":{""0"":95,""1"":100},""calibration_records"":195,""fit_group_counts_by_label"":{""0"":28,""1"":29},""fit_groups"":57,""fit_label_counts"":{""0"":140,""1"":145},""fit_records"":285,""group_overlap"":0}","[{""fit_group_counts_by_label"":{""0"":11,""1"":8},""fit_groups"":19,""fit_records"":95,""fold"":0,""group_overlap"":0,""validation_group_counts_by_label"":{""0"":8,""1"":12},""validation_groups"":20,""validation_records"":100},{""fit_group_counts_by_label"":{""0"":8,""1"":12},""fit_groups"":20,""fit_records"":100,""fold"":1,""group_overlap"":0,""validation_group_counts_by_label"":{""0"":11,""1"":8},""validation_groups"":19,""validation_records"":95}]",0
deduplication__hybrid_metadata__granite97m__decision_tree,deduplication,hybrid_metadata,granite97m,decision_tree,2,480,120,96,24,0,11.46828089999326,0.7591708999971161,0.14980199999990873,1.2483499999992393,classifier_pipeline_with_precomputed_embedding,"{""model__max_depth"":3,""model__min_samples_leaf"":2}",-0.21403508771929824,"{""curve_points"":2450,""eligible"":false,""negative_threshold"":null,""positive_threshold"":null,""selected"":null}","{""balance_score"":0.011057692307692268,""calibration_group_counts_by_label"":{""0"":19,""1"":20},""calibration_groups"":39,""calibration_label_counts"":{""0"":95,""1"":100},""calibration_records"":195,""fit_group_counts_by_label"":{""0"":28,""1"":29},""fit_groups"":57,""fit_label_counts"":{""0"":140,""1"":145},""fit_records"":285,""group_overlap"":0}","[{""fit_group_counts_by_label"":{""0"":8,""1"":11},""fit_groups"":19,""fit_records"":95,""fold"":0,""group_overlap"":0,""validation_group_counts_by_label"":{""0"":11,""1"":9},""validation_groups"":20,""validation_records"":100},{""fit_group_counts_by_label"":{""0"":11,""1"":9},""fit_groups"":20,""fit_records"":100,""fold"":1,""group_overlap"":0,""validation_group_counts_by_label"":{""0"":8,""1"":11},""validation_groups"":19,""validation_records"":95}]",0
deduplication__hybrid_metadata__granite97m__decision_tree,deduplication,hybrid_metadata,granite97m,decision_tree,3,480,120,96,24,0,12.05123260000255,0.7932405000028666,0.13920459999644663,1.1600383333037219,classifier_pipeline_with_precomputed_embedding,"{""model__max_depth"":3,""model__min_samples_leaf"":2}",-0.12631578947368421,"{""curve_points"":2450,""eligible"":false,""negative_threshold"":null,""positive_threshold"":null,""selected"":null}","{""balance_score"":0.022275641025641058,""calibration_group_counts_by_label"":{""0"":20,""1"":19},""calibration_groups"":39,""calibration_label_counts"":{""0"":100,""1"":95},""calibration_records"":195,""fit_group_counts_by_label"":{""0"":30,""1"":27},""fit_groups"":57,""fit_label_counts"":{""0"":150,""1"":135},""fit_records"":285,""group_overlap"":0}","[{""fit_group_counts_by_label"":{""0"":12,""1"":7},""fit_groups"":19,""fit_records"":95,""fold"":0,""group_overlap"":0,""validation_group_counts_by_label"":{""0"":8,""1"":12},""validation_groups"":20,""validation_records"":100},{""fit_group_counts_by_label"":{""0"":8,""1"":12},""fit_groups"":20,""fit_records"":100,""fold"":1,""group_overlap"":0,""validation_group_counts_by_label"":{""0"":12,""1"":7},""validation_groups"":19,""validation_records"":95}]",0
deduplication__hybrid_metadata__granite97m__decision_tree,deduplication,hybrid_metadata,granite97m,decision_tree,4,480,120,96,24,0,11.473816500001703,0.7923730999900727,0.22832940000807866,1.9027450000673223,classifier_pipeline_with_precomputed_embedding,"{""model__max_depth"":3,""model__min_samples_leaf"":2}",-0.34736842105263155,"{""curve_points"":2450,""eligible"":true,""negative_threshold"":0.04,""positive_threshold"":0.9,""selected"":{""abstained"":0,""automated_false_negative_rate"":0.010526315789473684,""automated_false_positive_rate"":0.04,""automation_duplicate_recall"":0.9894736842105263,""automation_nonduplicate_recall"":0.96,""coverage"":1.0,""covered"":195,""covered_error_rate"":0.02564102564102564,""false_negative_cost"":5.0,""false_positive_cost"":1.0,""fn"":1,""fp"":4,""negative_predictive_value"":0.9896907216494846,""negative_threshold"":0.04,""negatives"":100,""positive_threshold"":0.9,""positives"":95,""precision"":0.9591836734693877,""threshold"":0.9,""tn"":96,""tp"":94,""weighted_covered_error"":0.046153846153846156}}","{""balance_score"":0.011057692307692268,""calibration_group_counts_by_label"":{""0"":20,""1"":19},""calibration_groups"":39,""calibration_label_counts"":{""0"":100,""1"":95},""calibration_records"":195,""fit_group_counts_by_label"":{""0"":29,""1"":28},""fit_groups"":57,""fit_label_counts"":{""0"":145,""1"":140},""fit_records"":285,""group_overlap"":0}","[{""fit_group_counts_by_label"":{""0"":9,""1"":10},""fit_groups"":19,""fit_records"":95,""fold"":0,""group_overlap"":0,""validation_group_counts_by_label"":{""0"":11,""1"":9},""validation_groups"":20,""validation_records"":100},{""fit_group_counts_by_label"":{""0"":11,""1"":9},""fit_groups"":20,""fit_records"":100,""fold"":1,""group_overlap"":0,""validation_group_counts_by_label"":{""0"":9,""1"":10},""validation_groups"":19,""validation_records"":95}]",0
deduplication__hybrid_metadata__granite97m__linear_svm,deduplication,hybrid_metadata,granite97m,linear_svm,0,480,120,96,24,0,8.911014999990584,0.9017004999914207,0.14666339999530464,1.222194999960872,classifier_pipeline_with_precomputed_embedding,"{""model__C"":0.1}",0.0,"{""curve_points"":2450,""eligible"":true,""negative_threshold"":0.04,""positive_threshold"":0.96,""selected"":{""abstained"":0,""automated_false_negative_rate"":0.0,""automated_false_positive_rate"":0.0,""automation_duplicate_recall"":1.0,""automation_nonduplicate_recall"":1.0,""coverage"":1.0,""covered"":195,""covered_error_rate"":0.0,""false_negative_cost"":5.0,""false_positive_cost"":1.0,""fn"":0,""fp"":0,""negative_predictive_value"":1.0,""negative_threshold"":0.04,""negatives"":95,""positive_threshold"":0.96,""positives"":100,""precision"":1.0,""threshold"":0.96,""tn"":95,""tp"":100,""weighted_covered_error"":0.0}}","{""balance_score"":0.011057692307692268,""calibration_group_counts_by_label"":{""0"":19,""1"":20},""calibration_groups"":39,""calibration_label_counts"":{""0"":95,""1"":100},""calibration_records"":195,""fit_group_counts_by_label"":{""0"":28,""1"":29},""fit_groups"":57,""fit_label_counts"":{""0"":140,""1"":145},""fit_records"":285,""group_overlap"":0}","[{""fit_group_counts_by_label"":{""0"":11,""1"":8},""fit_groups"":19,""fit_records"":95,""fold"":0,""group_overlap"":0,""validation_group_counts_by_label"":{""0"":8,""1"":12},""validation_groups"":20,""validation_records"":100},{""fit_group_counts_by_label"":{""0"":8,""1"":12},""fit_groups"":20,""fit_records"":100,""fold"":1,""group_overlap"":0,""validation_group_counts_by_label"":{""0"":11,""1"":8},""validation_groups"":19,""validation_records"":95}]",0
deduplication__hybrid_metadata__granite97m__linear_svm,deduplication,hybrid_metadata,granite97m,linear_svm,1,480,120,96,24,0,8.830705100001069,0.9423265000077663,0.16254099999787286,1.3545083333156072,classifier_pipeline_with_precomputed_embedding,"{""model__C"":0.1}",0.0,"{""curve_points"":2450,""eligible"":true,""negative_threshold"":0.05,""positive_threshold"":0.96,""selected"":{""abstained"":0,""automated_false_negative_rate"":0.0,""automated_false_positive_rate"":0.0,""automation_duplicate_recall"":1.0,""automation_nonduplicate_recall"":1.0,""coverage"":1.0,""covered"":195,""covered_error_rate"":0.0,""false_negative_cost"":5.0,""false_positive_cost"":1.0,""fn"":0,""fp"":0,""negative_predictive_value"":1.0,""negative_threshold"":0.05,""negatives"":95,""positive_threshold"":0.96,""positives"":100,""precision"":1.0,""threshold"":0.96,""tn"":95,""tp"":100,""weighted_covered_error"":0.0}}","{""balance_score"":0.011057692307692268,""calibration_group_counts_by_label"":{""0"":19,""1"":20},""calibration_groups"":39,""calibration_label_counts"":{""0"":95,""1"":100},""calibration_records"":195,""fit_group_counts_by_label"":{""0"":28,""1"":29},""fit_groups"":57,""fit_label_counts"":{""0"":140,""1"":145},""fit_records"":285,""group_overlap"":0}","[{""fit_group_counts_by_label"":{""0"":11,""1"":8},""fit_groups"":19,""fit_records"":95,""fold"":0,""group_overlap"":0,""validation_group_counts_by_label"":{""0"":8,""1"":12},""validation_groups"":20,""validation_records"":100},{""fit_group_counts_by_label"":{""0"":8,""1"":12},""fit_groups"":20,""fit_records"":100,""fold"":1,""group_overlap"":0,""validation_group_counts_by_label"":{""0"":11,""1"":8},""validation_groups"":19,""validation_records"":95}]",0
deduplication__hybrid_metadata__granite97m__linear_svm,deduplication,hybrid_metadata,granite97m,linear_svm,2,480,120,96,24,0,8.763695800007554,0.9718338999955449,0.15646019999985583,1.3038349999987986,classifier_pipeline_with_precomputed_embedding,"{""model__C"":0.1}",0.0,"{""curve_points"":2450,""eligible"":true,""negative_threshold"":0.07,""positive_threshold"":0.96,""selected"":{""abstained"":0,""automated_false_negative_rate"":0.0,""automated_false_positive_rate"":0.0,""automation_duplicate_recall"":1.0,""automation_nonduplicate_recall"":1.0,""coverage"":1.0,""covered"":195,""covered_error_rate"":0.0,""false_negative_cost"":5.0,""false_positive_cost"":1.0,""fn"":0,""fp"":0,""negative_predictive_value"":1.0,""negative_threshold"":0.07,""negatives"":95,""positive_threshold"":0.96,""positives"":100,""precision"":1.0,""threshold"":0.96,""tn"":95,""tp"":100,""weighted_covered_error"":0.0}}","{""balance_score"":0.011057692307692268,""calibration_group_counts_by_label"":{""0"":19,""1"":20},""calibration_groups"":39,""calibration_label_counts"":{""0"":95,""1"":100},""calibration_records"":195,""fit_group_counts_by_label"":{""0"":28,""1"":29},""fit_groups"":57,""fit_label_counts"":{""0"":140,""1"":145},""fit_records"":285,""group_overlap"":0}","[{""fit_group_counts_by_label"":{""0"":8,""1"":11},""fit_groups"":19,""fit_records"":95,""fold"":0,""group_overlap"":0,""validation_group_counts_by_label"":{""0"":11,""1"":9},""validation_groups"":20,""validation_records"":100},{""fit_group_counts_by_label"":{""0"":11,""1"":9},""fit_groups"":20,""fit_records"":100,""fold"":1,""group_overlap"":0,""validation_group_counts_by_label"":{""0"":8,""1"":11},""validation_groups"":19,""validation_records"":95}]",0
deduplication__hybrid_metadata__granite97m__linear_svm,deduplication,hybrid_metadata,granite97m,linear_svm,3,480,120,96,24,0,9.691879599995445,0.7490274000010686,0.16134479999891482,1.3445399999909569,classifier_pipeline_with_precomputed_embedding,"{""model__C"":0.1}",0.0,"{""curve_points"":2450,""eligible"":true,""negative_threshold"":0.07,""positive_threshold"":0.96,""selected"":{""abstained"":0,""automated_false_negative_rate"":0.0,""automated_false_positive_rate"":0.0,""automation_duplicate_recall"":1.0,""automation_nonduplicate_recall"":1.0,""coverage"":1.0,""covered"":195,""covered_error_rate"":0.0,""false_negative_cost"":5.0,""false_positive_cost"":1.0,""fn"":0,""fp"":0,""negative_predictive_value"":1.0,""negative_threshold"":0.07,""negatives"":100,""positive_threshold"":0.96,""positives"":95,""precision"":1.0,""threshold"":0.96,""tn"":100,""tp"":95,""weighted_covered_error"":0.0}}","{""balance_score"":0.022275641025641058,""calibration_group_counts_by_label"":{""0"":20,""1"":19},""calibration_groups"":39,""calibration_label_counts"":{""0"":100,""1"":95},""calibration_records"":195,""fit_group_counts_by_label"":{""0"":30,""1"":27},""fit_groups"":57,""fit_label_counts"":{""0"":150,""1"":135},""fit_records"":285,""group_overlap"":0}","[{""fit_group_counts_by_label"":{""0"":12,""1"":7},""fit_groups"":19,""fit_records"":95,""fold"":0,""group_overlap"":0,""validation_group_counts_by_label"":{""0"":8,""1"":12},""validation_groups"":20,""validation_records"":100},{""fit_group_counts_by_label"":{""0"":8,""1"":12},""fit_groups"":20,""fit_records"":100,""fold"":1,""group_overlap"":0,""validation_group_counts_by_label"":{""0"":12,""1"":7},""validation_groups"":19,""validation_records"":95}]",0
deduplication__hybrid_metadata__granite97m__linear_svm,deduplication,hybrid_metadata,granite97m,linear_svm,4,480,120,96,24,0,8.810423200004152,0.830932999990182,0.15206509998824913,1.2672091665687428,classifier_pipeline_with_precomputed_embedding,"{""model__C"":0.1}",-0.2631578947368421,"{""curve_points"":2450,""eligible"":true,""negative_threshold"":0.04,""positive_threshold"":0.95,""selected"":{""abstained"":0,""automated_false_negative_rate"":0.0,""automated_false_positive_rate"":0.0,""automation_duplicate_recall"":1.0,""automation_nonduplicate_recall"":1.0,""coverage"":1.0,""covered"":195,""covered_error_rate"":0.0,""false_negative_cost"":5.0,""false_positive_cost"":1.0,""fn"":0,""fp"":0,""negative_predictive_value"":1.0,""negative_threshold"":0.04,""negatives"":100,""positive_threshold"":0.95,""positives"":95,""precision"":1.0,""threshold"":0.95,""tn"":100,""tp"":95,""weighted_covered_error"":0.0}}","{""balance_score"":0.011057692307692268,""calibration_group_counts_by_label"":{""0"":20,""1"":19},""calibration_groups"":39,""calibration_label_counts"":{""0"":100,""1"":95},""calibration_records"":195,""fit_group_counts_by_label"":{""0"":29,""1"":28},""fit_groups"":57,""fit_label_counts"":{""0"":145,""1"":140},""fit_records"":285,""group_overlap"":0}","[{""fit_group_counts_by_label"":{""0"":9,""1"":10},""fit_groups"":19,""fit_records"":95,""fold"":0,""group_overlap"":0,""validation_group_counts_by_label"":{""0"":11,""1"":9},""validation_groups"":20,""validation_records"":100},{""fit_group_counts_by_label"":{""0"":11,""1"":9},""fit_groups"":20,""fit_records"":100,""fold"":1,""group_overlap"":0,""validation_group_counts_by_label"":{""0"":9,""1"":10},""validation_groups"":19,""validation_records"":95}]",0
deduplication__hybrid_metadata__granite97m__mlp,deduplication,hybrid_metadata,granite97m,mlp,0,480,120,96,24,0,45.75533140001062,0.8338169000053313,0.1470444000005955,1.2253700000049623,classifier_pipeline_with_precomputed_embedding,"{""model__alpha"":0.001,""model__hidden_layer_sizes"":[16]}",0.0,"{""curve_points"":2450,""eligible"":true,""negative_threshold"":0.03,""positive_threshold"":0.97,""selected"":{""abstained"":0,""automated_false_negative_rate"":0.0,""automated_false_positive_rate"":0.0,""automation_duplicate_recall"":1.0,""automation_nonduplicate_recall"":1.0,""coverage"":1.0,""covered"":195,""covered_error_rate"":0.0,""false_negative_cost"":5.0,""false_positive_cost"":1.0,""fn"":0,""fp"":0,""negative_predictive_value"":1.0,""negative_threshold"":0.03,""negatives"":95,""positive_threshold"":0.97,""positives"":100,""precision"":1.0,""threshold"":0.97,""tn"":95,""tp"":100,""weighted_covered_error"":0.0}}","{""balance_score"":0.011057692307692268,""calibration_group_counts_by_label"":{""0"":19,""1"":20},""calibration_groups"":39,""calibration_label_counts"":{""0"":95,""1"":100},""calibration_records"":195,""fit_group_counts_by_label"":{""0"":28,""1"":29},""fit_groups"":57,""fit_label_counts"":{""0"":140,""1"":145},""fit_records"":285,""group_overlap"":0}","[{""fit_group_counts_by_label"":{""0"":11,""1"":8},""fit_groups"":19,""fit_records"":95,""fold"":0,""group_overlap"":0,""validation_group_counts_by_label"":{""0"":8,""1"":12},""validation_groups"":20,""validation_records"":100},{""fit_group_counts_by_label"":{""0"":8,""1"":12},""fit_groups"":20,""fit_records"":100,""fold"":1,""group_overlap"":0,""validation_group_counts_by_label"":{""0"":11,""1"":8},""validation_groups"":19,""validation_records"":95}]",0
deduplication__hybrid_metadata__granite97m__mlp,deduplication,hybrid_metadata,granite97m,mlp,1,480,120,96,24,0,45.59306920001109,0.961510699999053,0.14231539999309462,1.1859616666091217,classifier_pipeline_with_precomputed_embedding,"{""model__alpha"":0.001,""model__hidden_layer_sizes"":[16]}",0.0,"{""curve_points"":2450,""eligible"":true,""negative_threshold"":0.03,""positive_threshold"":0.97,""selected"":{""abstained"":0,""automated_false_negative_rate"":0.0,""automated_false_positive_rate"":0.0,""automation_duplicate_recall"":1.0,""automation_nonduplicate_recall"":1.0,""coverage"":1.0,""covered"":195,""covered_error_rate"":0.0,""false_negative_cost"":5.0,""false_positive_cost"":1.0,""fn"":0,""fp"":0,""negative_predictive_value"":1.0,""negative_threshold"":0.03,""negatives"":95,""positive_threshold"":0.97,""positives"":100,""precision"":1.0,""threshold"":0.97,""tn"":95,""tp"":100,""weighted_covered_error"":0.0}}","{""balance_score"":0.011057692307692268,""calibration_group_counts_by_label"":{""0"":19,""1"":20},""calibration_groups"":39,""calibration_label_counts"":{""0"":95,""1"":100},""calibration_records"":195,""fit_group_counts_by_label"":{""0"":28,""1"":29},""fit_groups"":57,""fit_label_counts"":{""0"":140,""1"":145},""fit_records"":285,""group_overlap"":0}","[{""fit_group_counts_by_label"":{""0"":11,""1"":8},""fit_groups"":19,""fit_records"":95,""fold"":0,""group_overlap"":0,""validation_group_counts_by_label"":{""0"":8,""1"":12},""validation_groups"":20,""validation_records"":100},{""fit_group_counts_by_label"":{""0"":8,""1"":12},""fit_groups"":20,""fit_records"":100,""fold"":1,""group_overlap"":0,""validation_group_counts_by_label"":{""0"":11,""1"":8},""validation_groups"":19,""validation_records"":95}]",0
deduplication__hybrid_metadata__granite97m__mlp,deduplication,hybrid_metadata,granite97m,mlp,2,480,120,96,24,0,45.78576559999783,0.8244500000000698,0.16968249999627005,1.4140208333022504,classifier_pipeline_with_precomputed_embedding,"{""model__alpha"":0.001,""model__hidden_layer_sizes"":[16]}",0.0,"{""curve_points"":2450,""eligible"":true,""negative_threshold"":0.04,""positive_threshold"":0.97,""selected"":{""abstained"":0,""automated_false_negative_rate"":0.0,""automated_false_positive_rate"":0.0,""automation_duplicate_recall"":1.0,""automation_nonduplicate_recall"":1.0,""coverage"":1.0,""covered"":195,""covered_error_rate"":0.0,""false_negative_cost"":5.0,""false_positive_cost"":1.0,""fn"":0,""fp"":0,""negative_predictive_value"":1.0,""negative_threshold"":0.04,""negatives"":95,""positive_threshold"":0.97,""positives"":100,""precision"":1.0,""threshold"":0.97,""tn"":95,""tp"":100,""weighted_covered_error"":0.0}}","{""balance_score"":0.011057692307692268,""calibration_group_counts_by_label"":{""0"":19,""1"":20},""calibration_groups"":39,""calibration_label_counts"":{""0"":95,""1"":100},""calibration_records"":195,""fit_group_counts_by_label"":{""0"":28,""1"":29},""fit_groups"":57,""fit_label_counts"":{""0"":140,""1"":145},""fit_records"":285,""group_overlap"":0}","[{""fit_group_counts_by_label"":{""0"":8,""1"":11},""fit_groups"":19,""fit_records"":95,""fold"":0,""group_overlap"":0,""validation_group_counts_by_label"":{""0"":11,""1"":9},""validation_groups"":20,""validation_records"":100},{""fit_group_counts_by_label"":{""0"":11,""1"":9},""fit_groups"":20,""fit_records"":100,""fold"":1,""group_overlap"":0,""validation_group_counts_by_label"":{""0"":8,""1"":11},""validation_groups"":19,""validation_records"":95}]",0
deduplication__hybrid_metadata__granite97m__mlp,deduplication,hybrid_metadata,granite97m,mlp,3,480,120,96,24,0,45.56307469999592,0.8932333000120707,0.14425650000339374,1.2021375000282812,classifier_pipeline_with_precomputed_embedding,"{""model__alpha"":0.001,""model__hidden_layer_sizes"":[16]}",0.0,"{""curve_points"":2450,""eligible"":true,""negative_threshold"":0.03,""positive_threshold"":0.97,""selected"":{""abstained"":0,""automated_false_negative_rate"":0.0,""automated_false_positive_rate"":0.0,""automation_duplicate_recall"":1.0,""automation_nonduplicate_recall"":1.0,""coverage"":1.0,""covered"":195,""covered_error_rate"":0.0,""false_negative_cost"":5.0,""false_positive_cost"":1.0,""fn"":0,""fp"":0,""negative_predictive_value"":1.0,""negative_threshold"":0.03,""negatives"":100,""positive_threshold"":0.97,""positives"":95,""precision"":1.0,""threshold"":0.97,""tn"":100,""tp"":95,""weighted_covered_error"":0.0}}","{""balance_score"":0.022275641025641058,""calibration_group_counts_by_label"":{""0"":20,""1"":19},""calibration_groups"":39,""calibration_label_counts"":{""0"":100,""1"":95},""calibration_records"":195,""fit_group_counts_by_label"":{""0"":30,""1"":27},""fit_groups"":57,""fit_label_counts"":{""0"":150,""1"":135},""fit_records"":285,""group_overlap"":0}","[{""fit_group_counts_by_label"":{""0"":12,""1"":7},""fit_groups"":19,""fit_records"":95,""fold"":0,""group_overlap"":0,""validation_group_counts_by_label"":{""0"":8,""1"":12},""validation_groups"":20,""validation_records"":100},{""fit_group_counts_by_label"":{""0"":8,""1"":12},""fit_groups"":20,""fit_records"":100,""fold"":1,""group_overlap"":0,""validation_group_counts_by_label"":{""0"":12,""1"":7},""validation_groups"":19,""validation_records"":95}]",0
deduplication__hybrid_metadata__granite97m__mlp,deduplication,hybrid_metadata,granite97m,mlp,4,480,120,96,24,0,46.63493400000152,0.7832823999924585,0.198676300002262,1.6556358333521832,classifier_pipeline_with_precomputed_embedding,"{""model__alpha"":0.001,""model__hidden_layer_sizes"":[16]}",-0.2631578947368421,"{""curve_points"":2450,""eligible"":true,""negative_threshold"":0.03,""positive_threshold"":0.97,""selected"":{""abstained"":0,""automated_false_negative_rate"":0.0,""automated_false_positive_rate"":0.0,""automation_duplicate_recall"":1.0,""automation_nonduplicate_recall"":1.0,""coverage"":1.0,""covered"":195,""covered_error_rate"":0.0,""false_negative_cost"":5.0,""false_positive_cost"":1.0,""fn"":0,""fp"":0,""negative_predictive_value"":1.0,""negative_threshold"":0.03,""negatives"":100,""positive_threshold"":0.97,""positives"":95,""precision"":1.0,""threshold"":0.97,""tn"":100,""tp"":95,""weighted_covered_error"":0.0}}","{""balance_score"":0.011057692307692268,""calibration_group_counts_by_label"":{""0"":20,""1"":19},""calibration_groups"":39,""calibration_label_counts"":{""0"":100,""1"":95},""calibration_records"":195,""fit_group_counts_by_label"":{""0"":29,""1"":28},""fit_groups"":57,""fit_label_counts"":{""0"":145,""1"":140},""fit_records"":285,""group_overlap"":0}","[{""fit_group_counts_by_label"":{""0"":9,""1"":10},""fit_groups"":19,""fit_records"":95,""fold"":0,""group_overlap"":0,""validation_group_counts_by_label"":{""0"":11,""1"":9},""validation_groups"":20,""validation_records"":100},{""fit_group_counts_by_label"":{""0"":11,""1"":9},""fit_groups"":20,""fit_records"":100,""fold"":1,""group_overlap"":0,""validation_group_counts_by_label"":{""0"":9,""1"":10},""validation_groups"":19,""validation_records"":95}]",0
deduplication__hybrid_metadata__granite97m__xgboost,deduplication,hybrid_metadata,granite97m,xgboost,0,480,120,96,24,0,37.300293799999054,0.8761255999997957,0.14886040000419598,1.2405033333682998,classifier_pipeline_with_precomputed_embedding,"{""model__learning_rate"":0.05,""model__max_depth"":2,""model__n_estimators"":160}",0.0,"{""curve_points"":2450,""eligible"":true,""negative_threshold"":0.11,""positive_threshold"":0.97,""selected"":{""abstained"":0,""automated_false_negative_rate"":0.0,""automated_false_positive_rate"":0.0,""automation_duplicate_recall"":1.0,""automation_nonduplicate_recall"":1.0,""coverage"":1.0,""covered"":195,""covered_error_rate"":0.0,""false_negative_cost"":5.0,""false_positive_cost"":1.0,""fn"":0,""fp"":0,""negative_predictive_value"":1.0,""negative_threshold"":0.11,""negatives"":95,""positive_threshold"":0.97,""positives"":100,""precision"":1.0,""threshold"":0.97,""tn"":95,""tp"":100,""weighted_covered_error"":0.0}}","{""balance_score"":0.011057692307692268,""calibration_group_counts_by_label"":{""0"":19,""1"":20},""calibration_groups"":39,""calibration_label_counts"":{""0"":95,""1"":100},""calibration_records"":195,""fit_group_counts_by_label"":{""0"":28,""1"":29},""fit_groups"":57,""fit_label_counts"":{""0"":140,""1"":145},""fit_records"":285,""group_overlap"":0}","[{""fit_group_counts_by_label"":{""0"":11,""1"":8},""fit_groups"":19,""fit_records"":95,""fold"":0,""group_overlap"":0,""validation_group_counts_by_label"":{""0"":8,""1"":12},""validation_groups"":20,""validation_records"":100},{""fit_group_counts_by_label"":{""0"":8,""1"":12},""fit_groups"":20,""fit_records"":100,""fold"":1,""group_overlap"":0,""validation_group_counts_by_label"":{""0"":11,""1"":8},""validation_groups"":19,""validation_records"":95}]",0
deduplication__hybrid_metadata__granite97m__xgboost,deduplication,hybrid_metadata,granite97m,xgboost,1,480,120,96,24,0,39.59703499999887,0.9968725000071572,0.13831159999244846,1.1525966666037373,classifier_pipeline_with_precomputed_embedding,"{""model__learning_rate"":0.05,""model__max_depth"":2,""model__n_estimators"":160}",0.0,"{""curve_points"":2450,""eligible"":true,""negative_threshold"":0.04,""positive_threshold"":0.91,""selected"":{""abstained"":11,""automated_false_negative_rate"":0.0,""automated_false_positive_rate"":0.0,""automation_duplicate_recall"":0.94,""automation_nonduplicate_recall"":0.9473684210526315,""coverage"":0.9435897435897436,""covered"":184,""covered_error_rate"":0.0,""false_negative_cost"":5.0,""false_positive_cost"":1.0,""fn"":0,""fp"":0,""negative_predictive_value"":1.0,""negative_threshold"":0.04,""negatives"":95,""positive_threshold"":0.91,""positives"":100,""precision"":1.0,""threshold"":0.91,""tn"":90,""tp"":94,""weighted_covered_error"":0.0}}","{""balance_score"":0.011057692307692268,""calibration_group_counts_by_label"":{""0"":19,""1"":20},""calibration_groups"":39,""calibration_label_counts"":{""0"":95,""1"":100},""calibration_records"":195,""fit_group_counts_by_label"":{""0"":28,""1"":29},""fit_groups"":57,""fit_label_counts"":{""0"":140,""1"":145},""fit_records"":285,""group_overlap"":0}","[{""fit_group_counts_by_label"":{""0"":11,""1"":8},""fit_groups"":19,""fit_records"":95,""fold"":0,""group_overlap"":0,""validation_group_counts_by_label"":{""0"":8,""1"":12},""validation_groups"":20,""validation_records"":100},{""fit_group_counts_by_label"":{""0"":8,""1"":12},""fit_groups"":20,""fit_records"":100,""fold"":1,""group_overlap"":0,""validation_group_counts_by_label"":{""0"":11,""1"":8},""validation_groups"":19,""validation_records"":95}]",0
deduplication__hybrid_metadata__granite97m__xgboost,deduplication,hybrid_metadata,granite97m,xgboost,2,480,120,96,24,0,38.132685300006415,0.9068433999927947,0.16440949999378063,1.3700791666148386,classifier_pipeline_with_precomputed_embedding,"{""model__learning_rate"":0.05,""model__max_depth"":2,""model__n_estimators"":160}",-0.17543859649122806,"{""curve_points"":2450,""eligible"":true,""negative_threshold"":0.09,""positive_threshold"":0.95,""selected"":{""abstained"":0,""automated_false_negative_rate"":0.0,""automated_false_positive_rate"":0.0,""automation_duplicate_recall"":1.0,""automation_nonduplicate_recall"":1.0,""coverage"":1.0,""covered"":195,""covered_error_rate"":0.0,""false_negative_cost"":5.0,""false_positive_cost"":1.0,""fn"":0,""fp"":0,""negative_predictive_value"":1.0,""negative_threshold"":0.09,""negatives"":95,""positive_threshold"":0.95,""positives"":100,""precision"":1.0,""threshold"":0.95,""tn"":95,""tp"":100,""weighted_covered_error"":0.0}}","{""balance_score"":0.011057692307692268,""calibration_group_counts_by_label"":{""0"":19,""1"":20},""calibration_groups"":39,""calibration_label_counts"":{""0"":95,""1"":100},""calibration_records"":195,""fit_group_counts_by_label"":{""0"":28,""1"":29},""fit_groups"":57,""fit_label_counts"":{""0"":140,""1"":145},""fit_records"":285,""group_overlap"":0}","[{""fit_group_counts_by_label"":{""0"":8,""1"":11},""fit_groups"":19,""fit_records"":95,""fold"":0,""group_overlap"":0,""validation_group_counts_by_label"":{""0"":11,""1"":9},""validation_groups"":20,""validation_records"":100},{""fit_group_counts_by_label"":{""0"":11,""1"":9},""fit_groups"":20,""fit_records"":100,""fold"":1,""group_overlap"":0,""validation_group_counts_by_label"":{""0"":8,""1"":11},""validation_groups"":19,""validation_records"":95}]",0
deduplication__hybrid_metadata__granite97m__xgboost,deduplication,hybrid_metadata,granite97m,xgboost,3,480,120,96,24,0,40.03500169998733,1.01294990000315,0.14941250000265427,1.2451041666887857,classifier_pipeline_with_precomputed_embedding,"{""model__learning_rate"":0.05,""model__max_depth"":2,""model__n_estimators"":160}",-0.017543859649122806,"{""curve_points"":2450,""eligible"":true,""negative_threshold"":0.07,""positive_threshold"":0.96,""selected"":{""abstained"":0,""automated_false_negative_rate"":0.0,""automated_false_positive_rate"":0.0,""automation_duplicate_recall"":1.0,""automation_nonduplicate_recall"":1.0,""coverage"":1.0,""covered"":195,""covered_error_rate"":0.0,""false_negative_cost"":5.0,""false_positive_cost"":1.0,""fn"":0,""fp"":0,""negative_predictive_value"":1.0,""negative_threshold"":0.07,""negatives"":100,""positive_threshold"":0.96,""positives"":95,""precision"":1.0,""threshold"":0.96,""tn"":100,""tp"":95,""weighted_covered_error"":0.0}}","{""balance_score"":0.022275641025641058,""calibration_group_counts_by_label"":{""0"":20,""1"":19},""calibration_groups"":39,""calibration_label_counts"":{""0"":100,""1"":95},""calibration_records"":195,""fit_group_counts_by_label"":{""0"":30,""1"":27},""fit_groups"":57,""fit_label_counts"":{""0"":150,""1"":135},""fit_records"":285,""group_overlap"":0}","[{""fit_group_counts_by_label"":{""0"":12,""1"":7},""fit_groups"":19,""fit_records"":95,""fold"":0,""group_overlap"":0,""validation_group_counts_by_label"":{""0"":8,""1"":12},""validation_groups"":20,""validation_records"":100},{""fit_group_counts_by_label"":{""0"":8,""1"":12},""fit_groups"":20,""fit_records"":100,""fold"":1,""group_overlap"":0,""validation_group_counts_by_label"":{""0"":12,""1"":7},""validation_groups"":19,""validation_records"":95}]",0
deduplication__hybrid_metadata__granite97m__xgboost,deduplication,hybrid_metadata,granite97m,xgboost,4,480,120,96,24,0,37.67683799999941,0.8742660999996588,0.15659620000224095,1.304968333352008,classifier_pipeline_with_precomputed_embedding,"{""model__learning_rate"":0.05,""model__max_depth"":2,""model__n_estimators"":160}",-0.056140350877192984,"{""curve_points"":2450,""eligible"":true,""negative_threshold"":0.03,""positive_threshold"":0.97,""selected"":{""abstained"":0,""automated_false_negative_rate"":0.0,""automated_false_positive_rate"":0.0,""automation_duplicate_recall"":1.0,""automation_nonduplicate_recall"":1.0,""coverage"":1.0,""covered"":195,""covered_error_rate"":0.0,""false_negative_cost"":5.0,""false_positive_cost"":1.0,""fn"":0,""fp"":0,""negative_predictive_value"":1.0,""negative_threshold"":0.03,""negatives"":100,""positive_threshold"":0.97,""positives"":95,""precision"":1.0,""threshold"":0.97,""tn"":100,""tp"":95,""weighted_covered_error"":0.0}}","{""balance_score"":0.011057692307692268,""calibration_group_counts_by_label"":{""0"":20,""1"":19},""calibration_groups"":39,""calibration_label_counts"":{""0"":100,""1"":95},""calibration_records"":195,""fit_group_counts_by_label"":{""0"":29,""1"":28},""fit_groups"":57,""fit_label_counts"":{""0"":145,""1"":140},""fit_records"":285,""group_overlap"":0}","[{""fit_group_counts_by_label"":{""0"":9,""1"":10},""fit_groups"":19,""fit_records"":95,""fold"":0,""group_overlap"":0,""validation_group_counts_by_label"":{""0"":11,""1"":9},""validation_groups"":20,""validation_records"":100},{""fit_group_counts_by_label"":{""0"":11,""1"":9},""fit_groups"":20,""fit_records"":100,""fold"":1,""group_overlap"":0,""validation_group_counts_by_label"":{""0"":9,""1"":10},""validation_groups"":19,""validation_records"":95}]",0
deduplication__hybrid_metadata__multilingual_e5_small__logistic_regression,deduplication,hybrid_metadata,multilingual_e5_small,logistic_regression,0,480,120,96,24,0,7.906367000003229,0.8418932999920798,0.14611189998686314,1.2175991665571928,classifier_pipeline_with_precomputed_embedding,"{""model__C"":0.1}",0.0,"{""curve_points"":2450,""eligible"":true,""negative_threshold"":0.08,""positive_threshold"":0.94,""selected"":{""abstained"":0,""automated_false_negative_rate"":0.0,""automated_false_positive_rate"":0.0,""automation_duplicate_recall"":1.0,""automation_nonduplicate_recall"":1.0,""coverage"":1.0,""covered"":195,""covered_error_rate"":0.0,""false_negative_cost"":5.0,""false_positive_cost"":1.0,""fn"":0,""fp"":0,""negative_predictive_value"":1.0,""negative_threshold"":0.08,""negatives"":95,""positive_threshold"":0.94,""positives"":100,""precision"":1.0,""threshold"":0.94,""tn"":95,""tp"":100,""weighted_covered_error"":0.0}}","{""balance_score"":0.011057692307692268,""calibration_group_counts_by_label"":{""0"":19,""1"":20},""calibration_groups"":39,""calibration_label_counts"":{""0"":95,""1"":100},""calibration_records"":195,""fit_group_counts_by_label"":{""0"":28,""1"":29},""fit_groups"":57,""fit_label_counts"":{""0"":140,""1"":145},""fit_records"":285,""group_overlap"":0}","[{""fit_group_counts_by_label"":{""0"":11,""1"":8},""fit_groups"":19,""fit_records"":95,""fold"":0,""group_overlap"":0,""validation_group_counts_by_label"":{""0"":8,""1"":12},""validation_groups"":20,""validation_records"":100},{""fit_group_counts_by_label"":{""0"":8,""1"":12},""fit_groups"":20,""fit_records"":100,""fold"":1,""group_overlap"":0,""validation_group_counts_by_label"":{""0"":11,""1"":8},""validation_groups"":19,""validation_records"":95}]",0
deduplication__hybrid_metadata__multilingual_e5_small__logistic_regression,deduplication,hybrid_metadata,multilingual_e5_small,logistic_regression,1,480,120,96,24,0,8.14516289999301,0.7986457999941194,0.13440549999359064,1.120045833279922,classifier_pipeline_with_precomputed_embedding,"{""model__C"":0.1}",0.0,"{""curve_points"":2450,""eligible"":true,""negative_threshold"":0.09,""positive_threshold"":0.92,""selected"":{""abstained"":0,""automated_false_negative_rate"":0.0,""automated_false_positive_rate"":0.0,""automation_duplicate_recall"":1.0,""automation_nonduplicate_recall"":1.0,""coverage"":1.0,""covered"":195,""covered_error_rate"":0.0,""false_negative_cost"":5.0,""false_positive_cost"":1.0,""fn"":0,""fp"":0,""negative_predictive_value"":1.0,""negative_threshold"":0.09,""negatives"":95,""positive_threshold"":0.92,""positives"":100,""precision"":1.0,""threshold"":0.92,""tn"":95,""tp"":100,""weighted_covered_error"":0.0}}","{""balance_score"":0.011057692307692268,""calibration_group_counts_by_label"":{""0"":19,""1"":20},""calibration_groups"":39,""calibration_label_counts"":{""0"":95,""1"":100},""calibration_records"":195,""fit_group_counts_by_label"":{""0"":28,""1"":29},""fit_groups"":57,""fit_label_counts"":{""0"":140,""1"":145},""fit_records"":285,""group_overlap"":0}","[{""fit_group_counts_by_label"":{""0"":11,""1"":8},""fit_groups"":19,""fit_records"":95,""fold"":0,""group_overlap"":0,""validation_group_counts_by_label"":{""0"":8,""1"":12},""validation_groups"":20,""validation_records"":100},{""fit_group_counts_by_label"":{""0"":8,""1"":12},""fit_groups"":20,""fit_records"":100,""fold"":1,""group_overlap"":0,""validation_group_counts_by_label"":{""0"":11,""1"":8},""validation_groups"":19,""validation_records"":95}]",0
deduplication__hybrid_metadata__multilingual_e5_small__logistic_regression,deduplication,hybrid_metadata,multilingual_e5_small,logistic_regression,2,480,120,96,24,0,7.787193700001808,0.7629196000052616,0.15391900000395253,1.282658333366271,classifier_pipeline_with_precomputed_embedding,"{""model__C"":0.1}",0.0,"{""curve_points"":2450,""eligible"":true,""negative_threshold"":0.1,""positive_threshold"":0.94,""selected"":{""abstained"":0,""automated_false_negative_rate"":0.0,""automated_false_positive_rate"":0.0,""automation_duplicate_recall"":1.0,""automation_nonduplicate_recall"":1.0,""coverage"":1.0,""covered"":195,""covered_error_rate"":0.0,""false_negative_cost"":5.0,""false_positive_cost"":1.0,""fn"":0,""fp"":0,""negative_predictive_value"":1.0,""negative_threshold"":0.1,""negatives"":95,""positive_threshold"":0.94,""positives"":100,""precision"":1.0,""threshold"":0.94,""tn"":95,""tp"":100,""weighted_covered_error"":0.0}}","{""balance_score"":0.011057692307692268,""calibration_group_counts_by_label"":{""0"":19,""1"":20},""calibration_groups"":39,""calibration_label_counts"":{""0"":95,""1"":100},""calibration_records"":195,""fit_group_counts_by_label"":{""0"":28,""1"":29},""fit_groups"":57,""fit_label_counts"":{""0"":140,""1"":145},""fit_records"":285,""group_overlap"":0}","[{""fit_group_counts_by_label"":{""0"":8,""1"":11},""fit_groups"":19,""fit_records"":95,""fold"":0,""group_overlap"":0,""validation_group_counts_by_label"":{""0"":11,""1"":9},""validation_groups"":20,""validation_records"":100},{""fit_group_counts_by_label"":{""0"":11,""1"":9},""fit_groups"":20,""fit_records"":100,""fold"":1,""group_overlap"":0,""validation_group_counts_by_label"":{""0"":8,""1"":11},""validation_groups"":19,""validation_records"":95}]",0
deduplication__hybrid_metadata__multilingual_e5_small__logistic_regression,deduplication,hybrid_metadata,multilingual_e5_small,logistic_regression,3,480,120,96,24,0,7.769373999995878,0.9207554000022355,0.1401668000034988,1.1680566666958232,classifier_pipeline_with_precomputed_embedding,"{""model__C"":0.1}",0.0,"{""curve_points"":2450,""eligible"":true,""negative_threshold"":0.1,""positive_threshold"":0.92,""selected"":{""abstained"":0,""automated_false_negative_rate"":0.0,""automated_false_positive_rate"":0.0,""automation_duplicate_recall"":1.0,""automation_nonduplicate_recall"":1.0,""coverage"":1.0,""covered"":195,""covered_error_rate"":0.0,""false_negative_cost"":5.0,""false_positive_cost"":1.0,""fn"":0,""fp"":0,""negative_predictive_value"":1.0,""negative_threshold"":0.1,""negatives"":100,""positive_threshold"":0.92,""positives"":95,""precision"":1.0,""threshold"":0.92,""tn"":100,""tp"":95,""weighted_covered_error"":0.0}}","{""balance_score"":0.022275641025641058,""calibration_group_counts_by_label"":{""0"":20,""1"":19},""calibration_groups"":39,""calibration_label_counts"":{""0"":100,""1"":95},""calibration_records"":195,""fit_group_counts_by_label"":{""0"":30,""1"":27},""fit_groups"":57,""fit_label_counts"":{""0"":150,""1"":135},""fit_records"":285,""group_overlap"":0}","[{""fit_group_counts_by_label"":{""0"":12,""1"":7},""fit_groups"":19,""fit_records"":95,""fold"":0,""group_overlap"":0,""validation_group_counts_by_label"":{""0"":8,""1"":12},""validation_groups"":20,""validation_records"":100},{""fit_group_counts_by_label"":{""0"":8,""1"":12},""fit_groups"":20,""fit_records"":100,""fold"":1,""group_overlap"":0,""validation_group_counts_by_label"":{""0"":12,""1"":7},""validation_groups"":19,""validation_records"":95}]",0
deduplication__hybrid_metadata__multilingual_e5_small__logistic_regression,deduplication,hybrid_metadata,multilingual_e5_small,logistic_regression,4,480,120,96,24,0,9.42359989999386,0.7419870000012452,0.1470197000016924,1.22516416668077,classifier_pipeline_with_precomputed_embedding,"{""model__C"":0.1}",-0.2280701754385965,"{""curve_points"":2450,""eligible"":true,""negative_threshold"":0.07,""positive_threshold"":0.91,""selected"":{""abstained"":0,""automated_false_negative_rate"":0.0,""automated_false_positive_rate"":0.0,""automation_duplicate_recall"":1.0,""automation_nonduplicate_recall"":1.0,""coverage"":1.0,""covered"":195,""covered_error_rate"":0.0,""false_negative_cost"":5.0,""false_positive_cost"":1.0,""fn"":0,""fp"":0,""negative_predictive_value"":1.0,""negative_threshold"":0.07,""negatives"":100,""positive_threshold"":0.91,""positives"":95,""precision"":1.0,""threshold"":0.91,""tn"":100,""tp"":95,""weighted_covered_error"":0.0}}","{""balance_score"":0.011057692307692268,""calibration_group_counts_by_label"":{""0"":20,""1"":19},""calibration_groups"":39,""calibration_label_counts"":{""0"":100,""1"":95},""calibration_records"":195,""fit_group_counts_by_label"":{""0"":29,""1"":28},""fit_groups"":57,""fit_label_counts"":{""0"":145,""1"":140},""fit_records"":285,""group_overlap"":0}","[{""fit_group_counts_by_label"":{""0"":9,""1"":10},""fit_groups"":19,""fit_records"":95,""fold"":0,""group_overlap"":0,""validation_group_counts_by_label"":{""0"":11,""1"":9},""validation_groups"":20,""validation_records"":100},{""fit_group_counts_by_label"":{""0"":11,""1"":9},""fit_groups"":20,""fit_records"":100,""fold"":1,""group_overlap"":0,""validation_group_counts_by_label"":{""0"":9,""1"":10},""validation_groups"":19,""validation_records"":95}]",0
deduplication__hybrid_metadata__multilingual_e5_small__decision_tree,deduplication,hybrid_metadata,multilingual_e5_small,decision_tree,0,480,120,96,24,0,12.23487010000099,0.7557814000028884,0.14158189999579918,1.1798491666316597,classifier_pipeline_with_precomputed_embedding,"{""model__max_depth"":3,""model__min_samples_leaf"":2}",-0.14385964912280702,"{""curve_points"":2450,""eligible"":true,""negative_threshold"":0.03,""positive_threshold"":0.97,""selected"":{""abstained"":0,""automated_false_negative_rate"":0.0,""automated_false_positive_rate"":0.0,""automation_duplicate_recall"":1.0,""automation_nonduplicate_recall"":1.0,""coverage"":1.0,""covered"":195,""covered_error_rate"":0.0,""false_negative_cost"":5.0,""false_positive_cost"":1.0,""fn"":0,""fp"":0,""negative_predictive_value"":1.0,""negative_threshold"":0.03,""negatives"":95,""positive_threshold"":0.97,""positives"":100,""precision"":1.0,""threshold"":0.97,""tn"":95,""tp"":100,""weighted_covered_error"":0.0}}","{""balance_score"":0.011057692307692268,""calibration_group_counts_by_label"":{""0"":19,""1"":20},""calibration_groups"":39,""calibration_label_counts"":{""0"":95,""1"":100},""calibration_records"":195,""fit_group_counts_by_label"":{""0"":28,""1"":29},""fit_groups"":57,""fit_label_counts"":{""0"":140,""1"":145},""fit_records"":285,""group_overlap"":0}","[{""fit_group_counts_by_label"":{""0"":11,""1"":8},""fit_groups"":19,""fit_records"":95,""fold"":0,""group_overlap"":0,""validation_group_counts_by_label"":{""0"":8,""1"":12},""validation_groups"":20,""validation_records"":100},{""fit_group_counts_by_label"":{""0"":8,""1"":12},""fit_groups"":20,""fit_records"":100,""fold"":1,""group_overlap"":0,""validation_group_counts_by_label"":{""0"":11,""1"":8},""validation_groups"":19,""validation_records"":95}]",0
deduplication__hybrid_metadata__multilingual_e5_small__decision_tree,deduplication,hybrid_metadata,multilingual_e5_small,decision_tree,1,480,120,96,24,0,11.346525000000838,0.7878806000080658,0.1637646000017412,1.36470500001451,classifier_pipeline_with_precomputed_embedding,"{""model__max_depth"":3,""model__min_samples_leaf"":5}",-0.021052631578947368,"{""curve_points"":2450,""eligible"":true,""negative_threshold"":0.03,""positive_threshold"":0.97,""selected"":{""abstained"":0,""automated_false_negative_rate"":0.0,""automated_false_positive_rate"":0.0,""automation_duplicate_recall"":1.0,""automation_nonduplicate_recall"":1.0,""coverage"":1.0,""covered"":195,""covered_error_rate"":0.0,""false_negative_cost"":5.0,""false_positive_cost"":1.0,""fn"":0,""fp"":0,""negative_predictive_value"":1.0,""negative_threshold"":0.03,""negatives"":95,""positive_threshold"":0.97,""positives"":100,""precision"":1.0,""threshold"":0.97,""tn"":95,""tp"":100,""weighted_covered_error"":0.0}}","{""balance_score"":0.011057692307692268,""calibration_group_counts_by_label"":{""0"":19,""1"":20},""calibration_groups"":39,""calibration_label_counts"":{""0"":95,""1"":100},""calibration_records"":195,""fit_group_counts_by_label"":{""0"":28,""1"":29},""fit_groups"":57,""fit_label_counts"":{""0"":140,""1"":145},""fit_records"":285,""group_overlap"":0}","[{""fit_group_counts_by_label"":{""0"":11,""1"":8},""fit_groups"":19,""fit_records"":95,""fold"":0,""group_overlap"":0,""validation_group_counts_by_label"":{""0"":8,""1"":12},""validation_groups"":20,""validation_records"":100},{""fit_group_counts_by_label"":{""0"":8,""1"":12},""fit_groups"":20,""fit_records"":100,""fold"":1,""group_overlap"":0,""validation_group_counts_by_label"":{""0"":11,""1"":8},""validation_groups"":19,""validation_records"":95}]",0
deduplication__hybrid_metadata__multilingual_e5_small__decision_tree,deduplication,hybrid_metadata,multilingual_e5_small,decision_tree,2,480,120,96,24,0,11.134139800007688,0.7527620000037132,0.15429809999477584,1.2858174999564653,classifier_pipeline_with_precomputed_embedding,"{""model__max_depth"":3,""model__min_samples_leaf"":2}",-0.4421052631578947,"{""curve_points"":2450,""eligible"":true,""negative_threshold"":0.03,""positive_threshold"":0.91,""selected"":{""abstained"":0,""automated_false_negative_rate"":0.0,""automated_false_positive_rate"":0.031578947368421054,""automation_duplicate_recall"":1.0,""automation_nonduplicate_recall"":0.968421052631579,""coverage"":1.0,""covered"":195,""covered_error_rate"":0.015384615384615385,""false_negative_cost"":5.0,""false_positive_cost"":1.0,""fn"":0,""fp"":3,""negative_predictive_value"":1.0,""negative_threshold"":0.03,""negatives"":95,""positive_threshold"":0.91,""positives"":100,""precision"":0.970873786407767,""threshold"":0.91,""tn"":92,""tp"":100,""weighted_covered_error"":0.015384615384615385}}","{""balance_score"":0.011057692307692268,""calibration_group_counts_by_label"":{""0"":19,""1"":20},""calibration_groups"":39,""calibration_label_counts"":{""0"":95,""1"":100},""calibration_records"":195,""fit_group_counts_by_label"":{""0"":28,""1"":29},""fit_groups"":57,""fit_label_counts"":{""0"":140,""1"":145},""fit_records"":285,""group_overlap"":0}","[{""fit_group_counts_by_label"":{""0"":8,""1"":11},""fit_groups"":19,""fit_records"":95,""fold"":0,""group_overlap"":0,""validation_group_counts_by_label"":{""0"":11,""1"":9},""validation_groups"":20,""validation_records"":100},{""fit_group_counts_by_label"":{""0"":11,""1"":9},""fit_groups"":20,""fit_records"":100,""fold"":1,""group_overlap"":0,""validation_group_counts_by_label"":{""0"":8,""1"":11},""validation_groups"":19,""validation_records"":95}]",0
deduplication__hybrid_metadata__multilingual_e5_small__decision_tree,deduplication,hybrid_metadata,multilingual_e5_small,decision_tree,3,480,120,96,24,0,11.457736299998942,0.7657311000075424,0.14102660000207834,1.175221666683986,classifier_pipeline_with_precomputed_embedding,"{""model__max_depth"":3,""model__min_samples_leaf"":2}",-0.2807017543859649,"{""curve_points"":2450,""eligible"":false,""negative_threshold"":null,""positive_threshold"":null,""selected"":null}","{""balance_score"":0.022275641025641058,""calibration_group_counts_by_label"":{""0"":20,""1"":19},""calibration_groups"":39,""calibration_label_counts"":{""0"":100,""1"":95},""calibration_records"":195,""fit_group_counts_by_label"":{""0"":30,""1"":27},""fit_groups"":57,""fit_label_counts"":{""0"":150,""1"":135},""fit_records"":285,""group_overlap"":0}","[{""fit_group_counts_by_label"":{""0"":12,""1"":7},""fit_groups"":19,""fit_records"":95,""fold"":0,""group_overlap"":0,""validation_group_counts_by_label"":{""0"":8,""1"":12},""validation_groups"":20,""validation_records"":100},{""fit_group_counts_by_label"":{""0"":8,""1"":12},""fit_groups"":20,""fit_records"":100,""fold"":1,""group_overlap"":0,""validation_group_counts_by_label"":{""0"":12,""1"":7},""validation_groups"":19,""validation_records"":95}]",0
deduplication__hybrid_metadata__multilingual_e5_small__decision_tree,deduplication,hybrid_metadata,multilingual_e5_small,decision_tree,4,480,120,96,24,0,11.587074399998528,0.9565025999909267,0.14907370001310483,1.2422808334425401,classifier_pipeline_with_precomputed_embedding,"{""model__max_depth"":3,""model__min_samples_leaf"":2}",-0.42105263157894735,"{""curve_points"":2450,""eligible"":true,""negative_threshold"":0.03,""positive_threshold"":0.97,""selected"":{""abstained"":0,""automated_false_negative_rate"":0.0,""automated_false_positive_rate"":0.0,""automation_duplicate_recall"":1.0,""automation_nonduplicate_recall"":1.0,""coverage"":1.0,""covered"":195,""covered_error_rate"":0.0,""false_negative_cost"":5.0,""false_positive_cost"":1.0,""fn"":0,""fp"":0,""negative_predictive_value"":1.0,""negative_threshold"":0.03,""negatives"":100,""positive_threshold"":0.97,""positives"":95,""precision"":1.0,""threshold"":0.97,""tn"":100,""tp"":95,""weighted_covered_error"":0.0}}","{""balance_score"":0.011057692307692268,""calibration_group_counts_by_label"":{""0"":20,""1"":19},""calibration_groups"":39,""calibration_label_counts"":{""0"":100,""1"":95},""calibration_records"":195,""fit_group_counts_by_label"":{""0"":29,""1"":28},""fit_groups"":57,""fit_label_counts"":{""0"":145,""1"":140},""fit_records"":285,""group_overlap"":0}","[{""fit_group_counts_by_label"":{""0"":9,""1"":10},""fit_groups"":19,""fit_records"":95,""fold"":0,""group_overlap"":0,""validation_group_counts_by_label"":{""0"":11,""1"":9},""validation_groups"":20,""validation_records"":100},{""fit_group_counts_by_label"":{""0"":11,""1"":9},""fit_groups"":20,""fit_records"":100,""fold"":1,""group_overlap"":0,""validation_group_counts_by_label"":{""0"":9,""1"":10},""validation_groups"":19,""validation_records"":95}]",0
deduplication__hybrid_metadata__multilingual_e5_small__linear_svm,deduplication,hybrid_metadata,multilingual_e5_small,linear_svm,0,480,120,96,24,0,9.086412900011055,0.7442223999969428,0.1460819000058109,1.2173491667150909,classifier_pipeline_with_precomputed_embedding,"{""model__C"":0.1}",0.0,"{""curve_points"":2450,""eligible"":true,""negative_threshold"":0.04,""positive_threshold"":0.96,""selected"":{""abstained"":0,""automated_false_negative_rate"":0.0,""automated_false_positive_rate"":0.0,""automation_duplicate_recall"":1.0,""automation_nonduplicate_recall"":1.0,""coverage"":1.0,""covered"":195,""covered_error_rate"":0.0,""false_negative_cost"":5.0,""false_positive_cost"":1.0,""fn"":0,""fp"":0,""negative_predictive_value"":1.0,""negative_threshold"":0.04,""negatives"":95,""positive_threshold"":0.96,""positives"":100,""precision"":1.0,""threshold"":0.96,""tn"":95,""tp"":100,""weighted_covered_error"":0.0}}","{""balance_score"":0.011057692307692268,""calibration_group_counts_by_label"":{""0"":19,""1"":20},""calibration_groups"":39,""calibration_label_counts"":{""0"":95,""1"":100},""calibration_records"":195,""fit_group_counts_by_label"":{""0"":28,""1"":29},""fit_groups"":57,""fit_label_counts"":{""0"":140,""1"":145},""fit_records"":285,""group_overlap"":0}","[{""fit_group_counts_by_label"":{""0"":11,""1"":8},""fit_groups"":19,""fit_records"":95,""fold"":0,""group_overlap"":0,""validation_group_counts_by_label"":{""0"":8,""1"":12},""validation_groups"":20,""validation_records"":100},{""fit_group_counts_by_label"":{""0"":8,""1"":12},""fit_groups"":20,""fit_records"":100,""fold"":1,""group_overlap"":0,""validation_group_counts_by_label"":{""0"":11,""1"":8},""validation_groups"":19,""validation_records"":95}]",0
deduplication__hybrid_metadata__multilingual_e5_small__linear_svm,deduplication,hybrid_metadata,multilingual_e5_small,linear_svm,1,480,120,96,24,0,8.985712699999567,0.7530381999968085,0.1352108999999473,1.1267574999995607,classifier_pipeline_with_precomputed_embedding,"{""model__C"":0.1}",0.0,"{""curve_points"":2450,""eligible"":true,""negative_threshold"":0.05,""positive_threshold"":0.96,""selected"":{""abstained"":0,""automated_false_negative_rate"":0.0,""automated_false_positive_rate"":0.0,""automation_duplicate_recall"":1.0,""automation_nonduplicate_recall"":1.0,""coverage"":1.0,""covered"":195,""covered_error_rate"":0.0,""false_negative_cost"":5.0,""false_positive_cost"":1.0,""fn"":0,""fp"":0,""negative_predictive_value"":1.0,""negative_threshold"":0.05,""negatives"":95,""positive_threshold"":0.96,""positives"":100,""precision"":1.0,""threshold"":0.96,""tn"":95,""tp"":100,""weighted_covered_error"":0.0}}","{""balance_score"":0.011057692307692268,""calibration_group_counts_by_label"":{""0"":19,""1"":20},""calibration_groups"":39,""calibration_label_counts"":{""0"":95,""1"":100},""calibration_records"":195,""fit_group_counts_by_label"":{""0"":28,""1"":29},""fit_groups"":57,""fit_label_counts"":{""0"":140,""1"":145},""fit_records"":285,""group_overlap"":0}","[{""fit_group_counts_by_label"":{""0"":11,""1"":8},""fit_groups"":19,""fit_records"":95,""fold"":0,""group_overlap"":0,""validation_group_counts_by_label"":{""0"":8,""1"":12},""validation_groups"":20,""validation_records"":100},{""fit_group_counts_by_label"":{""0"":8,""1"":12},""fit_groups"":20,""fit_records"":100,""fold"":1,""group_overlap"":0,""validation_group_counts_by_label"":{""0"":11,""1"":8},""validation_groups"":19,""validation_records"":95}]",0
deduplication__hybrid_metadata__multilingual_e5_small__linear_svm,deduplication,hybrid_metadata,multilingual_e5_small,linear_svm,2,480,120,96,24,0,8.726462200007518,0.7615960000111954,0.15863879999960773,1.321989999996731,classifier_pipeline_with_precomputed_embedding,"{""model__C"":0.1}",0.0,"{""curve_points"":2450,""eligible"":true,""negative_threshold"":0.07,""positive_threshold"":0.96,""selected"":{""abstained"":0,""automated_false_negative_rate"":0.0,""automated_false_positive_rate"":0.0,""automation_duplicate_recall"":1.0,""automation_nonduplicate_recall"":1.0,""coverage"":1.0,""covered"":195,""covered_error_rate"":0.0,""false_negative_cost"":5.0,""false_positive_cost"":1.0,""fn"":0,""fp"":0,""negative_predictive_value"":1.0,""negative_threshold"":0.07,""negatives"":95,""positive_threshold"":0.96,""positives"":100,""precision"":1.0,""threshold"":0.96,""tn"":95,""tp"":100,""weighted_covered_error"":0.0}}","{""balance_score"":0.011057692307692268,""calibration_group_counts_by_label"":{""0"":19,""1"":20},""calibration_groups"":39,""calibration_label_counts"":{""0"":95,""1"":100},""calibration_records"":195,""fit_group_counts_by_label"":{""0"":28,""1"":29},""fit_groups"":57,""fit_label_counts"":{""0"":140,""1"":145},""fit_records"":285,""group_overlap"":0}","[{""fit_group_counts_by_label"":{""0"":8,""1"":11},""fit_groups"":19,""fit_records"":95,""fold"":0,""group_overlap"":0,""validation_group_counts_by_label"":{""0"":11,""1"":9},""validation_groups"":20,""validation_records"":100},{""fit_group_counts_by_label"":{""0"":11,""1"":9},""fit_groups"":20,""fit_records"":100,""fold"":1,""group_overlap"":0,""validation_group_counts_by_label"":{""0"":8,""1"":11},""validation_groups"":19,""validation_records"":95}]",0
deduplication__hybrid_metadata__multilingual_e5_small__linear_svm,deduplication,hybrid_metadata,multilingual_e5_small,linear_svm,3,480,120,96,24,0,9.41316339999321,0.8217911000101594,0.20089009999355767,1.6740841666129807,classifier_pipeline_with_precomputed_embedding,"{""model__C"":0.1}",0.0,"{""curve_points"":2450,""eligible"":true,""negative_threshold"":0.07,""positive_threshold"":0.96,""selected"":{""abstained"":0,""automated_false_negative_rate"":0.0,""automated_false_positive_rate"":0.0,""automation_duplicate_recall"":1.0,""automation_nonduplicate_recall"":1.0,""coverage"":1.0,""covered"":195,""covered_error_rate"":0.0,""false_negative_cost"":5.0,""false_positive_cost"":1.0,""fn"":0,""fp"":0,""negative_predictive_value"":1.0,""negative_threshold"":0.07,""negatives"":100,""positive_threshold"":0.96,""positives"":95,""precision"":1.0,""threshold"":0.96,""tn"":100,""tp"":95,""weighted_covered_error"":0.0}}","{""balance_score"":0.022275641025641058,""calibration_group_counts_by_label"":{""0"":20,""1"":19},""calibration_groups"":39,""calibration_label_counts"":{""0"":100,""1"":95},""calibration_records"":195,""fit_group_counts_by_label"":{""0"":30,""1"":27},""fit_groups"":57,""fit_label_counts"":{""0"":150,""1"":135},""fit_records"":285,""group_overlap"":0}","[{""fit_group_counts_by_label"":{""0"":12,""1"":7},""fit_groups"":19,""fit_records"":95,""fold"":0,""group_overlap"":0,""validation_group_counts_by_label"":{""0"":8,""1"":12},""validation_groups"":20,""validation_records"":100},{""fit_group_counts_by_label"":{""0"":8,""1"":12},""fit_groups"":20,""fit_records"":100,""fold"":1,""group_overlap"":0,""validation_group_counts_by_label"":{""0"":12,""1"":7},""validation_groups"":19,""validation_records"":95}]",0
deduplication__hybrid_metadata__multilingual_e5_small__linear_svm,deduplication,hybrid_metadata,multilingual_e5_small,linear_svm,4,480,120,96,24,0,8.681951999999,1.0807616000092821,0.14869940000062343,1.239161666671862,classifier_pipeline_with_precomputed_embedding,"{""model__C"":0.1}",-0.2631578947368421,"{""curve_points"":2450,""eligible"":true,""negative_threshold"":0.04,""positive_threshold"":0.95,""selected"":{""abstained"":0,""automated_false_negative_rate"":0.0,""automated_false_positive_rate"":0.0,""automation_duplicate_recall"":1.0,""automation_nonduplicate_recall"":1.0,""coverage"":1.0,""covered"":195,""covered_error_rate"":0.0,""false_negative_cost"":5.0,""false_positive_cost"":1.0,""fn"":0,""fp"":0,""negative_predictive_value"":1.0,""negative_threshold"":0.04,""negatives"":100,""positive_threshold"":0.95,""positives"":95,""precision"":1.0,""threshold"":0.95,""tn"":100,""tp"":95,""weighted_covered_error"":0.0}}","{""balance_score"":0.011057692307692268,""calibration_group_counts_by_label"":{""0"":20,""1"":19},""calibration_groups"":39,""calibration_label_counts"":{""0"":100,""1"":95},""calibration_records"":195,""fit_group_counts_by_label"":{""0"":29,""1"":28},""fit_groups"":57,""fit_label_counts"":{""0"":145,""1"":140},""fit_records"":285,""group_overlap"":0}","[{""fit_group_counts_by_label"":{""0"":9,""1"":10},""fit_groups"":19,""fit_records"":95,""fold"":0,""group_overlap"":0,""validation_group_counts_by_label"":{""0"":11,""1"":9},""validation_groups"":20,""validation_records"":100},{""fit_group_counts_by_label"":{""0"":11,""1"":9},""fit_groups"":20,""fit_records"":100,""fold"":1,""group_overlap"":0,""validation_group_counts_by_label"":{""0"":9,""1"":10},""validation_groups"":19,""validation_records"":95}]",0
deduplication__hybrid_metadata__multilingual_e5_small__mlp,deduplication,hybrid_metadata,multilingual_e5_small,mlp,0,480,120,96,24,0,46.4748033000069,0.9582669000083115,0.14586000000417698,1.2155000000348082,classifier_pipeline_with_precomputed_embedding,"{""model__alpha"":0.001,""model__hidden_layer_sizes"":[16]}",0.0,"{""curve_points"":2450,""eligible"":true,""negative_threshold"":0.03,""positive_threshold"":0.97,""selected"":{""abstained"":0,""automated_false_negative_rate"":0.0,""automated_false_positive_rate"":0.0,""automation_duplicate_recall"":1.0,""automation_nonduplicate_recall"":1.0,""coverage"":1.0,""covered"":195,""covered_error_rate"":0.0,""false_negative_cost"":5.0,""false_positive_cost"":1.0,""fn"":0,""fp"":0,""negative_predictive_value"":1.0,""negative_threshold"":0.03,""negatives"":95,""positive_threshold"":0.97,""positives"":100,""precision"":1.0,""threshold"":0.97,""tn"":95,""tp"":100,""weighted_covered_error"":0.0}}","{""balance_score"":0.011057692307692268,""calibration_group_counts_by_label"":{""0"":19,""1"":20},""calibration_groups"":39,""calibration_label_counts"":{""0"":95,""1"":100},""calibration_records"":195,""fit_group_counts_by_label"":{""0"":28,""1"":29},""fit_groups"":57,""fit_label_counts"":{""0"":140,""1"":145},""fit_records"":285,""group_overlap"":0}","[{""fit_group_counts_by_label"":{""0"":11,""1"":8},""fit_groups"":19,""fit_records"":95,""fold"":0,""group_overlap"":0,""validation_group_counts_by_label"":{""0"":8,""1"":12},""validation_groups"":20,""validation_records"":100},{""fit_group_counts_by_label"":{""0"":8,""1"":12},""fit_groups"":20,""fit_records"":100,""fold"":1,""group_overlap"":0,""validation_group_counts_by_label"":{""0"":11,""1"":8},""validation_groups"":19,""validation_records"":95}]",0
deduplication__hybrid_metadata__multilingual_e5_small__mlp,deduplication,hybrid_metadata,multilingual_e5_small,mlp,1,480,120,96,24,0,45.070309899994754,0.8037456000020029,0.14367779999156483,1.1973149999297068,classifier_pipeline_with_precomputed_embedding,"{""model__alpha"":0.001,""model__hidden_layer_sizes"":[16]}",0.0,"{""curve_points"":2450,""eligible"":true,""negative_threshold"":0.03,""positive_threshold"":0.97,""selected"":{""abstained"":0,""automated_false_negative_rate"":0.0,""automated_false_positive_rate"":0.0,""automation_duplicate_recall"":1.0,""automation_nonduplicate_recall"":1.0,""coverage"":1.0,""covered"":195,""covered_error_rate"":0.0,""false_negative_cost"":5.0,""false_positive_cost"":1.0,""fn"":0,""fp"":0,""negative_predictive_value"":1.0,""negative_threshold"":0.03,""negatives"":95,""positive_threshold"":0.97,""positives"":100,""precision"":1.0,""threshold"":0.97,""tn"":95,""tp"":100,""weighted_covered_error"":0.0}}","{""balance_score"":0.011057692307692268,""calibration_group_counts_by_label"":{""0"":19,""1"":20},""calibration_groups"":39,""calibration_label_counts"":{""0"":95,""1"":100},""calibration_records"":195,""fit_group_counts_by_label"":{""0"":28,""1"":29},""fit_groups"":57,""fit_label_counts"":{""0"":140,""1"":145},""fit_records"":285,""group_overlap"":0}","[{""fit_group_counts_by_label"":{""0"":11,""1"":8},""fit_groups"":19,""fit_records"":95,""fold"":0,""group_overlap"":0,""validation_group_counts_by_label"":{""0"":8,""1"":12},""validation_groups"":20,""validation_records"":100},{""fit_group_counts_by_label"":{""0"":8,""1"":12},""fit_groups"":20,""fit_records"":100,""fold"":1,""group_overlap"":0,""validation_group_counts_by_label"":{""0"":11,""1"":8},""validation_groups"":19,""validation_records"":95}]",0
deduplication__hybrid_metadata__multilingual_e5_small__mlp,deduplication,hybrid_metadata,multilingual_e5_small,mlp,2,480,120,96,24,0,46.663082900005975,0.7500084000057541,0.14967210000031628,1.2472675000026356,classifier_pipeline_with_precomputed_embedding,"{""model__alpha"":0.001,""model__hidden_layer_sizes"":[16]}",0.0,"{""curve_points"":2450,""eligible"":true,""negative_threshold"":0.04,""positive_threshold"":0.97,""selected"":{""abstained"":0,""automated_false_negative_rate"":0.0,""automated_false_positive_rate"":0.0,""automation_duplicate_recall"":1.0,""automation_nonduplicate_recall"":1.0,""coverage"":1.0,""covered"":195,""covered_error_rate"":0.0,""false_negative_cost"":5.0,""false_positive_cost"":1.0,""fn"":0,""fp"":0,""negative_predictive_value"":1.0,""negative_threshold"":0.04,""negatives"":95,""positive_threshold"":0.97,""positives"":100,""precision"":1.0,""threshold"":0.97,""tn"":95,""tp"":100,""weighted_covered_error"":0.0}}","{""balance_score"":0.011057692307692268,""calibration_group_counts_by_label"":{""0"":19,""1"":20},""calibration_groups"":39,""calibration_label_counts"":{""0"":95,""1"":100},""calibration_records"":195,""fit_group_counts_by_label"":{""0"":28,""1"":29},""fit_groups"":57,""fit_label_counts"":{""0"":140,""1"":145},""fit_records"":285,""group_overlap"":0}","[{""fit_group_counts_by_label"":{""0"":8,""1"":11},""fit_groups"":19,""fit_records"":95,""fold"":0,""group_overlap"":0,""validation_group_counts_by_label"":{""0"":11,""1"":9},""validation_groups"":20,""validation_records"":100},{""fit_group_counts_by_label"":{""0"":11,""1"":9},""fit_groups"":20,""fit_records"":100,""fold"":1,""group_overlap"":0,""validation_group_counts_by_label"":{""0"":8,""1"":11},""validation_groups"":19,""validation_records"":95}]",0
deduplication__hybrid_metadata__multilingual_e5_small__mlp,deduplication,hybrid_metadata,multilingual_e5_small,mlp,3,480,120,96,24,0,45.159168600002886,0.7626400000008289,0.15046619999338873,1.253884999944906,classifier_pipeline_with_precomputed_embedding,"{""model__alpha"":0.001,""model__hidden_layer_sizes"":[16]}",0.0,"{""curve_points"":2450,""eligible"":true,""negative_threshold"":0.03,""positive_threshold"":0.97,""selected"":{""abstained"":0,""automated_false_negative_rate"":0.0,""automated_false_positive_rate"":0.0,""automation_duplicate_recall"":1.0,""automation_nonduplicate_recall"":1.0,""coverage"":1.0,""covered"":195,""covered_error_rate"":0.0,""false_negative_cost"":5.0,""false_positive_cost"":1.0,""fn"":0,""fp"":0,""negative_predictive_value"":1.0,""negative_threshold"":0.03,""negatives"":100,""positive_threshold"":0.97,""positives"":95,""precision"":1.0,""threshold"":0.97,""tn"":100,""tp"":95,""weighted_covered_error"":0.0}}","{""balance_score"":0.022275641025641058,""calibration_group_counts_by_label"":{""0"":20,""1"":19},""calibration_groups"":39,""calibration_label_counts"":{""0"":100,""1"":95},""calibration_records"":195,""fit_group_counts_by_label"":{""0"":30,""1"":27},""fit_groups"":57,""fit_label_counts"":{""0"":150,""1"":135},""fit_records"":285,""group_overlap"":0}","[{""fit_group_counts_by_label"":{""0"":12,""1"":7},""fit_groups"":19,""fit_records"":95,""fold"":0,""group_overlap"":0,""validation_group_counts_by_label"":{""0"":8,""1"":12},""validation_groups"":20,""validation_records"":100},{""fit_group_counts_by_label"":{""0"":8,""1"":12},""fit_groups"":20,""fit_records"":100,""fold"":1,""group_overlap"":0,""validation_group_counts_by_label"":{""0"":12,""1"":7},""validation_groups"":19,""validation_records"":95}]",0
deduplication__hybrid_metadata__multilingual_e5_small__mlp,deduplication,hybrid_metadata,multilingual_e5_small,mlp,4,480,120,96,24,0,46.68262190000678,0.8070513999991817,0.15185850000125356,1.2654875000104464,classifier_pipeline_with_precomputed_embedding,"{""model__alpha"":0.001,""model__hidden_layer_sizes"":[16]}",-0.2631578947368421,"{""curve_points"":2450,""eligible"":true,""negative_threshold"":0.03,""positive_threshold"":0.97,""selected"":{""abstained"":0,""automated_false_negative_rate"":0.0,""automated_false_positive_rate"":0.0,""automation_duplicate_recall"":1.0,""automation_nonduplicate_recall"":1.0,""coverage"":1.0,""covered"":195,""covered_error_rate"":0.0,""false_negative_cost"":5.0,""false_positive_cost"":1.0,""fn"":0,""fp"":0,""negative_predictive_value"":1.0,""negative_threshold"":0.03,""negatives"":100,""positive_threshold"":0.97,""positives"":95,""precision"":1.0,""threshold"":0.97,""tn"":100,""tp"":95,""weighted_covered_error"":0.0}}","{""balance_score"":0.011057692307692268,""calibration_group_counts_by_label"":{""0"":20,""1"":19},""calibration_groups"":39,""calibration_label_counts"":{""0"":100,""1"":95},""calibration_records"":195,""fit_group_counts_by_label"":{""0"":29,""1"":28},""fit_groups"":57,""fit_label_counts"":{""0"":145,""1"":140},""fit_records"":285,""group_overlap"":0}","[{""fit_group_counts_by_label"":{""0"":9,""1"":10},""fit_groups"":19,""fit_records"":95,""fold"":0,""group_overlap"":0,""validation_group_counts_by_label"":{""0"":11,""1"":9},""validation_groups"":20,""validation_records"":100},{""fit_group_counts_by_label"":{""0"":11,""1"":9},""fit_groups"":20,""fit_records"":100,""fold"":1,""group_overlap"":0,""validation_group_counts_by_label"":{""0"":9,""1"":10},""validation_groups"":19,""validation_records"":95}]",0
deduplication__hybrid_metadata__multilingual_e5_small__xgboost,deduplication,hybrid_metadata,multilingual_e5_small,xgboost,0,480,120,96,24,0,36.5086020000017,0.950953199993819,0.1460393000015756,1.2169941666797968,classifier_pipeline_with_precomputed_embedding,"{""model__learning_rate"":0.05,""model__max_depth"":2,""model__n_estimators"":160}",0.0,"{""curve_points"":2450,""eligible"":true,""negative_threshold"":0.03,""positive_threshold"":0.97,""selected"":{""abstained"":0,""automated_false_negative_rate"":0.0,""automated_false_positive_rate"":0.0,""automation_duplicate_recall"":1.0,""automation_nonduplicate_recall"":1.0,""coverage"":1.0,""covered"":195,""covered_error_rate"":0.0,""false_negative_cost"":5.0,""false_positive_cost"":1.0,""fn"":0,""fp"":0,""negative_predictive_value"":1.0,""negative_threshold"":0.03,""negatives"":95,""positive_threshold"":0.97,""positives"":100,""precision"":1.0,""threshold"":0.97,""tn"":95,""tp"":100,""weighted_covered_error"":0.0}}","{""balance_score"":0.011057692307692268,""calibration_group_counts_by_label"":{""0"":19,""1"":20},""calibration_groups"":39,""calibration_label_counts"":{""0"":95,""1"":100},""calibration_records"":195,""fit_group_counts_by_label"":{""0"":28,""1"":29},""fit_groups"":57,""fit_label_counts"":{""0"":140,""1"":145},""fit_records"":285,""group_overlap"":0}","[{""fit_group_counts_by_label"":{""0"":11,""1"":8},""fit_groups"":19,""fit_records"":95,""fold"":0,""group_overlap"":0,""validation_group_counts_by_label"":{""0"":8,""1"":12},""validation_groups"":20,""validation_records"":100},{""fit_group_counts_by_label"":{""0"":8,""1"":12},""fit_groups"":20,""fit_records"":100,""fold"":1,""group_overlap"":0,""validation_group_counts_by_label"":{""0"":11,""1"":8},""validation_groups"":19,""validation_records"":95}]",0
deduplication__hybrid_metadata__multilingual_e5_small__xgboost,deduplication,hybrid_metadata,multilingual_e5_small,xgboost,1,480,120,96,24,0,37.841102799997316,1.0154677000100492,0.14003770000999793,1.1669808334166494,classifier_pipeline_with_precomputed_embedding,"{""model__learning_rate"":0.05,""model__max_depth"":2,""model__n_estimators"":160}",0.0,"{""curve_points"":2450,""eligible"":true,""negative_threshold"":0.03,""positive_threshold"":0.97,""selected"":{""abstained"":65,""automated_false_negative_rate"":0.0,""automated_false_positive_rate"":0.0,""automation_duplicate_recall"":0.4,""automation_nonduplicate_recall"":0.9473684210526315,""coverage"":0.6666666666666666,""covered"":130,""covered_error_rate"":0.0,""false_negative_cost"":5.0,""false_positive_cost"":1.0,""fn"":0,""fp"":0,""negative_predictive_value"":1.0,""negative_threshold"":0.03,""negatives"":95,""positive_threshold"":0.97,""positives"":100,""precision"":1.0,""threshold"":0.97,""tn"":90,""tp"":40,""weighted_covered_error"":0.0}}","{""balance_score"":0.011057692307692268,""calibration_group_counts_by_label"":{""0"":19,""1"":20},""calibration_groups"":39,""calibration_label_counts"":{""0"":95,""1"":100},""calibration_records"":195,""fit_group_counts_by_label"":{""0"":28,""1"":29},""fit_groups"":57,""fit_label_counts"":{""0"":140,""1"":145},""fit_records"":285,""group_overlap"":0}","[{""fit_group_counts_by_label"":{""0"":11,""1"":8},""fit_groups"":19,""fit_records"":95,""fold"":0,""group_overlap"":0,""validation_group_counts_by_label"":{""0"":8,""1"":12},""validation_groups"":20,""validation_records"":100},{""fit_group_counts_by_label"":{""0"":8,""1"":12},""fit_groups"":20,""fit_records"":100,""fold"":1,""group_overlap"":0,""validation_group_counts_by_label"":{""0"":11,""1"":8},""validation_groups"":19,""validation_records"":95}]",0
deduplication__hybrid_metadata__multilingual_e5_small__xgboost,deduplication,hybrid_metadata,multilingual_e5_small,xgboost,2,480,120,96,24,0,37.722603300004266,0.9519193000014639,0.23418830000446178,1.9515691667038482,classifier_pipeline_with_precomputed_embedding,"{""model__learning_rate"":0.05,""model__max_depth"":2,""model__n_estimators"":160}",-0.17543859649122806,"{""curve_points"":2450,""eligible"":true,""negative_threshold"":0.04,""positive_threshold"":0.91,""selected"":{""abstained"":0,""automated_false_negative_rate"":0.0,""automated_false_positive_rate"":0.0,""automation_duplicate_recall"":1.0,""automation_nonduplicate_recall"":1.0,""coverage"":1.0,""covered"":195,""covered_error_rate"":0.0,""false_negative_cost"":5.0,""false_positive_cost"":1.0,""fn"":0,""fp"":0,""negative_predictive_value"":1.0,""negative_threshold"":0.04,""negatives"":95,""positive_threshold"":0.91,""positives"":100,""precision"":1.0,""threshold"":0.91,""tn"":95,""tp"":100,""weighted_covered_error"":0.0}}","{""balance_score"":0.011057692307692268,""calibration_group_counts_by_label"":{""0"":19,""1"":20},""calibration_groups"":39,""calibration_label_counts"":{""0"":95,""1"":100},""calibration_records"":195,""fit_group_counts_by_label"":{""0"":28,""1"":29},""fit_groups"":57,""fit_label_counts"":{""0"":140,""1"":145},""fit_records"":285,""group_overlap"":0}","[{""fit_group_counts_by_label"":{""0"":8,""1"":11},""fit_groups"":19,""fit_records"":95,""fold"":0,""group_overlap"":0,""validation_group_counts_by_label"":{""0"":11,""1"":9},""validation_groups"":20,""validation_records"":100},{""fit_group_counts_by_label"":{""0"":11,""1"":9},""fit_groups"":20,""fit_records"":100,""fold"":1,""group_overlap"":0,""validation_group_counts_by_label"":{""0"":8,""1"":11},""validation_groups"":19,""validation_records"":95}]",0
deduplication__hybrid_metadata__multilingual_e5_small__xgboost,deduplication,hybrid_metadata,multilingual_e5_small,xgboost,3,480,120,96,24,0,41.53092060000927,0.8670555999997305,0.16137000000162516,1.344750000013543,classifier_pipeline_with_precomputed_embedding,"{""model__learning_rate"":0.05,""model__max_depth"":2,""model__n_estimators"":160}",-0.017543859649122806,"{""curve_points"":2450,""eligible"":true,""negative_threshold"":0.03,""positive_threshold"":0.96,""selected"":{""abstained"":0,""automated_false_negative_rate"":0.0,""automated_false_positive_rate"":0.0,""automation_duplicate_recall"":1.0,""automation_nonduplicate_recall"":1.0,""coverage"":1.0,""covered"":195,""covered_error_rate"":0.0,""false_negative_cost"":5.0,""false_positive_cost"":1.0,""fn"":0,""fp"":0,""negative_predictive_value"":1.0,""negative_threshold"":0.03,""negatives"":100,""positive_threshold"":0.96,""positives"":95,""precision"":1.0,""threshold"":0.96,""tn"":100,""tp"":95,""weighted_covered_error"":0.0}}","{""balance_score"":0.022275641025641058,""calibration_group_counts_by_label"":{""0"":20,""1"":19},""calibration_groups"":39,""calibration_label_counts"":{""0"":100,""1"":95},""calibration_records"":195,""fit_group_counts_by_label"":{""0"":30,""1"":27},""fit_groups"":57,""fit_label_counts"":{""0"":150,""1"":135},""fit_records"":285,""group_overlap"":0}","[{""fit_group_counts_by_label"":{""0"":12,""1"":7},""fit_groups"":19,""fit_records"":95,""fold"":0,""group_overlap"":0,""validation_group_counts_by_label"":{""0"":8,""1"":12},""validation_groups"":20,""validation_records"":100},{""fit_group_counts_by_label"":{""0"":8,""1"":12},""fit_groups"":20,""fit_records"":100,""fold"":1,""group_overlap"":0,""validation_group_counts_by_label"":{""0"":12,""1"":7},""validation_groups"":19,""validation_records"":95}]",0
deduplication__hybrid_metadata__multilingual_e5_small__xgboost,deduplication,hybrid_metadata,multilingual_e5_small,xgboost,4,480,120,96,24,0,37.39601350000885,1.2404823999968357,0.1564797000028193,1.3039975000234942,classifier_pipeline_with_precomputed_embedding,"{""model__learning_rate"":0.05,""model__max_depth"":2,""model__n_estimators"":160}",-0.05263157894736842,"{""curve_points"":2450,""eligible"":true,""negative_threshold"":0.03,""positive_threshold"":0.97,""selected"":{""abstained"":0,""automated_false_negative_rate"":0.0,""automated_false_positive_rate"":0.0,""automation_duplicate_recall"":1.0,""automation_nonduplicate_recall"":1.0,""coverage"":1.0,""covered"":195,""covered_error_rate"":0.0,""false_negative_cost"":5.0,""false_positive_cost"":1.0,""fn"":0,""fp"":0,""negative_predictive_value"":1.0,""negative_threshold"":0.03,""negatives"":100,""positive_threshold"":0.97,""positives"":95,""precision"":1.0,""threshold"":0.97,""tn"":100,""tp"":95,""weighted_covered_error"":0.0}}","{""balance_score"":0.011057692307692268,""calibration_group_counts_by_label"":{""0"":20,""1"":19},""calibration_groups"":39,""calibration_label_counts"":{""0"":100,""1"":95},""calibration_records"":195,""fit_group_counts_by_label"":{""0"":29,""1"":28},""fit_groups"":57,""fit_label_counts"":{""0"":145,""1"":140},""fit_records"":285,""group_overlap"":0}","[{""fit_group_counts_by_label"":{""0"":9,""1"":10},""fit_groups"":19,""fit_records"":95,""fold"":0,""group_overlap"":0,""validation_group_counts_by_label"":{""0"":11,""1"":9},""validation_groups"":20,""validation_records"":100},{""fit_group_counts_by_label"":{""0"":11,""1"":9},""fit_groups"":20,""fit_records"":100,""fold"":1,""group_overlap"":0,""validation_group_counts_by_label"":{""0"":9,""1"":10},""validation_groups"":19,""validation_records"":95}]",0
deduplication__hybrid_metadata__multilingual_minilm_l12__logistic_regression,deduplication,hybrid_metadata,multilingual_minilm_l12,logistic_regression,0,480,120,96,24,0,7.604452699990361,0.8400701999926241,0.14284800000314135,1.1904000000261779,classifier_pipeline_with_precomputed_embedding,"{""model__C"":0.1}",0.0,"{""curve_points"":2450,""eligible"":true,""negative_threshold"":0.08,""positive_threshold"":0.94,""selected"":{""abstained"":0,""automated_false_negative_rate"":0.0,""automated_false_positive_rate"":0.0,""automation_duplicate_recall"":1.0,""automation_nonduplicate_recall"":1.0,""coverage"":1.0,""covered"":195,""covered_error_rate"":0.0,""false_negative_cost"":5.0,""false_positive_cost"":1.0,""fn"":0,""fp"":0,""negative_predictive_value"":1.0,""negative_threshold"":0.08,""negatives"":95,""positive_threshold"":0.94,""positives"":100,""precision"":1.0,""threshold"":0.94,""tn"":95,""tp"":100,""weighted_covered_error"":0.0}}","{""balance_score"":0.011057692307692268,""calibration_group_counts_by_label"":{""0"":19,""1"":20},""calibration_groups"":39,""calibration_label_counts"":{""0"":95,""1"":100},""calibration_records"":195,""fit_group_counts_by_label"":{""0"":28,""1"":29},""fit_groups"":57,""fit_label_counts"":{""0"":140,""1"":145},""fit_records"":285,""group_overlap"":0}","[{""fit_group_counts_by_label"":{""0"":11,""1"":8},""fit_groups"":19,""fit_records"":95,""fold"":0,""group_overlap"":0,""validation_group_counts_by_label"":{""0"":8,""1"":12},""validation_groups"":20,""validation_records"":100},{""fit_group_counts_by_label"":{""0"":8,""1"":12},""fit_groups"":20,""fit_records"":100,""fold"":1,""group_overlap"":0,""validation_group_counts_by_label"":{""0"":11,""1"":8},""validation_groups"":19,""validation_records"":95}]",0
deduplication__hybrid_metadata__multilingual_minilm_l12__logistic_regression,deduplication,hybrid_metadata,multilingual_minilm_l12,logistic_regression,1,480,120,96,24,0,7.82513499999186,0.9408913000079338,0.13544840000395197,1.1287366666995997,classifier_pipeline_with_precomputed_embedding,"{""model__C"":0.1}",0.0,"{""curve_points"":2450,""eligible"":true,""negative_threshold"":0.09,""positive_threshold"":0.91,""selected"":{""abstained"":0,""automated_false_negative_rate"":0.0,""automated_false_positive_rate"":0.0,""automation_duplicate_recall"":1.0,""automation_nonduplicate_recall"":1.0,""coverage"":1.0,""covered"":195,""covered_error_rate"":0.0,""false_negative_cost"":5.0,""false_positive_cost"":1.0,""fn"":0,""fp"":0,""negative_predictive_value"":1.0,""negative_threshold"":0.09,""negatives"":95,""positive_threshold"":0.91,""positives"":100,""precision"":1.0,""threshold"":0.91,""tn"":95,""tp"":100,""weighted_covered_error"":0.0}}","{""balance_score"":0.011057692307692268,""calibration_group_counts_by_label"":{""0"":19,""1"":20},""calibration_groups"":39,""calibration_label_counts"":{""0"":95,""1"":100},""calibration_records"":195,""fit_group_counts_by_label"":{""0"":28,""1"":29},""fit_groups"":57,""fit_label_counts"":{""0"":140,""1"":145},""fit_records"":285,""group_overlap"":0}","[{""fit_group_counts_by_label"":{""0"":11,""1"":8},""fit_groups"":19,""fit_records"":95,""fold"":0,""group_overlap"":0,""validation_group_counts_by_label"":{""0"":8,""1"":12},""validation_groups"":20,""validation_records"":100},{""fit_group_counts_by_label"":{""0"":8,""1"":12},""fit_groups"":20,""fit_records"":100,""fold"":1,""group_overlap"":0,""validation_group_counts_by_label"":{""0"":11,""1"":8},""validation_groups"":19,""validation_records"":95}]",0
deduplication__hybrid_metadata__multilingual_minilm_l12__logistic_regression,deduplication,hybrid_metadata,multilingual_minilm_l12,logistic_regression,2,480,120,96,24,0,7.438548200007062,0.7461689000047045,0.14652779999596532,1.2210649999663776,classifier_pipeline_with_precomputed_embedding,"{""model__C"":0.1}",0.0,"{""curve_points"":2450,""eligible"":true,""negative_threshold"":0.1,""positive_threshold"":0.94,""selected"":{""abstained"":0,""automated_false_negative_rate"":0.0,""automated_false_positive_rate"":0.0,""automation_duplicate_recall"":1.0,""automation_nonduplicate_recall"":1.0,""coverage"":1.0,""covered"":195,""covered_error_rate"":0.0,""false_negative_cost"":5.0,""false_positive_cost"":1.0,""fn"":0,""fp"":0,""negative_predictive_value"":1.0,""negative_threshold"":0.1,""negatives"":95,""positive_threshold"":0.94,""positives"":100,""precision"":1.0,""threshold"":0.94,""tn"":95,""tp"":100,""weighted_covered_error"":0.0}}","{""balance_score"":0.011057692307692268,""calibration_group_counts_by_label"":{""0"":19,""1"":20},""calibration_groups"":39,""calibration_label_counts"":{""0"":95,""1"":100},""calibration_records"":195,""fit_group_counts_by_label"":{""0"":28,""1"":29},""fit_groups"":57,""fit_label_counts"":{""0"":140,""1"":145},""fit_records"":285,""group_overlap"":0}","[{""fit_group_counts_by_label"":{""0"":8,""1"":11},""fit_groups"":19,""fit_records"":95,""fold"":0,""group_overlap"":0,""validation_group_counts_by_label"":{""0"":11,""1"":9},""validation_groups"":20,""validation_records"":100},{""fit_group_counts_by_label"":{""0"":11,""1"":9},""fit_groups"":20,""fit_records"":100,""fold"":1,""group_overlap"":0,""validation_group_counts_by_label"":{""0"":8,""1"":11},""validation_groups"":19,""validation_records"":95}]",0
deduplication__hybrid_metadata__multilingual_minilm_l12__logistic_regression,deduplication,hybrid_metadata,multilingual_minilm_l12,logistic_regression,3,480,120,96,24,0,7.785641700000269,0.7462665000057314,0.14368649999960326,1.1973874999966938,classifier_pipeline_with_precomputed_embedding,"{""model__C"":0.1}",0.0,"{""curve_points"":2450,""eligible"":true,""negative_threshold"":0.09,""positive_threshold"":0.92,""selected"":{""abstained"":0,""automated_false_negative_rate"":0.0,""automated_false_positive_rate"":0.0,""automation_duplicate_recall"":1.0,""automation_nonduplicate_recall"":1.0,""coverage"":1.0,""covered"":195,""covered_error_rate"":0.0,""false_negative_cost"":5.0,""false_positive_cost"":1.0,""fn"":0,""fp"":0,""negative_predictive_value"":1.0,""negative_threshold"":0.09,""negatives"":100,""positive_threshold"":0.92,""positives"":95,""precision"":1.0,""threshold"":0.92,""tn"":100,""tp"":95,""weighted_covered_error"":0.0}}","{""balance_score"":0.022275641025641058,""calibration_group_counts_by_label"":{""0"":20,""1"":19},""calibration_groups"":39,""calibration_label_counts"":{""0"":100,""1"":95},""calibration_records"":195,""fit_group_counts_by_label"":{""0"":30,""1"":27},""fit_groups"":57,""fit_label_counts"":{""0"":150,""1"":135},""fit_records"":285,""group_overlap"":0}","[{""fit_group_counts_by_label"":{""0"":12,""1"":7},""fit_groups"":19,""fit_records"":95,""fold"":0,""group_overlap"":0,""validation_group_counts_by_label"":{""0"":8,""1"":12},""validation_groups"":20,""validation_records"":100},{""fit_group_counts_by_label"":{""0"":8,""1"":12},""fit_groups"":20,""fit_records"":100,""fold"":1,""group_overlap"":0,""validation_group_counts_by_label"":{""0"":12,""1"":7},""validation_groups"":19,""validation_records"":95}]",0
deduplication__hybrid_metadata__multilingual_minilm_l12__logistic_regression,deduplication,hybrid_metadata,multilingual_minilm_l12,logistic_regression,4,480,120,96,24,0,7.579742699992494,0.8111189999908675,0.14762509999854956,1.2302091666545796,classifier_pipeline_with_precomputed_embedding,"{""model__C"":0.1}",-0.2631578947368421,"{""curve_points"":2450,""eligible"":true,""negative_threshold"":0.07,""positive_threshold"":0.89,""selected"":{""abstained"":0,""automated_false_negative_rate"":0.0,""automated_false_positive_rate"":0.0,""automation_duplicate_recall"":1.0,""automation_nonduplicate_recall"":1.0,""coverage"":1.0,""covered"":195,""covered_error_rate"":0.0,""false_negative_cost"":5.0,""false_positive_cost"":1.0,""fn"":0,""fp"":0,""negative_predictive_value"":1.0,""negative_threshold"":0.07,""negatives"":100,""positive_threshold"":0.89,""positives"":95,""precision"":1.0,""threshold"":0.89,""tn"":100,""tp"":95,""weighted_covered_error"":0.0}}","{""balance_score"":0.011057692307692268,""calibration_group_counts_by_label"":{""0"":20,""1"":19},""calibration_groups"":39,""calibration_label_counts"":{""0"":100,""1"":95},""calibration_records"":195,""fit_group_counts_by_label"":{""0"":29,""1"":28},""fit_groups"":57,""fit_label_counts"":{""0"":145,""1"":140},""fit_records"":285,""group_overlap"":0}","[{""fit_group_counts_by_label"":{""0"":9,""1"":10},""fit_groups"":19,""fit_records"":95,""fold"":0,""group_overlap"":0,""validation_group_counts_by_label"":{""0"":11,""1"":9},""validation_groups"":20,""validation_records"":100},{""fit_group_counts_by_label"":{""0"":11,""1"":9},""fit_groups"":20,""fit_records"":100,""fold"":1,""group_overlap"":0,""validation_group_counts_by_label"":{""0"":9,""1"":10},""validation_groups"":19,""validation_records"":95}]",0
deduplication__hybrid_metadata__multilingual_minilm_l12__decision_tree,deduplication,hybrid_metadata,multilingual_minilm_l12,decision_tree,0,480,120,96,24,0,11.418670099999872,0.7375704000005499,0.1426686999911908,1.1889058332599234,classifier_pipeline_with_precomputed_embedding,"{""model__max_depth"":3,""model__min_samples_leaf"":2}",-0.07017543859649122,"{""curve_points"":2450,""eligible"":true,""negative_threshold"":0.03,""positive_threshold"":0.97,""selected"":{""abstained"":0,""automated_false_negative_rate"":0.0,""automated_false_positive_rate"":0.0,""automation_duplicate_recall"":1.0,""automation_nonduplicate_recall"":1.0,""coverage"":1.0,""covered"":195,""covered_error_rate"":0.0,""false_negative_cost"":5.0,""false_positive_cost"":1.0,""fn"":0,""fp"":0,""negative_predictive_value"":1.0,""negative_threshold"":0.03,""negatives"":95,""positive_threshold"":0.97,""positives"":100,""precision"":1.0,""threshold"":0.97,""tn"":95,""tp"":100,""weighted_covered_error"":0.0}}","{""balance_score"":0.011057692307692268,""calibration_group_counts_by_label"":{""0"":19,""1"":20},""calibration_groups"":39,""calibration_label_counts"":{""0"":95,""1"":100},""calibration_records"":195,""fit_group_counts_by_label"":{""0"":28,""1"":29},""fit_groups"":57,""fit_label_counts"":{""0"":140,""1"":145},""fit_records"":285,""group_overlap"":0}","[{""fit_group_counts_by_label"":{""0"":11,""1"":8},""fit_groups"":19,""fit_records"":95,""fold"":0,""group_overlap"":0,""validation_group_counts_by_label"":{""0"":8,""1"":12},""validation_groups"":20,""validation_records"":100},{""fit_group_counts_by_label"":{""0"":8,""1"":12},""fit_groups"":20,""fit_records"":100,""fold"":1,""group_overlap"":0,""validation_group_counts_by_label"":{""0"":11,""1"":8},""validation_groups"":19,""validation_records"":95}]",0
deduplication__hybrid_metadata__multilingual_minilm_l12__decision_tree,deduplication,hybrid_metadata,multilingual_minilm_l12,decision_tree,1,480,120,96,24,0,11.463054699997883,0.7730389000062132,0.3199862000037683,2.6665516666980693,classifier_pipeline_with_precomputed_embedding,"{""model__max_depth"":3,""model__min_samples_leaf"":2}",-0.0631578947368421,"{""curve_points"":2450,""eligible"":true,""negative_threshold"":0.03,""positive_threshold"":0.97,""selected"":{""abstained"":0,""automated_false_negative_rate"":0.0,""automated_false_positive_rate"":0.0,""automation_duplicate_recall"":1.0,""automation_nonduplicate_recall"":1.0,""coverage"":1.0,""covered"":195,""covered_error_rate"":0.0,""false_negative_cost"":5.0,""false_positive_cost"":1.0,""fn"":0,""fp"":0,""negative_predictive_value"":1.0,""negative_threshold"":0.03,""negatives"":95,""positive_threshold"":0.97,""positives"":100,""precision"":1.0,""threshold"":0.97,""tn"":95,""tp"":100,""weighted_covered_error"":0.0}}","{""balance_score"":0.011057692307692268,""calibration_group_counts_by_label"":{""0"":19,""1"":20},""calibration_groups"":39,""calibration_label_counts"":{""0"":95,""1"":100},""calibration_records"":195,""fit_group_counts_by_label"":{""0"":28,""1"":29},""fit_groups"":57,""fit_label_counts"":{""0"":140,""1"":145},""fit_records"":285,""group_overlap"":0}","[{""fit_group_counts_by_label"":{""0"":11,""1"":8},""fit_groups"":19,""fit_records"":95,""fold"":0,""group_overlap"":0,""validation_group_counts_by_label"":{""0"":8,""1"":12},""validation_groups"":20,""validation_records"":100},{""fit_group_counts_by_label"":{""0"":8,""1"":12},""fit_groups"":20,""fit_records"":100,""fold"":1,""group_overlap"":0,""validation_group_counts_by_label"":{""0"":11,""1"":8},""validation_groups"":19,""validation_records"":95}]",0
deduplication__hybrid_metadata__multilingual_minilm_l12__decision_tree,deduplication,hybrid_metadata,multilingual_minilm_l12,decision_tree,2,480,120,96,24,0,10.829781199994613,0.7523171000066213,0.1477729000034742,1.231440833362285,classifier_pipeline_with_precomputed_embedding,"{""model__max_depth"":3,""model__min_samples_leaf"":2}",-0.17894736842105263,"{""curve_points"":2450,""eligible"":true,""negative_threshold"":0.03,""positive_threshold"":0.91,""selected"":{""abstained"":0,""automated_false_negative_rate"":0.0,""automated_false_positive_rate"":0.031578947368421054,""automation_duplicate_recall"":1.0,""automation_nonduplicate_recall"":0.968421052631579,""coverage"":1.0,""covered"":195,""covered_error_rate"":0.015384615384615385,""false_negative_cost"":5.0,""false_positive_cost"":1.0,""fn"":0,""fp"":3,""negative_predictive_value"":1.0,""negative_threshold"":0.03,""negatives"":95,""positive_threshold"":0.91,""positives"":100,""precision"":0.970873786407767,""threshold"":0.91,""tn"":92,""tp"":100,""weighted_covered_error"":0.015384615384615385}}","{""balance_score"":0.011057692307692268,""calibration_group_counts_by_label"":{""0"":19,""1"":20},""calibration_groups"":39,""calibration_label_counts"":{""0"":95,""1"":100},""calibration_records"":195,""fit_group_counts_by_label"":{""0"":28,""1"":29},""fit_groups"":57,""fit_label_counts"":{""0"":140,""1"":145},""fit_records"":285,""group_overlap"":0}","[{""fit_group_counts_by_label"":{""0"":8,""1"":11},""fit_groups"":19,""fit_records"":95,""fold"":0,""group_overlap"":0,""validation_group_counts_by_label"":{""0"":11,""1"":9},""validation_groups"":20,""validation_records"":100},{""fit_group_counts_by_label"":{""0"":11,""1"":9},""fit_groups"":20,""fit_records"":100,""fold"":1,""group_overlap"":0,""validation_group_counts_by_label"":{""0"":8,""1"":11},""validation_groups"":19,""validation_records"":95}]",0
deduplication__hybrid_metadata__multilingual_minilm_l12__decision_tree,deduplication,hybrid_metadata,multilingual_minilm_l12,decision_tree,3,480,120,96,24,0,11.080191999993986,0.8154277999856276,0.1533367000083672,1.27780583340306,classifier_pipeline_with_precomputed_embedding,"{""model__max_depth"":3,""model__min_samples_leaf"":2}",-0.2631578947368421,"{""curve_points"":2450,""eligible"":false,""negative_threshold"":null,""positive_threshold"":null,""selected"":null}","{""balance_score"":0.022275641025641058,""calibration_group_counts_by_label"":{""0"":20,""1"":19},""calibration_groups"":39,""calibration_label_counts"":{""0"":100,""1"":95},""calibration_records"":195,""fit_group_counts_by_label"":{""0"":30,""1"":27},""fit_groups"":57,""fit_label_counts"":{""0"":150,""1"":135},""fit_records"":285,""group_overlap"":0}","[{""fit_group_counts_by_label"":{""0"":12,""1"":7},""fit_groups"":19,""fit_records"":95,""fold"":0,""group_overlap"":0,""validation_group_counts_by_label"":{""0"":8,""1"":12},""validation_groups"":20,""validation_records"":100},{""fit_group_counts_by_label"":{""0"":8,""1"":12},""fit_groups"":20,""fit_records"":100,""fold"":1,""group_overlap"":0,""validation_group_counts_by_label"":{""0"":12,""1"":7},""validation_groups"":19,""validation_records"":95}]",0
deduplication__hybrid_metadata__multilingual_minilm_l12__decision_tree,deduplication,hybrid_metadata,multilingual_minilm_l12,decision_tree,4,480,120,96,24,0,11.505233200005023,0.7514822000084678,0.14953219999733847,1.2461016666444873,classifier_pipeline_with_precomputed_embedding,"{""model__max_depth"":3,""model__min_samples_leaf"":2}",-0.20350877192982453,"{""curve_points"":2450,""eligible"":true,""negative_threshold"":0.03,""positive_threshold"":0.97,""selected"":{""abstained"":0,""automated_false_negative_rate"":0.0,""automated_false_positive_rate"":0.0,""automation_duplicate_recall"":1.0,""automation_nonduplicate_recall"":1.0,""coverage"":1.0,""covered"":195,""covered_error_rate"":0.0,""false_negative_cost"":5.0,""false_positive_cost"":1.0,""fn"":0,""fp"":0,""negative_predictive_value"":1.0,""negative_threshold"":0.03,""negatives"":100,""positive_threshold"":0.97,""positives"":95,""precision"":1.0,""threshold"":0.97,""tn"":100,""tp"":95,""weighted_covered_error"":0.0}}","{""balance_score"":0.011057692307692268,""calibration_group_counts_by_label"":{""0"":20,""1"":19},""calibration_groups"":39,""calibration_label_counts"":{""0"":100,""1"":95},""calibration_records"":195,""fit_group_counts_by_label"":{""0"":29,""1"":28},""fit_groups"":57,""fit_label_counts"":{""0"":145,""1"":140},""fit_records"":285,""group_overlap"":0}","[{""fit_group_counts_by_label"":{""0"":9,""1"":10},""fit_groups"":19,""fit_records"":95,""fold"":0,""group_overlap"":0,""validation_group_counts_by_label"":{""0"":11,""1"":9},""validation_groups"":20,""validation_records"":100},{""fit_group_counts_by_label"":{""0"":11,""1"":9},""fit_groups"":20,""fit_records"":100,""fold"":1,""group_overlap"":0,""validation_group_counts_by_label"":{""0"":9,""1"":10},""validation_groups"":19,""validation_records"":95}]",0
deduplication__hybrid_metadata__multilingual_minilm_l12__linear_svm,deduplication,hybrid_metadata,multilingual_minilm_l12,linear_svm,0,480,120,96,24,0,8.769848700001603,0.8171705999993719,0.16414910000457894,1.3679091667048244,classifier_pipeline_with_precomputed_embedding,"{""model__C"":0.1}",0.0,"{""curve_points"":2450,""eligible"":true,""negative_threshold"":0.04,""positive_threshold"":0.96,""selected"":{""abstained"":0,""automated_false_negative_rate"":0.0,""automated_false_positive_rate"":0.0,""automation_duplicate_recall"":1.0,""automation_nonduplicate_recall"":1.0,""coverage"":1.0,""covered"":195,""covered_error_rate"":0.0,""false_negative_cost"":5.0,""false_positive_cost"":1.0,""fn"":0,""fp"":0,""negative_predictive_value"":1.0,""negative_threshold"":0.04,""negatives"":95,""positive_threshold"":0.96,""positives"":100,""precision"":1.0,""threshold"":0.96,""tn"":95,""tp"":100,""weighted_covered_error"":0.0}}","{""balance_score"":0.011057692307692268,""calibration_group_counts_by_label"":{""0"":19,""1"":20},""calibration_groups"":39,""calibration_label_counts"":{""0"":95,""1"":100},""calibration_records"":195,""fit_group_counts_by_label"":{""0"":28,""1"":29},""fit_groups"":57,""fit_label_counts"":{""0"":140,""1"":145},""fit_records"":285,""group_overlap"":0}","[{""fit_group_counts_by_label"":{""0"":11,""1"":8},""fit_groups"":19,""fit_records"":95,""fold"":0,""group_overlap"":0,""validation_group_counts_by_label"":{""0"":8,""1"":12},""validation_groups"":20,""validation_records"":100},{""fit_group_counts_by_label"":{""0"":8,""1"":12},""fit_groups"":20,""fit_records"":100,""fold"":1,""group_overlap"":0,""validation_group_counts_by_label"":{""0"":11,""1"":8},""validation_groups"":19,""validation_records"":95}]",0
deduplication__hybrid_metadata__multilingual_minilm_l12__linear_svm,deduplication,hybrid_metadata,multilingual_minilm_l12,linear_svm,1,480,120,96,24,0,8.599817099995562,0.9254361999919638,0.13667310000164434,1.1389425000137028,classifier_pipeline_with_precomputed_embedding,"{""model__C"":0.1}",0.0,"{""curve_points"":2450,""eligible"":true,""negative_threshold"":0.05,""positive_threshold"":0.96,""selected"":{""abstained"":0,""automated_false_negative_rate"":0.0,""automated_false_positive_rate"":0.0,""automation_duplicate_recall"":1.0,""automation_nonduplicate_recall"":1.0,""coverage"":1.0,""covered"":195,""covered_error_rate"":0.0,""false_negative_cost"":5.0,""false_positive_cost"":1.0,""fn"":0,""fp"":0,""negative_predictive_value"":1.0,""negative_threshold"":0.05,""negatives"":95,""positive_threshold"":0.96,""positives"":100,""precision"":1.0,""threshold"":0.96,""tn"":95,""tp"":100,""weighted_covered_error"":0.0}}","{""balance_score"":0.011057692307692268,""calibration_group_counts_by_label"":{""0"":19,""1"":20},""calibration_groups"":39,""calibration_label_counts"":{""0"":95,""1"":100},""calibration_records"":195,""fit_group_counts_by_label"":{""0"":28,""1"":29},""fit_groups"":57,""fit_label_counts"":{""0"":140,""1"":145},""fit_records"":285,""group_overlap"":0}","[{""fit_group_counts_by_label"":{""0"":11,""1"":8},""fit_groups"":19,""fit_records"":95,""fold"":0,""group_overlap"":0,""validation_group_counts_by_label"":{""0"":8,""1"":12},""validation_groups"":20,""validation_records"":100},{""fit_group_counts_by_label"":{""0"":8,""1"":12},""fit_groups"":20,""fit_records"":100,""fold"":1,""group_overlap"":0,""validation_group_counts_by_label"":{""0"":11,""1"":8},""validation_groups"":19,""validation_records"":95}]",0
deduplication__hybrid_metadata__multilingual_minilm_l12__linear_svm,deduplication,hybrid_metadata,multilingual_minilm_l12,linear_svm,2,480,120,96,24,0,8.990320700002485,0.8473004999978002,0.14486919999762904,1.2072433333135753,classifier_pipeline_with_precomputed_embedding,"{""model__C"":0.1}",0.0,"{""curve_points"":2450,""eligible"":true,""negative_threshold"":0.06,""positive_threshold"":0.95,""selected"":{""abstained"":0,""automated_false_negative_rate"":0.0,""automated_false_positive_rate"":0.0,""automation_duplicate_recall"":1.0,""automation_nonduplicate_recall"":1.0,""coverage"":1.0,""covered"":195,""covered_error_rate"":0.0,""false_negative_cost"":5.0,""false_positive_cost"":1.0,""fn"":0,""fp"":0,""negative_predictive_value"":1.0,""negative_threshold"":0.06,""negatives"":95,""positive_threshold"":0.95,""positives"":100,""precision"":1.0,""threshold"":0.95,""tn"":95,""tp"":100,""weighted_covered_error"":0.0}}","{""balance_score"":0.011057692307692268,""calibration_group_counts_by_label"":{""0"":19,""1"":20},""calibration_groups"":39,""calibration_label_counts"":{""0"":95,""1"":100},""calibration_records"":195,""fit_group_counts_by_label"":{""0"":28,""1"":29},""fit_groups"":57,""fit_label_counts"":{""0"":140,""1"":145},""fit_records"":285,""group_overlap"":0}","[{""fit_group_counts_by_label"":{""0"":8,""1"":11},""fit_groups"":19,""fit_records"":95,""fold"":0,""group_overlap"":0,""validation_group_counts_by_label"":{""0"":11,""1"":9},""validation_groups"":20,""validation_records"":100},{""fit_group_counts_by_label"":{""0"":11,""1"":9},""fit_groups"":20,""fit_records"":100,""fold"":1,""group_overlap"":0,""validation_group_counts_by_label"":{""0"":8,""1"":11},""validation_groups"":19,""validation_records"":95}]",0
deduplication__hybrid_metadata__multilingual_minilm_l12__linear_svm,deduplication,hybrid_metadata,multilingual_minilm_l12,linear_svm,3,480,120,96,24,0,9.114193100002012,0.7541223000007449,0.14553279998654034,1.2127733332211694,classifier_pipeline_with_precomputed_embedding,"{""model__C"":0.1}",0.0,"{""curve_points"":2450,""eligible"":true,""negative_threshold"":0.07,""positive_threshold"":0.96,""selected"":{""abstained"":0,""automated_false_negative_rate"":0.0,""automated_false_positive_rate"":0.0,""automation_duplicate_recall"":1.0,""automation_nonduplicate_recall"":1.0,""coverage"":1.0,""covered"":195,""covered_error_rate"":0.0,""false_negative_cost"":5.0,""false_positive_cost"":1.0,""fn"":0,""fp"":0,""negative_predictive_value"":1.0,""negative_threshold"":0.07,""negatives"":100,""positive_threshold"":0.96,""positives"":95,""precision"":1.0,""threshold"":0.96,""tn"":100,""tp"":95,""weighted_covered_error"":0.0}}","{""balance_score"":0.022275641025641058,""calibration_group_counts_by_label"":{""0"":20,""1"":19},""calibration_groups"":39,""calibration_label_counts"":{""0"":100,""1"":95},""calibration_records"":195,""fit_group_counts_by_label"":{""0"":30,""1"":27},""fit_groups"":57,""fit_label_counts"":{""0"":150,""1"":135},""fit_records"":285,""group_overlap"":0}","[{""fit_group_counts_by_label"":{""0"":12,""1"":7},""fit_groups"":19,""fit_records"":95,""fold"":0,""group_overlap"":0,""validation_group_counts_by_label"":{""0"":8,""1"":12},""validation_groups"":20,""validation_records"":100},{""fit_group_counts_by_label"":{""0"":8,""1"":12},""fit_groups"":20,""fit_records"":100,""fold"":1,""group_overlap"":0,""validation_group_counts_by_label"":{""0"":12,""1"":7},""validation_groups"":19,""validation_records"":95}]",0
deduplication__hybrid_metadata__multilingual_minilm_l12__linear_svm,deduplication,hybrid_metadata,multilingual_minilm_l12,linear_svm,4,480,120,96,24,0,8.601467000000412,0.7528387999918777,0.14816709999286104,1.234725833273842,classifier_pipeline_with_precomputed_embedding,"{""model__C"":0.1}",-0.2631578947368421,"{""curve_points"":2450,""eligible"":true,""negative_threshold"":0.04,""positive_threshold"":0.95,""selected"":{""abstained"":0,""automated_false_negative_rate"":0.0,""automated_false_positive_rate"":0.0,""automation_duplicate_recall"":1.0,""automation_nonduplicate_recall"":1.0,""coverage"":1.0,""covered"":195,""covered_error_rate"":0.0,""false_negative_cost"":5.0,""false_positive_cost"":1.0,""fn"":0,""fp"":0,""negative_predictive_value"":1.0,""negative_threshold"":0.04,""negatives"":100,""positive_threshold"":0.95,""positives"":95,""precision"":1.0,""threshold"":0.95,""tn"":100,""tp"":95,""weighted_covered_error"":0.0}}","{""balance_score"":0.011057692307692268,""calibration_group_counts_by_label"":{""0"":20,""1"":19},""calibration_groups"":39,""calibration_label_counts"":{""0"":100,""1"":95},""calibration_records"":195,""fit_group_counts_by_label"":{""0"":29,""1"":28},""fit_groups"":57,""fit_label_counts"":{""0"":145,""1"":140},""fit_records"":285,""group_overlap"":0}","[{""fit_group_counts_by_label"":{""0"":9,""1"":10},""fit_groups"":19,""fit_records"":95,""fold"":0,""group_overlap"":0,""validation_group_counts_by_label"":{""0"":11,""1"":9},""validation_groups"":20,""validation_records"":100},{""fit_group_counts_by_label"":{""0"":11,""1"":9},""fit_groups"":20,""fit_records"":100,""fold"":1,""group_overlap"":0,""validation_group_counts_by_label"":{""0"":9,""1"":10},""validation_groups"":19,""validation_records"":95}]",0
deduplication__hybrid_metadata__multilingual_minilm_l12__mlp,deduplication,hybrid_metadata,multilingual_minilm_l12,mlp,0,480,120,96,24,0,45.101419099999475,0.7532600999984425,0.14374090000637807,1.1978408333864838,classifier_pipeline_with_precomputed_embedding,"{""model__alpha"":0.001,""model__hidden_layer_sizes"":[16]}",0.0,"{""curve_points"":2450,""eligible"":true,""negative_threshold"":0.03,""positive_threshold"":0.97,""selected"":{""abstained"":0,""automated_false_negative_rate"":0.0,""automated_false_positive_rate"":0.0,""automation_duplicate_recall"":1.0,""automation_nonduplicate_recall"":1.0,""coverage"":1.0,""covered"":195,""covered_error_rate"":0.0,""false_negative_cost"":5.0,""false_positive_cost"":1.0,""fn"":0,""fp"":0,""negative_predictive_value"":1.0,""negative_threshold"":0.03,""negatives"":95,""positive_threshold"":0.97,""positives"":100,""precision"":1.0,""threshold"":0.97,""tn"":95,""tp"":100,""weighted_covered_error"":0.0}}","{""balance_score"":0.011057692307692268,""calibration_group_counts_by_label"":{""0"":19,""1"":20},""calibration_groups"":39,""calibration_label_counts"":{""0"":95,""1"":100},""calibration_records"":195,""fit_group_counts_by_label"":{""0"":28,""1"":29},""fit_groups"":57,""fit_label_counts"":{""0"":140,""1"":145},""fit_records"":285,""group_overlap"":0}","[{""fit_group_counts_by_label"":{""0"":11,""1"":8},""fit_groups"":19,""fit_records"":95,""fold"":0,""group_overlap"":0,""validation_group_counts_by_label"":{""0"":8,""1"":12},""validation_groups"":20,""validation_records"":100},{""fit_group_counts_by_label"":{""0"":8,""1"":12},""fit_groups"":20,""fit_records"":100,""fold"":1,""group_overlap"":0,""validation_group_counts_by_label"":{""0"":11,""1"":8},""validation_groups"":19,""validation_records"":95}]",0
deduplication__hybrid_metadata__multilingual_minilm_l12__mlp,deduplication,hybrid_metadata,multilingual_minilm_l12,mlp,1,480,120,96,24,0,46.015721700008726,0.8237771999993129,0.1374898999929428,1.1457491666078568,classifier_pipeline_with_precomputed_embedding,"{""model__alpha"":0.001,""model__hidden_layer_sizes"":[16]}",0.0,"{""curve_points"":2450,""eligible"":true,""negative_threshold"":0.03,""positive_threshold"":0.97,""selected"":{""abstained"":0,""automated_false_negative_rate"":0.0,""automated_false_positive_rate"":0.0,""automation_duplicate_recall"":1.0,""automation_nonduplicate_recall"":1.0,""coverage"":1.0,""covered"":195,""covered_error_rate"":0.0,""false_negative_cost"":5.0,""false_positive_cost"":1.0,""fn"":0,""fp"":0,""negative_predictive_value"":1.0,""negative_threshold"":0.03,""negatives"":95,""positive_threshold"":0.97,""positives"":100,""precision"":1.0,""threshold"":0.97,""tn"":95,""tp"":100,""weighted_covered_error"":0.0}}","{""balance_score"":0.011057692307692268,""calibration_group_counts_by_label"":{""0"":19,""1"":20},""calibration_groups"":39,""calibration_label_counts"":{""0"":95,""1"":100},""calibration_records"":195,""fit_group_counts_by_label"":{""0"":28,""1"":29},""fit_groups"":57,""fit_label_counts"":{""0"":140,""1"":145},""fit_records"":285,""group_overlap"":0}","[{""fit_group_counts_by_label"":{""0"":11,""1"":8},""fit_groups"":19,""fit_records"":95,""fold"":0,""group_overlap"":0,""validation_group_counts_by_label"":{""0"":8,""1"":12},""validation_groups"":20,""validation_records"":100},{""fit_group_counts_by_label"":{""0"":8,""1"":12},""fit_groups"":20,""fit_records"":100,""fold"":1,""group_overlap"":0,""validation_group_counts_by_label"":{""0"":11,""1"":8},""validation_groups"":19,""validation_records"":95}]",0
deduplication__hybrid_metadata__multilingual_minilm_l12__mlp,deduplication,hybrid_metadata,multilingual_minilm_l12,mlp,2,480,120,96,24,0,45.67108860000735,0.7675651999888942,0.14940260000003036,1.2450216666669196,classifier_pipeline_with_precomputed_embedding,"{""model__alpha"":0.001,""model__hidden_layer_sizes"":[16]}",0.0,"{""curve_points"":2450,""eligible"":true,""negative_threshold"":0.04,""positive_threshold"":0.97,""selected"":{""abstained"":0,""automated_false_negative_rate"":0.0,""automated_false_positive_rate"":0.0,""automation_duplicate_recall"":1.0,""automation_nonduplicate_recall"":1.0,""coverage"":1.0,""covered"":195,""covered_error_rate"":0.0,""false_negative_cost"":5.0,""false_positive_cost"":1.0,""fn"":0,""fp"":0,""negative_predictive_value"":1.0,""negative_threshold"":0.04,""negatives"":95,""positive_threshold"":0.97,""positives"":100,""precision"":1.0,""threshold"":0.97,""tn"":95,""tp"":100,""weighted_covered_error"":0.0}}","{""balance_score"":0.011057692307692268,""calibration_group_counts_by_label"":{""0"":19,""1"":20},""calibration_groups"":39,""calibration_label_counts"":{""0"":95,""1"":100},""calibration_records"":195,""fit_group_counts_by_label"":{""0"":28,""1"":29},""fit_groups"":57,""fit_label_counts"":{""0"":140,""1"":145},""fit_records"":285,""group_overlap"":0}","[{""fit_group_counts_by_label"":{""0"":8,""1"":11},""fit_groups"":19,""fit_records"":95,""fold"":0,""group_overlap"":0,""validation_group_counts_by_label"":{""0"":11,""1"":9},""validation_groups"":20,""validation_records"":100},{""fit_group_counts_by_label"":{""0"":11,""1"":9},""fit_groups"":20,""fit_records"":100,""fold"":1,""group_overlap"":0,""validation_group_counts_by_label"":{""0"":8,""1"":11},""validation_groups"":19,""validation_records"":95}]",0
deduplication__hybrid_metadata__multilingual_minilm_l12__mlp,deduplication,hybrid_metadata,multilingual_minilm_l12,mlp,3,480,120,96,24,0,44.80515790000209,0.7477520999964327,0.14549529999203514,1.2124608332669595,classifier_pipeline_with_precomputed_embedding,"{""model__alpha"":0.001,""model__hidden_layer_sizes"":[16]}",0.0,"{""curve_points"":2450,""eligible"":true,""negative_threshold"":0.03,""positive_threshold"":0.97,""selected"":{""abstained"":0,""automated_false_negative_rate"":0.0,""automated_false_positive_rate"":0.0,""automation_duplicate_recall"":1.0,""automation_nonduplicate_recall"":1.0,""coverage"":1.0,""covered"":195,""covered_error_rate"":0.0,""false_negative_cost"":5.0,""false_positive_cost"":1.0,""fn"":0,""fp"":0,""negative_predictive_value"":1.0,""negative_threshold"":0.03,""negatives"":100,""positive_threshold"":0.97,""positives"":95,""precision"":1.0,""threshold"":0.97,""tn"":100,""tp"":95,""weighted_covered_error"":0.0}}","{""balance_score"":0.022275641025641058,""calibration_group_counts_by_label"":{""0"":20,""1"":19},""calibration_groups"":39,""calibration_label_counts"":{""0"":100,""1"":95},""calibration_records"":195,""fit_group_counts_by_label"":{""0"":30,""1"":27},""fit_groups"":57,""fit_label_counts"":{""0"":150,""1"":135},""fit_records"":285,""group_overlap"":0}","[{""fit_group_counts_by_label"":{""0"":12,""1"":7},""fit_groups"":19,""fit_records"":95,""fold"":0,""group_overlap"":0,""validation_group_counts_by_label"":{""0"":8,""1"":12},""validation_groups"":20,""validation_records"":100},{""fit_group_counts_by_label"":{""0"":8,""1"":12},""fit_groups"":20,""fit_records"":100,""fold"":1,""group_overlap"":0,""validation_group_counts_by_label"":{""0"":12,""1"":7},""validation_groups"":19,""validation_records"":95}]",0
deduplication__hybrid_metadata__multilingual_minilm_l12__mlp,deduplication,hybrid_metadata,multilingual_minilm_l12,mlp,4,480,120,96,24,0,45.632315599999856,0.7532827999966685,0.15742680001130793,1.3118900000942328,classifier_pipeline_with_precomputed_embedding,"{""model__alpha"":0.001,""model__hidden_layer_sizes"":[16]}",-0.2631578947368421,"{""curve_points"":2450,""eligible"":true,""negative_threshold"":0.03,""positive_threshold"":0.97,""selected"":{""abstained"":0,""automated_false_negative_rate"":0.0,""automated_false_positive_rate"":0.0,""automation_duplicate_recall"":1.0,""automation_nonduplicate_recall"":1.0,""coverage"":1.0,""covered"":195,""covered_error_rate"":0.0,""false_negative_cost"":5.0,""false_positive_cost"":1.0,""fn"":0,""fp"":0,""negative_predictive_value"":1.0,""negative_threshold"":0.03,""negatives"":100,""positive_threshold"":0.97,""positives"":95,""precision"":1.0,""threshold"":0.97,""tn"":100,""tp"":95,""weighted_covered_error"":0.0}}","{""balance_score"":0.011057692307692268,""calibration_group_counts_by_label"":{""0"":20,""1"":19},""calibration_groups"":39,""calibration_label_counts"":{""0"":100,""1"":95},""calibration_records"":195,""fit_group_counts_by_label"":{""0"":29,""1"":28},""fit_groups"":57,""fit_label_counts"":{""0"":145,""1"":140},""fit_records"":285,""group_overlap"":0}","[{""fit_group_counts_by_label"":{""0"":9,""1"":10},""fit_groups"":19,""fit_records"":95,""fold"":0,""group_overlap"":0,""validation_group_counts_by_label"":{""0"":11,""1"":9},""validation_groups"":20,""validation_records"":100},{""fit_group_counts_by_label"":{""0"":11,""1"":9},""fit_groups"":20,""fit_records"":100,""fold"":1,""group_overlap"":0,""validation_group_counts_by_label"":{""0"":9,""1"":10},""validation_groups"":19,""validation_records"":95}]",0
deduplication__hybrid_metadata__multilingual_minilm_l12__xgboost,deduplication,hybrid_metadata,multilingual_minilm_l12,xgboost,0,480,120,96,24,0,43.01436169999943,1.0367197999876225,0.1827939999930095,1.523283333275079,classifier_pipeline_with_precomputed_embedding,"{""model__learning_rate"":0.05,""model__max_depth"":2,""model__n_estimators"":160}",0.0,"{""curve_points"":2450,""eligible"":true,""negative_threshold"":0.03,""positive_threshold"":0.97,""selected"":{""abstained"":0,""automated_false_negative_rate"":0.0,""automated_false_positive_rate"":0.0,""automation_duplicate_recall"":1.0,""automation_nonduplicate_recall"":1.0,""coverage"":1.0,""covered"":195,""covered_error_rate"":0.0,""false_negative_cost"":5.0,""false_positive_cost"":1.0,""fn"":0,""fp"":0,""negative_predictive_value"":1.0,""negative_threshold"":0.03,""negatives"":95,""positive_threshold"":0.97,""positives"":100,""precision"":1.0,""threshold"":0.97,""tn"":95,""tp"":100,""weighted_covered_error"":0.0}}","{""balance_score"":0.011057692307692268,""calibration_group_counts_by_label"":{""0"":19,""1"":20},""calibration_groups"":39,""calibration_label_counts"":{""0"":95,""1"":100},""calibration_records"":195,""fit_group_counts_by_label"":{""0"":28,""1"":29},""fit_groups"":57,""fit_label_counts"":{""0"":140,""1"":145},""fit_records"":285,""group_overlap"":0}","[{""fit_group_counts_by_label"":{""0"":11,""1"":8},""fit_groups"":19,""fit_records"":95,""fold"":0,""group_overlap"":0,""validation_group_counts_by_label"":{""0"":8,""1"":12},""validation_groups"":20,""validation_records"":100},{""fit_group_counts_by_label"":{""0"":8,""1"":12},""fit_groups"":20,""fit_records"":100,""fold"":1,""group_overlap"":0,""validation_group_counts_by_label"":{""0"":11,""1"":8},""validation_groups"":19,""validation_records"":95}]",0
deduplication__hybrid_metadata__multilingual_minilm_l12__xgboost,deduplication,hybrid_metadata,multilingual_minilm_l12,xgboost,1,480,120,96,24,0,37.69148249999853,1.0030234000005294,0.13989649999712128,1.1658041666426773,classifier_pipeline_with_precomputed_embedding,"{""model__learning_rate"":0.05,""model__max_depth"":2,""model__n_estimators"":160}",0.0,"{""curve_points"":2450,""eligible"":true,""negative_threshold"":0.04,""positive_threshold"":0.98,""selected"":{""abstained"":65,""automated_false_negative_rate"":0.0,""automated_false_positive_rate"":0.0,""automation_duplicate_recall"":0.4,""automation_nonduplicate_recall"":0.9473684210526315,""coverage"":0.6666666666666666,""covered"":130,""covered_error_rate"":0.0,""false_negative_cost"":5.0,""false_positive_cost"":1.0,""fn"":0,""fp"":0,""negative_predictive_value"":1.0,""negative_threshold"":0.04,""negatives"":95,""positive_threshold"":0.98,""positives"":100,""precision"":1.0,""threshold"":0.98,""tn"":90,""tp"":40,""weighted_covered_error"":0.0}}","{""balance_score"":0.011057692307692268,""calibration_group_counts_by_label"":{""0"":19,""1"":20},""calibration_groups"":39,""calibration_label_counts"":{""0"":95,""1"":100},""calibration_records"":195,""fit_group_counts_by_label"":{""0"":28,""1"":29},""fit_groups"":57,""fit_label_counts"":{""0"":140,""1"":145},""fit_records"":285,""group_overlap"":0}","[{""fit_group_counts_by_label"":{""0"":11,""1"":8},""fit_groups"":19,""fit_records"":95,""fold"":0,""group_overlap"":0,""validation_group_counts_by_label"":{""0"":8,""1"":12},""validation_groups"":20,""validation_records"":100},{""fit_group_counts_by_label"":{""0"":8,""1"":12},""fit_groups"":20,""fit_records"":100,""fold"":1,""group_overlap"":0,""validation_group_counts_by_label"":{""0"":11,""1"":8},""validation_groups"":19,""validation_records"":95}]",0
deduplication__hybrid_metadata__multilingual_minilm_l12__xgboost,deduplication,hybrid_metadata,multilingual_minilm_l12,xgboost,2,480,120,96,24,0,37.38754440000048,1.0973648999934085,0.15654619999986608,1.3045516666655506,classifier_pipeline_with_precomputed_embedding,"{""model__learning_rate"":0.05,""model__max_depth"":2,""model__n_estimators"":160}",-0.17543859649122806,"{""curve_points"":2450,""eligible"":true,""negative_threshold"":0.03,""positive_threshold"":0.95,""selected"":{""abstained"":0,""automated_false_negative_rate"":0.0,""automated_false_positive_rate"":0.0,""automation_duplicate_recall"":1.0,""automation_nonduplicate_recall"":1.0,""coverage"":1.0,""covered"":195,""covered_error_rate"":0.0,""false_negative_cost"":5.0,""false_positive_cost"":1.0,""fn"":0,""fp"":0,""negative_predictive_value"":1.0,""negative_threshold"":0.03,""negatives"":95,""positive_threshold"":0.95,""positives"":100,""precision"":1.0,""threshold"":0.95,""tn"":95,""tp"":100,""weighted_covered_error"":0.0}}","{""balance_score"":0.011057692307692268,""calibration_group_counts_by_label"":{""0"":19,""1"":20},""calibration_groups"":39,""calibration_label_counts"":{""0"":95,""1"":100},""calibration_records"":195,""fit_group_counts_by_label"":{""0"":28,""1"":29},""fit_groups"":57,""fit_label_counts"":{""0"":140,""1"":145},""fit_records"":285,""group_overlap"":0}","[{""fit_group_counts_by_label"":{""0"":8,""1"":11},""fit_groups"":19,""fit_records"":95,""fold"":0,""group_overlap"":0,""validation_group_counts_by_label"":{""0"":11,""1"":9},""validation_groups"":20,""validation_records"":100},{""fit_group_counts_by_label"":{""0"":11,""1"":9},""fit_groups"":20,""fit_records"":100,""fold"":1,""group_overlap"":0,""validation_group_counts_by_label"":{""0"":8,""1"":11},""validation_groups"":19,""validation_records"":95}]",0
deduplication__hybrid_metadata__multilingual_minilm_l12__xgboost,deduplication,hybrid_metadata,multilingual_minilm_l12,xgboost,3,480,120,96,24,0,40.008310399993206,1.000976499999524,0.1612987999978941,1.3441566666491174,classifier_pipeline_with_precomputed_embedding,"{""model__learning_rate"":0.05,""model__max_depth"":2,""model__n_estimators"":160}",-0.017543859649122806,"{""curve_points"":2450,""eligible"":true,""negative_threshold"":0.03,""positive_threshold"":0.96,""selected"":{""abstained"":0,""automated_false_negative_rate"":0.0,""automated_false_positive_rate"":0.0,""automation_duplicate_recall"":1.0,""automation_nonduplicate_recall"":1.0,""coverage"":1.0,""covered"":195,""covered_error_rate"":0.0,""false_negative_cost"":5.0,""false_positive_cost"":1.0,""fn"":0,""fp"":0,""negative_predictive_value"":1.0,""negative_threshold"":0.03,""negatives"":100,""positive_threshold"":0.96,""positives"":95,""precision"":1.0,""threshold"":0.96,""tn"":100,""tp"":95,""weighted_covered_error"":0.0}}","{""balance_score"":0.022275641025641058,""calibration_group_counts_by_label"":{""0"":20,""1"":19},""calibration_groups"":39,""calibration_label_counts"":{""0"":100,""1"":95},""calibration_records"":195,""fit_group_counts_by_label"":{""0"":30,""1"":27},""fit_groups"":57,""fit_label_counts"":{""0"":150,""1"":135},""fit_records"":285,""group_overlap"":0}","[{""fit_group_counts_by_label"":{""0"":12,""1"":7},""fit_groups"":19,""fit_records"":95,""fold"":0,""group_overlap"":0,""validation_group_counts_by_label"":{""0"":8,""1"":12},""validation_groups"":20,""validation_records"":100},{""fit_group_counts_by_label"":{""0"":8,""1"":12},""fit_groups"":20,""fit_records"":100,""fold"":1,""group_overlap"":0,""validation_group_counts_by_label"":{""0"":12,""1"":7},""validation_groups"":19,""validation_records"":95}]",0
deduplication__hybrid_metadata__multilingual_minilm_l12__xgboost,deduplication,hybrid_metadata,multilingual_minilm_l12,xgboost,4,480,120,96,24,0,37.46682229998987,0.9512458000099286,0.15615219999745023,1.3012683333120851,classifier_pipeline_with_precomputed_embedding,"{""model__learning_rate"":0.05,""model__max_depth"":2,""model__n_estimators"":160}",-0.08771929824561403,"{""curve_points"":2450,""eligible"":true,""negative_threshold"":0.03,""positive_threshold"":0.97,""selected"":{""abstained"":0,""automated_false_negative_rate"":0.0,""automated_false_positive_rate"":0.0,""automation_duplicate_recall"":1.0,""automation_nonduplicate_recall"":1.0,""coverage"":1.0,""covered"":195,""covered_error_rate"":0.0,""false_negative_cost"":5.0,""false_positive_cost"":1.0,""fn"":0,""fp"":0,""negative_predictive_value"":1.0,""negative_threshold"":0.03,""negatives"":100,""positive_threshold"":0.97,""positives"":95,""precision"":1.0,""threshold"":0.97,""tn"":100,""tp"":95,""weighted_covered_error"":0.0}}","{""balance_score"":0.011057692307692268,""calibration_group_counts_by_label"":{""0"":20,""1"":19},""calibration_groups"":39,""calibration_label_counts"":{""0"":100,""1"":95},""calibration_records"":195,""fit_group_counts_by_label"":{""0"":29,""1"":28},""fit_groups"":57,""fit_label_counts"":{""0"":145,""1"":140},""fit_records"":285,""group_overlap"":0}","[{""fit_group_counts_by_label"":{""0"":9,""1"":10},""fit_groups"":19,""fit_records"":95,""fold"":0,""group_overlap"":0,""validation_group_counts_by_label"":{""0"":11,""1"":9},""validation_groups"":20,""validation_records"":100},{""fit_group_counts_by_label"":{""0"":11,""1"":9},""fit_groups"":20,""fit_records"":100,""fold"":1,""group_overlap"":0,""validation_group_counts_by_label"":{""0"":9,""1"":10},""validation_groups"":19,""validation_records"":95}]",0
