representation,query_case_id,expected_reference_case_id,rank,reciprocal_rank,hit_at_1,hit_at_5,hit_at_20
tfidf,DEV-LOCAL-V1-001326,DEV-LOCAL-V1-001325,24,0.041666666666666664,False,False,False
tfidf,DEV-LOCAL-V1-001327,DEV-LOCAL-V1-001325,1,1.0,True,True,True
tfidf,DEV-LOCAL-V1-001328,DEV-LOCAL-V1-001325,14,0.07142857142857142,False,False,True
tfidf,DEV-LOCAL-V1-001329,DEV-LOCAL-V1-001325,3,0.3333333333333333,False,True,True
tfidf,DEV-LOCAL-V1-001330,DEV-LOCAL-V1-001325,1,1.0,True,True,True
tfidf,DEV-LOCAL-V1-001278,DEV-LOCAL-V1-001277,25,0.04,False,False,False
tfidf,DEV-LOCAL-V1-001279,DEV-LOCAL-V1-001277,1,1.0,True,True,True
tfidf,DEV-LOCAL-V1-001280,DEV-LOCAL-V1-001277,25,0.04,False,False,False
tfidf,DEV-LOCAL-V1-001281,DEV-LOCAL-V1-001277,4,0.25,False,True,True
tfidf,DEV-LOCAL-V1-001282,DEV-LOCAL-V1-001277,25,0.04,False,False,False
tfidf,DEV-LOCAL-V1-001026,DEV-LOCAL-V1-001025,5,0.2,False,True,True
tfidf,DEV-LOCAL-V1-001027,DEV-LOCAL-V1-001025,2,0.5,False,True,True
tfidf,DEV-LOCAL-V1-001028,DEV-LOCAL-V1-001025,4,0.25,False,True,True
tfidf,DEV-LOCAL-V1-001029,DEV-LOCAL-V1-001025,2,0.5,False,True,True
tfidf,DEV-LOCAL-V1-001030,DEV-LOCAL-V1-001025,1,1.0,True,True,True
tfidf,DEV-LOCAL-V1-000858,DEV-LOCAL-V1-000857,4,0.25,False,True,True
tfidf,DEV-LOCAL-V1-000859,DEV-LOCAL-V1-000857,1,1.0,True,True,True
tfidf,DEV-LOCAL-V1-000860,DEV-LOCAL-V1-000857,3,0.3333333333333333,False,True,True
tfidf,DEV-LOCAL-V1-000861,DEV-LOCAL-V1-000857,1,1.0,True,True,True
tfidf,DEV-LOCAL-V1-000862,DEV-LOCAL-V1-000857,25,0.04,False,False,False
tfidf,DEV-LOCAL-V1-000942,DEV-LOCAL-V1-000941,1,1.0,True,True,True
tfidf,DEV-LOCAL-V1-000943,DEV-LOCAL-V1-000941,1,1.0,True,True,True
tfidf,DEV-LOCAL-V1-000944,DEV-LOCAL-V1-000941,3,0.3333333333333333,False,True,True
tfidf,DEV-LOCAL-V1-000945,DEV-LOCAL-V1-000941,3,0.3333333333333333,False,True,True
tfidf,DEV-LOCAL-V1-000946,DEV-LOCAL-V1-000941,23,0.043478260869565216,False,False,False
tfidf,DEV-LOCAL-V1-001350,DEV-LOCAL-V1-001349,25,0.04,False,False,False
tfidf,DEV-LOCAL-V1-001351,DEV-LOCAL-V1-001349,1,1.0,True,True,True
tfidf,DEV-LOCAL-V1-001352,DEV-LOCAL-V1-001349,14,0.07142857142857142,False,False,True
tfidf,DEV-LOCAL-V1-001353,DEV-LOCAL-V1-001349,1,1.0,True,True,True
tfidf,DEV-LOCAL-V1-001354,DEV-LOCAL-V1-001349,25,0.04,False,False,False
tfidf,DEV-LOCAL-V1-000702,DEV-LOCAL-V1-000701,1,1.0,True,True,True
tfidf,DEV-LOCAL-V1-000703,DEV-LOCAL-V1-000701,1,1.0,True,True,True
tfidf,DEV-LOCAL-V1-000704,DEV-LOCAL-V1-000701,25,0.04,False,False,False
tfidf,DEV-LOCAL-V1-000705,DEV-LOCAL-V1-000701,4,0.25,False,True,True
tfidf,DEV-LOCAL-V1-000706,DEV-LOCAL-V1-000701,25,0.04,False,False,False
tfidf,DEV-LOCAL-V1-000714,DEV-LOCAL-V1-000713,3,0.3333333333333333,False,True,True
tfidf,DEV-LOCAL-V1-000715,DEV-LOCAL-V1-000713,1,1.0,True,True,True
tfidf,DEV-LOCAL-V1-000716,DEV-LOCAL-V1-000713,1,1.0,True,True,True
tfidf,DEV-LOCAL-V1-000717,DEV-LOCAL-V1-000713,2,0.5,False,True,True
tfidf,DEV-LOCAL-V1-000718,DEV-LOCAL-V1-000713,25,0.04,False,False,False
tfidf,DEV-LOCAL-V1-001122,DEV-LOCAL-V1-001121,1,1.0,True,True,True
tfidf,DEV-LOCAL-V1-001123,DEV-LOCAL-V1-001121,1,1.0,True,True,True
tfidf,DEV-LOCAL-V1-001124,DEV-LOCAL-V1-001121,4,0.25,False,True,True
tfidf,DEV-LOCAL-V1-001125,DEV-LOCAL-V1-001121,1,1.0,True,True,True
tfidf,DEV-LOCAL-V1-001126,DEV-LOCAL-V1-001121,24,0.041666666666666664,False,False,False
tfidf,DEV-LOCAL-V1-000726,DEV-LOCAL-V1-000725,4,0.25,False,True,True
tfidf,DEV-LOCAL-V1-000727,DEV-LOCAL-V1-000725,2,0.5,False,True,True
tfidf,DEV-LOCAL-V1-000728,DEV-LOCAL-V1-000725,3,0.3333333333333333,False,True,True
tfidf,DEV-LOCAL-V1-000729,DEV-LOCAL-V1-000725,3,0.3333333333333333,False,True,True
tfidf,DEV-LOCAL-V1-000730,DEV-LOCAL-V1-000725,1,1.0,True,True,True
tfidf,DEV-LOCAL-V1-000870,DEV-LOCAL-V1-000869,3,0.3333333333333333,False,True,True
tfidf,DEV-LOCAL-V1-000871,DEV-LOCAL-V1-000869,2,0.5,False,True,True
tfidf,DEV-LOCAL-V1-000872,DEV-LOCAL-V1-000869,3,0.3333333333333333,False,True,True
tfidf,DEV-LOCAL-V1-000873,DEV-LOCAL-V1-000869,1,1.0,True,True,True
tfidf,DEV-LOCAL-V1-000874,DEV-LOCAL-V1-000869,25,0.04,False,False,False
tfidf,DEV-LOCAL-V1-001158,DEV-LOCAL-V1-001157,3,0.3333333333333333,False,True,True
tfidf,DEV-LOCAL-V1-001159,DEV-LOCAL-V1-001157,1,1.0,True,True,True
tfidf,DEV-LOCAL-V1-001160,DEV-LOCAL-V1-001157,3,0.3333333333333333,False,True,True
tfidf,DEV-LOCAL-V1-001161,DEV-LOCAL-V1-001157,2,0.5,False,True,True
tfidf,DEV-LOCAL-V1-001162,DEV-LOCAL-V1-001157,12,0.08333333333333333,False,False,True
tfidf,DEV-LOCAL-V1-001134,DEV-LOCAL-V1-001133,25,0.04,False,False,False
tfidf,DEV-LOCAL-V1-001135,DEV-LOCAL-V1-001133,1,1.0,True,True,True
tfidf,DEV-LOCAL-V1-001136,DEV-LOCAL-V1-001133,1,1.0,True,True,True
tfidf,DEV-LOCAL-V1-001137,DEV-LOCAL-V1-001133,3,0.3333333333333333,False,True,True
tfidf,DEV-LOCAL-V1-001138,DEV-LOCAL-V1-001133,25,0.04,False,False,False
tfidf,DEV-LOCAL-V1-000846,DEV-LOCAL-V1-000845,25,0.04,False,False,False
tfidf,DEV-LOCAL-V1-000847,DEV-LOCAL-V1-000845,1,1.0,True,True,True
tfidf,DEV-LOCAL-V1-000848,DEV-LOCAL-V1-000845,25,0.04,False,False,False
tfidf,DEV-LOCAL-V1-000849,DEV-LOCAL-V1-000845,6,0.16666666666666666,False,False,True
tfidf,DEV-LOCAL-V1-000850,DEV-LOCAL-V1-000845,1,1.0,True,True,True
tfidf,DEV-LOCAL-V1-000990,DEV-LOCAL-V1-000989,25,0.04,False,False,False
tfidf,DEV-LOCAL-V1-000991,DEV-LOCAL-V1-000989,1,1.0,True,True,True
tfidf,DEV-LOCAL-V1-000992,DEV-LOCAL-V1-000989,24,0.041666666666666664,False,False,False
tfidf,DEV-LOCAL-V1-000993,DEV-LOCAL-V1-000989,1,1.0,True,True,True
tfidf,DEV-LOCAL-V1-000994,DEV-LOCAL-V1-000989,25,0.04,False,False,False
tfidf,DEV-LOCAL-V1-000798,DEV-LOCAL-V1-000797,3,0.3333333333333333,False,True,True
tfidf,DEV-LOCAL-V1-000799,DEV-LOCAL-V1-000797,1,1.0,True,True,True
tfidf,DEV-LOCAL-V1-000800,DEV-LOCAL-V1-000797,3,0.3333333333333333,False,True,True
tfidf,DEV-LOCAL-V1-000801,DEV-LOCAL-V1-000797,1,1.0,True,True,True
tfidf,DEV-LOCAL-V1-000802,DEV-LOCAL-V1-000797,7,0.14285714285714285,False,False,True
tfidf,DEV-LOCAL-V1-001206,DEV-LOCAL-V1-001205,25,0.04,False,False,False
tfidf,DEV-LOCAL-V1-001207,DEV-LOCAL-V1-001205,1,1.0,True,True,True
tfidf,DEV-LOCAL-V1-001208,DEV-LOCAL-V1-001205,25,0.04,False,False,False
tfidf,DEV-LOCAL-V1-001209,DEV-LOCAL-V1-001205,5,0.2,False,True,True
tfidf,DEV-LOCAL-V1-001210,DEV-LOCAL-V1-001205,1,1.0,True,True,True
tfidf,DEV-LOCAL-V1-001050,DEV-LOCAL-V1-001049,4,0.25,False,True,True
tfidf,DEV-LOCAL-V1-001051,DEV-LOCAL-V1-001049,2,0.5,False,True,True
tfidf,DEV-LOCAL-V1-001052,DEV-LOCAL-V1-001049,4,0.25,False,True,True
tfidf,DEV-LOCAL-V1-001053,DEV-LOCAL-V1-001049,1,1.0,True,True,True
tfidf,DEV-LOCAL-V1-001054,DEV-LOCAL-V1-001049,25,0.04,False,False,False
tfidf,DEV-LOCAL-V1-001002,DEV-LOCAL-V1-001001,1,1.0,True,True,True
tfidf,DEV-LOCAL-V1-001003,DEV-LOCAL-V1-001001,1,1.0,True,True,True
tfidf,DEV-LOCAL-V1-001004,DEV-LOCAL-V1-001001,4,0.25,False,True,True
tfidf,DEV-LOCAL-V1-001005,DEV-LOCAL-V1-001001,2,0.5,False,True,True
tfidf,DEV-LOCAL-V1-001006,DEV-LOCAL-V1-001001,25,0.04,False,False,False
tfidf,DEV-LOCAL-V1-001086,DEV-LOCAL-V1-001085,5,0.2,False,True,True
tfidf,DEV-LOCAL-V1-001087,DEV-LOCAL-V1-001085,2,0.5,False,True,True
tfidf,DEV-LOCAL-V1-001088,DEV-LOCAL-V1-001085,3,0.3333333333333333,False,True,True
tfidf,DEV-LOCAL-V1-001089,DEV-LOCAL-V1-001085,3,0.3333333333333333,False,True,True
tfidf,DEV-LOCAL-V1-001090,DEV-LOCAL-V1-001085,1,1.0,True,True,True
tfidf,DEV-LOCAL-V1-000750,DEV-LOCAL-V1-000749,24,0.041666666666666664,False,False,False
tfidf,DEV-LOCAL-V1-000751,DEV-LOCAL-V1-000749,1,1.0,True,True,True
tfidf,DEV-LOCAL-V1-000752,DEV-LOCAL-V1-000749,7,0.14285714285714285,False,False,True
tfidf,DEV-LOCAL-V1-000753,DEV-LOCAL-V1-000749,1,1.0,True,True,True
tfidf,DEV-LOCAL-V1-000754,DEV-LOCAL-V1-000749,25,0.04,False,False,False
tfidf,DEV-LOCAL-V1-000642,DEV-LOCAL-V1-000641,1,1.0,True,True,True
tfidf,DEV-LOCAL-V1-000643,DEV-LOCAL-V1-000641,2,0.5,False,True,True
tfidf,DEV-LOCAL-V1-000644,DEV-LOCAL-V1-000641,5,0.2,False,True,True
tfidf,DEV-LOCAL-V1-000645,DEV-LOCAL-V1-000641,3,0.3333333333333333,False,True,True
tfidf,DEV-LOCAL-V1-000646,DEV-LOCAL-V1-000641,25,0.04,False,False,False
tfidf,DEV-LOCAL-V1-001290,DEV-LOCAL-V1-001289,3,0.3333333333333333,False,True,True
tfidf,DEV-LOCAL-V1-001291,DEV-LOCAL-V1-001289,1,1.0,True,True,True
tfidf,DEV-LOCAL-V1-001292,DEV-LOCAL-V1-001289,3,0.3333333333333333,False,True,True
tfidf,DEV-LOCAL-V1-001293,DEV-LOCAL-V1-001289,1,1.0,True,True,True
tfidf,DEV-LOCAL-V1-001294,DEV-LOCAL-V1-001289,25,0.04,False,False,False
tfidf,DEV-LOCAL-V1-001254,DEV-LOCAL-V1-001253,24,0.041666666666666664,False,False,False
tfidf,DEV-LOCAL-V1-001255,DEV-LOCAL-V1-001253,2,0.5,False,True,True
tfidf,DEV-LOCAL-V1-001256,DEV-LOCAL-V1-001253,1,1.0,True,True,True
tfidf,DEV-LOCAL-V1-001257,DEV-LOCAL-V1-001253,4,0.25,False,True,True
tfidf,DEV-LOCAL-V1-001258,DEV-LOCAL-V1-001253,25,0.04,False,False,False
tfidf,DEV-LOCAL-V1-001062,DEV-LOCAL-V1-001061,1,1.0,True,True,True
tfidf,DEV-LOCAL-V1-001063,DEV-LOCAL-V1-001061,1,1.0,True,True,True
tfidf,DEV-LOCAL-V1-001064,DEV-LOCAL-V1-001061,25,0.04,False,False,False
tfidf,DEV-LOCAL-V1-001065,DEV-LOCAL-V1-001061,5,0.2,False,True,True
tfidf,DEV-LOCAL-V1-001066,DEV-LOCAL-V1-001061,25,0.04,False,False,False
tfidf,DEV-LOCAL-V1-001266,DEV-LOCAL-V1-001265,4,0.25,False,True,True
tfidf,DEV-LOCAL-V1-001267,DEV-LOCAL-V1-001265,2,0.5,False,True,True
tfidf,DEV-LOCAL-V1-001268,DEV-LOCAL-V1-001265,5,0.2,False,True,True
tfidf,DEV-LOCAL-V1-001269,DEV-LOCAL-V1-001265,2,0.5,False,True,True
tfidf,DEV-LOCAL-V1-001270,DEV-LOCAL-V1-001265,1,1.0,True,True,True
tfidf,DEV-LOCAL-V1-000762,DEV-LOCAL-V1-000761,1,1.0,True,True,True
tfidf,DEV-LOCAL-V1-000763,DEV-LOCAL-V1-000761,2,0.5,False,True,True
tfidf,DEV-LOCAL-V1-000764,DEV-LOCAL-V1-000761,4,0.25,False,True,True
tfidf,DEV-LOCAL-V1-000765,DEV-LOCAL-V1-000761,4,0.25,False,True,True
tfidf,DEV-LOCAL-V1-000766,DEV-LOCAL-V1-000761,25,0.04,False,False,False
tfidf,DEV-LOCAL-V1-000918,DEV-LOCAL-V1-000917,25,0.04,False,False,False
tfidf,DEV-LOCAL-V1-000919,DEV-LOCAL-V1-000917,1,1.0,True,True,True
tfidf,DEV-LOCAL-V1-000920,DEV-LOCAL-V1-000917,20,0.05,False,False,True
tfidf,DEV-LOCAL-V1-000921,DEV-LOCAL-V1-000917,4,0.25,False,True,True
tfidf,DEV-LOCAL-V1-000922,DEV-LOCAL-V1-000917,25,0.04,False,False,False
tfidf,DEV-LOCAL-V1-001038,DEV-LOCAL-V1-001037,10,0.1,False,False,True
tfidf,DEV-LOCAL-V1-001039,DEV-LOCAL-V1-001037,1,1.0,True,True,True
tfidf,DEV-LOCAL-V1-001040,DEV-LOCAL-V1-001037,7,0.14285714285714285,False,False,True
tfidf,DEV-LOCAL-V1-001041,DEV-LOCAL-V1-001037,3,0.3333333333333333,False,True,True
tfidf,DEV-LOCAL-V1-001042,DEV-LOCAL-V1-001037,25,0.04,False,False,False
tfidf,DEV-LOCAL-V1-000978,DEV-LOCAL-V1-000977,1,1.0,True,True,True
tfidf,DEV-LOCAL-V1-000979,DEV-LOCAL-V1-000977,1,1.0,True,True,True
tfidf,DEV-LOCAL-V1-000980,DEV-LOCAL-V1-000977,1,1.0,True,True,True
tfidf,DEV-LOCAL-V1-000981,DEV-LOCAL-V1-000977,2,0.5,False,True,True
tfidf,DEV-LOCAL-V1-000982,DEV-LOCAL-V1-000977,9,0.1111111111111111,False,False,True
tfidf,DEV-LOCAL-V1-000786,DEV-LOCAL-V1-000785,4,0.25,False,True,True
tfidf,DEV-LOCAL-V1-000787,DEV-LOCAL-V1-000785,1,1.0,True,True,True
tfidf,DEV-LOCAL-V1-000788,DEV-LOCAL-V1-000785,3,0.3333333333333333,False,True,True
tfidf,DEV-LOCAL-V1-000789,DEV-LOCAL-V1-000785,2,0.5,False,True,True
tfidf,DEV-LOCAL-V1-000790,DEV-LOCAL-V1-000785,1,1.0,True,True,True
tfidf,DEV-LOCAL-V1-000894,DEV-LOCAL-V1-000893,20,0.05,False,False,True
tfidf,DEV-LOCAL-V1-000895,DEV-LOCAL-V1-000893,1,1.0,True,True,True
tfidf,DEV-LOCAL-V1-000896,DEV-LOCAL-V1-000893,1,1.0,True,True,True
tfidf,DEV-LOCAL-V1-000897,DEV-LOCAL-V1-000893,2,0.5,False,True,True
tfidf,DEV-LOCAL-V1-000898,DEV-LOCAL-V1-000893,25,0.04,False,False,False
tfidf,DEV-LOCAL-V1-001074,DEV-LOCAL-V1-001073,4,0.25,False,True,True
tfidf,DEV-LOCAL-V1-001075,DEV-LOCAL-V1-001073,1,1.0,True,True,True
tfidf,DEV-LOCAL-V1-001076,DEV-LOCAL-V1-001073,1,1.0,True,True,True
tfidf,DEV-LOCAL-V1-001077,DEV-LOCAL-V1-001073,1,1.0,True,True,True
tfidf,DEV-LOCAL-V1-001078,DEV-LOCAL-V1-001073,25,0.04,False,False,False
tfidf,DEV-LOCAL-V1-001098,DEV-LOCAL-V1-001097,3,0.3333333333333333,False,True,True
tfidf,DEV-LOCAL-V1-001099,DEV-LOCAL-V1-001097,1,1.0,True,True,True
tfidf,DEV-LOCAL-V1-001100,DEV-LOCAL-V1-001097,3,0.3333333333333333,False,True,True
tfidf,DEV-LOCAL-V1-001101,DEV-LOCAL-V1-001097,2,0.5,False,True,True
tfidf,DEV-LOCAL-V1-001102,DEV-LOCAL-V1-001097,21,0.047619047619047616,False,False,False
tfidf,DEV-LOCAL-V1-000738,DEV-LOCAL-V1-000737,3,0.3333333333333333,False,True,True
tfidf,DEV-LOCAL-V1-000739,DEV-LOCAL-V1-000737,1,1.0,True,True,True
tfidf,DEV-LOCAL-V1-000740,DEV-LOCAL-V1-000737,3,0.3333333333333333,False,True,True
tfidf,DEV-LOCAL-V1-000741,DEV-LOCAL-V1-000737,1,1.0,True,True,True
tfidf,DEV-LOCAL-V1-000742,DEV-LOCAL-V1-000737,20,0.05,False,False,True
tfidf,DEV-LOCAL-V1-001302,DEV-LOCAL-V1-001301,1,1.0,True,True,True
tfidf,DEV-LOCAL-V1-001303,DEV-LOCAL-V1-001301,1,1.0,True,True,True
tfidf,DEV-LOCAL-V1-001304,DEV-LOCAL-V1-001301,3,0.3333333333333333,False,True,True
tfidf,DEV-LOCAL-V1-001305,DEV-LOCAL-V1-001301,3,0.3333333333333333,False,True,True
tfidf,DEV-LOCAL-V1-001306,DEV-LOCAL-V1-001301,21,0.047619047619047616,False,False,False
tfidf,DEV-LOCAL-V1-001218,DEV-LOCAL-V1-001217,3,0.3333333333333333,False,True,True
tfidf,DEV-LOCAL-V1-001219,DEV-LOCAL-V1-001217,1,1.0,True,True,True
tfidf,DEV-LOCAL-V1-001220,DEV-LOCAL-V1-001217,2,0.5,False,True,True
tfidf,DEV-LOCAL-V1-001221,DEV-LOCAL-V1-001217,2,0.5,False,True,True
tfidf,DEV-LOCAL-V1-001222,DEV-LOCAL-V1-001217,25,0.04,False,False,False
tfidf,DEV-LOCAL-V1-001194,DEV-LOCAL-V1-001193,4,0.25,False,True,True
tfidf,DEV-LOCAL-V1-001195,DEV-LOCAL-V1-001193,1,1.0,True,True,True
tfidf,DEV-LOCAL-V1-001196,DEV-LOCAL-V1-001193,1,1.0,True,True,True
tfidf,DEV-LOCAL-V1-001197,DEV-LOCAL-V1-001193,1,1.0,True,True,True
tfidf,DEV-LOCAL-V1-001198,DEV-LOCAL-V1-001193,23,0.043478260869565216,False,False,False
tfidf,DEV-LOCAL-V1-000834,DEV-LOCAL-V1-000833,4,0.25,False,True,True
tfidf,DEV-LOCAL-V1-000835,DEV-LOCAL-V1-000833,1,1.0,True,True,True
tfidf,DEV-LOCAL-V1-000836,DEV-LOCAL-V1-000833,1,1.0,True,True,True
tfidf,DEV-LOCAL-V1-000837,DEV-LOCAL-V1-000833,1,1.0,True,True,True
tfidf,DEV-LOCAL-V1-000838,DEV-LOCAL-V1-000833,24,0.041666666666666664,False,False,False
tfidf,DEV-LOCAL-V1-000666,DEV-LOCAL-V1-000665,6,0.16666666666666666,False,False,True
tfidf,DEV-LOCAL-V1-000667,DEV-LOCAL-V1-000665,1,1.0,True,True,True
tfidf,DEV-LOCAL-V1-000668,DEV-LOCAL-V1-000665,4,0.25,False,True,True
tfidf,DEV-LOCAL-V1-000669,DEV-LOCAL-V1-000665,3,0.3333333333333333,False,True,True
tfidf,DEV-LOCAL-V1-000670,DEV-LOCAL-V1-000665,1,1.0,True,True,True
tfidf,DEV-LOCAL-V1-001338,DEV-LOCAL-V1-001337,3,0.3333333333333333,False,True,True
tfidf,DEV-LOCAL-V1-001339,DEV-LOCAL-V1-001337,1,1.0,True,True,True
tfidf,DEV-LOCAL-V1-001340,DEV-LOCAL-V1-001337,3,0.3333333333333333,False,True,True
tfidf,DEV-LOCAL-V1-001341,DEV-LOCAL-V1-001337,2,0.5,False,True,True
tfidf,DEV-LOCAL-V1-001342,DEV-LOCAL-V1-001337,24,0.041666666666666664,False,False,False
tfidf,DEV-LOCAL-V1-001110,DEV-LOCAL-V1-001109,19,0.05263157894736842,False,False,True
tfidf,DEV-LOCAL-V1-001111,DEV-LOCAL-V1-001109,1,1.0,True,True,True
tfidf,DEV-LOCAL-V1-001112,DEV-LOCAL-V1-001109,4,0.25,False,True,True
tfidf,DEV-LOCAL-V1-001113,DEV-LOCAL-V1-001109,1,1.0,True,True,True
tfidf,DEV-LOCAL-V1-001114,DEV-LOCAL-V1-001109,25,0.04,False,False,False
tfidf,DEV-LOCAL-V1-000774,DEV-LOCAL-V1-000773,25,0.04,False,False,False
tfidf,DEV-LOCAL-V1-000775,DEV-LOCAL-V1-000773,1,1.0,True,True,True
tfidf,DEV-LOCAL-V1-000776,DEV-LOCAL-V1-000773,1,1.0,True,True,True
tfidf,DEV-LOCAL-V1-000777,DEV-LOCAL-V1-000773,3,0.3333333333333333,False,True,True
tfidf,DEV-LOCAL-V1-000778,DEV-LOCAL-V1-000773,25,0.04,False,False,False
tfidf,DEV-LOCAL-V1-000654,DEV-LOCAL-V1-000653,3,0.3333333333333333,False,True,True
tfidf,DEV-LOCAL-V1-000655,DEV-LOCAL-V1-000653,1,1.0,True,True,True
tfidf,DEV-LOCAL-V1-000656,DEV-LOCAL-V1-000653,1,1.0,True,True,True
tfidf,DEV-LOCAL-V1-000657,DEV-LOCAL-V1-000653,3,0.3333333333333333,False,True,True
tfidf,DEV-LOCAL-V1-000658,DEV-LOCAL-V1-000653,24,0.041666666666666664,False,False,False
tfidf,DEV-LOCAL-V1-001230,DEV-LOCAL-V1-001229,3,0.3333333333333333,False,True,True
tfidf,DEV-LOCAL-V1-001231,DEV-LOCAL-V1-001229,1,1.0,True,True,True
tfidf,DEV-LOCAL-V1-001232,DEV-LOCAL-V1-001229,3,0.3333333333333333,False,True,True
tfidf,DEV-LOCAL-V1-001233,DEV-LOCAL-V1-001229,1,1.0,True,True,True
tfidf,DEV-LOCAL-V1-001234,DEV-LOCAL-V1-001229,23,0.043478260869565216,False,False,False
tfidf,DEV-LOCAL-V1-000822,DEV-LOCAL-V1-000821,1,1.0,True,True,True
tfidf,DEV-LOCAL-V1-000823,DEV-LOCAL-V1-000821,1,1.0,True,True,True
tfidf,DEV-LOCAL-V1-000824,DEV-LOCAL-V1-000821,5,0.2,False,True,True
tfidf,DEV-LOCAL-V1-000825,DEV-LOCAL-V1-000821,2,0.5,False,True,True
tfidf,DEV-LOCAL-V1-000826,DEV-LOCAL-V1-000821,25,0.04,False,False,False
tfidf,DEV-LOCAL-V1-001242,DEV-LOCAL-V1-001241,1,1.0,True,True,True
tfidf,DEV-LOCAL-V1-001243,DEV-LOCAL-V1-001241,1,1.0,True,True,True
tfidf,DEV-LOCAL-V1-001244,DEV-LOCAL-V1-001241,3,0.3333333333333333,False,True,True
tfidf,DEV-LOCAL-V1-001245,DEV-LOCAL-V1-001241,2,0.5,False,True,True
tfidf,DEV-LOCAL-V1-001246,DEV-LOCAL-V1-001241,25,0.04,False,False,False
tfidf,DEV-LOCAL-V1-001314,DEV-LOCAL-V1-001313,6,0.16666666666666666,False,False,True
tfidf,DEV-LOCAL-V1-001315,DEV-LOCAL-V1-001313,2,0.5,False,True,True
tfidf,DEV-LOCAL-V1-001316,DEV-LOCAL-V1-001313,1,1.0,True,True,True
tfidf,DEV-LOCAL-V1-001317,DEV-LOCAL-V1-001313,1,1.0,True,True,True
tfidf,DEV-LOCAL-V1-001318,DEV-LOCAL-V1-001313,25,0.04,False,False,False
tfidf,DEV-LOCAL-V1-000906,DEV-LOCAL-V1-000905,4,0.25,False,True,True
tfidf,DEV-LOCAL-V1-000907,DEV-LOCAL-V1-000905,1,1.0,True,True,True
tfidf,DEV-LOCAL-V1-000908,DEV-LOCAL-V1-000905,4,0.25,False,True,True
tfidf,DEV-LOCAL-V1-000909,DEV-LOCAL-V1-000905,3,0.3333333333333333,False,True,True
tfidf,DEV-LOCAL-V1-000910,DEV-LOCAL-V1-000905,1,1.0,True,True,True
tfidf,DEV-LOCAL-V1-001146,DEV-LOCAL-V1-001145,10,0.1,False,False,True
tfidf,DEV-LOCAL-V1-001147,DEV-LOCAL-V1-001145,2,0.5,False,True,True
tfidf,DEV-LOCAL-V1-001148,DEV-LOCAL-V1-001145,5,0.2,False,True,True
tfidf,DEV-LOCAL-V1-001149,DEV-LOCAL-V1-001145,3,0.3333333333333333,False,True,True
tfidf,DEV-LOCAL-V1-001150,DEV-LOCAL-V1-001145,1,1.0,True,True,True
tfidf,DEV-LOCAL-V1-000690,DEV-LOCAL-V1-000689,4,0.25,False,True,True
tfidf,DEV-LOCAL-V1-000691,DEV-LOCAL-V1-000689,2,0.5,False,True,True
tfidf,DEV-LOCAL-V1-000692,DEV-LOCAL-V1-000689,2,0.5,False,True,True
tfidf,DEV-LOCAL-V1-000693,DEV-LOCAL-V1-000689,1,1.0,True,True,True
tfidf,DEV-LOCAL-V1-000694,DEV-LOCAL-V1-000689,24,0.041666666666666664,False,False,False
tfidf,DEV-LOCAL-V1-000882,DEV-LOCAL-V1-000881,1,1.0,True,True,True
tfidf,DEV-LOCAL-V1-000883,DEV-LOCAL-V1-000881,1,1.0,True,True,True
tfidf,DEV-LOCAL-V1-000884,DEV-LOCAL-V1-000881,4,0.25,False,True,True
tfidf,DEV-LOCAL-V1-000885,DEV-LOCAL-V1-000881,2,0.5,False,True,True
tfidf,DEV-LOCAL-V1-000886,DEV-LOCAL-V1-000881,25,0.04,False,False,False
tfidf,DEV-LOCAL-V1-000966,DEV-LOCAL-V1-000965,20,0.05,False,False,True
tfidf,DEV-LOCAL-V1-000967,DEV-LOCAL-V1-000965,1,1.0,True,True,True
tfidf,DEV-LOCAL-V1-000968,DEV-LOCAL-V1-000965,11,0.09090909090909091,False,False,True
tfidf,DEV-LOCAL-V1-000969,DEV-LOCAL-V1-000965,3,0.3333333333333333,False,True,True
tfidf,DEV-LOCAL-V1-000970,DEV-LOCAL-V1-000965,1,1.0,True,True,True
tfidf,DEV-LOCAL-V1-000954,DEV-LOCAL-V1-000953,7,0.14285714285714285,False,False,True
tfidf,DEV-LOCAL-V1-000955,DEV-LOCAL-V1-000953,1,1.0,True,True,True
tfidf,DEV-LOCAL-V1-000956,DEV-LOCAL-V1-000953,1,1.0,True,True,True
tfidf,DEV-LOCAL-V1-000957,DEV-LOCAL-V1-000953,2,0.5,False,True,True
tfidf,DEV-LOCAL-V1-000958,DEV-LOCAL-V1-000953,25,0.04,False,False,False
tfidf,DEV-LOCAL-V1-000930,DEV-LOCAL-V1-000929,4,0.25,False,True,True
tfidf,DEV-LOCAL-V1-000931,DEV-LOCAL-V1-000929,1,1.0,True,True,True
tfidf,DEV-LOCAL-V1-000932,DEV-LOCAL-V1-000929,3,0.3333333333333333,False,True,True
tfidf,DEV-LOCAL-V1-000933,DEV-LOCAL-V1-000929,1,1.0,True,True,True
tfidf,DEV-LOCAL-V1-000934,DEV-LOCAL-V1-000929,25,0.04,False,False,False
tfidf,DEV-LOCAL-V1-001014,DEV-LOCAL-V1-001013,3,0.3333333333333333,False,True,True
tfidf,DEV-LOCAL-V1-001015,DEV-LOCAL-V1-001013,1,1.0,True,True,True
tfidf,DEV-LOCAL-V1-001016,DEV-LOCAL-V1-001013,1,1.0,True,True,True
tfidf,DEV-LOCAL-V1-001017,DEV-LOCAL-V1-001013,2,0.5,False,True,True
tfidf,DEV-LOCAL-V1-001018,DEV-LOCAL-V1-001013,21,0.047619047619047616,False,False,False
tfidf,DEV-LOCAL-V1-000810,DEV-LOCAL-V1-000809,4,0.25,False,True,True
tfidf,DEV-LOCAL-V1-000811,DEV-LOCAL-V1-000809,1,1.0,True,True,True
tfidf,DEV-LOCAL-V1-000812,DEV-LOCAL-V1-000809,3,0.3333333333333333,False,True,True
tfidf,DEV-LOCAL-V1-000813,DEV-LOCAL-V1-000809,1,1.0,True,True,True
tfidf,DEV-LOCAL-V1-000814,DEV-LOCAL-V1-000809,25,0.04,False,False,False
tfidf,DEV-LOCAL-V1-001170,DEV-LOCAL-V1-001169,3,0.3333333333333333,False,True,True
tfidf,DEV-LOCAL-V1-001171,DEV-LOCAL-V1-001169,1,1.0,True,True,True
tfidf,DEV-LOCAL-V1-001172,DEV-LOCAL-V1-001169,3,0.3333333333333333,False,True,True
tfidf,DEV-LOCAL-V1-001173,DEV-LOCAL-V1-001169,1,1.0,True,True,True
tfidf,DEV-LOCAL-V1-001174,DEV-LOCAL-V1-001169,24,0.041666666666666664,False,False,False
tfidf,DEV-LOCAL-V1-000678,DEV-LOCAL-V1-000677,15,0.06666666666666667,False,False,True
tfidf,DEV-LOCAL-V1-000679,DEV-LOCAL-V1-000677,1,1.0,True,True,True
tfidf,DEV-LOCAL-V1-000680,DEV-LOCAL-V1-000677,8,0.125,False,False,True
tfidf,DEV-LOCAL-V1-000681,DEV-LOCAL-V1-000677,3,0.3333333333333333,False,True,True
tfidf,DEV-LOCAL-V1-000682,DEV-LOCAL-V1-000677,25,0.04,False,False,False
tfidf,DEV-LOCAL-V1-001182,DEV-LOCAL-V1-001181,1,1.0,True,True,True
tfidf,DEV-LOCAL-V1-001183,DEV-LOCAL-V1-001181,1,1.0,True,True,True
tfidf,DEV-LOCAL-V1-001184,DEV-LOCAL-V1-001181,3,0.3333333333333333,False,True,True
tfidf,DEV-LOCAL-V1-001185,DEV-LOCAL-V1-001181,3,0.3333333333333333,False,True,True
tfidf,DEV-LOCAL-V1-001186,DEV-LOCAL-V1-001181,25,0.04,False,False,False
granite97m,DEV-LOCAL-V1-001326,DEV-LOCAL-V1-001325,7,0.14285714285714285,False,False,True
granite97m,DEV-LOCAL-V1-001327,DEV-LOCAL-V1-001325,4,0.25,False,True,True
granite97m,DEV-LOCAL-V1-001328,DEV-LOCAL-V1-001325,5,0.2,False,True,True
granite97m,DEV-LOCAL-V1-001329,DEV-LOCAL-V1-001325,3,0.3333333333333333,False,True,True
granite97m,DEV-LOCAL-V1-001330,DEV-LOCAL-V1-001325,1,1.0,True,True,True
granite97m,DEV-LOCAL-V1-001278,DEV-LOCAL-V1-001277,5,0.2,False,True,True
granite97m,DEV-LOCAL-V1-001279,DEV-LOCAL-V1-001277,3,0.3333333333333333,False,True,True
granite97m,DEV-LOCAL-V1-001280,DEV-LOCAL-V1-001277,7,0.14285714285714285,False,False,True
granite97m,DEV-LOCAL-V1-001281,DEV-LOCAL-V1-001277,5,0.2,False,True,True
granite97m,DEV-LOCAL-V1-001282,DEV-LOCAL-V1-001277,21,0.047619047619047616,False,False,False
granite97m,DEV-LOCAL-V1-001026,DEV-LOCAL-V1-001025,1,1.0,True,True,True
granite97m,DEV-LOCAL-V1-001027,DEV-LOCAL-V1-001025,2,0.5,False,True,True
granite97m,DEV-LOCAL-V1-001028,DEV-LOCAL-V1-001025,2,0.5,False,True,True
granite97m,DEV-LOCAL-V1-001029,DEV-LOCAL-V1-001025,1,1.0,True,True,True
granite97m,DEV-LOCAL-V1-001030,DEV-LOCAL-V1-001025,1,1.0,True,True,True
granite97m,DEV-LOCAL-V1-000858,DEV-LOCAL-V1-000857,3,0.3333333333333333,False,True,True
granite97m,DEV-LOCAL-V1-000859,DEV-LOCAL-V1-000857,1,1.0,True,True,True
granite97m,DEV-LOCAL-V1-000860,DEV-LOCAL-V1-000857,1,1.0,True,True,True
granite97m,DEV-LOCAL-V1-000861,DEV-LOCAL-V1-000857,1,1.0,True,True,True
granite97m,DEV-LOCAL-V1-000862,DEV-LOCAL-V1-000857,6,0.16666666666666666,False,False,True
granite97m,DEV-LOCAL-V1-000942,DEV-LOCAL-V1-000941,1,1.0,True,True,True
granite97m,DEV-LOCAL-V1-000943,DEV-LOCAL-V1-000941,4,0.25,False,True,True
granite97m,DEV-LOCAL-V1-000944,DEV-LOCAL-V1-000941,4,0.25,False,True,True
granite97m,DEV-LOCAL-V1-000945,DEV-LOCAL-V1-000941,4,0.25,False,True,True
granite97m,DEV-LOCAL-V1-000946,DEV-LOCAL-V1-000941,8,0.125,False,False,True
granite97m,DEV-LOCAL-V1-001350,DEV-LOCAL-V1-001349,4,0.25,False,True,True
granite97m,DEV-LOCAL-V1-001351,DEV-LOCAL-V1-001349,6,0.16666666666666666,False,False,True
granite97m,DEV-LOCAL-V1-001352,DEV-LOCAL-V1-001349,16,0.0625,False,False,True
granite97m,DEV-LOCAL-V1-001353,DEV-LOCAL-V1-001349,3,0.3333333333333333,False,True,True
granite97m,DEV-LOCAL-V1-001354,DEV-LOCAL-V1-001349,15,0.06666666666666667,False,False,True
granite97m,DEV-LOCAL-V1-000702,DEV-LOCAL-V1-000701,1,1.0,True,True,True
granite97m,DEV-LOCAL-V1-000703,DEV-LOCAL-V1-000701,1,1.0,True,True,True
granite97m,DEV-LOCAL-V1-000704,DEV-LOCAL-V1-000701,3,0.3333333333333333,False,True,True
granite97m,DEV-LOCAL-V1-000705,DEV-LOCAL-V1-000701,1,1.0,True,True,True
granite97m,DEV-LOCAL-V1-000706,DEV-LOCAL-V1-000701,3,0.3333333333333333,False,True,True
granite97m,DEV-LOCAL-V1-000714,DEV-LOCAL-V1-000713,6,0.16666666666666666,False,False,True
granite97m,DEV-LOCAL-V1-000715,DEV-LOCAL-V1-000713,2,0.5,False,True,True
granite97m,DEV-LOCAL-V1-000716,DEV-LOCAL-V1-000713,1,1.0,True,True,True
granite97m,DEV-LOCAL-V1-000717,DEV-LOCAL-V1-000713,4,0.25,False,True,True
granite97m,DEV-LOCAL-V1-000718,DEV-LOCAL-V1-000713,11,0.09090909090909091,False,False,True
granite97m,DEV-LOCAL-V1-001122,DEV-LOCAL-V1-001121,1,1.0,True,True,True
granite97m,DEV-LOCAL-V1-001123,DEV-LOCAL-V1-001121,2,0.5,False,True,True
granite97m,DEV-LOCAL-V1-001124,DEV-LOCAL-V1-001121,6,0.16666666666666666,False,False,True
granite97m,DEV-LOCAL-V1-001125,DEV-LOCAL-V1-001121,2,0.5,False,True,True
granite97m,DEV-LOCAL-V1-001126,DEV-LOCAL-V1-001121,21,0.047619047619047616,False,False,False
granite97m,DEV-LOCAL-V1-000726,DEV-LOCAL-V1-000725,4,0.25,False,True,True
granite97m,DEV-LOCAL-V1-000727,DEV-LOCAL-V1-000725,8,0.125,False,False,True
granite97m,DEV-LOCAL-V1-000728,DEV-LOCAL-V1-000725,5,0.2,False,True,True
granite97m,DEV-LOCAL-V1-000729,DEV-LOCAL-V1-000725,4,0.25,False,True,True
granite97m,DEV-LOCAL-V1-000730,DEV-LOCAL-V1-000725,1,1.0,True,True,True
granite97m,DEV-LOCAL-V1-000870,DEV-LOCAL-V1-000869,3,0.3333333333333333,False,True,True
granite97m,DEV-LOCAL-V1-000871,DEV-LOCAL-V1-000869,2,0.5,False,True,True
granite97m,DEV-LOCAL-V1-000872,DEV-LOCAL-V1-000869,2,0.5,False,True,True
granite97m,DEV-LOCAL-V1-000873,DEV-LOCAL-V1-000869,1,1.0,True,True,True
granite97m,DEV-LOCAL-V1-000874,DEV-LOCAL-V1-000869,5,0.2,False,True,True
granite97m,DEV-LOCAL-V1-001158,DEV-LOCAL-V1-001157,8,0.125,False,False,True
granite97m,DEV-LOCAL-V1-001159,DEV-LOCAL-V1-001157,1,1.0,True,True,True
granite97m,DEV-LOCAL-V1-001160,DEV-LOCAL-V1-001157,5,0.2,False,True,True
granite97m,DEV-LOCAL-V1-001161,DEV-LOCAL-V1-001157,6,0.16666666666666666,False,False,True
granite97m,DEV-LOCAL-V1-001162,DEV-LOCAL-V1-001157,15,0.06666666666666667,False,False,True
granite97m,DEV-LOCAL-V1-001134,DEV-LOCAL-V1-001133,7,0.14285714285714285,False,False,True
granite97m,DEV-LOCAL-V1-001135,DEV-LOCAL-V1-001133,4,0.25,False,True,True
granite97m,DEV-LOCAL-V1-001136,DEV-LOCAL-V1-001133,1,1.0,True,True,True
granite97m,DEV-LOCAL-V1-001137,DEV-LOCAL-V1-001133,6,0.16666666666666666,False,False,True
granite97m,DEV-LOCAL-V1-001138,DEV-LOCAL-V1-001133,26,0.038461538461538464,False,False,False
granite97m,DEV-LOCAL-V1-000846,DEV-LOCAL-V1-000845,7,0.14285714285714285,False,False,True
granite97m,DEV-LOCAL-V1-000847,DEV-LOCAL-V1-000845,8,0.125,False,False,True
granite97m,DEV-LOCAL-V1-000848,DEV-LOCAL-V1-000845,23,0.043478260869565216,False,False,False
granite97m,DEV-LOCAL-V1-000849,DEV-LOCAL-V1-000845,6,0.16666666666666666,False,False,True
granite97m,DEV-LOCAL-V1-000850,DEV-LOCAL-V1-000845,1,1.0,True,True,True
granite97m,DEV-LOCAL-V1-000990,DEV-LOCAL-V1-000989,6,0.16666666666666666,False,False,True
granite97m,DEV-LOCAL-V1-000991,DEV-LOCAL-V1-000989,6,0.16666666666666666,False,False,True
granite97m,DEV-LOCAL-V1-000992,DEV-LOCAL-V1-000989,12,0.08333333333333333,False,False,True
granite97m,DEV-LOCAL-V1-000993,DEV-LOCAL-V1-000989,3,0.3333333333333333,False,True,True
granite97m,DEV-LOCAL-V1-000994,DEV-LOCAL-V1-000989,5,0.2,False,True,True
granite97m,DEV-LOCAL-V1-000798,DEV-LOCAL-V1-000797,6,0.16666666666666666,False,False,True
granite97m,DEV-LOCAL-V1-000799,DEV-LOCAL-V1-000797,1,1.0,True,True,True
granite97m,DEV-LOCAL-V1-000800,DEV-LOCAL-V1-000797,4,0.25,False,True,True
granite97m,DEV-LOCAL-V1-000801,DEV-LOCAL-V1-000797,3,0.3333333333333333,False,True,True
granite97m,DEV-LOCAL-V1-000802,DEV-LOCAL-V1-000797,15,0.06666666666666667,False,False,True
granite97m,DEV-LOCAL-V1-001206,DEV-LOCAL-V1-001205,10,0.1,False,False,True
granite97m,DEV-LOCAL-V1-001207,DEV-LOCAL-V1-001205,10,0.1,False,False,True
granite97m,DEV-LOCAL-V1-001208,DEV-LOCAL-V1-001205,29,0.034482758620689655,False,False,False
granite97m,DEV-LOCAL-V1-001209,DEV-LOCAL-V1-001205,9,0.1111111111111111,False,False,True
granite97m,DEV-LOCAL-V1-001210,DEV-LOCAL-V1-001205,2,0.5,False,True,True
granite97m,DEV-LOCAL-V1-001050,DEV-LOCAL-V1-001049,3,0.3333333333333333,False,True,True
granite97m,DEV-LOCAL-V1-001051,DEV-LOCAL-V1-001049,2,0.5,False,True,True
granite97m,DEV-LOCAL-V1-001052,DEV-LOCAL-V1-001049,2,0.5,False,True,True
granite97m,DEV-LOCAL-V1-001053,DEV-LOCAL-V1-001049,2,0.5,False,True,True
granite97m,DEV-LOCAL-V1-001054,DEV-LOCAL-V1-001049,14,0.07142857142857142,False,False,True
granite97m,DEV-LOCAL-V1-001002,DEV-LOCAL-V1-001001,1,1.0,True,True,True
granite97m,DEV-LOCAL-V1-001003,DEV-LOCAL-V1-001001,7,0.14285714285714285,False,False,True
granite97m,DEV-LOCAL-V1-001004,DEV-LOCAL-V1-001001,5,0.2,False,True,True
granite97m,DEV-LOCAL-V1-001005,DEV-LOCAL-V1-001001,4,0.25,False,True,True
granite97m,DEV-LOCAL-V1-001006,DEV-LOCAL-V1-001001,6,0.16666666666666666,False,False,True
granite97m,DEV-LOCAL-V1-001086,DEV-LOCAL-V1-001085,5,0.2,False,True,True
granite97m,DEV-LOCAL-V1-001087,DEV-LOCAL-V1-001085,7,0.14285714285714285,False,False,True
granite97m,DEV-LOCAL-V1-001088,DEV-LOCAL-V1-001085,6,0.16666666666666666,False,False,True
granite97m,DEV-LOCAL-V1-001089,DEV-LOCAL-V1-001085,3,0.3333333333333333,False,True,True
granite97m,DEV-LOCAL-V1-001090,DEV-LOCAL-V1-001085,1,1.0,True,True,True
granite97m,DEV-LOCAL-V1-000750,DEV-LOCAL-V1-000749,15,0.06666666666666667,False,False,True
granite97m,DEV-LOCAL-V1-000751,DEV-LOCAL-V1-000749,3,0.3333333333333333,False,True,True
granite97m,DEV-LOCAL-V1-000752,DEV-LOCAL-V1-000749,6,0.16666666666666666,False,False,True
granite97m,DEV-LOCAL-V1-000753,DEV-LOCAL-V1-000749,2,0.5,False,True,True
granite97m,DEV-LOCAL-V1-000754,DEV-LOCAL-V1-000749,25,0.04,False,False,False
granite97m,DEV-LOCAL-V1-000642,DEV-LOCAL-V1-000641,1,1.0,True,True,True
granite97m,DEV-LOCAL-V1-000643,DEV-LOCAL-V1-000641,4,0.25,False,True,True
granite97m,DEV-LOCAL-V1-000644,DEV-LOCAL-V1-000641,5,0.2,False,True,True
granite97m,DEV-LOCAL-V1-000645,DEV-LOCAL-V1-000641,4,0.25,False,True,True
granite97m,DEV-LOCAL-V1-000646,DEV-LOCAL-V1-000641,5,0.2,False,True,True
granite97m,DEV-LOCAL-V1-001290,DEV-LOCAL-V1-001289,3,0.3333333333333333,False,True,True
granite97m,DEV-LOCAL-V1-001291,DEV-LOCAL-V1-001289,5,0.2,False,True,True
granite97m,DEV-LOCAL-V1-001292,DEV-LOCAL-V1-001289,3,0.3333333333333333,False,True,True
granite97m,DEV-LOCAL-V1-001293,DEV-LOCAL-V1-001289,1,1.0,True,True,True
granite97m,DEV-LOCAL-V1-001294,DEV-LOCAL-V1-001289,6,0.16666666666666666,False,False,True
granite97m,DEV-LOCAL-V1-001254,DEV-LOCAL-V1-001253,10,0.1,False,False,True
granite97m,DEV-LOCAL-V1-001255,DEV-LOCAL-V1-001253,3,0.3333333333333333,False,True,True
granite97m,DEV-LOCAL-V1-001256,DEV-LOCAL-V1-001253,1,1.0,True,True,True
granite97m,DEV-LOCAL-V1-001257,DEV-LOCAL-V1-001253,5,0.2,False,True,True
granite97m,DEV-LOCAL-V1-001258,DEV-LOCAL-V1-001253,26,0.038461538461538464,False,False,False
granite97m,DEV-LOCAL-V1-001062,DEV-LOCAL-V1-001061,2,0.5,False,True,True
granite97m,DEV-LOCAL-V1-001063,DEV-LOCAL-V1-001061,2,0.5,False,True,True
granite97m,DEV-LOCAL-V1-001064,DEV-LOCAL-V1-001061,5,0.2,False,True,True
granite97m,DEV-LOCAL-V1-001065,DEV-LOCAL-V1-001061,2,0.5,False,True,True
granite97m,DEV-LOCAL-V1-001066,DEV-LOCAL-V1-001061,11,0.09090909090909091,False,False,True
granite97m,DEV-LOCAL-V1-001266,DEV-LOCAL-V1-001265,9,0.1111111111111111,False,False,True
granite97m,DEV-LOCAL-V1-001267,DEV-LOCAL-V1-001265,8,0.125,False,False,True
granite97m,DEV-LOCAL-V1-001268,DEV-LOCAL-V1-001265,5,0.2,False,True,True
granite97m,DEV-LOCAL-V1-001269,DEV-LOCAL-V1-001265,7,0.14285714285714285,False,False,True
granite97m,DEV-LOCAL-V1-001270,DEV-LOCAL-V1-001265,1,1.0,True,True,True
granite97m,DEV-LOCAL-V1-000762,DEV-LOCAL-V1-000761,1,1.0,True,True,True
granite97m,DEV-LOCAL-V1-000763,DEV-LOCAL-V1-000761,3,0.3333333333333333,False,True,True
granite97m,DEV-LOCAL-V1-000764,DEV-LOCAL-V1-000761,6,0.16666666666666666,False,False,True
granite97m,DEV-LOCAL-V1-000765,DEV-LOCAL-V1-000761,3,0.3333333333333333,False,True,True
granite97m,DEV-LOCAL-V1-000766,DEV-LOCAL-V1-000761,18,0.05555555555555555,False,False,True
granite97m,DEV-LOCAL-V1-000918,DEV-LOCAL-V1-000917,11,0.09090909090909091,False,False,True
granite97m,DEV-LOCAL-V1-000919,DEV-LOCAL-V1-000917,8,0.125,False,False,True
granite97m,DEV-LOCAL-V1-000920,DEV-LOCAL-V1-000917,11,0.09090909090909091,False,False,True
granite97m,DEV-LOCAL-V1-000921,DEV-LOCAL-V1-000917,9,0.1111111111111111,False,False,True
granite97m,DEV-LOCAL-V1-000922,DEV-LOCAL-V1-000917,31,0.03225806451612903,False,False,False
granite97m,DEV-LOCAL-V1-001038,DEV-LOCAL-V1-001037,31,0.03225806451612903,False,False,False
granite97m,DEV-LOCAL-V1-001039,DEV-LOCAL-V1-001037,10,0.1,False,False,True
granite97m,DEV-LOCAL-V1-001040,DEV-LOCAL-V1-001037,11,0.09090909090909091,False,False,True
granite97m,DEV-LOCAL-V1-001041,DEV-LOCAL-V1-001037,12,0.08333333333333333,False,False,True
granite97m,DEV-LOCAL-V1-001042,DEV-LOCAL-V1-001037,37,0.02702702702702703,False,False,False
granite97m,DEV-LOCAL-V1-000978,DEV-LOCAL-V1-000977,3,0.3333333333333333,False,True,True
granite97m,DEV-LOCAL-V1-000979,DEV-LOCAL-V1-000977,1,1.0,True,True,True
granite97m,DEV-LOCAL-V1-000980,DEV-LOCAL-V1-000977,2,0.5,False,True,True
granite97m,DEV-LOCAL-V1-000981,DEV-LOCAL-V1-000977,2,0.5,False,True,True
granite97m,DEV-LOCAL-V1-000982,DEV-LOCAL-V1-000977,24,0.041666666666666664,False,False,False
granite97m,DEV-LOCAL-V1-000786,DEV-LOCAL-V1-000785,3,0.3333333333333333,False,True,True
granite97m,DEV-LOCAL-V1-000787,DEV-LOCAL-V1-000785,7,0.14285714285714285,False,False,True
granite97m,DEV-LOCAL-V1-000788,DEV-LOCAL-V1-000785,4,0.25,False,True,True
granite97m,DEV-LOCAL-V1-000789,DEV-LOCAL-V1-000785,5,0.2,False,True,True
granite97m,DEV-LOCAL-V1-000790,DEV-LOCAL-V1-000785,1,1.0,True,True,True
granite97m,DEV-LOCAL-V1-000894,DEV-LOCAL-V1-000893,16,0.0625,False,False,True
granite97m,DEV-LOCAL-V1-000895,DEV-LOCAL-V1-000893,4,0.25,False,True,True
granite97m,DEV-LOCAL-V1-000896,DEV-LOCAL-V1-000893,2,0.5,False,True,True
granite97m,DEV-LOCAL-V1-000897,DEV-LOCAL-V1-000893,7,0.14285714285714285,False,False,True
granite97m,DEV-LOCAL-V1-000898,DEV-LOCAL-V1-000893,25,0.04,False,False,False
granite97m,DEV-LOCAL-V1-001074,DEV-LOCAL-V1-001073,5,0.2,False,True,True
granite97m,DEV-LOCAL-V1-001075,DEV-LOCAL-V1-001073,1,1.0,True,True,True
granite97m,DEV-LOCAL-V1-001076,DEV-LOCAL-V1-001073,1,1.0,True,True,True
granite97m,DEV-LOCAL-V1-001077,DEV-LOCAL-V1-001073,2,0.5,False,True,True
granite97m,DEV-LOCAL-V1-001078,DEV-LOCAL-V1-001073,16,0.0625,False,False,True
granite97m,DEV-LOCAL-V1-001098,DEV-LOCAL-V1-001097,7,0.14285714285714285,False,False,True
granite97m,DEV-LOCAL-V1-001099,DEV-LOCAL-V1-001097,3,0.3333333333333333,False,True,True
granite97m,DEV-LOCAL-V1-001100,DEV-LOCAL-V1-001097,7,0.14285714285714285,False,False,True
granite97m,DEV-LOCAL-V1-001101,DEV-LOCAL-V1-001097,5,0.2,False,True,True
granite97m,DEV-LOCAL-V1-001102,DEV-LOCAL-V1-001097,26,0.038461538461538464,False,False,False
granite97m,DEV-LOCAL-V1-000738,DEV-LOCAL-V1-000737,4,0.25,False,True,True
granite97m,DEV-LOCAL-V1-000739,DEV-LOCAL-V1-000737,1,1.0,True,True,True
granite97m,DEV-LOCAL-V1-000740,DEV-LOCAL-V1-000737,3,0.3333333333333333,False,True,True
granite97m,DEV-LOCAL-V1-000741,DEV-LOCAL-V1-000737,3,0.3333333333333333,False,True,True
granite97m,DEV-LOCAL-V1-000742,DEV-LOCAL-V1-000737,6,0.16666666666666666,False,False,True
granite97m,DEV-LOCAL-V1-001302,DEV-LOCAL-V1-001301,1,1.0,True,True,True
granite97m,DEV-LOCAL-V1-001303,DEV-LOCAL-V1-001301,2,0.5,False,True,True
granite97m,DEV-LOCAL-V1-001304,DEV-LOCAL-V1-001301,3,0.3333333333333333,False,True,True
granite97m,DEV-LOCAL-V1-001305,DEV-LOCAL-V1-001301,2,0.5,False,True,True
granite97m,DEV-LOCAL-V1-001306,DEV-LOCAL-V1-001301,5,0.2,False,True,True
granite97m,DEV-LOCAL-V1-001218,DEV-LOCAL-V1-001217,4,0.25,False,True,True
granite97m,DEV-LOCAL-V1-001219,DEV-LOCAL-V1-001217,1,1.0,True,True,True
granite97m,DEV-LOCAL-V1-001220,DEV-LOCAL-V1-001217,1,1.0,True,True,True
granite97m,DEV-LOCAL-V1-001221,DEV-LOCAL-V1-001217,2,0.5,False,True,True
granite97m,DEV-LOCAL-V1-001222,DEV-LOCAL-V1-001217,8,0.125,False,False,True
granite97m,DEV-LOCAL-V1-001194,DEV-LOCAL-V1-001193,3,0.3333333333333333,False,True,True
granite97m,DEV-LOCAL-V1-001195,DEV-LOCAL-V1-001193,1,1.0,True,True,True
granite97m,DEV-LOCAL-V1-001196,DEV-LOCAL-V1-001193,1,1.0,True,True,True
granite97m,DEV-LOCAL-V1-001197,DEV-LOCAL-V1-001193,2,0.5,False,True,True
granite97m,DEV-LOCAL-V1-001198,DEV-LOCAL-V1-001193,22,0.045454545454545456,False,False,False
granite97m,DEV-LOCAL-V1-000834,DEV-LOCAL-V1-000833,2,0.5,False,True,True
granite97m,DEV-LOCAL-V1-000835,DEV-LOCAL-V1-000833,1,1.0,True,True,True
granite97m,DEV-LOCAL-V1-000836,DEV-LOCAL-V1-000833,1,1.0,True,True,True
granite97m,DEV-LOCAL-V1-000837,DEV-LOCAL-V1-000833,1,1.0,True,True,True
granite97m,DEV-LOCAL-V1-000838,DEV-LOCAL-V1-000833,15,0.06666666666666667,False,False,True
granite97m,DEV-LOCAL-V1-000666,DEV-LOCAL-V1-000665,2,0.5,False,True,True
granite97m,DEV-LOCAL-V1-000667,DEV-LOCAL-V1-000665,1,1.0,True,True,True
granite97m,DEV-LOCAL-V1-000668,DEV-LOCAL-V1-000665,3,0.3333333333333333,False,True,True
granite97m,DEV-LOCAL-V1-000669,DEV-LOCAL-V1-000665,1,1.0,True,True,True
granite97m,DEV-LOCAL-V1-000670,DEV-LOCAL-V1-000665,1,1.0,True,True,True
granite97m,DEV-LOCAL-V1-001338,DEV-LOCAL-V1-001337,2,0.5,False,True,True
granite97m,DEV-LOCAL-V1-001339,DEV-LOCAL-V1-001337,1,1.0,True,True,True
granite97m,DEV-LOCAL-V1-001340,DEV-LOCAL-V1-001337,1,1.0,True,True,True
granite97m,DEV-LOCAL-V1-001341,DEV-LOCAL-V1-001337,2,0.5,False,True,True
granite97m,DEV-LOCAL-V1-001342,DEV-LOCAL-V1-001337,19,0.05263157894736842,False,False,True
granite97m,DEV-LOCAL-V1-001110,DEV-LOCAL-V1-001109,7,0.14285714285714285,False,False,True
granite97m,DEV-LOCAL-V1-001111,DEV-LOCAL-V1-001109,2,0.5,False,True,True
granite97m,DEV-LOCAL-V1-001112,DEV-LOCAL-V1-001109,3,0.3333333333333333,False,True,True
granite97m,DEV-LOCAL-V1-001113,DEV-LOCAL-V1-001109,2,0.5,False,True,True
granite97m,DEV-LOCAL-V1-001114,DEV-LOCAL-V1-001109,19,0.05263157894736842,False,False,True
granite97m,DEV-LOCAL-V1-000774,DEV-LOCAL-V1-000773,3,0.3333333333333333,False,True,True
granite97m,DEV-LOCAL-V1-000775,DEV-LOCAL-V1-000773,4,0.25,False,True,True
granite97m,DEV-LOCAL-V1-000776,DEV-LOCAL-V1-000773,1,1.0,True,True,True
granite97m,DEV-LOCAL-V1-000777,DEV-LOCAL-V1-000773,6,0.16666666666666666,False,False,True
granite97m,DEV-LOCAL-V1-000778,DEV-LOCAL-V1-000773,23,0.043478260869565216,False,False,False
granite97m,DEV-LOCAL-V1-000654,DEV-LOCAL-V1-000653,4,0.25,False,True,True
granite97m,DEV-LOCAL-V1-000655,DEV-LOCAL-V1-000653,2,0.5,False,True,True
granite97m,DEV-LOCAL-V1-000656,DEV-LOCAL-V1-000653,1,1.0,True,True,True
granite97m,DEV-LOCAL-V1-000657,DEV-LOCAL-V1-000653,2,0.5,False,True,True
granite97m,DEV-LOCAL-V1-000658,DEV-LOCAL-V1-000653,9,0.1111111111111111,False,False,True
granite97m,DEV-LOCAL-V1-001230,DEV-LOCAL-V1-001229,3,0.3333333333333333,False,True,True
granite97m,DEV-LOCAL-V1-001231,DEV-LOCAL-V1-001229,1,1.0,True,True,True
granite97m,DEV-LOCAL-V1-001232,DEV-LOCAL-V1-001229,3,0.3333333333333333,False,True,True
granite97m,DEV-LOCAL-V1-001233,DEV-LOCAL-V1-001229,1,1.0,True,True,True
granite97m,DEV-LOCAL-V1-001234,DEV-LOCAL-V1-001229,5,0.2,False,True,True
granite97m,DEV-LOCAL-V1-000822,DEV-LOCAL-V1-000821,1,1.0,True,True,True
granite97m,DEV-LOCAL-V1-000823,DEV-LOCAL-V1-000821,1,1.0,True,True,True
granite97m,DEV-LOCAL-V1-000824,DEV-LOCAL-V1-000821,1,1.0,True,True,True
granite97m,DEV-LOCAL-V1-000825,DEV-LOCAL-V1-000821,1,1.0,True,True,True
granite97m,DEV-LOCAL-V1-000826,DEV-LOCAL-V1-000821,13,0.07692307692307693,False,False,True
granite97m,DEV-LOCAL-V1-001242,DEV-LOCAL-V1-001241,1,1.0,True,True,True
granite97m,DEV-LOCAL-V1-001243,DEV-LOCAL-V1-001241,2,0.5,False,True,True
granite97m,DEV-LOCAL-V1-001244,DEV-LOCAL-V1-001241,2,0.5,False,True,True
granite97m,DEV-LOCAL-V1-001245,DEV-LOCAL-V1-001241,2,0.5,False,True,True
granite97m,DEV-LOCAL-V1-001246,DEV-LOCAL-V1-001241,3,0.3333333333333333,False,True,True
granite97m,DEV-LOCAL-V1-001314,DEV-LOCAL-V1-001313,8,0.125,False,False,True
granite97m,DEV-LOCAL-V1-001315,DEV-LOCAL-V1-001313,9,0.1111111111111111,False,False,True
granite97m,DEV-LOCAL-V1-001316,DEV-LOCAL-V1-001313,1,1.0,True,True,True
granite97m,DEV-LOCAL-V1-001317,DEV-LOCAL-V1-001313,9,0.1111111111111111,False,False,True
granite97m,DEV-LOCAL-V1-001318,DEV-LOCAL-V1-001313,18,0.05555555555555555,False,False,True
granite97m,DEV-LOCAL-V1-000906,DEV-LOCAL-V1-000905,7,0.14285714285714285,False,False,True
granite97m,DEV-LOCAL-V1-000907,DEV-LOCAL-V1-000905,8,0.125,False,False,True
granite97m,DEV-LOCAL-V1-000908,DEV-LOCAL-V1-000905,8,0.125,False,False,True
granite97m,DEV-LOCAL-V1-000909,DEV-LOCAL-V1-000905,8,0.125,False,False,True
granite97m,DEV-LOCAL-V1-000910,DEV-LOCAL-V1-000905,1,1.0,True,True,True
granite97m,DEV-LOCAL-V1-001146,DEV-LOCAL-V1-001145,4,0.25,False,True,True
granite97m,DEV-LOCAL-V1-001147,DEV-LOCAL-V1-001145,7,0.14285714285714285,False,False,True
granite97m,DEV-LOCAL-V1-001148,DEV-LOCAL-V1-001145,4,0.25,False,True,True
granite97m,DEV-LOCAL-V1-001149,DEV-LOCAL-V1-001145,4,0.25,False,True,True
granite97m,DEV-LOCAL-V1-001150,DEV-LOCAL-V1-001145,1,1.0,True,True,True
granite97m,DEV-LOCAL-V1-000690,DEV-LOCAL-V1-000689,4,0.25,False,True,True
granite97m,DEV-LOCAL-V1-000691,DEV-LOCAL-V1-000689,2,0.5,False,True,True
granite97m,DEV-LOCAL-V1-000692,DEV-LOCAL-V1-000689,4,0.25,False,True,True
granite97m,DEV-LOCAL-V1-000693,DEV-LOCAL-V1-000689,1,1.0,True,True,True
granite97m,DEV-LOCAL-V1-000694,DEV-LOCAL-V1-000689,15,0.06666666666666667,False,False,True
granite97m,DEV-LOCAL-V1-000882,DEV-LOCAL-V1-000881,1,1.0,True,True,True
granite97m,DEV-LOCAL-V1-000883,DEV-LOCAL-V1-000881,2,0.5,False,True,True
granite97m,DEV-LOCAL-V1-000884,DEV-LOCAL-V1-000881,1,1.0,True,True,True
granite97m,DEV-LOCAL-V1-000885,DEV-LOCAL-V1-000881,4,0.25,False,True,True
granite97m,DEV-LOCAL-V1-000886,DEV-LOCAL-V1-000881,8,0.125,False,False,True
granite97m,DEV-LOCAL-V1-000966,DEV-LOCAL-V1-000965,8,0.125,False,False,True
granite97m,DEV-LOCAL-V1-000967,DEV-LOCAL-V1-000965,4,0.25,False,True,True
granite97m,DEV-LOCAL-V1-000968,DEV-LOCAL-V1-000965,4,0.25,False,True,True
granite97m,DEV-LOCAL-V1-000969,DEV-LOCAL-V1-000965,2,0.5,False,True,True
granite97m,DEV-LOCAL-V1-000970,DEV-LOCAL-V1-000965,1,1.0,True,True,True
granite97m,DEV-LOCAL-V1-000954,DEV-LOCAL-V1-000953,6,0.16666666666666666,False,False,True
granite97m,DEV-LOCAL-V1-000955,DEV-LOCAL-V1-000953,9,0.1111111111111111,False,False,True
granite97m,DEV-LOCAL-V1-000956,DEV-LOCAL-V1-000953,1,1.0,True,True,True
granite97m,DEV-LOCAL-V1-000957,DEV-LOCAL-V1-000953,8,0.125,False,False,True
granite97m,DEV-LOCAL-V1-000958,DEV-LOCAL-V1-000953,17,0.058823529411764705,False,False,True
granite97m,DEV-LOCAL-V1-000930,DEV-LOCAL-V1-000929,3,0.3333333333333333,False,True,True
granite97m,DEV-LOCAL-V1-000931,DEV-LOCAL-V1-000929,2,0.5,False,True,True
granite97m,DEV-LOCAL-V1-000932,DEV-LOCAL-V1-000929,2,0.5,False,True,True
granite97m,DEV-LOCAL-V1-000933,DEV-LOCAL-V1-000929,1,1.0,True,True,True
granite97m,DEV-LOCAL-V1-000934,DEV-LOCAL-V1-000929,3,0.3333333333333333,False,True,True
granite97m,DEV-LOCAL-V1-001014,DEV-LOCAL-V1-001013,3,0.3333333333333333,False,True,True
granite97m,DEV-LOCAL-V1-001015,DEV-LOCAL-V1-001013,1,1.0,True,True,True
granite97m,DEV-LOCAL-V1-001016,DEV-LOCAL-V1-001013,1,1.0,True,True,True
granite97m,DEV-LOCAL-V1-001017,DEV-LOCAL-V1-001013,1,1.0,True,True,True
granite97m,DEV-LOCAL-V1-001018,DEV-LOCAL-V1-001013,6,0.16666666666666666,False,False,True
granite97m,DEV-LOCAL-V1-000810,DEV-LOCAL-V1-000809,4,0.25,False,True,True
granite97m,DEV-LOCAL-V1-000811,DEV-LOCAL-V1-000809,2,0.5,False,True,True
granite97m,DEV-LOCAL-V1-000812,DEV-LOCAL-V1-000809,3,0.3333333333333333,False,True,True
granite97m,DEV-LOCAL-V1-000813,DEV-LOCAL-V1-000809,1,1.0,True,True,True
granite97m,DEV-LOCAL-V1-000814,DEV-LOCAL-V1-000809,15,0.06666666666666667,False,False,True
granite97m,DEV-LOCAL-V1-001170,DEV-LOCAL-V1-001169,3,0.3333333333333333,False,True,True
granite97m,DEV-LOCAL-V1-001171,DEV-LOCAL-V1-001169,1,1.0,True,True,True
granite97m,DEV-LOCAL-V1-001172,DEV-LOCAL-V1-001169,2,0.5,False,True,True
granite97m,DEV-LOCAL-V1-001173,DEV-LOCAL-V1-001169,1,1.0,True,True,True
granite97m,DEV-LOCAL-V1-001174,DEV-LOCAL-V1-001169,10,0.1,False,False,True
granite97m,DEV-LOCAL-V1-000678,DEV-LOCAL-V1-000677,19,0.05263157894736842,False,False,True
granite97m,DEV-LOCAL-V1-000679,DEV-LOCAL-V1-000677,6,0.16666666666666666,False,False,True
granite97m,DEV-LOCAL-V1-000680,DEV-LOCAL-V1-000677,7,0.14285714285714285,False,False,True
granite97m,DEV-LOCAL-V1-000681,DEV-LOCAL-V1-000677,12,0.08333333333333333,False,False,True
granite97m,DEV-LOCAL-V1-000682,DEV-LOCAL-V1-000677,35,0.02857142857142857,False,False,False
granite97m,DEV-LOCAL-V1-001182,DEV-LOCAL-V1-001181,1,1.0,True,True,True
granite97m,DEV-LOCAL-V1-001183,DEV-LOCAL-V1-001181,1,1.0,True,True,True
granite97m,DEV-LOCAL-V1-001184,DEV-LOCAL-V1-001181,1,1.0,True,True,True
granite97m,DEV-LOCAL-V1-001185,DEV-LOCAL-V1-001181,1,1.0,True,True,True
granite97m,DEV-LOCAL-V1-001186,DEV-LOCAL-V1-001181,15,0.06666666666666667,False,False,True
multilingual_e5_small,DEV-LOCAL-V1-001326,DEV-LOCAL-V1-001325,1,1.0,True,True,True
multilingual_e5_small,DEV-LOCAL-V1-001327,DEV-LOCAL-V1-001325,1,1.0,True,True,True
multilingual_e5_small,DEV-LOCAL-V1-001328,DEV-LOCAL-V1-001325,1,1.0,True,True,True
multilingual_e5_small,DEV-LOCAL-V1-001329,DEV-LOCAL-V1-001325,2,0.5,False,True,True
multilingual_e5_small,DEV-LOCAL-V1-001330,DEV-LOCAL-V1-001325,1,1.0,True,True,True
multilingual_e5_small,DEV-LOCAL-V1-001278,DEV-LOCAL-V1-001277,17,0.058823529411764705,False,False,True
multilingual_e5_small,DEV-LOCAL-V1-001279,DEV-LOCAL-V1-001277,2,0.5,False,True,True
multilingual_e5_small,DEV-LOCAL-V1-001280,DEV-LOCAL-V1-001277,46,0.021739130434782608,False,False,False
multilingual_e5_small,DEV-LOCAL-V1-001281,DEV-LOCAL-V1-001277,9,0.1111111111111111,False,False,True
multilingual_e5_small,DEV-LOCAL-V1-001282,DEV-LOCAL-V1-001277,26,0.038461538461538464,False,False,False
multilingual_e5_small,DEV-LOCAL-V1-001026,DEV-LOCAL-V1-001025,1,1.0,True,True,True
multilingual_e5_small,DEV-LOCAL-V1-001027,DEV-LOCAL-V1-001025,1,1.0,True,True,True
multilingual_e5_small,DEV-LOCAL-V1-001028,DEV-LOCAL-V1-001025,1,1.0,True,True,True
multilingual_e5_small,DEV-LOCAL-V1-001029,DEV-LOCAL-V1-001025,1,1.0,True,True,True
multilingual_e5_small,DEV-LOCAL-V1-001030,DEV-LOCAL-V1-001025,1,1.0,True,True,True
multilingual_e5_small,DEV-LOCAL-V1-000858,DEV-LOCAL-V1-000857,6,0.16666666666666666,False,False,True
multilingual_e5_small,DEV-LOCAL-V1-000859,DEV-LOCAL-V1-000857,2,0.5,False,True,True
multilingual_e5_small,DEV-LOCAL-V1-000860,DEV-LOCAL-V1-000857,8,0.125,False,False,True
multilingual_e5_small,DEV-LOCAL-V1-000861,DEV-LOCAL-V1-000857,3,0.3333333333333333,False,True,True
multilingual_e5_small,DEV-LOCAL-V1-000862,DEV-LOCAL-V1-000857,24,0.041666666666666664,False,False,False
multilingual_e5_small,DEV-LOCAL-V1-000942,DEV-LOCAL-V1-000941,1,1.0,True,True,True
multilingual_e5_small,DEV-LOCAL-V1-000943,DEV-LOCAL-V1-000941,6,0.16666666666666666,False,False,True
multilingual_e5_small,DEV-LOCAL-V1-000944,DEV-LOCAL-V1-000941,7,0.14285714285714285,False,False,True
multilingual_e5_small,DEV-LOCAL-V1-000945,DEV-LOCAL-V1-000941,9,0.1111111111111111,False,False,True
multilingual_e5_small,DEV-LOCAL-V1-000946,DEV-LOCAL-V1-000941,9,0.1111111111111111,False,False,True
multilingual_e5_small,DEV-LOCAL-V1-001350,DEV-LOCAL-V1-001349,33,0.030303030303030304,False,False,False
multilingual_e5_small,DEV-LOCAL-V1-001351,DEV-LOCAL-V1-001349,6,0.16666666666666666,False,False,True
multilingual_e5_small,DEV-LOCAL-V1-001352,DEV-LOCAL-V1-001349,55,0.01818181818181818,False,False,False
multilingual_e5_small,DEV-LOCAL-V1-001353,DEV-LOCAL-V1-001349,1,1.0,True,True,True
multilingual_e5_small,DEV-LOCAL-V1-001354,DEV-LOCAL-V1-001349,28,0.03571428571428571,False,False,False
multilingual_e5_small,DEV-LOCAL-V1-000702,DEV-LOCAL-V1-000701,1,1.0,True,True,True
multilingual_e5_small,DEV-LOCAL-V1-000703,DEV-LOCAL-V1-000701,4,0.25,False,True,True
multilingual_e5_small,DEV-LOCAL-V1-000704,DEV-LOCAL-V1-000701,40,0.025,False,False,False
multilingual_e5_small,DEV-LOCAL-V1-000705,DEV-LOCAL-V1-000701,14,0.07142857142857142,False,False,True
multilingual_e5_small,DEV-LOCAL-V1-000706,DEV-LOCAL-V1-000701,26,0.038461538461538464,False,False,False
multilingual_e5_small,DEV-LOCAL-V1-000714,DEV-LOCAL-V1-000713,6,0.16666666666666666,False,False,True
multilingual_e5_small,DEV-LOCAL-V1-000715,DEV-LOCAL-V1-000713,5,0.2,False,True,True
multilingual_e5_small,DEV-LOCAL-V1-000716,DEV-LOCAL-V1-000713,1,1.0,True,True,True
multilingual_e5_small,DEV-LOCAL-V1-000717,DEV-LOCAL-V1-000713,7,0.14285714285714285,False,False,True
multilingual_e5_small,DEV-LOCAL-V1-000718,DEV-LOCAL-V1-000713,27,0.037037037037037035,False,False,False
multilingual_e5_small,DEV-LOCAL-V1-001122,DEV-LOCAL-V1-001121,1,1.0,True,True,True
multilingual_e5_small,DEV-LOCAL-V1-001123,DEV-LOCAL-V1-001121,2,0.5,False,True,True
multilingual_e5_small,DEV-LOCAL-V1-001124,DEV-LOCAL-V1-001121,4,0.25,False,True,True
multilingual_e5_small,DEV-LOCAL-V1-001125,DEV-LOCAL-V1-001121,4,0.25,False,True,True
multilingual_e5_small,DEV-LOCAL-V1-001126,DEV-LOCAL-V1-001121,13,0.07692307692307693,False,False,True
multilingual_e5_small,DEV-LOCAL-V1-000726,DEV-LOCAL-V1-000725,2,0.5,False,True,True
multilingual_e5_small,DEV-LOCAL-V1-000727,DEV-LOCAL-V1-000725,1,1.0,True,True,True
multilingual_e5_small,DEV-LOCAL-V1-000728,DEV-LOCAL-V1-000725,2,0.5,False,True,True
multilingual_e5_small,DEV-LOCAL-V1-000729,DEV-LOCAL-V1-000725,1,1.0,True,True,True
multilingual_e5_small,DEV-LOCAL-V1-000730,DEV-LOCAL-V1-000725,1,1.0,True,True,True
multilingual_e5_small,DEV-LOCAL-V1-000870,DEV-LOCAL-V1-000869,7,0.14285714285714285,False,False,True
multilingual_e5_small,DEV-LOCAL-V1-000871,DEV-LOCAL-V1-000869,3,0.3333333333333333,False,True,True
multilingual_e5_small,DEV-LOCAL-V1-000872,DEV-LOCAL-V1-000869,3,0.3333333333333333,False,True,True
multilingual_e5_small,DEV-LOCAL-V1-000873,DEV-LOCAL-V1-000869,1,1.0,True,True,True
multilingual_e5_small,DEV-LOCAL-V1-000874,DEV-LOCAL-V1-000869,7,0.14285714285714285,False,False,True
multilingual_e5_small,DEV-LOCAL-V1-001158,DEV-LOCAL-V1-001157,5,0.2,False,True,True
multilingual_e5_small,DEV-LOCAL-V1-001159,DEV-LOCAL-V1-001157,1,1.0,True,True,True
multilingual_e5_small,DEV-LOCAL-V1-001160,DEV-LOCAL-V1-001157,3,0.3333333333333333,False,True,True
multilingual_e5_small,DEV-LOCAL-V1-001161,DEV-LOCAL-V1-001157,2,0.5,False,True,True
multilingual_e5_small,DEV-LOCAL-V1-001162,DEV-LOCAL-V1-001157,8,0.125,False,False,True
multilingual_e5_small,DEV-LOCAL-V1-001134,DEV-LOCAL-V1-001133,44,0.022727272727272728,False,False,False
multilingual_e5_small,DEV-LOCAL-V1-001135,DEV-LOCAL-V1-001133,21,0.047619047619047616,False,False,False
multilingual_e5_small,DEV-LOCAL-V1-001136,DEV-LOCAL-V1-001133,19,0.05263157894736842,False,False,True
multilingual_e5_small,DEV-LOCAL-V1-001137,DEV-LOCAL-V1-001133,30,0.03333333333333333,False,False,False
multilingual_e5_small,DEV-LOCAL-V1-001138,DEV-LOCAL-V1-001133,34,0.029411764705882353,False,False,False
multilingual_e5_small,DEV-LOCAL-V1-000846,DEV-LOCAL-V1-000845,9,0.1111111111111111,False,False,True
multilingual_e5_small,DEV-LOCAL-V1-000847,DEV-LOCAL-V1-000845,4,0.25,False,True,True
multilingual_e5_small,DEV-LOCAL-V1-000848,DEV-LOCAL-V1-000845,33,0.030303030303030304,False,False,False
multilingual_e5_small,DEV-LOCAL-V1-000849,DEV-LOCAL-V1-000845,21,0.047619047619047616,False,False,False
multilingual_e5_small,DEV-LOCAL-V1-000850,DEV-LOCAL-V1-000845,2,0.5,False,True,True
multilingual_e5_small,DEV-LOCAL-V1-000990,DEV-LOCAL-V1-000989,22,0.045454545454545456,False,False,False
multilingual_e5_small,DEV-LOCAL-V1-000991,DEV-LOCAL-V1-000989,4,0.25,False,True,True
multilingual_e5_small,DEV-LOCAL-V1-000992,DEV-LOCAL-V1-000989,52,0.019230769230769232,False,False,False
multilingual_e5_small,DEV-LOCAL-V1-000993,DEV-LOCAL-V1-000989,1,1.0,True,True,True
multilingual_e5_small,DEV-LOCAL-V1-000994,DEV-LOCAL-V1-000989,29,0.034482758620689655,False,False,False
multilingual_e5_small,DEV-LOCAL-V1-000798,DEV-LOCAL-V1-000797,3,0.3333333333333333,False,True,True
multilingual_e5_small,DEV-LOCAL-V1-000799,DEV-LOCAL-V1-000797,2,0.5,False,True,True
multilingual_e5_small,DEV-LOCAL-V1-000800,DEV-LOCAL-V1-000797,2,0.5,False,True,True
multilingual_e5_small,DEV-LOCAL-V1-000801,DEV-LOCAL-V1-000797,3,0.3333333333333333,False,True,True
multilingual_e5_small,DEV-LOCAL-V1-000802,DEV-LOCAL-V1-000797,5,0.2,False,True,True
multilingual_e5_small,DEV-LOCAL-V1-001206,DEV-LOCAL-V1-001205,4,0.25,False,True,True
multilingual_e5_small,DEV-LOCAL-V1-001207,DEV-LOCAL-V1-001205,1,1.0,True,True,True
multilingual_e5_small,DEV-LOCAL-V1-001208,DEV-LOCAL-V1-001205,13,0.07692307692307693,False,False,True
multilingual_e5_small,DEV-LOCAL-V1-001209,DEV-LOCAL-V1-001205,8,0.125,False,False,True
multilingual_e5_small,DEV-LOCAL-V1-001210,DEV-LOCAL-V1-001205,3,0.3333333333333333,False,True,True
multilingual_e5_small,DEV-LOCAL-V1-001050,DEV-LOCAL-V1-001049,4,0.25,False,True,True
multilingual_e5_small,DEV-LOCAL-V1-001051,DEV-LOCAL-V1-001049,1,1.0,True,True,True
multilingual_e5_small,DEV-LOCAL-V1-001052,DEV-LOCAL-V1-001049,5,0.2,False,True,True
multilingual_e5_small,DEV-LOCAL-V1-001053,DEV-LOCAL-V1-001049,1,1.0,True,True,True
multilingual_e5_small,DEV-LOCAL-V1-001054,DEV-LOCAL-V1-001049,15,0.06666666666666667,False,False,True
multilingual_e5_small,DEV-LOCAL-V1-001002,DEV-LOCAL-V1-001001,1,1.0,True,True,True
multilingual_e5_small,DEV-LOCAL-V1-001003,DEV-LOCAL-V1-001001,3,0.3333333333333333,False,True,True
multilingual_e5_small,DEV-LOCAL-V1-001004,DEV-LOCAL-V1-001001,5,0.2,False,True,True
multilingual_e5_small,DEV-LOCAL-V1-001005,DEV-LOCAL-V1-001001,5,0.2,False,True,True
multilingual_e5_small,DEV-LOCAL-V1-001006,DEV-LOCAL-V1-001001,23,0.043478260869565216,False,False,False
multilingual_e5_small,DEV-LOCAL-V1-001086,DEV-LOCAL-V1-001085,1,1.0,True,True,True
multilingual_e5_small,DEV-LOCAL-V1-001087,DEV-LOCAL-V1-001085,1,1.0,True,True,True
multilingual_e5_small,DEV-LOCAL-V1-001088,DEV-LOCAL-V1-001085,1,1.0,True,True,True
multilingual_e5_small,DEV-LOCAL-V1-001089,DEV-LOCAL-V1-001085,1,1.0,True,True,True
multilingual_e5_small,DEV-LOCAL-V1-001090,DEV-LOCAL-V1-001085,1,1.0,True,True,True
multilingual_e5_small,DEV-LOCAL-V1-000750,DEV-LOCAL-V1-000749,22,0.045454545454545456,False,False,False
multilingual_e5_small,DEV-LOCAL-V1-000751,DEV-LOCAL-V1-000749,16,0.0625,False,False,True
multilingual_e5_small,DEV-LOCAL-V1-000752,DEV-LOCAL-V1-000749,13,0.07692307692307693,False,False,True
multilingual_e5_small,DEV-LOCAL-V1-000753,DEV-LOCAL-V1-000749,2,0.5,False,True,True
multilingual_e5_small,DEV-LOCAL-V1-000754,DEV-LOCAL-V1-000749,33,0.030303030303030304,False,False,False
multilingual_e5_small,DEV-LOCAL-V1-000642,DEV-LOCAL-V1-000641,1,1.0,True,True,True
multilingual_e5_small,DEV-LOCAL-V1-000643,DEV-LOCAL-V1-000641,1,1.0,True,True,True
multilingual_e5_small,DEV-LOCAL-V1-000644,DEV-LOCAL-V1-000641,1,1.0,True,True,True
multilingual_e5_small,DEV-LOCAL-V1-000645,DEV-LOCAL-V1-000641,2,0.5,False,True,True
multilingual_e5_small,DEV-LOCAL-V1-000646,DEV-LOCAL-V1-000641,12,0.08333333333333333,False,False,True
multilingual_e5_small,DEV-LOCAL-V1-001290,DEV-LOCAL-V1-001289,10,0.1,False,False,True
multilingual_e5_small,DEV-LOCAL-V1-001291,DEV-LOCAL-V1-001289,10,0.1,False,False,True
multilingual_e5_small,DEV-LOCAL-V1-001292,DEV-LOCAL-V1-001289,11,0.09090909090909091,False,False,True
multilingual_e5_small,DEV-LOCAL-V1-001293,DEV-LOCAL-V1-001289,2,0.5,False,True,True
multilingual_e5_small,DEV-LOCAL-V1-001294,DEV-LOCAL-V1-001289,27,0.037037037037037035,False,False,False
multilingual_e5_small,DEV-LOCAL-V1-001254,DEV-LOCAL-V1-001253,7,0.14285714285714285,False,False,True
multilingual_e5_small,DEV-LOCAL-V1-001255,DEV-LOCAL-V1-001253,3,0.3333333333333333,False,True,True
multilingual_e5_small,DEV-LOCAL-V1-001256,DEV-LOCAL-V1-001253,1,1.0,True,True,True
multilingual_e5_small,DEV-LOCAL-V1-001257,DEV-LOCAL-V1-001253,3,0.3333333333333333,False,True,True
multilingual_e5_small,DEV-LOCAL-V1-001258,DEV-LOCAL-V1-001253,24,0.041666666666666664,False,False,False
multilingual_e5_small,DEV-LOCAL-V1-001062,DEV-LOCAL-V1-001061,2,0.5,False,True,True
multilingual_e5_small,DEV-LOCAL-V1-001063,DEV-LOCAL-V1-001061,12,0.08333333333333333,False,False,True
multilingual_e5_small,DEV-LOCAL-V1-001064,DEV-LOCAL-V1-001061,64,0.015625,False,False,False
multilingual_e5_small,DEV-LOCAL-V1-001065,DEV-LOCAL-V1-001061,25,0.04,False,False,False
multilingual_e5_small,DEV-LOCAL-V1-001066,DEV-LOCAL-V1-001061,28,0.03571428571428571,False,False,False
multilingual_e5_small,DEV-LOCAL-V1-001266,DEV-LOCAL-V1-001265,1,1.0,True,True,True
multilingual_e5_small,DEV-LOCAL-V1-001267,DEV-LOCAL-V1-001265,1,1.0,True,True,True
multilingual_e5_small,DEV-LOCAL-V1-001268,DEV-LOCAL-V1-001265,1,1.0,True,True,True
multilingual_e5_small,DEV-LOCAL-V1-001269,DEV-LOCAL-V1-001265,2,0.5,False,True,True
multilingual_e5_small,DEV-LOCAL-V1-001270,DEV-LOCAL-V1-001265,1,1.0,True,True,True
multilingual_e5_small,DEV-LOCAL-V1-000762,DEV-LOCAL-V1-000761,1,1.0,True,True,True
multilingual_e5_small,DEV-LOCAL-V1-000763,DEV-LOCAL-V1-000761,6,0.16666666666666666,False,False,True
multilingual_e5_small,DEV-LOCAL-V1-000764,DEV-LOCAL-V1-000761,10,0.1,False,False,True
multilingual_e5_small,DEV-LOCAL-V1-000765,DEV-LOCAL-V1-000761,7,0.14285714285714285,False,False,True
multilingual_e5_small,DEV-LOCAL-V1-000766,DEV-LOCAL-V1-000761,17,0.058823529411764705,False,False,True
multilingual_e5_small,DEV-LOCAL-V1-000918,DEV-LOCAL-V1-000917,56,0.017857142857142856,False,False,False
multilingual_e5_small,DEV-LOCAL-V1-000919,DEV-LOCAL-V1-000917,14,0.07142857142857142,False,False,True
multilingual_e5_small,DEV-LOCAL-V1-000920,DEV-LOCAL-V1-000917,101,0.009900990099009901,False,False,False
multilingual_e5_small,DEV-LOCAL-V1-000921,DEV-LOCAL-V1-000917,43,0.023255813953488372,False,False,False
multilingual_e5_small,DEV-LOCAL-V1-000922,DEV-LOCAL-V1-000917,48,0.020833333333333332,False,False,False
multilingual_e5_small,DEV-LOCAL-V1-001038,DEV-LOCAL-V1-001037,13,0.07692307692307693,False,False,True
multilingual_e5_small,DEV-LOCAL-V1-001039,DEV-LOCAL-V1-001037,7,0.14285714285714285,False,False,True
multilingual_e5_small,DEV-LOCAL-V1-001040,DEV-LOCAL-V1-001037,13,0.07692307692307693,False,False,True
multilingual_e5_small,DEV-LOCAL-V1-001041,DEV-LOCAL-V1-001037,17,0.058823529411764705,False,False,True
multilingual_e5_small,DEV-LOCAL-V1-001042,DEV-LOCAL-V1-001037,29,0.034482758620689655,False,False,False
multilingual_e5_small,DEV-LOCAL-V1-000978,DEV-LOCAL-V1-000977,5,0.2,False,True,True
multilingual_e5_small,DEV-LOCAL-V1-000979,DEV-LOCAL-V1-000977,1,1.0,True,True,True
multilingual_e5_small,DEV-LOCAL-V1-000980,DEV-LOCAL-V1-000977,6,0.16666666666666666,False,False,True
multilingual_e5_small,DEV-LOCAL-V1-000981,DEV-LOCAL-V1-000977,3,0.3333333333333333,False,True,True
multilingual_e5_small,DEV-LOCAL-V1-000982,DEV-LOCAL-V1-000977,17,0.058823529411764705,False,False,True
multilingual_e5_small,DEV-LOCAL-V1-000786,DEV-LOCAL-V1-000785,2,0.5,False,True,True
multilingual_e5_small,DEV-LOCAL-V1-000787,DEV-LOCAL-V1-000785,1,1.0,True,True,True
multilingual_e5_small,DEV-LOCAL-V1-000788,DEV-LOCAL-V1-000785,1,1.0,True,True,True
multilingual_e5_small,DEV-LOCAL-V1-000789,DEV-LOCAL-V1-000785,1,1.0,True,True,True
multilingual_e5_small,DEV-LOCAL-V1-000790,DEV-LOCAL-V1-000785,1,1.0,True,True,True
multilingual_e5_small,DEV-LOCAL-V1-000894,DEV-LOCAL-V1-000893,14,0.07142857142857142,False,False,True
multilingual_e5_small,DEV-LOCAL-V1-000895,DEV-LOCAL-V1-000893,8,0.125,False,False,True
multilingual_e5_small,DEV-LOCAL-V1-000896,DEV-LOCAL-V1-000893,1,1.0,True,True,True
multilingual_e5_small,DEV-LOCAL-V1-000897,DEV-LOCAL-V1-000893,9,0.1111111111111111,False,False,True
multilingual_e5_small,DEV-LOCAL-V1-000898,DEV-LOCAL-V1-000893,27,0.037037037037037035,False,False,False
multilingual_e5_small,DEV-LOCAL-V1-001074,DEV-LOCAL-V1-001073,5,0.2,False,True,True
multilingual_e5_small,DEV-LOCAL-V1-001075,DEV-LOCAL-V1-001073,3,0.3333333333333333,False,True,True
multilingual_e5_small,DEV-LOCAL-V1-001076,DEV-LOCAL-V1-001073,1,1.0,True,True,True
multilingual_e5_small,DEV-LOCAL-V1-001077,DEV-LOCAL-V1-001073,3,0.3333333333333333,False,True,True
multilingual_e5_small,DEV-LOCAL-V1-001078,DEV-LOCAL-V1-001073,21,0.047619047619047616,False,False,False
multilingual_e5_small,DEV-LOCAL-V1-001098,DEV-LOCAL-V1-001097,34,0.029411764705882353,False,False,False
multilingual_e5_small,DEV-LOCAL-V1-001099,DEV-LOCAL-V1-001097,3,0.3333333333333333,False,True,True
multilingual_e5_small,DEV-LOCAL-V1-001100,DEV-LOCAL-V1-001097,31,0.03225806451612903,False,False,False
multilingual_e5_small,DEV-LOCAL-V1-001101,DEV-LOCAL-V1-001097,14,0.07142857142857142,False,False,True
multilingual_e5_small,DEV-LOCAL-V1-001102,DEV-LOCAL-V1-001097,31,0.03225806451612903,False,False,False
multilingual_e5_small,DEV-LOCAL-V1-000738,DEV-LOCAL-V1-000737,3,0.3333333333333333,False,True,True
multilingual_e5_small,DEV-LOCAL-V1-000739,DEV-LOCAL-V1-000737,2,0.5,False,True,True
multilingual_e5_small,DEV-LOCAL-V1-000740,DEV-LOCAL-V1-000737,7,0.14285714285714285,False,False,True
multilingual_e5_small,DEV-LOCAL-V1-000741,DEV-LOCAL-V1-000737,2,0.5,False,True,True
multilingual_e5_small,DEV-LOCAL-V1-000742,DEV-LOCAL-V1-000737,12,0.08333333333333333,False,False,True
multilingual_e5_small,DEV-LOCAL-V1-001302,DEV-LOCAL-V1-001301,1,1.0,True,True,True
multilingual_e5_small,DEV-LOCAL-V1-001303,DEV-LOCAL-V1-001301,2,0.5,False,True,True
multilingual_e5_small,DEV-LOCAL-V1-001304,DEV-LOCAL-V1-001301,3,0.3333333333333333,False,True,True
multilingual_e5_small,DEV-LOCAL-V1-001305,DEV-LOCAL-V1-001301,2,0.5,False,True,True
multilingual_e5_small,DEV-LOCAL-V1-001306,DEV-LOCAL-V1-001301,3,0.3333333333333333,False,True,True
multilingual_e5_small,DEV-LOCAL-V1-001218,DEV-LOCAL-V1-001217,2,0.5,False,True,True
multilingual_e5_small,DEV-LOCAL-V1-001219,DEV-LOCAL-V1-001217,1,1.0,True,True,True
multilingual_e5_small,DEV-LOCAL-V1-001220,DEV-LOCAL-V1-001217,3,0.3333333333333333,False,True,True
multilingual_e5_small,DEV-LOCAL-V1-001221,DEV-LOCAL-V1-001217,2,0.5,False,True,True
multilingual_e5_small,DEV-LOCAL-V1-001222,DEV-LOCAL-V1-001217,18,0.05555555555555555,False,False,True
multilingual_e5_small,DEV-LOCAL-V1-001194,DEV-LOCAL-V1-001193,2,0.5,False,True,True
multilingual_e5_small,DEV-LOCAL-V1-001195,DEV-LOCAL-V1-001193,1,1.0,True,True,True
multilingual_e5_small,DEV-LOCAL-V1-001196,DEV-LOCAL-V1-001193,1,1.0,True,True,True
multilingual_e5_small,DEV-LOCAL-V1-001197,DEV-LOCAL-V1-001193,3,0.3333333333333333,False,True,True
multilingual_e5_small,DEV-LOCAL-V1-001198,DEV-LOCAL-V1-001193,14,0.07142857142857142,False,False,True
multilingual_e5_small,DEV-LOCAL-V1-000834,DEV-LOCAL-V1-000833,2,0.5,False,True,True
multilingual_e5_small,DEV-LOCAL-V1-000835,DEV-LOCAL-V1-000833,1,1.0,True,True,True
multilingual_e5_small,DEV-LOCAL-V1-000836,DEV-LOCAL-V1-000833,1,1.0,True,True,True
multilingual_e5_small,DEV-LOCAL-V1-000837,DEV-LOCAL-V1-000833,1,1.0,True,True,True
multilingual_e5_small,DEV-LOCAL-V1-000838,DEV-LOCAL-V1-000833,7,0.14285714285714285,False,False,True
multilingual_e5_small,DEV-LOCAL-V1-000666,DEV-LOCAL-V1-000665,1,1.0,True,True,True
multilingual_e5_small,DEV-LOCAL-V1-000667,DEV-LOCAL-V1-000665,1,1.0,True,True,True
multilingual_e5_small,DEV-LOCAL-V1-000668,DEV-LOCAL-V1-000665,3,0.3333333333333333,False,True,True
multilingual_e5_small,DEV-LOCAL-V1-000669,DEV-LOCAL-V1-000665,1,1.0,True,True,True
multilingual_e5_small,DEV-LOCAL-V1-000670,DEV-LOCAL-V1-000665,1,1.0,True,True,True
multilingual_e5_small,DEV-LOCAL-V1-001338,DEV-LOCAL-V1-001337,4,0.25,False,True,True
multilingual_e5_small,DEV-LOCAL-V1-001339,DEV-LOCAL-V1-001337,1,1.0,True,True,True
multilingual_e5_small,DEV-LOCAL-V1-001340,DEV-LOCAL-V1-001337,6,0.16666666666666666,False,False,True
multilingual_e5_small,DEV-LOCAL-V1-001341,DEV-LOCAL-V1-001337,4,0.25,False,True,True
multilingual_e5_small,DEV-LOCAL-V1-001342,DEV-LOCAL-V1-001337,14,0.07142857142857142,False,False,True
multilingual_e5_small,DEV-LOCAL-V1-001110,DEV-LOCAL-V1-001109,4,0.25,False,True,True
multilingual_e5_small,DEV-LOCAL-V1-001111,DEV-LOCAL-V1-001109,2,0.5,False,True,True
multilingual_e5_small,DEV-LOCAL-V1-001112,DEV-LOCAL-V1-001109,2,0.5,False,True,True
multilingual_e5_small,DEV-LOCAL-V1-001113,DEV-LOCAL-V1-001109,1,1.0,True,True,True
multilingual_e5_small,DEV-LOCAL-V1-001114,DEV-LOCAL-V1-001109,20,0.05,False,False,True
multilingual_e5_small,DEV-LOCAL-V1-000774,DEV-LOCAL-V1-000773,41,0.024390243902439025,False,False,False
multilingual_e5_small,DEV-LOCAL-V1-000775,DEV-LOCAL-V1-000773,17,0.058823529411764705,False,False,True
multilingual_e5_small,DEV-LOCAL-V1-000776,DEV-LOCAL-V1-000773,21,0.047619047619047616,False,False,False
multilingual_e5_small,DEV-LOCAL-V1-000777,DEV-LOCAL-V1-000773,28,0.03571428571428571,False,False,False
multilingual_e5_small,DEV-LOCAL-V1-000778,DEV-LOCAL-V1-000773,33,0.030303030303030304,False,False,False
multilingual_e5_small,DEV-LOCAL-V1-000654,DEV-LOCAL-V1-000653,5,0.2,False,True,True
multilingual_e5_small,DEV-LOCAL-V1-000655,DEV-LOCAL-V1-000653,5,0.2,False,True,True
multilingual_e5_small,DEV-LOCAL-V1-000656,DEV-LOCAL-V1-000653,1,1.0,True,True,True
multilingual_e5_small,DEV-LOCAL-V1-000657,DEV-LOCAL-V1-000653,6,0.16666666666666666,False,False,True
multilingual_e5_small,DEV-LOCAL-V1-000658,DEV-LOCAL-V1-000653,10,0.1,False,False,True
multilingual_e5_small,DEV-LOCAL-V1-001230,DEV-LOCAL-V1-001229,4,0.25,False,True,True
multilingual_e5_small,DEV-LOCAL-V1-001231,DEV-LOCAL-V1-001229,2,0.5,False,True,True
multilingual_e5_small,DEV-LOCAL-V1-001232,DEV-LOCAL-V1-001229,2,0.5,False,True,True
multilingual_e5_small,DEV-LOCAL-V1-001233,DEV-LOCAL-V1-001229,1,1.0,True,True,True
multilingual_e5_small,DEV-LOCAL-V1-001234,DEV-LOCAL-V1-001229,10,0.1,False,False,True
multilingual_e5_small,DEV-LOCAL-V1-000822,DEV-LOCAL-V1-000821,1,1.0,True,True,True
multilingual_e5_small,DEV-LOCAL-V1-000823,DEV-LOCAL-V1-000821,1,1.0,True,True,True
multilingual_e5_small,DEV-LOCAL-V1-000824,DEV-LOCAL-V1-000821,1,1.0,True,True,True
multilingual_e5_small,DEV-LOCAL-V1-000825,DEV-LOCAL-V1-000821,2,0.5,False,True,True
multilingual_e5_small,DEV-LOCAL-V1-000826,DEV-LOCAL-V1-000821,8,0.125,False,False,True
multilingual_e5_small,DEV-LOCAL-V1-001242,DEV-LOCAL-V1-001241,1,1.0,True,True,True
multilingual_e5_small,DEV-LOCAL-V1-001243,DEV-LOCAL-V1-001241,2,0.5,False,True,True
multilingual_e5_small,DEV-LOCAL-V1-001244,DEV-LOCAL-V1-001241,6,0.16666666666666666,False,False,True
multilingual_e5_small,DEV-LOCAL-V1-001245,DEV-LOCAL-V1-001241,3,0.3333333333333333,False,True,True
multilingual_e5_small,DEV-LOCAL-V1-001246,DEV-LOCAL-V1-001241,19,0.05263157894736842,False,False,True
multilingual_e5_small,DEV-LOCAL-V1-001314,DEV-LOCAL-V1-001313,3,0.3333333333333333,False,True,True
multilingual_e5_small,DEV-LOCAL-V1-001315,DEV-LOCAL-V1-001313,3,0.3333333333333333,False,True,True
multilingual_e5_small,DEV-LOCAL-V1-001316,DEV-LOCAL-V1-001313,1,1.0,True,True,True
multilingual_e5_small,DEV-LOCAL-V1-001317,DEV-LOCAL-V1-001313,2,0.5,False,True,True
multilingual_e5_small,DEV-LOCAL-V1-001318,DEV-LOCAL-V1-001313,14,0.07142857142857142,False,False,True
multilingual_e5_small,DEV-LOCAL-V1-000906,DEV-LOCAL-V1-000905,3,0.3333333333333333,False,True,True
multilingual_e5_small,DEV-LOCAL-V1-000907,DEV-LOCAL-V1-000905,1,1.0,True,True,True
multilingual_e5_small,DEV-LOCAL-V1-000908,DEV-LOCAL-V1-000905,3,0.3333333333333333,False,True,True
multilingual_e5_small,DEV-LOCAL-V1-000909,DEV-LOCAL-V1-000905,3,0.3333333333333333,False,True,True
multilingual_e5_small,DEV-LOCAL-V1-000910,DEV-LOCAL-V1-000905,1,1.0,True,True,True
multilingual_e5_small,DEV-LOCAL-V1-001146,DEV-LOCAL-V1-001145,2,0.5,False,True,True
multilingual_e5_small,DEV-LOCAL-V1-001147,DEV-LOCAL-V1-001145,1,1.0,True,True,True
multilingual_e5_small,DEV-LOCAL-V1-001148,DEV-LOCAL-V1-001145,1,1.0,True,True,True
multilingual_e5_small,DEV-LOCAL-V1-001149,DEV-LOCAL-V1-001145,1,1.0,True,True,True
multilingual_e5_small,DEV-LOCAL-V1-001150,DEV-LOCAL-V1-001145,1,1.0,True,True,True
multilingual_e5_small,DEV-LOCAL-V1-000690,DEV-LOCAL-V1-000689,4,0.25,False,True,True
multilingual_e5_small,DEV-LOCAL-V1-000691,DEV-LOCAL-V1-000689,2,0.5,False,True,True
multilingual_e5_small,DEV-LOCAL-V1-000692,DEV-LOCAL-V1-000689,3,0.3333333333333333,False,True,True
multilingual_e5_small,DEV-LOCAL-V1-000693,DEV-LOCAL-V1-000689,1,1.0,True,True,True
multilingual_e5_small,DEV-LOCAL-V1-000694,DEV-LOCAL-V1-000689,14,0.07142857142857142,False,False,True
multilingual_e5_small,DEV-LOCAL-V1-000882,DEV-LOCAL-V1-000881,1,1.0,True,True,True
multilingual_e5_small,DEV-LOCAL-V1-000883,DEV-LOCAL-V1-000881,1,1.0,True,True,True
multilingual_e5_small,DEV-LOCAL-V1-000884,DEV-LOCAL-V1-000881,7,0.14285714285714285,False,False,True
multilingual_e5_small,DEV-LOCAL-V1-000885,DEV-LOCAL-V1-000881,4,0.25,False,True,True
multilingual_e5_small,DEV-LOCAL-V1-000886,DEV-LOCAL-V1-000881,22,0.045454545454545456,False,False,False
multilingual_e5_small,DEV-LOCAL-V1-000966,DEV-LOCAL-V1-000965,1,1.0,True,True,True
multilingual_e5_small,DEV-LOCAL-V1-000967,DEV-LOCAL-V1-000965,1,1.0,True,True,True
multilingual_e5_small,DEV-LOCAL-V1-000968,DEV-LOCAL-V1-000965,1,1.0,True,True,True
multilingual_e5_small,DEV-LOCAL-V1-000969,DEV-LOCAL-V1-000965,1,1.0,True,True,True
multilingual_e5_small,DEV-LOCAL-V1-000970,DEV-LOCAL-V1-000965,1,1.0,True,True,True
multilingual_e5_small,DEV-LOCAL-V1-000954,DEV-LOCAL-V1-000953,10,0.1,False,False,True
multilingual_e5_small,DEV-LOCAL-V1-000955,DEV-LOCAL-V1-000953,2,0.5,False,True,True
multilingual_e5_small,DEV-LOCAL-V1-000956,DEV-LOCAL-V1-000953,1,1.0,True,True,True
multilingual_e5_small,DEV-LOCAL-V1-000957,DEV-LOCAL-V1-000953,7,0.14285714285714285,False,False,True
multilingual_e5_small,DEV-LOCAL-V1-000958,DEV-LOCAL-V1-000953,28,0.03571428571428571,False,False,False
multilingual_e5_small,DEV-LOCAL-V1-000930,DEV-LOCAL-V1-000929,3,0.3333333333333333,False,True,True
multilingual_e5_small,DEV-LOCAL-V1-000931,DEV-LOCAL-V1-000929,2,0.5,False,True,True
multilingual_e5_small,DEV-LOCAL-V1-000932,DEV-LOCAL-V1-000929,3,0.3333333333333333,False,True,True
multilingual_e5_small,DEV-LOCAL-V1-000933,DEV-LOCAL-V1-000929,1,1.0,True,True,True
multilingual_e5_small,DEV-LOCAL-V1-000934,DEV-LOCAL-V1-000929,20,0.05,False,False,True
multilingual_e5_small,DEV-LOCAL-V1-001014,DEV-LOCAL-V1-001013,3,0.3333333333333333,False,True,True
multilingual_e5_small,DEV-LOCAL-V1-001015,DEV-LOCAL-V1-001013,2,0.5,False,True,True
multilingual_e5_small,DEV-LOCAL-V1-001016,DEV-LOCAL-V1-001013,1,1.0,True,True,True
multilingual_e5_small,DEV-LOCAL-V1-001017,DEV-LOCAL-V1-001013,2,0.5,False,True,True
multilingual_e5_small,DEV-LOCAL-V1-001018,DEV-LOCAL-V1-001013,4,0.25,False,True,True
multilingual_e5_small,DEV-LOCAL-V1-000810,DEV-LOCAL-V1-000809,30,0.03333333333333333,False,False,False
multilingual_e5_small,DEV-LOCAL-V1-000811,DEV-LOCAL-V1-000809,9,0.1111111111111111,False,False,True
multilingual_e5_small,DEV-LOCAL-V1-000812,DEV-LOCAL-V1-000809,18,0.05555555555555555,False,False,True
multilingual_e5_small,DEV-LOCAL-V1-000813,DEV-LOCAL-V1-000809,1,1.0,True,True,True
multilingual_e5_small,DEV-LOCAL-V1-000814,DEV-LOCAL-V1-000809,28,0.03571428571428571,False,False,False
multilingual_e5_small,DEV-LOCAL-V1-001170,DEV-LOCAL-V1-001169,29,0.034482758620689655,False,False,False
multilingual_e5_small,DEV-LOCAL-V1-001171,DEV-LOCAL-V1-001169,6,0.16666666666666666,False,False,True
multilingual_e5_small,DEV-LOCAL-V1-001172,DEV-LOCAL-V1-001169,22,0.045454545454545456,False,False,False
multilingual_e5_small,DEV-LOCAL-V1-001173,DEV-LOCAL-V1-001169,1,1.0,True,True,True
multilingual_e5_small,DEV-LOCAL-V1-001174,DEV-LOCAL-V1-001169,27,0.037037037037037035,False,False,False
multilingual_e5_small,DEV-LOCAL-V1-000678,DEV-LOCAL-V1-000677,4,0.25,False,True,True
multilingual_e5_small,DEV-LOCAL-V1-000679,DEV-LOCAL-V1-000677,2,0.5,False,True,True
multilingual_e5_small,DEV-LOCAL-V1-000680,DEV-LOCAL-V1-000677,4,0.25,False,True,True
multilingual_e5_small,DEV-LOCAL-V1-000681,DEV-LOCAL-V1-000677,4,0.25,False,True,True
multilingual_e5_small,DEV-LOCAL-V1-000682,DEV-LOCAL-V1-000677,19,0.05263157894736842,False,False,True
multilingual_e5_small,DEV-LOCAL-V1-001182,DEV-LOCAL-V1-001181,1,1.0,True,True,True
multilingual_e5_small,DEV-LOCAL-V1-001183,DEV-LOCAL-V1-001181,1,1.0,True,True,True
multilingual_e5_small,DEV-LOCAL-V1-001184,DEV-LOCAL-V1-001181,3,0.3333333333333333,False,True,True
multilingual_e5_small,DEV-LOCAL-V1-001185,DEV-LOCAL-V1-001181,1,1.0,True,True,True
multilingual_e5_small,DEV-LOCAL-V1-001186,DEV-LOCAL-V1-001181,15,0.06666666666666667,False,False,True
multilingual_minilm_l12,DEV-LOCAL-V1-001326,DEV-LOCAL-V1-001325,21,0.047619047619047616,False,False,False
multilingual_minilm_l12,DEV-LOCAL-V1-001327,DEV-LOCAL-V1-001325,17,0.058823529411764705,False,False,True
multilingual_minilm_l12,DEV-LOCAL-V1-001328,DEV-LOCAL-V1-001325,25,0.04,False,False,False
multilingual_minilm_l12,DEV-LOCAL-V1-001329,DEV-LOCAL-V1-001325,51,0.0196078431372549,False,False,False
multilingual_minilm_l12,DEV-LOCAL-V1-001330,DEV-LOCAL-V1-001325,12,0.08333333333333333,False,False,True
multilingual_minilm_l12,DEV-LOCAL-V1-001278,DEV-LOCAL-V1-001277,78,0.01282051282051282,False,False,False
multilingual_minilm_l12,DEV-LOCAL-V1-001279,DEV-LOCAL-V1-001277,49,0.02040816326530612,False,False,False
multilingual_minilm_l12,DEV-LOCAL-V1-001280,DEV-LOCAL-V1-001277,99,0.010101010101010102,False,False,False
multilingual_minilm_l12,DEV-LOCAL-V1-001281,DEV-LOCAL-V1-001277,80,0.0125,False,False,False
multilingual_minilm_l12,DEV-LOCAL-V1-001282,DEV-LOCAL-V1-001277,114,0.008771929824561403,False,False,False
multilingual_minilm_l12,DEV-LOCAL-V1-001026,DEV-LOCAL-V1-001025,1,1.0,True,True,True
multilingual_minilm_l12,DEV-LOCAL-V1-001027,DEV-LOCAL-V1-001025,1,1.0,True,True,True
multilingual_minilm_l12,DEV-LOCAL-V1-001028,DEV-LOCAL-V1-001025,1,1.0,True,True,True
multilingual_minilm_l12,DEV-LOCAL-V1-001029,DEV-LOCAL-V1-001025,1,1.0,True,True,True
multilingual_minilm_l12,DEV-LOCAL-V1-001030,DEV-LOCAL-V1-001025,1,1.0,True,True,True
multilingual_minilm_l12,DEV-LOCAL-V1-000858,DEV-LOCAL-V1-000857,11,0.09090909090909091,False,False,True
multilingual_minilm_l12,DEV-LOCAL-V1-000859,DEV-LOCAL-V1-000857,1,1.0,True,True,True
multilingual_minilm_l12,DEV-LOCAL-V1-000860,DEV-LOCAL-V1-000857,6,0.16666666666666666,False,False,True
multilingual_minilm_l12,DEV-LOCAL-V1-000861,DEV-LOCAL-V1-000857,9,0.1111111111111111,False,False,True
multilingual_minilm_l12,DEV-LOCAL-V1-000862,DEV-LOCAL-V1-000857,69,0.014492753623188406,False,False,False
multilingual_minilm_l12,DEV-LOCAL-V1-000942,DEV-LOCAL-V1-000941,1,1.0,True,True,True
multilingual_minilm_l12,DEV-LOCAL-V1-000943,DEV-LOCAL-V1-000941,3,0.3333333333333333,False,True,True
multilingual_minilm_l12,DEV-LOCAL-V1-000944,DEV-LOCAL-V1-000941,6,0.16666666666666666,False,False,True
multilingual_minilm_l12,DEV-LOCAL-V1-000945,DEV-LOCAL-V1-000941,7,0.14285714285714285,False,False,True
multilingual_minilm_l12,DEV-LOCAL-V1-000946,DEV-LOCAL-V1-000941,4,0.25,False,True,True
multilingual_minilm_l12,DEV-LOCAL-V1-001350,DEV-LOCAL-V1-001349,61,0.01639344262295082,False,False,False
multilingual_minilm_l12,DEV-LOCAL-V1-001351,DEV-LOCAL-V1-001349,53,0.018867924528301886,False,False,False
multilingual_minilm_l12,DEV-LOCAL-V1-001352,DEV-LOCAL-V1-001349,59,0.01694915254237288,False,False,False
multilingual_minilm_l12,DEV-LOCAL-V1-001353,DEV-LOCAL-V1-001349,21,0.047619047619047616,False,False,False
multilingual_minilm_l12,DEV-LOCAL-V1-001354,DEV-LOCAL-V1-001349,90,0.011111111111111112,False,False,False
multilingual_minilm_l12,DEV-LOCAL-V1-000702,DEV-LOCAL-V1-000701,4,0.25,False,True,True
multilingual_minilm_l12,DEV-LOCAL-V1-000703,DEV-LOCAL-V1-000701,11,0.09090909090909091,False,False,True
multilingual_minilm_l12,DEV-LOCAL-V1-000704,DEV-LOCAL-V1-000701,41,0.024390243902439025,False,False,False
multilingual_minilm_l12,DEV-LOCAL-V1-000705,DEV-LOCAL-V1-000701,44,0.022727272727272728,False,False,False
multilingual_minilm_l12,DEV-LOCAL-V1-000706,DEV-LOCAL-V1-000701,72,0.013888888888888888,False,False,False
multilingual_minilm_l12,DEV-LOCAL-V1-000714,DEV-LOCAL-V1-000713,46,0.021739130434782608,False,False,False
multilingual_minilm_l12,DEV-LOCAL-V1-000715,DEV-LOCAL-V1-000713,2,0.5,False,True,True
multilingual_minilm_l12,DEV-LOCAL-V1-000716,DEV-LOCAL-V1-000713,2,0.5,False,True,True
multilingual_minilm_l12,DEV-LOCAL-V1-000717,DEV-LOCAL-V1-000713,9,0.1111111111111111,False,False,True
multilingual_minilm_l12,DEV-LOCAL-V1-000718,DEV-LOCAL-V1-000713,74,0.013513513513513514,False,False,False
multilingual_minilm_l12,DEV-LOCAL-V1-001122,DEV-LOCAL-V1-001121,2,0.5,False,True,True
multilingual_minilm_l12,DEV-LOCAL-V1-001123,DEV-LOCAL-V1-001121,31,0.03225806451612903,False,False,False
multilingual_minilm_l12,DEV-LOCAL-V1-001124,DEV-LOCAL-V1-001121,25,0.04,False,False,False
multilingual_minilm_l12,DEV-LOCAL-V1-001125,DEV-LOCAL-V1-001121,12,0.08333333333333333,False,False,True
multilingual_minilm_l12,DEV-LOCAL-V1-001126,DEV-LOCAL-V1-001121,19,0.05263157894736842,False,False,True
multilingual_minilm_l12,DEV-LOCAL-V1-000726,DEV-LOCAL-V1-000725,7,0.14285714285714285,False,False,True
multilingual_minilm_l12,DEV-LOCAL-V1-000727,DEV-LOCAL-V1-000725,13,0.07692307692307693,False,False,True
multilingual_minilm_l12,DEV-LOCAL-V1-000728,DEV-LOCAL-V1-000725,11,0.09090909090909091,False,False,True
multilingual_minilm_l12,DEV-LOCAL-V1-000729,DEV-LOCAL-V1-000725,10,0.1,False,False,True
multilingual_minilm_l12,DEV-LOCAL-V1-000730,DEV-LOCAL-V1-000725,1,1.0,True,True,True
multilingual_minilm_l12,DEV-LOCAL-V1-000870,DEV-LOCAL-V1-000869,5,0.2,False,True,True
multilingual_minilm_l12,DEV-LOCAL-V1-000871,DEV-LOCAL-V1-000869,2,0.5,False,True,True
multilingual_minilm_l12,DEV-LOCAL-V1-000872,DEV-LOCAL-V1-000869,3,0.3333333333333333,False,True,True
multilingual_minilm_l12,DEV-LOCAL-V1-000873,DEV-LOCAL-V1-000869,2,0.5,False,True,True
multilingual_minilm_l12,DEV-LOCAL-V1-000874,DEV-LOCAL-V1-000869,7,0.14285714285714285,False,False,True
multilingual_minilm_l12,DEV-LOCAL-V1-001158,DEV-LOCAL-V1-001157,11,0.09090909090909091,False,False,True
multilingual_minilm_l12,DEV-LOCAL-V1-001159,DEV-LOCAL-V1-001157,1,1.0,True,True,True
multilingual_minilm_l12,DEV-LOCAL-V1-001160,DEV-LOCAL-V1-001157,8,0.125,False,False,True
multilingual_minilm_l12,DEV-LOCAL-V1-001161,DEV-LOCAL-V1-001157,11,0.09090909090909091,False,False,True
multilingual_minilm_l12,DEV-LOCAL-V1-001162,DEV-LOCAL-V1-001157,22,0.045454545454545456,False,False,False
multilingual_minilm_l12,DEV-LOCAL-V1-001134,DEV-LOCAL-V1-001133,73,0.0136986301369863,False,False,False
multilingual_minilm_l12,DEV-LOCAL-V1-001135,DEV-LOCAL-V1-001133,49,0.02040816326530612,False,False,False
multilingual_minilm_l12,DEV-LOCAL-V1-001136,DEV-LOCAL-V1-001133,18,0.05555555555555555,False,False,True
multilingual_minilm_l12,DEV-LOCAL-V1-001137,DEV-LOCAL-V1-001133,51,0.0196078431372549,False,False,False
multilingual_minilm_l12,DEV-LOCAL-V1-001138,DEV-LOCAL-V1-001133,104,0.009615384615384616,False,False,False
multilingual_minilm_l12,DEV-LOCAL-V1-000846,DEV-LOCAL-V1-000845,13,0.07692307692307693,False,False,True
multilingual_minilm_l12,DEV-LOCAL-V1-000847,DEV-LOCAL-V1-000845,19,0.05263157894736842,False,False,True
multilingual_minilm_l12,DEV-LOCAL-V1-000848,DEV-LOCAL-V1-000845,25,0.04,False,False,False
multilingual_minilm_l12,DEV-LOCAL-V1-000849,DEV-LOCAL-V1-000845,6,0.16666666666666666,False,False,True
multilingual_minilm_l12,DEV-LOCAL-V1-000850,DEV-LOCAL-V1-000845,11,0.09090909090909091,False,False,True
multilingual_minilm_l12,DEV-LOCAL-V1-000990,DEV-LOCAL-V1-000989,48,0.020833333333333332,False,False,False
multilingual_minilm_l12,DEV-LOCAL-V1-000991,DEV-LOCAL-V1-000989,34,0.029411764705882353,False,False,False
multilingual_minilm_l12,DEV-LOCAL-V1-000992,DEV-LOCAL-V1-000989,49,0.02040816326530612,False,False,False
multilingual_minilm_l12,DEV-LOCAL-V1-000993,DEV-LOCAL-V1-000989,18,0.05555555555555555,False,False,True
multilingual_minilm_l12,DEV-LOCAL-V1-000994,DEV-LOCAL-V1-000989,91,0.01098901098901099,False,False,False
multilingual_minilm_l12,DEV-LOCAL-V1-000798,DEV-LOCAL-V1-000797,9,0.1111111111111111,False,False,True
multilingual_minilm_l12,DEV-LOCAL-V1-000799,DEV-LOCAL-V1-000797,1,1.0,True,True,True
multilingual_minilm_l12,DEV-LOCAL-V1-000800,DEV-LOCAL-V1-000797,8,0.125,False,False,True
multilingual_minilm_l12,DEV-LOCAL-V1-000801,DEV-LOCAL-V1-000797,12,0.08333333333333333,False,False,True
multilingual_minilm_l12,DEV-LOCAL-V1-000802,DEV-LOCAL-V1-000797,20,0.05,False,False,True
multilingual_minilm_l12,DEV-LOCAL-V1-001206,DEV-LOCAL-V1-001205,14,0.07142857142857142,False,False,True
multilingual_minilm_l12,DEV-LOCAL-V1-001207,DEV-LOCAL-V1-001205,13,0.07692307692307693,False,False,True
multilingual_minilm_l12,DEV-LOCAL-V1-001208,DEV-LOCAL-V1-001205,10,0.1,False,False,True
multilingual_minilm_l12,DEV-LOCAL-V1-001209,DEV-LOCAL-V1-001205,5,0.2,False,True,True
multilingual_minilm_l12,DEV-LOCAL-V1-001210,DEV-LOCAL-V1-001205,10,0.1,False,False,True
multilingual_minilm_l12,DEV-LOCAL-V1-001050,DEV-LOCAL-V1-001049,66,0.015151515151515152,False,False,False
multilingual_minilm_l12,DEV-LOCAL-V1-001051,DEV-LOCAL-V1-001049,47,0.02127659574468085,False,False,False
multilingual_minilm_l12,DEV-LOCAL-V1-001052,DEV-LOCAL-V1-001049,42,0.023809523809523808,False,False,False
multilingual_minilm_l12,DEV-LOCAL-V1-001053,DEV-LOCAL-V1-001049,23,0.043478260869565216,False,False,False
multilingual_minilm_l12,DEV-LOCAL-V1-001054,DEV-LOCAL-V1-001049,62,0.016129032258064516,False,False,False
multilingual_minilm_l12,DEV-LOCAL-V1-001002,DEV-LOCAL-V1-001001,1,1.0,True,True,True
multilingual_minilm_l12,DEV-LOCAL-V1-001003,DEV-LOCAL-V1-001001,7,0.14285714285714285,False,False,True
multilingual_minilm_l12,DEV-LOCAL-V1-001004,DEV-LOCAL-V1-001001,11,0.09090909090909091,False,False,True
multilingual_minilm_l12,DEV-LOCAL-V1-001005,DEV-LOCAL-V1-001001,10,0.1,False,False,True
multilingual_minilm_l12,DEV-LOCAL-V1-001006,DEV-LOCAL-V1-001001,47,0.02127659574468085,False,False,False
multilingual_minilm_l12,DEV-LOCAL-V1-001086,DEV-LOCAL-V1-001085,5,0.2,False,True,True
multilingual_minilm_l12,DEV-LOCAL-V1-001087,DEV-LOCAL-V1-001085,10,0.1,False,False,True
multilingual_minilm_l12,DEV-LOCAL-V1-001088,DEV-LOCAL-V1-001085,11,0.09090909090909091,False,False,True
multilingual_minilm_l12,DEV-LOCAL-V1-001089,DEV-LOCAL-V1-001085,9,0.1111111111111111,False,False,True
multilingual_minilm_l12,DEV-LOCAL-V1-001090,DEV-LOCAL-V1-001085,1,1.0,True,True,True
multilingual_minilm_l12,DEV-LOCAL-V1-000750,DEV-LOCAL-V1-000749,64,0.015625,False,False,False
multilingual_minilm_l12,DEV-LOCAL-V1-000751,DEV-LOCAL-V1-000749,52,0.019230769230769232,False,False,False
multilingual_minilm_l12,DEV-LOCAL-V1-000752,DEV-LOCAL-V1-000749,57,0.017543859649122806,False,False,False
multilingual_minilm_l12,DEV-LOCAL-V1-000753,DEV-LOCAL-V1-000749,48,0.020833333333333332,False,False,False
multilingual_minilm_l12,DEV-LOCAL-V1-000754,DEV-LOCAL-V1-000749,76,0.013157894736842105,False,False,False
multilingual_minilm_l12,DEV-LOCAL-V1-000642,DEV-LOCAL-V1-000641,1,1.0,True,True,True
multilingual_minilm_l12,DEV-LOCAL-V1-000643,DEV-LOCAL-V1-000641,2,0.5,False,True,True
multilingual_minilm_l12,DEV-LOCAL-V1-000644,DEV-LOCAL-V1-000641,2,0.5,False,True,True
multilingual_minilm_l12,DEV-LOCAL-V1-000645,DEV-LOCAL-V1-000641,17,0.058823529411764705,False,False,True
multilingual_minilm_l12,DEV-LOCAL-V1-000646,DEV-LOCAL-V1-000641,31,0.03225806451612903,False,False,False
multilingual_minilm_l12,DEV-LOCAL-V1-001290,DEV-LOCAL-V1-001289,18,0.05555555555555555,False,False,True
multilingual_minilm_l12,DEV-LOCAL-V1-001291,DEV-LOCAL-V1-001289,2,0.5,False,True,True
multilingual_minilm_l12,DEV-LOCAL-V1-001292,DEV-LOCAL-V1-001289,4,0.25,False,True,True
multilingual_minilm_l12,DEV-LOCAL-V1-001293,DEV-LOCAL-V1-001289,2,0.5,False,True,True
multilingual_minilm_l12,DEV-LOCAL-V1-001294,DEV-LOCAL-V1-001289,33,0.030303030303030304,False,False,False
multilingual_minilm_l12,DEV-LOCAL-V1-001254,DEV-LOCAL-V1-001253,67,0.014925373134328358,False,False,False
multilingual_minilm_l12,DEV-LOCAL-V1-001255,DEV-LOCAL-V1-001253,51,0.0196078431372549,False,False,False
multilingual_minilm_l12,DEV-LOCAL-V1-001256,DEV-LOCAL-V1-001253,34,0.029411764705882353,False,False,False
multilingual_minilm_l12,DEV-LOCAL-V1-001257,DEV-LOCAL-V1-001253,81,0.012345679012345678,False,False,False
multilingual_minilm_l12,DEV-LOCAL-V1-001258,DEV-LOCAL-V1-001253,72,0.013888888888888888,False,False,False
multilingual_minilm_l12,DEV-LOCAL-V1-001062,DEV-LOCAL-V1-001061,11,0.09090909090909091,False,False,True
multilingual_minilm_l12,DEV-LOCAL-V1-001063,DEV-LOCAL-V1-001061,41,0.024390243902439025,False,False,False
multilingual_minilm_l12,DEV-LOCAL-V1-001064,DEV-LOCAL-V1-001061,67,0.014925373134328358,False,False,False
multilingual_minilm_l12,DEV-LOCAL-V1-001065,DEV-LOCAL-V1-001061,46,0.021739130434782608,False,False,False
multilingual_minilm_l12,DEV-LOCAL-V1-001066,DEV-LOCAL-V1-001061,79,0.012658227848101266,False,False,False
multilingual_minilm_l12,DEV-LOCAL-V1-001266,DEV-LOCAL-V1-001265,17,0.058823529411764705,False,False,True
multilingual_minilm_l12,DEV-LOCAL-V1-001267,DEV-LOCAL-V1-001265,49,0.02040816326530612,False,False,False
multilingual_minilm_l12,DEV-LOCAL-V1-001268,DEV-LOCAL-V1-001265,37,0.02702702702702703,False,False,False
multilingual_minilm_l12,DEV-LOCAL-V1-001269,DEV-LOCAL-V1-001265,13,0.07692307692307693,False,False,True
multilingual_minilm_l12,DEV-LOCAL-V1-001270,DEV-LOCAL-V1-001265,4,0.25,False,True,True
multilingual_minilm_l12,DEV-LOCAL-V1-000762,DEV-LOCAL-V1-000761,3,0.3333333333333333,False,True,True
multilingual_minilm_l12,DEV-LOCAL-V1-000763,DEV-LOCAL-V1-000761,46,0.021739130434782608,False,False,False
multilingual_minilm_l12,DEV-LOCAL-V1-000764,DEV-LOCAL-V1-000761,49,0.02040816326530612,False,False,False
multilingual_minilm_l12,DEV-LOCAL-V1-000765,DEV-LOCAL-V1-000761,54,0.018518518518518517,False,False,False
multilingual_minilm_l12,DEV-LOCAL-V1-000766,DEV-LOCAL-V1-000761,25,0.04,False,False,False
multilingual_minilm_l12,DEV-LOCAL-V1-000918,DEV-LOCAL-V1-000917,92,0.010869565217391304,False,False,False
multilingual_minilm_l12,DEV-LOCAL-V1-000919,DEV-LOCAL-V1-000917,75,0.013333333333333334,False,False,False
multilingual_minilm_l12,DEV-LOCAL-V1-000920,DEV-LOCAL-V1-000917,106,0.009433962264150943,False,False,False
multilingual_minilm_l12,DEV-LOCAL-V1-000921,DEV-LOCAL-V1-000917,84,0.011904761904761904,False,False,False
multilingual_minilm_l12,DEV-LOCAL-V1-000922,DEV-LOCAL-V1-000917,116,0.008620689655172414,False,False,False
multilingual_minilm_l12,DEV-LOCAL-V1-001038,DEV-LOCAL-V1-001037,94,0.010638297872340425,False,False,False
multilingual_minilm_l12,DEV-LOCAL-V1-001039,DEV-LOCAL-V1-001037,93,0.010752688172043012,False,False,False
multilingual_minilm_l12,DEV-LOCAL-V1-001040,DEV-LOCAL-V1-001037,110,0.00909090909090909,False,False,False
multilingual_minilm_l12,DEV-LOCAL-V1-001041,DEV-LOCAL-V1-001037,114,0.008771929824561403,False,False,False
multilingual_minilm_l12,DEV-LOCAL-V1-001042,DEV-LOCAL-V1-001037,111,0.009009009009009009,False,False,False
multilingual_minilm_l12,DEV-LOCAL-V1-000978,DEV-LOCAL-V1-000977,74,0.013513513513513514,False,False,False
multilingual_minilm_l12,DEV-LOCAL-V1-000979,DEV-LOCAL-V1-000977,29,0.034482758620689655,False,False,False
multilingual_minilm_l12,DEV-LOCAL-V1-000980,DEV-LOCAL-V1-000977,39,0.02564102564102564,False,False,False
multilingual_minilm_l12,DEV-LOCAL-V1-000981,DEV-LOCAL-V1-000977,57,0.017543859649122806,False,False,False
multilingual_minilm_l12,DEV-LOCAL-V1-000982,DEV-LOCAL-V1-000977,63,0.015873015873015872,False,False,False
multilingual_minilm_l12,DEV-LOCAL-V1-000786,DEV-LOCAL-V1-000785,1,1.0,True,True,True
multilingual_minilm_l12,DEV-LOCAL-V1-000787,DEV-LOCAL-V1-000785,8,0.125,False,False,True
multilingual_minilm_l12,DEV-LOCAL-V1-000788,DEV-LOCAL-V1-000785,4,0.25,False,True,True
multilingual_minilm_l12,DEV-LOCAL-V1-000789,DEV-LOCAL-V1-000785,2,0.5,False,True,True
multilingual_minilm_l12,DEV-LOCAL-V1-000790,DEV-LOCAL-V1-000785,4,0.25,False,True,True
multilingual_minilm_l12,DEV-LOCAL-V1-000894,DEV-LOCAL-V1-000893,71,0.014084507042253521,False,False,False
multilingual_minilm_l12,DEV-LOCAL-V1-000895,DEV-LOCAL-V1-000893,57,0.017543859649122806,False,False,False
multilingual_minilm_l12,DEV-LOCAL-V1-000896,DEV-LOCAL-V1-000893,38,0.02631578947368421,False,False,False
multilingual_minilm_l12,DEV-LOCAL-V1-000897,DEV-LOCAL-V1-000893,98,0.01020408163265306,False,False,False
multilingual_minilm_l12,DEV-LOCAL-V1-000898,DEV-LOCAL-V1-000893,87,0.011494252873563218,False,False,False
multilingual_minilm_l12,DEV-LOCAL-V1-001074,DEV-LOCAL-V1-001073,39,0.02564102564102564,False,False,False
multilingual_minilm_l12,DEV-LOCAL-V1-001075,DEV-LOCAL-V1-001073,1,1.0,True,True,True
multilingual_minilm_l12,DEV-LOCAL-V1-001076,DEV-LOCAL-V1-001073,1,1.0,True,True,True
multilingual_minilm_l12,DEV-LOCAL-V1-001077,DEV-LOCAL-V1-001073,9,0.1111111111111111,False,False,True
multilingual_minilm_l12,DEV-LOCAL-V1-001078,DEV-LOCAL-V1-001073,63,0.015873015873015872,False,False,False
multilingual_minilm_l12,DEV-LOCAL-V1-001098,DEV-LOCAL-V1-001097,28,0.03571428571428571,False,False,False
multilingual_minilm_l12,DEV-LOCAL-V1-001099,DEV-LOCAL-V1-001097,6,0.16666666666666666,False,False,True
multilingual_minilm_l12,DEV-LOCAL-V1-001100,DEV-LOCAL-V1-001097,17,0.058823529411764705,False,False,True
multilingual_minilm_l12,DEV-LOCAL-V1-001101,DEV-LOCAL-V1-001097,25,0.04,False,False,False
multilingual_minilm_l12,DEV-LOCAL-V1-001102,DEV-LOCAL-V1-001097,41,0.024390243902439025,False,False,False
multilingual_minilm_l12,DEV-LOCAL-V1-000738,DEV-LOCAL-V1-000737,9,0.1111111111111111,False,False,True
multilingual_minilm_l12,DEV-LOCAL-V1-000739,DEV-LOCAL-V1-000737,4,0.25,False,True,True
multilingual_minilm_l12,DEV-LOCAL-V1-000740,DEV-LOCAL-V1-000737,6,0.16666666666666666,False,False,True
multilingual_minilm_l12,DEV-LOCAL-V1-000741,DEV-LOCAL-V1-000737,9,0.1111111111111111,False,False,True
multilingual_minilm_l12,DEV-LOCAL-V1-000742,DEV-LOCAL-V1-000737,19,0.05263157894736842,False,False,True
multilingual_minilm_l12,DEV-LOCAL-V1-001302,DEV-LOCAL-V1-001301,1,1.0,True,True,True
multilingual_minilm_l12,DEV-LOCAL-V1-001303,DEV-LOCAL-V1-001301,1,1.0,True,True,True
multilingual_minilm_l12,DEV-LOCAL-V1-001304,DEV-LOCAL-V1-001301,4,0.25,False,True,True
multilingual_minilm_l12,DEV-LOCAL-V1-001305,DEV-LOCAL-V1-001301,4,0.25,False,True,True
multilingual_minilm_l12,DEV-LOCAL-V1-001306,DEV-LOCAL-V1-001301,4,0.25,False,True,True
multilingual_minilm_l12,DEV-LOCAL-V1-001218,DEV-LOCAL-V1-001217,18,0.05555555555555555,False,False,True
multilingual_minilm_l12,DEV-LOCAL-V1-001219,DEV-LOCAL-V1-001217,1,1.0,True,True,True
multilingual_minilm_l12,DEV-LOCAL-V1-001220,DEV-LOCAL-V1-001217,2,0.5,False,True,True
multilingual_minilm_l12,DEV-LOCAL-V1-001221,DEV-LOCAL-V1-001217,13,0.07692307692307693,False,False,True
multilingual_minilm_l12,DEV-LOCAL-V1-001222,DEV-LOCAL-V1-001217,58,0.017241379310344827,False,False,False
multilingual_minilm_l12,DEV-LOCAL-V1-001194,DEV-LOCAL-V1-001193,78,0.01282051282051282,False,False,False
multilingual_minilm_l12,DEV-LOCAL-V1-001195,DEV-LOCAL-V1-001193,33,0.030303030303030304,False,False,False
multilingual_minilm_l12,DEV-LOCAL-V1-001196,DEV-LOCAL-V1-001193,8,0.125,False,False,True
multilingual_minilm_l12,DEV-LOCAL-V1-001197,DEV-LOCAL-V1-001193,43,0.023255813953488372,False,False,False
multilingual_minilm_l12,DEV-LOCAL-V1-001198,DEV-LOCAL-V1-001193,51,0.0196078431372549,False,False,False
multilingual_minilm_l12,DEV-LOCAL-V1-000834,DEV-LOCAL-V1-000833,35,0.02857142857142857,False,False,False
multilingual_minilm_l12,DEV-LOCAL-V1-000835,DEV-LOCAL-V1-000833,10,0.1,False,False,True
multilingual_minilm_l12,DEV-LOCAL-V1-000836,DEV-LOCAL-V1-000833,3,0.3333333333333333,False,True,True
multilingual_minilm_l12,DEV-LOCAL-V1-000837,DEV-LOCAL-V1-000833,22,0.045454545454545456,False,False,False
multilingual_minilm_l12,DEV-LOCAL-V1-000838,DEV-LOCAL-V1-000833,31,0.03225806451612903,False,False,False
multilingual_minilm_l12,DEV-LOCAL-V1-000666,DEV-LOCAL-V1-000665,1,1.0,True,True,True
multilingual_minilm_l12,DEV-LOCAL-V1-000667,DEV-LOCAL-V1-000665,2,0.5,False,True,True
multilingual_minilm_l12,DEV-LOCAL-V1-000668,DEV-LOCAL-V1-000665,3,0.3333333333333333,False,True,True
multilingual_minilm_l12,DEV-LOCAL-V1-000669,DEV-LOCAL-V1-000665,3,0.3333333333333333,False,True,True
multilingual_minilm_l12,DEV-LOCAL-V1-000670,DEV-LOCAL-V1-000665,1,1.0,True,True,True
multilingual_minilm_l12,DEV-LOCAL-V1-001338,DEV-LOCAL-V1-001337,28,0.03571428571428571,False,False,False
multilingual_minilm_l12,DEV-LOCAL-V1-001339,DEV-LOCAL-V1-001337,1,1.0,True,True,True
multilingual_minilm_l12,DEV-LOCAL-V1-001340,DEV-LOCAL-V1-001337,9,0.1111111111111111,False,False,True
multilingual_minilm_l12,DEV-LOCAL-V1-001341,DEV-LOCAL-V1-001337,44,0.022727272727272728,False,False,False
multilingual_minilm_l12,DEV-LOCAL-V1-001342,DEV-LOCAL-V1-001337,62,0.016129032258064516,False,False,False
multilingual_minilm_l12,DEV-LOCAL-V1-001110,DEV-LOCAL-V1-001109,83,0.012048192771084338,False,False,False
multilingual_minilm_l12,DEV-LOCAL-V1-001111,DEV-LOCAL-V1-001109,48,0.020833333333333332,False,False,False
multilingual_minilm_l12,DEV-LOCAL-V1-001112,DEV-LOCAL-V1-001109,51,0.0196078431372549,False,False,False
multilingual_minilm_l12,DEV-LOCAL-V1-001113,DEV-LOCAL-V1-001109,61,0.01639344262295082,False,False,False
multilingual_minilm_l12,DEV-LOCAL-V1-001114,DEV-LOCAL-V1-001109,89,0.011235955056179775,False,False,False
multilingual_minilm_l12,DEV-LOCAL-V1-000774,DEV-LOCAL-V1-000773,77,0.012987012987012988,False,False,False
multilingual_minilm_l12,DEV-LOCAL-V1-000775,DEV-LOCAL-V1-000773,76,0.013157894736842105,False,False,False
multilingual_minilm_l12,DEV-LOCAL-V1-000776,DEV-LOCAL-V1-000773,41,0.024390243902439025,False,False,False
multilingual_minilm_l12,DEV-LOCAL-V1-000777,DEV-LOCAL-V1-000773,72,0.013888888888888888,False,False,False
multilingual_minilm_l12,DEV-LOCAL-V1-000778,DEV-LOCAL-V1-000773,102,0.00980392156862745,False,False,False
multilingual_minilm_l12,DEV-LOCAL-V1-000654,DEV-LOCAL-V1-000653,8,0.125,False,False,True
multilingual_minilm_l12,DEV-LOCAL-V1-000655,DEV-LOCAL-V1-000653,2,0.5,False,True,True
multilingual_minilm_l12,DEV-LOCAL-V1-000656,DEV-LOCAL-V1-000653,1,1.0,True,True,True
multilingual_minilm_l12,DEV-LOCAL-V1-000657,DEV-LOCAL-V1-000653,3,0.3333333333333333,False,True,True
multilingual_minilm_l12,DEV-LOCAL-V1-000658,DEV-LOCAL-V1-000653,12,0.08333333333333333,False,False,True
multilingual_minilm_l12,DEV-LOCAL-V1-001230,DEV-LOCAL-V1-001229,5,0.2,False,True,True
multilingual_minilm_l12,DEV-LOCAL-V1-001231,DEV-LOCAL-V1-001229,1,1.0,True,True,True
multilingual_minilm_l12,DEV-LOCAL-V1-001232,DEV-LOCAL-V1-001229,2,0.5,False,True,True
multilingual_minilm_l12,DEV-LOCAL-V1-001233,DEV-LOCAL-V1-001229,1,1.0,True,True,True
multilingual_minilm_l12,DEV-LOCAL-V1-001234,DEV-LOCAL-V1-001229,9,0.1111111111111111,False,False,True
multilingual_minilm_l12,DEV-LOCAL-V1-000822,DEV-LOCAL-V1-000821,4,0.25,False,True,True
multilingual_minilm_l12,DEV-LOCAL-V1-000823,DEV-LOCAL-V1-000821,28,0.03571428571428571,False,False,False
multilingual_minilm_l12,DEV-LOCAL-V1-000824,DEV-LOCAL-V1-000821,49,0.02040816326530612,False,False,False
multilingual_minilm_l12,DEV-LOCAL-V1-000825,DEV-LOCAL-V1-000821,83,0.012048192771084338,False,False,False
multilingual_minilm_l12,DEV-LOCAL-V1-000826,DEV-LOCAL-V1-000821,53,0.018867924528301886,False,False,False
multilingual_minilm_l12,DEV-LOCAL-V1-001242,DEV-LOCAL-V1-001241,2,0.5,False,True,True
multilingual_minilm_l12,DEV-LOCAL-V1-001243,DEV-LOCAL-V1-001241,6,0.16666666666666666,False,False,True
multilingual_minilm_l12,DEV-LOCAL-V1-001244,DEV-LOCAL-V1-001241,9,0.1111111111111111,False,False,True
multilingual_minilm_l12,DEV-LOCAL-V1-001245,DEV-LOCAL-V1-001241,10,0.1,False,False,True
multilingual_minilm_l12,DEV-LOCAL-V1-001246,DEV-LOCAL-V1-001241,20,0.05,False,False,True
multilingual_minilm_l12,DEV-LOCAL-V1-001314,DEV-LOCAL-V1-001313,14,0.07142857142857142,False,False,True
multilingual_minilm_l12,DEV-LOCAL-V1-001315,DEV-LOCAL-V1-001313,7,0.14285714285714285,False,False,True
multilingual_minilm_l12,DEV-LOCAL-V1-001316,DEV-LOCAL-V1-001313,4,0.25,False,True,True
multilingual_minilm_l12,DEV-LOCAL-V1-001317,DEV-LOCAL-V1-001313,18,0.05555555555555555,False,False,True
multilingual_minilm_l12,DEV-LOCAL-V1-001318,DEV-LOCAL-V1-001313,25,0.04,False,False,False
multilingual_minilm_l12,DEV-LOCAL-V1-000906,DEV-LOCAL-V1-000905,30,0.03333333333333333,False,False,False
multilingual_minilm_l12,DEV-LOCAL-V1-000907,DEV-LOCAL-V1-000905,63,0.015873015873015872,False,False,False
multilingual_minilm_l12,DEV-LOCAL-V1-000908,DEV-LOCAL-V1-000905,63,0.015873015873015872,False,False,False
multilingual_minilm_l12,DEV-LOCAL-V1-000909,DEV-LOCAL-V1-000905,37,0.02702702702702703,False,False,False
multilingual_minilm_l12,DEV-LOCAL-V1-000910,DEV-LOCAL-V1-000905,7,0.14285714285714285,False,False,True
multilingual_minilm_l12,DEV-LOCAL-V1-001146,DEV-LOCAL-V1-001145,2,0.5,False,True,True
multilingual_minilm_l12,DEV-LOCAL-V1-001147,DEV-LOCAL-V1-001145,9,0.1111111111111111,False,False,True
multilingual_minilm_l12,DEV-LOCAL-V1-001148,DEV-LOCAL-V1-001145,6,0.16666666666666666,False,False,True
multilingual_minilm_l12,DEV-LOCAL-V1-001149,DEV-LOCAL-V1-001145,7,0.14285714285714285,False,False,True
multilingual_minilm_l12,DEV-LOCAL-V1-001150,DEV-LOCAL-V1-001145,1,1.0,True,True,True
multilingual_minilm_l12,DEV-LOCAL-V1-000690,DEV-LOCAL-V1-000689,47,0.02127659574468085,False,False,False
multilingual_minilm_l12,DEV-LOCAL-V1-000691,DEV-LOCAL-V1-000689,28,0.03571428571428571,False,False,False
multilingual_minilm_l12,DEV-LOCAL-V1-000692,DEV-LOCAL-V1-000689,19,0.05263157894736842,False,False,True
multilingual_minilm_l12,DEV-LOCAL-V1-000693,DEV-LOCAL-V1-000689,3,0.3333333333333333,False,True,True
multilingual_minilm_l12,DEV-LOCAL-V1-000694,DEV-LOCAL-V1-000689,22,0.045454545454545456,False,False,False
multilingual_minilm_l12,DEV-LOCAL-V1-000882,DEV-LOCAL-V1-000881,1,1.0,True,True,True
multilingual_minilm_l12,DEV-LOCAL-V1-000883,DEV-LOCAL-V1-000881,4,0.25,False,True,True
multilingual_minilm_l12,DEV-LOCAL-V1-000884,DEV-LOCAL-V1-000881,4,0.25,False,True,True
multilingual_minilm_l12,DEV-LOCAL-V1-000885,DEV-LOCAL-V1-000881,8,0.125,False,False,True
multilingual_minilm_l12,DEV-LOCAL-V1-000886,DEV-LOCAL-V1-000881,14,0.07142857142857142,False,False,True
multilingual_minilm_l12,DEV-LOCAL-V1-000966,DEV-LOCAL-V1-000965,20,0.05,False,False,True
multilingual_minilm_l12,DEV-LOCAL-V1-000967,DEV-LOCAL-V1-000965,10,0.1,False,False,True
multilingual_minilm_l12,DEV-LOCAL-V1-000968,DEV-LOCAL-V1-000965,11,0.09090909090909091,False,False,True
multilingual_minilm_l12,DEV-LOCAL-V1-000969,DEV-LOCAL-V1-000965,33,0.030303030303030304,False,False,False
multilingual_minilm_l12,DEV-LOCAL-V1-000970,DEV-LOCAL-V1-000965,11,0.09090909090909091,False,False,True
multilingual_minilm_l12,DEV-LOCAL-V1-000954,DEV-LOCAL-V1-000953,10,0.1,False,False,True
multilingual_minilm_l12,DEV-LOCAL-V1-000955,DEV-LOCAL-V1-000953,9,0.1111111111111111,False,False,True
multilingual_minilm_l12,DEV-LOCAL-V1-000956,DEV-LOCAL-V1-000953,3,0.3333333333333333,False,True,True
multilingual_minilm_l12,DEV-LOCAL-V1-000957,DEV-LOCAL-V1-000953,10,0.1,False,False,True
multilingual_minilm_l12,DEV-LOCAL-V1-000958,DEV-LOCAL-V1-000953,28,0.03571428571428571,False,False,False
multilingual_minilm_l12,DEV-LOCAL-V1-000930,DEV-LOCAL-V1-000929,2,0.5,False,True,True
multilingual_minilm_l12,DEV-LOCAL-V1-000931,DEV-LOCAL-V1-000929,3,0.3333333333333333,False,True,True
multilingual_minilm_l12,DEV-LOCAL-V1-000932,DEV-LOCAL-V1-000929,1,1.0,True,True,True
multilingual_minilm_l12,DEV-LOCAL-V1-000933,DEV-LOCAL-V1-000929,1,1.0,True,True,True
multilingual_minilm_l12,DEV-LOCAL-V1-000934,DEV-LOCAL-V1-000929,15,0.06666666666666667,False,False,True
multilingual_minilm_l12,DEV-LOCAL-V1-001014,DEV-LOCAL-V1-001013,5,0.2,False,True,True
multilingual_minilm_l12,DEV-LOCAL-V1-001015,DEV-LOCAL-V1-001013,1,1.0,True,True,True
multilingual_minilm_l12,DEV-LOCAL-V1-001016,DEV-LOCAL-V1-001013,1,1.0,True,True,True
multilingual_minilm_l12,DEV-LOCAL-V1-001017,DEV-LOCAL-V1-001013,3,0.3333333333333333,False,True,True
multilingual_minilm_l12,DEV-LOCAL-V1-001018,DEV-LOCAL-V1-001013,11,0.09090909090909091,False,False,True
multilingual_minilm_l12,DEV-LOCAL-V1-000810,DEV-LOCAL-V1-000809,5,0.2,False,True,True
multilingual_minilm_l12,DEV-LOCAL-V1-000811,DEV-LOCAL-V1-000809,1,1.0,True,True,True
multilingual_minilm_l12,DEV-LOCAL-V1-000812,DEV-LOCAL-V1-000809,2,0.5,False,True,True
multilingual_minilm_l12,DEV-LOCAL-V1-000813,DEV-LOCAL-V1-000809,2,0.5,False,True,True
multilingual_minilm_l12,DEV-LOCAL-V1-000814,DEV-LOCAL-V1-000809,12,0.08333333333333333,False,False,True
multilingual_minilm_l12,DEV-LOCAL-V1-001170,DEV-LOCAL-V1-001169,3,0.3333333333333333,False,True,True
multilingual_minilm_l12,DEV-LOCAL-V1-001171,DEV-LOCAL-V1-001169,1,1.0,True,True,True
multilingual_minilm_l12,DEV-LOCAL-V1-001172,DEV-LOCAL-V1-001169,1,1.0,True,True,True
multilingual_minilm_l12,DEV-LOCAL-V1-001173,DEV-LOCAL-V1-001169,1,1.0,True,True,True
multilingual_minilm_l12,DEV-LOCAL-V1-001174,DEV-LOCAL-V1-001169,11,0.09090909090909091,False,False,True
multilingual_minilm_l12,DEV-LOCAL-V1-000678,DEV-LOCAL-V1-000677,66,0.015151515151515152,False,False,False
multilingual_minilm_l12,DEV-LOCAL-V1-000679,DEV-LOCAL-V1-000677,52,0.019230769230769232,False,False,False
multilingual_minilm_l12,DEV-LOCAL-V1-000680,DEV-LOCAL-V1-000677,74,0.013513513513513514,False,False,False
multilingual_minilm_l12,DEV-LOCAL-V1-000681,DEV-LOCAL-V1-000677,89,0.011235955056179775,False,False,False
multilingual_minilm_l12,DEV-LOCAL-V1-000682,DEV-LOCAL-V1-000677,87,0.011494252873563218,False,False,False
multilingual_minilm_l12,DEV-LOCAL-V1-001182,DEV-LOCAL-V1-001181,2,0.5,False,True,True
multilingual_minilm_l12,DEV-LOCAL-V1-001183,DEV-LOCAL-V1-001181,7,0.14285714285714285,False,False,True
multilingual_minilm_l12,DEV-LOCAL-V1-001184,DEV-LOCAL-V1-001181,40,0.025,False,False,False
multilingual_minilm_l12,DEV-LOCAL-V1-001185,DEV-LOCAL-V1-001181,78,0.01282051282051282,False,False,False
multilingual_minilm_l12,DEV-LOCAL-V1-001186,DEV-LOCAL-V1-001181,49,0.02040816326530612,False,False,False
