combination_id,task,representation,embedding,classifier,fold,unit_id,group,gold,prediction,semantic_prediction,covered,correct,confidence,p_obra,p_demo,p_sob_demanda,p_triagem_manual,p_nao_duplicado,p_duplicado
classification__tfidf__none__logistic_regression,classification,tfidf,,logistic_regression,0,DEV-LOCAL-V1-000346,50f27c00168f30835c9e781d2fbb0fb94fc5e75214d3c87b28e0d15f97180d34,SOB_DEMANDA,SOB_DEMANDA,SOB_DEMANDA,True,True,0.9643390419303816,0.003172003544489849,0.008498845335525545,0.9643390419303816,0.02399010918960314,,
classification__tfidf__none__logistic_regression,classification,tfidf,,logistic_regression,0,DEV-LOCAL-V1-000347,50f27c00168f30835c9e781d2fbb0fb94fc5e75214d3c87b28e0d15f97180d34,SOB_DEMANDA,SOB_DEMANDA,SOB_DEMANDA,True,True,0.9288435572634881,0.017348423250387397,0.007391261164181473,0.9288435572634881,0.04641675832194304,,
classification__tfidf__none__logistic_regression,classification,tfidf,,logistic_regression,0,DEV-LOCAL-V1-000348,50f27c00168f30835c9e781d2fbb0fb94fc5e75214d3c87b28e0d15f97180d34,SOB_DEMANDA,SOB_DEMANDA,SOB_DEMANDA,True,True,0.9693633138953255,0.0038056411782312334,0.007890210081321411,0.9693633138953255,0.01894083484512199,,
classification__tfidf__none__logistic_regression,classification,tfidf,,logistic_regression,0,DEV-LOCAL-V1-000349,50f27c00168f30835c9e781d2fbb0fb94fc5e75214d3c87b28e0d15f97180d34,SOB_DEMANDA,SOB_DEMANDA,SOB_DEMANDA,True,True,0.9720367398909945,0.003505424296316226,0.006778859968417758,0.9720367398909945,0.01767897584427154,,
classification__tfidf__none__logistic_regression,classification,tfidf,,logistic_regression,0,DEV-LOCAL-V1-000350,50f27c00168f30835c9e781d2fbb0fb94fc5e75214d3c87b28e0d15f97180d34,SOB_DEMANDA,SOB_DEMANDA,SOB_DEMANDA,True,True,0.9374713970735229,0.0028759214938883625,0.00929979014503287,0.9374713970735229,0.0503528912875558,,
classification__tfidf__none__logistic_regression,classification,tfidf,,logistic_regression,0,DEV-LOCAL-V1-000056,01be3bf606fc78a7fdfc7a5b45fe83b77852a0793ff39623dff51811c98298ae,OBRA,OBRA,OBRA,False,False,0.8454215500998585,0.8454215500998585,0.09672294714946798,0.04896273590076531,0.00889276684990811,,
classification__tfidf__none__logistic_regression,classification,tfidf,,logistic_regression,0,DEV-LOCAL-V1-000057,01be3bf606fc78a7fdfc7a5b45fe83b77852a0793ff39623dff51811c98298ae,OBRA,OBRA,OBRA,False,False,0.6278892571719294,0.6278892571719294,0.1637767430414166,0.20715157869937084,0.001182421087283068,,
classification__tfidf__none__logistic_regression,classification,tfidf,,logistic_regression,0,DEV-LOCAL-V1-000058,01be3bf606fc78a7fdfc7a5b45fe83b77852a0793ff39623dff51811c98298ae,OBRA,OBRA,OBRA,False,False,0.8562173713454689,0.8562173713454689,0.09370206688072645,0.04327575743431202,0.006804804339492561,,
classification__tfidf__none__logistic_regression,classification,tfidf,,logistic_regression,0,DEV-LOCAL-V1-000059,01be3bf606fc78a7fdfc7a5b45fe83b77852a0793ff39623dff51811c98298ae,OBRA,OBRA,OBRA,False,False,0.8582820152090721,0.8582820152090721,0.09108466385890339,0.044756575172163145,0.005876745759861295,,
classification__tfidf__none__logistic_regression,classification,tfidf,,logistic_regression,0,DEV-LOCAL-V1-000060,01be3bf606fc78a7fdfc7a5b45fe83b77852a0793ff39623dff51811c98298ae,OBRA,OBRA,OBRA,False,False,0.8324880915136975,0.8324880915136975,0.09273258514599445,0.05426920311348467,0.020510120226823338,,
classification__tfidf__none__logistic_regression,classification,tfidf,,logistic_regression,0,DEV-LOCAL-V1-000006,2d9c7185842c9e6087b6b02d07f8b02ca2ddab2e6e039cfd72ad8b990e180cc2,OBRA,OBRA,OBRA,True,True,0.9102487281683652,0.9102487281683652,0.023809698067741195,0.06121247895659411,0.004729094807299448,,
classification__tfidf__none__logistic_regression,classification,tfidf,,logistic_regression,0,DEV-LOCAL-V1-000007,2d9c7185842c9e6087b6b02d07f8b02ca2ddab2e6e039cfd72ad8b990e180cc2,OBRA,OBRA,OBRA,False,False,0.8287890619741793,0.8287890619741793,0.025583091885174547,0.14501292859983625,0.0006149175408098719,,
classification__tfidf__none__logistic_regression,classification,tfidf,,logistic_regression,0,DEV-LOCAL-V1-000008,2d9c7185842c9e6087b6b02d07f8b02ca2ddab2e6e039cfd72ad8b990e180cc2,OBRA,OBRA,OBRA,True,True,0.9012673580474201,0.9012673580474201,0.027063471033324907,0.06752080782819542,0.004148363091059491,,
classification__tfidf__none__logistic_regression,classification,tfidf,,logistic_regression,0,DEV-LOCAL-V1-000009,2d9c7185842c9e6087b6b02d07f8b02ca2ddab2e6e039cfd72ad8b990e180cc2,OBRA,OBRA,OBRA,True,True,0.913770694708438,0.913770694708438,0.022122338426023954,0.06092808622494666,0.003178880640591408,,
classification__tfidf__none__logistic_regression,classification,tfidf,,logistic_regression,0,DEV-LOCAL-V1-000010,2d9c7185842c9e6087b6b02d07f8b02ca2ddab2e6e039cfd72ad8b990e180cc2,OBRA,OBRA,OBRA,True,True,0.9061944150003167,0.9061944150003167,0.022426956996030242,0.05843758695317741,0.01294104105047583,,
classification__tfidf__none__logistic_regression,classification,tfidf,,logistic_regression,0,DEV-LOCAL-V1-000047,6292d824e91c32ab66527d8f823b60f52fd7633c01d0bbda17eed8f1ef4df0b9,OBRA,OBRA,OBRA,False,False,0.8556569921283934,0.8556569921283934,0.008021203494696646,0.13392037683577163,0.002401427541138189,,
classification__tfidf__none__logistic_regression,classification,tfidf,,logistic_regression,0,DEV-LOCAL-V1-000050,6292d824e91c32ab66527d8f823b60f52fd7633c01d0bbda17eed8f1ef4df0b9,OBRA,OBRA,OBRA,True,True,0.9221819165852011,0.9221819165852011,0.015390038605977206,0.05133894429664094,0.011089100512180627,,
classification__tfidf__none__logistic_regression,classification,tfidf,,logistic_regression,0,DEV-LOCAL-V1-000616,b2d2145e1c6f107fafe084efbdf48e8de6fbf76f8392d1cda683474a81fe23f6,TRIAGEM_MANUAL,TRIAGEM_MANUAL,TRIAGEM_MANUAL,True,True,0.6672299884636798,0.0129065078324569,0.22123127547822607,0.09863222822563734,0.6672299884636798,,
classification__tfidf__none__logistic_regression,classification,tfidf,,logistic_regression,0,DEV-LOCAL-V1-000617,b2d2145e1c6f107fafe084efbdf48e8de6fbf76f8392d1cda683474a81fe23f6,TRIAGEM_MANUAL,DEMO,DEMO,False,False,0.5006939892855297,0.059782313707860954,0.5006939892855297,0.1961277809271669,0.24339591607944253,,
classification__tfidf__none__logistic_regression,classification,tfidf,,logistic_regression,0,DEV-LOCAL-V1-000618,b2d2145e1c6f107fafe084efbdf48e8de6fbf76f8392d1cda683474a81fe23f6,TRIAGEM_MANUAL,TRIAGEM_MANUAL,TRIAGEM_MANUAL,False,False,0.5976009227591037,0.015589817015469963,0.29661411291776585,0.09019514730766043,0.5976009227591037,,
classification__tfidf__none__logistic_regression,classification,tfidf,,logistic_regression,0,DEV-LOCAL-V1-000619,b2d2145e1c6f107fafe084efbdf48e8de6fbf76f8392d1cda683474a81fe23f6,TRIAGEM_MANUAL,TRIAGEM_MANUAL,TRIAGEM_MANUAL,False,False,0.6077716462425281,0.010986161973047052,0.28499955570625884,0.09624263607816592,0.6077716462425281,,
classification__tfidf__none__logistic_regression,classification,tfidf,,logistic_regression,0,DEV-LOCAL-V1-000620,b2d2145e1c6f107fafe084efbdf48e8de6fbf76f8392d1cda683474a81fe23f6,TRIAGEM_MANUAL,TRIAGEM_MANUAL,TRIAGEM_MANUAL,True,True,0.6830123188071108,0.010534535854794599,0.20790204057348696,0.09855110476460759,0.6830123188071108,,
classification__tfidf__none__logistic_regression,classification,tfidf,,logistic_regression,0,DEV-LOCAL-V1-000356,8db79e4b879c64296ca62f1d351556bcc67e974506ae12cee1a7e7907608ebe7,SOB_DEMANDA,SOB_DEMANDA,SOB_DEMANDA,True,True,0.9866352723797583,0.004220786400095385,0.0035404847100431827,0.9866352723797583,0.0056034565101030906,,
classification__tfidf__none__logistic_regression,classification,tfidf,,logistic_regression,0,DEV-LOCAL-V1-000357,8db79e4b879c64296ca62f1d351556bcc67e974506ae12cee1a7e7907608ebe7,SOB_DEMANDA,SOB_DEMANDA,SOB_DEMANDA,True,True,0.9195087806175833,0.07336786849926344,0.004438955882417283,0.9195087806175833,0.002684395000735974,,
classification__tfidf__none__logistic_regression,classification,tfidf,,logistic_regression,0,DEV-LOCAL-V1-000358,8db79e4b879c64296ca62f1d351556bcc67e974506ae12cee1a7e7907608ebe7,SOB_DEMANDA,SOB_DEMANDA,SOB_DEMANDA,True,True,0.9869441342525448,0.005291872873566559,0.0034525557762960135,0.9869441342525448,0.004311437097592543,,
classification__tfidf__none__logistic_regression,classification,tfidf,,logistic_regression,0,DEV-LOCAL-V1-000359,8db79e4b879c64296ca62f1d351556bcc67e974506ae12cee1a7e7907608ebe7,SOB_DEMANDA,SOB_DEMANDA,SOB_DEMANDA,True,True,0.9890583998509076,0.0044245975017164945,0.0028807292389433086,0.9890583998509076,0.0036362734084326577,,
classification__tfidf__none__logistic_regression,classification,tfidf,,logistic_regression,0,DEV-LOCAL-V1-000360,8db79e4b879c64296ca62f1d351556bcc67e974506ae12cee1a7e7907608ebe7,SOB_DEMANDA,SOB_DEMANDA,SOB_DEMANDA,True,True,0.9793488843705714,0.004228077383373305,0.004230997352472204,0.9793488843705714,0.012192040893583096,,
classification__tfidf__none__logistic_regression,classification,tfidf,,logistic_regression,0,DEV-LOCAL-V1-000021,72682d208df6920206e2c1311c3af416610c982e8fd3ae9ac51894dd8bb0a569,OBRA,DEMO,DEMO,False,False,0.4470210209792471,0.3317222171996699,0.4470210209792471,0.22065283817740686,0.0006039236436760348,,
classification__tfidf__none__logistic_regression,classification,tfidf,,logistic_regression,0,DEV-LOCAL-V1-000022,72682d208df6920206e2c1311c3af416610c982e8fd3ae9ac51894dd8bb0a569,OBRA,DEMO,DEMO,False,False,0.540781592667621,0.02439271193692089,0.540781592667621,0.43458975940062816,0.00023593599482996035,,
classification__tfidf__none__logistic_regression,classification,tfidf,,logistic_regression,0,DEV-LOCAL-V1-000023,72682d208df6920206e2c1311c3af416610c982e8fd3ae9ac51894dd8bb0a569,OBRA,DEMO,DEMO,False,False,0.4219525280223915,0.3882097167316151,0.4219525280223915,0.18944609554146633,0.0003916597045270437,,
classification__tfidf__none__logistic_regression,classification,tfidf,,logistic_regression,0,DEV-LOCAL-V1-000024,72682d208df6920206e2c1311c3af416610c982e8fd3ae9ac51894dd8bb0a569,OBRA,OBRA,OBRA,False,False,0.4274746120229016,0.4274746120229016,0.3703627404105007,0.20191616004820304,0.0002464875183946447,,
classification__tfidf__none__logistic_regression,classification,tfidf,,logistic_regression,0,DEV-LOCAL-V1-000025,72682d208df6920206e2c1311c3af416610c982e8fd3ae9ac51894dd8bb0a569,OBRA,DEMO,DEMO,False,False,0.45984792401294916,0.28707119203928716,0.45984792401294916,0.2514415632327651,0.001639320714998572,,
classification__tfidf__none__logistic_regression,classification,tfidf,,logistic_regression,0,DEV-LOCAL-V1-000381,780b79e27f5037df9a39917de184620dfd0efb472c279b16c4a72375bbb5df7a,SOB_DEMANDA,SOB_DEMANDA,SOB_DEMANDA,True,True,0.9643783018231039,0.0009342531000904912,0.03142916702811302,0.9643783018231039,0.0032582780486925403,,
classification__tfidf__none__logistic_regression,classification,tfidf,,logistic_regression,0,DEV-LOCAL-V1-000382,780b79e27f5037df9a39917de184620dfd0efb472c279b16c4a72375bbb5df7a,SOB_DEMANDA,SOB_DEMANDA,SOB_DEMANDA,True,True,0.7620748622550179,0.022651029102017387,0.21143880560326572,0.7620748622550179,0.003835303039699121,,
classification__tfidf__none__logistic_regression,classification,tfidf,,logistic_regression,0,DEV-LOCAL-V1-000383,780b79e27f5037df9a39917de184620dfd0efb472c279b16c4a72375bbb5df7a,SOB_DEMANDA,SOB_DEMANDA,SOB_DEMANDA,True,True,0.960974834010283,0.0011223347670140224,0.035466930308962585,0.960974834010283,0.0024359009137403993,,
classification__tfidf__none__logistic_regression,classification,tfidf,,logistic_regression,0,DEV-LOCAL-V1-000384,780b79e27f5037df9a39917de184620dfd0efb472c279b16c4a72375bbb5df7a,SOB_DEMANDA,SOB_DEMANDA,SOB_DEMANDA,True,True,0.9535880324446584,0.0013276919060631256,0.04254244367900212,0.9535880324446584,0.002541831970276455,,
classification__tfidf__none__logistic_regression,classification,tfidf,,logistic_regression,0,DEV-LOCAL-V1-000385,780b79e27f5037df9a39917de184620dfd0efb472c279b16c4a72375bbb5df7a,SOB_DEMANDA,SOB_DEMANDA,SOB_DEMANDA,True,True,0.9609339215461115,0.0010339719855599345,0.03043856350669399,0.9609339215461115,0.007593542961634412,,
classification__tfidf__none__logistic_regression,classification,tfidf,,logistic_regression,0,DEV-LOCAL-V1-000341,fc0a119332429107907e75715cd75e6af5b3031cd2b4401d68a08cd62acceee1,SOB_DEMANDA,SOB_DEMANDA,SOB_DEMANDA,True,True,0.8897044136618273,0.00018724913306306936,0.10868208442991928,0.8897044136618273,0.0014262527751903022,,
classification__tfidf__none__logistic_regression,classification,tfidf,,logistic_regression,0,DEV-LOCAL-V1-000342,fc0a119332429107907e75715cd75e6af5b3031cd2b4401d68a08cd62acceee1,SOB_DEMANDA,SOB_DEMANDA,SOB_DEMANDA,True,True,0.783932562250205,0.0005017216745072718,0.21511527561641441,0.783932562250205,0.0004504404588734003,,
classification__tfidf__none__logistic_regression,classification,tfidf,,logistic_regression,0,DEV-LOCAL-V1-000343,fc0a119332429107907e75715cd75e6af5b3031cd2b4401d68a08cd62acceee1,SOB_DEMANDA,SOB_DEMANDA,SOB_DEMANDA,True,True,0.8959268501064852,0.0002171977627776989,0.10278609787633826,0.8959268501064852,0.0010698542543989408,,
classification__tfidf__none__logistic_regression,classification,tfidf,,logistic_regression,0,DEV-LOCAL-V1-000344,fc0a119332429107907e75715cd75e6af5b3031cd2b4401d68a08cd62acceee1,SOB_DEMANDA,SOB_DEMANDA,SOB_DEMANDA,True,True,0.9023176397559947,0.0002349366976966206,0.09661743347334968,0.9023176397559947,0.0008299900729590807,,
classification__tfidf__none__logistic_regression,classification,tfidf,,logistic_regression,0,DEV-LOCAL-V1-000345,fc0a119332429107907e75715cd75e6af5b3031cd2b4401d68a08cd62acceee1,SOB_DEMANDA,SOB_DEMANDA,SOB_DEMANDA,True,True,0.8987360763960622,0.00021123238002040113,0.0971459996354605,0.8987360763960622,0.003906691588456964,,
classification__tfidf__none__logistic_regression,classification,tfidf,,logistic_regression,0,DEV-LOCAL-V1-000386,edfc81703e159cc4321e8c9728593b0a279ac2c7c0e03283e7927fd2fc24b17e,SOB_DEMANDA,SOB_DEMANDA,SOB_DEMANDA,True,True,0.9169145553295074,0.004199481242762802,0.07577002435947679,0.9169145553295074,0.0031159390682530277,,
classification__tfidf__none__logistic_regression,classification,tfidf,,logistic_regression,0,DEV-LOCAL-V1-000387,edfc81703e159cc4321e8c9728593b0a279ac2c7c0e03283e7927fd2fc24b17e,SOB_DEMANDA,SOB_DEMANDA,SOB_DEMANDA,True,True,0.8651474389587914,0.025597760519154227,0.10710593859527281,0.8651474389587914,0.0021488619267814404,,
classification__tfidf__none__logistic_regression,classification,tfidf,,logistic_regression,0,DEV-LOCAL-V1-000388,edfc81703e159cc4321e8c9728593b0a279ac2c7c0e03283e7927fd2fc24b17e,SOB_DEMANDA,SOB_DEMANDA,SOB_DEMANDA,True,True,0.9190307765845315,0.005007453151088345,0.0736447228506121,0.9190307765845315,0.0023170474137680407,,
classification__tfidf__none__logistic_regression,classification,tfidf,,logistic_regression,0,DEV-LOCAL-V1-000389,edfc81703e159cc4321e8c9728593b0a279ac2c7c0e03283e7927fd2fc24b17e,SOB_DEMANDA,SOB_DEMANDA,SOB_DEMANDA,True,True,0.9281559737222866,0.006876335253695517,0.06335319894909139,0.9281559737222866,0.0016144920749264259,,
classification__tfidf__none__logistic_regression,classification,tfidf,,logistic_regression,0,DEV-LOCAL-V1-000390,edfc81703e159cc4321e8c9728593b0a279ac2c7c0e03283e7927fd2fc24b17e,SOB_DEMANDA,SOB_DEMANDA,SOB_DEMANDA,True,True,0.9194071524738441,0.0038564824987132613,0.06904157328089848,0.9194071524738441,0.007694791746544165,,
classification__tfidf__none__logistic_regression,classification,tfidf,,logistic_regression,0,DEV-LOCAL-V1-000326,5846be7c5d9d8500b51fccf5050a4949394ac32bea598df559827c98aa1378f4,SOB_DEMANDA,SOB_DEMANDA,SOB_DEMANDA,True,True,0.878912786984804,0.0013213062304982064,0.06596080253301399,0.878912786984804,0.05380510425168373,,
classification__tfidf__none__logistic_regression,classification,tfidf,,logistic_regression,0,DEV-LOCAL-V1-000327,5846be7c5d9d8500b51fccf5050a4949394ac32bea598df559827c98aa1378f4,SOB_DEMANDA,SOB_DEMANDA,SOB_DEMANDA,True,True,0.6944011202052499,0.024786417858671448,0.2776000884210222,0.6944011202052499,0.003212373515056494,,
classification__tfidf__none__logistic_regression,classification,tfidf,,logistic_regression,0,DEV-LOCAL-V1-000328,5846be7c5d9d8500b51fccf5050a4949394ac32bea598df559827c98aa1378f4,SOB_DEMANDA,SOB_DEMANDA,SOB_DEMANDA,True,True,0.8852674487771253,0.001565651363759656,0.06629466835407336,0.8852674487771253,0.04687223150504183,,
classification__tfidf__none__logistic_regression,classification,tfidf,,logistic_regression,0,DEV-LOCAL-V1-000329,5846be7c5d9d8500b51fccf5050a4949394ac32bea598df559827c98aa1378f4,SOB_DEMANDA,SOB_DEMANDA,SOB_DEMANDA,True,True,0.8921628711564658,0.0012588202942943434,0.060525738307056064,0.8921628711564658,0.0460525702421839,,
classification__tfidf__none__logistic_regression,classification,tfidf,,logistic_regression,0,DEV-LOCAL-V1-000330,5846be7c5d9d8500b51fccf5050a4949394ac32bea598df559827c98aa1378f4,SOB_DEMANDA,SOB_DEMANDA,SOB_DEMANDA,True,True,0.8302877617113787,0.001223772137654146,0.055956954607231574,0.8302877617113787,0.11253151154373554,,
classification__tfidf__none__logistic_regression,classification,tfidf,,logistic_regression,0,DEV-LOCAL-V1-000211,cf876eede53c324d590910302fbb7c19c111f6c7dcf0e930f81751daf49b0d93,DEMO,DEMO,DEMO,False,False,0.4544537015888535,0.2211771948995028,0.4544537015888535,0.2282671811675419,0.09610192234410174,,
classification__tfidf__none__logistic_regression,classification,tfidf,,logistic_regression,0,DEV-LOCAL-V1-000212,cf876eede53c324d590910302fbb7c19c111f6c7dcf0e930f81751daf49b0d93,DEMO,SOB_DEMANDA,SOB_DEMANDA,True,False,0.6532228157294605,0.03379243663267968,0.22049576312040828,0.6532228157294605,0.09248898451745154,,
classification__tfidf__none__logistic_regression,classification,tfidf,,logistic_regression,0,DEV-LOCAL-V1-000213,cf876eede53c324d590910302fbb7c19c111f6c7dcf0e930f81751daf49b0d93,DEMO,DEMO,DEMO,False,False,0.4482032523803679,0.2561163523975379,0.4482032523803679,0.20268537452280203,0.09299502069929219,,
classification__tfidf__none__logistic_regression,classification,tfidf,,logistic_regression,0,DEV-LOCAL-V1-000214,cf876eede53c324d590910302fbb7c19c111f6c7dcf0e930f81751daf49b0d93,DEMO,DEMO,DEMO,False,False,0.47618460011556873,0.16131197395109284,0.47618460011556873,0.2715601953658648,0.09094323056747362,,
classification__tfidf__none__logistic_regression,classification,tfidf,,logistic_regression,0,DEV-LOCAL-V1-000215,cf876eede53c324d590910302fbb7c19c111f6c7dcf0e930f81751daf49b0d93,DEMO,DEMO,DEMO,False,False,0.39350342930518595,0.2012949987126792,0.39350342930518595,0.24070753185649757,0.1644940401256373,,
classification__tfidf__none__logistic_regression,classification,tfidf,,logistic_regression,0,DEV-LOCAL-V1-000106,81601f08df6c900e17b8c650178e481962ed282d6d053dbd8b6229d0858c0b7c,OBRA,OBRA,OBRA,True,True,0.9577436922216995,0.9577436922216995,0.004832570134416791,0.010453522790863971,0.02697021485301958,,
classification__tfidf__none__logistic_regression,classification,tfidf,,logistic_regression,0,DEV-LOCAL-V1-000107,81601f08df6c900e17b8c650178e481962ed282d6d053dbd8b6229d0858c0b7c,OBRA,OBRA,OBRA,True,True,0.92649986256659,0.92649986256659,0.0034614903331249367,0.02459096369047238,0.0454476834098128,,
classification__tfidf__none__logistic_regression,classification,tfidf,,logistic_regression,0,DEV-LOCAL-V1-000108,81601f08df6c900e17b8c650178e481962ed282d6d053dbd8b6229d0858c0b7c,OBRA,OBRA,OBRA,True,True,0.9592550401147694,0.9592550401147694,0.005940056376848434,0.011364405158538385,0.023440498349843672,,
classification__tfidf__none__logistic_regression,classification,tfidf,,logistic_regression,0,DEV-LOCAL-V1-000109,81601f08df6c900e17b8c650178e481962ed282d6d053dbd8b6229d0858c0b7c,OBRA,OBRA,OBRA,True,True,0.964544477846554,0.964544477846554,0.004438956406879086,0.01030522994416731,0.020711335802399686,,
classification__tfidf__none__logistic_regression,classification,tfidf,,logistic_regression,0,DEV-LOCAL-V1-000110,81601f08df6c900e17b8c650178e481962ed282d6d053dbd8b6229d0858c0b7c,OBRA,OBRA,OBRA,True,True,0.9321900200895267,0.9321900200895267,0.005404769010229722,0.012372153177040353,0.050033057723203246,,
classification__tfidf__none__logistic_regression,classification,tfidf,,logistic_regression,0,DEV-LOCAL-V1-000591,a20f1f018907b09eecd93402b466c9abc2b07a9de6a41b22270263e845afad34,TRIAGEM_MANUAL,TRIAGEM_MANUAL,TRIAGEM_MANUAL,True,True,0.8999414930736399,0.014706977193264624,0.012965015375296866,0.07238651435779847,0.8999414930736399,,
classification__tfidf__none__logistic_regression,classification,tfidf,,logistic_regression,0,DEV-LOCAL-V1-000592,a20f1f018907b09eecd93402b466c9abc2b07a9de6a41b22270263e845afad34,TRIAGEM_MANUAL,OBRA,OBRA,False,False,0.4527179002028088,0.4527179002028088,0.0034558385046714784,0.1997586448640901,0.34406761642842965,,
classification__tfidf__none__logistic_regression,classification,tfidf,,logistic_regression,0,DEV-LOCAL-V1-000593,a20f1f018907b09eecd93402b466c9abc2b07a9de6a41b22270263e845afad34,TRIAGEM_MANUAL,TRIAGEM_MANUAL,TRIAGEM_MANUAL,True,True,0.8978235962523914,0.007863978548625318,0.015782764122496087,0.07852966107648716,0.8978235962523914,,
classification__tfidf__none__logistic_regression,classification,tfidf,,logistic_regression,0,DEV-LOCAL-V1-000594,a20f1f018907b09eecd93402b466c9abc2b07a9de6a41b22270263e845afad34,TRIAGEM_MANUAL,TRIAGEM_MANUAL,TRIAGEM_MANUAL,True,True,0.8967161453596062,0.02247666342479073,0.010798273075118258,0.07000891814048489,0.8967161453596062,,
classification__tfidf__none__logistic_regression,classification,tfidf,,logistic_regression,0,DEV-LOCAL-V1-000595,a20f1f018907b09eecd93402b466c9abc2b07a9de6a41b22270263e845afad34,TRIAGEM_MANUAL,TRIAGEM_MANUAL,TRIAGEM_MANUAL,True,True,0.8982087252731158,0.012957293682244806,0.01245243221178779,0.07638154883285153,0.8982087252731158,,
classification__tfidf__none__logistic_regression,classification,tfidf,,logistic_regression,0,DEV-LOCAL-V1-000466,287b569b271c80146f54d84a4dd7a26e5eb19ed2e39e16dc087ba9fcfad1a4b3,SOB_DEMANDA,SOB_DEMANDA,SOB_DEMANDA,True,True,0.8396831907118005,0.009330413446577316,0.1492775953262174,0.8396831907118005,0.0017088005154047184,,
classification__tfidf__none__logistic_regression,classification,tfidf,,logistic_regression,0,DEV-LOCAL-V1-000467,287b569b271c80146f54d84a4dd7a26e5eb19ed2e39e16dc087ba9fcfad1a4b3,SOB_DEMANDA,SOB_DEMANDA,SOB_DEMANDA,True,True,0.771107844303239,0.03906124924745475,0.1877196772594716,0.771107844303239,0.0021112291898347305,,
classification__tfidf__none__logistic_regression,classification,tfidf,,logistic_regression,0,DEV-LOCAL-V1-000468,287b569b271c80146f54d84a4dd7a26e5eb19ed2e39e16dc087ba9fcfad1a4b3,SOB_DEMANDA,SOB_DEMANDA,SOB_DEMANDA,True,True,0.8400307844232011,0.011595805150216706,0.14710824216833465,0.8400307844232011,0.0012651682582474194,,
classification__tfidf__none__logistic_regression,classification,tfidf,,logistic_regression,0,DEV-LOCAL-V1-000469,287b569b271c80146f54d84a4dd7a26e5eb19ed2e39e16dc087ba9fcfad1a4b3,SOB_DEMANDA,SOB_DEMANDA,SOB_DEMANDA,True,True,0.8501478432102838,0.009496580359789335,0.13931875815093922,0.8501478432102838,0.0010368182789876304,,
classification__tfidf__none__logistic_regression,classification,tfidf,,logistic_regression,0,DEV-LOCAL-V1-000470,287b569b271c80146f54d84a4dd7a26e5eb19ed2e39e16dc087ba9fcfad1a4b3,SOB_DEMANDA,SOB_DEMANDA,SOB_DEMANDA,True,True,0.8385535116354927,0.007938943241803212,0.14909457987042427,0.8385535116354927,0.00441296525227982,,
classification__tfidf__none__logistic_regression,classification,tfidf,,logistic_regression,0,DEV-LOCAL-V1-000101,d2458a58ab9e3a8342e8fa5e22f3db661bcc1661ad3ce13f035177a8685bf605,OBRA,OBRA,OBRA,False,False,0.665149434530946,0.665149434530946,0.2866099182707148,0.047606881005883485,0.0006337661924557649,,
classification__tfidf__none__logistic_regression,classification,tfidf,,logistic_regression,0,DEV-LOCAL-V1-000102,d2458a58ab9e3a8342e8fa5e22f3db661bcc1661ad3ce13f035177a8685bf605,OBRA,OBRA,OBRA,False,False,0.6644046668766308,0.6644046668766308,0.2656497850373951,0.06963623250195783,0.00030931558401622763,,
classification__tfidf__none__logistic_regression,classification,tfidf,,logistic_regression,0,DEV-LOCAL-V1-000103,d2458a58ab9e3a8342e8fa5e22f3db661bcc1661ad3ce13f035177a8685bf605,OBRA,OBRA,OBRA,False,False,0.6702036759018498,0.6702036759018498,0.28504124192139657,0.04430506162020615,0.0004500205565474504,,
classification__tfidf__none__logistic_regression,classification,tfidf,,logistic_regression,0,DEV-LOCAL-V1-000104,d2458a58ab9e3a8342e8fa5e22f3db661bcc1661ad3ce13f035177a8685bf605,OBRA,OBRA,OBRA,False,False,0.6649883924306511,0.6649883924306511,0.2843302655530453,0.05027249341022545,0.0004088486060782298,,
classification__tfidf__none__logistic_regression,classification,tfidf,,logistic_regression,0,DEV-LOCAL-V1-000105,d2458a58ab9e3a8342e8fa5e22f3db661bcc1661ad3ce13f035177a8685bf605,OBRA,OBRA,OBRA,False,False,0.6705608272129344,0.6705608272129344,0.27250260460762155,0.05529316999823926,0.0016433981812046979,,
classification__tfidf__none__logistic_regression,classification,tfidf,,logistic_regression,0,DEV-LOCAL-V1-000196,97af988f240c6241a0872a65fa6ffabed51e485abb329060efcc970634f77d07,DEMO,DEMO,DEMO,True,True,0.911757490137549,0.01563401701694387,0.911757490137549,0.06590279864614504,0.006705694199361917,,
classification__tfidf__none__logistic_regression,classification,tfidf,,logistic_regression,0,DEV-LOCAL-V1-000197,97af988f240c6241a0872a65fa6ffabed51e485abb329060efcc970634f77d07,DEMO,DEMO,DEMO,True,True,0.8976496869209679,0.0061967308399591275,0.8976496869209679,0.087638561214293,0.008515021024780014,,
classification__tfidf__none__logistic_regression,classification,tfidf,,logistic_regression,0,DEV-LOCAL-V1-000198,97af988f240c6241a0872a65fa6ffabed51e485abb329060efcc970634f77d07,DEMO,DEMO,DEMO,True,True,0.914189855645792,0.018978783711682358,0.914189855645792,0.06137546942694189,0.005455891215583726,,
classification__tfidf__none__logistic_regression,classification,tfidf,,logistic_regression,0,DEV-LOCAL-V1-000199,97af988f240c6241a0872a65fa6ffabed51e485abb329060efcc970634f77d07,DEMO,DEMO,DEMO,True,True,0.9115145067758884,0.01604004553265616,0.9115145067758884,0.06753176827102218,0.004913679420433322,,
classification__tfidf__none__logistic_regression,classification,tfidf,,logistic_regression,0,DEV-LOCAL-V1-000200,97af988f240c6241a0872a65fa6ffabed51e485abb329060efcc970634f77d07,DEMO,DEMO,DEMO,True,True,0.9038458096068295,0.01346758868840789,0.9038458096068295,0.06796184708872184,0.014724754616040763,,
classification__tfidf__none__logistic_regression,classification,tfidf,,logistic_regression,0,DEV-LOCAL-V1-000201,153ba1a9f686c4cb7a73745fd8b6665f356880bce4fc03800f46e846f7ef97fb,DEMO,DEMO,DEMO,True,True,0.850654342672422,0.01983411268716914,0.850654342672422,0.11529119805547225,0.014220346584936532,,
classification__tfidf__none__logistic_regression,classification,tfidf,,logistic_regression,0,DEV-LOCAL-V1-000202,153ba1a9f686c4cb7a73745fd8b6665f356880bce4fc03800f46e846f7ef97fb,DEMO,SOB_DEMANDA,SOB_DEMANDA,False,False,0.37659576344709966,0.25776670172988714,0.3634890735995019,0.37659576344709966,0.0021484612235113726,,
classification__tfidf__none__logistic_regression,classification,tfidf,,logistic_regression,0,DEV-LOCAL-V1-000203,153ba1a9f686c4cb7a73745fd8b6665f356880bce4fc03800f46e846f7ef97fb,DEMO,DEMO,DEMO,True,True,0.8509571008068898,0.025839942435420524,0.8509571008068898,0.11272419993589936,0.0104787568217903,,
classification__tfidf__none__logistic_regression,classification,tfidf,,logistic_regression,0,DEV-LOCAL-V1-000204,153ba1a9f686c4cb7a73745fd8b6665f356880bce4fc03800f46e846f7ef97fb,DEMO,DEMO,DEMO,True,True,0.8393152930119234,0.022338741575836936,0.8393152930119234,0.129394140637267,0.008951824774972661,,
classification__tfidf__none__logistic_regression,classification,tfidf,,logistic_regression,0,DEV-LOCAL-V1-000205,153ba1a9f686c4cb7a73745fd8b6665f356880bce4fc03800f46e846f7ef97fb,DEMO,DEMO,DEMO,True,True,0.8171420565648698,0.01745541312017074,0.8171420565648698,0.13495690586930634,0.030445624445653113,,
classification__tfidf__none__logistic_regression,classification,tfidf,,logistic_regression,0,DEV-LOCAL-V1-000166,b6f10ee8e5fa7431fd11b5d5efd9ddd5b624de245f8f092155020e5e3071d65f,DEMO,DEMO,DEMO,True,True,0.8517856275377856,0.01741593605929611,0.8517856275377856,0.06407420522484411,0.06672423117807401,,
classification__tfidf__none__logistic_regression,classification,tfidf,,logistic_regression,0,DEV-LOCAL-V1-000167,b6f10ee8e5fa7431fd11b5d5efd9ddd5b624de245f8f092155020e5e3071d65f,DEMO,TRIAGEM_MANUAL,TRIAGEM_MANUAL,False,False,0.397341252578342,0.37969969658275543,0.11994016937396097,0.10301888146494162,0.397341252578342,,
classification__tfidf__none__logistic_regression,classification,tfidf,,logistic_regression,0,DEV-LOCAL-V1-000168,b6f10ee8e5fa7431fd11b5d5efd9ddd5b624de245f8f092155020e5e3071d65f,DEMO,DEMO,DEMO,True,True,0.8641174495933325,0.022990172390848943,0.8641174495933325,0.05974829826994193,0.053144079745876635,,
classification__tfidf__none__logistic_regression,classification,tfidf,,logistic_regression,0,DEV-LOCAL-V1-000169,b6f10ee8e5fa7431fd11b5d5efd9ddd5b624de245f8f092155020e5e3071d65f,DEMO,DEMO,DEMO,True,True,0.8709465071956871,0.01837230593179668,0.8709465071956871,0.06613801913106337,0.04454316774145286,,
classification__tfidf__none__logistic_regression,classification,tfidf,,logistic_regression,0,DEV-LOCAL-V1-000170,b6f10ee8e5fa7431fd11b5d5efd9ddd5b624de245f8f092155020e5e3071d65f,DEMO,DEMO,DEMO,True,True,0.7617062478768145,0.015297784915213483,0.7617062478768145,0.07071017034750574,0.15228579686046634,,
classification__tfidf__none__logistic_regression,classification,tfidf,,logistic_regression,0,DEV-LOCAL-V1-000276,4b5f0bad8548b8323573722bfd0acbaceafb96f41bd6d578fe4d42960ad7c2d5,DEMO,DEMO,DEMO,True,True,0.7720605183379353,0.027009633597239905,0.7720605183379353,0.18989937228646164,0.011030475778363186,,
classification__tfidf__none__logistic_regression,classification,tfidf,,logistic_regression,0,DEV-LOCAL-V1-000277,4b5f0bad8548b8323573722bfd0acbaceafb96f41bd6d578fe4d42960ad7c2d5,DEMO,DEMO,DEMO,True,True,0.6789234979437028,0.0319651088013716,0.6789234979437028,0.28817234903187855,0.0009390442230470891,,
classification__tfidf__none__logistic_regression,classification,tfidf,,logistic_regression,0,DEV-LOCAL-V1-000278,4b5f0bad8548b8323573722bfd0acbaceafb96f41bd6d578fe4d42960ad7c2d5,DEMO,DEMO,DEMO,True,True,0.7807322891697058,0.03517812273412281,0.7807322891697058,0.1756336929957464,0.008455895100425027,,
classification__tfidf__none__logistic_regression,classification,tfidf,,logistic_regression,0,DEV-LOCAL-V1-000279,4b5f0bad8548b8323573722bfd0acbaceafb96f41bd6d578fe4d42960ad7c2d5,DEMO,DEMO,DEMO,True,True,0.7673827888295148,0.03362857484458541,0.7673827888295148,0.1919879191046744,0.00700071722122542,,
classification__tfidf__none__logistic_regression,classification,tfidf,,logistic_regression,0,DEV-LOCAL-V1-000280,4b5f0bad8548b8323573722bfd0acbaceafb96f41bd6d578fe4d42960ad7c2d5,DEMO,DEMO,DEMO,True,True,0.7444490982372896,0.025335704740109773,0.7444490982372896,0.20184613235012683,0.028369064672473833,,
classification__tfidf__none__logistic_regression,classification,tfidf,,logistic_regression,0,DEV-LOCAL-V1-000151,42afa2d16482dd5c2e6582807282dc6b783a0b92444822e1be433b140a3b940c,OBRA,OBRA,OBRA,False,False,0.8694365335999314,0.8694365335999314,0.06772534925531486,0.012043274802005005,0.05079484234274869,,
classification__tfidf__none__logistic_regression,classification,tfidf,,logistic_regression,0,DEV-LOCAL-V1-000152,42afa2d16482dd5c2e6582807282dc6b783a0b92444822e1be433b140a3b940c,OBRA,OBRA,OBRA,False,False,0.8784691411841812,0.8784691411841812,0.01986337860264967,0.012556295455061931,0.0891111847581073,,
classification__tfidf__none__logistic_regression,classification,tfidf,,logistic_regression,0,DEV-LOCAL-V1-000153,42afa2d16482dd5c2e6582807282dc6b783a0b92444822e1be433b140a3b940c,OBRA,OBRA,OBRA,False,False,0.8784001935384079,0.8784001935384079,0.0699138777357136,0.010882358384738479,0.04080357034114006,,
classification__tfidf__none__logistic_regression,classification,tfidf,,logistic_regression,0,DEV-LOCAL-V1-000154,42afa2d16482dd5c2e6582807282dc6b783a0b92444822e1be433b140a3b940c,OBRA,OBRA,OBRA,False,False,0.8876133478441643,0.8876133478441643,0.06352055316167189,0.01045758660057574,0.038408512393587925,,
classification__tfidf__none__logistic_regression,classification,tfidf,,logistic_regression,0,DEV-LOCAL-V1-000155,42afa2d16482dd5c2e6582807282dc6b783a0b92444822e1be433b140a3b940c,OBRA,OBRA,OBRA,False,False,0.6759738934551257,0.6759738934551257,0.2130906874368626,0.013963789781155516,0.09697162932685621,,
classification__tfidf__none__logistic_regression,classification,tfidf,,logistic_regression,1,DEV-LOCAL-V1-000406,4eb71d31a5cb31ca426c09a71d73b7836c059492b920247c3a31773e1f62df79,SOB_DEMANDA,SOB_DEMANDA,SOB_DEMANDA,False,False,0.8575768187984749,0.004435372384599138,0.12644182469061588,0.8575768187984749,0.011545984126310051,,
classification__tfidf__none__logistic_regression,classification,tfidf,,logistic_regression,1,DEV-LOCAL-V1-000407,4eb71d31a5cb31ca426c09a71d73b7836c059492b920247c3a31773e1f62df79,SOB_DEMANDA,SOB_DEMANDA,SOB_DEMANDA,False,False,0.8202953503745201,0.030044655573067874,0.14351190991137766,0.8202953503745201,0.006148084141034478,,
classification__tfidf__none__logistic_regression,classification,tfidf,,logistic_regression,1,DEV-LOCAL-V1-000408,4eb71d31a5cb31ca426c09a71d73b7836c059492b920247c3a31773e1f62df79,SOB_DEMANDA,SOB_DEMANDA,SOB_DEMANDA,False,False,0.8637338425474604,0.005038477752410515,0.12106670382521903,0.8637338425474604,0.010160975874909923,,
classification__tfidf__none__logistic_regression,classification,tfidf,,logistic_regression,1,DEV-LOCAL-V1-000409,4eb71d31a5cb31ca426c09a71d73b7836c059492b920247c3a31773e1f62df79,SOB_DEMANDA,SOB_DEMANDA,SOB_DEMANDA,False,False,0.8677182360827028,0.0050525098662535985,0.11772686370311648,0.8677182360827028,0.009502390347927166,,
classification__tfidf__none__logistic_regression,classification,tfidf,,logistic_regression,1,DEV-LOCAL-V1-000410,4eb71d31a5cb31ca426c09a71d73b7836c059492b920247c3a31773e1f62df79,SOB_DEMANDA,SOB_DEMANDA,SOB_DEMANDA,False,False,0.847953116708696,0.004846594389017153,0.13183977688000015,0.847953116708696,0.015360512022286648,,
classification__tfidf__none__logistic_regression,classification,tfidf,,logistic_regression,1,DEV-LOCAL-V1-000331,f52e9f1cc62e3ab45b37de6ffd2a9bc806f36c809e0cc0efca8e5c2518e51fc7,SOB_DEMANDA,SOB_DEMANDA,SOB_DEMANDA,False,False,0.8112826846832928,0.008691673897463309,0.1311324714489345,0.8112826846832928,0.04889316997030942,,
classification__tfidf__none__logistic_regression,classification,tfidf,,logistic_regression,1,DEV-LOCAL-V1-000332,f52e9f1cc62e3ab45b37de6ffd2a9bc806f36c809e0cc0efca8e5c2518e51fc7,SOB_DEMANDA,SOB_DEMANDA,SOB_DEMANDA,False,False,0.7441407527507259,0.050197896211006066,0.16017885713147476,0.7441407527507259,0.045482493906793334,,
classification__tfidf__none__logistic_regression,classification,tfidf,,logistic_regression,1,DEV-LOCAL-V1-000333,f52e9f1cc62e3ab45b37de6ffd2a9bc806f36c809e0cc0efca8e5c2518e51fc7,SOB_DEMANDA,SOB_DEMANDA,SOB_DEMANDA,False,False,0.8341107986374916,0.008456331733143896,0.12160937343170423,0.8341107986374916,0.035823496197660246,,
classification__tfidf__none__logistic_regression,classification,tfidf,,logistic_regression,1,DEV-LOCAL-V1-000334,f52e9f1cc62e3ab45b37de6ffd2a9bc806f36c809e0cc0efca8e5c2518e51fc7,SOB_DEMANDA,SOB_DEMANDA,SOB_DEMANDA,False,False,0.8171564875160287,0.010138033015577492,0.1277634199951333,0.8171564875160287,0.04494205947326053,,
classification__tfidf__none__logistic_regression,classification,tfidf,,logistic_regression,1,DEV-LOCAL-V1-000335,f52e9f1cc62e3ab45b37de6ffd2a9bc806f36c809e0cc0efca8e5c2518e51fc7,SOB_DEMANDA,SOB_DEMANDA,SOB_DEMANDA,False,False,0.7942327262009573,0.009369261587670092,0.13794273877430005,0.7942327262009573,0.05845527343707254,,
classification__tfidf__none__logistic_regression,classification,tfidf,,logistic_regression,1,DEV-LOCAL-V1-000111,2f8252b982618f6cb52127512bee092328700bffa261bd9e66a2dbaa17d53907,OBRA,OBRA,OBRA,False,False,0.8513183042241724,0.8513183042241724,0.10040124237988654,0.0059242808923256,0.042356172503615404,,
classification__tfidf__none__logistic_regression,classification,tfidf,,logistic_regression,1,DEV-LOCAL-V1-000112,2f8252b982618f6cb52127512bee092328700bffa261bd9e66a2dbaa17d53907,OBRA,OBRA,OBRA,False,False,0.7921697047266854,0.7921697047266854,0.11811439870383483,0.0397341059153778,0.049981790654102014,,
classification__tfidf__none__logistic_regression,classification,tfidf,,logistic_regression,1,DEV-LOCAL-V1-000113,2f8252b982618f6cb52127512bee092328700bffa261bd9e66a2dbaa17d53907,OBRA,OBRA,OBRA,False,False,0.8448600622398851,0.8448600622398851,0.11233084585685145,0.006465687611491687,0.03634340429177186,,
classification__tfidf__none__logistic_regression,classification,tfidf,,logistic_regression,1,DEV-LOCAL-V1-000114,2f8252b982618f6cb52127512bee092328700bffa261bd9e66a2dbaa17d53907,OBRA,OBRA,OBRA,False,False,0.8467676612165476,0.8467676612165476,0.10196875409269456,0.0073165110128725055,0.043947073677885314,,
classification__tfidf__none__logistic_regression,classification,tfidf,,logistic_regression,1,DEV-LOCAL-V1-000115,2f8252b982618f6cb52127512bee092328700bffa261bd9e66a2dbaa17d53907,OBRA,OBRA,OBRA,False,False,0.8399751529707035,0.8399751529707035,0.10473802309837639,0.0057232608969095536,0.049563563034010605,,
classification__tfidf__none__logistic_regression,classification,tfidf,,logistic_regression,1,DEV-LOCAL-V1-000471,fda1e68aed16dd999475c04c38f4eea140297fd0513ae781404f02b71ba7ded5,SOB_DEMANDA,SOB_DEMANDA,SOB_DEMANDA,False,False,0.61607390795879,0.029746585122205287,0.18801190094996034,0.61607390795879,0.16616760596904429,,
classification__tfidf__none__logistic_regression,classification,tfidf,,logistic_regression,1,DEV-LOCAL-V1-000472,fda1e68aed16dd999475c04c38f4eea140297fd0513ae781404f02b71ba7ded5,SOB_DEMANDA,SOB_DEMANDA,SOB_DEMANDA,False,False,0.4040024179107395,0.018545637217462448,0.20011475114522043,0.4040024179107395,0.37733719372657754,,
classification__tfidf__none__logistic_regression,classification,tfidf,,logistic_regression,1,DEV-LOCAL-V1-000473,fda1e68aed16dd999475c04c38f4eea140297fd0513ae781404f02b71ba7ded5,SOB_DEMANDA,SOB_DEMANDA,SOB_DEMANDA,False,False,0.6097276032334881,0.03297934941796348,0.1938987871912086,0.6097276032334881,0.1633942601573399,,
classification__tfidf__none__logistic_regression,classification,tfidf,,logistic_regression,1,DEV-LOCAL-V1-000474,fda1e68aed16dd999475c04c38f4eea140297fd0513ae781404f02b71ba7ded5,SOB_DEMANDA,SOB_DEMANDA,SOB_DEMANDA,False,False,0.601570251247529,0.0403471115056012,0.19477857316972605,0.601570251247529,0.16330406407714365,,
classification__tfidf__none__logistic_regression,classification,tfidf,,logistic_regression,1,DEV-LOCAL-V1-000475,fda1e68aed16dd999475c04c38f4eea140297fd0513ae781404f02b71ba7ded5,SOB_DEMANDA,SOB_DEMANDA,SOB_DEMANDA,False,False,0.5400245038621364,0.03516400911260109,0.22379878365313646,0.5400245038621364,0.20101270337212615,,
classification__tfidf__none__logistic_regression,classification,tfidf,,logistic_regression,1,DEV-LOCAL-V1-000561,8e7f0a5f21c8b3e1c8d9afefd910e66f7f2715beb52462485dbcbafb7212e664,TRIAGEM_MANUAL,DEMO,DEMO,False,False,0.4431817816386323,0.08026814442338145,0.4431817816386323,0.05835882484357237,0.4181912490944139,,
classification__tfidf__none__logistic_regression,classification,tfidf,,logistic_regression,1,DEV-LOCAL-V1-000563,8e7f0a5f21c8b3e1c8d9afefd910e66f7f2715beb52462485dbcbafb7212e664,TRIAGEM_MANUAL,DEMO,DEMO,False,False,0.44713910198883944,0.0779635669749666,0.44713910198883944,0.06254993467768931,0.41234739635850476,,
classification__tfidf__none__logistic_regression,classification,tfidf,,logistic_regression,1,DEV-LOCAL-V1-000564,8e7f0a5f21c8b3e1c8d9afefd910e66f7f2715beb52462485dbcbafb7212e664,TRIAGEM_MANUAL,DEMO,DEMO,False,False,0.45878903671084725,0.09270407222040639,0.45878903671084725,0.05046011855035422,0.3980467725183921,,
classification__tfidf__none__logistic_regression,classification,tfidf,,logistic_regression,1,DEV-LOCAL-V1-000565,8e7f0a5f21c8b3e1c8d9afefd910e66f7f2715beb52462485dbcbafb7212e664,TRIAGEM_MANUAL,DEMO,DEMO,False,False,0.45268170936062296,0.07854460253938407,0.45268170936062296,0.061119378647565926,0.4076543094524271,,
classification__tfidf__none__logistic_regression,classification,tfidf,,logistic_regression,1,DEV-LOCAL-V1-000570,c168407e5f218f06cf047a24232b2fabb43985ebb859dfdb60e5347d3c0689c5,TRIAGEM_MANUAL,TRIAGEM_MANUAL,TRIAGEM_MANUAL,False,False,0.5726689468625383,0.003922532720804157,0.4197027952746862,0.003705725141971358,0.5726689468625383,,
classification__tfidf__none__logistic_regression,classification,tfidf,,logistic_regression,1,DEV-LOCAL-V1-000491,5c0acfc6c989be825fe9f72d83320add0b92cd9e49f32ac60828f15e01ba38c3,TRIAGEM_MANUAL,DEMO,DEMO,False,False,0.7363488256918608,0.11531331327668137,0.7363488256918608,0.008352393876186064,0.13998546715527171,,
classification__tfidf__none__logistic_regression,classification,tfidf,,logistic_regression,1,DEV-LOCAL-V1-000492,5c0acfc6c989be825fe9f72d83320add0b92cd9e49f32ac60828f15e01ba38c3,TRIAGEM_MANUAL,DEMO,DEMO,False,False,0.5706962830950054,0.3630799487750651,0.5706962830950054,0.011196647079604091,0.0550271210503255,,
classification__tfidf__none__logistic_regression,classification,tfidf,,logistic_regression,1,DEV-LOCAL-V1-000493,5c0acfc6c989be825fe9f72d83320add0b92cd9e49f32ac60828f15e01ba38c3,TRIAGEM_MANUAL,DEMO,DEMO,False,False,0.7408331613826865,0.12707438428141807,0.7408331613826865,0.007584552155988503,0.12450790217990697,,
classification__tfidf__none__logistic_regression,classification,tfidf,,logistic_regression,1,DEV-LOCAL-V1-000494,5c0acfc6c989be825fe9f72d83320add0b92cd9e49f32ac60828f15e01ba38c3,TRIAGEM_MANUAL,DEMO,DEMO,False,False,0.772769064073042,0.08992221040357047,0.772769064073042,0.008372824190906755,0.12893590133248087,,
classification__tfidf__none__logistic_regression,classification,tfidf,,logistic_regression,1,DEV-LOCAL-V1-000495,5c0acfc6c989be825fe9f72d83320add0b92cd9e49f32ac60828f15e01ba38c3,TRIAGEM_MANUAL,DEMO,DEMO,False,False,0.7192755151114629,0.1153245394308855,0.7192755151114629,0.008010423408095655,0.15738952204955606,,
classification__tfidf__none__logistic_regression,classification,tfidf,,logistic_regression,1,DEV-LOCAL-V1-000396,06e065b4bbc57c4a6e788beae9d749a44d1aaf4544b6bce9a35b44e30cd2410a,SOB_DEMANDA,SOB_DEMANDA,SOB_DEMANDA,False,False,0.7233431797200638,0.0022781331161543746,0.2469123112394782,0.7233431797200638,0.027466375924303593,,
classification__tfidf__none__logistic_regression,classification,tfidf,,logistic_regression,1,DEV-LOCAL-V1-000397,06e065b4bbc57c4a6e788beae9d749a44d1aaf4544b6bce9a35b44e30cd2410a,SOB_DEMANDA,DEMO,DEMO,False,False,0.6924530503602513,0.014521761858387128,0.6924530503602513,0.23975528738311822,0.053269900398243454,,
classification__tfidf__none__logistic_regression,classification,tfidf,,logistic_regression,1,DEV-LOCAL-V1-000398,06e065b4bbc57c4a6e788beae9d749a44d1aaf4544b6bce9a35b44e30cd2410a,SOB_DEMANDA,SOB_DEMANDA,SOB_DEMANDA,False,False,0.7207549204819808,0.002403256871111895,0.25060268287539805,0.7207549204819808,0.02623913977150922,,
classification__tfidf__none__logistic_regression,classification,tfidf,,logistic_regression,1,DEV-LOCAL-V1-000399,06e065b4bbc57c4a6e788beae9d749a44d1aaf4544b6bce9a35b44e30cd2410a,SOB_DEMANDA,SOB_DEMANDA,SOB_DEMANDA,False,False,0.7280523962308991,0.0028717445546031562,0.24413243470231305,0.7280523962308991,0.02494342451218467,,
classification__tfidf__none__logistic_regression,classification,tfidf,,logistic_regression,1,DEV-LOCAL-V1-000400,06e065b4bbc57c4a6e788beae9d749a44d1aaf4544b6bce9a35b44e30cd2410a,SOB_DEMANDA,SOB_DEMANDA,SOB_DEMANDA,False,False,0.6729107963116742,0.004369522338640535,0.28232473402534725,0.6729107963116742,0.04039494732433802,,
classification__tfidf__none__logistic_regression,classification,tfidf,,logistic_regression,1,DEV-LOCAL-V1-000281,43add2a6227378ec779624ec7ac337e20f71d732f29020295b044856ec9c7d0c,DEMO,DEMO,DEMO,False,False,0.9076039523001739,0.019072059222237963,0.9076039523001739,0.034007365430903,0.03931662304668518,,
classification__tfidf__none__logistic_regression,classification,tfidf,,logistic_regression,1,DEV-LOCAL-V1-000282,43add2a6227378ec779624ec7ac337e20f71d732f29020295b044856ec9c7d0c,DEMO,DEMO,DEMO,False,False,0.8292665304975285,0.06362286851649111,0.8292665304975285,0.08362401905958444,0.02348658192639594,,
classification__tfidf__none__logistic_regression,classification,tfidf,,logistic_regression,1,DEV-LOCAL-V1-000283,43add2a6227378ec779624ec7ac337e20f71d732f29020295b044856ec9c7d0c,DEMO,DEMO,DEMO,False,False,0.913046796125898,0.01897370172362243,0.913046796125898,0.030494877606017698,0.03748462454446172,,
classification__tfidf__none__logistic_regression,classification,tfidf,,logistic_regression,1,DEV-LOCAL-V1-000284,43add2a6227378ec779624ec7ac337e20f71d732f29020295b044856ec9c7d0c,DEMO,DEMO,DEMO,False,False,0.9144300239427003,0.02261189207941472,0.9144300239427003,0.02799374167754779,0.03496434230033716,,
classification__tfidf__none__logistic_regression,classification,tfidf,,logistic_regression,1,DEV-LOCAL-V1-000285,43add2a6227378ec779624ec7ac337e20f71d732f29020295b044856ec9c7d0c,DEMO,DEMO,DEMO,False,False,0.897084878446613,0.021887842582119815,0.897084878446613,0.03426505266135524,0.04676222630991193,,
classification__tfidf__none__logistic_regression,classification,tfidf,,logistic_regression,1,DEV-LOCAL-V1-000216,9eb45a60d38b650be55451f1e8ae21bf05eaa5681be81a575c6bc66e0613c326,DEMO,DEMO,DEMO,False,False,0.8879852276504303,0.00677149853198513,0.8879852276504303,0.017992919887315495,0.08725035393026907,,
classification__tfidf__none__logistic_regression,classification,tfidf,,logistic_regression,1,DEV-LOCAL-V1-000217,9eb45a60d38b650be55451f1e8ae21bf05eaa5681be81a575c6bc66e0613c326,DEMO,DEMO,DEMO,False,False,0.89336091585978,0.019542243803472564,0.89336091585978,0.036878269397616265,0.05021857093913114,,
classification__tfidf__none__logistic_regression,classification,tfidf,,logistic_regression,1,DEV-LOCAL-V1-000218,9eb45a60d38b650be55451f1e8ae21bf05eaa5681be81a575c6bc66e0613c326,DEMO,DEMO,DEMO,False,False,0.894169069702264,0.007577166776341312,0.894169069702264,0.016974114592735998,0.08127964892865865,,
classification__tfidf__none__logistic_regression,classification,tfidf,,logistic_regression,1,DEV-LOCAL-V1-000219,9eb45a60d38b650be55451f1e8ae21bf05eaa5681be81a575c6bc66e0613c326,DEMO,DEMO,DEMO,False,False,0.900081129767039,0.008165722872308958,0.900081129767039,0.015528988902066377,0.07622415845858574,,
classification__tfidf__none__logistic_regression,classification,tfidf,,logistic_regression,1,DEV-LOCAL-V1-000220,9eb45a60d38b650be55451f1e8ae21bf05eaa5681be81a575c6bc66e0613c326,DEMO,DEMO,DEMO,False,False,0.8709524855842335,0.008978316073202321,0.8709524855842335,0.01861772544167261,0.10145147290089154,,
classification__tfidf__none__logistic_regression,classification,tfidf,,logistic_regression,1,DEV-LOCAL-V1-000031,07964b0c46f0192aac14b326f0397e8b5d389ef2d0e4b85876e4d0074ce0d249,OBRA,OBRA,OBRA,False,False,0.7920416111350301,0.7920416111350301,0.0616218787685811,0.04964211663202504,0.09669439346436369,,
classification__tfidf__none__logistic_regression,classification,tfidf,,logistic_regression,1,DEV-LOCAL-V1-000032,07964b0c46f0192aac14b326f0397e8b5d389ef2d0e4b85876e4d0074ce0d249,OBRA,OBRA,OBRA,False,False,0.48791041894324894,0.48791041894324894,0.045473620341560245,0.23863906362890458,0.2279768970862863,,
classification__tfidf__none__logistic_regression,classification,tfidf,,logistic_regression,1,DEV-LOCAL-V1-000033,07964b0c46f0192aac14b326f0397e8b5d389ef2d0e4b85876e4d0074ce0d249,OBRA,OBRA,OBRA,False,False,0.7781824145302901,0.7781824145302901,0.07288302695630182,0.06194300318033731,0.08699155533307061,,
classification__tfidf__none__logistic_regression,classification,tfidf,,logistic_regression,1,DEV-LOCAL-V1-000034,07964b0c46f0192aac14b326f0397e8b5d389ef2d0e4b85876e4d0074ce0d249,OBRA,OBRA,OBRA,False,False,0.8111468510680364,0.8111468510680364,0.05613216942338867,0.0425079588823649,0.09021302062620996,,
classification__tfidf__none__logistic_regression,classification,tfidf,,logistic_regression,1,DEV-LOCAL-V1-000035,07964b0c46f0192aac14b326f0397e8b5d389ef2d0e4b85876e4d0074ce0d249,OBRA,OBRA,OBRA,False,False,0.7690463019496617,0.7690463019496617,0.07276446138028517,0.0444337257993334,0.11375551087071975,,
classification__tfidf__none__logistic_regression,classification,tfidf,,logistic_regression,1,DEV-LOCAL-V1-000636,679904ddffa4789efe4c433a436eec7a7cac3a67a6bdc1c77fc8f0e91d8000dc,TRIAGEM_MANUAL,TRIAGEM_MANUAL,TRIAGEM_MANUAL,False,False,0.5429304365315251,0.02753026627361293,0.4274434803554141,0.0020958168394478575,0.5429304365315251,,
classification__tfidf__none__logistic_regression,classification,tfidf,,logistic_regression,1,DEV-LOCAL-V1-000638,679904ddffa4789efe4c433a436eec7a7cac3a67a6bdc1c77fc8f0e91d8000dc,TRIAGEM_MANUAL,TRIAGEM_MANUAL,TRIAGEM_MANUAL,False,False,0.5419288363941761,0.03508681794813918,0.4213162277941811,0.0016681178635036765,0.5419288363941761,,
classification__tfidf__none__logistic_regression,classification,tfidf,,logistic_regression,1,DEV-LOCAL-V1-000639,679904ddffa4789efe4c433a436eec7a7cac3a67a6bdc1c77fc8f0e91d8000dc,TRIAGEM_MANUAL,TRIAGEM_MANUAL,TRIAGEM_MANUAL,False,False,0.5318323986484115,0.03717584862275649,0.4295045791053899,0.0014871736234422326,0.5318323986484115,,
classification__tfidf__none__logistic_regression,classification,tfidf,,logistic_regression,1,DEV-LOCAL-V1-000640,679904ddffa4789efe4c433a436eec7a7cac3a67a6bdc1c77fc8f0e91d8000dc,TRIAGEM_MANUAL,TRIAGEM_MANUAL,TRIAGEM_MANUAL,False,False,0.5362971612691115,0.03312998919173892,0.42807685818233565,0.0024959913568139047,0.5362971612691115,,
classification__tfidf__none__logistic_regression,classification,tfidf,,logistic_regression,1,DEV-LOCAL-V1-000461,1d40d5d9fb6d9d875c3a22f694afea2e651c6f817aa415883d74b33738850372,SOB_DEMANDA,SOB_DEMANDA,SOB_DEMANDA,False,False,0.8423513383092528,0.0030735976594502006,0.1083883980812145,0.8423513383092528,0.04618666595008244,,
classification__tfidf__none__logistic_regression,classification,tfidf,,logistic_regression,1,DEV-LOCAL-V1-000462,1d40d5d9fb6d9d875c3a22f694afea2e651c6f817aa415883d74b33738850372,SOB_DEMANDA,SOB_DEMANDA,SOB_DEMANDA,False,False,0.7512107816972367,0.0016533366690872223,0.21582383108977085,0.7512107816972367,0.031312050543905304,,
classification__tfidf__none__logistic_regression,classification,tfidf,,logistic_regression,1,DEV-LOCAL-V1-000463,1d40d5d9fb6d9d875c3a22f694afea2e651c6f817aa415883d74b33738850372,SOB_DEMANDA,SOB_DEMANDA,SOB_DEMANDA,False,False,0.8476870391496538,0.0028649319625538286,0.1123912736069863,0.8476870391496538,0.037056755280806014,,
classification__tfidf__none__logistic_regression,classification,tfidf,,logistic_regression,1,DEV-LOCAL-V1-000464,1d40d5d9fb6d9d875c3a22f694afea2e651c6f817aa415883d74b33738850372,SOB_DEMANDA,SOB_DEMANDA,SOB_DEMANDA,False,False,0.8432438465949739,0.004138800667900873,0.10828607986270966,0.8432438465949739,0.04433127287441552,,
classification__tfidf__none__logistic_regression,classification,tfidf,,logistic_regression,1,DEV-LOCAL-V1-000465,1d40d5d9fb6d9d875c3a22f694afea2e651c6f817aa415883d74b33738850372,SOB_DEMANDA,SOB_DEMANDA,SOB_DEMANDA,False,False,0.822474304422499,0.00408021276425553,0.11671844866115348,0.822474304422499,0.056727034152091925,,
classification__tfidf__none__logistic_regression,classification,tfidf,,logistic_regression,1,DEV-LOCAL-V1-000441,7d235d7dc62348851890868f652b5855ca09f897168454c710bfb0d3921820de,SOB_DEMANDA,SOB_DEMANDA,SOB_DEMANDA,False,False,0.7278902793299717,0.00046649178874415265,0.24736914765259987,0.7278902793299717,0.02427408122868429,,
classification__tfidf__none__logistic_regression,classification,tfidf,,logistic_regression,1,DEV-LOCAL-V1-000442,7d235d7dc62348851890868f652b5855ca09f897168454c710bfb0d3921820de,SOB_DEMANDA,SOB_DEMANDA,SOB_DEMANDA,False,False,0.6283913250005712,0.004776019498589358,0.3577798406345893,0.6283913250005712,0.009052814866250189,,
classification__tfidf__none__logistic_regression,classification,tfidf,,logistic_regression,1,DEV-LOCAL-V1-000443,7d235d7dc62348851890868f652b5855ca09f897168454c710bfb0d3921820de,SOB_DEMANDA,SOB_DEMANDA,SOB_DEMANDA,False,False,0.7249079524783582,0.0004289522262822098,0.25481603280186677,0.7249079524783582,0.019847062493492888,,
classification__tfidf__none__logistic_regression,classification,tfidf,,logistic_regression,1,DEV-LOCAL-V1-000444,7d235d7dc62348851890868f652b5855ca09f897168454c710bfb0d3921820de,SOB_DEMANDA,SOB_DEMANDA,SOB_DEMANDA,False,False,0.725926756997245,0.000359175960116979,0.25363305481938,0.725926756997245,0.020081012223258084,,
classification__tfidf__none__logistic_regression,classification,tfidf,,logistic_regression,1,DEV-LOCAL-V1-000445,7d235d7dc62348851890868f652b5855ca09f897168454c710bfb0d3921820de,SOB_DEMANDA,SOB_DEMANDA,SOB_DEMANDA,False,False,0.7208934306469827,0.0007316269596658501,0.24933357852681,0.7208934306469827,0.029041363866541447,,
classification__tfidf__none__logistic_regression,classification,tfidf,,logistic_regression,1,DEV-LOCAL-V1-000206,a69be5e4335d2b953bde218ebc6df23990bd36638d867296ef88431971f14900,DEMO,DEMO,DEMO,False,False,0.5064521119327609,0.015956863432736966,0.5064521119327609,0.45717848772704156,0.02041253690746066,,
classification__tfidf__none__logistic_regression,classification,tfidf,,logistic_regression,1,DEV-LOCAL-V1-000207,a69be5e4335d2b953bde218ebc6df23990bd36638d867296ef88431971f14900,DEMO,SOB_DEMANDA,SOB_DEMANDA,False,False,0.7352852449909312,0.045126938700555966,0.20916766081848143,0.7352852449909312,0.010420155490031424,,
classification__tfidf__none__logistic_regression,classification,tfidf,,logistic_regression,1,DEV-LOCAL-V1-000208,a69be5e4335d2b953bde218ebc6df23990bd36638d867296ef88431971f14900,DEMO,DEMO,DEMO,False,False,0.5136756174024312,0.020311713816843116,0.5136756174024312,0.4455433813409683,0.020469287439757324,,
classification__tfidf__none__logistic_regression,classification,tfidf,,logistic_regression,1,DEV-LOCAL-V1-000209,a69be5e4335d2b953bde218ebc6df23990bd36638d867296ef88431971f14900,DEMO,DEMO,DEMO,False,False,0.5767508519318802,0.023645975218112177,0.5767508519318802,0.37999026860926055,0.019612904240747082,,
classification__tfidf__none__logistic_regression,classification,tfidf,,logistic_regression,1,DEV-LOCAL-V1-000210,a69be5e4335d2b953bde218ebc6df23990bd36638d867296ef88431971f14900,DEMO,DEMO,DEMO,False,False,0.5855266698511069,0.021506429731060345,0.5855266698511069,0.3623724532582768,0.030594447159555907,,
classification__tfidf__none__logistic_regression,classification,tfidf,,logistic_regression,1,DEV-LOCAL-V1-000147,8b2b97dc91574cd28a03ecb75da4062b65f277cadb4675469e18e1397947938f,OBRA,OBRA,OBRA,False,False,0.7634581458481737,0.7634581458481737,0.09169898857406335,0.11247691525496632,0.03236595032279661,,
classification__tfidf__none__logistic_regression,classification,tfidf,,logistic_regression,1,DEV-LOCAL-V1-000271,b4866bb784543c9af5b81b4afa0a536e3da254a2f727228447e164384c6daa39,DEMO,DEMO,DEMO,False,False,0.6444178476810192,0.008119590552882111,0.6444178476810192,0.07980803763158878,0.26765452413450996,,
classification__tfidf__none__logistic_regression,classification,tfidf,,logistic_regression,1,DEV-LOCAL-V1-000272,b4866bb784543c9af5b81b4afa0a536e3da254a2f727228447e164384c6daa39,DEMO,SOB_DEMANDA,SOB_DEMANDA,False,False,0.49569436139070944,0.034311668765519915,0.3761219412570444,0.49569436139070944,0.09387202858672636,,
classification__tfidf__none__logistic_regression,classification,tfidf,,logistic_regression,1,DEV-LOCAL-V1-000273,b4866bb784543c9af5b81b4afa0a536e3da254a2f727228447e164384c6daa39,DEMO,DEMO,DEMO,False,False,0.6394090757216122,0.010024355237906055,0.6394090757216122,0.06526889216902827,0.28529767687145346,,
classification__tfidf__none__logistic_regression,classification,tfidf,,logistic_regression,1,DEV-LOCAL-V1-000274,b4866bb784543c9af5b81b4afa0a536e3da254a2f727228447e164384c6daa39,DEMO,DEMO,DEMO,False,False,0.6616411480141529,0.009669367594476045,0.6616411480141529,0.06776757604831864,0.26092190834305257,,
classification__tfidf__none__logistic_regression,classification,tfidf,,logistic_regression,1,DEV-LOCAL-V1-000275,b4866bb784543c9af5b81b4afa0a536e3da254a2f727228447e164384c6daa39,DEMO,DEMO,DEMO,False,False,0.6284969996667663,0.01024041555896178,0.6284969996667663,0.07633852248312496,0.28492406229114703,,
classification__tfidf__none__logistic_regression,classification,tfidf,,logistic_regression,1,DEV-LOCAL-V1-000371,cf0d42272d27669051266106a97987d1fe45c4a21734b5a7c6f04237231c84c0,SOB_DEMANDA,SOB_DEMANDA,SOB_DEMANDA,False,False,0.8118751503642554,0.02087304989321022,0.15173502467324615,0.8118751503642554,0.015516775069288075,,
classification__tfidf__none__logistic_regression,classification,tfidf,,logistic_regression,1,DEV-LOCAL-V1-000372,cf0d42272d27669051266106a97987d1fe45c4a21734b5a7c6f04237231c84c0,SOB_DEMANDA,SOB_DEMANDA,SOB_DEMANDA,False,False,0.45643374529159986,0.17501685988563356,0.35268787328325324,0.45643374529159986,0.0158615215395133,,
classification__tfidf__none__logistic_regression,classification,tfidf,,logistic_regression,1,DEV-LOCAL-V1-000375,cf0d42272d27669051266106a97987d1fe45c4a21734b5a7c6f04237231c84c0,SOB_DEMANDA,SOB_DEMANDA,SOB_DEMANDA,False,False,0.7922590321518365,0.02675497570984509,0.15983228208438272,0.7922590321518365,0.021153710053935806,,
classification__tfidf__none__logistic_regression,classification,tfidf,,logistic_regression,1,DEV-LOCAL-V1-000311,1612b6191362c6adf4fe6e2e1c4057aa63be59f4f0d9b945611ddc1935639ee8,DEMO,DEMO,DEMO,False,False,0.8674918734161676,0.01764751156905186,0.8674918734161676,0.036280072523621865,0.07858054249115855,,
classification__tfidf__none__logistic_regression,classification,tfidf,,logistic_regression,1,DEV-LOCAL-V1-000312,1612b6191362c6adf4fe6e2e1c4057aa63be59f4f0d9b945611ddc1935639ee8,DEMO,DEMO,DEMO,False,False,0.7607185143366145,0.07543253868734154,0.7607185143366145,0.052071717437281714,0.11177722953876223,,
classification__tfidf__none__logistic_regression,classification,tfidf,,logistic_regression,1,DEV-LOCAL-V1-000313,1612b6191362c6adf4fe6e2e1c4057aa63be59f4f0d9b945611ddc1935639ee8,DEMO,DEMO,DEMO,False,False,0.8731283708359168,0.023318901473131592,0.8731283708359168,0.030627758460206284,0.07292496923074532,,
classification__tfidf__none__logistic_regression,classification,tfidf,,logistic_regression,1,DEV-LOCAL-V1-000314,1612b6191362c6adf4fe6e2e1c4057aa63be59f4f0d9b945611ddc1935639ee8,DEMO,DEMO,DEMO,False,False,0.8824855333315995,0.022853050646343055,0.8824855333315995,0.03077064610241261,0.06389076991964483,,
classification__tfidf__none__logistic_regression,classification,tfidf,,logistic_regression,1,DEV-LOCAL-V1-000315,1612b6191362c6adf4fe6e2e1c4057aa63be59f4f0d9b945611ddc1935639ee8,DEMO,DEMO,DEMO,False,False,0.8479613617090813,0.02250995153368227,0.8479613617090813,0.03332782217198126,0.09620086458525515,,
classification__tfidf__none__logistic_regression,classification,tfidf,,logistic_regression,1,DEV-LOCAL-V1-000186,e0d3d102d5aacb1c78845d6303033e0b938f72b327456a809f39aa587c274117,DEMO,SOB_DEMANDA,SOB_DEMANDA,False,False,0.4403277720365901,0.09563626369942756,0.4112140920605788,0.4403277720365901,0.052821872203403536,,
classification__tfidf__none__logistic_regression,classification,tfidf,,logistic_regression,1,DEV-LOCAL-V1-000187,e0d3d102d5aacb1c78845d6303033e0b938f72b327456a809f39aa587c274117,DEMO,SOB_DEMANDA,SOB_DEMANDA,False,False,0.7412238380831555,0.16315523359865666,0.06985287012470655,0.7412238380831555,0.025768058193481356,,
classification__tfidf__none__logistic_regression,classification,tfidf,,logistic_regression,1,DEV-LOCAL-V1-000188,e0d3d102d5aacb1c78845d6303033e0b938f72b327456a809f39aa587c274117,DEMO,SOB_DEMANDA,SOB_DEMANDA,False,False,0.4193588254526493,0.11628557840505285,0.4170376094760634,0.4193588254526493,0.047317986666234504,,
classification__tfidf__none__logistic_regression,classification,tfidf,,logistic_regression,1,DEV-LOCAL-V1-000189,e0d3d102d5aacb1c78845d6303033e0b938f72b327456a809f39aa587c274117,DEMO,SOB_DEMANDA,SOB_DEMANDA,False,False,0.4333887087582786,0.11799008847699417,0.40990972870862497,0.4333887087582786,0.038711474056102244,,
classification__tfidf__none__logistic_regression,classification,tfidf,,logistic_regression,1,DEV-LOCAL-V1-000190,e0d3d102d5aacb1c78845d6303033e0b938f72b327456a809f39aa587c274117,DEMO,DEMO,DEMO,False,False,0.4526565783390865,0.1046227353825419,0.4526565783390865,0.36926156737234517,0.07345911890602631,,
classification__tfidf__none__logistic_regression,classification,tfidf,,logistic_regression,1,DEV-LOCAL-V1-000041,7040db0681db1335fb3adc47ac7a28f612c6bbf15be111576faa4e0bdc1c1d04,OBRA,OBRA,OBRA,False,False,0.8000367622874934,0.8000367622874934,0.14198251059991063,0.046162807602984454,0.011817919509611348,,
classification__tfidf__none__logistic_regression,classification,tfidf,,logistic_regression,1,DEV-LOCAL-V1-000042,7040db0681db1335fb3adc47ac7a28f612c6bbf15be111576faa4e0bdc1c1d04,OBRA,OBRA,OBRA,False,False,0.7629795209613596,0.7629795209613596,0.1365017812727178,0.0942003830261105,0.00631831473981213,,
classification__tfidf__none__logistic_regression,classification,tfidf,,logistic_regression,1,DEV-LOCAL-V1-000043,7040db0681db1335fb3adc47ac7a28f612c6bbf15be111576faa4e0bdc1c1d04,OBRA,OBRA,OBRA,False,False,0.7993028428917724,0.7993028428917724,0.14570093329635847,0.044194202111210765,0.010802021700658302,,
classification__tfidf__none__logistic_regression,classification,tfidf,,logistic_regression,1,DEV-LOCAL-V1-000044,7040db0681db1335fb3adc47ac7a28f612c6bbf15be111576faa4e0bdc1c1d04,OBRA,OBRA,OBRA,False,False,0.8035485784376079,0.8035485784376079,0.14515261897770282,0.04095365916667098,0.01034514341801846,,
classification__tfidf__none__logistic_regression,classification,tfidf,,logistic_regression,1,DEV-LOCAL-V1-000045,7040db0681db1335fb3adc47ac7a28f612c6bbf15be111576faa4e0bdc1c1d04,OBRA,OBRA,OBRA,False,False,0.7943252626376794,0.7943252626376794,0.1494883945134556,0.04067702086801297,0.015509321980852109,,
classification__tfidf__none__logistic_regression,classification,tfidf,,logistic_regression,2,DEV-LOCAL-V1-000261,f542ddd6a78629f660c4bc11e9e7c3797151d74ef8a6d4ec58bc0d0943ea8c8d,DEMO,DEMO,DEMO,True,True,0.6463949666310999,0.3423112061032261,0.6463949666310999,0.0011378939274590072,0.010155933338215052,,
classification__tfidf__none__logistic_regression,classification,tfidf,,logistic_regression,2,DEV-LOCAL-V1-000262,f542ddd6a78629f660c4bc11e9e7c3797151d74ef8a6d4ec58bc0d0943ea8c8d,DEMO,OBRA,OBRA,False,False,0.7725830635893661,0.7725830635893661,0.2110779015766794,0.0037472546367061277,0.012591780197248426,,
classification__tfidf__none__logistic_regression,classification,tfidf,,logistic_regression,2,DEV-LOCAL-V1-000263,f542ddd6a78629f660c4bc11e9e7c3797151d74ef8a6d4ec58bc0d0943ea8c8d,DEMO,DEMO,DEMO,True,True,0.6336992926072852,0.35729507193951476,0.6336992926072852,0.0009256964057390485,0.008079939047460979,,
classification__tfidf__none__logistic_regression,classification,tfidf,,logistic_regression,2,DEV-LOCAL-V1-000264,f542ddd6a78629f660c4bc11e9e7c3797151d74ef8a6d4ec58bc0d0943ea8c8d,DEMO,DEMO,DEMO,True,True,0.603077366039527,0.38906914725384445,0.603077366039527,0.0010158084908702587,0.0068376782157584534,,
classification__tfidf__none__logistic_regression,classification,tfidf,,logistic_regression,2,DEV-LOCAL-V1-000265,f542ddd6a78629f660c4bc11e9e7c3797151d74ef8a6d4ec58bc0d0943ea8c8d,DEMO,DEMO,DEMO,True,True,0.6244989744662947,0.3589927562208044,0.6244989744662947,0.001756846080057505,0.014751423232843367,,
classification__tfidf__none__logistic_regression,classification,tfidf,,logistic_regression,2,DEV-LOCAL-V1-000226,7337249ac06a9a5f0eaca34217cf6f7b2826cd9f0fa1dcf0a98da0ed107163a9,DEMO,DEMO,DEMO,True,True,0.9402805953297976,0.027631968183409218,0.9402805953297976,0.01016470006680134,0.02192273641999186,,
classification__tfidf__none__logistic_regression,classification,tfidf,,logistic_regression,2,DEV-LOCAL-V1-000227,7337249ac06a9a5f0eaca34217cf6f7b2826cd9f0fa1dcf0a98da0ed107163a9,DEMO,DEMO,DEMO,False,False,0.4020559697093431,0.20545140635425993,0.4020559697093431,0.3866553232222643,0.005837300714132819,,
classification__tfidf__none__logistic_regression,classification,tfidf,,logistic_regression,2,DEV-LOCAL-V1-000228,7337249ac06a9a5f0eaca34217cf6f7b2826cd9f0fa1dcf0a98da0ed107163a9,DEMO,DEMO,DEMO,True,True,0.941021901744708,0.03271089350478984,0.941021901744708,0.007270821520727415,0.018996383229774778,,
classification__tfidf__none__logistic_regression,classification,tfidf,,logistic_regression,2,DEV-LOCAL-V1-000229,7337249ac06a9a5f0eaca34217cf6f7b2826cd9f0fa1dcf0a98da0ed107163a9,DEMO,DEMO,DEMO,True,True,0.9339047738039797,0.04411355968223446,0.9339047738039797,0.009121118923773467,0.012860547590012216,,
classification__tfidf__none__logistic_regression,classification,tfidf,,logistic_regression,2,DEV-LOCAL-V1-000230,7337249ac06a9a5f0eaca34217cf6f7b2826cd9f0fa1dcf0a98da0ed107163a9,DEMO,DEMO,DEMO,True,True,0.926259580813658,0.034970911853522704,0.926259580813658,0.01215283274392891,0.02661667458889018,,
classification__tfidf__none__logistic_regression,classification,tfidf,,logistic_regression,2,DEV-LOCAL-V1-000081,3f243a0de03fd7b98aa88c4b0815162080a37de67994191844cb872c4da0eddc,OBRA,OBRA,OBRA,False,False,0.7341801772608494,0.7341801772608494,0.025143242840733968,0.0009582497555646432,0.23971833014285202,,
classification__tfidf__none__logistic_regression,classification,tfidf,,logistic_regression,2,DEV-LOCAL-V1-000082,3f243a0de03fd7b98aa88c4b0815162080a37de67994191844cb872c4da0eddc,OBRA,TRIAGEM_MANUAL,TRIAGEM_MANUAL,True,False,0.6462711311262171,0.29078398911451586,0.06041319420731003,0.0025316855519569416,0.6462711311262171,,
classification__tfidf__none__logistic_regression,classification,tfidf,,logistic_regression,2,DEV-LOCAL-V1-000083,3f243a0de03fd7b98aa88c4b0815162080a37de67994191844cb872c4da0eddc,OBRA,OBRA,OBRA,False,False,0.7643421728997023,0.7643421728997023,0.027482571299202306,0.0007944040390359968,0.20738085176205956,,
classification__tfidf__none__logistic_regression,classification,tfidf,,logistic_regression,2,DEV-LOCAL-V1-000084,3f243a0de03fd7b98aa88c4b0815162080a37de67994191844cb872c4da0eddc,OBRA,OBRA,OBRA,False,False,0.7934268483508565,0.7934268483508565,0.027306226449366637,0.001214407464414497,0.1780525177353624,,
classification__tfidf__none__logistic_regression,classification,tfidf,,logistic_regression,2,DEV-LOCAL-V1-000085,3f243a0de03fd7b98aa88c4b0815162080a37de67994191844cb872c4da0eddc,OBRA,OBRA,OBRA,False,False,0.7196025059768464,0.7196025059768464,0.02399754283830213,0.0012447806716327772,0.2551551705132186,,
classification__tfidf__none__logistic_regression,classification,tfidf,,logistic_regression,2,DEV-LOCAL-V1-000061,2a7272c7e7044ee3a56f66179879805e33209464adcf0ef00535fa7fa2bfc599,OBRA,OBRA,OBRA,False,False,0.8503910347363373,0.8503910347363373,0.0947863693639989,0.0012483228621186697,0.05357427303754532,,
classification__tfidf__none__logistic_regression,classification,tfidf,,logistic_regression,2,DEV-LOCAL-V1-000062,2a7272c7e7044ee3a56f66179879805e33209464adcf0ef00535fa7fa2bfc599,OBRA,OBRA,OBRA,False,False,0.8184774100494971,0.8184774100494971,0.133442087609751,0.0013469694655929333,0.04673353287515894,,
classification__tfidf__none__logistic_regression,classification,tfidf,,logistic_regression,2,DEV-LOCAL-V1-000063,2a7272c7e7044ee3a56f66179879805e33209464adcf0ef00535fa7fa2bfc599,OBRA,OBRA,OBRA,False,False,0.8466756941646025,0.8466756941646025,0.10835031036695536,0.001041877428279733,0.04393211804016235,,
classification__tfidf__none__logistic_regression,classification,tfidf,,logistic_regression,2,DEV-LOCAL-V1-000064,2a7272c7e7044ee3a56f66179879805e33209464adcf0ef00535fa7fa2bfc599,OBRA,OBRA,OBRA,False,False,0.864465049542417,0.864465049542417,0.09862038468671543,0.0011266624429642229,0.03578790332790344,,
classification__tfidf__none__logistic_regression,classification,tfidf,,logistic_regression,2,DEV-LOCAL-V1-000065,2a7272c7e7044ee3a56f66179879805e33209464adcf0ef00535fa7fa2bfc599,OBRA,OBRA,OBRA,False,False,0.8486624046797159,0.8486624046797159,0.083339526423001,0.001605469887393292,0.06639259900988971,,
classification__tfidf__none__logistic_regression,classification,tfidf,,logistic_regression,2,DEV-LOCAL-V1-000401,c68e6e52a90e28754e4a97b0653c1364ec92dbe05843b5a4b04f581b34c830ad,SOB_DEMANDA,SOB_DEMANDA,SOB_DEMANDA,True,True,0.9337937775472678,0.0011491996904321618,0.012746249013326863,0.9337937775472678,0.05231077374897324,,
classification__tfidf__none__logistic_regression,classification,tfidf,,logistic_regression,2,DEV-LOCAL-V1-000402,c68e6e52a90e28754e4a97b0653c1364ec92dbe05843b5a4b04f581b34c830ad,SOB_DEMANDA,SOB_DEMANDA,SOB_DEMANDA,True,True,0.8696611839434532,0.003193042259389326,0.05271566898493451,0.8696611839434532,0.07443010481222302,,
classification__tfidf__none__logistic_regression,classification,tfidf,,logistic_regression,2,DEV-LOCAL-V1-000403,c68e6e52a90e28754e4a97b0653c1364ec92dbe05843b5a4b04f581b34c830ad,SOB_DEMANDA,SOB_DEMANDA,SOB_DEMANDA,True,True,0.9383374054924444,0.001154247588397455,0.0137813708987322,0.9383374054924444,0.04672697602042609,,
classification__tfidf__none__logistic_regression,classification,tfidf,,logistic_regression,2,DEV-LOCAL-V1-000404,c68e6e52a90e28754e4a97b0653c1364ec92dbe05843b5a4b04f581b34c830ad,SOB_DEMANDA,SOB_DEMANDA,SOB_DEMANDA,True,True,0.9434876701686181,0.001014350709403186,0.013348077205144767,0.9434876701686181,0.042149901916834015,,
classification__tfidf__none__logistic_regression,classification,tfidf,,logistic_regression,2,DEV-LOCAL-V1-000405,c68e6e52a90e28754e4a97b0653c1364ec92dbe05843b5a4b04f581b34c830ad,SOB_DEMANDA,SOB_DEMANDA,SOB_DEMANDA,True,True,0.9216149386504489,0.0015555638772190579,0.012428709447047012,0.9216149386504489,0.06440078802528514,,
classification__tfidf__none__logistic_regression,classification,tfidf,,logistic_regression,2,DEV-LOCAL-V1-000246,b103d5807c9c86e3d179af648d204d63059c9d85400e01fd2f790e64b6d90a45,DEMO,DEMO,DEMO,True,True,0.7456790011865295,0.0221152086841027,0.7456790011865295,0.21066565484587746,0.02154013528349027,,
classification__tfidf__none__logistic_regression,classification,tfidf,,logistic_regression,2,DEV-LOCAL-V1-000247,b103d5807c9c86e3d179af648d204d63059c9d85400e01fd2f790e64b6d90a45,DEMO,OBRA,OBRA,False,False,0.43634287130317895,0.43634287130317895,0.2335029133382059,0.31593390156803525,0.014220313790579964,,
classification__tfidf__none__logistic_regression,classification,tfidf,,logistic_regression,2,DEV-LOCAL-V1-000248,b103d5807c9c86e3d179af648d204d63059c9d85400e01fd2f790e64b6d90a45,DEMO,DEMO,DEMO,True,True,0.7489530669549203,0.023716391653523603,0.7489530669549203,0.20970689268727263,0.017623648704283307,,
classification__tfidf__none__logistic_regression,classification,tfidf,,logistic_regression,2,DEV-LOCAL-V1-000249,b103d5807c9c86e3d179af648d204d63059c9d85400e01fd2f790e64b6d90a45,DEMO,DEMO,DEMO,True,True,0.735357972389804,0.01961755153164924,0.735357972389804,0.23125801879116017,0.013766457287386437,,
classification__tfidf__none__logistic_regression,classification,tfidf,,logistic_regression,2,DEV-LOCAL-V1-000250,b103d5807c9c86e3d179af648d204d63059c9d85400e01fd2f790e64b6d90a45,DEMO,DEMO,DEMO,True,True,0.72458251748598,0.02945098581950528,0.72458251748598,0.2096473710905603,0.03631912560395449,,
classification__tfidf__none__logistic_regression,classification,tfidf,,logistic_regression,2,DEV-LOCAL-V1-000011,815f59163c40ac61b72ad43f81559f58ab0624c00f34146f679376ae2042e7a6,OBRA,OBRA,OBRA,True,True,0.9176960074985951,0.9176960074985951,0.029418569529505043,0.006291380576935326,0.04659404239496448,,
classification__tfidf__none__logistic_regression,classification,tfidf,,logistic_regression,2,DEV-LOCAL-V1-000012,815f59163c40ac61b72ad43f81559f58ab0624c00f34146f679376ae2042e7a6,OBRA,OBRA,OBRA,False,False,0.47296877534528264,0.47296877534528264,0.28761833711764967,0.07983592707114272,0.15957696046592496,,
classification__tfidf__none__logistic_regression,classification,tfidf,,logistic_regression,2,DEV-LOCAL-V1-000013,815f59163c40ac61b72ad43f81559f58ab0624c00f34146f679376ae2042e7a6,OBRA,OBRA,OBRA,True,True,0.9113752260777731,0.9113752260777731,0.042398389134949345,0.009081489172447369,0.03714489561483017,,
classification__tfidf__none__logistic_regression,classification,tfidf,,logistic_regression,2,DEV-LOCAL-V1-000014,815f59163c40ac61b72ad43f81559f58ab0624c00f34146f679376ae2042e7a6,OBRA,OBRA,OBRA,True,True,0.930658401987142,0.930658401987142,0.0308934805467015,0.005998490318629682,0.03244962714752689,,
classification__tfidf__none__logistic_regression,classification,tfidf,,logistic_regression,2,DEV-LOCAL-V1-000015,815f59163c40ac61b72ad43f81559f58ab0624c00f34146f679376ae2042e7a6,OBRA,OBRA,OBRA,True,True,0.9078770086871087,0.9078770086871087,0.028415530797248227,0.006953345350288916,0.05675411516535414,,
classification__tfidf__none__logistic_regression,classification,tfidf,,logistic_regression,2,DEV-LOCAL-V1-000181,83de73d7f38927ba1b294bf8c5119da1fe16c012486a23f19c0e85378d341b39,DEMO,OBRA,OBRA,False,False,0.6967430310301266,0.6967430310301266,0.15458118971776658,0.002270578671781293,0.14640520058032552,,
classification__tfidf__none__logistic_regression,classification,tfidf,,logistic_regression,2,DEV-LOCAL-V1-000182,83de73d7f38927ba1b294bf8c5119da1fe16c012486a23f19c0e85378d341b39,DEMO,OBRA,OBRA,False,False,0.8250344797072082,0.8250344797072082,0.0019427745680999416,0.002644567328439752,0.17037817839625205,,
classification__tfidf__none__logistic_regression,classification,tfidf,,logistic_regression,2,DEV-LOCAL-V1-000183,83de73d7f38927ba1b294bf8c5119da1fe16c012486a23f19c0e85378d341b39,DEMO,OBRA,OBRA,False,False,0.5397646798916941,0.5397646798916941,0.3169218486028329,0.0017385731371404405,0.14157489836833262,,
classification__tfidf__none__logistic_regression,classification,tfidf,,logistic_regression,2,DEV-LOCAL-V1-000184,83de73d7f38927ba1b294bf8c5119da1fe16c012486a23f19c0e85378d341b39,DEMO,OBRA,OBRA,False,False,0.5789296331254894,0.5789296331254894,0.311747012047509,0.0020562828744099377,0.10726707195259162,,
classification__tfidf__none__logistic_regression,classification,tfidf,,logistic_regression,2,DEV-LOCAL-V1-000185,83de73d7f38927ba1b294bf8c5119da1fe16c012486a23f19c0e85378d341b39,DEMO,OBRA,OBRA,False,False,0.5490278302228482,0.5490278302228482,0.27412354387897325,0.0033697661945118664,0.1734788597036668,,
classification__tfidf__none__logistic_regression,classification,tfidf,,logistic_regression,2,DEV-LOCAL-V1-000076,ed162d247dc1260d78ea826270a3cf7db093af0288520b2aa36ef14d669caadb,OBRA,OBRA,OBRA,True,True,0.9140174783399964,0.9140174783399964,0.009314662475056726,0.014704706846159436,0.0619631523387875,,
classification__tfidf__none__logistic_regression,classification,tfidf,,logistic_regression,2,DEV-LOCAL-V1-000077,ed162d247dc1260d78ea826270a3cf7db093af0288520b2aa36ef14d669caadb,OBRA,OBRA,OBRA,False,False,0.824081028278177,0.824081028278177,0.002213056569108194,0.13089595816332547,0.042809956989389435,,
classification__tfidf__none__logistic_regression,classification,tfidf,,logistic_regression,2,DEV-LOCAL-V1-000078,ed162d247dc1260d78ea826270a3cf7db093af0288520b2aa36ef14d669caadb,OBRA,OBRA,OBRA,True,True,0.9144724998892517,0.9144724998892517,0.013562110071062127,0.02193083754006883,0.05003455249961741,,
classification__tfidf__none__logistic_regression,classification,tfidf,,logistic_regression,2,DEV-LOCAL-V1-000079,ed162d247dc1260d78ea826270a3cf7db093af0288520b2aa36ef14d669caadb,OBRA,OBRA,OBRA,True,True,0.925233668457131,0.925233668457131,0.009172300004905997,0.016136788339900062,0.04945724319806293,,
classification__tfidf__none__logistic_regression,classification,tfidf,,logistic_regression,2,DEV-LOCAL-V1-000080,ed162d247dc1260d78ea826270a3cf7db093af0288520b2aa36ef14d669caadb,OBRA,OBRA,OBRA,False,False,0.8943732409166942,0.8943732409166942,0.010244218905049814,0.01882085265807638,0.07656168752017947,,
classification__tfidf__none__logistic_regression,classification,tfidf,,logistic_regression,2,DEV-LOCAL-V1-000136,157d4cca3bb9b2f7a9f0bcd51aca15864f88e3a39fad7aef377625cc7cba4ee3,OBRA,OBRA,OBRA,False,False,0.6837156340280178,0.6837156340280178,0.05775213360711193,0.005018014312063026,0.2535142180528072,,
classification__tfidf__none__logistic_regression,classification,tfidf,,logistic_regression,2,DEV-LOCAL-V1-000137,157d4cca3bb9b2f7a9f0bcd51aca15864f88e3a39fad7aef377625cc7cba4ee3,OBRA,OBRA,OBRA,False,False,0.5796549658976872,0.5796549658976872,0.004004121193525363,0.006460443751607952,0.4098804691571794,,
classification__tfidf__none__logistic_regression,classification,tfidf,,logistic_regression,2,DEV-LOCAL-V1-000138,157d4cca3bb9b2f7a9f0bcd51aca15864f88e3a39fad7aef377625cc7cba4ee3,OBRA,OBRA,OBRA,False,False,0.7173207937569352,0.7173207937569352,0.06317821826196027,0.004145646139909925,0.2153553418411946,,
classification__tfidf__none__logistic_regression,classification,tfidf,,logistic_regression,2,DEV-LOCAL-V1-000139,157d4cca3bb9b2f7a9f0bcd51aca15864f88e3a39fad7aef377625cc7cba4ee3,OBRA,OBRA,OBRA,False,False,0.6870085082159614,0.6870085082159614,0.07466219872742923,0.012590158372389856,0.2257391346842198,,
classification__tfidf__none__logistic_regression,classification,tfidf,,logistic_regression,2,DEV-LOCAL-V1-000140,157d4cca3bb9b2f7a9f0bcd51aca15864f88e3a39fad7aef377625cc7cba4ee3,OBRA,OBRA,OBRA,False,False,0.6687520051220348,0.6687520051220348,0.05175530588349597,0.0063147694123310665,0.2731779195821382,,
classification__tfidf__none__logistic_regression,classification,tfidf,,logistic_regression,2,DEV-LOCAL-V1-000551,8f13954ee0887d503b0937ffd0e05059833a322ed1c104c95a0e1f42bfc02e0d,TRIAGEM_MANUAL,TRIAGEM_MANUAL,TRIAGEM_MANUAL,True,True,0.5784938583326074,0.04995663796202579,0.3633155019020023,0.008234001803364524,0.5784938583326074,,
classification__tfidf__none__logistic_regression,classification,tfidf,,logistic_regression,2,DEV-LOCAL-V1-000552,8f13954ee0887d503b0937ffd0e05059833a322ed1c104c95a0e1f42bfc02e0d,TRIAGEM_MANUAL,OBRA,OBRA,False,False,0.523178206741489,0.523178206741489,0.3283438191219052,0.025485041992022422,0.12299293214458334,,
classification__tfidf__none__logistic_regression,classification,tfidf,,logistic_regression,2,DEV-LOCAL-V1-000553,8f13954ee0887d503b0937ffd0e05059833a322ed1c104c95a0e1f42bfc02e0d,TRIAGEM_MANUAL,TRIAGEM_MANUAL,TRIAGEM_MANUAL,False,False,0.5241715678872848,0.05427881462698128,0.41491850663036706,0.0066311108553668415,0.5241715678872848,,
classification__tfidf__none__logistic_regression,classification,tfidf,,logistic_regression,2,DEV-LOCAL-V1-000554,8f13954ee0887d503b0937ffd0e05059833a322ed1c104c95a0e1f42bfc02e0d,TRIAGEM_MANUAL,TRIAGEM_MANUAL,TRIAGEM_MANUAL,False,False,0.5204638791915834,0.047727958414528586,0.4242947917533437,0.007513370640544313,0.5204638791915834,,
classification__tfidf__none__logistic_regression,classification,tfidf,,logistic_regression,2,DEV-LOCAL-V1-000555,8f13954ee0887d503b0937ffd0e05059833a322ed1c104c95a0e1f42bfc02e0d,TRIAGEM_MANUAL,TRIAGEM_MANUAL,TRIAGEM_MANUAL,True,True,0.5942301669201051,0.07002440431648488,0.3242851358321393,0.011460292931270714,0.5942301669201051,,
classification__tfidf__none__logistic_regression,classification,tfidf,,logistic_regression,2,DEV-LOCAL-V1-000241,71ccd860ae615219b27a5e8f7be94e30cfc8cc982833744d80d2da793d3fcb34,DEMO,DEMO,DEMO,True,True,0.8883878592017223,0.0014518511162864367,0.8883878592017223,0.0011322176251090529,0.10902807205688213,,
classification__tfidf__none__logistic_regression,classification,tfidf,,logistic_regression,2,DEV-LOCAL-V1-000242,71ccd860ae615219b27a5e8f7be94e30cfc8cc982833744d80d2da793d3fcb34,DEMO,DEMO,DEMO,True,True,0.8749901955903422,0.003201484340919897,0.8749901955903422,0.002062067044432341,0.11974625302430565,,
classification__tfidf__none__logistic_regression,classification,tfidf,,logistic_regression,2,DEV-LOCAL-V1-000243,71ccd860ae615219b27a5e8f7be94e30cfc8cc982833744d80d2da793d3fcb34,DEMO,DEMO,DEMO,True,True,0.899201124334387,0.0015195978707145178,0.899201124334387,0.0009733644721551765,0.09830591332274308,,
classification__tfidf__none__logistic_regression,classification,tfidf,,logistic_regression,2,DEV-LOCAL-V1-000244,71ccd860ae615219b27a5e8f7be94e30cfc8cc982833744d80d2da793d3fcb34,DEMO,DEMO,DEMO,True,True,0.9162428934551332,0.0018085651589630747,0.9162428934551332,0.0011509364801375438,0.0807976049057662,,
classification__tfidf__none__logistic_regression,classification,tfidf,,logistic_regression,2,DEV-LOCAL-V1-000245,71ccd860ae615219b27a5e8f7be94e30cfc8cc982833744d80d2da793d3fcb34,DEMO,DEMO,DEMO,True,True,0.8803531681682035,0.002144313358264165,0.8803531681682035,0.0014078015160120126,0.11609471695752031,,
classification__tfidf__none__logistic_regression,classification,tfidf,,logistic_regression,2,DEV-LOCAL-V1-000571,45afa982bd4fcfd026be9ffad5fdd3fd5c22ceb7a3d791df752b8fbba78ba5d7,TRIAGEM_MANUAL,DEMO,DEMO,False,False,0.5232660353941334,0.016802535663389493,0.5232660353941334,0.0002752648691533047,0.45965616407332377,,
classification__tfidf__none__logistic_regression,classification,tfidf,,logistic_regression,2,DEV-LOCAL-V1-000573,45afa982bd4fcfd026be9ffad5fdd3fd5c22ceb7a3d791df752b8fbba78ba5d7,TRIAGEM_MANUAL,DEMO,DEMO,True,False,0.5500038665063389,0.019728597274948582,0.5500038665063389,0.00019535263007840155,0.43007218358863414,,
classification__tfidf__none__logistic_regression,classification,tfidf,,logistic_regression,2,DEV-LOCAL-V1-000574,45afa982bd4fcfd026be9ffad5fdd3fd5c22ceb7a3d791df752b8fbba78ba5d7,TRIAGEM_MANUAL,DEMO,DEMO,True,False,0.5754639506775596,0.025613186898120963,0.5754639506775596,0.0002202378625860364,0.39870262456173344,,
classification__tfidf__none__logistic_regression,classification,tfidf,,logistic_regression,2,DEV-LOCAL-V1-000575,45afa982bd4fcfd026be9ffad5fdd3fd5c22ceb7a3d791df752b8fbba78ba5d7,TRIAGEM_MANUAL,DEMO,DEMO,False,False,0.49625325162068257,0.023574939529639696,0.49625325162068257,0.0004847219781895425,0.4796870868714881,,
classification__tfidf__none__logistic_regression,classification,tfidf,,logistic_regression,2,DEV-LOCAL-V1-000126,5d6a8582c21548847dbfed920d5d5bd71e483217c63149c53e851ea9f19af7da,OBRA,OBRA,OBRA,True,True,0.9149306859025715,0.9149306859025715,0.05960515964924047,0.0021496488886985745,0.02331450555948938,,
classification__tfidf__none__logistic_regression,classification,tfidf,,logistic_regression,2,DEV-LOCAL-V1-000127,5d6a8582c21548847dbfed920d5d5bd71e483217c63149c53e851ea9f19af7da,OBRA,OBRA,OBRA,True,True,0.9333290515335726,0.9333290515335726,0.037602260706383776,0.013057440131784247,0.01601124762825937,,
classification__tfidf__none__logistic_regression,classification,tfidf,,logistic_regression,2,DEV-LOCAL-V1-000128,5d6a8582c21548847dbfed920d5d5bd71e483217c63149c53e851ea9f19af7da,OBRA,OBRA,OBRA,False,False,0.8675876770415298,0.8675876770415298,0.10937312707724339,0.0032970916819613457,0.019742104199265417,,
classification__tfidf__none__logistic_regression,classification,tfidf,,logistic_regression,2,DEV-LOCAL-V1-000129,5d6a8582c21548847dbfed920d5d5bd71e483217c63149c53e851ea9f19af7da,OBRA,OBRA,OBRA,False,False,0.8982380542955117,0.8982380542955117,0.08160213969626853,0.0028554534731517994,0.017304352535067936,,
classification__tfidf__none__logistic_regression,classification,tfidf,,logistic_regression,2,DEV-LOCAL-V1-000130,5d6a8582c21548847dbfed920d5d5bd71e483217c63149c53e851ea9f19af7da,OBRA,OBRA,OBRA,True,True,0.9022962800875063,0.9022962800875063,0.06509118288649296,0.0034506801164586004,0.02916185690954212,,
classification__tfidf__none__logistic_regression,classification,tfidf,,logistic_regression,2,DEV-LOCAL-V1-000476,168c4d9b6834392e677e48772596592d110cc3016e8e87f42301ed45ce86a705,SOB_DEMANDA,SOB_DEMANDA,SOB_DEMANDA,True,True,0.9731998558376429,0.0031949034063218427,0.0015555060129856155,0.9731998558376429,0.022049734743049467,,
classification__tfidf__none__logistic_regression,classification,tfidf,,logistic_regression,2,DEV-LOCAL-V1-000477,168c4d9b6834392e677e48772596592d110cc3016e8e87f42301ed45ce86a705,SOB_DEMANDA,SOB_DEMANDA,SOB_DEMANDA,True,True,0.9631997386657447,0.012193001912065807,0.002903224630236216,0.9631997386657447,0.0217040347919533,,
classification__tfidf__none__logistic_regression,classification,tfidf,,logistic_regression,2,DEV-LOCAL-V1-000478,168c4d9b6834392e677e48772596592d110cc3016e8e87f42301ed45ce86a705,SOB_DEMANDA,SOB_DEMANDA,SOB_DEMANDA,True,True,0.9765443953883444,0.0034313334109672988,0.001758645701241746,0.9765443953883444,0.01826562549944661,,
classification__tfidf__none__logistic_regression,classification,tfidf,,logistic_regression,2,DEV-LOCAL-V1-000479,168c4d9b6834392e677e48772596592d110cc3016e8e87f42301ed45ce86a705,SOB_DEMANDA,SOB_DEMANDA,SOB_DEMANDA,True,True,0.9817451971069376,0.004291359838158545,0.0014091325647685154,0.9817451971069376,0.012554310490135294,,
classification__tfidf__none__logistic_regression,classification,tfidf,,logistic_regression,2,DEV-LOCAL-V1-000480,168c4d9b6834392e677e48772596592d110cc3016e8e87f42301ed45ce86a705,SOB_DEMANDA,SOB_DEMANDA,SOB_DEMANDA,True,True,0.9666323870188368,0.004900906530710117,0.0019021162678582338,0.9666323870188368,0.026564590182594855,,
classification__tfidf__none__logistic_regression,classification,tfidf,,logistic_regression,2,DEV-LOCAL-V1-000361,ae5825b2d3eac1cc8e3e4216b5dd2cda18003145c3b320215ae5c88f20502f07,SOB_DEMANDA,SOB_DEMANDA,SOB_DEMANDA,True,True,0.775673285378944,0.1674515896782922,0.03429459212018996,0.775673285378944,0.02258053282257373,,
classification__tfidf__none__logistic_regression,classification,tfidf,,logistic_regression,2,DEV-LOCAL-V1-000362,ae5825b2d3eac1cc8e3e4216b5dd2cda18003145c3b320215ae5c88f20502f07,SOB_DEMANDA,OBRA,OBRA,False,False,0.6395455046718648,0.6395455046718648,0.15538900128708458,0.18706430164622495,0.018001192394825682,,
classification__tfidf__none__logistic_regression,classification,tfidf,,logistic_regression,2,DEV-LOCAL-V1-000363,ae5825b2d3eac1cc8e3e4216b5dd2cda18003145c3b320215ae5c88f20502f07,SOB_DEMANDA,SOB_DEMANDA,SOB_DEMANDA,True,True,0.7480137670376761,0.19355649287166224,0.03896062555496864,0.7480137670376761,0.01946911453569305,,
classification__tfidf__none__logistic_regression,classification,tfidf,,logistic_regression,2,DEV-LOCAL-V1-000364,ae5825b2d3eac1cc8e3e4216b5dd2cda18003145c3b320215ae5c88f20502f07,SOB_DEMANDA,SOB_DEMANDA,SOB_DEMANDA,True,True,0.768052872987284,0.1820819456567605,0.03495352148758338,0.768052872987284,0.014911659868372144,,
classification__tfidf__none__logistic_regression,classification,tfidf,,logistic_regression,2,DEV-LOCAL-V1-000365,ae5825b2d3eac1cc8e3e4216b5dd2cda18003145c3b320215ae5c88f20502f07,SOB_DEMANDA,SOB_DEMANDA,SOB_DEMANDA,True,True,0.748552158561821,0.18576628828261732,0.03457870255460789,0.748552158561821,0.031102850600953778,,
classification__tfidf__none__logistic_regression,classification,tfidf,,logistic_regression,2,DEV-LOCAL-V1-000066,d6c1d63157d783a327c391bebad1a0d1e1567514509b82750c10232367d2decb,OBRA,OBRA,OBRA,True,True,0.9751429718564233,0.9751429718564233,0.0024252244195061673,0.007768758145487337,0.014663045578583072,,
classification__tfidf__none__logistic_regression,classification,tfidf,,logistic_regression,2,DEV-LOCAL-V1-000067,d6c1d63157d783a327c391bebad1a0d1e1567514509b82750c10232367d2decb,OBRA,OBRA,OBRA,True,True,0.905843568076366,0.905843568076366,0.0016392442498831194,0.08148188956378344,0.011035298109967487,,
classification__tfidf__none__logistic_regression,classification,tfidf,,logistic_regression,2,DEV-LOCAL-V1-000068,d6c1d63157d783a327c391bebad1a0d1e1567514509b82750c10232367d2decb,OBRA,OBRA,OBRA,True,True,0.9777763073353427,0.9777763073353427,0.002513290947345041,0.007068839396160675,0.012641562321151788,,
classification__tfidf__none__logistic_regression,classification,tfidf,,logistic_regression,2,DEV-LOCAL-V1-000069,d6c1d63157d783a327c391bebad1a0d1e1567514509b82750c10232367d2decb,OBRA,OBRA,OBRA,True,True,0.9752929053000783,0.9752929053000783,0.0024854119496553564,0.011860246933616805,0.010361435816649675,,
classification__tfidf__none__logistic_regression,classification,tfidf,,logistic_regression,2,DEV-LOCAL-V1-000070,d6c1d63157d783a327c391bebad1a0d1e1567514509b82750c10232367d2decb,OBRA,OBRA,OBRA,True,True,0.9700938082521571,0.9700938082521571,0.002675949817926161,0.008088003447615939,0.01914223848230093,,
classification__tfidf__none__logistic_regression,classification,tfidf,,logistic_regression,2,DEV-LOCAL-V1-000411,28868cae381ab08b061df8747c42f03579c42365cd192952fa47756a2e8310a7,SOB_DEMANDA,SOB_DEMANDA,SOB_DEMANDA,True,True,0.895519708186411,0.0032192787472096426,0.03043493019677935,0.895519708186411,0.07082608286959992,,
classification__tfidf__none__logistic_regression,classification,tfidf,,logistic_regression,2,DEV-LOCAL-V1-000412,28868cae381ab08b061df8747c42f03579c42365cd192952fa47756a2e8310a7,SOB_DEMANDA,DEMO,DEMO,False,False,0.41892483243683976,0.10137253446878106,0.41892483243683976,0.2079431702640282,0.2717594628303509,,
classification__tfidf__none__logistic_regression,classification,tfidf,,logistic_regression,2,DEV-LOCAL-V1-000413,28868cae381ab08b061df8747c42f03579c42365cd192952fa47756a2e8310a7,SOB_DEMANDA,SOB_DEMANDA,SOB_DEMANDA,True,True,0.900617546455274,0.0034342628940730686,0.03483529849680066,0.900617546455274,0.06111289215385209,,
classification__tfidf__none__logistic_regression,classification,tfidf,,logistic_regression,2,DEV-LOCAL-V1-000414,28868cae381ab08b061df8747c42f03579c42365cd192952fa47756a2e8310a7,SOB_DEMANDA,SOB_DEMANDA,SOB_DEMANDA,True,True,0.9091904243954428,0.002941466798104772,0.03385509333684572,0.9091904243954428,0.05401301546960664,,
classification__tfidf__none__logistic_regression,classification,tfidf,,logistic_regression,2,DEV-LOCAL-V1-000415,28868cae381ab08b061df8747c42f03579c42365cd192952fa47756a2e8310a7,SOB_DEMANDA,SOB_DEMANDA,SOB_DEMANDA,True,True,0.8855758337194457,0.004580124943795437,0.029717570865679308,0.8855758337194457,0.08012647047107958,,
classification__tfidf__none__logistic_regression,classification,tfidf,,logistic_regression,2,DEV-LOCAL-V1-000586,1089875c09c73b61ffa5acfbd4acf87409982147cfb101745afd8a30d13cef7b,TRIAGEM_MANUAL,TRIAGEM_MANUAL,TRIAGEM_MANUAL,True,True,0.7646834197802911,0.009776814576001552,0.21898946506001618,0.006550300583691279,0.7646834197802911,,
classification__tfidf__none__logistic_regression,classification,tfidf,,logistic_regression,2,DEV-LOCAL-V1-000587,1089875c09c73b61ffa5acfbd4acf87409982147cfb101745afd8a30d13cef7b,TRIAGEM_MANUAL,SOB_DEMANDA,SOB_DEMANDA,False,False,0.4343523847600182,0.2818822084099349,0.16370550946931564,0.4343523847600182,0.12005989736073129,,
classification__tfidf__none__logistic_regression,classification,tfidf,,logistic_regression,2,DEV-LOCAL-V1-000588,1089875c09c73b61ffa5acfbd4acf87409982147cfb101745afd8a30d13cef7b,TRIAGEM_MANUAL,TRIAGEM_MANUAL,TRIAGEM_MANUAL,True,True,0.7359379275055012,0.009310877690361544,0.24905349201421934,0.005697702789917862,0.7359379275055012,,
classification__tfidf__none__logistic_regression,classification,tfidf,,logistic_regression,2,DEV-LOCAL-V1-000589,1089875c09c73b61ffa5acfbd4acf87409982147cfb101745afd8a30d13cef7b,TRIAGEM_MANUAL,TRIAGEM_MANUAL,TRIAGEM_MANUAL,True,True,0.7270757748923085,0.009043323449643382,0.2587623635572853,0.005118538100762789,0.7270757748923085,,
classification__tfidf__none__logistic_regression,classification,tfidf,,logistic_regression,2,DEV-LOCAL-V1-000590,1089875c09c73b61ffa5acfbd4acf87409982147cfb101745afd8a30d13cef7b,TRIAGEM_MANUAL,TRIAGEM_MANUAL,TRIAGEM_MANUAL,True,True,0.6948847965722049,0.015714011240699488,0.28207385564341875,0.007327336543676843,0.6948847965722049,,
classification__tfidf__none__logistic_regression,classification,tfidf,,logistic_regression,2,DEV-LOCAL-V1-000306,9548847f83567d6292e994a484e4ad963b00ea470318cb26f01b25154ce35118,DEMO,DEMO,DEMO,True,True,0.9104043898222818,0.046859719638811984,0.9104043898222818,0.028915949026152334,0.013819941512753767,,
classification__tfidf__none__logistic_regression,classification,tfidf,,logistic_regression,2,DEV-LOCAL-V1-000307,9548847f83567d6292e994a484e4ad963b00ea470318cb26f01b25154ce35118,DEMO,DEMO,DEMO,True,True,0.8468768267040284,0.01821160199252919,0.8468768267040284,0.1287157438053801,0.006195827498062531,,
classification__tfidf__none__logistic_regression,classification,tfidf,,logistic_regression,2,DEV-LOCAL-V1-000308,9548847f83567d6292e994a484e4ad963b00ea470318cb26f01b25154ce35118,DEMO,DEMO,DEMO,True,True,0.9126341037957564,0.04971318785181426,0.9126341037957564,0.025503311379467347,0.012149396972962004,,
classification__tfidf__none__logistic_regression,classification,tfidf,,logistic_regression,2,DEV-LOCAL-V1-000310,9548847f83567d6292e994a484e4ad963b00ea470318cb26f01b25154ce35118,DEMO,DEMO,DEMO,True,True,0.8911233548151399,0.055676983790179005,0.8911233548151399,0.03481548943219317,0.018384171962487934,,
classification__tfidf__none__logistic_regression,classification,tfidf,,logistic_regression,2,DEV-LOCAL-V1-000436,48f1d38d3f47a377102f8a6b70b51ae3d22352d694bd287dcd54d1a2c1e58169,SOB_DEMANDA,SOB_DEMANDA,SOB_DEMANDA,True,True,0.8780014486437087,0.049542177208643665,0.05648583421728506,0.8780014486437087,0.01597053993036248,,
classification__tfidf__none__logistic_regression,classification,tfidf,,logistic_regression,2,DEV-LOCAL-V1-000437,48f1d38d3f47a377102f8a6b70b51ae3d22352d694bd287dcd54d1a2c1e58169,SOB_DEMANDA,SOB_DEMANDA,SOB_DEMANDA,True,True,0.6147936022507324,0.20615238172658773,0.16719504787938474,0.6147936022507324,0.011858968143295087,,
classification__tfidf__none__logistic_regression,classification,tfidf,,logistic_regression,2,DEV-LOCAL-V1-000438,48f1d38d3f47a377102f8a6b70b51ae3d22352d694bd287dcd54d1a2c1e58169,SOB_DEMANDA,SOB_DEMANDA,SOB_DEMANDA,True,True,0.8660174969264314,0.055703412503464084,0.06452161169060182,0.8660174969264314,0.013757478879502866,,
classification__tfidf__none__logistic_regression,classification,tfidf,,logistic_regression,2,DEV-LOCAL-V1-000439,48f1d38d3f47a377102f8a6b70b51ae3d22352d694bd287dcd54d1a2c1e58169,SOB_DEMANDA,SOB_DEMANDA,SOB_DEMANDA,True,True,0.8743326578942704,0.053063687800458004,0.06132464576131117,0.8743326578942704,0.01127900854396055,,
classification__tfidf__none__logistic_regression,classification,tfidf,,logistic_regression,2,DEV-LOCAL-V1-000440,48f1d38d3f47a377102f8a6b70b51ae3d22352d694bd287dcd54d1a2c1e58169,SOB_DEMANDA,SOB_DEMANDA,SOB_DEMANDA,True,True,0.8543865239244008,0.06455608069521897,0.05877078922753974,0.8543865239244008,0.02228660615284045,,
classification__tfidf__none__logistic_regression,classification,tfidf,,logistic_regression,3,DEV-LOCAL-V1-000451,b279c31be2733aded474df3c1f63896014b297664a1eeb61e87755e43a0f72f7,SOB_DEMANDA,SOB_DEMANDA,SOB_DEMANDA,True,True,0.8403978457932281,0.04493604791466365,0.10969200715765957,0.8403978457932281,0.004974099134448605,,
classification__tfidf__none__logistic_regression,classification,tfidf,,logistic_regression,3,DEV-LOCAL-V1-000452,b279c31be2733aded474df3c1f63896014b297664a1eeb61e87755e43a0f72f7,SOB_DEMANDA,SOB_DEMANDA,SOB_DEMANDA,True,True,0.6820790509599205,0.19531105952756742,0.12124751762860006,0.6820790509599205,0.0013623718839120896,,
classification__tfidf__none__logistic_regression,classification,tfidf,,logistic_regression,3,DEV-LOCAL-V1-000453,b279c31be2733aded474df3c1f63896014b297664a1eeb61e87755e43a0f72f7,SOB_DEMANDA,SOB_DEMANDA,SOB_DEMANDA,True,True,0.8022843568568778,0.05663434606816245,0.13847348733603512,0.8022843568568778,0.0026078097389246654,,
classification__tfidf__none__logistic_regression,classification,tfidf,,logistic_regression,3,DEV-LOCAL-V1-000454,b279c31be2733aded474df3c1f63896014b297664a1eeb61e87755e43a0f72f7,SOB_DEMANDA,SOB_DEMANDA,SOB_DEMANDA,True,True,0.8280493075526884,0.062283906903910224,0.10661940627228988,0.8280493075526884,0.0030473792711115982,,
classification__tfidf__none__logistic_regression,classification,tfidf,,logistic_regression,3,DEV-LOCAL-V1-000455,b279c31be2733aded474df3c1f63896014b297664a1eeb61e87755e43a0f72f7,SOB_DEMANDA,SOB_DEMANDA,SOB_DEMANDA,True,True,0.8232697278313796,0.04872155697830327,0.11487407434742604,0.8232697278313796,0.0131346408428911,,
classification__tfidf__none__logistic_regression,classification,tfidf,,logistic_regression,3,DEV-LOCAL-V1-000001,999fd4b36077db420c882949ef9bf8db65a9dc1ccfe032482ded33760c896257,OBRA,OBRA,OBRA,False,False,0.6513939385138691,0.6513939385138691,0.3340953579022477,0.0022793209532844293,0.012231382630598905,,
classification__tfidf__none__logistic_regression,classification,tfidf,,logistic_regression,3,DEV-LOCAL-V1-000002,999fd4b36077db420c882949ef9bf8db65a9dc1ccfe032482ded33760c896257,OBRA,OBRA,OBRA,False,False,0.5795983016968557,0.5795983016968557,0.38485616609980716,0.010054782832623382,0.025490749370713505,,
classification__tfidf__none__logistic_regression,classification,tfidf,,logistic_regression,3,DEV-LOCAL-V1-000003,999fd4b36077db420c882949ef9bf8db65a9dc1ccfe032482ded33760c896257,OBRA,OBRA,OBRA,False,False,0.6330484766418634,0.6330484766418634,0.35875061248606877,0.0019485851949821414,0.006252325677085578,,
classification__tfidf__none__logistic_regression,classification,tfidf,,logistic_regression,3,DEV-LOCAL-V1-000004,999fd4b36077db420c882949ef9bf8db65a9dc1ccfe032482ded33760c896257,OBRA,OBRA,OBRA,False,False,0.6720034574423569,0.6720034574423569,0.3181459326223227,0.002067749301338031,0.007782860633982432,,
classification__tfidf__none__logistic_regression,classification,tfidf,,logistic_regression,3,DEV-LOCAL-V1-000005,999fd4b36077db420c882949ef9bf8db65a9dc1ccfe032482ded33760c896257,OBRA,OBRA,OBRA,False,False,0.6766899371517046,0.6766899371517046,0.2951115417255357,0.002572689178365568,0.025625831944394172,,
classification__tfidf__none__logistic_regression,classification,tfidf,,logistic_regression,3,DEV-LOCAL-V1-000171,78df5350f26cd4763ae2175d4afd59842562b058fd204e10a33e96b4ab20f775,DEMO,DEMO,DEMO,True,True,0.7653844516782874,0.013876859151526002,0.7653844516782874,0.08520767551152303,0.1355310136586635,,
classification__tfidf__none__logistic_regression,classification,tfidf,,logistic_regression,3,DEV-LOCAL-V1-000172,78df5350f26cd4763ae2175d4afd59842562b058fd204e10a33e96b4ab20f775,DEMO,DEMO,DEMO,False,False,0.5160650686252607,0.034725913613563066,0.5160650686252607,0.1801232038196808,0.2690858139414954,,
classification__tfidf__none__logistic_regression,classification,tfidf,,logistic_regression,3,DEV-LOCAL-V1-000173,78df5350f26cd4763ae2175d4afd59842562b058fd204e10a33e96b4ab20f775,DEMO,DEMO,DEMO,True,True,0.8298798698520633,0.01591836688637541,0.8298798698520633,0.07469066829536834,0.07951109496619306,,
classification__tfidf__none__logistic_regression,classification,tfidf,,logistic_regression,3,DEV-LOCAL-V1-000174,78df5350f26cd4763ae2175d4afd59842562b058fd204e10a33e96b4ab20f775,DEMO,DEMO,DEMO,True,True,0.7926348618184915,0.01638050277684663,0.7926348618184915,0.08283261437846956,0.10815202102619229,,
classification__tfidf__none__logistic_regression,classification,tfidf,,logistic_regression,3,DEV-LOCAL-V1-000175,78df5350f26cd4763ae2175d4afd59842562b058fd204e10a33e96b4ab20f775,DEMO,DEMO,DEMO,True,True,0.676680957001008,0.015462170417154107,0.676680957001008,0.0732159355131055,0.23464093706873232,,
classification__tfidf__none__logistic_regression,classification,tfidf,,logistic_regression,3,DEV-LOCAL-V1-000336,969eafff16339a6ed821eb4aa5b78b2d4d81c9c68af7bbcf43e0aa3c5c28ee77,SOB_DEMANDA,SOB_DEMANDA,SOB_DEMANDA,True,True,0.8531844012586554,0.049714478578703925,0.08565814823549628,0.8531844012586554,0.011442971927144358,,
classification__tfidf__none__logistic_regression,classification,tfidf,,logistic_regression,3,DEV-LOCAL-V1-000337,969eafff16339a6ed821eb4aa5b78b2d4d81c9c68af7bbcf43e0aa3c5c28ee77,SOB_DEMANDA,OBRA,OBRA,False,False,0.4831491948485393,0.4831491948485393,0.15415621562944637,0.331526939771939,0.031167649750075462,,
classification__tfidf__none__logistic_regression,classification,tfidf,,logistic_regression,3,DEV-LOCAL-V1-000338,969eafff16339a6ed821eb4aa5b78b2d4d81c9c68af7bbcf43e0aa3c5c28ee77,SOB_DEMANDA,SOB_DEMANDA,SOB_DEMANDA,True,True,0.8275027846332701,0.06264075668084043,0.10428581017014375,0.8275027846332701,0.00557064851574582,,
classification__tfidf__none__logistic_regression,classification,tfidf,,logistic_regression,3,DEV-LOCAL-V1-000339,969eafff16339a6ed821eb4aa5b78b2d4d81c9c68af7bbcf43e0aa3c5c28ee77,SOB_DEMANDA,SOB_DEMANDA,SOB_DEMANDA,True,True,0.8562435057884534,0.06949446006681517,0.06754978523410514,0.8562435057884534,0.006712248910626217,,
classification__tfidf__none__logistic_regression,classification,tfidf,,logistic_regression,3,DEV-LOCAL-V1-000340,969eafff16339a6ed821eb4aa5b78b2d4d81c9c68af7bbcf43e0aa3c5c28ee77,SOB_DEMANDA,SOB_DEMANDA,SOB_DEMANDA,True,True,0.8332556369418693,0.058144989014799905,0.08196497462248839,0.8332556369418693,0.02663439942084241,,
classification__tfidf__none__logistic_regression,classification,tfidf,,logistic_regression,3,DEV-LOCAL-V1-000291,900239935e5766f9310f725a6a5d435e13255be422e584c842820f7266297385,DEMO,DEMO,DEMO,True,True,0.8016082203831272,0.1386661519312385,0.8016082203831272,0.0557661040409121,0.003959523644722235,,
classification__tfidf__none__logistic_regression,classification,tfidf,,logistic_regression,3,DEV-LOCAL-V1-000292,900239935e5766f9310f725a6a5d435e13255be422e584c842820f7266297385,DEMO,DEMO,DEMO,True,True,0.6914825691579397,0.1476888503473301,0.6914825691579397,0.1588304943962091,0.0019980860985210377,,
classification__tfidf__none__logistic_regression,classification,tfidf,,logistic_regression,3,DEV-LOCAL-V1-000293,900239935e5766f9310f725a6a5d435e13255be422e584c842820f7266297385,DEMO,DEMO,DEMO,True,True,0.7791457293781184,0.16871152588555285,0.7791457293781184,0.05036317309895217,0.0017795716373764248,,
classification__tfidf__none__logistic_regression,classification,tfidf,,logistic_regression,3,DEV-LOCAL-V1-000294,900239935e5766f9310f725a6a5d435e13255be422e584c842820f7266297385,DEMO,DEMO,DEMO,True,True,0.6819554377190803,0.2650952402515802,0.6819554377190803,0.05176355439267489,0.0011857676366646842,,
classification__tfidf__none__logistic_regression,classification,tfidf,,logistic_regression,3,DEV-LOCAL-V1-000295,900239935e5766f9310f725a6a5d435e13255be422e584c842820f7266297385,DEMO,DEMO,DEMO,True,True,0.7880301593864731,0.1501026022525322,0.7880301593864731,0.05116964880404832,0.010697589556946368,,
classification__tfidf__none__logistic_regression,classification,tfidf,,logistic_regression,3,DEV-LOCAL-V1-000376,d0172b983ff90b9de81be5c170d93215ea8b890e882a40d9ed46169577e7959e,SOB_DEMANDA,SOB_DEMANDA,SOB_DEMANDA,True,True,0.8199787054058825,0.09641705462698456,0.010283627497887821,0.8199787054058825,0.07332061246924511,,
classification__tfidf__none__logistic_regression,classification,tfidf,,logistic_regression,3,DEV-LOCAL-V1-000377,d0172b983ff90b9de81be5c170d93215ea8b890e882a40d9ed46169577e7959e,SOB_DEMANDA,OBRA,OBRA,False,False,0.7840014677201295,0.7840014677201295,0.011845264738716568,0.10134467732684622,0.10280859021430767,,
classification__tfidf__none__logistic_regression,classification,tfidf,,logistic_regression,3,DEV-LOCAL-V1-000378,d0172b983ff90b9de81be5c170d93215ea8b890e882a40d9ed46169577e7959e,SOB_DEMANDA,SOB_DEMANDA,SOB_DEMANDA,True,True,0.8407623890063615,0.10481722068684897,0.01653867420633477,0.8407623890063615,0.03788171610045484,,
classification__tfidf__none__logistic_regression,classification,tfidf,,logistic_regression,3,DEV-LOCAL-V1-000379,d0172b983ff90b9de81be5c170d93215ea8b890e882a40d9ed46169577e7959e,SOB_DEMANDA,SOB_DEMANDA,SOB_DEMANDA,True,True,0.8340849194405436,0.10673887914768004,0.008652397309893036,0.8340849194405436,0.05052380410188323,,
classification__tfidf__none__logistic_regression,classification,tfidf,,logistic_regression,3,DEV-LOCAL-V1-000380,d0172b983ff90b9de81be5c170d93215ea8b890e882a40d9ed46169577e7959e,SOB_DEMANDA,SOB_DEMANDA,SOB_DEMANDA,True,True,0.7620720886340633,0.10275410152060553,0.010783442982242982,0.7620720886340633,0.12439036686308817,,
classification__tfidf__none__logistic_regression,classification,tfidf,,logistic_regression,3,DEV-LOCAL-V1-000251,4d8228d884faf8c837fe7562faa38afa21f24094b0dc595743c265197325caad,DEMO,TRIAGEM_MANUAL,TRIAGEM_MANUAL,False,False,0.5411701856949296,0.06164259150910901,0.38782661058793,0.009360612208031341,0.5411701856949296,,
classification__tfidf__none__logistic_regression,classification,tfidf,,logistic_regression,3,DEV-LOCAL-V1-000252,4d8228d884faf8c837fe7562faa38afa21f24094b0dc595743c265197325caad,DEMO,OBRA,OBRA,False,False,0.6887832851768685,0.6887832851768685,0.05249969013745275,0.09625984105450328,0.16245718363117542,,
classification__tfidf__none__logistic_regression,classification,tfidf,,logistic_regression,3,DEV-LOCAL-V1-000253,4d8228d884faf8c837fe7562faa38afa21f24094b0dc595743c265197325caad,DEMO,TRIAGEM_MANUAL,TRIAGEM_MANUAL,False,False,0.4594937841603356,0.08955981618231013,0.4442059700160481,0.006740429641306175,0.4594937841603356,,
classification__tfidf__none__logistic_regression,classification,tfidf,,logistic_regression,3,DEV-LOCAL-V1-000254,4d8228d884faf8c837fe7562faa38afa21f24094b0dc595743c265197325caad,DEMO,TRIAGEM_MANUAL,TRIAGEM_MANUAL,False,False,0.5336824296172736,0.10763989031844033,0.3518097173340433,0.006867962730242649,0.5336824296172736,,
classification__tfidf__none__logistic_regression,classification,tfidf,,logistic_regression,3,DEV-LOCAL-V1-000255,4d8228d884faf8c837fe7562faa38afa21f24094b0dc595743c265197325caad,DEMO,TRIAGEM_MANUAL,TRIAGEM_MANUAL,True,False,0.595127820049782,0.06707402190690562,0.32843077006831134,0.009367387975000939,0.595127820049782,,
classification__tfidf__none__logistic_regression,classification,tfidf,,logistic_regression,3,DEV-LOCAL-V1-000456,5e7337b0796e448a25524a6e6551150854e3fe21ac728b908205c801360847f5,SOB_DEMANDA,SOB_DEMANDA,SOB_DEMANDA,True,True,0.9041246013146471,0.07085825501821888,0.01147012034796032,0.9041246013146471,0.013547023319173686,,
classification__tfidf__none__logistic_regression,classification,tfidf,,logistic_regression,3,DEV-LOCAL-V1-000457,5e7337b0796e448a25524a6e6551150854e3fe21ac728b908205c801360847f5,SOB_DEMANDA,OBRA,OBRA,False,False,0.8201858356272989,0.8201858356272989,0.015434416985715151,0.093173172601908,0.07120657478507797,,
classification__tfidf__none__logistic_regression,classification,tfidf,,logistic_regression,3,DEV-LOCAL-V1-000458,5e7337b0796e448a25524a6e6551150854e3fe21ac728b908205c801360847f5,SOB_DEMANDA,SOB_DEMANDA,SOB_DEMANDA,True,True,0.8906831483354087,0.08791550432698386,0.01376894289695221,0.8906831483354087,0.007632404440655137,,
classification__tfidf__none__logistic_regression,classification,tfidf,,logistic_regression,3,DEV-LOCAL-V1-000459,5e7337b0796e448a25524a6e6551150854e3fe21ac728b908205c801360847f5,SOB_DEMANDA,SOB_DEMANDA,SOB_DEMANDA,True,True,0.8730989424993959,0.10267791615605239,0.011600200425536797,0.8730989424993959,0.012622940919014915,,
classification__tfidf__none__logistic_regression,classification,tfidf,,logistic_regression,3,DEV-LOCAL-V1-000460,5e7337b0796e448a25524a6e6551150854e3fe21ac728b908205c801360847f5,SOB_DEMANDA,SOB_DEMANDA,SOB_DEMANDA,True,True,0.8852173976922207,0.07655387108277938,0.011730321725518874,0.8852173976922207,0.026498409499480954,,
classification__tfidf__none__logistic_regression,classification,tfidf,,logistic_regression,3,DEV-LOCAL-V1-000301,694abb596378dbcb2740d9e96548d910f86d4f2df913a00fbe2e20a433cb0b1d,DEMO,DEMO,DEMO,True,True,0.8422987429881272,0.03962545249359747,0.8422987429881272,0.11171109754698633,0.006364706971288925,,
classification__tfidf__none__logistic_regression,classification,tfidf,,logistic_regression,3,DEV-LOCAL-V1-000302,694abb596378dbcb2740d9e96548d910f86d4f2df913a00fbe2e20a433cb0b1d,DEMO,DEMO,DEMO,True,True,0.6863896336156747,0.014168670752258986,0.6863896336156747,0.297730265254552,0.0017114303775141114,,
classification__tfidf__none__logistic_regression,classification,tfidf,,logistic_regression,3,DEV-LOCAL-V1-000303,694abb596378dbcb2740d9e96548d910f86d4f2df913a00fbe2e20a433cb0b1d,DEMO,DEMO,DEMO,True,True,0.8468984401901791,0.05025101053883614,0.8468984401901791,0.09972049529550708,0.003130053975477793,,
classification__tfidf__none__logistic_regression,classification,tfidf,,logistic_regression,3,DEV-LOCAL-V1-000304,694abb596378dbcb2740d9e96548d910f86d4f2df913a00fbe2e20a433cb0b1d,DEMO,DEMO,DEMO,True,True,0.8162731685792058,0.03365411583589502,0.8162731685792058,0.14595889901398892,0.004113816570910278,,
classification__tfidf__none__logistic_regression,classification,tfidf,,logistic_regression,3,DEV-LOCAL-V1-000305,694abb596378dbcb2740d9e96548d910f86d4f2df913a00fbe2e20a433cb0b1d,DEMO,DEMO,DEMO,True,True,0.8331981272313171,0.0461933296123342,0.8331981272313171,0.10516602315535858,0.01544252000099012,,
classification__tfidf__none__logistic_regression,classification,tfidf,,logistic_regression,3,DEV-LOCAL-V1-000391,73e89e1664ab439e608462112723e29e601389502e364ff5bf46c17f109490a2,SOB_DEMANDA,SOB_DEMANDA,SOB_DEMANDA,True,True,0.8008015549832296,0.013890194555420022,0.1731592471963199,0.8008015549832296,0.012149003265030477,,
classification__tfidf__none__logistic_regression,classification,tfidf,,logistic_regression,3,DEV-LOCAL-V1-000392,73e89e1664ab439e608462112723e29e601389502e364ff5bf46c17f109490a2,SOB_DEMANDA,SOB_DEMANDA,SOB_DEMANDA,True,True,0.651066113416451,0.04373656380673272,0.2926047910307135,0.651066113416451,0.012592531746102798,,
classification__tfidf__none__logistic_regression,classification,tfidf,,logistic_regression,3,DEV-LOCAL-V1-000393,73e89e1664ab439e608462112723e29e601389502e364ff5bf46c17f109490a2,SOB_DEMANDA,SOB_DEMANDA,SOB_DEMANDA,True,True,0.7693904636840526,0.017062282486797073,0.20707838050650706,0.7693904636840526,0.006468873322643256,,
classification__tfidf__none__logistic_regression,classification,tfidf,,logistic_regression,3,DEV-LOCAL-V1-000394,73e89e1664ab439e608462112723e29e601389502e364ff5bf46c17f109490a2,SOB_DEMANDA,SOB_DEMANDA,SOB_DEMANDA,True,True,0.7993493711693644,0.030059134449188216,0.16453159818427635,0.7993493711693644,0.006059896197170958,,
classification__tfidf__none__logistic_regression,classification,tfidf,,logistic_regression,3,DEV-LOCAL-V1-000395,73e89e1664ab439e608462112723e29e601389502e364ff5bf46c17f109490a2,SOB_DEMANDA,SOB_DEMANDA,SOB_DEMANDA,True,True,0.8010256334454801,0.017135311159581796,0.15379647218410444,0.8010256334454801,0.028042583210833784,,
classification__tfidf__none__logistic_regression,classification,tfidf,,logistic_regression,3,DEV-LOCAL-V1-000446,15e64dfeb9588573ba870513c9f6b5fe3bc6c8bd834ca7a5b2ff32788f83b6dd,SOB_DEMANDA,SOB_DEMANDA,SOB_DEMANDA,True,True,0.9064248488229822,0.025886211746483066,0.06447818963549659,0.9064248488229822,0.003210749795038086,,
classification__tfidf__none__logistic_regression,classification,tfidf,,logistic_regression,3,DEV-LOCAL-V1-000447,15e64dfeb9588573ba870513c9f6b5fe3bc6c8bd834ca7a5b2ff32788f83b6dd,SOB_DEMANDA,SOB_DEMANDA,SOB_DEMANDA,True,True,0.7563710457727087,0.10775523865246536,0.13431534945442475,0.7563710457727087,0.0015583661204012134,,
classification__tfidf__none__logistic_regression,classification,tfidf,,logistic_regression,3,DEV-LOCAL-V1-000448,15e64dfeb9588573ba870513c9f6b5fe3bc6c8bd834ca7a5b2ff32788f83b6dd,SOB_DEMANDA,SOB_DEMANDA,SOB_DEMANDA,True,True,0.8917639322831693,0.029780142454003046,0.07635466311945911,0.8917639322831693,0.0021012621433684816,,
classification__tfidf__none__logistic_regression,classification,tfidf,,logistic_regression,3,DEV-LOCAL-V1-000449,15e64dfeb9588573ba870513c9f6b5fe3bc6c8bd834ca7a5b2ff32788f83b6dd,SOB_DEMANDA,SOB_DEMANDA,SOB_DEMANDA,True,True,0.9194898180331774,0.029622124449643968,0.04836412941092747,0.9194898180331774,0.002523928106251102,,
classification__tfidf__none__logistic_regression,classification,tfidf,,logistic_regression,3,DEV-LOCAL-V1-000450,15e64dfeb9588573ba870513c9f6b5fe3bc6c8bd834ca7a5b2ff32788f83b6dd,SOB_DEMANDA,SOB_DEMANDA,SOB_DEMANDA,True,True,0.905660407567383,0.03280927811069703,0.05413670335878009,0.905660407567383,0.0073936109631400895,,
classification__tfidf__none__logistic_regression,classification,tfidf,,logistic_regression,3,DEV-LOCAL-V1-000581,45cbeec448033c0724f7f261bb20e54920dcb948f54e425b82d2b856af95c4aa,TRIAGEM_MANUAL,TRIAGEM_MANUAL,TRIAGEM_MANUAL,True,True,0.707604891625019,0.041708958232548665,0.2408752407008529,0.0098109094415793,0.707604891625019,,
classification__tfidf__none__logistic_regression,classification,tfidf,,logistic_regression,3,DEV-LOCAL-V1-000582,45cbeec448033c0724f7f261bb20e54920dcb948f54e425b82d2b856af95c4aa,TRIAGEM_MANUAL,DEMO,DEMO,True,False,0.6958434861171928,0.044928138750044866,0.6958434861171928,0.01681412531813614,0.2424142498146261,,
classification__tfidf__none__logistic_regression,classification,tfidf,,logistic_regression,3,DEV-LOCAL-V1-000583,45cbeec448033c0724f7f261bb20e54920dcb948f54e425b82d2b856af95c4aa,TRIAGEM_MANUAL,TRIAGEM_MANUAL,TRIAGEM_MANUAL,True,True,0.609854068665085,0.05742398960229381,0.32322862395763674,0.009493317774984538,0.609854068665085,,
classification__tfidf__none__logistic_regression,classification,tfidf,,logistic_regression,3,DEV-LOCAL-V1-000584,45cbeec448033c0724f7f261bb20e54920dcb948f54e425b82d2b856af95c4aa,TRIAGEM_MANUAL,TRIAGEM_MANUAL,TRIAGEM_MANUAL,True,True,0.6329795879259875,0.09645889435237513,0.2594763719480246,0.011085145773612847,0.6329795879259875,,
classification__tfidf__none__logistic_regression,classification,tfidf,,logistic_regression,3,DEV-LOCAL-V1-000585,45cbeec448033c0724f7f261bb20e54920dcb948f54e425b82d2b856af95c4aa,TRIAGEM_MANUAL,TRIAGEM_MANUAL,TRIAGEM_MANUAL,True,True,0.7522587358340251,0.045955342732639445,0.19170207912005152,0.010083842313283934,0.7522587358340251,,
classification__tfidf__none__logistic_regression,classification,tfidf,,logistic_regression,3,DEV-LOCAL-V1-000431,ee7fd169a18042f5d3f3ddbae2689ab7cdf23db410dd9fb9813eeadcab7b333a,SOB_DEMANDA,SOB_DEMANDA,SOB_DEMANDA,True,True,0.915345686307705,0.008487349894854371,0.06382431661697435,0.915345686307705,0.012342647180466485,,
classification__tfidf__none__logistic_regression,classification,tfidf,,logistic_regression,3,DEV-LOCAL-V1-000432,ee7fd169a18042f5d3f3ddbae2689ab7cdf23db410dd9fb9813eeadcab7b333a,SOB_DEMANDA,SOB_DEMANDA,SOB_DEMANDA,False,False,0.45303129204392645,0.2631244878763351,0.18104695955013841,0.45303129204392645,0.10279726052960003,,
classification__tfidf__none__logistic_regression,classification,tfidf,,logistic_regression,3,DEV-LOCAL-V1-000433,ee7fd169a18042f5d3f3ddbae2689ab7cdf23db410dd9fb9813eeadcab7b333a,SOB_DEMANDA,SOB_DEMANDA,SOB_DEMANDA,True,True,0.9060138746717559,0.010355455264468247,0.07683808222982064,0.9060138746717559,0.0067925878339552105,,
classification__tfidf__none__logistic_regression,classification,tfidf,,logistic_regression,3,DEV-LOCAL-V1-000434,ee7fd169a18042f5d3f3ddbae2689ab7cdf23db410dd9fb9813eeadcab7b333a,SOB_DEMANDA,SOB_DEMANDA,SOB_DEMANDA,True,True,0.9212728208990094,0.020149932494531522,0.05364297812573371,0.9212728208990094,0.0049342684807251935,,
classification__tfidf__none__logistic_regression,classification,tfidf,,logistic_regression,3,DEV-LOCAL-V1-000435,ee7fd169a18042f5d3f3ddbae2689ab7cdf23db410dd9fb9813eeadcab7b333a,SOB_DEMANDA,SOB_DEMANDA,SOB_DEMANDA,True,True,0.9008023666145449,0.01148772026719308,0.05852818081002192,0.9008023666145449,0.02918173230823999,,
classification__tfidf__none__logistic_regression,classification,tfidf,,logistic_regression,3,DEV-LOCAL-V1-000221,ec461a519e1316fbb84f105cf3cec7371189c18e78df708e5de4884c984ac43a,DEMO,DEMO,DEMO,True,True,0.7128928689030628,0.0025238371233478585,0.7128928689030628,0.03089857977532214,0.2536847141982671,,
classification__tfidf__none__logistic_regression,classification,tfidf,,logistic_regression,3,DEV-LOCAL-V1-000222,ec461a519e1316fbb84f105cf3cec7371189c18e78df708e5de4884c984ac43a,DEMO,DEMO,DEMO,False,False,0.5599006003469348,0.0017594070637508227,0.5599006003469348,0.06879962188322145,0.36954037070609286,,
classification__tfidf__none__logistic_regression,classification,tfidf,,logistic_regression,3,DEV-LOCAL-V1-000223,ec461a519e1316fbb84f105cf3cec7371189c18e78df708e5de4884c984ac43a,DEMO,DEMO,DEMO,True,True,0.795440688865554,0.003231908373924401,0.795440688865554,0.03137814148419444,0.1699492612763272,,
classification__tfidf__none__logistic_regression,classification,tfidf,,logistic_regression,3,DEV-LOCAL-V1-000224,ec461a519e1316fbb84f105cf3cec7371189c18e78df708e5de4884c984ac43a,DEMO,DEMO,DEMO,True,True,0.743193903958367,0.0033831269434634772,0.743193903958367,0.03550875060645763,0.21791421849171194,,
classification__tfidf__none__logistic_regression,classification,tfidf,,logistic_regression,3,DEV-LOCAL-V1-000225,ec461a519e1316fbb84f105cf3cec7371189c18e78df708e5de4884c984ac43a,DEMO,DEMO,DEMO,True,True,0.6124616156347291,0.003300245917143885,0.6124616156347291,0.02868896062416962,0.3555491778239574,,
classification__tfidf__none__logistic_regression,classification,tfidf,,logistic_regression,3,DEV-LOCAL-V1-000191,7ede77cdf88b10a6bb856cad0bde3faf3e917121ae4f2ef50d9900330460f5e4,DEMO,DEMO,DEMO,True,True,0.8140303255594779,0.1637064789514455,0.8140303255594779,0.012148550624936442,0.010114644864140336,,
classification__tfidf__none__logistic_regression,classification,tfidf,,logistic_regression,3,DEV-LOCAL-V1-000192,7ede77cdf88b10a6bb856cad0bde3faf3e917121ae4f2ef50d9900330460f5e4,DEMO,OBRA,OBRA,False,False,0.6694052737101588,0.6694052737101588,0.3152905150363085,0.014487190497577627,0.0008170207559551583,,
classification__tfidf__none__logistic_regression,classification,tfidf,,logistic_regression,3,DEV-LOCAL-V1-000193,7ede77cdf88b10a6bb856cad0bde3faf3e917121ae4f2ef50d9900330460f5e4,DEMO,DEMO,DEMO,True,True,0.7563101753574911,0.22958577680776546,0.7563101753574911,0.007705098776470036,0.006398949058273399,,
classification__tfidf__none__logistic_regression,classification,tfidf,,logistic_regression,3,DEV-LOCAL-V1-000194,7ede77cdf88b10a6bb856cad0bde3faf3e917121ae4f2ef50d9900330460f5e4,DEMO,DEMO,DEMO,True,True,0.6417409053263855,0.34651591394057074,0.6417409053263855,0.009155166978173573,0.0025880137548703803,,
classification__tfidf__none__logistic_regression,classification,tfidf,,logistic_regression,3,DEV-LOCAL-V1-000195,7ede77cdf88b10a6bb856cad0bde3faf3e917121ae4f2ef50d9900330460f5e4,DEMO,DEMO,DEMO,True,True,0.780080946702288,0.18205948355289112,0.780080946702288,0.013517593698990478,0.02434197604583044,,
classification__tfidf__none__logistic_regression,classification,tfidf,,logistic_regression,3,DEV-LOCAL-V1-000026,c6b88c9bfd2a92a63f7c12b896eab80ac8f0959b241481219be39dfbb8a6dea6,OBRA,OBRA,OBRA,False,False,0.8615979016064056,0.8615979016064056,0.12710758269893535,0.003333663695642906,0.007960851999015998,,
classification__tfidf__none__logistic_regression,classification,tfidf,,logistic_regression,3,DEV-LOCAL-V1-000027,c6b88c9bfd2a92a63f7c12b896eab80ac8f0959b241481219be39dfbb8a6dea6,OBRA,OBRA,OBRA,False,False,0.802926613337939,0.802926613337939,0.18935238714531047,0.00558480120514761,0.0021361983116030565,,
classification__tfidf__none__logistic_regression,classification,tfidf,,logistic_regression,3,DEV-LOCAL-V1-000028,c6b88c9bfd2a92a63f7c12b896eab80ac8f0959b241481219be39dfbb8a6dea6,OBRA,OBRA,OBRA,False,False,0.8400710734559108,0.8400710734559108,0.15288017542889162,0.002917956868951257,0.004130794246246108,,
classification__tfidf__none__logistic_regression,classification,tfidf,,logistic_regression,3,DEV-LOCAL-V1-000029,c6b88c9bfd2a92a63f7c12b896eab80ac8f0959b241481219be39dfbb8a6dea6,OBRA,OBRA,OBRA,False,False,0.8811871340642303,0.8811871340642303,0.11232506367651668,0.0034670035184325254,0.0030207987408205385,,
classification__tfidf__none__logistic_regression,classification,tfidf,,logistic_regression,3,DEV-LOCAL-V1-000030,c6b88c9bfd2a92a63f7c12b896eab80ac8f0959b241481219be39dfbb8a6dea6,OBRA,OBRA,OBRA,False,False,0.8737660347184475,0.8737660347184475,0.10532459447253362,0.003544926003666446,0.017364444805352455,,
classification__tfidf__none__logistic_regression,classification,tfidf,,logistic_regression,3,DEV-LOCAL-V1-000351,89f8db83fc9c1f61a8af218f66d6b9b110a44c1b49825f91a28e821ead976270,SOB_DEMANDA,SOB_DEMANDA,SOB_DEMANDA,False,False,0.5339333861174941,0.18569685606142353,0.2775126167210728,0.5339333861174941,0.002857141100009553,,
classification__tfidf__none__logistic_regression,classification,tfidf,,logistic_regression,3,DEV-LOCAL-V1-000352,89f8db83fc9c1f61a8af218f66d6b9b110a44c1b49825f91a28e821ead976270,SOB_DEMANDA,DEMO,DEMO,False,False,0.49207225464614446,0.4783518709379567,0.49207225464614446,0.02887813196603903,0.0006977424498598177,,
classification__tfidf__none__logistic_regression,classification,tfidf,,logistic_regression,3,DEV-LOCAL-V1-000353,89f8db83fc9c1f61a8af218f66d6b9b110a44c1b49825f91a28e821ead976270,SOB_DEMANDA,SOB_DEMANDA,SOB_DEMANDA,False,False,0.45243942548855887,0.2245962288114856,0.3216230549730463,0.45243942548855887,0.0013412907269094027,,
classification__tfidf__none__logistic_regression,classification,tfidf,,logistic_regression,3,DEV-LOCAL-V1-000354,89f8db83fc9c1f61a8af218f66d6b9b110a44c1b49825f91a28e821ead976270,SOB_DEMANDA,SOB_DEMANDA,SOB_DEMANDA,False,False,0.5113889375837798,0.24893322768379914,0.23823731137160006,0.5113889375837798,0.0014405233608210254,,
classification__tfidf__none__logistic_regression,classification,tfidf,,logistic_regression,3,DEV-LOCAL-V1-000355,89f8db83fc9c1f61a8af218f66d6b9b110a44c1b49825f91a28e821ead976270,SOB_DEMANDA,SOB_DEMANDA,SOB_DEMANDA,False,False,0.4771853552928597,0.2230751252487166,0.2897540473294222,0.4771853552928597,0.00998547212900153,,
classification__tfidf__none__logistic_regression,classification,tfidf,,logistic_regression,3,DEV-LOCAL-V1-000121,39083e466671387bd8139296daacee71d1bccc6b3a7f246845fa0e4c4cebfce4,OBRA,OBRA,OBRA,False,False,0.6311622811237598,0.6311622811237598,0.32443249319410694,0.037902207773977445,0.0065030179081559,,
classification__tfidf__none__logistic_regression,classification,tfidf,,logistic_regression,3,DEV-LOCAL-V1-000122,39083e466671387bd8139296daacee71d1bccc6b3a7f246845fa0e4c4cebfce4,OBRA,DEMO,DEMO,True,False,0.7452506787387814,0.03206733395029005,0.7452506787387814,0.2207383856677385,0.0019436016431900124,,
classification__tfidf__none__logistic_regression,classification,tfidf,,logistic_regression,3,DEV-LOCAL-V1-000123,39083e466671387bd8139296daacee71d1bccc6b3a7f246845fa0e4c4cebfce4,OBRA,OBRA,OBRA,False,False,0.6219791209919189,0.6219791209919189,0.3450235317914984,0.030083809002036638,0.002913538214546097,,
classification__tfidf__none__logistic_regression,classification,tfidf,,logistic_regression,3,DEV-LOCAL-V1-000124,39083e466671387bd8139296daacee71d1bccc6b3a7f246845fa0e4c4cebfce4,OBRA,OBRA,OBRA,False,False,0.692900395581379,0.692900395581379,0.26773685636028527,0.03554907937076861,0.0038136686875672424,,
classification__tfidf__none__logistic_regression,classification,tfidf,,logistic_regression,3,DEV-LOCAL-V1-000125,39083e466671387bd8139296daacee71d1bccc6b3a7f246845fa0e4c4cebfce4,OBRA,OBRA,OBRA,False,False,0.6707279508655293,0.6707279508655293,0.27152208261657845,0.03886036986674136,0.018889596651150753,,
classification__tfidf__none__logistic_regression,classification,tfidf,,logistic_regression,3,DEV-LOCAL-V1-000231,1e5ea75b46a31ac0c395c628730f733d84fb732a0a362953ac057422bc0aa419,DEMO,DEMO,DEMO,True,True,0.8031521413751046,0.09264353824253392,0.8031521413751046,0.018333409582223584,0.08587091080013798,,
classification__tfidf__none__logistic_regression,classification,tfidf,,logistic_regression,3,DEV-LOCAL-V1-000232,1e5ea75b46a31ac0c395c628730f733d84fb732a0a362953ac057422bc0aa419,DEMO,DEMO,DEMO,True,True,0.6295711092615156,0.1820276868545896,0.6295711092615156,0.006379359035030531,0.18202184484886438,,
classification__tfidf__none__logistic_regression,classification,tfidf,,logistic_regression,3,DEV-LOCAL-V1-000233,1e5ea75b46a31ac0c395c628730f733d84fb732a0a362953ac057422bc0aa419,DEMO,DEMO,DEMO,True,True,0.8320915429367429,0.11076111861687053,0.8320915429367429,0.015374836652926147,0.04177250179346029,,
classification__tfidf__none__logistic_regression,classification,tfidf,,logistic_regression,3,DEV-LOCAL-V1-000234,1e5ea75b46a31ac0c395c628730f733d84fb732a0a362953ac057422bc0aa419,DEMO,DEMO,DEMO,True,True,0.7597805693727332,0.18799057407733533,0.7597805693727332,0.019498891936481955,0.03272996461344947,,
classification__tfidf__none__logistic_regression,classification,tfidf,,logistic_regression,3,DEV-LOCAL-V1-000235,1e5ea75b46a31ac0c395c628730f733d84fb732a0a362953ac057422bc0aa419,DEMO,DEMO,DEMO,True,True,0.724783950544719,0.10064341925207637,0.724783950544719,0.019423450982916767,0.15514917922028795,,
classification__tfidf__none__logistic_regression,classification,tfidf,,logistic_regression,3,DEV-LOCAL-V1-000256,114c8bc9569ac774a419e1e8de4531e835510fc513654d0fb33c55525ee71ffb,DEMO,DEMO,DEMO,False,False,0.5633059916933871,0.11953760145634806,0.5633059916933871,0.082863013906348,0.23429339294391685,,
classification__tfidf__none__logistic_regression,classification,tfidf,,logistic_regression,3,DEV-LOCAL-V1-000257,114c8bc9569ac774a419e1e8de4531e835510fc513654d0fb33c55525ee71ffb,DEMO,OBRA,OBRA,False,False,0.5041876975532725,0.5041876975532725,0.29099053841963274,0.11935125542830552,0.08547050859878921,,
classification__tfidf__none__logistic_regression,classification,tfidf,,logistic_regression,3,DEV-LOCAL-V1-000258,114c8bc9569ac774a419e1e8de4531e835510fc513654d0fb33c55525ee71ffb,DEMO,DEMO,DEMO,True,True,0.6489660088170243,0.1489427659798845,0.6489660088170243,0.07405876063895903,0.1280324645641321,,
classification__tfidf__none__logistic_regression,classification,tfidf,,logistic_regression,3,DEV-LOCAL-V1-000259,114c8bc9569ac774a419e1e8de4531e835510fc513654d0fb33c55525ee71ffb,DEMO,DEMO,DEMO,False,False,0.558798093529188,0.18458539647889227,0.558798093529188,0.07387468718056796,0.18274182281135185,,
classification__tfidf__none__logistic_regression,classification,tfidf,,logistic_regression,3,DEV-LOCAL-V1-000260,114c8bc9569ac774a419e1e8de4531e835510fc513654d0fb33c55525ee71ffb,DEMO,DEMO,DEMO,False,False,0.4475892604569755,0.12394831408873265,0.4475892604569755,0.06709087098300423,0.36137155447128766,,
classification__tfidf__none__logistic_regression,classification,tfidf,,logistic_regression,3,DEV-LOCAL-V1-000296,5ba578e86be8b8155f1e77800bda7133f48d764a2812a32e919a642ab219f90c,DEMO,OBRA,OBRA,False,False,0.684373179678472,0.684373179678472,0.1281300149549808,0.06540382086032638,0.12209298450622065,,
classification__tfidf__none__logistic_regression,classification,tfidf,,logistic_regression,3,DEV-LOCAL-V1-000297,5ba578e86be8b8155f1e77800bda7133f48d764a2812a32e919a642ab219f90c,DEMO,OBRA,OBRA,False,False,0.8186298445674737,0.8186298445674737,0.02455997541826333,0.032148786836622124,0.12466139317764074,,
classification__tfidf__none__logistic_regression,classification,tfidf,,logistic_regression,3,DEV-LOCAL-V1-000298,5ba578e86be8b8155f1e77800bda7133f48d764a2812a32e919a642ab219f90c,DEMO,OBRA,OBRA,False,False,0.7324840456957252,0.7324840456957252,0.14811449789362197,0.05878051671388897,0.060620939696763965,,
classification__tfidf__none__logistic_regression,classification,tfidf,,logistic_regression,3,DEV-LOCAL-V1-000299,5ba578e86be8b8155f1e77800bda7133f48d764a2812a32e919a642ab219f90c,DEMO,OBRA,OBRA,False,False,0.7893848881634256,0.7893848881634256,0.08216329263947994,0.06317850432182344,0.06527331487527098,,
classification__tfidf__none__logistic_regression,classification,tfidf,,logistic_regression,3,DEV-LOCAL-V1-000300,5ba578e86be8b8155f1e77800bda7133f48d764a2812a32e919a642ab219f90c,DEMO,OBRA,OBRA,False,False,0.6394159401794421,0.6394159401794421,0.1025002301658696,0.06494630749294183,0.19313752216174646,,
classification__tfidf__none__logistic_regression,classification,tfidf,,logistic_regression,4,DEV-LOCAL-V1-000086,d177efae0184a38f04114500b2eb281e155ccf0cb1732e8aa78138987c40effb,OBRA,OBRA,OBRA,False,False,0.7515584785885291,0.7515584785885291,0.18583498485952332,0.05025972688471414,0.01234680966723347,,
classification__tfidf__none__logistic_regression,classification,tfidf,,logistic_regression,4,DEV-LOCAL-V1-000087,d177efae0184a38f04114500b2eb281e155ccf0cb1732e8aa78138987c40effb,OBRA,OBRA,OBRA,False,False,0.5949660609118984,0.5949660609118984,0.031102058539951596,0.36771430181223064,0.006217578735919418,,
classification__tfidf__none__logistic_regression,classification,tfidf,,logistic_regression,4,DEV-LOCAL-V1-000088,d177efae0184a38f04114500b2eb281e155ccf0cb1732e8aa78138987c40effb,OBRA,OBRA,OBRA,False,False,0.7627088361540839,0.7627088361540839,0.17927231295316565,0.048937760846519594,0.009081090046230764,,
classification__tfidf__none__logistic_regression,classification,tfidf,,logistic_regression,4,DEV-LOCAL-V1-000089,d177efae0184a38f04114500b2eb281e155ccf0cb1732e8aa78138987c40effb,OBRA,OBRA,OBRA,False,False,0.7642831819817857,0.7642831819817857,0.18284548204836418,0.04400609222417514,0.00886524374567515,,
classification__tfidf__none__logistic_regression,classification,tfidf,,logistic_regression,4,DEV-LOCAL-V1-000090,d177efae0184a38f04114500b2eb281e155ccf0cb1732e8aa78138987c40effb,OBRA,OBRA,OBRA,False,False,0.7555237495021834,0.7555237495021834,0.17082399486239402,0.04095055804102959,0.03270169759439299,,
classification__tfidf__none__logistic_regression,classification,tfidf,,logistic_regression,4,DEV-LOCAL-V1-000051,2cf68ff7071eaf3b28316c7cad0b45421543bfb09ee1d411199669558ccdc664,OBRA,DEMO,DEMO,False,False,0.547976218498081,0.417475689005128,0.547976218498081,0.0048686682066096925,0.029679424290181132,,
classification__tfidf__none__logistic_regression,classification,tfidf,,logistic_regression,4,DEV-LOCAL-V1-000052,2cf68ff7071eaf3b28316c7cad0b45421543bfb09ee1d411199669558ccdc664,OBRA,DEMO,DEMO,True,False,0.9217387802514162,0.03916442795100842,0.9217387802514162,0.0050262790866577225,0.03407051271091759,,
classification__tfidf__none__logistic_regression,classification,tfidf,,logistic_regression,4,DEV-LOCAL-V1-000053,2cf68ff7071eaf3b28316c7cad0b45421543bfb09ee1d411199669558ccdc664,OBRA,DEMO,DEMO,False,False,0.5407770174095592,0.430098246370367,0.5407770174095592,0.004078086778617173,0.02504664944145682,,
classification__tfidf__none__logistic_regression,classification,tfidf,,logistic_regression,4,DEV-LOCAL-V1-000054,2cf68ff7071eaf3b28316c7cad0b45421543bfb09ee1d411199669558ccdc664,OBRA,DEMO,DEMO,False,False,0.5380012494697775,0.4374542959569434,0.5380012494697775,0.004028830939817905,0.02051562363346125,,
classification__tfidf__none__logistic_regression,classification,tfidf,,logistic_regression,4,DEV-LOCAL-V1-000055,2cf68ff7071eaf3b28316c7cad0b45421543bfb09ee1d411199669558ccdc664,OBRA,DEMO,DEMO,False,False,0.5523341774936252,0.37505232212460393,0.5523341774936252,0.005820164992603696,0.06679333538916703,,
classification__tfidf__none__logistic_regression,classification,tfidf,,logistic_regression,4,DEV-LOCAL-V1-000506,908419568f18471380c0e492fec19bb177e3b2c7fbb223222f4c348c3bb7c788,TRIAGEM_MANUAL,TRIAGEM_MANUAL,TRIAGEM_MANUAL,False,False,0.477949710098904,0.003702761105118081,0.3864411792812613,0.13190634951471664,0.477949710098904,,
classification__tfidf__none__logistic_regression,classification,tfidf,,logistic_regression,4,DEV-LOCAL-V1-000507,908419568f18471380c0e492fec19bb177e3b2c7fbb223222f4c348c3bb7c788,TRIAGEM_MANUAL,DEMO,DEMO,False,False,0.49892660855005017,0.008034319794563467,0.49892660855005017,0.4718102491110538,0.02122882254433262,,
classification__tfidf__none__logistic_regression,classification,tfidf,,logistic_regression,4,DEV-LOCAL-V1-000508,908419568f18471380c0e492fec19bb177e3b2c7fbb223222f4c348c3bb7c788,TRIAGEM_MANUAL,DEMO,DEMO,False,False,0.5862025327380438,0.004957649527361164,0.5862025327380438,0.22220693236472078,0.1866328853698743,,
classification__tfidf__none__logistic_regression,classification,tfidf,,logistic_regression,4,DEV-LOCAL-V1-000509,908419568f18471380c0e492fec19bb177e3b2c7fbb223222f4c348c3bb7c788,TRIAGEM_MANUAL,DEMO,DEMO,False,False,0.5926883496503037,0.005195612385130074,0.5926883496503037,0.20834750272689775,0.19376853523766846,,
classification__tfidf__none__logistic_regression,classification,tfidf,,logistic_regression,4,DEV-LOCAL-V1-000510,908419568f18471380c0e492fec19bb177e3b2c7fbb223222f4c348c3bb7c788,TRIAGEM_MANUAL,TRIAGEM_MANUAL,TRIAGEM_MANUAL,False,False,0.4560831412432533,0.00494087643906894,0.40128773368170645,0.1376882486359713,0.4560831412432533,,
classification__tfidf__none__logistic_regression,classification,tfidf,,logistic_regression,4,DEV-LOCAL-V1-000096,3abc6aa9018480036738b1d5050a2977cf5ed99ed7f29d1fc9aff62d90d0dbb0,OBRA,OBRA,OBRA,False,False,0.8737520399059744,0.8737520399059744,0.016505594860263234,0.09279947018577109,0.01694289504799131,,
classification__tfidf__none__logistic_regression,classification,tfidf,,logistic_regression,4,DEV-LOCAL-V1-000097,3abc6aa9018480036738b1d5050a2977cf5ed99ed7f29d1fc9aff62d90d0dbb0,OBRA,OBRA,OBRA,False,False,0.7107517872449403,0.7107517872449403,0.08226395616396599,0.18561556604323826,0.021368690547855472,,
classification__tfidf__none__logistic_regression,classification,tfidf,,logistic_regression,4,DEV-LOCAL-V1-000098,3abc6aa9018480036738b1d5050a2977cf5ed99ed7f29d1fc9aff62d90d0dbb0,OBRA,OBRA,OBRA,False,False,0.8816055581503925,0.8816055581503925,0.0186314896595658,0.08688699927155556,0.012875952918486,,
classification__tfidf__none__logistic_regression,classification,tfidf,,logistic_regression,4,DEV-LOCAL-V1-000099,3abc6aa9018480036738b1d5050a2977cf5ed99ed7f29d1fc9aff62d90d0dbb0,OBRA,OBRA,OBRA,False,False,0.8498844894148326,0.8498844894148326,0.018331310028458815,0.12216340767827288,0.009620792878435525,,
classification__tfidf__none__logistic_regression,classification,tfidf,,logistic_regression,4,DEV-LOCAL-V1-000100,3abc6aa9018480036738b1d5050a2977cf5ed99ed7f29d1fc9aff62d90d0dbb0,OBRA,OBRA,OBRA,False,False,0.8860862882751438,0.8860862882751438,0.0166545725360319,0.06158992150520865,0.035669217683615535,,
classification__tfidf__none__logistic_regression,classification,tfidf,,logistic_regression,4,DEV-LOCAL-V1-000016,f48c1a3d11b9bc15f5354d0ca6a51adff284b41fdb503000b55f35813bfa32a8,OBRA,OBRA,OBRA,False,False,0.8474701735701746,0.8474701735701746,0.13345258124701223,0.005487868279457644,0.013589376903355481,,
classification__tfidf__none__logistic_regression,classification,tfidf,,logistic_regression,4,DEV-LOCAL-V1-000017,f48c1a3d11b9bc15f5354d0ca6a51adff284b41fdb503000b55f35813bfa32a8,OBRA,OBRA,OBRA,False,False,0.6181635597030483,0.6181635597030483,0.2638053351553164,0.08084286102052576,0.03718824412110964,,
classification__tfidf__none__logistic_regression,classification,tfidf,,logistic_regression,4,DEV-LOCAL-V1-000018,f48c1a3d11b9bc15f5354d0ca6a51adff284b41fdb503000b55f35813bfa32a8,OBRA,OBRA,OBRA,False,False,0.836750662432244,0.836750662432244,0.1479631529023542,0.005040724072871679,0.010245460592529882,,
classification__tfidf__none__logistic_regression,classification,tfidf,,logistic_regression,4,DEV-LOCAL-V1-000019,f48c1a3d11b9bc15f5354d0ca6a51adff284b41fdb503000b55f35813bfa32a8,OBRA,OBRA,OBRA,False,False,0.8528753829049033,0.8528753829049033,0.13375569664828546,0.0038253088580557813,0.009543611588755517,,
classification__tfidf__none__logistic_regression,classification,tfidf,,logistic_regression,4,DEV-LOCAL-V1-000020,f48c1a3d11b9bc15f5354d0ca6a51adff284b41fdb503000b55f35813bfa32a8,OBRA,OBRA,OBRA,False,False,0.8717080684578697,0.8717080684578697,0.09124204217334823,0.004227617734330162,0.032822271634451824,,
classification__tfidf__none__logistic_regression,classification,tfidf,,logistic_regression,4,DEV-LOCAL-V1-000316,bfbc7543e568f69aa91a3356511f0db974bb0549ffa88ea3d4eb147b238cbd87,DEMO,DEMO,DEMO,True,True,0.7928896298889481,0.015010821631514713,0.7928896298889481,0.09298735162967654,0.0991121968498607,,
classification__tfidf__none__logistic_regression,classification,tfidf,,logistic_regression,4,DEV-LOCAL-V1-000317,bfbc7543e568f69aa91a3356511f0db974bb0549ffa88ea3d4eb147b238cbd87,DEMO,TRIAGEM_MANUAL,TRIAGEM_MANUAL,False,False,0.452490852449458,0.051310483636818116,0.0475752339153237,0.4486234299984002,0.452490852449458,,
classification__tfidf__none__logistic_regression,classification,tfidf,,logistic_regression,4,DEV-LOCAL-V1-000318,bfbc7543e568f69aa91a3356511f0db974bb0549ffa88ea3d4eb147b238cbd87,DEMO,SOB_DEMANDA,SOB_DEMANDA,False,False,0.4792590693661312,0.019715436855606765,0.412519401089188,0.4792590693661312,0.08850609268907404,,
classification__tfidf__none__logistic_regression,classification,tfidf,,logistic_regression,4,DEV-LOCAL-V1-000319,bfbc7543e568f69aa91a3356511f0db974bb0549ffa88ea3d4eb147b238cbd87,DEMO,SOB_DEMANDA,SOB_DEMANDA,False,False,0.45784722777095366,0.021454786985673754,0.43300033108168207,0.45784722777095366,0.08769765416169058,,
classification__tfidf__none__logistic_regression,classification,tfidf,,logistic_regression,4,DEV-LOCAL-V1-000320,bfbc7543e568f69aa91a3356511f0db974bb0549ffa88ea3d4eb147b238cbd87,DEMO,SOB_DEMANDA,SOB_DEMANDA,False,False,0.3827491676934981,0.015306999737699223,0.3508861596183529,0.3827491676934981,0.2510576729504497,,
classification__tfidf__none__logistic_regression,classification,tfidf,,logistic_regression,4,DEV-LOCAL-V1-000541,8abb0d222e16164942aa19c9e82ef7d53731204cf8bde18bde71b96cb930b39b,TRIAGEM_MANUAL,TRIAGEM_MANUAL,TRIAGEM_MANUAL,False,False,0.49227477554796234,0.005916834099709056,0.23807280111803267,0.26373558923429596,0.49227477554796234,,
classification__tfidf__none__logistic_regression,classification,tfidf,,logistic_regression,4,DEV-LOCAL-V1-000542,8abb0d222e16164942aa19c9e82ef7d53731204cf8bde18bde71b96cb930b39b,TRIAGEM_MANUAL,DEMO,DEMO,True,False,0.804383278660988,0.0932692629561056,0.804383278660988,0.01941714222458967,0.08293031615831664,,
classification__tfidf__none__logistic_regression,classification,tfidf,,logistic_regression,4,DEV-LOCAL-V1-000543,8abb0d222e16164942aa19c9e82ef7d53731204cf8bde18bde71b96cb930b39b,TRIAGEM_MANUAL,TRIAGEM_MANUAL,TRIAGEM_MANUAL,False,False,0.49261733369084243,0.007997327083487526,0.25563634335978963,0.24374899586588022,0.49261733369084243,,
classification__tfidf__none__logistic_regression,classification,tfidf,,logistic_regression,4,DEV-LOCAL-V1-000544,8abb0d222e16164942aa19c9e82ef7d53731204cf8bde18bde71b96cb930b39b,TRIAGEM_MANUAL,TRIAGEM_MANUAL,TRIAGEM_MANUAL,False,False,0.5194205211079739,0.007806682815065607,0.26246665059996904,0.21030614547699145,0.5194205211079739,,
classification__tfidf__none__logistic_regression,classification,tfidf,,logistic_regression,4,DEV-LOCAL-V1-000545,8abb0d222e16164942aa19c9e82ef7d53731204cf8bde18bde71b96cb930b39b,TRIAGEM_MANUAL,TRIAGEM_MANUAL,TRIAGEM_MANUAL,False,False,0.6575433420337201,0.0057725789145410605,0.17035723991697702,0.1663268391347617,0.6575433420337201,,
classification__tfidf__none__logistic_regression,classification,tfidf,,logistic_regression,4,DEV-LOCAL-V1-000496,b4d062692e329b55491d9499643b58dd99801aa6b2ce49d3718a1ca13bef08de,TRIAGEM_MANUAL,TRIAGEM_MANUAL,TRIAGEM_MANUAL,True,True,0.8756327533351749,0.00024799229994987076,0.0962944354808876,0.027824818883987655,0.8756327533351749,,
classification__tfidf__none__logistic_regression,classification,tfidf,,logistic_regression,4,DEV-LOCAL-V1-000497,b4d062692e329b55491d9499643b58dd99801aa6b2ce49d3718a1ca13bef08de,TRIAGEM_MANUAL,SOB_DEMANDA,SOB_DEMANDA,True,False,0.7124309518479304,0.005231298811024232,0.18092222991871226,0.7124309518479304,0.10141551942233305,,
classification__tfidf__none__logistic_regression,classification,tfidf,,logistic_regression,4,DEV-LOCAL-V1-000498,b4d062692e329b55491d9499643b58dd99801aa6b2ce49d3718a1ca13bef08de,TRIAGEM_MANUAL,TRIAGEM_MANUAL,TRIAGEM_MANUAL,True,True,0.870591237546122,0.0003008104957708218,0.10711673540403661,0.021991216554070506,0.870591237546122,,
classification__tfidf__none__logistic_regression,classification,tfidf,,logistic_regression,4,DEV-LOCAL-V1-000499,b4d062692e329b55491d9499643b58dd99801aa6b2ce49d3718a1ca13bef08de,TRIAGEM_MANUAL,TRIAGEM_MANUAL,TRIAGEM_MANUAL,True,True,0.882282857146287,0.0002656962014873846,0.10074834786202896,0.01670309879019666,0.882282857146287,,
classification__tfidf__none__logistic_regression,classification,tfidf,,logistic_regression,4,DEV-LOCAL-V1-000500,b4d062692e329b55491d9499643b58dd99801aa6b2ce49d3718a1ca13bef08de,TRIAGEM_MANUAL,TRIAGEM_MANUAL,TRIAGEM_MANUAL,True,True,0.9038155679493869,0.00032636348759496807,0.07654802913982392,0.019310039423194297,0.9038155679493869,,
classification__tfidf__none__logistic_regression,classification,tfidf,,logistic_regression,4,DEV-LOCAL-V1-000416,467cc707bc75eaba69582ccfac5833806ba748022a59f481e51e7dce075e5dff,SOB_DEMANDA,SOB_DEMANDA,SOB_DEMANDA,True,True,0.8457696321602922,0.002617504542560925,0.14074196705310235,0.8457696321602922,0.01087089624404463,,
classification__tfidf__none__logistic_regression,classification,tfidf,,logistic_regression,4,DEV-LOCAL-V1-000417,467cc707bc75eaba69582ccfac5833806ba748022a59f481e51e7dce075e5dff,SOB_DEMANDA,SOB_DEMANDA,SOB_DEMANDA,False,False,0.6561653476016625,0.0016067522904897587,0.3335480970000605,0.6561653476016625,0.008679803107787295,,
classification__tfidf__none__logistic_regression,classification,tfidf,,logistic_regression,4,DEV-LOCAL-V1-000418,467cc707bc75eaba69582ccfac5833806ba748022a59f481e51e7dce075e5dff,SOB_DEMANDA,SOB_DEMANDA,SOB_DEMANDA,True,True,0.8298817776235013,0.0031163445012813012,0.15911131317705993,0.8298817776235013,0.00789056469815739,,
classification__tfidf__none__logistic_regression,classification,tfidf,,logistic_regression,4,DEV-LOCAL-V1-000419,467cc707bc75eaba69582ccfac5833806ba748022a59f481e51e7dce075e5dff,SOB_DEMANDA,SOB_DEMANDA,SOB_DEMANDA,True,True,0.829669028268707,0.0035490789527414905,0.15920890184378306,0.829669028268707,0.007572990934768354,,
classification__tfidf__none__logistic_regression,classification,tfidf,,logistic_regression,4,DEV-LOCAL-V1-000420,467cc707bc75eaba69582ccfac5833806ba748022a59f481e51e7dce075e5dff,SOB_DEMANDA,SOB_DEMANDA,SOB_DEMANDA,True,True,0.8549267870443965,0.0027711019299617337,0.11672312968438375,0.8549267870443965,0.025578981341258026,,
classification__tfidf__none__logistic_regression,classification,tfidf,,logistic_regression,4,DEV-LOCAL-V1-000426,ad08184f174c28350283701a0c98177c0c571246f8983fb1498bdb80a7e51efa,SOB_DEMANDA,SOB_DEMANDA,SOB_DEMANDA,True,True,0.9599629327969611,0.005941674732169404,0.0026541071879003656,0.9599629327969611,0.03144128528296894,,
classification__tfidf__none__logistic_regression,classification,tfidf,,logistic_regression,4,DEV-LOCAL-V1-000427,ad08184f174c28350283701a0c98177c0c571246f8983fb1498bdb80a7e51efa,SOB_DEMANDA,SOB_DEMANDA,SOB_DEMANDA,True,True,0.7193675858254466,0.18081169285853432,0.005716206612193318,0.7193675858254466,0.0941045147038257,,
classification__tfidf__none__logistic_regression,classification,tfidf,,logistic_regression,4,DEV-LOCAL-V1-000428,ad08184f174c28350283701a0c98177c0c571246f8983fb1498bdb80a7e51efa,SOB_DEMANDA,SOB_DEMANDA,SOB_DEMANDA,True,True,0.9648527125730096,0.007106201533470389,0.003221882742265763,0.9648527125730096,0.024819203151254295,,
classification__tfidf__none__logistic_regression,classification,tfidf,,logistic_regression,4,DEV-LOCAL-V1-000429,ad08184f174c28350283701a0c98177c0c571246f8983fb1498bdb80a7e51efa,SOB_DEMANDA,SOB_DEMANDA,SOB_DEMANDA,True,True,0.9651679221438603,0.00663740522471261,0.0027695795098320996,0.9651679221438603,0.02542509312159513,,
classification__tfidf__none__logistic_regression,classification,tfidf,,logistic_regression,4,DEV-LOCAL-V1-000430,ad08184f174c28350283701a0c98177c0c571246f8983fb1498bdb80a7e51efa,SOB_DEMANDA,SOB_DEMANDA,SOB_DEMANDA,True,True,0.9292662590788217,0.005112332841045553,0.0031630297762494978,0.9292662590788217,0.06245837830388322,,
classification__tfidf__none__logistic_regression,classification,tfidf,,logistic_regression,4,DEV-LOCAL-V1-000236,5167855cbb3255b47edc869e42bd4197caf929d977b75775dfe0015c5abda6c2,DEMO,DEMO,DEMO,True,True,0.8627502444350459,0.037458308258132116,0.8627502444350459,0.04566444942703356,0.05412699787978846,,
classification__tfidf__none__logistic_regression,classification,tfidf,,logistic_regression,4,DEV-LOCAL-V1-000237,5167855cbb3255b47edc869e42bd4197caf929d977b75775dfe0015c5abda6c2,DEMO,DEMO,DEMO,True,True,0.6995453390903991,0.022101011407301405,0.6995453390903991,0.23841169613424296,0.039941953368056615,,
classification__tfidf__none__logistic_regression,classification,tfidf,,logistic_regression,4,DEV-LOCAL-V1-000238,5167855cbb3255b47edc869e42bd4197caf929d977b75775dfe0015c5abda6c2,DEMO,DEMO,DEMO,True,True,0.8417196937094424,0.05548461785837474,0.8417196937094424,0.04861248051712029,0.05418320791506262,,
classification__tfidf__none__logistic_regression,classification,tfidf,,logistic_regression,4,DEV-LOCAL-V1-000239,5167855cbb3255b47edc869e42bd4197caf929d977b75775dfe0015c5abda6c2,DEMO,DEMO,DEMO,True,True,0.844995588903543,0.038314732142437496,0.844995588903543,0.07360774080515062,0.043081938148868855,,
classification__tfidf__none__logistic_regression,classification,tfidf,,logistic_regression,4,DEV-LOCAL-V1-000240,5167855cbb3255b47edc869e42bd4197caf929d977b75775dfe0015c5abda6c2,DEMO,DEMO,DEMO,True,True,0.7780644815138491,0.04607662939943948,0.7780644815138491,0.04980042365828195,0.12605846542842955,,
classification__tfidf__none__logistic_regression,classification,tfidf,,logistic_regression,4,DEV-LOCAL-V1-000286,165d8104233292f8ad4a2585835b22067de6886f25c2350031022ac90a926c58,DEMO,OBRA,OBRA,False,False,0.6857761388899499,0.6857761388899499,0.21446774884242165,0.006969911953054021,0.09278620031457442,,
classification__tfidf__none__logistic_regression,classification,tfidf,,logistic_regression,4,DEV-LOCAL-V1-000287,165d8104233292f8ad4a2585835b22067de6886f25c2350031022ac90a926c58,DEMO,OBRA,OBRA,False,False,0.7993951521639545,0.7993951521639545,0.0437962172210538,0.1388652030151798,0.01794342759981183,,
classification__tfidf__none__logistic_regression,classification,tfidf,,logistic_regression,4,DEV-LOCAL-V1-000288,165d8104233292f8ad4a2585835b22067de6886f25c2350031022ac90a926c58,DEMO,OBRA,OBRA,False,False,0.5840949635244408,0.5840949635244408,0.3103729659171474,0.00716533732252597,0.09836673323588584,,
classification__tfidf__none__logistic_regression,classification,tfidf,,logistic_regression,4,DEV-LOCAL-V1-000289,165d8104233292f8ad4a2585835b22067de6886f25c2350031022ac90a926c58,DEMO,OBRA,OBRA,False,False,0.7168073781305054,0.7168073781305054,0.2107246479495068,0.005311580646614662,0.06715639327337317,,
classification__tfidf__none__logistic_regression,classification,tfidf,,logistic_regression,4,DEV-LOCAL-V1-000290,165d8104233292f8ad4a2585835b22067de6886f25c2350031022ac90a926c58,DEMO,OBRA,OBRA,False,False,0.6222871977673046,0.6222871977673046,0.1848190958551055,0.007158557258825656,0.1857351491187643,,
classification__tfidf__none__logistic_regression,classification,tfidf,,logistic_regression,4,DEV-LOCAL-V1-000176,740524437f79a05126810643f76ca63a5a14888e8958640a243346a11d7c8550,DEMO,DEMO,DEMO,True,True,0.8706325034390139,0.005222115428844617,0.8706325034390139,0.036938843274354836,0.08720653785778668,,
classification__tfidf__none__logistic_regression,classification,tfidf,,logistic_regression,4,DEV-LOCAL-V1-000177,740524437f79a05126810643f76ca63a5a14888e8958640a243346a11d7c8550,DEMO,DEMO,DEMO,True,True,0.8257409343215237,0.008232277890803167,0.8257409343215237,0.15296202852686636,0.013064759260806672,,
classification__tfidf__none__logistic_regression,classification,tfidf,,logistic_regression,4,DEV-LOCAL-V1-000178,740524437f79a05126810643f76ca63a5a14888e8958640a243346a11d7c8550,DEMO,DEMO,DEMO,True,True,0.8856620069840915,0.006341252046588579,0.8856620069840915,0.02848406305582085,0.0795126779134991,,
classification__tfidf__none__logistic_regression,classification,tfidf,,logistic_regression,4,DEV-LOCAL-V1-000179,740524437f79a05126810643f76ca63a5a14888e8958640a243346a11d7c8550,DEMO,DEMO,DEMO,True,True,0.891431870018174,0.007776922704296031,0.891431870018174,0.031014558721450466,0.06977664855607942,,
classification__tfidf__none__logistic_regression,classification,tfidf,,logistic_regression,4,DEV-LOCAL-V1-000180,740524437f79a05126810643f76ca63a5a14888e8958640a243346a11d7c8550,DEMO,DEMO,DEMO,True,True,0.8032239279244526,0.005442714142448167,0.8032239279244526,0.031296026881456045,0.16003733105164308,,
classification__tfidf__none__logistic_regression,classification,tfidf,,logistic_regression,4,DEV-LOCAL-V1-000366,5d50f5a213117ab241e9e9003ca0c6ed24d3a218f66fd35f24837a52b12d6f7f,SOB_DEMANDA,SOB_DEMANDA,SOB_DEMANDA,True,True,0.9507964845092199,0.010926237472692276,0.02182343602837885,0.9507964845092199,0.01645384198970894,,
classification__tfidf__none__logistic_regression,classification,tfidf,,logistic_regression,4,DEV-LOCAL-V1-000367,5d50f5a213117ab241e9e9003ca0c6ed24d3a218f66fd35f24837a52b12d6f7f,SOB_DEMANDA,SOB_DEMANDA,SOB_DEMANDA,False,False,0.4443800678781989,0.3850073579565576,0.1470940029721218,0.4443800678781989,0.02351857119312176,,
classification__tfidf__none__logistic_regression,classification,tfidf,,logistic_regression,4,DEV-LOCAL-V1-000368,5d50f5a213117ab241e9e9003ca0c6ed24d3a218f66fd35f24837a52b12d6f7f,SOB_DEMANDA,SOB_DEMANDA,SOB_DEMANDA,True,True,0.9509351793804381,0.01317957183537459,0.023132656396360675,0.9509351793804381,0.012752592387826483,,
classification__tfidf__none__logistic_regression,classification,tfidf,,logistic_regression,4,DEV-LOCAL-V1-000369,5d50f5a213117ab241e9e9003ca0c6ed24d3a218f66fd35f24837a52b12d6f7f,SOB_DEMANDA,SOB_DEMANDA,SOB_DEMANDA,True,True,0.9539567074531566,0.012351657823576,0.02133515133513748,0.9539567074531566,0.012356483388129823,,
classification__tfidf__none__logistic_regression,classification,tfidf,,logistic_regression,4,DEV-LOCAL-V1-000370,5d50f5a213117ab241e9e9003ca0c6ed24d3a218f66fd35f24837a52b12d6f7f,SOB_DEMANDA,SOB_DEMANDA,SOB_DEMANDA,True,True,0.9358136610600486,0.008974972492511236,0.018058871680530678,0.9358136610600486,0.037152494766909475,,
classification__tfidf__none__logistic_regression,classification,tfidf,,logistic_regression,4,DEV-LOCAL-V1-000141,98f8409e8dc971fe069e87a88e20ac7ca33377fa2e895438389b5dbb2a2ed3f0,OBRA,OBRA,OBRA,False,False,0.7819886120640508,0.7819886120640508,0.19944733572103016,0.0018472385834921023,0.016716813631427078,,
classification__tfidf__none__logistic_regression,classification,tfidf,,logistic_regression,4,DEV-LOCAL-V1-000142,98f8409e8dc971fe069e87a88e20ac7ca33377fa2e895438389b5dbb2a2ed3f0,OBRA,DEMO,DEMO,False,False,0.5313233679100983,0.42157671127987223,0.5313233679100983,0.004031697044115651,0.043068223765913766,,
classification__tfidf__none__logistic_regression,classification,tfidf,,logistic_regression,4,DEV-LOCAL-V1-000143,98f8409e8dc971fe069e87a88e20ac7ca33377fa2e895438389b5dbb2a2ed3f0,OBRA,OBRA,OBRA,False,False,0.7629592374430676,0.7629592374430676,0.2226972604562297,0.0017027004769120076,0.012640801623790731,,
classification__tfidf__none__logistic_regression,classification,tfidf,,logistic_regression,4,DEV-LOCAL-V1-000144,98f8409e8dc971fe069e87a88e20ac7ca33377fa2e895438389b5dbb2a2ed3f0,OBRA,OBRA,OBRA,False,False,0.763476688392852,0.763476688392852,0.22289427345950852,0.0014480522315609586,0.012180985916078566,,
classification__tfidf__none__logistic_regression,classification,tfidf,,logistic_regression,4,DEV-LOCAL-V1-000145,98f8409e8dc971fe069e87a88e20ac7ca33377fa2e895438389b5dbb2a2ed3f0,OBRA,OBRA,OBRA,False,False,0.7986012198563931,0.7986012198563931,0.16267546729692048,0.0017456066816394949,0.036977706165047024,,
classification__tfidf__none__logistic_regression,classification,tfidf,,logistic_regression,4,DEV-LOCAL-V1-000156,d7763ce2e8c802026b1fbf816dc90dc9fe47755e87aa3ffbd20a671c24f8d5a8,OBRA,OBRA,OBRA,False,False,0.8968874987444111,0.8968874987444111,0.008209645633826557,0.023696127573908234,0.07120672804785412,,
classification__tfidf__none__logistic_regression,classification,tfidf,,logistic_regression,4,DEV-LOCAL-V1-000157,d7763ce2e8c802026b1fbf816dc90dc9fe47755e87aa3ffbd20a671c24f8d5a8,OBRA,OBRA,OBRA,False,False,0.8004434238354511,0.8004434238354511,0.0033383665802768987,0.0727497874814837,0.12346842210278833,,
classification__tfidf__none__logistic_regression,classification,tfidf,,logistic_regression,4,DEV-LOCAL-V1-000158,d7763ce2e8c802026b1fbf816dc90dc9fe47755e87aa3ffbd20a671c24f8d5a8,OBRA,OBRA,OBRA,True,True,0.9111142713871043,0.9111142713871043,0.008129290570977625,0.023360504946024277,0.05739593309589372,,
classification__tfidf__none__logistic_regression,classification,tfidf,,logistic_regression,4,DEV-LOCAL-V1-000159,d7763ce2e8c802026b1fbf816dc90dc9fe47755e87aa3ffbd20a671c24f8d5a8,OBRA,OBRA,OBRA,True,True,0.9048139987849693,0.9048139987849693,0.008499736487307388,0.030493713126687284,0.056192551601036166,,
classification__tfidf__none__logistic_regression,classification,tfidf,,logistic_regression,4,DEV-LOCAL-V1-000160,d7763ce2e8c802026b1fbf816dc90dc9fe47755e87aa3ffbd20a671c24f8d5a8,OBRA,OBRA,OBRA,False,False,0.8500935239864869,0.8500935239864869,0.007296803626685747,0.017291207533552375,0.125318464853275,,
classification__tfidf__none__logistic_regression,classification,tfidf,,logistic_regression,4,DEV-LOCAL-V1-000161,556e254c1be7aa96072244a299b52c7aae7c703552e6c791d5f00b988e4d8764,DEMO,DEMO,DEMO,True,True,0.835862973934964,0.06033535247442516,0.835862973934964,0.012721585000834977,0.09108008858977587,,
classification__tfidf__none__logistic_regression,classification,tfidf,,logistic_regression,4,DEV-LOCAL-V1-000162,556e254c1be7aa96072244a299b52c7aae7c703552e6c791d5f00b988e4d8764,DEMO,DEMO,DEMO,False,False,0.4323425383241215,0.42712607016824894,0.4323425383241215,0.06175259982099083,0.07877879168663855,,
classification__tfidf__none__logistic_regression,classification,tfidf,,logistic_regression,4,DEV-LOCAL-V1-000163,556e254c1be7aa96072244a299b52c7aae7c703552e6c791d5f00b988e4d8764,DEMO,DEMO,DEMO,True,True,0.8396203035390254,0.07107426274286884,0.8396203035390254,0.009984687617079381,0.07932074610102637,,
classification__tfidf__none__logistic_regression,classification,tfidf,,logistic_regression,4,DEV-LOCAL-V1-000164,556e254c1be7aa96072244a299b52c7aae7c703552e6c791d5f00b988e4d8764,DEMO,DEMO,DEMO,True,True,0.827439594902531,0.060257700705007675,0.827439594902531,0.01562386548722784,0.09667883890523345,,
classification__tfidf__none__logistic_regression,classification,tfidf,,logistic_regression,4,DEV-LOCAL-V1-000165,556e254c1be7aa96072244a299b52c7aae7c703552e6c791d5f00b988e4d8764,DEMO,DEMO,DEMO,True,True,0.7590653767138581,0.048812142784404274,0.7590653767138581,0.011522518410781238,0.18059996209095638,,
classification__tfidf__none__logistic_regression,classification,tfidf,,logistic_regression,4,DEV-LOCAL-V1-000321,972cb192c56257cd2227c22905c91f429d32720db0ccab4e2d9d5580acbde59b,SOB_DEMANDA,SOB_DEMANDA,SOB_DEMANDA,True,True,0.973267562504299,0.003683542192806914,0.017444557730155734,0.973267562504299,0.005604337572738451,,
classification__tfidf__none__logistic_regression,classification,tfidf,,logistic_regression,4,DEV-LOCAL-V1-000322,972cb192c56257cd2227c22905c91f429d32720db0ccab4e2d9d5580acbde59b,SOB_DEMANDA,SOB_DEMANDA,SOB_DEMANDA,True,True,0.9097813869046972,0.030426039752387064,0.04810384437883484,0.9097813869046972,0.011688728964080826,,
classification__tfidf__none__logistic_regression,classification,tfidf,,logistic_regression,4,DEV-LOCAL-V1-000323,972cb192c56257cd2227c22905c91f429d32720db0ccab4e2d9d5580acbde59b,SOB_DEMANDA,SOB_DEMANDA,SOB_DEMANDA,True,True,0.9733237937871861,0.0039428584275761,0.017919276925448206,0.9733237937871861,0.004814070859789476,,
classification__tfidf__none__logistic_regression,classification,tfidf,,logistic_regression,4,DEV-LOCAL-V1-000324,972cb192c56257cd2227c22905c91f429d32720db0ccab4e2d9d5580acbde59b,SOB_DEMANDA,SOB_DEMANDA,SOB_DEMANDA,True,True,0.9738633839919086,0.004429221574709567,0.017707282722701626,0.9738633839919086,0.004000111710680337,,
classification__tfidf__none__logistic_regression,classification,tfidf,,logistic_regression,4,DEV-LOCAL-V1-000325,972cb192c56257cd2227c22905c91f429d32720db0ccab4e2d9d5580acbde59b,SOB_DEMANDA,SOB_DEMANDA,SOB_DEMANDA,True,True,0.9701487083867661,0.003244969478538544,0.015130355512160024,0.9701487083867661,0.01147596662253535,,
classification__tfidf__none__logistic_regression,classification,tfidf,,logistic_regression,4,DEV-LOCAL-V1-000116,14cdb9b8a3a4e35ebe70a9bd06d977d55f73c15caa925cfb19cdb679929d8c49,OBRA,OBRA,OBRA,False,False,0.8339770253169048,0.8339770253169048,0.14887492236572397,0.003946013740372882,0.013202038576998419,,
classification__tfidf__none__logistic_regression,classification,tfidf,,logistic_regression,4,DEV-LOCAL-V1-000117,14cdb9b8a3a4e35ebe70a9bd06d977d55f73c15caa925cfb19cdb679929d8c49,OBRA,DEMO,DEMO,False,False,0.6035850474067566,0.362383354194815,0.6035850474067566,0.01772272231934315,0.0163088760790852,,
classification__tfidf__none__logistic_regression,classification,tfidf,,logistic_regression,4,DEV-LOCAL-V1-000118,14cdb9b8a3a4e35ebe70a9bd06d977d55f73c15caa925cfb19cdb679929d8c49,OBRA,OBRA,OBRA,False,False,0.8247492038410946,0.8247492038410946,0.16090234626106803,0.003693594863768937,0.0106548550340684,,
classification__tfidf__none__logistic_regression,classification,tfidf,,logistic_regression,4,DEV-LOCAL-V1-000119,14cdb9b8a3a4e35ebe70a9bd06d977d55f73c15caa925cfb19cdb679929d8c49,OBRA,OBRA,OBRA,False,False,0.8298676980983104,0.8298676980983104,0.1567423286769399,0.0033126940711670338,0.010077279153582608,,
classification__tfidf__none__logistic_regression,classification,tfidf,,logistic_regression,4,DEV-LOCAL-V1-000120,14cdb9b8a3a4e35ebe70a9bd06d977d55f73c15caa925cfb19cdb679929d8c49,OBRA,OBRA,OBRA,False,False,0.8478119433658446,0.8478119433658446,0.1220779939310628,0.0033825098992999484,0.026727552803792593,,
classification__tfidf__none__logistic_regression,classification,tfidf,,logistic_regression,4,DEV-LOCAL-V1-000421,8d5bafc255e225cd72fcc7c34d46e9e19f0e3e3d58398bdaf7612f9625438f12,SOB_DEMANDA,SOB_DEMANDA,SOB_DEMANDA,True,True,0.8710979422965348,0.10785079774223093,0.016428907648758102,0.8710979422965348,0.004622352312476299,,
classification__tfidf__none__logistic_regression,classification,tfidf,,logistic_regression,4,DEV-LOCAL-V1-000422,8d5bafc255e225cd72fcc7c34d46e9e19f0e3e3d58398bdaf7612f9625438f12,SOB_DEMANDA,OBRA,OBRA,False,False,0.48364410245012557,0.48364410245012557,0.03638873170986882,0.47730779552354063,0.0026593703164650407,,
classification__tfidf__none__logistic_regression,classification,tfidf,,logistic_regression,4,DEV-LOCAL-V1-000423,8d5bafc255e225cd72fcc7c34d46e9e19f0e3e3d58398bdaf7612f9625438f12,SOB_DEMANDA,SOB_DEMANDA,SOB_DEMANDA,True,True,0.8426888570685269,0.1373808849183511,0.016597967791774207,0.8426888570685269,0.0033322902213479685,,
classification__tfidf__none__logistic_regression,classification,tfidf,,logistic_regression,4,DEV-LOCAL-V1-000424,8d5bafc255e225cd72fcc7c34d46e9e19f0e3e3d58398bdaf7612f9625438f12,SOB_DEMANDA,SOB_DEMANDA,SOB_DEMANDA,True,True,0.8569089911832061,0.12497812498697837,0.01453552468817184,0.8569089911832061,0.0035773591416435957,,
classification__tfidf__none__logistic_regression,classification,tfidf,,logistic_regression,4,DEV-LOCAL-V1-000425,8d5bafc255e225cd72fcc7c34d46e9e19f0e3e3d58398bdaf7612f9625438f12,SOB_DEMANDA,SOB_DEMANDA,SOB_DEMANDA,True,True,0.9034321978340769,0.07002217359892811,0.014170420339842138,0.9034321978340769,0.012375208227152748,,
classification__tfidf__none__logistic_regression,classification,tfidf,,logistic_regression,4,DEV-LOCAL-V1-000266,8049431e611f7d9664bdbffee6b21bcbeea8737801ab7d9f02c62ecfbde44443,DEMO,DEMO,DEMO,True,True,0.7486550182163807,0.11566948563748279,0.7486550182163807,0.0052538942519920594,0.1304216018941445,,
classification__tfidf__none__logistic_regression,classification,tfidf,,logistic_regression,4,DEV-LOCAL-V1-000267,8049431e611f7d9664bdbffee6b21bcbeea8737801ab7d9f02c62ecfbde44443,DEMO,OBRA,OBRA,False,False,0.7083025064190567,0.7083025064190567,0.2231955550951666,0.004644054906948305,0.06385788357882852,,
classification__tfidf__none__logistic_regression,classification,tfidf,,logistic_regression,4,DEV-LOCAL-V1-000268,8049431e611f7d9664bdbffee6b21bcbeea8737801ab7d9f02c62ecfbde44443,DEMO,DEMO,DEMO,True,True,0.7479881956540242,0.13777788450117157,0.7479881956540242,0.004011507220929877,0.11022241262387449,,
classification__tfidf__none__logistic_regression,classification,tfidf,,logistic_regression,4,DEV-LOCAL-V1-000269,8049431e611f7d9664bdbffee6b21bcbeea8737801ab7d9f02c62ecfbde44443,DEMO,DEMO,DEMO,True,True,0.7536829515748431,0.1270871674508269,0.7536829515748431,0.003066703998759235,0.1161631769755707,,
classification__tfidf__none__logistic_regression,classification,tfidf,,logistic_regression,4,DEV-LOCAL-V1-000270,8049431e611f7d9664bdbffee6b21bcbeea8737801ab7d9f02c62ecfbde44443,DEMO,DEMO,DEMO,False,False,0.6532691257591734,0.09482596177431708,0.6532691257591734,0.004965018210924848,0.24693989425558469,,
deduplication__tfidf__none__logistic_regression,deduplication,tfidf,,logistic_regression,0,DEV-LOCAL-V1-001026,DEV_EP_DD_065,DUPLICADO,DUPLICADO,DUPLICADO,True,True,0.9842851152742764,,,,,0.015714884725723577,0.9842851152742764
deduplication__tfidf__none__logistic_regression,deduplication,tfidf,,logistic_regression,0,DEV-LOCAL-V1-001027,DEV_EP_DD_065,DUPLICADO,DUPLICADO,DUPLICADO,True,True,0.9852656629454909,,,,,0.014734337054509106,0.9852656629454909
deduplication__tfidf__none__logistic_regression,deduplication,tfidf,,logistic_regression,0,DEV-LOCAL-V1-001028,DEV_EP_DD_065,DUPLICADO,DUPLICADO,DUPLICADO,True,True,0.9805325774285227,,,,,0.019467422571477266,0.9805325774285227
deduplication__tfidf__none__logistic_regression,deduplication,tfidf,,logistic_regression,0,DEV-LOCAL-V1-001029,DEV_EP_DD_065,DUPLICADO,DUPLICADO,DUPLICADO,True,True,0.9794283491667596,,,,,0.020571650833240418,0.9794283491667596
deduplication__tfidf__none__logistic_regression,deduplication,tfidf,,logistic_regression,0,DEV-LOCAL-V1-001030,DEV_EP_DD_065,DUPLICADO,DUPLICADO,DUPLICADO,True,True,0.9736111013526111,,,,,0.026388898647388914,0.9736111013526111
deduplication__tfidf__none__logistic_regression,deduplication,tfidf,,logistic_regression,0,DEV-LOCAL-V1-000942,DEV_EP_DD_051,DUPLICADO,DUPLICADO,DUPLICADO,True,True,0.988770678342366,,,,,0.011229321657634017,0.988770678342366
deduplication__tfidf__none__logistic_regression,deduplication,tfidf,,logistic_regression,0,DEV-LOCAL-V1-000943,DEV_EP_DD_051,DUPLICADO,DUPLICADO,DUPLICADO,True,True,0.9946504897507392,,,,,0.0053495102492607804,0.9946504897507392
deduplication__tfidf__none__logistic_regression,deduplication,tfidf,,logistic_regression,0,DEV-LOCAL-V1-000944,DEV_EP_DD_051,DUPLICADO,DUPLICADO,DUPLICADO,True,True,0.9913782369674035,,,,,0.008621763032596541,0.9913782369674035
deduplication__tfidf__none__logistic_regression,deduplication,tfidf,,logistic_regression,0,DEV-LOCAL-V1-000945,DEV_EP_DD_051,DUPLICADO,DUPLICADO,DUPLICADO,True,True,0.990220287567996,,,,,0.00977971243200404,0.990220287567996
deduplication__tfidf__none__logistic_regression,deduplication,tfidf,,logistic_regression,0,DEV-LOCAL-V1-000946,DEV_EP_DD_051,DUPLICADO,DUPLICADO,DUPLICADO,True,True,0.9917263178985194,,,,,0.008273682101480606,0.9917263178985194
deduplication__tfidf__none__logistic_regression,deduplication,tfidf,,logistic_regression,0,DEV-LOCAL-V1-000714,DEV_EP_DD_013,DUPLICADO,DUPLICADO,DUPLICADO,True,True,0.989284848193141,,,,,0.010715151806859002,0.989284848193141
deduplication__tfidf__none__logistic_regression,deduplication,tfidf,,logistic_regression,0,DEV-LOCAL-V1-000715,DEV_EP_DD_013,DUPLICADO,DUPLICADO,DUPLICADO,True,True,0.991645397142529,,,,,0.008354602857471027,0.991645397142529
deduplication__tfidf__none__logistic_regression,deduplication,tfidf,,logistic_regression,0,DEV-LOCAL-V1-000716,DEV_EP_DD_013,DUPLICADO,DUPLICADO,DUPLICADO,True,True,0.9858957184197976,,,,,0.014104281580202382,0.9858957184197976
deduplication__tfidf__none__logistic_regression,deduplication,tfidf,,logistic_regression,0,DEV-LOCAL-V1-000717,DEV_EP_DD_013,DUPLICADO,DUPLICADO,DUPLICADO,True,True,0.9887438125140205,,,,,0.011256187485979452,0.9887438125140205
deduplication__tfidf__none__logistic_regression,deduplication,tfidf,,logistic_regression,0,DEV-LOCAL-V1-000718,DEV_EP_DD_013,DUPLICADO,DUPLICADO,DUPLICADO,True,True,0.9884940871637415,,,,,0.011505912836258458,0.9884940871637415
deduplication__tfidf__none__logistic_regression,deduplication,tfidf,,logistic_regression,0,DEV-LOCAL-V1-001122,DEV_EP_DD_081,DUPLICADO,DUPLICADO,DUPLICADO,True,True,0.987987728868426,,,,,0.012012271131573993,0.987987728868426
deduplication__tfidf__none__logistic_regression,deduplication,tfidf,,logistic_regression,0,DEV-LOCAL-V1-001123,DEV_EP_DD_081,DUPLICADO,DUPLICADO,DUPLICADO,True,True,0.9906417002412922,,,,,0.009358299758707833,0.9906417002412922
deduplication__tfidf__none__logistic_regression,deduplication,tfidf,,logistic_regression,0,DEV-LOCAL-V1-001124,DEV_EP_DD_081,DUPLICADO,DUPLICADO,DUPLICADO,True,True,0.9868255658802674,,,,,0.013174434119732625,0.9868255658802674
deduplication__tfidf__none__logistic_regression,deduplication,tfidf,,logistic_regression,0,DEV-LOCAL-V1-001125,DEV_EP_DD_081,DUPLICADO,DUPLICADO,DUPLICADO,True,True,0.9915805871396124,,,,,0.00841941286038761,0.9915805871396124
deduplication__tfidf__none__logistic_regression,deduplication,tfidf,,logistic_regression,0,DEV-LOCAL-V1-001126,DEV_EP_DD_081,DUPLICADO,DUPLICADO,DUPLICADO,True,True,0.991714876077923,,,,,0.008285123922077031,0.991714876077923
deduplication__tfidf__none__logistic_regression,deduplication,tfidf,,logistic_regression,0,DEV-LOCAL-V1-000984,DEV_EP_DD_058,NAO_DUPLICADO,NAO_DUPLICADO,NAO_DUPLICADO,True,True,0.9749556449143049,,,,,0.9749556449143049,0.02504435508569519
deduplication__tfidf__none__logistic_regression,deduplication,tfidf,,logistic_regression,0,DEV-LOCAL-V1-000985,DEV_EP_DD_058,NAO_DUPLICADO,NAO_DUPLICADO,NAO_DUPLICADO,True,True,0.9831699712500783,,,,,0.9831699712500783,0.016830028749921695
deduplication__tfidf__none__logistic_regression,deduplication,tfidf,,logistic_regression,0,DEV-LOCAL-V1-000986,DEV_EP_DD_058,NAO_DUPLICADO,NAO_DUPLICADO,NAO_DUPLICADO,True,True,0.9778531649449406,,,,,0.9778531649449406,0.022146835055059454
deduplication__tfidf__none__logistic_regression,deduplication,tfidf,,logistic_regression,0,DEV-LOCAL-V1-000987,DEV_EP_DD_058,NAO_DUPLICADO,NAO_DUPLICADO,NAO_DUPLICADO,True,True,0.9813985888605644,,,,,0.9813985888605644,0.01860141113943564
deduplication__tfidf__none__logistic_regression,deduplication,tfidf,,logistic_regression,0,DEV-LOCAL-V1-000988,DEV_EP_DD_058,NAO_DUPLICADO,NAO_DUPLICADO,NAO_DUPLICADO,True,True,0.9629439797496122,,,,,0.9629439797496122,0.03705602025038779
deduplication__tfidf__none__logistic_regression,deduplication,tfidf,,logistic_regression,0,DEV-LOCAL-V1-000798,DEV_EP_DD_027,DUPLICADO,DUPLICADO,DUPLICADO,True,True,0.9909228337685871,,,,,0.009077166231412859,0.9909228337685871
deduplication__tfidf__none__logistic_regression,deduplication,tfidf,,logistic_regression,0,DEV-LOCAL-V1-000799,DEV_EP_DD_027,DUPLICADO,DUPLICADO,DUPLICADO,True,True,0.9932519883026767,,,,,0.006748011697323308,0.9932519883026767
deduplication__tfidf__none__logistic_regression,deduplication,tfidf,,logistic_regression,0,DEV-LOCAL-V1-000800,DEV_EP_DD_027,DUPLICADO,DUPLICADO,DUPLICADO,True,True,0.9897333870812864,,,,,0.010266612918713558,0.9897333870812864
deduplication__tfidf__none__logistic_regression,deduplication,tfidf,,logistic_regression,0,DEV-LOCAL-V1-000801,DEV_EP_DD_027,DUPLICADO,DUPLICADO,DUPLICADO,True,True,0.9926441498029906,,,,,0.00735585019700935,0.9926441498029906
deduplication__tfidf__none__logistic_regression,deduplication,tfidf,,logistic_regression,0,DEV-LOCAL-V1-000802,DEV_EP_DD_027,DUPLICADO,DUPLICADO,DUPLICADO,True,True,0.9902529199026673,,,,,0.009747080097332717,0.9902529199026673
deduplication__tfidf__none__logistic_regression,deduplication,tfidf,,logistic_regression,0,DEV-LOCAL-V1-001188,DEV_EP_DD_092,NAO_DUPLICADO,NAO_DUPLICADO,NAO_DUPLICADO,True,True,0.9878595198061992,,,,,0.9878595198061992,0.012140480193800745
deduplication__tfidf__none__logistic_regression,deduplication,tfidf,,logistic_regression,0,DEV-LOCAL-V1-001189,DEV_EP_DD_092,NAO_DUPLICADO,NAO_DUPLICADO,NAO_DUPLICADO,True,True,0.9942877952880705,,,,,0.9942877952880705,0.005712204711929504
deduplication__tfidf__none__logistic_regression,deduplication,tfidf,,logistic_regression,0,DEV-LOCAL-V1-001190,DEV_EP_DD_092,NAO_DUPLICADO,NAO_DUPLICADO,NAO_DUPLICADO,True,True,0.99460329651828,,,,,0.99460329651828,0.005396703481720108
deduplication__tfidf__none__logistic_regression,deduplication,tfidf,,logistic_regression,0,DEV-LOCAL-V1-001191,DEV_EP_DD_092,NAO_DUPLICADO,NAO_DUPLICADO,NAO_DUPLICADO,True,True,0.9953246853777885,,,,,0.9953246853777885,0.004675314622211439
deduplication__tfidf__none__logistic_regression,deduplication,tfidf,,logistic_regression,0,DEV-LOCAL-V1-001192,DEV_EP_DD_092,NAO_DUPLICADO,NAO_DUPLICADO,NAO_DUPLICADO,True,True,0.9908606106504783,,,,,0.9908606106504783,0.009139389349521762
deduplication__tfidf__none__logistic_regression,deduplication,tfidf,,logistic_regression,0,DEV-LOCAL-V1-000642,DEV_EP_DD_001,DUPLICADO,DUPLICADO,DUPLICADO,True,True,0.9846874109154234,,,,,0.015312589084576556,0.9846874109154234
deduplication__tfidf__none__logistic_regression,deduplication,tfidf,,logistic_regression,0,DEV-LOCAL-V1-000643,DEV_EP_DD_001,DUPLICADO,DUPLICADO,DUPLICADO,True,True,0.9911406393135439,,,,,0.008859360686456097,0.9911406393135439
deduplication__tfidf__none__logistic_regression,deduplication,tfidf,,logistic_regression,0,DEV-LOCAL-V1-000644,DEV_EP_DD_001,DUPLICADO,DUPLICADO,DUPLICADO,True,True,0.988370120437558,,,,,0.011629879562441992,0.988370120437558
deduplication__tfidf__none__logistic_regression,deduplication,tfidf,,logistic_regression,0,DEV-LOCAL-V1-000645,DEV_EP_DD_001,DUPLICADO,DUPLICADO,DUPLICADO,True,True,0.9876703802730942,,,,,0.012329619726905827,0.9876703802730942
deduplication__tfidf__none__logistic_regression,deduplication,tfidf,,logistic_regression,0,DEV-LOCAL-V1-000646,DEV_EP_DD_001,DUPLICADO,DUPLICADO,DUPLICADO,True,True,0.987361838558884,,,,,0.012638161441115958,0.987361838558884
deduplication__tfidf__none__logistic_regression,deduplication,tfidf,,logistic_regression,0,DEV-LOCAL-V1-000672,DEV_EP_DD_006,NAO_DUPLICADO,NAO_DUPLICADO,NAO_DUPLICADO,True,True,0.9830716364448185,,,,,0.9830716364448185,0.016928363555181455
deduplication__tfidf__none__logistic_regression,deduplication,tfidf,,logistic_regression,0,DEV-LOCAL-V1-000673,DEV_EP_DD_006,NAO_DUPLICADO,NAO_DUPLICADO,NAO_DUPLICADO,True,True,0.9884462872532642,,,,,0.9884462872532642,0.011553712746735823
deduplication__tfidf__none__logistic_regression,deduplication,tfidf,,logistic_regression,0,DEV-LOCAL-V1-000674,DEV_EP_DD_006,NAO_DUPLICADO,NAO_DUPLICADO,NAO_DUPLICADO,True,True,0.9841338151884812,,,,,0.9841338151884812,0.015866184811518812
deduplication__tfidf__none__logistic_regression,deduplication,tfidf,,logistic_regression,0,DEV-LOCAL-V1-000675,DEV_EP_DD_006,NAO_DUPLICADO,NAO_DUPLICADO,NAO_DUPLICADO,True,True,0.9887826900626495,,,,,0.9887826900626495,0.011217309937350478
deduplication__tfidf__none__logistic_regression,deduplication,tfidf,,logistic_regression,0,DEV-LOCAL-V1-000676,DEV_EP_DD_006,NAO_DUPLICADO,NAO_DUPLICADO,NAO_DUPLICADO,True,True,0.9832340676596036,,,,,0.9832340676596036,0.016765932340396392
deduplication__tfidf__none__logistic_regression,deduplication,tfidf,,logistic_regression,0,DEV-LOCAL-V1-001152,DEV_EP_DD_086,NAO_DUPLICADO,NAO_DUPLICADO,NAO_DUPLICADO,True,True,0.9831438487881639,,,,,0.9831438487881639,0.016856151211836118
deduplication__tfidf__none__logistic_regression,deduplication,tfidf,,logistic_regression,0,DEV-LOCAL-V1-001153,DEV_EP_DD_086,NAO_DUPLICADO,NAO_DUPLICADO,NAO_DUPLICADO,True,True,0.9852012561091661,,,,,0.9852012561091661,0.01479874389083395
deduplication__tfidf__none__logistic_regression,deduplication,tfidf,,logistic_regression,0,DEV-LOCAL-V1-001154,DEV_EP_DD_086,NAO_DUPLICADO,NAO_DUPLICADO,NAO_DUPLICADO,True,True,0.9780890336992722,,,,,0.9780890336992722,0.021910966300727718
deduplication__tfidf__none__logistic_regression,deduplication,tfidf,,logistic_regression,0,DEV-LOCAL-V1-001155,DEV_EP_DD_086,NAO_DUPLICADO,NAO_DUPLICADO,NAO_DUPLICADO,True,True,0.9797587771496753,,,,,0.9797587771496753,0.020241222850324727
deduplication__tfidf__none__logistic_regression,deduplication,tfidf,,logistic_regression,0,DEV-LOCAL-V1-001156,DEV_EP_DD_086,NAO_DUPLICADO,NAO_DUPLICADO,NAO_DUPLICADO,True,True,0.9645026015298661,,,,,0.9645026015298661,0.03549739847013392
deduplication__tfidf__none__logistic_regression,deduplication,tfidf,,logistic_regression,0,DEV-LOCAL-V1-000918,DEV_EP_DD_047,DUPLICADO,DUPLICADO,DUPLICADO,True,True,0.9836478163938892,,,,,0.016352183606110793,0.9836478163938892
deduplication__tfidf__none__logistic_regression,deduplication,tfidf,,logistic_regression,0,DEV-LOCAL-V1-000919,DEV_EP_DD_047,DUPLICADO,DUPLICADO,DUPLICADO,True,True,0.9861957576965221,,,,,0.013804242303477876,0.9861957576965221
deduplication__tfidf__none__logistic_regression,deduplication,tfidf,,logistic_regression,0,DEV-LOCAL-V1-000920,DEV_EP_DD_047,DUPLICADO,DUPLICADO,DUPLICADO,True,True,0.9832774952867022,,,,,0.016722504713297837,0.9832774952867022
deduplication__tfidf__none__logistic_regression,deduplication,tfidf,,logistic_regression,0,DEV-LOCAL-V1-000921,DEV_EP_DD_047,DUPLICADO,DUPLICADO,DUPLICADO,True,True,0.9806777035172373,,,,,0.019322296482762735,0.9806777035172373
deduplication__tfidf__none__logistic_regression,deduplication,tfidf,,logistic_regression,0,DEV-LOCAL-V1-000922,DEV_EP_DD_047,DUPLICADO,DUPLICADO,DUPLICADO,True,True,0.9804635766149579,,,,,0.019536423385042134,0.9804635766149579
deduplication__tfidf__none__logistic_regression,deduplication,tfidf,,logistic_regression,0,DEV-LOCAL-V1-000768,DEV_EP_DD_022,NAO_DUPLICADO,NAO_DUPLICADO,NAO_DUPLICADO,True,True,0.9806092119294874,,,,,0.9806092119294874,0.019390788070512657
deduplication__tfidf__none__logistic_regression,deduplication,tfidf,,logistic_regression,0,DEV-LOCAL-V1-000769,DEV_EP_DD_022,NAO_DUPLICADO,NAO_DUPLICADO,NAO_DUPLICADO,True,True,0.9835677238807482,,,,,0.9835677238807482,0.016432276119251778
deduplication__tfidf__none__logistic_regression,deduplication,tfidf,,logistic_regression,0,DEV-LOCAL-V1-000770,DEV_EP_DD_022,NAO_DUPLICADO,NAO_DUPLICADO,NAO_DUPLICADO,True,True,0.9827648422855844,,,,,0.9827648422855844,0.017235157714415597
deduplication__tfidf__none__logistic_regression,deduplication,tfidf,,logistic_regression,0,DEV-LOCAL-V1-000771,DEV_EP_DD_022,NAO_DUPLICADO,NAO_DUPLICADO,NAO_DUPLICADO,True,True,0.9781354005478574,,,,,0.9781354005478574,0.021864599452142593
deduplication__tfidf__none__logistic_regression,deduplication,tfidf,,logistic_regression,0,DEV-LOCAL-V1-000772,DEV_EP_DD_022,NAO_DUPLICADO,NAO_DUPLICADO,NAO_DUPLICADO,True,True,0.9802659465980913,,,,,0.9802659465980913,0.019734053401908723
deduplication__tfidf__none__logistic_regression,deduplication,tfidf,,logistic_regression,0,DEV-LOCAL-V1-001212,DEV_EP_DD_096,NAO_DUPLICADO,NAO_DUPLICADO,NAO_DUPLICADO,True,True,0.9807117525847497,,,,,0.9807117525847497,0.01928824741525027
deduplication__tfidf__none__logistic_regression,deduplication,tfidf,,logistic_regression,0,DEV-LOCAL-V1-001213,DEV_EP_DD_096,NAO_DUPLICADO,NAO_DUPLICADO,NAO_DUPLICADO,True,True,0.9892986001689337,,,,,0.9892986001689337,0.01070139983106629
deduplication__tfidf__none__logistic_regression,deduplication,tfidf,,logistic_regression,0,DEV-LOCAL-V1-001214,DEV_EP_DD_096,NAO_DUPLICADO,NAO_DUPLICADO,NAO_DUPLICADO,True,True,0.9783872775831114,,,,,0.9783872775831114,0.021612722416888597
deduplication__tfidf__none__logistic_regression,deduplication,tfidf,,logistic_regression,0,DEV-LOCAL-V1-001215,DEV_EP_DD_096,NAO_DUPLICADO,NAO_DUPLICADO,NAO_DUPLICADO,True,True,0.9817795701245482,,,,,0.9817795701245482,0.0182204298754518
deduplication__tfidf__none__logistic_regression,deduplication,tfidf,,logistic_regression,0,DEV-LOCAL-V1-001216,DEV_EP_DD_096,NAO_DUPLICADO,NAO_DUPLICADO,NAO_DUPLICADO,True,True,0.9782175723003936,,,,,0.9782175723003936,0.02178242769960638
deduplication__tfidf__none__logistic_regression,deduplication,tfidf,,logistic_regression,0,DEV-LOCAL-V1-000894,DEV_EP_DD_043,DUPLICADO,DUPLICADO,DUPLICADO,True,True,0.9735715916746566,,,,,0.026428408325343433,0.9735715916746566
deduplication__tfidf__none__logistic_regression,deduplication,tfidf,,logistic_regression,0,DEV-LOCAL-V1-000895,DEV_EP_DD_043,DUPLICADO,DUPLICADO,DUPLICADO,True,True,0.9773824295466236,,,,,0.022617570453376423,0.9773824295466236
deduplication__tfidf__none__logistic_regression,deduplication,tfidf,,logistic_regression,0,DEV-LOCAL-V1-000896,DEV_EP_DD_043,DUPLICADO,DUPLICADO,DUPLICADO,True,True,0.9715309083897858,,,,,0.02846909161021416,0.9715309083897858
deduplication__tfidf__none__logistic_regression,deduplication,tfidf,,logistic_regression,0,DEV-LOCAL-V1-000897,DEV_EP_DD_043,DUPLICADO,DUPLICADO,DUPLICADO,True,True,0.9726653060455082,,,,,0.02733469395449184,0.9726653060455082
deduplication__tfidf__none__logistic_regression,deduplication,tfidf,,logistic_regression,0,DEV-LOCAL-V1-000898,DEV_EP_DD_043,DUPLICADO,DUPLICADO,DUPLICADO,True,True,0.9786035900956755,,,,,0.021396409904324454,0.9786035900956755
deduplication__tfidf__none__logistic_regression,deduplication,tfidf,,logistic_regression,0,DEV-LOCAL-V1-001044,DEV_EP_DD_068,NAO_DUPLICADO,NAO_DUPLICADO,NAO_DUPLICADO,True,True,0.9881854789178641,,,,,0.9881854789178641,0.01181452108213589
deduplication__tfidf__none__logistic_regression,deduplication,tfidf,,logistic_regression,0,DEV-LOCAL-V1-001045,DEV_EP_DD_068,NAO_DUPLICADO,NAO_DUPLICADO,NAO_DUPLICADO,True,True,0.9937138120689216,,,,,0.9937138120689216,0.006286187931078348
deduplication__tfidf__none__logistic_regression,deduplication,tfidf,,logistic_regression,0,DEV-LOCAL-V1-001046,DEV_EP_DD_068,NAO_DUPLICADO,NAO_DUPLICADO,NAO_DUPLICADO,True,True,0.9912903118638428,,,,,0.9912903118638428,0.008709688136157245
deduplication__tfidf__none__logistic_regression,deduplication,tfidf,,logistic_regression,0,DEV-LOCAL-V1-001047,DEV_EP_DD_068,NAO_DUPLICADO,NAO_DUPLICADO,NAO_DUPLICADO,True,True,0.993451114356815,,,,,0.993451114356815,0.006548885643185018
deduplication__tfidf__none__logistic_regression,deduplication,tfidf,,logistic_regression,0,DEV-LOCAL-V1-001048,DEV_EP_DD_068,NAO_DUPLICADO,NAO_DUPLICADO,NAO_DUPLICADO,True,True,0.982144585500448,,,,,0.982144585500448,0.01785541449955193
deduplication__tfidf__none__logistic_regression,deduplication,tfidf,,logistic_regression,0,DEV-LOCAL-V1-000732,DEV_EP_DD_016,NAO_DUPLICADO,NAO_DUPLICADO,NAO_DUPLICADO,True,True,0.9896505612273129,,,,,0.9896505612273129,0.01034943877268708
deduplication__tfidf__none__logistic_regression,deduplication,tfidf,,logistic_regression,0,DEV-LOCAL-V1-000733,DEV_EP_DD_016,NAO_DUPLICADO,NAO_DUPLICADO,NAO_DUPLICADO,True,True,0.9878931729257783,,,,,0.9878931729257783,0.01210682707422168
deduplication__tfidf__none__logistic_regression,deduplication,tfidf,,logistic_regression,0,DEV-LOCAL-V1-000734,DEV_EP_DD_016,NAO_DUPLICADO,NAO_DUPLICADO,NAO_DUPLICADO,True,True,0.9866665206172426,,,,,0.9866665206172426,0.013333479382757472
deduplication__tfidf__none__logistic_regression,deduplication,tfidf,,logistic_regression,0,DEV-LOCAL-V1-000735,DEV_EP_DD_016,NAO_DUPLICADO,NAO_DUPLICADO,NAO_DUPLICADO,True,True,0.9900578543604339,,,,,0.9900578543604339,0.009942145639566106
deduplication__tfidf__none__logistic_regression,deduplication,tfidf,,logistic_regression,0,DEV-LOCAL-V1-000736,DEV_EP_DD_016,NAO_DUPLICADO,NAO_DUPLICADO,NAO_DUPLICADO,True,True,0.9675435510799117,,,,,0.9675435510799117,0.0324564489200883
deduplication__tfidf__none__logistic_regression,deduplication,tfidf,,logistic_regression,0,DEV-LOCAL-V1-001332,DEV_EP_DD_116,NAO_DUPLICADO,NAO_DUPLICADO,NAO_DUPLICADO,True,True,0.9905926772650477,,,,,0.9905926772650477,0.009407322734952312
deduplication__tfidf__none__logistic_regression,deduplication,tfidf,,logistic_regression,0,DEV-LOCAL-V1-001333,DEV_EP_DD_116,NAO_DUPLICADO,NAO_DUPLICADO,NAO_DUPLICADO,True,True,0.9913722302667617,,,,,0.9913722302667617,0.00862776973323833
deduplication__tfidf__none__logistic_regression,deduplication,tfidf,,logistic_regression,0,DEV-LOCAL-V1-001334,DEV_EP_DD_116,NAO_DUPLICADO,NAO_DUPLICADO,NAO_DUPLICADO,True,True,0.9895867731251763,,,,,0.9895867731251763,0.01041322687482374
deduplication__tfidf__none__logistic_regression,deduplication,tfidf,,logistic_regression,0,DEV-LOCAL-V1-001335,DEV_EP_DD_116,NAO_DUPLICADO,NAO_DUPLICADO,NAO_DUPLICADO,True,True,0.9910296849009662,,,,,0.9910296849009662,0.008970315099033817
deduplication__tfidf__none__logistic_regression,deduplication,tfidf,,logistic_regression,0,DEV-LOCAL-V1-001336,DEV_EP_DD_116,NAO_DUPLICADO,NAO_DUPLICADO,NAO_DUPLICADO,True,True,0.9849329902951968,,,,,0.9849329902951968,0.015067009704803208
deduplication__tfidf__none__logistic_regression,deduplication,tfidf,,logistic_regression,0,DEV-LOCAL-V1-001068,DEV_EP_DD_072,NAO_DUPLICADO,NAO_DUPLICADO,NAO_DUPLICADO,True,True,0.9890604576345117,,,,,0.9890604576345117,0.010939542365488294
deduplication__tfidf__none__logistic_regression,deduplication,tfidf,,logistic_regression,0,DEV-LOCAL-V1-001069,DEV_EP_DD_072,NAO_DUPLICADO,NAO_DUPLICADO,NAO_DUPLICADO,True,True,0.9951405243670582,,,,,0.9951405243670582,0.004859475632941769
deduplication__tfidf__none__logistic_regression,deduplication,tfidf,,logistic_regression,0,DEV-LOCAL-V1-001070,DEV_EP_DD_072,NAO_DUPLICADO,NAO_DUPLICADO,NAO_DUPLICADO,True,True,0.9913913594772849,,,,,0.9913913594772849,0.00860864052271512
deduplication__tfidf__none__logistic_regression,deduplication,tfidf,,logistic_regression,0,DEV-LOCAL-V1-001071,DEV_EP_DD_072,NAO_DUPLICADO,NAO_DUPLICADO,NAO_DUPLICADO,True,True,0.9908284515602188,,,,,0.9908284515602188,0.009171548439781197
deduplication__tfidf__none__logistic_regression,deduplication,tfidf,,logistic_regression,0,DEV-LOCAL-V1-001072,DEV_EP_DD_072,NAO_DUPLICADO,NAO_DUPLICADO,NAO_DUPLICADO,True,True,0.9908786521724261,,,,,0.9908786521724261,0.009121347827573897
deduplication__tfidf__none__logistic_regression,deduplication,tfidf,,logistic_regression,0,DEV-LOCAL-V1-000822,DEV_EP_DD_031,DUPLICADO,DUPLICADO,DUPLICADO,True,True,0.9654538108272691,,,,,0.03454618917273089,0.9654538108272691
deduplication__tfidf__none__logistic_regression,deduplication,tfidf,,logistic_regression,0,DEV-LOCAL-V1-000823,DEV_EP_DD_031,DUPLICADO,DUPLICADO,DUPLICADO,True,True,0.9798070747239201,,,,,0.020192925276079854,0.9798070747239201
deduplication__tfidf__none__logistic_regression,deduplication,tfidf,,logistic_regression,0,DEV-LOCAL-V1-000824,DEV_EP_DD_031,DUPLICADO,DUPLICADO,DUPLICADO,True,True,0.9786278046802485,,,,,0.02137219531975154,0.9786278046802485
deduplication__tfidf__none__logistic_regression,deduplication,tfidf,,logistic_regression,0,DEV-LOCAL-V1-000825,DEV_EP_DD_031,DUPLICADO,DUPLICADO,DUPLICADO,True,True,0.977042016467652,,,,,0.022957983532348014,0.977042016467652
deduplication__tfidf__none__logistic_regression,deduplication,tfidf,,logistic_regression,0,DEV-LOCAL-V1-000826,DEV_EP_DD_031,DUPLICADO,DUPLICADO,DUPLICADO,True,True,0.9745131520795998,,,,,0.025486847920400235,0.9745131520795998
deduplication__tfidf__none__logistic_regression,deduplication,tfidf,,logistic_regression,0,DEV-LOCAL-V1-001242,DEV_EP_DD_101,DUPLICADO,DUPLICADO,DUPLICADO,True,True,0.9847063347250798,,,,,0.015293665274920154,0.9847063347250798
deduplication__tfidf__none__logistic_regression,deduplication,tfidf,,logistic_regression,0,DEV-LOCAL-V1-001243,DEV_EP_DD_101,DUPLICADO,DUPLICADO,DUPLICADO,True,True,0.9901020894200603,,,,,0.009897910579939717,0.9901020894200603
deduplication__tfidf__none__logistic_regression,deduplication,tfidf,,logistic_regression,0,DEV-LOCAL-V1-001244,DEV_EP_DD_101,DUPLICADO,DUPLICADO,DUPLICADO,True,True,0.9865743255161081,,,,,0.01342567448389187,0.9865743255161081
deduplication__tfidf__none__logistic_regression,deduplication,tfidf,,logistic_regression,0,DEV-LOCAL-V1-001245,DEV_EP_DD_101,DUPLICADO,DUPLICADO,DUPLICADO,True,True,0.9869284379143162,,,,,0.01307156208568383,0.9869284379143162
deduplication__tfidf__none__logistic_regression,deduplication,tfidf,,logistic_regression,0,DEV-LOCAL-V1-001246,DEV_EP_DD_101,DUPLICADO,DUPLICADO,DUPLICADO,True,True,0.9925219165030359,,,,,0.007478083496964105,0.9925219165030359
deduplication__tfidf__none__logistic_regression,deduplication,tfidf,,logistic_regression,0,DEV-LOCAL-V1-001314,DEV_EP_DD_113,DUPLICADO,DUPLICADO,DUPLICADO,True,True,0.9809235296684202,,,,,0.019076470331579776,0.9809235296684202
deduplication__tfidf__none__logistic_regression,deduplication,tfidf,,logistic_regression,0,DEV-LOCAL-V1-001315,DEV_EP_DD_113,DUPLICADO,DUPLICADO,DUPLICADO,True,True,0.9818961671714465,,,,,0.018103832828553545,0.9818961671714465
deduplication__tfidf__none__logistic_regression,deduplication,tfidf,,logistic_regression,0,DEV-LOCAL-V1-001316,DEV_EP_DD_113,DUPLICADO,DUPLICADO,DUPLICADO,True,True,0.9818560885324417,,,,,0.018143911467558338,0.9818560885324417
deduplication__tfidf__none__logistic_regression,deduplication,tfidf,,logistic_regression,0,DEV-LOCAL-V1-001317,DEV_EP_DD_113,DUPLICADO,DUPLICADO,DUPLICADO,True,True,0.9814302863642614,,,,,0.01856971363573856,0.9814302863642614
deduplication__tfidf__none__logistic_regression,deduplication,tfidf,,logistic_regression,0,DEV-LOCAL-V1-001318,DEV_EP_DD_113,DUPLICADO,DUPLICADO,DUPLICADO,True,True,0.9779445334728553,,,,,0.02205546652714474,0.9779445334728553
deduplication__tfidf__none__logistic_regression,deduplication,tfidf,,logistic_regression,0,DEV-LOCAL-V1-001272,DEV_EP_DD_106,NAO_DUPLICADO,NAO_DUPLICADO,NAO_DUPLICADO,True,True,0.9706051820342039,,,,,0.9706051820342039,0.02939481796579614
deduplication__tfidf__none__logistic_regression,deduplication,tfidf,,logistic_regression,0,DEV-LOCAL-V1-001273,DEV_EP_DD_106,NAO_DUPLICADO,NAO_DUPLICADO,NAO_DUPLICADO,True,True,0.9780438825133753,,,,,0.9780438825133753,0.021956117486624717
deduplication__tfidf__none__logistic_regression,deduplication,tfidf,,logistic_regression,0,DEV-LOCAL-V1-001274,DEV_EP_DD_106,NAO_DUPLICADO,NAO_DUPLICADO,NAO_DUPLICADO,True,True,0.9697644280544675,,,,,0.9697644280544675,0.030235571945532554
deduplication__tfidf__none__logistic_regression,deduplication,tfidf,,logistic_regression,0,DEV-LOCAL-V1-001275,DEV_EP_DD_106,NAO_DUPLICADO,NAO_DUPLICADO,NAO_DUPLICADO,True,True,0.9676992448031168,,,,,0.9676992448031168,0.03230075519688326
deduplication__tfidf__none__logistic_regression,deduplication,tfidf,,logistic_regression,0,DEV-LOCAL-V1-001276,DEV_EP_DD_106,NAO_DUPLICADO,NAO_DUPLICADO,NAO_DUPLICADO,True,True,0.9622417364570374,,,,,0.9622417364570374,0.037758263542962654
deduplication__tfidf__none__logistic_regression,deduplication,tfidf,,logistic_regression,0,DEV-LOCAL-V1-000852,DEV_EP_DD_036,NAO_DUPLICADO,NAO_DUPLICADO,NAO_DUPLICADO,True,True,0.985999036294059,,,,,0.985999036294059,0.014000963705940936
deduplication__tfidf__none__logistic_regression,deduplication,tfidf,,logistic_regression,0,DEV-LOCAL-V1-000853,DEV_EP_DD_036,NAO_DUPLICADO,NAO_DUPLICADO,NAO_DUPLICADO,True,True,0.9875093051639549,,,,,0.9875093051639549,0.012490694836045101
deduplication__tfidf__none__logistic_regression,deduplication,tfidf,,logistic_regression,0,DEV-LOCAL-V1-000854,DEV_EP_DD_036,NAO_DUPLICADO,NAO_DUPLICADO,NAO_DUPLICADO,True,True,0.9858821991784301,,,,,0.9858821991784301,0.014117800821569923
deduplication__tfidf__none__logistic_regression,deduplication,tfidf,,logistic_regression,0,DEV-LOCAL-V1-000855,DEV_EP_DD_036,NAO_DUPLICADO,NAO_DUPLICADO,NAO_DUPLICADO,True,True,0.986775420187527,,,,,0.986775420187527,0.013224579812473049
deduplication__tfidf__none__logistic_regression,deduplication,tfidf,,logistic_regression,0,DEV-LOCAL-V1-000856,DEV_EP_DD_036,NAO_DUPLICADO,NAO_DUPLICADO,NAO_DUPLICADO,True,True,0.973951109971911,,,,,0.973951109971911,0.02604889002808901
deduplication__tfidf__none__logistic_regression,deduplication,tfidf,,logistic_regression,0,DEV-LOCAL-V1-001092,DEV_EP_DD_076,NAO_DUPLICADO,NAO_DUPLICADO,NAO_DUPLICADO,True,True,0.9847683773975435,,,,,0.9847683773975435,0.015231622602456424
deduplication__tfidf__none__logistic_regression,deduplication,tfidf,,logistic_regression,0,DEV-LOCAL-V1-001093,DEV_EP_DD_076,NAO_DUPLICADO,NAO_DUPLICADO,NAO_DUPLICADO,True,True,0.9894867598607338,,,,,0.9894867598607338,0.010513240139266236
deduplication__tfidf__none__logistic_regression,deduplication,tfidf,,logistic_regression,0,DEV-LOCAL-V1-001094,DEV_EP_DD_076,NAO_DUPLICADO,NAO_DUPLICADO,NAO_DUPLICADO,True,True,0.9884656797225729,,,,,0.9884656797225729,0.01153432027742707
deduplication__tfidf__none__logistic_regression,deduplication,tfidf,,logistic_regression,0,DEV-LOCAL-V1-001095,DEV_EP_DD_076,NAO_DUPLICADO,NAO_DUPLICADO,NAO_DUPLICADO,True,True,0.9898493428710845,,,,,0.9898493428710845,0.01015065712891545
deduplication__tfidf__none__logistic_regression,deduplication,tfidf,,logistic_regression,0,DEV-LOCAL-V1-001096,DEV_EP_DD_076,NAO_DUPLICADO,NAO_DUPLICADO,NAO_DUPLICADO,True,True,0.9808752859353582,,,,,0.9808752859353582,0.019124714064641824
deduplication__tfidf__none__logistic_regression,deduplication,tfidf,,logistic_regression,1,DEV-LOCAL-V1-001320,DEV_EP_DD_114,NAO_DUPLICADO,NAO_DUPLICADO,NAO_DUPLICADO,True,True,0.9885363152809269,,,,,0.9885363152809269,0.011463684719073067
deduplication__tfidf__none__logistic_regression,deduplication,tfidf,,logistic_regression,1,DEV-LOCAL-V1-001321,DEV_EP_DD_114,NAO_DUPLICADO,NAO_DUPLICADO,NAO_DUPLICADO,True,True,0.991689965466179,,,,,0.991689965466179,0.008310034533820912
deduplication__tfidf__none__logistic_regression,deduplication,tfidf,,logistic_regression,1,DEV-LOCAL-V1-001322,DEV_EP_DD_114,NAO_DUPLICADO,NAO_DUPLICADO,NAO_DUPLICADO,True,True,0.9924732422995329,,,,,0.9924732422995329,0.007526757700467031
deduplication__tfidf__none__logistic_regression,deduplication,tfidf,,logistic_regression,1,DEV-LOCAL-V1-001323,DEV_EP_DD_114,NAO_DUPLICADO,NAO_DUPLICADO,NAO_DUPLICADO,True,True,0.9899988833526723,,,,,0.9899988833526723,0.010001116647327774
deduplication__tfidf__none__logistic_regression,deduplication,tfidf,,logistic_regression,1,DEV-LOCAL-V1-001324,DEV_EP_DD_114,NAO_DUPLICADO,NAO_DUPLICADO,NAO_DUPLICADO,True,True,0.9883033743250647,,,,,0.9883033743250647,0.011696625674935393
deduplication__tfidf__none__logistic_regression,deduplication,tfidf,,logistic_regression,1,DEV-LOCAL-V1-001278,DEV_EP_DD_107,DUPLICADO,DUPLICADO,DUPLICADO,True,True,0.9984772616245509,,,,,0.0015227383754491397,0.9984772616245509
deduplication__tfidf__none__logistic_regression,deduplication,tfidf,,logistic_regression,1,DEV-LOCAL-V1-001279,DEV_EP_DD_107,DUPLICADO,DUPLICADO,DUPLICADO,True,True,0.9986589308577057,,,,,0.00134106914229426,0.9986589308577057
deduplication__tfidf__none__logistic_regression,deduplication,tfidf,,logistic_regression,1,DEV-LOCAL-V1-001280,DEV_EP_DD_107,DUPLICADO,DUPLICADO,DUPLICADO,True,True,0.9974458719458271,,,,,0.0025541280541728772,0.9974458719458271
deduplication__tfidf__none__logistic_regression,deduplication,tfidf,,logistic_regression,1,DEV-LOCAL-V1-001281,DEV_EP_DD_107,DUPLICADO,DUPLICADO,DUPLICADO,True,True,0.9984378471220698,,,,,0.0015621528779301563,0.9984378471220698
deduplication__tfidf__none__logistic_regression,deduplication,tfidf,,logistic_regression,1,DEV-LOCAL-V1-001282,DEV_EP_DD_107,DUPLICADO,DUPLICADO,DUPLICADO,True,True,0.9980087287457635,,,,,0.001991271254236482,0.9980087287457635
deduplication__tfidf__none__logistic_regression,deduplication,tfidf,,logistic_regression,1,DEV-LOCAL-V1-001344,DEV_EP_DD_118,NAO_DUPLICADO,NAO_DUPLICADO,NAO_DUPLICADO,True,True,0.9954870756216418,,,,,0.9954870756216418,0.004512924378358107
deduplication__tfidf__none__logistic_regression,deduplication,tfidf,,logistic_regression,1,DEV-LOCAL-V1-001345,DEV_EP_DD_118,NAO_DUPLICADO,NAO_DUPLICADO,NAO_DUPLICADO,True,True,0.9970253511594503,,,,,0.9970253511594503,0.0029746488405497013
deduplication__tfidf__none__logistic_regression,deduplication,tfidf,,logistic_regression,1,DEV-LOCAL-V1-001346,DEV_EP_DD_118,NAO_DUPLICADO,NAO_DUPLICADO,NAO_DUPLICADO,True,True,0.9948035514462613,,,,,0.9948035514462613,0.005196448553738646
deduplication__tfidf__none__logistic_regression,deduplication,tfidf,,logistic_regression,1,DEV-LOCAL-V1-001347,DEV_EP_DD_118,NAO_DUPLICADO,NAO_DUPLICADO,NAO_DUPLICADO,True,True,0.994579345225051,,,,,0.994579345225051,0.005420654774949044
deduplication__tfidf__none__logistic_regression,deduplication,tfidf,,logistic_regression,1,DEV-LOCAL-V1-001348,DEV_EP_DD_118,NAO_DUPLICADO,NAO_DUPLICADO,NAO_DUPLICADO,True,True,0.9940422563443361,,,,,0.9940422563443361,0.00595774365566398
deduplication__tfidf__none__logistic_regression,deduplication,tfidf,,logistic_regression,1,DEV-LOCAL-V1-001158,DEV_EP_DD_087,DUPLICADO,DUPLICADO,DUPLICADO,True,True,0.9989227037651109,,,,,0.001077296234889058,0.9989227037651109
deduplication__tfidf__none__logistic_regression,deduplication,tfidf,,logistic_regression,1,DEV-LOCAL-V1-001159,DEV_EP_DD_087,DUPLICADO,DUPLICADO,DUPLICADO,True,True,0.9985918408796255,,,,,0.001408159120374508,0.9985918408796255
deduplication__tfidf__none__logistic_regression,deduplication,tfidf,,logistic_regression,1,DEV-LOCAL-V1-001160,DEV_EP_DD_087,DUPLICADO,DUPLICADO,DUPLICADO,True,True,0.99794489521664,,,,,0.002055104783360018,0.99794489521664
deduplication__tfidf__none__logistic_regression,deduplication,tfidf,,logistic_regression,1,DEV-LOCAL-V1-001161,DEV_EP_DD_087,DUPLICADO,DUPLICADO,DUPLICADO,True,True,0.998503432666116,,,,,0.0014965673338840357,0.998503432666116
deduplication__tfidf__none__logistic_regression,deduplication,tfidf,,logistic_regression,1,DEV-LOCAL-V1-001162,DEV_EP_DD_087,DUPLICADO,DUPLICADO,DUPLICADO,True,True,0.9986298428682165,,,,,0.001370157131783456,0.9986298428682165
deduplication__tfidf__none__logistic_regression,deduplication,tfidf,,logistic_regression,1,DEV-LOCAL-V1-001128,DEV_EP_DD_082,NAO_DUPLICADO,NAO_DUPLICADO,NAO_DUPLICADO,True,True,0.9891132293615773,,,,,0.9891132293615773,0.010886770638422654
deduplication__tfidf__none__logistic_regression,deduplication,tfidf,,logistic_regression,1,DEV-LOCAL-V1-001129,DEV_EP_DD_082,NAO_DUPLICADO,NAO_DUPLICADO,NAO_DUPLICADO,True,True,0.9933079305150483,,,,,0.9933079305150483,0.006692069484951744
deduplication__tfidf__none__logistic_regression,deduplication,tfidf,,logistic_regression,1,DEV-LOCAL-V1-001130,DEV_EP_DD_082,NAO_DUPLICADO,NAO_DUPLICADO,NAO_DUPLICADO,True,True,0.9949411596897293,,,,,0.9949411596897293,0.005058840310270652
deduplication__tfidf__none__logistic_regression,deduplication,tfidf,,logistic_regression,1,DEV-LOCAL-V1-001131,DEV_EP_DD_082,NAO_DUPLICADO,NAO_DUPLICADO,NAO_DUPLICADO,True,True,0.9920698349819964,,,,,0.9920698349819964,0.00793016501800355
deduplication__tfidf__none__logistic_regression,deduplication,tfidf,,logistic_regression,1,DEV-LOCAL-V1-001132,DEV_EP_DD_082,NAO_DUPLICADO,NAO_DUPLICADO,NAO_DUPLICADO,True,True,0.9896788152055559,,,,,0.9896788152055559,0.010321184794444117
deduplication__tfidf__none__logistic_regression,deduplication,tfidf,,logistic_regression,1,DEV-LOCAL-V1-000936,DEV_EP_DD_050,NAO_DUPLICADO,NAO_DUPLICADO,NAO_DUPLICADO,True,True,0.9332114253326504,,,,,0.9332114253326504,0.0667885746673496
deduplication__tfidf__none__logistic_regression,deduplication,tfidf,,logistic_regression,1,DEV-LOCAL-V1-000937,DEV_EP_DD_050,NAO_DUPLICADO,NAO_DUPLICADO,NAO_DUPLICADO,True,True,0.9572365544025296,,,,,0.9572365544025296,0.04276344559747042
deduplication__tfidf__none__logistic_regression,deduplication,tfidf,,logistic_regression,1,DEV-LOCAL-V1-000938,DEV_EP_DD_050,NAO_DUPLICADO,NAO_DUPLICADO,NAO_DUPLICADO,True,True,0.9634176794046049,,,,,0.9634176794046049,0.036582320595395144
deduplication__tfidf__none__logistic_regression,deduplication,tfidf,,logistic_regression,1,DEV-LOCAL-V1-000939,DEV_EP_DD_050,NAO_DUPLICADO,NAO_DUPLICADO,NAO_DUPLICADO,True,True,0.9673496088202175,,,,,0.9673496088202175,0.03265039117978248
deduplication__tfidf__none__logistic_regression,deduplication,tfidf,,logistic_regression,1,DEV-LOCAL-V1-000940,DEV_EP_DD_050,NAO_DUPLICADO,NAO_DUPLICADO,NAO_DUPLICADO,True,True,0.9454474748697513,,,,,0.9454474748697513,0.05455252513024865
deduplication__tfidf__none__logistic_regression,deduplication,tfidf,,logistic_regression,1,DEV-LOCAL-V1-001050,DEV_EP_DD_069,DUPLICADO,DUPLICADO,DUPLICADO,True,True,0.9966128457330926,,,,,0.0033871542669073884,0.9966128457330926
deduplication__tfidf__none__logistic_regression,deduplication,tfidf,,logistic_regression,1,DEV-LOCAL-V1-001051,DEV_EP_DD_069,DUPLICADO,DUPLICADO,DUPLICADO,True,True,0.9968595141512875,,,,,0.0031404858487125153,0.9968595141512875
deduplication__tfidf__none__logistic_regression,deduplication,tfidf,,logistic_regression,1,DEV-LOCAL-V1-001052,DEV_EP_DD_069,DUPLICADO,DUPLICADO,DUPLICADO,True,True,0.9915638092408382,,,,,0.008436190759161799,0.9915638092408382
deduplication__tfidf__none__logistic_regression,deduplication,tfidf,,logistic_regression,1,DEV-LOCAL-V1-001053,DEV_EP_DD_069,DUPLICADO,DUPLICADO,DUPLICADO,True,True,0.9943393114638641,,,,,0.005660688536135883,0.9943393114638641
deduplication__tfidf__none__logistic_regression,deduplication,tfidf,,logistic_regression,1,DEV-LOCAL-V1-001054,DEV_EP_DD_069,DUPLICADO,DUPLICADO,DUPLICADO,True,True,0.9942186228908764,,,,,0.005781377109123631,0.9942186228908764
deduplication__tfidf__none__logistic_regression,deduplication,tfidf,,logistic_regression,1,DEV-LOCAL-V1-001002,DEV_EP_DD_061,DUPLICADO,DUPLICADO,DUPLICADO,True,True,0.9655678961997755,,,,,0.034432103800224545,0.9655678961997755
deduplication__tfidf__none__logistic_regression,deduplication,tfidf,,logistic_regression,1,DEV-LOCAL-V1-001003,DEV_EP_DD_061,DUPLICADO,DUPLICADO,DUPLICADO,True,True,0.9775108786923072,,,,,0.02248912130769276,0.9775108786923072
deduplication__tfidf__none__logistic_regression,deduplication,tfidf,,logistic_regression,1,DEV-LOCAL-V1-001004,DEV_EP_DD_061,DUPLICADO,DUPLICADO,DUPLICADO,True,True,0.9630181187497806,,,,,0.036981881250219395,0.9630181187497806
deduplication__tfidf__none__logistic_regression,deduplication,tfidf,,logistic_regression,1,DEV-LOCAL-V1-001005,DEV_EP_DD_061,DUPLICADO,DUPLICADO,DUPLICADO,True,True,0.9816167755532695,,,,,0.018383224446730462,0.9816167755532695
deduplication__tfidf__none__logistic_regression,deduplication,tfidf,,logistic_regression,1,DEV-LOCAL-V1-001006,DEV_EP_DD_061,DUPLICADO,DUPLICADO,DUPLICADO,True,True,0.9680330514142095,,,,,0.03196694858579052,0.9680330514142095
deduplication__tfidf__none__logistic_regression,deduplication,tfidf,,logistic_regression,1,DEV-LOCAL-V1-000750,DEV_EP_DD_019,DUPLICADO,DUPLICADO,DUPLICADO,True,True,0.9967184610424198,,,,,0.00328153895758021,0.9967184610424198
deduplication__tfidf__none__logistic_regression,deduplication,tfidf,,logistic_regression,1,DEV-LOCAL-V1-000751,DEV_EP_DD_019,DUPLICADO,DUPLICADO,DUPLICADO,True,True,0.9976666253241993,,,,,0.002333374675800748,0.9976666253241993
deduplication__tfidf__none__logistic_regression,deduplication,tfidf,,logistic_regression,1,DEV-LOCAL-V1-000752,DEV_EP_DD_019,DUPLICADO,DUPLICADO,DUPLICADO,True,True,0.9930406269030083,,,,,0.006959373096991683,0.9930406269030083
deduplication__tfidf__none__logistic_regression,deduplication,tfidf,,logistic_regression,1,DEV-LOCAL-V1-000753,DEV_EP_DD_019,DUPLICADO,DUPLICADO,DUPLICADO,True,True,0.9963706541974507,,,,,0.0036293458025492553,0.9963706541974507
deduplication__tfidf__none__logistic_regression,deduplication,tfidf,,logistic_regression,1,DEV-LOCAL-V1-000754,DEV_EP_DD_019,DUPLICADO,DUPLICADO,DUPLICADO,True,True,0.9948721211749066,,,,,0.005127878825093357,0.9948721211749066
deduplication__tfidf__none__logistic_regression,deduplication,tfidf,,logistic_regression,1,DEV-LOCAL-V1-001254,DEV_EP_DD_103,DUPLICADO,DUPLICADO,DUPLICADO,True,True,0.9956600890285771,,,,,0.0043399109714229445,0.9956600890285771
deduplication__tfidf__none__logistic_regression,deduplication,tfidf,,logistic_regression,1,DEV-LOCAL-V1-001255,DEV_EP_DD_103,DUPLICADO,DUPLICADO,DUPLICADO,True,True,0.9951972651703942,,,,,0.004802734829605804,0.9951972651703942
deduplication__tfidf__none__logistic_regression,deduplication,tfidf,,logistic_regression,1,DEV-LOCAL-V1-001256,DEV_EP_DD_103,DUPLICADO,DUPLICADO,DUPLICADO,True,True,0.9961526238241107,,,,,0.003847376175889261,0.9961526238241107
deduplication__tfidf__none__logistic_regression,deduplication,tfidf,,logistic_regression,1,DEV-LOCAL-V1-001257,DEV_EP_DD_103,DUPLICADO,DUPLICADO,DUPLICADO,True,True,0.9940097281600269,,,,,0.005990271839973138,0.9940097281600269
deduplication__tfidf__none__logistic_regression,deduplication,tfidf,,logistic_regression,1,DEV-LOCAL-V1-001258,DEV_EP_DD_103,DUPLICADO,DUPLICADO,DUPLICADO,True,True,0.9930909376873375,,,,,0.006909062312662528,0.9930909376873375
deduplication__tfidf__none__logistic_regression,deduplication,tfidf,,logistic_regression,1,DEV-LOCAL-V1-000828,DEV_EP_DD_032,NAO_DUPLICADO,NAO_DUPLICADO,NAO_DUPLICADO,True,True,0.9798631838682335,,,,,0.9798631838682335,0.020136816131766513
deduplication__tfidf__none__logistic_regression,deduplication,tfidf,,logistic_regression,1,DEV-LOCAL-V1-000829,DEV_EP_DD_032,NAO_DUPLICADO,NAO_DUPLICADO,NAO_DUPLICADO,True,True,0.9873541171366883,,,,,0.9873541171366883,0.012645882863311652
deduplication__tfidf__none__logistic_regression,deduplication,tfidf,,logistic_regression,1,DEV-LOCAL-V1-000830,DEV_EP_DD_032,NAO_DUPLICADO,NAO_DUPLICADO,NAO_DUPLICADO,True,True,0.9880827011285076,,,,,0.9880827011285076,0.01191729887149237
deduplication__tfidf__none__logistic_regression,deduplication,tfidf,,logistic_regression,1,DEV-LOCAL-V1-000831,DEV_EP_DD_032,NAO_DUPLICADO,NAO_DUPLICADO,NAO_DUPLICADO,True,True,0.9830218805142575,,,,,0.9830218805142575,0.016978119485742512
deduplication__tfidf__none__logistic_regression,deduplication,tfidf,,logistic_regression,1,DEV-LOCAL-V1-000832,DEV_EP_DD_032,NAO_DUPLICADO,NAO_DUPLICADO,NAO_DUPLICADO,True,True,0.980315170100055,,,,,0.980315170100055,0.019684829899945067
deduplication__tfidf__none__logistic_regression,deduplication,tfidf,,logistic_regression,1,DEV-LOCAL-V1-001062,DEV_EP_DD_071,DUPLICADO,DUPLICADO,DUPLICADO,True,True,0.9987503886505763,,,,,0.001249611349423696,0.9987503886505763
deduplication__tfidf__none__logistic_regression,deduplication,tfidf,,logistic_regression,1,DEV-LOCAL-V1-001063,DEV_EP_DD_071,DUPLICADO,DUPLICADO,DUPLICADO,True,True,0.9988994129096059,,,,,0.0011005870903940673,0.9988994129096059
deduplication__tfidf__none__logistic_regression,deduplication,tfidf,,logistic_regression,1,DEV-LOCAL-V1-001064,DEV_EP_DD_071,DUPLICADO,DUPLICADO,DUPLICADO,True,True,0.9983609784619576,,,,,0.0016390215380424067,0.9983609784619576
deduplication__tfidf__none__logistic_regression,deduplication,tfidf,,logistic_regression,1,DEV-LOCAL-V1-001065,DEV_EP_DD_071,DUPLICADO,DUPLICADO,DUPLICADO,True,True,0.9990488335609621,,,,,0.0009511664390379204,0.9990488335609621
deduplication__tfidf__none__logistic_regression,deduplication,tfidf,,logistic_regression,1,DEV-LOCAL-V1-001066,DEV_EP_DD_071,DUPLICADO,DUPLICADO,DUPLICADO,True,True,0.9981001811128714,,,,,0.0018998188871286459,0.9981001811128714
deduplication__tfidf__none__logistic_regression,deduplication,tfidf,,logistic_regression,1,DEV-LOCAL-V1-000900,DEV_EP_DD_044,NAO_DUPLICADO,NAO_DUPLICADO,NAO_DUPLICADO,True,True,0.9796562928132962,,,,,0.9796562928132962,0.020343707186703794
deduplication__tfidf__none__logistic_regression,deduplication,tfidf,,logistic_regression,1,DEV-LOCAL-V1-000901,DEV_EP_DD_044,NAO_DUPLICADO,NAO_DUPLICADO,NAO_DUPLICADO,True,True,0.9855669421151545,,,,,0.9855669421151545,0.014433057884845535
deduplication__tfidf__none__logistic_regression,deduplication,tfidf,,logistic_regression,1,DEV-LOCAL-V1-000902,DEV_EP_DD_044,NAO_DUPLICADO,NAO_DUPLICADO,NAO_DUPLICADO,True,True,0.9861789621348909,,,,,0.9861789621348909,0.013821037865109184
deduplication__tfidf__none__logistic_regression,deduplication,tfidf,,logistic_regression,1,DEV-LOCAL-V1-000903,DEV_EP_DD_044,NAO_DUPLICADO,NAO_DUPLICADO,NAO_DUPLICADO,True,True,0.9866726450927904,,,,,0.9866726450927904,0.01332735490720956
deduplication__tfidf__none__logistic_regression,deduplication,tfidf,,logistic_regression,1,DEV-LOCAL-V1-000904,DEV_EP_DD_044,NAO_DUPLICADO,NAO_DUPLICADO,NAO_DUPLICADO,True,True,0.9767750916400286,,,,,0.9767750916400286,0.023224908359971343
deduplication__tfidf__none__logistic_regression,deduplication,tfidf,,logistic_regression,1,DEV-LOCAL-V1-001098,DEV_EP_DD_077,DUPLICADO,DUPLICADO,DUPLICADO,True,True,0.9979824906065432,,,,,0.0020175093934567956,0.9979824906065432
deduplication__tfidf__none__logistic_regression,deduplication,tfidf,,logistic_regression,1,DEV-LOCAL-V1-001099,DEV_EP_DD_077,DUPLICADO,DUPLICADO,DUPLICADO,True,True,0.997794449700603,,,,,0.0022055502993969522,0.997794449700603
deduplication__tfidf__none__logistic_regression,deduplication,tfidf,,logistic_regression,1,DEV-LOCAL-V1-001100,DEV_EP_DD_077,DUPLICADO,DUPLICADO,DUPLICADO,True,True,0.9959085836660133,,,,,0.004091416333986686,0.9959085836660133
deduplication__tfidf__none__logistic_regression,deduplication,tfidf,,logistic_regression,1,DEV-LOCAL-V1-001101,DEV_EP_DD_077,DUPLICADO,DUPLICADO,DUPLICADO,True,True,0.9976600285231044,,,,,0.002339971476895575,0.9976600285231044
deduplication__tfidf__none__logistic_regression,deduplication,tfidf,,logistic_regression,1,DEV-LOCAL-V1-001102,DEV_EP_DD_077,DUPLICADO,DUPLICADO,DUPLICADO,True,True,0.997260508839568,,,,,0.0027394911604320393,0.997260508839568
deduplication__tfidf__none__logistic_regression,deduplication,tfidf,,logistic_regression,1,DEV-LOCAL-V1-001218,DEV_EP_DD_097,DUPLICADO,DUPLICADO,DUPLICADO,True,True,0.9751988367425598,,,,,0.024801163257440195,0.9751988367425598
deduplication__tfidf__none__logistic_regression,deduplication,tfidf,,logistic_regression,1,DEV-LOCAL-V1-001219,DEV_EP_DD_097,DUPLICADO,DUPLICADO,DUPLICADO,True,True,0.9725606491164113,,,,,0.02743935088358873,0.9725606491164113
deduplication__tfidf__none__logistic_regression,deduplication,tfidf,,logistic_regression,1,DEV-LOCAL-V1-001220,DEV_EP_DD_097,DUPLICADO,DUPLICADO,DUPLICADO,True,True,0.9619788011138665,,,,,0.038021198886133534,0.9619788011138665
deduplication__tfidf__none__logistic_regression,deduplication,tfidf,,logistic_regression,1,DEV-LOCAL-V1-001221,DEV_EP_DD_097,DUPLICADO,DUPLICADO,DUPLICADO,True,True,0.984365762880582,,,,,0.015634237119418026,0.984365762880582
deduplication__tfidf__none__logistic_regression,deduplication,tfidf,,logistic_regression,1,DEV-LOCAL-V1-001222,DEV_EP_DD_097,DUPLICADO,DUPLICADO,DUPLICADO,True,True,0.9689383056858317,,,,,0.031061694314168276,0.9689383056858317
deduplication__tfidf__none__logistic_regression,deduplication,tfidf,,logistic_regression,1,DEV-LOCAL-V1-001200,DEV_EP_DD_094,NAO_DUPLICADO,NAO_DUPLICADO,NAO_DUPLICADO,True,True,0.9893970586560134,,,,,0.9893970586560134,0.010602941343986703
deduplication__tfidf__none__logistic_regression,deduplication,tfidf,,logistic_regression,1,DEV-LOCAL-V1-001201,DEV_EP_DD_094,NAO_DUPLICADO,NAO_DUPLICADO,NAO_DUPLICADO,True,True,0.9926197500374015,,,,,0.9926197500374015,0.007380249962598503
deduplication__tfidf__none__logistic_regression,deduplication,tfidf,,logistic_regression,1,DEV-LOCAL-V1-001202,DEV_EP_DD_094,NAO_DUPLICADO,NAO_DUPLICADO,NAO_DUPLICADO,True,True,0.9937806717537192,,,,,0.9937806717537192,0.006219328246280849
deduplication__tfidf__none__logistic_regression,deduplication,tfidf,,logistic_regression,1,DEV-LOCAL-V1-001203,DEV_EP_DD_094,NAO_DUPLICADO,NAO_DUPLICADO,NAO_DUPLICADO,True,True,0.9921652505100126,,,,,0.9921652505100126,0.007834749489987412
deduplication__tfidf__none__logistic_regression,deduplication,tfidf,,logistic_regression,1,DEV-LOCAL-V1-001204,DEV_EP_DD_094,NAO_DUPLICADO,NAO_DUPLICADO,NAO_DUPLICADO,True,True,0.9869738819236332,,,,,0.9869738819236332,0.013026118076366753
deduplication__tfidf__none__logistic_regression,deduplication,tfidf,,logistic_regression,1,DEV-LOCAL-V1-000648,DEV_EP_DD_002,NAO_DUPLICADO,NAO_DUPLICADO,NAO_DUPLICADO,True,True,0.9648316615149886,,,,,0.9648316615149886,0.035168338485011476
deduplication__tfidf__none__logistic_regression,deduplication,tfidf,,logistic_regression,1,DEV-LOCAL-V1-000649,DEV_EP_DD_002,NAO_DUPLICADO,NAO_DUPLICADO,NAO_DUPLICADO,True,True,0.9828097441468574,,,,,0.9828097441468574,0.01719025585314259
deduplication__tfidf__none__logistic_regression,deduplication,tfidf,,logistic_regression,1,DEV-LOCAL-V1-000650,DEV_EP_DD_002,NAO_DUPLICADO,NAO_DUPLICADO,NAO_DUPLICADO,True,True,0.9823537083223689,,,,,0.9823537083223689,0.017646291677631112
deduplication__tfidf__none__logistic_regression,deduplication,tfidf,,logistic_regression,1,DEV-LOCAL-V1-000651,DEV_EP_DD_002,NAO_DUPLICADO,NAO_DUPLICADO,NAO_DUPLICADO,True,True,0.9775523561100069,,,,,0.9775523561100069,0.022447643889993055
deduplication__tfidf__none__logistic_regression,deduplication,tfidf,,logistic_regression,1,DEV-LOCAL-V1-000652,DEV_EP_DD_002,NAO_DUPLICADO,NAO_DUPLICADO,NAO_DUPLICADO,True,True,0.9623455680410613,,,,,0.9623455680410613,0.03765443195893874
deduplication__tfidf__none__logistic_regression,deduplication,tfidf,,logistic_regression,1,DEV-LOCAL-V1-000708,DEV_EP_DD_012,NAO_DUPLICADO,NAO_DUPLICADO,NAO_DUPLICADO,True,True,0.99405850798406,,,,,0.99405850798406,0.0059414920159399885
deduplication__tfidf__none__logistic_regression,deduplication,tfidf,,logistic_regression,1,DEV-LOCAL-V1-000709,DEV_EP_DD_012,NAO_DUPLICADO,NAO_DUPLICADO,NAO_DUPLICADO,True,True,0.9981011267256691,,,,,0.9981011267256691,0.0018988732743309554
deduplication__tfidf__none__logistic_regression,deduplication,tfidf,,logistic_regression,1,DEV-LOCAL-V1-000710,DEV_EP_DD_012,NAO_DUPLICADO,NAO_DUPLICADO,NAO_DUPLICADO,True,True,0.9975450702310588,,,,,0.9975450702310588,0.002454929768941248
deduplication__tfidf__none__logistic_regression,deduplication,tfidf,,logistic_regression,1,DEV-LOCAL-V1-000711,DEV_EP_DD_012,NAO_DUPLICADO,NAO_DUPLICADO,NAO_DUPLICADO,True,True,0.9948870851182116,,,,,0.9948870851182116,0.005112914881788394
deduplication__tfidf__none__logistic_regression,deduplication,tfidf,,logistic_regression,1,DEV-LOCAL-V1-000712,DEV_EP_DD_012,NAO_DUPLICADO,NAO_DUPLICADO,NAO_DUPLICADO,True,True,0.9943973122559192,,,,,0.9943973122559192,0.005602687744080751
deduplication__tfidf__none__logistic_regression,deduplication,tfidf,,logistic_regression,1,DEV-LOCAL-V1-000780,DEV_EP_DD_024,NAO_DUPLICADO,NAO_DUPLICADO,NAO_DUPLICADO,True,True,0.9946143500311636,,,,,0.9946143500311636,0.005385649968836374
deduplication__tfidf__none__logistic_regression,deduplication,tfidf,,logistic_regression,1,DEV-LOCAL-V1-000781,DEV_EP_DD_024,NAO_DUPLICADO,NAO_DUPLICADO,NAO_DUPLICADO,True,True,0.9962540849163466,,,,,0.9962540849163466,0.003745915083653452
deduplication__tfidf__none__logistic_regression,deduplication,tfidf,,logistic_regression,1,DEV-LOCAL-V1-000782,DEV_EP_DD_024,NAO_DUPLICADO,NAO_DUPLICADO,NAO_DUPLICADO,True,True,0.997288555957061,,,,,0.997288555957061,0.0027114440429390134
deduplication__tfidf__none__logistic_regression,deduplication,tfidf,,logistic_regression,1,DEV-LOCAL-V1-000783,DEV_EP_DD_024,NAO_DUPLICADO,NAO_DUPLICADO,NAO_DUPLICADO,True,True,0.9963531734650878,,,,,0.9963531734650878,0.00364682653491227
deduplication__tfidf__none__logistic_regression,deduplication,tfidf,,logistic_regression,1,DEV-LOCAL-V1-000784,DEV_EP_DD_024,NAO_DUPLICADO,NAO_DUPLICADO,NAO_DUPLICADO,True,True,0.9938284756773471,,,,,0.9938284756773471,0.006171524322652932
deduplication__tfidf__none__logistic_regression,deduplication,tfidf,,logistic_regression,1,DEV-LOCAL-V1-000690,DEV_EP_DD_009,DUPLICADO,DUPLICADO,DUPLICADO,True,True,0.9958603708093838,,,,,0.0041396291906161675,0.9958603708093838
deduplication__tfidf__none__logistic_regression,deduplication,tfidf,,logistic_regression,1,DEV-LOCAL-V1-000691,DEV_EP_DD_009,DUPLICADO,DUPLICADO,DUPLICADO,True,True,0.9956682128336671,,,,,0.004331787166332868,0.9956682128336671
deduplication__tfidf__none__logistic_regression,deduplication,tfidf,,logistic_regression,1,DEV-LOCAL-V1-000692,DEV_EP_DD_009,DUPLICADO,DUPLICADO,DUPLICADO,True,True,0.9891410811846628,,,,,0.010858918815337182,0.9891410811846628
deduplication__tfidf__none__logistic_regression,deduplication,tfidf,,logistic_regression,1,DEV-LOCAL-V1-000693,DEV_EP_DD_009,DUPLICADO,DUPLICADO,DUPLICADO,True,True,0.9943740168368614,,,,,0.005625983163138559,0.9943740168368614
deduplication__tfidf__none__logistic_regression,deduplication,tfidf,,logistic_regression,1,DEV-LOCAL-V1-000694,DEV_EP_DD_009,DUPLICADO,DUPLICADO,DUPLICADO,True,True,0.9936190864636607,,,,,0.006380913536339294,0.9936190864636607
deduplication__tfidf__none__logistic_regression,deduplication,tfidf,,logistic_regression,1,DEV-LOCAL-V1-000948,DEV_EP_DD_052,NAO_DUPLICADO,NAO_DUPLICADO,NAO_DUPLICADO,True,True,0.9749707693319006,,,,,0.9749707693319006,0.025029230668099398
deduplication__tfidf__none__logistic_regression,deduplication,tfidf,,logistic_regression,1,DEV-LOCAL-V1-000949,DEV_EP_DD_052,NAO_DUPLICADO,NAO_DUPLICADO,NAO_DUPLICADO,True,True,0.9868897242971342,,,,,0.9868897242971342,0.013110275702865786
deduplication__tfidf__none__logistic_regression,deduplication,tfidf,,logistic_regression,1,DEV-LOCAL-V1-000950,DEV_EP_DD_052,NAO_DUPLICADO,NAO_DUPLICADO,NAO_DUPLICADO,True,True,0.9918911594017483,,,,,0.9918911594017483,0.008108840598251637
deduplication__tfidf__none__logistic_regression,deduplication,tfidf,,logistic_regression,1,DEV-LOCAL-V1-000951,DEV_EP_DD_052,NAO_DUPLICADO,NAO_DUPLICADO,NAO_DUPLICADO,True,True,0.9865948613656508,,,,,0.9865948613656508,0.013405138634349244
deduplication__tfidf__none__logistic_regression,deduplication,tfidf,,logistic_regression,1,DEV-LOCAL-V1-000952,DEV_EP_DD_052,NAO_DUPLICADO,NAO_DUPLICADO,NAO_DUPLICADO,True,True,0.9820660398331846,,,,,0.9820660398331846,0.017933960166815338
deduplication__tfidf__none__logistic_regression,deduplication,tfidf,,logistic_regression,1,DEV-LOCAL-V1-000972,DEV_EP_DD_056,NAO_DUPLICADO,NAO_DUPLICADO,NAO_DUPLICADO,True,True,0.9765625154601397,,,,,0.9765625154601397,0.023437484539860224
deduplication__tfidf__none__logistic_regression,deduplication,tfidf,,logistic_regression,1,DEV-LOCAL-V1-000973,DEV_EP_DD_056,NAO_DUPLICADO,NAO_DUPLICADO,NAO_DUPLICADO,True,True,0.9763475549644157,,,,,0.9763475549644157,0.02365244503558432
deduplication__tfidf__none__logistic_regression,deduplication,tfidf,,logistic_regression,1,DEV-LOCAL-V1-000974,DEV_EP_DD_056,NAO_DUPLICADO,NAO_DUPLICADO,NAO_DUPLICADO,True,True,0.9809455692464271,,,,,0.9809455692464271,0.019054430753572885
deduplication__tfidf__none__logistic_regression,deduplication,tfidf,,logistic_regression,1,DEV-LOCAL-V1-000975,DEV_EP_DD_056,NAO_DUPLICADO,NAO_DUPLICADO,NAO_DUPLICADO,True,True,0.9758266089612707,,,,,0.9758266089612707,0.02417339103872925
deduplication__tfidf__none__logistic_regression,deduplication,tfidf,,logistic_regression,1,DEV-LOCAL-V1-000976,DEV_EP_DD_056,NAO_DUPLICADO,NAO_DUPLICADO,NAO_DUPLICADO,True,True,0.9677632810585955,,,,,0.9677632810585955,0.032236718941404494
deduplication__tfidf__none__logistic_regression,deduplication,tfidf,,logistic_regression,1,DEV-LOCAL-V1-000810,DEV_EP_DD_029,DUPLICADO,DUPLICADO,DUPLICADO,True,True,0.9972041639181918,,,,,0.002795836081808223,0.9972041639181918
deduplication__tfidf__none__logistic_regression,deduplication,tfidf,,logistic_regression,1,DEV-LOCAL-V1-000811,DEV_EP_DD_029,DUPLICADO,DUPLICADO,DUPLICADO,True,True,0.9983799176239718,,,,,0.0016200823760281757,0.9983799176239718
deduplication__tfidf__none__logistic_regression,deduplication,tfidf,,logistic_regression,1,DEV-LOCAL-V1-000812,DEV_EP_DD_029,DUPLICADO,DUPLICADO,DUPLICADO,True,True,0.9958096565294801,,,,,0.004190343470519942,0.9958096565294801
deduplication__tfidf__none__logistic_regression,deduplication,tfidf,,logistic_regression,1,DEV-LOCAL-V1-000813,DEV_EP_DD_029,DUPLICADO,DUPLICADO,DUPLICADO,True,True,0.99708307515535,,,,,0.002916924844650004,0.99708307515535
deduplication__tfidf__none__logistic_regression,deduplication,tfidf,,logistic_regression,1,DEV-LOCAL-V1-000814,DEV_EP_DD_029,DUPLICADO,DUPLICADO,DUPLICADO,True,True,0.9956663203924233,,,,,0.00433367960757669,0.9956663203924233
deduplication__tfidf__none__logistic_regression,deduplication,tfidf,,logistic_regression,1,DEV-LOCAL-V1-000864,DEV_EP_DD_038,NAO_DUPLICADO,NAO_DUPLICADO,NAO_DUPLICADO,True,True,0.9755230246189265,,,,,0.9755230246189265,0.024476975381073494
deduplication__tfidf__none__logistic_regression,deduplication,tfidf,,logistic_regression,1,DEV-LOCAL-V1-000865,DEV_EP_DD_038,NAO_DUPLICADO,NAO_DUPLICADO,NAO_DUPLICADO,True,True,0.9857294149592299,,,,,0.9857294149592299,0.01427058504077001
deduplication__tfidf__none__logistic_regression,deduplication,tfidf,,logistic_regression,1,DEV-LOCAL-V1-000866,DEV_EP_DD_038,NAO_DUPLICADO,NAO_DUPLICADO,NAO_DUPLICADO,True,True,0.9758028538118243,,,,,0.9758028538118243,0.024197146188175655
deduplication__tfidf__none__logistic_regression,deduplication,tfidf,,logistic_regression,1,DEV-LOCAL-V1-000867,DEV_EP_DD_038,NAO_DUPLICADO,NAO_DUPLICADO,NAO_DUPLICADO,True,True,0.9834242363367894,,,,,0.9834242363367894,0.01657576366321058
deduplication__tfidf__none__logistic_regression,deduplication,tfidf,,logistic_regression,1,DEV-LOCAL-V1-000868,DEV_EP_DD_038,NAO_DUPLICADO,NAO_DUPLICADO,NAO_DUPLICADO,True,True,0.9770946475773011,,,,,0.9770946475773011,0.022905352422698876
deduplication__tfidf__none__logistic_regression,deduplication,tfidf,,logistic_regression,2,DEV-LOCAL-V1-001326,DEV_EP_DD_115,DUPLICADO,DUPLICADO,DUPLICADO,True,True,0.9864477277691078,,,,,0.01355227223089217,0.9864477277691078
deduplication__tfidf__none__logistic_regression,deduplication,tfidf,,logistic_regression,2,DEV-LOCAL-V1-001327,DEV_EP_DD_115,DUPLICADO,DUPLICADO,DUPLICADO,True,True,0.9876190338100715,,,,,0.012380966189928455,0.9876190338100715
deduplication__tfidf__none__logistic_regression,deduplication,tfidf,,logistic_regression,2,DEV-LOCAL-V1-001328,DEV_EP_DD_115,DUPLICADO,DUPLICADO,DUPLICADO,True,True,0.9845665066320982,,,,,0.015433493367901785,0.9845665066320982
deduplication__tfidf__none__logistic_regression,deduplication,tfidf,,logistic_regression,2,DEV-LOCAL-V1-001329,DEV_EP_DD_115,DUPLICADO,DUPLICADO,DUPLICADO,True,True,0.9857326891437611,,,,,0.01426731085623889,0.9857326891437611
deduplication__tfidf__none__logistic_regression,deduplication,tfidf,,logistic_regression,2,DEV-LOCAL-V1-001330,DEV_EP_DD_115,DUPLICADO,DUPLICADO,DUPLICADO,True,True,0.980984225921533,,,,,0.019015774078466996,0.980984225921533
deduplication__tfidf__none__logistic_regression,deduplication,tfidf,,logistic_regression,2,DEV-LOCAL-V1-001008,DEV_EP_DD_062,NAO_DUPLICADO,NAO_DUPLICADO,NAO_DUPLICADO,True,True,0.9721686162746841,,,,,0.9721686162746841,0.027831383725315895
deduplication__tfidf__none__logistic_regression,deduplication,tfidf,,logistic_regression,2,DEV-LOCAL-V1-001009,DEV_EP_DD_062,NAO_DUPLICADO,NAO_DUPLICADO,NAO_DUPLICADO,True,True,0.978747508972844,,,,,0.978747508972844,0.021252491027155932
deduplication__tfidf__none__logistic_regression,deduplication,tfidf,,logistic_regression,2,DEV-LOCAL-V1-001010,DEV_EP_DD_062,NAO_DUPLICADO,NAO_DUPLICADO,NAO_DUPLICADO,True,True,0.9727469855372293,,,,,0.9727469855372293,0.027253014462770692
deduplication__tfidf__none__logistic_regression,deduplication,tfidf,,logistic_regression,2,DEV-LOCAL-V1-001011,DEV_EP_DD_062,NAO_DUPLICADO,NAO_DUPLICADO,NAO_DUPLICADO,True,True,0.9752092524503473,,,,,0.9752092524503473,0.024790747549652718
deduplication__tfidf__none__logistic_regression,deduplication,tfidf,,logistic_regression,2,DEV-LOCAL-V1-001012,DEV_EP_DD_062,NAO_DUPLICADO,NAO_DUPLICADO,NAO_DUPLICADO,True,True,0.9727201727496709,,,,,0.9727201727496709,0.027279827250329066
deduplication__tfidf__none__logistic_regression,deduplication,tfidf,,logistic_regression,2,DEV-LOCAL-V1-001164,DEV_EP_DD_088,NAO_DUPLICADO,NAO_DUPLICADO,NAO_DUPLICADO,True,True,0.9579389190061142,,,,,0.9579389190061142,0.042061080993885794
deduplication__tfidf__none__logistic_regression,deduplication,tfidf,,logistic_regression,2,DEV-LOCAL-V1-001165,DEV_EP_DD_088,NAO_DUPLICADO,NAO_DUPLICADO,NAO_DUPLICADO,True,True,0.970536506312189,,,,,0.970536506312189,0.029463493687810947
deduplication__tfidf__none__logistic_regression,deduplication,tfidf,,logistic_regression,2,DEV-LOCAL-V1-001166,DEV_EP_DD_088,NAO_DUPLICADO,NAO_DUPLICADO,NAO_DUPLICADO,True,True,0.9667262010330515,,,,,0.9667262010330515,0.03327379896694851
deduplication__tfidf__none__logistic_regression,deduplication,tfidf,,logistic_regression,2,DEV-LOCAL-V1-001167,DEV_EP_DD_088,NAO_DUPLICADO,NAO_DUPLICADO,NAO_DUPLICADO,True,True,0.9504056330501475,,,,,0.9504056330501475,0.04959436694985252
deduplication__tfidf__none__logistic_regression,deduplication,tfidf,,logistic_regression,2,DEV-LOCAL-V1-001168,DEV_EP_DD_088,NAO_DUPLICADO,NAO_DUPLICADO,NAO_DUPLICADO,True,True,0.9552922247774971,,,,,0.9552922247774971,0.04470777522250292
deduplication__tfidf__none__logistic_regression,deduplication,tfidf,,logistic_regression,2,DEV-LOCAL-V1-001350,DEV_EP_DD_119,DUPLICADO,DUPLICADO,DUPLICADO,True,True,0.9824919921358652,,,,,0.017508007864134756,0.9824919921358652
deduplication__tfidf__none__logistic_regression,deduplication,tfidf,,logistic_regression,2,DEV-LOCAL-V1-001351,DEV_EP_DD_119,DUPLICADO,DUPLICADO,DUPLICADO,True,True,0.9846485997441673,,,,,0.015351400255832703,0.9846485997441673
deduplication__tfidf__none__logistic_regression,deduplication,tfidf,,logistic_regression,2,DEV-LOCAL-V1-001352,DEV_EP_DD_119,DUPLICADO,DUPLICADO,DUPLICADO,True,True,0.9799469941441324,,,,,0.020053005855867556,0.9799469941441324
deduplication__tfidf__none__logistic_regression,deduplication,tfidf,,logistic_regression,2,DEV-LOCAL-V1-001353,DEV_EP_DD_119,DUPLICADO,DUPLICADO,DUPLICADO,True,True,0.984894417503683,,,,,0.015105582496316994,0.984894417503683
deduplication__tfidf__none__logistic_regression,deduplication,tfidf,,logistic_regression,2,DEV-LOCAL-V1-001354,DEV_EP_DD_119,DUPLICADO,DUPLICADO,DUPLICADO,True,True,0.9771312589498155,,,,,0.02286874105018455,0.9771312589498155
deduplication__tfidf__none__logistic_regression,deduplication,tfidf,,logistic_regression,2,DEV-LOCAL-V1-000696,DEV_EP_DD_010,NAO_DUPLICADO,NAO_DUPLICADO,NAO_DUPLICADO,True,True,0.9916414357927936,,,,,0.9916414357927936,0.008358564207206402
deduplication__tfidf__none__logistic_regression,deduplication,tfidf,,logistic_regression,2,DEV-LOCAL-V1-000697,DEV_EP_DD_010,NAO_DUPLICADO,NAO_DUPLICADO,NAO_DUPLICADO,True,True,0.9948601790757391,,,,,0.9948601790757391,0.005139820924260901
deduplication__tfidf__none__logistic_regression,deduplication,tfidf,,logistic_regression,2,DEV-LOCAL-V1-000698,DEV_EP_DD_010,NAO_DUPLICADO,NAO_DUPLICADO,NAO_DUPLICADO,True,True,0.9892687707061336,,,,,0.9892687707061336,0.010731229293866336
deduplication__tfidf__none__logistic_regression,deduplication,tfidf,,logistic_regression,2,DEV-LOCAL-V1-000699,DEV_EP_DD_010,NAO_DUPLICADO,NAO_DUPLICADO,NAO_DUPLICADO,True,True,0.9927111615974399,,,,,0.9927111615974399,0.007288838402560133
deduplication__tfidf__none__logistic_regression,deduplication,tfidf,,logistic_regression,2,DEV-LOCAL-V1-000700,DEV_EP_DD_010,NAO_DUPLICADO,NAO_DUPLICADO,NAO_DUPLICADO,True,True,0.992516349385997,,,,,0.992516349385997,0.007483650614003051
deduplication__tfidf__none__logistic_regression,deduplication,tfidf,,logistic_regression,2,DEV-LOCAL-V1-000876,DEV_EP_DD_040,NAO_DUPLICADO,NAO_DUPLICADO,NAO_DUPLICADO,True,True,0.9545590328614437,,,,,0.9545590328614437,0.04544096713855632
deduplication__tfidf__none__logistic_regression,deduplication,tfidf,,logistic_regression,2,DEV-LOCAL-V1-000877,DEV_EP_DD_040,NAO_DUPLICADO,NAO_DUPLICADO,NAO_DUPLICADO,True,True,0.9674143498582847,,,,,0.9674143498582847,0.03258565014171528
deduplication__tfidf__none__logistic_regression,deduplication,tfidf,,logistic_regression,2,DEV-LOCAL-V1-000878,DEV_EP_DD_040,NAO_DUPLICADO,NAO_DUPLICADO,NAO_DUPLICADO,True,True,0.95914544295986,,,,,0.95914544295986,0.04085455704013997
deduplication__tfidf__none__logistic_regression,deduplication,tfidf,,logistic_regression,2,DEV-LOCAL-V1-000879,DEV_EP_DD_040,NAO_DUPLICADO,NAO_DUPLICADO,NAO_DUPLICADO,True,True,0.9630879243276708,,,,,0.9630879243276708,0.03691207567232923
deduplication__tfidf__none__logistic_regression,deduplication,tfidf,,logistic_regression,2,DEV-LOCAL-V1-000880,DEV_EP_DD_040,NAO_DUPLICADO,NAO_DUPLICADO,NAO_DUPLICADO,True,True,0.9575136054248724,,,,,0.9575136054248724,0.042486394575127574
deduplication__tfidf__none__logistic_regression,deduplication,tfidf,,logistic_regression,2,DEV-LOCAL-V1-001224,DEV_EP_DD_098,NAO_DUPLICADO,NAO_DUPLICADO,NAO_DUPLICADO,True,True,0.9690874902227647,,,,,0.9690874902227647,0.0309125097772352
deduplication__tfidf__none__logistic_regression,deduplication,tfidf,,logistic_regression,2,DEV-LOCAL-V1-001225,DEV_EP_DD_098,NAO_DUPLICADO,NAO_DUPLICADO,NAO_DUPLICADO,True,True,0.9790999875148552,,,,,0.9790999875148552,0.020900012485144875
deduplication__tfidf__none__logistic_regression,deduplication,tfidf,,logistic_regression,2,DEV-LOCAL-V1-001226,DEV_EP_DD_098,NAO_DUPLICADO,NAO_DUPLICADO,NAO_DUPLICADO,True,True,0.9730168740734446,,,,,0.9730168740734446,0.026983125926555405
deduplication__tfidf__none__logistic_regression,deduplication,tfidf,,logistic_regression,2,DEV-LOCAL-V1-001227,DEV_EP_DD_098,NAO_DUPLICADO,NAO_DUPLICADO,NAO_DUPLICADO,True,True,0.9731772213792326,,,,,0.9731772213792326,0.02682277862076741
deduplication__tfidf__none__logistic_regression,deduplication,tfidf,,logistic_regression,2,DEV-LOCAL-V1-001228,DEV_EP_DD_098,NAO_DUPLICADO,NAO_DUPLICADO,NAO_DUPLICADO,True,True,0.9573064272360157,,,,,0.9573064272360157,0.04269357276398433
deduplication__tfidf__none__logistic_regression,deduplication,tfidf,,logistic_regression,2,DEV-LOCAL-V1-001134,DEV_EP_DD_083,DUPLICADO,DUPLICADO,DUPLICADO,True,True,0.9769626050334969,,,,,0.023037394966503144,0.9769626050334969
deduplication__tfidf__none__logistic_regression,deduplication,tfidf,,logistic_regression,2,DEV-LOCAL-V1-001135,DEV_EP_DD_083,DUPLICADO,DUPLICADO,DUPLICADO,True,True,0.9797863847970081,,,,,0.02021361520299192,0.9797863847970081
deduplication__tfidf__none__logistic_regression,deduplication,tfidf,,logistic_regression,2,DEV-LOCAL-V1-001136,DEV_EP_DD_083,DUPLICADO,DUPLICADO,DUPLICADO,True,True,0.9698512508040712,,,,,0.030148749195928803,0.9698512508040712
deduplication__tfidf__none__logistic_regression,deduplication,tfidf,,logistic_regression,2,DEV-LOCAL-V1-001137,DEV_EP_DD_083,DUPLICADO,DUPLICADO,DUPLICADO,True,True,0.9798046974812292,,,,,0.020195302518770775,0.9798046974812292
deduplication__tfidf__none__logistic_regression,deduplication,tfidf,,logistic_regression,2,DEV-LOCAL-V1-001138,DEV_EP_DD_083,DUPLICADO,DUPLICADO,DUPLICADO,True,True,0.9686826559754155,,,,,0.031317344024584526,0.9686826559754155
deduplication__tfidf__none__logistic_regression,deduplication,tfidf,,logistic_regression,2,DEV-LOCAL-V1-000720,DEV_EP_DD_014,NAO_DUPLICADO,NAO_DUPLICADO,NAO_DUPLICADO,True,True,0.9613851259107045,,,,,0.9613851259107045,0.038614874089295516
deduplication__tfidf__none__logistic_regression,deduplication,tfidf,,logistic_regression,2,DEV-LOCAL-V1-000721,DEV_EP_DD_014,NAO_DUPLICADO,NAO_DUPLICADO,NAO_DUPLICADO,True,True,0.9688727274961837,,,,,0.9688727274961837,0.031127272503816278
deduplication__tfidf__none__logistic_regression,deduplication,tfidf,,logistic_regression,2,DEV-LOCAL-V1-000722,DEV_EP_DD_014,NAO_DUPLICADO,NAO_DUPLICADO,NAO_DUPLICADO,True,True,0.9551285462052737,,,,,0.9551285462052737,0.04487145379472636
deduplication__tfidf__none__logistic_regression,deduplication,tfidf,,logistic_regression,2,DEV-LOCAL-V1-000723,DEV_EP_DD_014,NAO_DUPLICADO,NAO_DUPLICADO,NAO_DUPLICADO,True,True,0.968943749726824,,,,,0.968943749726824,0.031056250273176045
deduplication__tfidf__none__logistic_regression,deduplication,tfidf,,logistic_regression,2,DEV-LOCAL-V1-000724,DEV_EP_DD_014,NAO_DUPLICADO,NAO_DUPLICADO,NAO_DUPLICADO,True,True,0.9675587662006586,,,,,0.9675587662006586,0.03244123379934136
deduplication__tfidf__none__logistic_regression,deduplication,tfidf,,logistic_regression,2,DEV-LOCAL-V1-000912,DEV_EP_DD_046,NAO_DUPLICADO,NAO_DUPLICADO,NAO_DUPLICADO,True,True,0.995777254243104,,,,,0.995777254243104,0.0042227457568959305
deduplication__tfidf__none__logistic_regression,deduplication,tfidf,,logistic_regression,2,DEV-LOCAL-V1-000913,DEV_EP_DD_046,NAO_DUPLICADO,NAO_DUPLICADO,NAO_DUPLICADO,True,True,0.9951183816768211,,,,,0.9951183816768211,0.004881618323178851
deduplication__tfidf__none__logistic_regression,deduplication,tfidf,,logistic_regression,2,DEV-LOCAL-V1-000914,DEV_EP_DD_046,NAO_DUPLICADO,NAO_DUPLICADO,NAO_DUPLICADO,True,True,0.9942289912564413,,,,,0.9942289912564413,0.005771008743558789
deduplication__tfidf__none__logistic_regression,deduplication,tfidf,,logistic_regression,2,DEV-LOCAL-V1-000915,DEV_EP_DD_046,NAO_DUPLICADO,NAO_DUPLICADO,NAO_DUPLICADO,True,True,0.9936255616372176,,,,,0.9936255616372176,0.006374438362782416
deduplication__tfidf__none__logistic_regression,deduplication,tfidf,,logistic_regression,2,DEV-LOCAL-V1-000916,DEV_EP_DD_046,NAO_DUPLICADO,NAO_DUPLICADO,NAO_DUPLICADO,True,True,0.9937034985937118,,,,,0.9937034985937118,0.006296501406288196
deduplication__tfidf__none__logistic_regression,deduplication,tfidf,,logistic_regression,2,DEV-LOCAL-V1-001080,DEV_EP_DD_074,NAO_DUPLICADO,NAO_DUPLICADO,NAO_DUPLICADO,True,True,0.9692708915352702,,,,,0.9692708915352702,0.03072910846472976
deduplication__tfidf__none__logistic_regression,deduplication,tfidf,,logistic_regression,2,DEV-LOCAL-V1-001081,DEV_EP_DD_074,NAO_DUPLICADO,NAO_DUPLICADO,NAO_DUPLICADO,True,True,0.9786891176809724,,,,,0.9786891176809724,0.021310882319027526
deduplication__tfidf__none__logistic_regression,deduplication,tfidf,,logistic_regression,2,DEV-LOCAL-V1-001082,DEV_EP_DD_074,NAO_DUPLICADO,NAO_DUPLICADO,NAO_DUPLICADO,True,True,0.9666525296470069,,,,,0.9666525296470069,0.033347470352993104
deduplication__tfidf__none__logistic_regression,deduplication,tfidf,,logistic_regression,2,DEV-LOCAL-V1-001083,DEV_EP_DD_074,NAO_DUPLICADO,NAO_DUPLICADO,NAO_DUPLICADO,True,True,0.9749620822896691,,,,,0.9749620822896691,0.025037917710330898
deduplication__tfidf__none__logistic_regression,deduplication,tfidf,,logistic_regression,2,DEV-LOCAL-V1-001084,DEV_EP_DD_074,NAO_DUPLICADO,NAO_DUPLICADO,NAO_DUPLICADO,True,True,0.9690473416411953,,,,,0.9690473416411953,0.03095265835880471
deduplication__tfidf__none__logistic_regression,deduplication,tfidf,,logistic_regression,2,DEV-LOCAL-V1-000978,DEV_EP_DD_057,DUPLICADO,DUPLICADO,DUPLICADO,True,True,0.9745905464074714,,,,,0.025409453592528553,0.9745905464074714
deduplication__tfidf__none__logistic_regression,deduplication,tfidf,,logistic_regression,2,DEV-LOCAL-V1-000979,DEV_EP_DD_057,DUPLICADO,DUPLICADO,DUPLICADO,True,True,0.9743688996711174,,,,,0.025631100328882606,0.9743688996711174
deduplication__tfidf__none__logistic_regression,deduplication,tfidf,,logistic_regression,2,DEV-LOCAL-V1-000980,DEV_EP_DD_057,DUPLICADO,DUPLICADO,DUPLICADO,True,True,0.9734370165867019,,,,,0.026562983413298102,0.9734370165867019
deduplication__tfidf__none__logistic_regression,deduplication,tfidf,,logistic_regression,2,DEV-LOCAL-V1-000981,DEV_EP_DD_057,DUPLICADO,DUPLICADO,DUPLICADO,True,True,0.9759174070049086,,,,,0.024082592995091412,0.9759174070049086
deduplication__tfidf__none__logistic_regression,deduplication,tfidf,,logistic_regression,2,DEV-LOCAL-V1-000982,DEV_EP_DD_057,DUPLICADO,DUPLICADO,DUPLICADO,True,True,0.9773273960427233,,,,,0.02267260395727666,0.9773273960427233
deduplication__tfidf__none__logistic_regression,deduplication,tfidf,,logistic_regression,2,DEV-LOCAL-V1-000786,DEV_EP_DD_025,DUPLICADO,DUPLICADO,DUPLICADO,True,True,0.9745224666028146,,,,,0.025477533397185392,0.9745224666028146
deduplication__tfidf__none__logistic_regression,deduplication,tfidf,,logistic_regression,2,DEV-LOCAL-V1-000787,DEV_EP_DD_025,DUPLICADO,DUPLICADO,DUPLICADO,True,True,0.9701097274404018,,,,,0.029890272559598197,0.9701097274404018
deduplication__tfidf__none__logistic_regression,deduplication,tfidf,,logistic_regression,2,DEV-LOCAL-V1-000788,DEV_EP_DD_025,DUPLICADO,DUPLICADO,DUPLICADO,True,True,0.9694539146323844,,,,,0.030546085367615605,0.9694539146323844
deduplication__tfidf__none__logistic_regression,deduplication,tfidf,,logistic_regression,2,DEV-LOCAL-V1-000789,DEV_EP_DD_025,DUPLICADO,DUPLICADO,DUPLICADO,True,True,0.9713597928496684,,,,,0.028640207150331554,0.9713597928496684
deduplication__tfidf__none__logistic_regression,deduplication,tfidf,,logistic_regression,2,DEV-LOCAL-V1-000790,DEV_EP_DD_025,DUPLICADO,DUPLICADO,DUPLICADO,True,True,0.9609074660731423,,,,,0.03909253392685774,0.9609074660731423
deduplication__tfidf__none__logistic_regression,deduplication,tfidf,,logistic_regression,2,DEV-LOCAL-V1-001284,DEV_EP_DD_108,NAO_DUPLICADO,NAO_DUPLICADO,NAO_DUPLICADO,True,True,0.9915660375334607,,,,,0.9915660375334607,0.008433962466539243
deduplication__tfidf__none__logistic_regression,deduplication,tfidf,,logistic_regression,2,DEV-LOCAL-V1-001285,DEV_EP_DD_108,NAO_DUPLICADO,NAO_DUPLICADO,NAO_DUPLICADO,True,True,0.9945311286425732,,,,,0.9945311286425732,0.005468871357426742
deduplication__tfidf__none__logistic_regression,deduplication,tfidf,,logistic_regression,2,DEV-LOCAL-V1-001286,DEV_EP_DD_108,NAO_DUPLICADO,NAO_DUPLICADO,NAO_DUPLICADO,True,True,0.9941069693080146,,,,,0.9941069693080146,0.005893030691985465
deduplication__tfidf__none__logistic_regression,deduplication,tfidf,,logistic_regression,2,DEV-LOCAL-V1-001287,DEV_EP_DD_108,NAO_DUPLICADO,NAO_DUPLICADO,NAO_DUPLICADO,True,True,0.9935920275796224,,,,,0.9935920275796224,0.006407972420377578
deduplication__tfidf__none__logistic_regression,deduplication,tfidf,,logistic_regression,2,DEV-LOCAL-V1-001288,DEV_EP_DD_108,NAO_DUPLICADO,NAO_DUPLICADO,NAO_DUPLICADO,True,True,0.9919427855544523,,,,,0.9919427855544523,0.008057214445547706
deduplication__tfidf__none__logistic_regression,deduplication,tfidf,,logistic_regression,2,DEV-LOCAL-V1-000834,DEV_EP_DD_033,DUPLICADO,DUPLICADO,DUPLICADO,True,True,0.9758141966484225,,,,,0.024185803351577495,0.9758141966484225
deduplication__tfidf__none__logistic_regression,deduplication,tfidf,,logistic_regression,2,DEV-LOCAL-V1-000835,DEV_EP_DD_033,DUPLICADO,DUPLICADO,DUPLICADO,True,True,0.9766128648924248,,,,,0.023387135107575174,0.9766128648924248
deduplication__tfidf__none__logistic_regression,deduplication,tfidf,,logistic_regression,2,DEV-LOCAL-V1-000836,DEV_EP_DD_033,DUPLICADO,DUPLICADO,DUPLICADO,True,True,0.9678419328038435,,,,,0.03215806719615655,0.9678419328038435
deduplication__tfidf__none__logistic_regression,deduplication,tfidf,,logistic_regression,2,DEV-LOCAL-V1-000837,DEV_EP_DD_033,DUPLICADO,DUPLICADO,DUPLICADO,True,True,0.9733710723670479,,,,,0.026628927632952104,0.9733710723670479
deduplication__tfidf__none__logistic_regression,deduplication,tfidf,,logistic_regression,2,DEV-LOCAL-V1-000838,DEV_EP_DD_033,DUPLICADO,DUPLICADO,DUPLICADO,True,True,0.9735624907620581,,,,,0.02643750923794186,0.9735624907620581
deduplication__tfidf__none__logistic_regression,deduplication,tfidf,,logistic_regression,2,DEV-LOCAL-V1-001110,DEV_EP_DD_079,DUPLICADO,DUPLICADO,DUPLICADO,True,True,0.9897732533237598,,,,,0.01022674667624024,0.9897732533237598
deduplication__tfidf__none__logistic_regression,deduplication,tfidf,,logistic_regression,2,DEV-LOCAL-V1-001111,DEV_EP_DD_079,DUPLICADO,DUPLICADO,DUPLICADO,True,True,0.9897983918947562,,,,,0.010201608105243842,0.9897983918947562
deduplication__tfidf__none__logistic_regression,deduplication,tfidf,,logistic_regression,2,DEV-LOCAL-V1-001112,DEV_EP_DD_079,DUPLICADO,DUPLICADO,DUPLICADO,True,True,0.9882640287145796,,,,,0.011735971285420366,0.9882640287145796
deduplication__tfidf__none__logistic_regression,deduplication,tfidf,,logistic_regression,2,DEV-LOCAL-V1-001113,DEV_EP_DD_079,DUPLICADO,DUPLICADO,DUPLICADO,True,True,0.986511997692161,,,,,0.013488002307838975,0.986511997692161
deduplication__tfidf__none__logistic_regression,deduplication,tfidf,,logistic_regression,2,DEV-LOCAL-V1-001114,DEV_EP_DD_079,DUPLICADO,DUPLICADO,DUPLICADO,True,True,0.9871359792841969,,,,,0.01286402071580306,0.9871359792841969
deduplication__tfidf__none__logistic_regression,deduplication,tfidf,,logistic_regression,2,DEV-LOCAL-V1-001032,DEV_EP_DD_066,NAO_DUPLICADO,NAO_DUPLICADO,NAO_DUPLICADO,True,True,0.9927435823498982,,,,,0.9927435823498982,0.007256417650101787
deduplication__tfidf__none__logistic_regression,deduplication,tfidf,,logistic_regression,2,DEV-LOCAL-V1-001033,DEV_EP_DD_066,NAO_DUPLICADO,NAO_DUPLICADO,NAO_DUPLICADO,True,True,0.9907178053196958,,,,,0.9907178053196958,0.009282194680304206
deduplication__tfidf__none__logistic_regression,deduplication,tfidf,,logistic_regression,2,DEV-LOCAL-V1-001034,DEV_EP_DD_066,NAO_DUPLICADO,NAO_DUPLICADO,NAO_DUPLICADO,True,True,0.988762126379594,,,,,0.988762126379594,0.011237873620405972
deduplication__tfidf__none__logistic_regression,deduplication,tfidf,,logistic_regression,2,DEV-LOCAL-V1-001035,DEV_EP_DD_066,NAO_DUPLICADO,NAO_DUPLICADO,NAO_DUPLICADO,True,True,0.9912204021434204,,,,,0.9912204021434204,0.008779597856579505
deduplication__tfidf__none__logistic_regression,deduplication,tfidf,,logistic_regression,2,DEV-LOCAL-V1-001036,DEV_EP_DD_066,NAO_DUPLICADO,NAO_DUPLICADO,NAO_DUPLICADO,True,True,0.9898414564477569,,,,,0.9898414564477569,0.010158543552243068
deduplication__tfidf__none__logistic_regression,deduplication,tfidf,,logistic_regression,2,DEV-LOCAL-V1-000654,DEV_EP_DD_003,DUPLICADO,DUPLICADO,DUPLICADO,True,True,0.9905051464491353,,,,,0.009494853550864657,0.9905051464491353
deduplication__tfidf__none__logistic_regression,deduplication,tfidf,,logistic_regression,2,DEV-LOCAL-V1-000655,DEV_EP_DD_003,DUPLICADO,DUPLICADO,DUPLICADO,True,True,0.9891544636359202,,,,,0.01084553636407981,0.9891544636359202
deduplication__tfidf__none__logistic_regression,deduplication,tfidf,,logistic_regression,2,DEV-LOCAL-V1-000656,DEV_EP_DD_003,DUPLICADO,DUPLICADO,DUPLICADO,True,True,0.9860753340444086,,,,,0.013924665955591387,0.9860753340444086
deduplication__tfidf__none__logistic_regression,deduplication,tfidf,,logistic_regression,2,DEV-LOCAL-V1-000657,DEV_EP_DD_003,DUPLICADO,DUPLICADO,DUPLICADO,True,True,0.9915196601727637,,,,,0.008480339827236283,0.9915196601727637
deduplication__tfidf__none__logistic_regression,deduplication,tfidf,,logistic_regression,2,DEV-LOCAL-V1-000658,DEV_EP_DD_003,DUPLICADO,DUPLICADO,DUPLICADO,True,True,0.9876681182744182,,,,,0.01233188172558175,0.9876681182744182
deduplication__tfidf__none__logistic_regression,deduplication,tfidf,,logistic_regression,2,DEV-LOCAL-V1-000756,DEV_EP_DD_020,NAO_DUPLICADO,NAO_DUPLICADO,NAO_DUPLICADO,True,True,0.990100646161719,,,,,0.990100646161719,0.009899353838281031
deduplication__tfidf__none__logistic_regression,deduplication,tfidf,,logistic_regression,2,DEV-LOCAL-V1-000757,DEV_EP_DD_020,NAO_DUPLICADO,NAO_DUPLICADO,NAO_DUPLICADO,True,True,0.9941133469887019,,,,,0.9941133469887019,0.005886653011298077
deduplication__tfidf__none__logistic_regression,deduplication,tfidf,,logistic_regression,2,DEV-LOCAL-V1-000758,DEV_EP_DD_020,NAO_DUPLICADO,NAO_DUPLICADO,NAO_DUPLICADO,True,True,0.9906431435472598,,,,,0.9906431435472598,0.009356856452740198
deduplication__tfidf__none__logistic_regression,deduplication,tfidf,,logistic_regression,2,DEV-LOCAL-V1-000759,DEV_EP_DD_020,NAO_DUPLICADO,NAO_DUPLICADO,NAO_DUPLICADO,True,True,0.9916694430508199,,,,,0.9916694430508199,0.00833055694918009
deduplication__tfidf__none__logistic_regression,deduplication,tfidf,,logistic_regression,2,DEV-LOCAL-V1-000760,DEV_EP_DD_020,NAO_DUPLICADO,NAO_DUPLICADO,NAO_DUPLICADO,True,True,0.9890993067366309,,,,,0.9890993067366309,0.010900693263369073
deduplication__tfidf__none__logistic_regression,deduplication,tfidf,,logistic_regression,2,DEV-LOCAL-V1-001260,DEV_EP_DD_104,NAO_DUPLICADO,NAO_DUPLICADO,NAO_DUPLICADO,True,True,0.9937219906848664,,,,,0.9937219906848664,0.006278009315133524
deduplication__tfidf__none__logistic_regression,deduplication,tfidf,,logistic_regression,2,DEV-LOCAL-V1-001261,DEV_EP_DD_104,NAO_DUPLICADO,NAO_DUPLICADO,NAO_DUPLICADO,True,True,0.9964738233825755,,,,,0.9964738233825755,0.0035261766174245327
deduplication__tfidf__none__logistic_regression,deduplication,tfidf,,logistic_regression,2,DEV-LOCAL-V1-001262,DEV_EP_DD_104,NAO_DUPLICADO,NAO_DUPLICADO,NAO_DUPLICADO,True,True,0.9937540941291769,,,,,0.9937540941291769,0.006245905870823066
deduplication__tfidf__none__logistic_regression,deduplication,tfidf,,logistic_regression,2,DEV-LOCAL-V1-001263,DEV_EP_DD_104,NAO_DUPLICADO,NAO_DUPLICADO,NAO_DUPLICADO,True,True,0.9944118397114526,,,,,0.9944118397114526,0.005588160288547358
deduplication__tfidf__none__logistic_regression,deduplication,tfidf,,logistic_regression,2,DEV-LOCAL-V1-001264,DEV_EP_DD_104,NAO_DUPLICADO,NAO_DUPLICADO,NAO_DUPLICADO,True,True,0.9918993644667069,,,,,0.9918993644667069,0.00810063553329315
deduplication__tfidf__none__logistic_regression,deduplication,tfidf,,logistic_regression,2,DEV-LOCAL-V1-000906,DEV_EP_DD_045,DUPLICADO,DUPLICADO,DUPLICADO,True,True,0.9733204659367048,,,,,0.02667953406329515,0.9733204659367048
deduplication__tfidf__none__logistic_regression,deduplication,tfidf,,logistic_regression,2,DEV-LOCAL-V1-000907,DEV_EP_DD_045,DUPLICADO,DUPLICADO,DUPLICADO,True,True,0.974417269971434,,,,,0.025582730028566036,0.974417269971434
deduplication__tfidf__none__logistic_regression,deduplication,tfidf,,logistic_regression,2,DEV-LOCAL-V1-000908,DEV_EP_DD_045,DUPLICADO,DUPLICADO,DUPLICADO,True,True,0.9735791394282173,,,,,0.026420860571782723,0.9735791394282173
deduplication__tfidf__none__logistic_regression,deduplication,tfidf,,logistic_regression,2,DEV-LOCAL-V1-000909,DEV_EP_DD_045,DUPLICADO,DUPLICADO,DUPLICADO,True,True,0.9683770256698343,,,,,0.0316229743301657,0.9683770256698343
deduplication__tfidf__none__logistic_regression,deduplication,tfidf,,logistic_regression,2,DEV-LOCAL-V1-000910,DEV_EP_DD_045,DUPLICADO,DUPLICADO,DUPLICADO,True,True,0.9566872724590195,,,,,0.04331272754098048,0.9566872724590195
deduplication__tfidf__none__logistic_regression,deduplication,tfidf,,logistic_regression,2,DEV-LOCAL-V1-000954,DEV_EP_DD_053,DUPLICADO,DUPLICADO,DUPLICADO,True,True,0.9896381490940998,,,,,0.01036185090590025,0.9896381490940998
deduplication__tfidf__none__logistic_regression,deduplication,tfidf,,logistic_regression,2,DEV-LOCAL-V1-000955,DEV_EP_DD_053,DUPLICADO,DUPLICADO,DUPLICADO,True,True,0.9914706480551366,,,,,0.008529351944863373,0.9914706480551366
deduplication__tfidf__none__logistic_regression,deduplication,tfidf,,logistic_regression,2,DEV-LOCAL-V1-000956,DEV_EP_DD_053,DUPLICADO,DUPLICADO,DUPLICADO,True,True,0.986238021862816,,,,,0.01376197813718405,0.986238021862816
deduplication__tfidf__none__logistic_regression,deduplication,tfidf,,logistic_regression,2,DEV-LOCAL-V1-000957,DEV_EP_DD_053,DUPLICADO,DUPLICADO,DUPLICADO,True,True,0.9878178065955733,,,,,0.012182193404426722,0.9878178065955733
deduplication__tfidf__none__logistic_regression,deduplication,tfidf,,logistic_regression,2,DEV-LOCAL-V1-000958,DEV_EP_DD_053,DUPLICADO,DUPLICADO,DUPLICADO,True,True,0.9859642863462704,,,,,0.014035713653729576,0.9859642863462704
deduplication__tfidf__none__logistic_regression,deduplication,tfidf,,logistic_regression,2,DEV-LOCAL-V1-000804,DEV_EP_DD_028,NAO_DUPLICADO,NAO_DUPLICADO,NAO_DUPLICADO,True,True,0.9558713387635216,,,,,0.9558713387635216,0.044128661236478454
deduplication__tfidf__none__logistic_regression,deduplication,tfidf,,logistic_regression,2,DEV-LOCAL-V1-000805,DEV_EP_DD_028,NAO_DUPLICADO,NAO_DUPLICADO,NAO_DUPLICADO,True,True,0.9699638040420866,,,,,0.9699638040420866,0.030036195957913348
deduplication__tfidf__none__logistic_regression,deduplication,tfidf,,logistic_regression,2,DEV-LOCAL-V1-000806,DEV_EP_DD_028,NAO_DUPLICADO,NAO_DUPLICADO,NAO_DUPLICADO,True,True,0.9646342214160325,,,,,0.9646342214160325,0.03536577858396747
deduplication__tfidf__none__logistic_regression,deduplication,tfidf,,logistic_regression,2,DEV-LOCAL-V1-000807,DEV_EP_DD_028,NAO_DUPLICADO,NAO_DUPLICADO,NAO_DUPLICADO,True,True,0.9624475439383786,,,,,0.9624475439383786,0.037552456061621345
deduplication__tfidf__none__logistic_regression,deduplication,tfidf,,logistic_regression,2,DEV-LOCAL-V1-000808,DEV_EP_DD_028,NAO_DUPLICADO,NAO_DUPLICADO,NAO_DUPLICADO,True,True,0.9549924600811734,,,,,0.9549924600811734,0.0450075399188266
deduplication__tfidf__none__logistic_regression,deduplication,tfidf,,logistic_regression,2,DEV-LOCAL-V1-001182,DEV_EP_DD_091,DUPLICADO,DUPLICADO,DUPLICADO,True,True,0.9836905038089122,,,,,0.01630949619108779,0.9836905038089122
deduplication__tfidf__none__logistic_regression,deduplication,tfidf,,logistic_regression,2,DEV-LOCAL-V1-001183,DEV_EP_DD_091,DUPLICADO,DUPLICADO,DUPLICADO,True,True,0.9888760298121558,,,,,0.011123970187844168,0.9888760298121558
deduplication__tfidf__none__logistic_regression,deduplication,tfidf,,logistic_regression,2,DEV-LOCAL-V1-001184,DEV_EP_DD_091,DUPLICADO,DUPLICADO,DUPLICADO,True,True,0.9879826064609591,,,,,0.012017393539040855,0.9879826064609591
deduplication__tfidf__none__logistic_regression,deduplication,tfidf,,logistic_regression,2,DEV-LOCAL-V1-001185,DEV_EP_DD_091,DUPLICADO,DUPLICADO,DUPLICADO,True,True,0.9903874645317811,,,,,0.009612535468218941,0.9903874645317811
deduplication__tfidf__none__logistic_regression,deduplication,tfidf,,logistic_regression,2,DEV-LOCAL-V1-001186,DEV_EP_DD_091,DUPLICADO,DUPLICADO,DUPLICADO,True,True,0.9842217638207966,,,,,0.015778236179203375,0.9842217638207966
deduplication__tfidf__none__logistic_regression,deduplication,tfidf,,logistic_regression,3,DEV-LOCAL-V1-000660,DEV_EP_DD_004,NAO_DUPLICADO,NAO_DUPLICADO,NAO_DUPLICADO,True,True,0.9845165950479381,,,,,0.9845165950479381,0.015483404952061892
deduplication__tfidf__none__logistic_regression,deduplication,tfidf,,logistic_regression,3,DEV-LOCAL-V1-000661,DEV_EP_DD_004,NAO_DUPLICADO,NAO_DUPLICADO,NAO_DUPLICADO,True,True,0.9832902296457876,,,,,0.9832902296457876,0.016709770354212432
deduplication__tfidf__none__logistic_regression,deduplication,tfidf,,logistic_regression,3,DEV-LOCAL-V1-000662,DEV_EP_DD_004,NAO_DUPLICADO,NAO_DUPLICADO,NAO_DUPLICADO,True,True,0.9805730468383326,,,,,0.9805730468383326,0.019426953161667444
deduplication__tfidf__none__logistic_regression,deduplication,tfidf,,logistic_regression,3,DEV-LOCAL-V1-000663,DEV_EP_DD_004,NAO_DUPLICADO,NAO_DUPLICADO,NAO_DUPLICADO,True,True,0.9834298678513468,,,,,0.9834298678513468,0.016570132148653213
deduplication__tfidf__none__logistic_regression,deduplication,tfidf,,logistic_regression,3,DEV-LOCAL-V1-000664,DEV_EP_DD_004,NAO_DUPLICADO,NAO_DUPLICADO,NAO_DUPLICADO,True,True,0.9768136108732698,,,,,0.9768136108732698,0.023186389126730208
deduplication__tfidf__none__logistic_regression,deduplication,tfidf,,logistic_regression,3,DEV-LOCAL-V1-001140,DEV_EP_DD_084,NAO_DUPLICADO,NAO_DUPLICADO,NAO_DUPLICADO,True,True,0.9912489919292076,,,,,0.9912489919292076,0.008751008070792484
deduplication__tfidf__none__logistic_regression,deduplication,tfidf,,logistic_regression,3,DEV-LOCAL-V1-001141,DEV_EP_DD_084,NAO_DUPLICADO,NAO_DUPLICADO,NAO_DUPLICADO,True,True,0.9921043383113051,,,,,0.9921043383113051,0.007895661688694938
deduplication__tfidf__none__logistic_regression,deduplication,tfidf,,logistic_regression,3,DEV-LOCAL-V1-001142,DEV_EP_DD_084,NAO_DUPLICADO,NAO_DUPLICADO,NAO_DUPLICADO,True,True,0.989342042571255,,,,,0.989342042571255,0.010657957428744966
deduplication__tfidf__none__logistic_regression,deduplication,tfidf,,logistic_regression,3,DEV-LOCAL-V1-001143,DEV_EP_DD_084,NAO_DUPLICADO,NAO_DUPLICADO,NAO_DUPLICADO,True,True,0.9902295693754526,,,,,0.9902295693754526,0.009770430624547405
deduplication__tfidf__none__logistic_regression,deduplication,tfidf,,logistic_regression,3,DEV-LOCAL-V1-001144,DEV_EP_DD_084,NAO_DUPLICADO,NAO_DUPLICADO,NAO_DUPLICADO,True,True,0.9882751055692321,,,,,0.9882751055692321,0.011724894430767853
deduplication__tfidf__none__logistic_regression,deduplication,tfidf,,logistic_regression,3,DEV-LOCAL-V1-000702,DEV_EP_DD_011,DUPLICADO,DUPLICADO,DUPLICADO,True,True,0.969449276137324,,,,,0.030550723862675988,0.969449276137324
deduplication__tfidf__none__logistic_regression,deduplication,tfidf,,logistic_regression,3,DEV-LOCAL-V1-000703,DEV_EP_DD_011,DUPLICADO,DUPLICADO,DUPLICADO,True,True,0.9710642612426904,,,,,0.028935738757309593,0.9710642612426904
deduplication__tfidf__none__logistic_regression,deduplication,tfidf,,logistic_regression,3,DEV-LOCAL-V1-000704,DEV_EP_DD_011,DUPLICADO,DUPLICADO,DUPLICADO,True,True,0.9672017578188654,,,,,0.032798242181134585,0.9672017578188654
deduplication__tfidf__none__logistic_regression,deduplication,tfidf,,logistic_regression,3,DEV-LOCAL-V1-000705,DEV_EP_DD_011,DUPLICADO,DUPLICADO,DUPLICADO,True,True,0.9687451542672102,,,,,0.031254845732789804,0.9687451542672102
deduplication__tfidf__none__logistic_regression,deduplication,tfidf,,logistic_regression,3,DEV-LOCAL-V1-000706,DEV_EP_DD_011,DUPLICADO,DUPLICADO,DUPLICADO,True,True,0.9584940835643511,,,,,0.04150591643564894,0.9584940835643511
deduplication__tfidf__none__logistic_regression,deduplication,tfidf,,logistic_regression,3,DEV-LOCAL-V1-000924,DEV_EP_DD_048,NAO_DUPLICADO,NAO_DUPLICADO,NAO_DUPLICADO,True,True,0.9877445594947072,,,,,0.9877445594947072,0.012255440505292788
deduplication__tfidf__none__logistic_regression,deduplication,tfidf,,logistic_regression,3,DEV-LOCAL-V1-000925,DEV_EP_DD_048,NAO_DUPLICADO,NAO_DUPLICADO,NAO_DUPLICADO,True,True,0.9892813626489293,,,,,0.9892813626489293,0.010718637351070686
deduplication__tfidf__none__logistic_regression,deduplication,tfidf,,logistic_regression,3,DEV-LOCAL-V1-000926,DEV_EP_DD_048,NAO_DUPLICADO,NAO_DUPLICADO,NAO_DUPLICADO,True,True,0.9883549141153817,,,,,0.9883549141153817,0.011645085884618359
deduplication__tfidf__none__logistic_regression,deduplication,tfidf,,logistic_regression,3,DEV-LOCAL-V1-000927,DEV_EP_DD_048,NAO_DUPLICADO,NAO_DUPLICADO,NAO_DUPLICADO,True,True,0.98884551290138,,,,,0.98884551290138,0.011154487098620037
deduplication__tfidf__none__logistic_regression,deduplication,tfidf,,logistic_regression,3,DEV-LOCAL-V1-000928,DEV_EP_DD_048,NAO_DUPLICADO,NAO_DUPLICADO,NAO_DUPLICADO,True,True,0.9838404486522644,,,,,0.9838404486522644,0.01615955134773557
deduplication__tfidf__none__logistic_regression,deduplication,tfidf,,logistic_regression,3,DEV-LOCAL-V1-001116,DEV_EP_DD_080,NAO_DUPLICADO,NAO_DUPLICADO,NAO_DUPLICADO,True,True,0.9843329110093206,,,,,0.9843329110093206,0.015667088990679347
deduplication__tfidf__none__logistic_regression,deduplication,tfidf,,logistic_regression,3,DEV-LOCAL-V1-001117,DEV_EP_DD_080,NAO_DUPLICADO,NAO_DUPLICADO,NAO_DUPLICADO,True,True,0.9863234432040322,,,,,0.9863234432040322,0.013676556795967819
deduplication__tfidf__none__logistic_regression,deduplication,tfidf,,logistic_regression,3,DEV-LOCAL-V1-001118,DEV_EP_DD_080,NAO_DUPLICADO,NAO_DUPLICADO,NAO_DUPLICADO,True,True,0.979924234203874,,,,,0.979924234203874,0.020075765796126056
deduplication__tfidf__none__logistic_regression,deduplication,tfidf,,logistic_regression,3,DEV-LOCAL-V1-001119,DEV_EP_DD_080,NAO_DUPLICADO,NAO_DUPLICADO,NAO_DUPLICADO,True,True,0.9821526738427333,,,,,0.9821526738427333,0.017847326157266644
deduplication__tfidf__none__logistic_regression,deduplication,tfidf,,logistic_regression,3,DEV-LOCAL-V1-001120,DEV_EP_DD_080,NAO_DUPLICADO,NAO_DUPLICADO,NAO_DUPLICADO,True,True,0.9802107429051362,,,,,0.9802107429051362,0.0197892570948638
deduplication__tfidf__none__logistic_regression,deduplication,tfidf,,logistic_regression,3,DEV-LOCAL-V1-000840,DEV_EP_DD_034,NAO_DUPLICADO,NAO_DUPLICADO,NAO_DUPLICADO,True,True,0.9901729674760568,,,,,0.9901729674760568,0.00982703252394324
deduplication__tfidf__none__logistic_regression,deduplication,tfidf,,logistic_regression,3,DEV-LOCAL-V1-000841,DEV_EP_DD_034,NAO_DUPLICADO,NAO_DUPLICADO,NAO_DUPLICADO,True,True,0.9907101439606657,,,,,0.9907101439606657,0.00928985603933432
deduplication__tfidf__none__logistic_regression,deduplication,tfidf,,logistic_regression,3,DEV-LOCAL-V1-000842,DEV_EP_DD_034,NAO_DUPLICADO,NAO_DUPLICADO,NAO_DUPLICADO,True,True,0.9871466431574462,,,,,0.9871466431574462,0.012853356842553884
deduplication__tfidf__none__logistic_regression,deduplication,tfidf,,logistic_regression,3,DEV-LOCAL-V1-000843,DEV_EP_DD_034,NAO_DUPLICADO,NAO_DUPLICADO,NAO_DUPLICADO,True,True,0.9896469763480074,,,,,0.9896469763480074,0.010353023651992657
deduplication__tfidf__none__logistic_regression,deduplication,tfidf,,logistic_regression,3,DEV-LOCAL-V1-000844,DEV_EP_DD_034,NAO_DUPLICADO,NAO_DUPLICADO,NAO_DUPLICADO,True,True,0.9843793760763254,,,,,0.9843793760763254,0.015620623923674583
deduplication__tfidf__none__logistic_regression,deduplication,tfidf,,logistic_regression,3,DEV-LOCAL-V1-000990,DEV_EP_DD_059,DUPLICADO,DUPLICADO,DUPLICADO,True,True,0.9701042362179517,,,,,0.02989576378204828,0.9701042362179517
deduplication__tfidf__none__logistic_regression,deduplication,tfidf,,logistic_regression,3,DEV-LOCAL-V1-000991,DEV_EP_DD_059,DUPLICADO,DUPLICADO,DUPLICADO,True,True,0.9793653235648864,,,,,0.02063467643511363,0.9793653235648864
deduplication__tfidf__none__logistic_regression,deduplication,tfidf,,logistic_regression,3,DEV-LOCAL-V1-000992,DEV_EP_DD_059,DUPLICADO,DUPLICADO,DUPLICADO,True,True,0.9706247010413923,,,,,0.029375298958607687,0.9706247010413923
deduplication__tfidf__none__logistic_regression,deduplication,tfidf,,logistic_regression,3,DEV-LOCAL-V1-000993,DEV_EP_DD_059,DUPLICADO,DUPLICADO,DUPLICADO,True,True,0.9752605412582942,,,,,0.0247394587417058,0.9752605412582942
deduplication__tfidf__none__logistic_regression,deduplication,tfidf,,logistic_regression,3,DEV-LOCAL-V1-000994,DEV_EP_DD_059,DUPLICADO,DUPLICADO,DUPLICADO,True,True,0.9676176993688002,,,,,0.032382300631199845,0.9676176993688002
deduplication__tfidf__none__logistic_regression,deduplication,tfidf,,logistic_regression,3,DEV-LOCAL-V1-000816,DEV_EP_DD_030,NAO_DUPLICADO,NAO_DUPLICADO,NAO_DUPLICADO,True,True,0.978174840705409,,,,,0.978174840705409,0.021825159294590932
deduplication__tfidf__none__logistic_regression,deduplication,tfidf,,logistic_regression,3,DEV-LOCAL-V1-000817,DEV_EP_DD_030,NAO_DUPLICADO,NAO_DUPLICADO,NAO_DUPLICADO,True,True,0.978412202173642,,,,,0.978412202173642,0.021587797826358036
deduplication__tfidf__none__logistic_regression,deduplication,tfidf,,logistic_regression,3,DEV-LOCAL-V1-000818,DEV_EP_DD_030,NAO_DUPLICADO,NAO_DUPLICADO,NAO_DUPLICADO,True,True,0.9726958965331426,,,,,0.9726958965331426,0.027304103466857403
deduplication__tfidf__none__logistic_regression,deduplication,tfidf,,logistic_regression,3,DEV-LOCAL-V1-000819,DEV_EP_DD_030,NAO_DUPLICADO,NAO_DUPLICADO,NAO_DUPLICADO,True,True,0.9756489519498905,,,,,0.9756489519498905,0.02435104805010946
deduplication__tfidf__none__logistic_regression,deduplication,tfidf,,logistic_regression,3,DEV-LOCAL-V1-000820,DEV_EP_DD_030,NAO_DUPLICADO,NAO_DUPLICADO,NAO_DUPLICADO,True,True,0.9695901771251403,,,,,0.9695901771251403,0.030409822874859722
deduplication__tfidf__none__logistic_regression,deduplication,tfidf,,logistic_regression,3,DEV-LOCAL-V1-001266,DEV_EP_DD_105,DUPLICADO,DUPLICADO,DUPLICADO,True,True,0.9718303838262946,,,,,0.028169616173705392,0.9718303838262946
deduplication__tfidf__none__logistic_regression,deduplication,tfidf,,logistic_regression,3,DEV-LOCAL-V1-001267,DEV_EP_DD_105,DUPLICADO,DUPLICADO,DUPLICADO,True,True,0.9807105068662465,,,,,0.0192894931337535,0.9807105068662465
deduplication__tfidf__none__logistic_regression,deduplication,tfidf,,logistic_regression,3,DEV-LOCAL-V1-001268,DEV_EP_DD_105,DUPLICADO,DUPLICADO,DUPLICADO,True,True,0.9762208066753214,,,,,0.023779193324678594,0.9762208066753214
deduplication__tfidf__none__logistic_regression,deduplication,tfidf,,logistic_regression,3,DEV-LOCAL-V1-001269,DEV_EP_DD_105,DUPLICADO,DUPLICADO,DUPLICADO,True,True,0.977869104591386,,,,,0.022130895408614015,0.977869104591386
deduplication__tfidf__none__logistic_regression,deduplication,tfidf,,logistic_regression,3,DEV-LOCAL-V1-001270,DEV_EP_DD_105,DUPLICADO,DUPLICADO,DUPLICADO,True,True,0.971627337819625,,,,,0.02837266218037504,0.971627337819625
deduplication__tfidf__none__logistic_regression,deduplication,tfidf,,logistic_regression,3,DEV-LOCAL-V1-000762,DEV_EP_DD_021,DUPLICADO,DUPLICADO,DUPLICADO,True,True,0.9765581646520187,,,,,0.023441835347981277,0.9765581646520187
deduplication__tfidf__none__logistic_regression,deduplication,tfidf,,logistic_regression,3,DEV-LOCAL-V1-000763,DEV_EP_DD_021,DUPLICADO,DUPLICADO,DUPLICADO,True,True,0.9821255660891436,,,,,0.017874433910856413,0.9821255660891436
deduplication__tfidf__none__logistic_regression,deduplication,tfidf,,logistic_regression,3,DEV-LOCAL-V1-000764,DEV_EP_DD_021,DUPLICADO,DUPLICADO,DUPLICADO,True,True,0.9782477444620413,,,,,0.021752255537958676,0.9782477444620413
deduplication__tfidf__none__logistic_regression,deduplication,tfidf,,logistic_regression,3,DEV-LOCAL-V1-000765,DEV_EP_DD_021,DUPLICADO,DUPLICADO,DUPLICADO,True,True,0.9803459308221633,,,,,0.01965406917783674,0.9803459308221633
deduplication__tfidf__none__logistic_regression,deduplication,tfidf,,logistic_regression,3,DEV-LOCAL-V1-000766,DEV_EP_DD_021,DUPLICADO,DUPLICADO,DUPLICADO,True,True,0.9738486761861352,,,,,0.026151323813864757,0.9738486761861352
deduplication__tfidf__none__logistic_regression,deduplication,tfidf,,logistic_regression,3,DEV-LOCAL-V1-001038,DEV_EP_DD_067,DUPLICADO,DUPLICADO,DUPLICADO,True,True,0.993877346936539,,,,,0.006122653063461048,0.993877346936539
deduplication__tfidf__none__logistic_regression,deduplication,tfidf,,logistic_regression,3,DEV-LOCAL-V1-001039,DEV_EP_DD_067,DUPLICADO,DUPLICADO,DUPLICADO,True,True,0.9950180355504392,,,,,0.004981964449560783,0.9950180355504392
deduplication__tfidf__none__logistic_regression,deduplication,tfidf,,logistic_regression,3,DEV-LOCAL-V1-001040,DEV_EP_DD_067,DUPLICADO,DUPLICADO,DUPLICADO,True,True,0.993551425027098,,,,,0.006448574972901966,0.993551425027098
deduplication__tfidf__none__logistic_regression,deduplication,tfidf,,logistic_regression,3,DEV-LOCAL-V1-001041,DEV_EP_DD_067,DUPLICADO,DUPLICADO,DUPLICADO,True,True,0.9945780094003979,,,,,0.005421990599602133,0.9945780094003979
deduplication__tfidf__none__logistic_regression,deduplication,tfidf,,logistic_regression,3,DEV-LOCAL-V1-001042,DEV_EP_DD_067,DUPLICADO,DUPLICADO,DUPLICADO,True,True,0.9920417261879262,,,,,0.007958273812073813,0.9920417261879262
deduplication__tfidf__none__logistic_regression,deduplication,tfidf,,logistic_regression,3,DEV-LOCAL-V1-001296,DEV_EP_DD_110,NAO_DUPLICADO,NAO_DUPLICADO,NAO_DUPLICADO,True,True,0.9741206679228556,,,,,0.9741206679228556,0.02587933207714438
deduplication__tfidf__none__logistic_regression,deduplication,tfidf,,logistic_regression,3,DEV-LOCAL-V1-001297,DEV_EP_DD_110,NAO_DUPLICADO,NAO_DUPLICADO,NAO_DUPLICADO,True,True,0.9799973773279868,,,,,0.9799973773279868,0.020002622672013224
deduplication__tfidf__none__logistic_regression,deduplication,tfidf,,logistic_regression,3,DEV-LOCAL-V1-001298,DEV_EP_DD_110,NAO_DUPLICADO,NAO_DUPLICADO,NAO_DUPLICADO,True,True,0.9723590596342293,,,,,0.9723590596342293,0.02764094036577074
deduplication__tfidf__none__logistic_regression,deduplication,tfidf,,logistic_regression,3,DEV-LOCAL-V1-001299,DEV_EP_DD_110,NAO_DUPLICADO,NAO_DUPLICADO,NAO_DUPLICADO,True,True,0.9746537398750574,,,,,0.9746537398750574,0.025346260124942586
deduplication__tfidf__none__logistic_regression,deduplication,tfidf,,logistic_regression,3,DEV-LOCAL-V1-001300,DEV_EP_DD_110,NAO_DUPLICADO,NAO_DUPLICADO,NAO_DUPLICADO,True,True,0.9724365338919368,,,,,0.9724365338919368,0.027563466108063116
deduplication__tfidf__none__logistic_regression,deduplication,tfidf,,logistic_regression,3,DEV-LOCAL-V1-001074,DEV_EP_DD_073,DUPLICADO,DUPLICADO,DUPLICADO,True,True,0.9813246800486172,,,,,0.01867531995138283,0.9813246800486172
deduplication__tfidf__none__logistic_regression,deduplication,tfidf,,logistic_regression,3,DEV-LOCAL-V1-001075,DEV_EP_DD_073,DUPLICADO,DUPLICADO,DUPLICADO,True,True,0.9856878481471684,,,,,0.014312151852831634,0.9856878481471684
deduplication__tfidf__none__logistic_regression,deduplication,tfidf,,logistic_regression,3,DEV-LOCAL-V1-001076,DEV_EP_DD_073,DUPLICADO,DUPLICADO,DUPLICADO,True,True,0.9816735027260377,,,,,0.018326497273962294,0.9816735027260377
deduplication__tfidf__none__logistic_regression,deduplication,tfidf,,logistic_regression,3,DEV-LOCAL-V1-001077,DEV_EP_DD_073,DUPLICADO,DUPLICADO,DUPLICADO,True,True,0.9858387931332673,,,,,0.014161206866732723,0.9858387931332673
deduplication__tfidf__none__logistic_regression,deduplication,tfidf,,logistic_regression,3,DEV-LOCAL-V1-001078,DEV_EP_DD_073,DUPLICADO,DUPLICADO,DUPLICADO,True,True,0.9819986440390985,,,,,0.018001355960901466,0.9819986440390985
deduplication__tfidf__none__logistic_regression,deduplication,tfidf,,logistic_regression,3,DEV-LOCAL-V1-001302,DEV_EP_DD_111,DUPLICADO,DUPLICADO,DUPLICADO,True,True,0.9884258558734472,,,,,0.011574144126552777,0.9884258558734472
deduplication__tfidf__none__logistic_regression,deduplication,tfidf,,logistic_regression,3,DEV-LOCAL-V1-001303,DEV_EP_DD_111,DUPLICADO,DUPLICADO,DUPLICADO,True,True,0.9901195675668519,,,,,0.009880432433148068,0.9901195675668519
deduplication__tfidf__none__logistic_regression,deduplication,tfidf,,logistic_regression,3,DEV-LOCAL-V1-001304,DEV_EP_DD_111,DUPLICADO,DUPLICADO,DUPLICADO,True,True,0.9892297548171516,,,,,0.010770245182848415,0.9892297548171516
deduplication__tfidf__none__logistic_regression,deduplication,tfidf,,logistic_regression,3,DEV-LOCAL-V1-001305,DEV_EP_DD_111,DUPLICADO,DUPLICADO,DUPLICADO,True,True,0.9910604606265013,,,,,0.008939539373498673,0.9910604606265013
deduplication__tfidf__none__logistic_regression,deduplication,tfidf,,logistic_regression,3,DEV-LOCAL-V1-001306,DEV_EP_DD_111,DUPLICADO,DUPLICADO,DUPLICADO,True,True,0.9873197636603599,,,,,0.012680236339640105,0.9873197636603599
deduplication__tfidf__none__logistic_regression,deduplication,tfidf,,logistic_regression,3,DEV-LOCAL-V1-001194,DEV_EP_DD_093,DUPLICADO,DUPLICADO,DUPLICADO,True,True,0.97792663083633,,,,,0.022073369163669976,0.97792663083633
deduplication__tfidf__none__logistic_regression,deduplication,tfidf,,logistic_regression,3,DEV-LOCAL-V1-001195,DEV_EP_DD_093,DUPLICADO,DUPLICADO,DUPLICADO,True,True,0.9825195851720163,,,,,0.01748041482798368,0.9825195851720163
deduplication__tfidf__none__logistic_regression,deduplication,tfidf,,logistic_regression,3,DEV-LOCAL-V1-001196,DEV_EP_DD_093,DUPLICADO,DUPLICADO,DUPLICADO,True,True,0.97918676474856,,,,,0.020813235251439965,0.97918676474856
deduplication__tfidf__none__logistic_regression,deduplication,tfidf,,logistic_regression,3,DEV-LOCAL-V1-001197,DEV_EP_DD_093,DUPLICADO,DUPLICADO,DUPLICADO,True,True,0.9826606881142342,,,,,0.017339311885765762,0.9826606881142342
deduplication__tfidf__none__logistic_regression,deduplication,tfidf,,logistic_regression,3,DEV-LOCAL-V1-001198,DEV_EP_DD_093,DUPLICADO,DUPLICADO,DUPLICADO,True,True,0.9780463475231458,,,,,0.021953652476854213,0.9780463475231458
deduplication__tfidf__none__logistic_regression,deduplication,tfidf,,logistic_regression,3,DEV-LOCAL-V1-000888,DEV_EP_DD_042,NAO_DUPLICADO,NAO_DUPLICADO,NAO_DUPLICADO,True,True,0.9873698842006345,,,,,0.9873698842006345,0.012630115799365425
deduplication__tfidf__none__logistic_regression,deduplication,tfidf,,logistic_regression,3,DEV-LOCAL-V1-000889,DEV_EP_DD_042,NAO_DUPLICADO,NAO_DUPLICADO,NAO_DUPLICADO,True,True,0.9865931251943009,,,,,0.9865931251943009,0.013406874805699128
deduplication__tfidf__none__logistic_regression,deduplication,tfidf,,logistic_regression,3,DEV-LOCAL-V1-000890,DEV_EP_DD_042,NAO_DUPLICADO,NAO_DUPLICADO,NAO_DUPLICADO,True,True,0.9841409220593504,,,,,0.9841409220593504,0.01585907794064955
deduplication__tfidf__none__logistic_regression,deduplication,tfidf,,logistic_regression,3,DEV-LOCAL-V1-000891,DEV_EP_DD_042,NAO_DUPLICADO,NAO_DUPLICADO,NAO_DUPLICADO,True,True,0.9851453975620906,,,,,0.9851453975620906,0.014854602437909366
deduplication__tfidf__none__logistic_regression,deduplication,tfidf,,logistic_regression,3,DEV-LOCAL-V1-000892,DEV_EP_DD_042,NAO_DUPLICADO,NAO_DUPLICADO,NAO_DUPLICADO,True,True,0.9855768661204751,,,,,0.9855768661204751,0.014423133879524878
deduplication__tfidf__none__logistic_regression,deduplication,tfidf,,logistic_regression,3,DEV-LOCAL-V1-000960,DEV_EP_DD_054,NAO_DUPLICADO,NAO_DUPLICADO,NAO_DUPLICADO,True,True,0.9925462135624623,,,,,0.9925462135624623,0.007453786437537681
deduplication__tfidf__none__logistic_regression,deduplication,tfidf,,logistic_regression,3,DEV-LOCAL-V1-000961,DEV_EP_DD_054,NAO_DUPLICADO,NAO_DUPLICADO,NAO_DUPLICADO,True,True,0.9922057667153054,,,,,0.9922057667153054,0.00779423328469459
deduplication__tfidf__none__logistic_regression,deduplication,tfidf,,logistic_regression,3,DEV-LOCAL-V1-000962,DEV_EP_DD_054,NAO_DUPLICADO,NAO_DUPLICADO,NAO_DUPLICADO,True,True,0.9891671893403428,,,,,0.9891671893403428,0.010832810659657244
deduplication__tfidf__none__logistic_regression,deduplication,tfidf,,logistic_regression,3,DEV-LOCAL-V1-000963,DEV_EP_DD_054,NAO_DUPLICADO,NAO_DUPLICADO,NAO_DUPLICADO,True,True,0.9903570340542373,,,,,0.9903570340542373,0.009642965945762708
deduplication__tfidf__none__logistic_regression,deduplication,tfidf,,logistic_regression,3,DEV-LOCAL-V1-000964,DEV_EP_DD_054,NAO_DUPLICADO,NAO_DUPLICADO,NAO_DUPLICADO,True,True,0.9906019805664324,,,,,0.9906019805664324,0.009398019433567578
deduplication__tfidf__none__logistic_regression,deduplication,tfidf,,logistic_regression,3,DEV-LOCAL-V1-001338,DEV_EP_DD_117,DUPLICADO,DUPLICADO,DUPLICADO,True,True,0.9816922087967214,,,,,0.018307791203278634,0.9816922087967214
deduplication__tfidf__none__logistic_regression,deduplication,tfidf,,logistic_regression,3,DEV-LOCAL-V1-001339,DEV_EP_DD_117,DUPLICADO,DUPLICADO,DUPLICADO,True,True,0.9844965775805368,,,,,0.01550342241946323,0.9844965775805368
deduplication__tfidf__none__logistic_regression,deduplication,tfidf,,logistic_regression,3,DEV-LOCAL-V1-001340,DEV_EP_DD_117,DUPLICADO,DUPLICADO,DUPLICADO,True,True,0.984291505326124,,,,,0.015708494673876028,0.984291505326124
deduplication__tfidf__none__logistic_regression,deduplication,tfidf,,logistic_regression,3,DEV-LOCAL-V1-001341,DEV_EP_DD_117,DUPLICADO,DUPLICADO,DUPLICADO,True,True,0.9856669309286233,,,,,0.014333069071376658,0.9856669309286233
deduplication__tfidf__none__logistic_regression,deduplication,tfidf,,logistic_regression,3,DEV-LOCAL-V1-001342,DEV_EP_DD_117,DUPLICADO,DUPLICADO,DUPLICADO,True,True,0.9820599201702896,,,,,0.017940079829710354,0.9820599201702896
deduplication__tfidf__none__logistic_regression,deduplication,tfidf,,logistic_regression,3,DEV-LOCAL-V1-001230,DEV_EP_DD_099,DUPLICADO,DUPLICADO,DUPLICADO,True,True,0.9902496665338334,,,,,0.009750333466166605,0.9902496665338334
deduplication__tfidf__none__logistic_regression,deduplication,tfidf,,logistic_regression,3,DEV-LOCAL-V1-001231,DEV_EP_DD_099,DUPLICADO,DUPLICADO,DUPLICADO,True,True,0.9922483010456714,,,,,0.00775169895432859,0.9922483010456714
deduplication__tfidf__none__logistic_regression,deduplication,tfidf,,logistic_regression,3,DEV-LOCAL-V1-001232,DEV_EP_DD_099,DUPLICADO,DUPLICADO,DUPLICADO,True,True,0.9912376858804002,,,,,0.008762314119599823,0.9912376858804002
deduplication__tfidf__none__logistic_regression,deduplication,tfidf,,logistic_regression,3,DEV-LOCAL-V1-001233,DEV_EP_DD_099,DUPLICADO,DUPLICADO,DUPLICADO,True,True,0.9895828578667715,,,,,0.01041714213322853,0.9895828578667715
deduplication__tfidf__none__logistic_regression,deduplication,tfidf,,logistic_regression,3,DEV-LOCAL-V1-001234,DEV_EP_DD_099,DUPLICADO,DUPLICADO,DUPLICADO,True,True,0.9915874400238643,,,,,0.008412559976135658,0.9915874400238643
deduplication__tfidf__none__logistic_regression,deduplication,tfidf,,logistic_regression,3,DEV-LOCAL-V1-000744,DEV_EP_DD_018,NAO_DUPLICADO,NAO_DUPLICADO,NAO_DUPLICADO,True,True,0.9799172347744868,,,,,0.9799172347744868,0.02008276522551327
deduplication__tfidf__none__logistic_regression,deduplication,tfidf,,logistic_regression,3,DEV-LOCAL-V1-000745,DEV_EP_DD_018,NAO_DUPLICADO,NAO_DUPLICADO,NAO_DUPLICADO,True,True,0.9793043492731056,,,,,0.9793043492731056,0.020695650726894367
deduplication__tfidf__none__logistic_regression,deduplication,tfidf,,logistic_regression,3,DEV-LOCAL-V1-000746,DEV_EP_DD_018,NAO_DUPLICADO,NAO_DUPLICADO,NAO_DUPLICADO,True,True,0.973215258428365,,,,,0.973215258428365,0.02678474157163499
deduplication__tfidf__none__logistic_regression,deduplication,tfidf,,logistic_regression,3,DEV-LOCAL-V1-000747,DEV_EP_DD_018,NAO_DUPLICADO,NAO_DUPLICADO,NAO_DUPLICADO,True,True,0.9720373284634594,,,,,0.9720373284634594,0.027962671536540605
deduplication__tfidf__none__logistic_regression,deduplication,tfidf,,logistic_regression,3,DEV-LOCAL-V1-000748,DEV_EP_DD_018,NAO_DUPLICADO,NAO_DUPLICADO,NAO_DUPLICADO,True,True,0.9754493593400779,,,,,0.9754493593400779,0.024550640659922095
deduplication__tfidf__none__logistic_regression,deduplication,tfidf,,logistic_regression,3,DEV-LOCAL-V1-000882,DEV_EP_DD_041,DUPLICADO,DUPLICADO,DUPLICADO,True,True,0.9860647118177633,,,,,0.01393528818223666,0.9860647118177633
deduplication__tfidf__none__logistic_regression,deduplication,tfidf,,logistic_regression,3,DEV-LOCAL-V1-000883,DEV_EP_DD_041,DUPLICADO,DUPLICADO,DUPLICADO,True,True,0.9890577529434834,,,,,0.010942247056516585,0.9890577529434834
deduplication__tfidf__none__logistic_regression,deduplication,tfidf,,logistic_regression,3,DEV-LOCAL-V1-000884,DEV_EP_DD_041,DUPLICADO,DUPLICADO,DUPLICADO,True,True,0.9863491227927348,,,,,0.01365087720726521,0.9863491227927348
deduplication__tfidf__none__logistic_regression,deduplication,tfidf,,logistic_regression,3,DEV-LOCAL-V1-000885,DEV_EP_DD_041,DUPLICADO,DUPLICADO,DUPLICADO,True,True,0.9868808205661262,,,,,0.013119179433873751,0.9868808205661262
deduplication__tfidf__none__logistic_regression,deduplication,tfidf,,logistic_regression,3,DEV-LOCAL-V1-000886,DEV_EP_DD_041,DUPLICADO,DUPLICADO,DUPLICADO,True,True,0.9844737320672626,,,,,0.01552626793273737,0.9844737320672626
deduplication__tfidf__none__logistic_regression,deduplication,tfidf,,logistic_regression,3,DEV-LOCAL-V1-001014,DEV_EP_DD_063,DUPLICADO,DUPLICADO,DUPLICADO,True,True,0.9880845602866405,,,,,0.01191543971335951,0.9880845602866405
deduplication__tfidf__none__logistic_regression,deduplication,tfidf,,logistic_regression,3,DEV-LOCAL-V1-001015,DEV_EP_DD_063,DUPLICADO,DUPLICADO,DUPLICADO,True,True,0.9910506984188784,,,,,0.008949301581121616,0.9910506984188784
deduplication__tfidf__none__logistic_regression,deduplication,tfidf,,logistic_regression,3,DEV-LOCAL-V1-001016,DEV_EP_DD_063,DUPLICADO,DUPLICADO,DUPLICADO,True,True,0.9879416290967018,,,,,0.012058370903298199,0.9879416290967018
deduplication__tfidf__none__logistic_regression,deduplication,tfidf,,logistic_regression,3,DEV-LOCAL-V1-001017,DEV_EP_DD_063,DUPLICADO,DUPLICADO,DUPLICADO,True,True,0.9905389413456035,,,,,0.009461058654396504,0.9905389413456035
deduplication__tfidf__none__logistic_regression,deduplication,tfidf,,logistic_regression,3,DEV-LOCAL-V1-001018,DEV_EP_DD_063,DUPLICADO,DUPLICADO,DUPLICADO,True,True,0.9892753491589575,,,,,0.01072465084104246,0.9892753491589575
deduplication__tfidf__none__logistic_regression,deduplication,tfidf,,logistic_regression,3,DEV-LOCAL-V1-001170,DEV_EP_DD_089,DUPLICADO,DUPLICADO,DUPLICADO,True,True,0.987064828785546,,,,,0.012935171214453978,0.987064828785546
deduplication__tfidf__none__logistic_regression,deduplication,tfidf,,logistic_regression,3,DEV-LOCAL-V1-001171,DEV_EP_DD_089,DUPLICADO,DUPLICADO,DUPLICADO,True,True,0.9904241062004895,,,,,0.009575893799510515,0.9904241062004895
deduplication__tfidf__none__logistic_regression,deduplication,tfidf,,logistic_regression,3,DEV-LOCAL-V1-001172,DEV_EP_DD_089,DUPLICADO,DUPLICADO,DUPLICADO,True,True,0.9881786236191562,,,,,0.011821376380843795,0.9881786236191562
deduplication__tfidf__none__logistic_regression,deduplication,tfidf,,logistic_regression,3,DEV-LOCAL-V1-001173,DEV_EP_DD_089,DUPLICADO,DUPLICADO,DUPLICADO,True,True,0.9879732826572264,,,,,0.012026717342773607,0.9879732826572264
deduplication__tfidf__none__logistic_regression,deduplication,tfidf,,logistic_regression,3,DEV-LOCAL-V1-001174,DEV_EP_DD_089,DUPLICADO,DUPLICADO,DUPLICADO,True,True,0.9858159613199392,,,,,0.014184038680060795,0.9858159613199392
deduplication__tfidf__none__logistic_regression,deduplication,tfidf,,logistic_regression,3,DEV-LOCAL-V1-000678,DEV_EP_DD_007,DUPLICADO,DUPLICADO,DUPLICADO,True,True,0.9925246307023512,,,,,0.007475369297648804,0.9925246307023512
deduplication__tfidf__none__logistic_regression,deduplication,tfidf,,logistic_regression,3,DEV-LOCAL-V1-000679,DEV_EP_DD_007,DUPLICADO,DUPLICADO,DUPLICADO,True,True,0.9946243814524325,,,,,0.005375618547567518,0.9946243814524325
deduplication__tfidf__none__logistic_regression,deduplication,tfidf,,logistic_regression,3,DEV-LOCAL-V1-000680,DEV_EP_DD_007,DUPLICADO,DUPLICADO,DUPLICADO,True,True,0.9933722821995346,,,,,0.006627717800465449,0.9933722821995346
deduplication__tfidf__none__logistic_regression,deduplication,tfidf,,logistic_regression,3,DEV-LOCAL-V1-000681,DEV_EP_DD_007,DUPLICADO,DUPLICADO,DUPLICADO,True,True,0.9950245810567401,,,,,0.004975418943259924,0.9950245810567401
deduplication__tfidf__none__logistic_regression,deduplication,tfidf,,logistic_regression,3,DEV-LOCAL-V1-000682,DEV_EP_DD_007,DUPLICADO,DUPLICADO,DUPLICADO,True,True,0.9931115104781145,,,,,0.006888489521885477,0.9931115104781145
deduplication__tfidf__none__logistic_regression,deduplication,tfidf,,logistic_regression,4,DEV-LOCAL-V1-001308,DEV_EP_DD_112,NAO_DUPLICADO,NAO_DUPLICADO,NAO_DUPLICADO,True,True,0.9955500958740607,,,,,0.9955500958740607,0.004449904125939271
deduplication__tfidf__none__logistic_regression,deduplication,tfidf,,logistic_regression,4,DEV-LOCAL-V1-001309,DEV_EP_DD_112,NAO_DUPLICADO,NAO_DUPLICADO,NAO_DUPLICADO,True,True,0.9958724977074471,,,,,0.9958724977074471,0.004127502292552878
deduplication__tfidf__none__logistic_regression,deduplication,tfidf,,logistic_regression,4,DEV-LOCAL-V1-001310,DEV_EP_DD_112,NAO_DUPLICADO,NAO_DUPLICADO,NAO_DUPLICADO,True,True,0.9937874066580378,,,,,0.9937874066580378,0.0062125933419622074
deduplication__tfidf__none__logistic_regression,deduplication,tfidf,,logistic_regression,4,DEV-LOCAL-V1-001311,DEV_EP_DD_112,NAO_DUPLICADO,NAO_DUPLICADO,NAO_DUPLICADO,True,True,0.9940946142050598,,,,,0.9940946142050598,0.005905385794940184
deduplication__tfidf__none__logistic_regression,deduplication,tfidf,,logistic_regression,4,DEV-LOCAL-V1-001312,DEV_EP_DD_112,NAO_DUPLICADO,NAO_DUPLICADO,NAO_DUPLICADO,True,True,0.9941401048100605,,,,,0.9941401048100605,0.005859895189939477
deduplication__tfidf__none__logistic_regression,deduplication,tfidf,,logistic_regression,4,DEV-LOCAL-V1-000858,DEV_EP_DD_037,DUPLICADO,DUPLICADO,DUPLICADO,True,True,0.9629057584908622,,,,,0.03709424150913776,0.9629057584908622
deduplication__tfidf__none__logistic_regression,deduplication,tfidf,,logistic_regression,4,DEV-LOCAL-V1-000859,DEV_EP_DD_037,DUPLICADO,DUPLICADO,DUPLICADO,True,True,0.9701846774065075,,,,,0.02981532259349251,0.9701846774065075
deduplication__tfidf__none__logistic_regression,deduplication,tfidf,,logistic_regression,4,DEV-LOCAL-V1-000860,DEV_EP_DD_037,DUPLICADO,DUPLICADO,DUPLICADO,True,True,0.9806463386951836,,,,,0.019353661304816416,0.9806463386951836
deduplication__tfidf__none__logistic_regression,deduplication,tfidf,,logistic_regression,4,DEV-LOCAL-V1-000861,DEV_EP_DD_037,DUPLICADO,DUPLICADO,DUPLICADO,True,True,0.9703298101594525,,,,,0.02967018984054748,0.9703298101594525
deduplication__tfidf__none__logistic_regression,deduplication,tfidf,,logistic_regression,4,DEV-LOCAL-V1-000862,DEV_EP_DD_037,DUPLICADO,DUPLICADO,DUPLICADO,True,True,0.9556796494572584,,,,,0.04432035054274164,0.9556796494572584
deduplication__tfidf__none__logistic_regression,deduplication,tfidf,,logistic_regression,4,DEV-LOCAL-V1-000726,DEV_EP_DD_015,DUPLICADO,DUPLICADO,DUPLICADO,True,True,0.9710693606815372,,,,,0.028930639318462847,0.9710693606815372
deduplication__tfidf__none__logistic_regression,deduplication,tfidf,,logistic_regression,4,DEV-LOCAL-V1-000727,DEV_EP_DD_015,DUPLICADO,DUPLICADO,DUPLICADO,True,True,0.9828746845284683,,,,,0.017125315471531732,0.9828746845284683
deduplication__tfidf__none__logistic_regression,deduplication,tfidf,,logistic_regression,4,DEV-LOCAL-V1-000728,DEV_EP_DD_015,DUPLICADO,DUPLICADO,DUPLICADO,True,True,0.9813701827903952,,,,,0.01862981720960477,0.9813701827903952
deduplication__tfidf__none__logistic_regression,deduplication,tfidf,,logistic_regression,4,DEV-LOCAL-V1-000729,DEV_EP_DD_015,DUPLICADO,DUPLICADO,DUPLICADO,True,True,0.9766308159574335,,,,,0.023369184042566493,0.9766308159574335
deduplication__tfidf__none__logistic_regression,deduplication,tfidf,,logistic_regression,4,DEV-LOCAL-V1-000730,DEV_EP_DD_015,DUPLICADO,DUPLICADO,DUPLICADO,True,True,0.980763566226787,,,,,0.019236433773213046,0.980763566226787
deduplication__tfidf__none__logistic_regression,deduplication,tfidf,,logistic_regression,4,DEV-LOCAL-V1-001020,DEV_EP_DD_064,NAO_DUPLICADO,NAO_DUPLICADO,NAO_DUPLICADO,True,True,0.9939344193349055,,,,,0.9939344193349055,0.00606558066509453
deduplication__tfidf__none__logistic_regression,deduplication,tfidf,,logistic_regression,4,DEV-LOCAL-V1-001021,DEV_EP_DD_064,NAO_DUPLICADO,NAO_DUPLICADO,NAO_DUPLICADO,True,True,0.9941081614434062,,,,,0.9941081614434062,0.00589183855659384
deduplication__tfidf__none__logistic_regression,deduplication,tfidf,,logistic_regression,4,DEV-LOCAL-V1-001022,DEV_EP_DD_064,NAO_DUPLICADO,NAO_DUPLICADO,NAO_DUPLICADO,True,True,0.9914856231451833,,,,,0.9914856231451833,0.0085143768548167
deduplication__tfidf__none__logistic_regression,deduplication,tfidf,,logistic_regression,4,DEV-LOCAL-V1-001023,DEV_EP_DD_064,NAO_DUPLICADO,NAO_DUPLICADO,NAO_DUPLICADO,True,True,0.9927183820234292,,,,,0.9927183820234292,0.007281617976570807
deduplication__tfidf__none__logistic_regression,deduplication,tfidf,,logistic_regression,4,DEV-LOCAL-V1-001024,DEV_EP_DD_064,NAO_DUPLICADO,NAO_DUPLICADO,NAO_DUPLICADO,True,True,0.9917936065035928,,,,,0.9917936065035928,0.008206393496407133
deduplication__tfidf__none__logistic_regression,deduplication,tfidf,,logistic_regression,4,DEV-LOCAL-V1-000870,DEV_EP_DD_039,DUPLICADO,DUPLICADO,DUPLICADO,True,True,0.98134332297931,,,,,0.01865667702068996,0.98134332297931
deduplication__tfidf__none__logistic_regression,deduplication,tfidf,,logistic_regression,4,DEV-LOCAL-V1-000871,DEV_EP_DD_039,DUPLICADO,DUPLICADO,DUPLICADO,True,True,0.9888706306356124,,,,,0.011129369364387576,0.9888706306356124
deduplication__tfidf__none__logistic_regression,deduplication,tfidf,,logistic_regression,4,DEV-LOCAL-V1-000872,DEV_EP_DD_039,DUPLICADO,DUPLICADO,DUPLICADO,True,True,0.9873711667392001,,,,,0.012628833260799888,0.9873711667392001
deduplication__tfidf__none__logistic_regression,deduplication,tfidf,,logistic_regression,4,DEV-LOCAL-V1-000873,DEV_EP_DD_039,DUPLICADO,DUPLICADO,DUPLICADO,True,True,0.9827934748049222,,,,,0.017206525195077815,0.9827934748049222
deduplication__tfidf__none__logistic_regression,deduplication,tfidf,,logistic_regression,4,DEV-LOCAL-V1-000874,DEV_EP_DD_039,DUPLICADO,DUPLICADO,DUPLICADO,True,True,0.9781603933907931,,,,,0.02183960660920692,0.9781603933907931
deduplication__tfidf__none__logistic_regression,deduplication,tfidf,,logistic_regression,4,DEV-LOCAL-V1-000846,DEV_EP_DD_035,DUPLICADO,DUPLICADO,DUPLICADO,True,True,0.9769404211998557,,,,,0.02305957880014431,0.9769404211998557
deduplication__tfidf__none__logistic_regression,deduplication,tfidf,,logistic_regression,4,DEV-LOCAL-V1-000847,DEV_EP_DD_035,DUPLICADO,DUPLICADO,DUPLICADO,True,True,0.9857731115470043,,,,,0.01422688845299569,0.9857731115470043
deduplication__tfidf__none__logistic_regression,deduplication,tfidf,,logistic_regression,4,DEV-LOCAL-V1-000848,DEV_EP_DD_035,DUPLICADO,DUPLICADO,DUPLICADO,True,True,0.9866999919734403,,,,,0.013300008026559729,0.9866999919734403
deduplication__tfidf__none__logistic_regression,deduplication,tfidf,,logistic_regression,4,DEV-LOCAL-V1-000849,DEV_EP_DD_035,DUPLICADO,DUPLICADO,DUPLICADO,True,True,0.9802336888399799,,,,,0.019766311160020145,0.9802336888399799
deduplication__tfidf__none__logistic_regression,deduplication,tfidf,,logistic_regression,4,DEV-LOCAL-V1-000850,DEV_EP_DD_035,DUPLICADO,DUPLICADO,DUPLICADO,True,True,0.9776560118018327,,,,,0.022343988198167297,0.9776560118018327
deduplication__tfidf__none__logistic_regression,deduplication,tfidf,,logistic_regression,4,DEV-LOCAL-V1-000996,DEV_EP_DD_060,NAO_DUPLICADO,NAO_DUPLICADO,NAO_DUPLICADO,True,True,0.9969560721157469,,,,,0.9969560721157469,0.00304392788425311
deduplication__tfidf__none__logistic_regression,deduplication,tfidf,,logistic_regression,4,DEV-LOCAL-V1-000997,DEV_EP_DD_060,NAO_DUPLICADO,NAO_DUPLICADO,NAO_DUPLICADO,True,True,0.9969642195688376,,,,,0.9969642195688376,0.0030357804311623893
deduplication__tfidf__none__logistic_regression,deduplication,tfidf,,logistic_regression,4,DEV-LOCAL-V1-000998,DEV_EP_DD_060,NAO_DUPLICADO,NAO_DUPLICADO,NAO_DUPLICADO,True,True,0.9956426753740534,,,,,0.9956426753740534,0.004357324625946587
deduplication__tfidf__none__logistic_regression,deduplication,tfidf,,logistic_regression,4,DEV-LOCAL-V1-000999,DEV_EP_DD_060,NAO_DUPLICADO,NAO_DUPLICADO,NAO_DUPLICADO,True,True,0.9969176859527218,,,,,0.9969176859527218,0.0030823140472782447
deduplication__tfidf__none__logistic_regression,deduplication,tfidf,,logistic_regression,4,DEV-LOCAL-V1-001000,DEV_EP_DD_060,NAO_DUPLICADO,NAO_DUPLICADO,NAO_DUPLICADO,True,True,0.9942382469324917,,,,,0.9942382469324917,0.005761753067508301
deduplication__tfidf__none__logistic_regression,deduplication,tfidf,,logistic_regression,4,DEV-LOCAL-V1-001206,DEV_EP_DD_095,DUPLICADO,DUPLICADO,DUPLICADO,True,True,0.9771934253393944,,,,,0.02280657466060565,0.9771934253393944
deduplication__tfidf__none__logistic_regression,deduplication,tfidf,,logistic_regression,4,DEV-LOCAL-V1-001207,DEV_EP_DD_095,DUPLICADO,DUPLICADO,DUPLICADO,True,True,0.9859623229653007,,,,,0.01403767703469927,0.9859623229653007
deduplication__tfidf__none__logistic_regression,deduplication,tfidf,,logistic_regression,4,DEV-LOCAL-V1-001208,DEV_EP_DD_095,DUPLICADO,DUPLICADO,DUPLICADO,True,True,0.9867999222099397,,,,,0.013200077790060272,0.9867999222099397
deduplication__tfidf__none__logistic_regression,deduplication,tfidf,,logistic_regression,4,DEV-LOCAL-V1-001209,DEV_EP_DD_095,DUPLICADO,DUPLICADO,DUPLICADO,True,True,0.9803978336135788,,,,,0.019602166386421205,0.9803978336135788
deduplication__tfidf__none__logistic_regression,deduplication,tfidf,,logistic_regression,4,DEV-LOCAL-V1-001210,DEV_EP_DD_095,DUPLICADO,DUPLICADO,DUPLICADO,True,True,0.9815738975703179,,,,,0.018426102429682123,0.9815738975703179
deduplication__tfidf__none__logistic_regression,deduplication,tfidf,,logistic_regression,4,DEV-LOCAL-V1-001236,DEV_EP_DD_100,NAO_DUPLICADO,NAO_DUPLICADO,NAO_DUPLICADO,True,True,0.9945389166463996,,,,,0.9945389166463996,0.005461083353600459
deduplication__tfidf__none__logistic_regression,deduplication,tfidf,,logistic_regression,4,DEV-LOCAL-V1-001237,DEV_EP_DD_100,NAO_DUPLICADO,NAO_DUPLICADO,NAO_DUPLICADO,True,True,0.9946973695054699,,,,,0.9946973695054699,0.005302630494530031
deduplication__tfidf__none__logistic_regression,deduplication,tfidf,,logistic_regression,4,DEV-LOCAL-V1-001238,DEV_EP_DD_100,NAO_DUPLICADO,NAO_DUPLICADO,NAO_DUPLICADO,True,True,0.9920742740598757,,,,,0.9920742740598757,0.007925725940124348
deduplication__tfidf__none__logistic_regression,deduplication,tfidf,,logistic_regression,4,DEV-LOCAL-V1-001239,DEV_EP_DD_100,NAO_DUPLICADO,NAO_DUPLICADO,NAO_DUPLICADO,True,True,0.9939635494720799,,,,,0.9939635494720799,0.0060364505279201465
deduplication__tfidf__none__logistic_regression,deduplication,tfidf,,logistic_regression,4,DEV-LOCAL-V1-001240,DEV_EP_DD_100,NAO_DUPLICADO,NAO_DUPLICADO,NAO_DUPLICADO,True,True,0.9889492955883559,,,,,0.9889492955883559,0.011050704411644172
deduplication__tfidf__none__logistic_regression,deduplication,tfidf,,logistic_regression,4,DEV-LOCAL-V1-001086,DEV_EP_DD_075,DUPLICADO,DUPLICADO,DUPLICADO,True,True,0.9710463461452916,,,,,0.028953653854708383,0.9710463461452916
deduplication__tfidf__none__logistic_regression,deduplication,tfidf,,logistic_regression,4,DEV-LOCAL-V1-001087,DEV_EP_DD_075,DUPLICADO,DUPLICADO,DUPLICADO,True,True,0.9783937199474368,,,,,0.021606280052563154,0.9783937199474368
deduplication__tfidf__none__logistic_regression,deduplication,tfidf,,logistic_regression,4,DEV-LOCAL-V1-001088,DEV_EP_DD_075,DUPLICADO,DUPLICADO,DUPLICADO,True,True,0.9843160167158665,,,,,0.01568398328413345,0.9843160167158665
deduplication__tfidf__none__logistic_regression,deduplication,tfidf,,logistic_regression,4,DEV-LOCAL-V1-001089,DEV_EP_DD_075,DUPLICADO,DUPLICADO,DUPLICADO,True,True,0.9798805772820484,,,,,0.02011942271795164,0.9798805772820484
deduplication__tfidf__none__logistic_regression,deduplication,tfidf,,logistic_regression,4,DEV-LOCAL-V1-001090,DEV_EP_DD_075,DUPLICADO,DUPLICADO,DUPLICADO,True,True,0.9804371158863684,,,,,0.019562884113631607,0.9804371158863684
deduplication__tfidf__none__logistic_regression,deduplication,tfidf,,logistic_regression,4,DEV-LOCAL-V1-001290,DEV_EP_DD_109,DUPLICADO,DUPLICADO,DUPLICADO,True,True,0.9534209787053403,,,,,0.04657902129465974,0.9534209787053403
deduplication__tfidf__none__logistic_regression,deduplication,tfidf,,logistic_regression,4,DEV-LOCAL-V1-001291,DEV_EP_DD_109,DUPLICADO,DUPLICADO,DUPLICADO,True,True,0.9645294424752623,,,,,0.03547055752473771,0.9645294424752623
deduplication__tfidf__none__logistic_regression,deduplication,tfidf,,logistic_regression,4,DEV-LOCAL-V1-001292,DEV_EP_DD_109,DUPLICADO,DUPLICADO,DUPLICADO,True,True,0.9674194844151133,,,,,0.03258051558488673,0.9674194844151133
deduplication__tfidf__none__logistic_regression,deduplication,tfidf,,logistic_regression,4,DEV-LOCAL-V1-001293,DEV_EP_DD_109,DUPLICADO,DUPLICADO,DUPLICADO,True,True,0.9614040138583556,,,,,0.03859598614164439,0.9614040138583556
deduplication__tfidf__none__logistic_regression,deduplication,tfidf,,logistic_regression,4,DEV-LOCAL-V1-001294,DEV_EP_DD_109,DUPLICADO,DUPLICADO,DUPLICADO,True,True,0.9419267312752306,,,,,0.05807326872476937,0.9419267312752306
deduplication__tfidf__none__logistic_regression,deduplication,tfidf,,logistic_regression,4,DEV-LOCAL-V1-001056,DEV_EP_DD_070,NAO_DUPLICADO,NAO_DUPLICADO,NAO_DUPLICADO,True,True,0.9991785324931,,,,,0.9991785324931,0.00082146750689999
deduplication__tfidf__none__logistic_regression,deduplication,tfidf,,logistic_regression,4,DEV-LOCAL-V1-001057,DEV_EP_DD_070,NAO_DUPLICADO,NAO_DUPLICADO,NAO_DUPLICADO,True,True,0.9993542244478585,,,,,0.9993542244478585,0.0006457755521415403
deduplication__tfidf__none__logistic_regression,deduplication,tfidf,,logistic_regression,4,DEV-LOCAL-V1-001058,DEV_EP_DD_070,NAO_DUPLICADO,NAO_DUPLICADO,NAO_DUPLICADO,True,True,0.9987680960121166,,,,,0.9987680960121166,0.0012319039878834136
deduplication__tfidf__none__logistic_regression,deduplication,tfidf,,logistic_regression,4,DEV-LOCAL-V1-001059,DEV_EP_DD_070,NAO_DUPLICADO,NAO_DUPLICADO,NAO_DUPLICADO,True,True,0.9991404343482447,,,,,0.9991404343482447,0.0008595656517552595
deduplication__tfidf__none__logistic_regression,deduplication,tfidf,,logistic_regression,4,DEV-LOCAL-V1-001060,DEV_EP_DD_070,NAO_DUPLICADO,NAO_DUPLICADO,NAO_DUPLICADO,True,True,0.9986214637618439,,,,,0.9986214637618439,0.0013785362381560661
deduplication__tfidf__none__logistic_regression,deduplication,tfidf,,logistic_regression,4,DEV-LOCAL-V1-000738,DEV_EP_DD_017,DUPLICADO,DUPLICADO,DUPLICADO,True,True,0.9930215971965048,,,,,0.006978402803495154,0.9930215971965048
deduplication__tfidf__none__logistic_regression,deduplication,tfidf,,logistic_regression,4,DEV-LOCAL-V1-000739,DEV_EP_DD_017,DUPLICADO,DUPLICADO,DUPLICADO,True,True,0.9955798249713137,,,,,0.004420175028686302,0.9955798249713137
deduplication__tfidf__none__logistic_regression,deduplication,tfidf,,logistic_regression,4,DEV-LOCAL-V1-000740,DEV_EP_DD_017,DUPLICADO,DUPLICADO,DUPLICADO,True,True,0.9953960076552268,,,,,0.004603992344773156,0.9953960076552268
deduplication__tfidf__none__logistic_regression,deduplication,tfidf,,logistic_regression,4,DEV-LOCAL-V1-000741,DEV_EP_DD_017,DUPLICADO,DUPLICADO,DUPLICADO,True,True,0.9943482529182569,,,,,0.005651747081743097,0.9943482529182569
deduplication__tfidf__none__logistic_regression,deduplication,tfidf,,logistic_regression,4,DEV-LOCAL-V1-000742,DEV_EP_DD_017,DUPLICADO,DUPLICADO,DUPLICADO,True,True,0.990573882164386,,,,,0.009426117835613979,0.990573882164386
deduplication__tfidf__none__logistic_regression,deduplication,tfidf,,logistic_regression,4,DEV-LOCAL-V1-001104,DEV_EP_DD_078,NAO_DUPLICADO,NAO_DUPLICADO,NAO_DUPLICADO,True,True,0.997922200608695,,,,,0.997922200608695,0.002077799391305006
deduplication__tfidf__none__logistic_regression,deduplication,tfidf,,logistic_regression,4,DEV-LOCAL-V1-001105,DEV_EP_DD_078,NAO_DUPLICADO,NAO_DUPLICADO,NAO_DUPLICADO,True,True,0.9982529154806622,,,,,0.9982529154806622,0.0017470845193377576
deduplication__tfidf__none__logistic_regression,deduplication,tfidf,,logistic_regression,4,DEV-LOCAL-V1-001106,DEV_EP_DD_078,NAO_DUPLICADO,NAO_DUPLICADO,NAO_DUPLICADO,True,True,0.9975203950117533,,,,,0.9975203950117533,0.0024796049882466913
deduplication__tfidf__none__logistic_regression,deduplication,tfidf,,logistic_regression,4,DEV-LOCAL-V1-001107,DEV_EP_DD_078,NAO_DUPLICADO,NAO_DUPLICADO,NAO_DUPLICADO,True,True,0.9979172222154749,,,,,0.9979172222154749,0.0020827777845251138
deduplication__tfidf__none__logistic_regression,deduplication,tfidf,,logistic_regression,4,DEV-LOCAL-V1-001108,DEV_EP_DD_078,NAO_DUPLICADO,NAO_DUPLICADO,NAO_DUPLICADO,True,True,0.9976937029131205,,,,,0.9976937029131205,0.002306297086879501
deduplication__tfidf__none__logistic_regression,deduplication,tfidf,,logistic_regression,4,DEV-LOCAL-V1-001356,DEV_EP_DD_120,NAO_DUPLICADO,NAO_DUPLICADO,NAO_DUPLICADO,True,True,0.9959431785373614,,,,,0.9959431785373614,0.004056821462638689
deduplication__tfidf__none__logistic_regression,deduplication,tfidf,,logistic_regression,4,DEV-LOCAL-V1-001357,DEV_EP_DD_120,NAO_DUPLICADO,NAO_DUPLICADO,NAO_DUPLICADO,True,True,0.9973054569725949,,,,,0.9973054569725949,0.0026945430274050884
deduplication__tfidf__none__logistic_regression,deduplication,tfidf,,logistic_regression,4,DEV-LOCAL-V1-001358,DEV_EP_DD_120,NAO_DUPLICADO,NAO_DUPLICADO,NAO_DUPLICADO,True,True,0.9952491006933097,,,,,0.9952491006933097,0.004750899306690223
deduplication__tfidf__none__logistic_regression,deduplication,tfidf,,logistic_regression,4,DEV-LOCAL-V1-001359,DEV_EP_DD_120,NAO_DUPLICADO,NAO_DUPLICADO,NAO_DUPLICADO,True,True,0.9966919123098252,,,,,0.9966919123098252,0.0033080876901747437
deduplication__tfidf__none__logistic_regression,deduplication,tfidf,,logistic_regression,4,DEV-LOCAL-V1-001360,DEV_EP_DD_120,NAO_DUPLICADO,NAO_DUPLICADO,NAO_DUPLICADO,True,True,0.9941758438120001,,,,,0.9941758438120001,0.005824156187999872
deduplication__tfidf__none__logistic_regression,deduplication,tfidf,,logistic_regression,4,DEV-LOCAL-V1-000684,DEV_EP_DD_008,NAO_DUPLICADO,NAO_DUPLICADO,NAO_DUPLICADO,True,True,0.9984782624455065,,,,,0.9984782624455065,0.001521737554493497
deduplication__tfidf__none__logistic_regression,deduplication,tfidf,,logistic_regression,4,DEV-LOCAL-V1-000685,DEV_EP_DD_008,NAO_DUPLICADO,NAO_DUPLICADO,NAO_DUPLICADO,True,True,0.9988287195884027,,,,,0.9988287195884027,0.0011712804115972639
deduplication__tfidf__none__logistic_regression,deduplication,tfidf,,logistic_regression,4,DEV-LOCAL-V1-000686,DEV_EP_DD_008,NAO_DUPLICADO,NAO_DUPLICADO,NAO_DUPLICADO,True,True,0.9985414016670516,,,,,0.9985414016670516,0.0014585983329483735
deduplication__tfidf__none__logistic_regression,deduplication,tfidf,,logistic_regression,4,DEV-LOCAL-V1-000687,DEV_EP_DD_008,NAO_DUPLICADO,NAO_DUPLICADO,NAO_DUPLICADO,True,True,0.998478055254741,,,,,0.998478055254741,0.001521944745258963
deduplication__tfidf__none__logistic_regression,deduplication,tfidf,,logistic_regression,4,DEV-LOCAL-V1-000688,DEV_EP_DD_008,NAO_DUPLICADO,NAO_DUPLICADO,NAO_DUPLICADO,True,True,0.9977059056723757,,,,,0.9977059056723757,0.0022940943276243226
deduplication__tfidf__none__logistic_regression,deduplication,tfidf,,logistic_regression,4,DEV-LOCAL-V1-000666,DEV_EP_DD_005,DUPLICADO,DUPLICADO,DUPLICADO,True,True,0.9882705090325403,,,,,0.011729490967459677,0.9882705090325403
deduplication__tfidf__none__logistic_regression,deduplication,tfidf,,logistic_regression,4,DEV-LOCAL-V1-000667,DEV_EP_DD_005,DUPLICADO,DUPLICADO,DUPLICADO,True,True,0.993245681695213,,,,,0.00675431830478701,0.993245681695213
deduplication__tfidf__none__logistic_regression,deduplication,tfidf,,logistic_regression,4,DEV-LOCAL-V1-000668,DEV_EP_DD_005,DUPLICADO,DUPLICADO,DUPLICADO,True,True,0.9920583135453015,,,,,0.007941686454698504,0.9920583135453015
deduplication__tfidf__none__logistic_regression,deduplication,tfidf,,logistic_regression,4,DEV-LOCAL-V1-000669,DEV_EP_DD_005,DUPLICADO,DUPLICADO,DUPLICADO,True,True,0.9898781797173105,,,,,0.010121820282689487,0.9898781797173105
deduplication__tfidf__none__logistic_regression,deduplication,tfidf,,logistic_regression,4,DEV-LOCAL-V1-000670,DEV_EP_DD_005,DUPLICADO,DUPLICADO,DUPLICADO,True,True,0.9874101757153734,,,,,0.012589824284626627,0.9874101757153734
deduplication__tfidf__none__logistic_regression,deduplication,tfidf,,logistic_regression,4,DEV-LOCAL-V1-000774,DEV_EP_DD_023,DUPLICADO,DUPLICADO,DUPLICADO,True,True,0.992206248920124,,,,,0.00779375107987601,0.992206248920124
deduplication__tfidf__none__logistic_regression,deduplication,tfidf,,logistic_regression,4,DEV-LOCAL-V1-000775,DEV_EP_DD_023,DUPLICADO,DUPLICADO,DUPLICADO,True,True,0.9954426245181164,,,,,0.004557375481883619,0.9954426245181164
deduplication__tfidf__none__logistic_regression,deduplication,tfidf,,logistic_regression,4,DEV-LOCAL-V1-000776,DEV_EP_DD_023,DUPLICADO,DUPLICADO,DUPLICADO,True,True,0.9918894417152845,,,,,0.008110558284715519,0.9918894417152845
deduplication__tfidf__none__logistic_regression,deduplication,tfidf,,logistic_regression,4,DEV-LOCAL-V1-000777,DEV_EP_DD_023,DUPLICADO,DUPLICADO,DUPLICADO,True,True,0.9935336396698277,,,,,0.006466360330172338,0.9935336396698277
deduplication__tfidf__none__logistic_regression,deduplication,tfidf,,logistic_regression,4,DEV-LOCAL-V1-000778,DEV_EP_DD_023,DUPLICADO,DUPLICADO,DUPLICADO,True,True,0.988591135261204,,,,,0.011408864738795987,0.988591135261204
deduplication__tfidf__none__logistic_regression,deduplication,tfidf,,logistic_regression,4,DEV-LOCAL-V1-001146,DEV_EP_DD_085,DUPLICADO,DUPLICADO,DUPLICADO,True,True,0.9380673410637262,,,,,0.061932658936273755,0.9380673410637262
deduplication__tfidf__none__logistic_regression,deduplication,tfidf,,logistic_regression,4,DEV-LOCAL-V1-001147,DEV_EP_DD_085,DUPLICADO,DUPLICADO,DUPLICADO,True,True,0.9443486695578126,,,,,0.0556513304421874,0.9443486695578126
deduplication__tfidf__none__logistic_regression,deduplication,tfidf,,logistic_regression,4,DEV-LOCAL-V1-001148,DEV_EP_DD_085,DUPLICADO,DUPLICADO,DUPLICADO,True,True,0.948974081415235,,,,,0.05102591858476502,0.948974081415235
deduplication__tfidf__none__logistic_regression,deduplication,tfidf,,logistic_regression,4,DEV-LOCAL-V1-001149,DEV_EP_DD_085,DUPLICADO,DUPLICADO,DUPLICADO,True,True,0.936141497223335,,,,,0.06385850277666505,0.936141497223335
deduplication__tfidf__none__logistic_regression,deduplication,tfidf,,logistic_regression,4,DEV-LOCAL-V1-001150,DEV_EP_DD_085,DUPLICADO,DUPLICADO,DUPLICADO,True,True,0.9390663986460465,,,,,0.06093360135395354,0.9390663986460465
deduplication__tfidf__none__logistic_regression,deduplication,tfidf,,logistic_regression,4,DEV-LOCAL-V1-000966,DEV_EP_DD_055,DUPLICADO,DUPLICADO,DUPLICADO,True,True,0.9766831120962545,,,,,0.02331688790374553,0.9766831120962545
deduplication__tfidf__none__logistic_regression,deduplication,tfidf,,logistic_regression,4,DEV-LOCAL-V1-000967,DEV_EP_DD_055,DUPLICADO,DUPLICADO,DUPLICADO,True,True,0.9858243983390758,,,,,0.014175601660924242,0.9858243983390758
deduplication__tfidf__none__logistic_regression,deduplication,tfidf,,logistic_regression,4,DEV-LOCAL-V1-000968,DEV_EP_DD_055,DUPLICADO,DUPLICADO,DUPLICADO,True,True,0.9839876365347121,,,,,0.016012363465287893,0.9839876365347121
deduplication__tfidf__none__logistic_regression,deduplication,tfidf,,logistic_regression,4,DEV-LOCAL-V1-000969,DEV_EP_DD_055,DUPLICADO,DUPLICADO,DUPLICADO,True,True,0.9842924190837453,,,,,0.015707580916254682,0.9842924190837453
deduplication__tfidf__none__logistic_regression,deduplication,tfidf,,logistic_regression,4,DEV-LOCAL-V1-000970,DEV_EP_DD_055,DUPLICADO,DUPLICADO,DUPLICADO,True,True,0.9834392261575752,,,,,0.016560773842424825,0.9834392261575752
deduplication__tfidf__none__logistic_regression,deduplication,tfidf,,logistic_regression,4,DEV-LOCAL-V1-000930,DEV_EP_DD_049,DUPLICADO,DUPLICADO,DUPLICADO,True,True,0.9598585973976562,,,,,0.04014140260234378,0.9598585973976562
deduplication__tfidf__none__logistic_regression,deduplication,tfidf,,logistic_regression,4,DEV-LOCAL-V1-000931,DEV_EP_DD_049,DUPLICADO,DUPLICADO,DUPLICADO,True,True,0.963064856769068,,,,,0.036935143230932055,0.963064856769068
deduplication__tfidf__none__logistic_regression,deduplication,tfidf,,logistic_regression,4,DEV-LOCAL-V1-000932,DEV_EP_DD_049,DUPLICADO,DUPLICADO,DUPLICADO,True,True,0.9723909042730687,,,,,0.027609095726931265,0.9723909042730687
deduplication__tfidf__none__logistic_regression,deduplication,tfidf,,logistic_regression,4,DEV-LOCAL-V1-000933,DEV_EP_DD_049,DUPLICADO,DUPLICADO,DUPLICADO,True,True,0.9598220320202825,,,,,0.04017796797971751,0.9598220320202825
deduplication__tfidf__none__logistic_regression,deduplication,tfidf,,logistic_regression,4,DEV-LOCAL-V1-000934,DEV_EP_DD_049,DUPLICADO,DUPLICADO,DUPLICADO,True,True,0.9500398490762806,,,,,0.049960150923719415,0.9500398490762806
deduplication__tfidf__none__logistic_regression,deduplication,tfidf,,logistic_regression,4,DEV-LOCAL-V1-001176,DEV_EP_DD_090,NAO_DUPLICADO,NAO_DUPLICADO,NAO_DUPLICADO,True,True,0.9982302977167461,,,,,0.9982302977167461,0.0017697022832539307
deduplication__tfidf__none__logistic_regression,deduplication,tfidf,,logistic_regression,4,DEV-LOCAL-V1-001177,DEV_EP_DD_090,NAO_DUPLICADO,NAO_DUPLICADO,NAO_DUPLICADO,True,True,0.9982133985749516,,,,,0.9982133985749516,0.0017866014250483425
deduplication__tfidf__none__logistic_regression,deduplication,tfidf,,logistic_regression,4,DEV-LOCAL-V1-001178,DEV_EP_DD_090,NAO_DUPLICADO,NAO_DUPLICADO,NAO_DUPLICADO,True,True,0.9962019028550825,,,,,0.9962019028550825,0.003798097144917489
deduplication__tfidf__none__logistic_regression,deduplication,tfidf,,logistic_regression,4,DEV-LOCAL-V1-001179,DEV_EP_DD_090,NAO_DUPLICADO,NAO_DUPLICADO,NAO_DUPLICADO,True,True,0.9980082063954792,,,,,0.9980082063954792,0.001991793604520806
deduplication__tfidf__none__logistic_regression,deduplication,tfidf,,logistic_regression,4,DEV-LOCAL-V1-001180,DEV_EP_DD_090,NAO_DUPLICADO,NAO_DUPLICADO,NAO_DUPLICADO,True,True,0.996835197606958,,,,,0.996835197606958,0.0031648023930420086
deduplication__tfidf__none__logistic_regression,deduplication,tfidf,,logistic_regression,4,DEV-LOCAL-V1-000792,DEV_EP_DD_026,NAO_DUPLICADO,NAO_DUPLICADO,NAO_DUPLICADO,True,True,0.9680277428077081,,,,,0.9680277428077081,0.03197225719229187
deduplication__tfidf__none__logistic_regression,deduplication,tfidf,,logistic_regression,4,DEV-LOCAL-V1-000793,DEV_EP_DD_026,NAO_DUPLICADO,NAO_DUPLICADO,NAO_DUPLICADO,True,True,0.9784090028411547,,,,,0.9784090028411547,0.021590997158845323
deduplication__tfidf__none__logistic_regression,deduplication,tfidf,,logistic_regression,4,DEV-LOCAL-V1-000794,DEV_EP_DD_026,NAO_DUPLICADO,NAO_DUPLICADO,NAO_DUPLICADO,True,True,0.9677994872591551,,,,,0.9677994872591551,0.032200512740844886
deduplication__tfidf__none__logistic_regression,deduplication,tfidf,,logistic_regression,4,DEV-LOCAL-V1-000795,DEV_EP_DD_026,NAO_DUPLICADO,NAO_DUPLICADO,NAO_DUPLICADO,True,True,0.9750714096265471,,,,,0.9750714096265471,0.024928590373452797
deduplication__tfidf__none__logistic_regression,deduplication,tfidf,,logistic_regression,4,DEV-LOCAL-V1-000796,DEV_EP_DD_026,NAO_DUPLICADO,NAO_DUPLICADO,NAO_DUPLICADO,True,True,0.9686354081807388,,,,,0.9686354081807388,0.03136459181926124
deduplication__tfidf__none__logistic_regression,deduplication,tfidf,,logistic_regression,4,DEV-LOCAL-V1-001248,DEV_EP_DD_102,NAO_DUPLICADO,NAO_DUPLICADO,NAO_DUPLICADO,True,True,0.9992798970474575,,,,,0.9992798970474575,0.0007201029525425648
deduplication__tfidf__none__logistic_regression,deduplication,tfidf,,logistic_regression,4,DEV-LOCAL-V1-001249,DEV_EP_DD_102,NAO_DUPLICADO,NAO_DUPLICADO,NAO_DUPLICADO,True,True,0.9992012982853594,,,,,0.9992012982853594,0.0007987017146405808
deduplication__tfidf__none__logistic_regression,deduplication,tfidf,,logistic_regression,4,DEV-LOCAL-V1-001250,DEV_EP_DD_102,NAO_DUPLICADO,NAO_DUPLICADO,NAO_DUPLICADO,True,True,0.9985521729853291,,,,,0.9985521729853291,0.0014478270146709574
deduplication__tfidf__none__logistic_regression,deduplication,tfidf,,logistic_regression,4,DEV-LOCAL-V1-001251,DEV_EP_DD_102,NAO_DUPLICADO,NAO_DUPLICADO,NAO_DUPLICADO,True,True,0.9991173150074849,,,,,0.9991173150074849,0.0008826849925151178
deduplication__tfidf__none__logistic_regression,deduplication,tfidf,,logistic_regression,4,DEV-LOCAL-V1-001252,DEV_EP_DD_102,NAO_DUPLICADO,NAO_DUPLICADO,NAO_DUPLICADO,True,True,0.9990249309744273,,,,,0.9990249309744273,0.0009750690255726735
