combination_id,task,representation,embedding,classifier,fold,outer_train_records,outer_test_records,outer_train_groups,outer_test_groups,group_overlap,fit_seconds,calibration_seconds,downstream_predict_seconds,downstream_predict_ms_per_record,prediction_measurement_scope,best_params,best_inner_score,calibration_policy,calibration_split,calibration_folds,convergence_warnings
classification__tfidf__none__logistic_regression,classification,tfidf,,logistic_regression,0,917,197,89,22,0,8.93461760005448,0.7481532000238076,0.10715289996005595,0.5439233500510454,classifier_pipeline_including_tfidf_transform,"{""model__C"":10.0}",0.7347738647437517,"{""eligible"":false,""obra_threshold"":0.9,""threshold"":null}","{""balance_score"":0.03916836565359627,""calibration_group_counts_by_label"":{""0"":8,""1"":11,""2"":12,""3"":5},""calibration_groups"":36,""calibration_label_counts"":{""0"":82,""1"":118,""2"":124,""3"":44},""calibration_records"":368,""fit_group_counts_by_label"":{""0"":14,""1"":15,""2"":15,""3"":9},""fit_groups"":53,""fit_label_counts"":{""0"":122,""1"":163,""2"":181,""3"":83},""fit_records"":549,""group_overlap"":0}","[{""fit_group_counts_by_label"":{""0"":4,""1"":4,""2"":9,""3"":2},""fit_groups"":19,""fit_records"":186,""fold"":0,""group_overlap"":0,""validation_group_counts_by_label"":{""0"":4,""1"":7,""2"":3,""3"":3},""validation_groups"":17,""validation_records"":182},{""fit_group_counts_by_label"":{""0"":4,""1"":7,""2"":3,""3"":3},""fit_groups"":17,""fit_records"":182,""fold"":1,""group_overlap"":0,""validation_group_counts_by_label"":{""0"":4,""1"":4,""2"":9,""3"":2},""validation_groups"":19,""validation_records"":186}]",0
classification__tfidf__none__logistic_regression,classification,tfidf,,logistic_regression,1,881,233,89,22,0,6.715533500071615,0.6815796999726444,0.17796660005114973,0.763805150434119,classifier_pipeline_including_tfidf_transform,"{""model__C"":10.0}",0.6256455389943446,"{""automatic_maintenance_as_obra"":0,""automatic_non_obra_as_obra"":0,""coverage"":0.5013623978201635,""covered"":184,""eligible"":true,""errors"":9,""obra_threshold"":0.9,""risk"":0.04891304347826087,""threshold"":0.63}","{""balance_score"":0.03224042532791874,""calibration_group_counts_by_label"":{""0"":10,""1"":9,""2"":11,""3"":6},""calibration_groups"":36,""calibration_label_counts"":{""0"":72,""1"":108,""2"":125,""3"":62},""calibration_records"":367,""fit_group_counts_by_label"":{""0"":13,""1"":15,""2"":16,""3"":9},""fit_groups"":53,""fit_label_counts"":{""0"":101,""1"":158,""2"":169,""3"":86},""fit_records"":514,""group_overlap"":0}","[{""fit_group_counts_by_label"":{""0"":4,""1"":5,""2"":5,""3"":2},""fit_groups"":16,""fit_records"":164,""fold"":0,""group_overlap"":0,""validation_group_counts_by_label"":{""0"":6,""1"":4,""2"":6,""3"":4},""validation_groups"":20,""validation_records"":203},{""fit_group_counts_by_label"":{""0"":6,""1"":4,""2"":6,""3"":4},""fit_groups"":20,""fit_records"":203,""fold"":1,""group_overlap"":0,""validation_group_counts_by_label"":{""0"":4,""1"":5,""2"":5,""3"":2},""validation_groups"":16,""validation_records"":164}]",0
classification__tfidf__none__logistic_regression,classification,tfidf,,logistic_regression,2,893,221,89,22,0,8.097565100062639,0.8511554999276996,0.181908700033091,0.8231162897424933,classifier_pipeline_including_tfidf_transform,"{""model__C"":1.0}",0.5564887667837168,"{""automatic_maintenance_as_obra"":0,""automatic_non_obra_as_obra"":0,""coverage"":0.522077922077922,""covered"":201,""eligible"":true,""errors"":2,""obra_threshold"":0.9,""risk"":0.009950248756218905,""threshold"":0.82}","{""balance_score"":0.049781125928942266,""calibration_group_counts_by_label"":{""0"":11,""1"":11,""2"":10,""3"":4},""calibration_groups"":36,""calibration_label_counts"":{""0"":82,""1"":135,""2"":118,""3"":50},""calibration_records"":385,""fit_group_counts_by_label"":{""0"":12,""1"":16,""2"":16,""3"":9},""fit_groups"":53,""fit_label_counts"":{""0"":105,""1"":173,""2"":157,""3"":73},""fit_records"":508,""group_overlap"":0}","[{""fit_group_counts_by_label"":{""0"":6,""1"":5,""2"":6,""3"":2},""fit_groups"":19,""fit_records"":193,""fold"":0,""group_overlap"":0,""validation_group_counts_by_label"":{""0"":5,""1"":6,""2"":4,""3"":2},""validation_groups"":17,""validation_records"":192},{""fit_group_counts_by_label"":{""0"":5,""1"":6,""2"":4,""3"":2},""fit_groups"":17,""fit_records"":192,""fold"":1,""group_overlap"":0,""validation_group_counts_by_label"":{""0"":6,""1"":5,""2"":6,""3"":2},""validation_groups"":19,""validation_records"":193}]",0
classification__tfidf__none__logistic_regression,classification,tfidf,,logistic_regression,3,880,234,88,23,0,9.122845099889673,0.8705373000120744,0.2458872999995947,1.0508004273486953,classifier_pipeline_including_tfidf_transform,"{""model__C"":10.0}",0.7727403654762824,"{""eligible"":false,""obra_threshold"":0.9,""threshold"":null}","{""balance_score"":0.03552093973442283,""calibration_group_counts_by_label"":{""0"":10,""1"":9,""2"":11,""3"":6},""calibration_groups"":36,""calibration_label_counts"":{""0"":69,""1"":120,""2"":108,""3"":59},""calibration_records"":356,""fit_group_counts_by_label"":{""0"":12,""1"":16,""2"":13,""3"":11},""fit_groups"":52,""fit_label_counts"":{""0"":113,""1"":163,""2"":159,""3"":89},""fit_records"":524,""group_overlap"":0}","[{""fit_group_counts_by_label"":{""0"":3,""1"":7,""2"":4,""3"":3},""fit_groups"":17,""fit_records"":194,""fold"":0,""group_overlap"":0,""validation_group_counts_by_label"":{""0"":7,""1"":2,""2"":7,""3"":3},""validation_groups"":19,""validation_records"":162},{""fit_group_counts_by_label"":{""0"":7,""1"":2,""2"":7,""3"":3},""fit_groups"":19,""fit_records"":162,""fold"":1,""group_overlap"":0,""validation_group_counts_by_label"":{""0"":3,""1"":7,""2"":4,""3"":3},""validation_groups"":17,""validation_records"":194}]",0
classification__tfidf__none__logistic_regression,classification,tfidf,,logistic_regression,4,885,229,89,22,0,6.515695600071922,0.7956675000023097,0.12750199995934963,0.5567772923989067,classifier_pipeline_including_tfidf_transform,"{""model__C"":10.0}",0.6441790123123577,"{""eligible"":false,""obra_threshold"":0.9,""threshold"":null}","{""balance_score"":0.021254300413470872,""calibration_group_counts_by_label"":{""0"":9,""1"":11,""2"":10,""3"":6},""calibration_groups"":36,""calibration_label_counts"":{""0"":75,""1"":115,""2"":104,""3"":64},""calibration_records"":358,""fit_group_counts_by_label"":{""0"":13,""1"":15,""2"":14,""3"":11},""fit_groups"":53,""fit_label_counts"":{""0"":103,""1"":171,""2"":155,""3"":98},""fit_records"":527,""group_overlap"":0}","[{""fit_group_counts_by_label"":{""0"":5,""1"":6,""2"":5,""3"":3},""fit_groups"":19,""fit_records"":178,""fold"":0,""group_overlap"":0,""validation_group_counts_by_label"":{""0"":4,""1"":5,""2"":5,""3"":3},""validation_groups"":17,""validation_records"":180},{""fit_group_counts_by_label"":{""0"":4,""1"":5,""2"":5,""3"":3},""fit_groups"":17,""fit_records"":180,""fold"":1,""group_overlap"":0,""validation_group_counts_by_label"":{""0"":5,""1"":6,""2"":5,""3"":3},""validation_groups"":19,""validation_records"":178}]",0
classification__tfidf__none__decision_tree,classification,tfidf,,decision_tree,0,917,197,89,22,0,15.288407000014558,0.859527499997057,0.14629960001911968,0.7426375635488308,classifier_pipeline_including_tfidf_transform,"{""model__max_depth"":6,""model__min_samples_leaf"":2}",0.5635476490768286,"{""eligible"":false,""obra_threshold"":0.9,""threshold"":null}","{""balance_score"":0.03916836565359627,""calibration_group_counts_by_label"":{""0"":8,""1"":11,""2"":12,""3"":5},""calibration_groups"":36,""calibration_label_counts"":{""0"":82,""1"":118,""2"":124,""3"":44},""calibration_records"":368,""fit_group_counts_by_label"":{""0"":14,""1"":15,""2"":15,""3"":9},""fit_groups"":53,""fit_label_counts"":{""0"":122,""1"":163,""2"":181,""3"":83},""fit_records"":549,""group_overlap"":0}","[{""fit_group_counts_by_label"":{""0"":4,""1"":4,""2"":9,""3"":2},""fit_groups"":19,""fit_records"":186,""fold"":0,""group_overlap"":0,""validation_group_counts_by_label"":{""0"":4,""1"":7,""2"":3,""3"":3},""validation_groups"":17,""validation_records"":182},{""fit_group_counts_by_label"":{""0"":4,""1"":7,""2"":3,""3"":3},""fit_groups"":17,""fit_records"":182,""fold"":1,""group_overlap"":0,""validation_group_counts_by_label"":{""0"":4,""1"":4,""2"":9,""3"":2},""validation_groups"":19,""validation_records"":186}]",0
classification__tfidf__none__decision_tree,classification,tfidf,,decision_tree,1,881,233,89,22,0,11.043756200000644,0.6720692999660969,0.12427459994796664,0.5333673817509298,classifier_pipeline_including_tfidf_transform,"{""model__max_depth"":3,""model__min_samples_leaf"":5}",0.5640604918386247,"{""eligible"":false,""obra_threshold"":0.9,""threshold"":null}","{""balance_score"":0.03224042532791874,""calibration_group_counts_by_label"":{""0"":10,""1"":9,""2"":11,""3"":6},""calibration_groups"":36,""calibration_label_counts"":{""0"":72,""1"":108,""2"":125,""3"":62},""calibration_records"":367,""fit_group_counts_by_label"":{""0"":13,""1"":15,""2"":16,""3"":9},""fit_groups"":53,""fit_label_counts"":{""0"":101,""1"":158,""2"":169,""3"":86},""fit_records"":514,""group_overlap"":0}","[{""fit_group_counts_by_label"":{""0"":4,""1"":5,""2"":5,""3"":2},""fit_groups"":16,""fit_records"":164,""fold"":0,""group_overlap"":0,""validation_group_counts_by_label"":{""0"":6,""1"":4,""2"":6,""3"":4},""validation_groups"":20,""validation_records"":203},{""fit_group_counts_by_label"":{""0"":6,""1"":4,""2"":6,""3"":4},""fit_groups"":20,""fit_records"":203,""fold"":1,""group_overlap"":0,""validation_group_counts_by_label"":{""0"":4,""1"":5,""2"":5,""3"":2},""validation_groups"":16,""validation_records"":164}]",0
classification__tfidf__none__decision_tree,classification,tfidf,,decision_tree,2,893,221,89,22,0,8.57693239999935,0.7120950999669731,0.11752670002169907,0.5317950227226202,classifier_pipeline_including_tfidf_transform,"{""model__max_depth"":3,""model__min_samples_leaf"":2}",0.42416714006924194,"{""eligible"":false,""obra_threshold"":0.9,""threshold"":null}","{""balance_score"":0.049781125928942266,""calibration_group_counts_by_label"":{""0"":11,""1"":11,""2"":10,""3"":4},""calibration_groups"":36,""calibration_label_counts"":{""0"":82,""1"":135,""2"":118,""3"":50},""calibration_records"":385,""fit_group_counts_by_label"":{""0"":12,""1"":16,""2"":16,""3"":9},""fit_groups"":53,""fit_label_counts"":{""0"":105,""1"":173,""2"":157,""3"":73},""fit_records"":508,""group_overlap"":0}","[{""fit_group_counts_by_label"":{""0"":6,""1"":5,""2"":6,""3"":2},""fit_groups"":19,""fit_records"":193,""fold"":0,""group_overlap"":0,""validation_group_counts_by_label"":{""0"":5,""1"":6,""2"":4,""3"":2},""validation_groups"":17,""validation_records"":192},{""fit_group_counts_by_label"":{""0"":5,""1"":6,""2"":4,""3"":2},""fit_groups"":17,""fit_records"":192,""fold"":1,""group_overlap"":0,""validation_group_counts_by_label"":{""0"":6,""1"":5,""2"":6,""3"":2},""validation_groups"":19,""validation_records"":193}]",0
classification__tfidf__none__decision_tree,classification,tfidf,,decision_tree,3,880,234,88,23,0,8.85107259999495,0.6527399000478908,0.1289290999993682,0.5509790598263598,classifier_pipeline_including_tfidf_transform,"{""model__max_depth"":3,""model__min_samples_leaf"":2}",0.5133759104242298,"{""eligible"":false,""obra_threshold"":0.9,""threshold"":null}","{""balance_score"":0.03552093973442283,""calibration_group_counts_by_label"":{""0"":10,""1"":9,""2"":11,""3"":6},""calibration_groups"":36,""calibration_label_counts"":{""0"":69,""1"":120,""2"":108,""3"":59},""calibration_records"":356,""fit_group_counts_by_label"":{""0"":12,""1"":16,""2"":13,""3"":11},""fit_groups"":52,""fit_label_counts"":{""0"":113,""1"":163,""2"":159,""3"":89},""fit_records"":524,""group_overlap"":0}","[{""fit_group_counts_by_label"":{""0"":3,""1"":7,""2"":4,""3"":3},""fit_groups"":17,""fit_records"":194,""fold"":0,""group_overlap"":0,""validation_group_counts_by_label"":{""0"":7,""1"":2,""2"":7,""3"":3},""validation_groups"":19,""validation_records"":162},{""fit_group_counts_by_label"":{""0"":7,""1"":2,""2"":7,""3"":3},""fit_groups"":19,""fit_records"":162,""fold"":1,""group_overlap"":0,""validation_group_counts_by_label"":{""0"":3,""1"":7,""2"":4,""3"":3},""validation_groups"":17,""validation_records"":194}]",0
classification__tfidf__none__decision_tree,classification,tfidf,,decision_tree,4,885,229,89,22,0,9.149682500050403,0.6543501000851393,0.12627929996233433,0.5514379911018966,classifier_pipeline_including_tfidf_transform,"{""model__max_depth"":6,""model__min_samples_leaf"":2}",0.6432156723955073,"{""eligible"":false,""obra_threshold"":0.9,""threshold"":null}","{""balance_score"":0.021254300413470872,""calibration_group_counts_by_label"":{""0"":9,""1"":11,""2"":10,""3"":6},""calibration_groups"":36,""calibration_label_counts"":{""0"":75,""1"":115,""2"":104,""3"":64},""calibration_records"":358,""fit_group_counts_by_label"":{""0"":13,""1"":15,""2"":14,""3"":11},""fit_groups"":53,""fit_label_counts"":{""0"":103,""1"":171,""2"":155,""3"":98},""fit_records"":527,""group_overlap"":0}","[{""fit_group_counts_by_label"":{""0"":5,""1"":6,""2"":5,""3"":3},""fit_groups"":19,""fit_records"":178,""fold"":0,""group_overlap"":0,""validation_group_counts_by_label"":{""0"":4,""1"":5,""2"":5,""3"":3},""validation_groups"":17,""validation_records"":180},{""fit_group_counts_by_label"":{""0"":4,""1"":5,""2"":5,""3"":3},""fit_groups"":17,""fit_records"":180,""fold"":1,""group_overlap"":0,""validation_group_counts_by_label"":{""0"":5,""1"":6,""2"":5,""3"":3},""validation_groups"":19,""validation_records"":178}]",0
classification__tfidf__none__linear_svm,classification,tfidf,,linear_svm,0,917,197,89,22,0,8.995040400070138,0.7455840999027714,0.10729059996083379,0.5446223348265674,classifier_pipeline_including_tfidf_transform,"{""model__C"":0.1}",0.7386217142381722,"{""eligible"":false,""obra_threshold"":0.9,""threshold"":null}","{""balance_score"":0.03916836565359627,""calibration_group_counts_by_label"":{""0"":8,""1"":11,""2"":12,""3"":5},""calibration_groups"":36,""calibration_label_counts"":{""0"":82,""1"":118,""2"":124,""3"":44},""calibration_records"":368,""fit_group_counts_by_label"":{""0"":14,""1"":15,""2"":15,""3"":9},""fit_groups"":53,""fit_label_counts"":{""0"":122,""1"":163,""2"":181,""3"":83},""fit_records"":549,""group_overlap"":0}","[{""fit_group_counts_by_label"":{""0"":4,""1"":4,""2"":9,""3"":2},""fit_groups"":19,""fit_records"":186,""fold"":0,""group_overlap"":0,""validation_group_counts_by_label"":{""0"":4,""1"":7,""2"":3,""3"":3},""validation_groups"":17,""validation_records"":182},{""fit_group_counts_by_label"":{""0"":4,""1"":7,""2"":3,""3"":3},""fit_groups"":17,""fit_records"":182,""fold"":1,""group_overlap"":0,""validation_group_counts_by_label"":{""0"":4,""1"":4,""2"":9,""3"":2},""validation_groups"":19,""validation_records"":186}]",0
classification__tfidf__none__linear_svm,classification,tfidf,,linear_svm,1,881,233,89,22,0,8.081802599946968,0.9825119000161067,0.4019999000011012,1.725321459232194,classifier_pipeline_including_tfidf_transform,"{""model__C"":1.0}",0.6594488805073245,"{""automatic_maintenance_as_obra"":0,""automatic_non_obra_as_obra"":0,""coverage"":0.5040871934604905,""covered"":185,""eligible"":true,""errors"":8,""obra_threshold"":0.9,""risk"":0.043243243243243246,""threshold"":0.63}","{""balance_score"":0.03224042532791874,""calibration_group_counts_by_label"":{""0"":10,""1"":9,""2"":11,""3"":6},""calibration_groups"":36,""calibration_label_counts"":{""0"":72,""1"":108,""2"":125,""3"":62},""calibration_records"":367,""fit_group_counts_by_label"":{""0"":13,""1"":15,""2"":16,""3"":9},""fit_groups"":53,""fit_label_counts"":{""0"":101,""1"":158,""2"":169,""3"":86},""fit_records"":514,""group_overlap"":0}","[{""fit_group_counts_by_label"":{""0"":4,""1"":5,""2"":5,""3"":2},""fit_groups"":16,""fit_records"":164,""fold"":0,""group_overlap"":0,""validation_group_counts_by_label"":{""0"":6,""1"":4,""2"":6,""3"":4},""validation_groups"":20,""validation_records"":203},{""fit_group_counts_by_label"":{""0"":6,""1"":4,""2"":6,""3"":4},""fit_groups"":20,""fit_records"":203,""fold"":1,""group_overlap"":0,""validation_group_counts_by_label"":{""0"":4,""1"":5,""2"":5,""3"":2},""validation_groups"":16,""validation_records"":164}]",0
classification__tfidf__none__linear_svm,classification,tfidf,,linear_svm,2,893,221,89,22,0,8.383418300072663,0.7099780000280589,0.13052680005785078,0.5906190047866551,classifier_pipeline_including_tfidf_transform,"{""model__C"":10.0}",0.5593129369394941,"{""automatic_maintenance_as_obra"":0,""automatic_non_obra_as_obra"":0,""coverage"":0.5896103896103896,""covered"":227,""eligible"":true,""errors"":2,""obra_threshold"":0.9,""risk"":0.00881057268722467,""threshold"":0.86}","{""balance_score"":0.049781125928942266,""calibration_group_counts_by_label"":{""0"":11,""1"":11,""2"":10,""3"":4},""calibration_groups"":36,""calibration_label_counts"":{""0"":82,""1"":135,""2"":118,""3"":50},""calibration_records"":385,""fit_group_counts_by_label"":{""0"":12,""1"":16,""2"":16,""3"":9},""fit_groups"":53,""fit_label_counts"":{""0"":105,""1"":173,""2"":157,""3"":73},""fit_records"":508,""group_overlap"":0}","[{""fit_group_counts_by_label"":{""0"":6,""1"":5,""2"":6,""3"":2},""fit_groups"":19,""fit_records"":193,""fold"":0,""group_overlap"":0,""validation_group_counts_by_label"":{""0"":5,""1"":6,""2"":4,""3"":2},""validation_groups"":17,""validation_records"":192},{""fit_group_counts_by_label"":{""0"":5,""1"":6,""2"":4,""3"":2},""fit_groups"":17,""fit_records"":192,""fold"":1,""group_overlap"":0,""validation_group_counts_by_label"":{""0"":6,""1"":5,""2"":6,""3"":2},""validation_groups"":19,""validation_records"":193}]",0
classification__tfidf__none__linear_svm,classification,tfidf,,linear_svm,3,880,234,88,23,0,6.5953955999575555,0.6404407999943942,0.1317969000665471,0.5632346156690047,classifier_pipeline_including_tfidf_transform,"{""model__C"":1.0}",0.8097063861123847,"{""eligible"":false,""obra_threshold"":0.9,""threshold"":null}","{""balance_score"":0.03552093973442283,""calibration_group_counts_by_label"":{""0"":10,""1"":9,""2"":11,""3"":6},""calibration_groups"":36,""calibration_label_counts"":{""0"":69,""1"":120,""2"":108,""3"":59},""calibration_records"":356,""fit_group_counts_by_label"":{""0"":12,""1"":16,""2"":13,""3"":11},""fit_groups"":52,""fit_label_counts"":{""0"":113,""1"":163,""2"":159,""3"":89},""fit_records"":524,""group_overlap"":0}","[{""fit_group_counts_by_label"":{""0"":3,""1"":7,""2"":4,""3"":3},""fit_groups"":17,""fit_records"":194,""fold"":0,""group_overlap"":0,""validation_group_counts_by_label"":{""0"":7,""1"":2,""2"":7,""3"":3},""validation_groups"":19,""validation_records"":162},{""fit_group_counts_by_label"":{""0"":7,""1"":2,""2"":7,""3"":3},""fit_groups"":19,""fit_records"":162,""fold"":1,""group_overlap"":0,""validation_group_counts_by_label"":{""0"":3,""1"":7,""2"":4,""3"":3},""validation_groups"":17,""validation_records"":194}]",0
classification__tfidf__none__linear_svm,classification,tfidf,,linear_svm,4,885,229,89,22,0,6.6059252000413835,0.8177142000058666,0.1533581999829039,0.6696864628074406,classifier_pipeline_including_tfidf_transform,"{""model__C"":1.0}",0.6655150871078855,"{""automatic_maintenance_as_obra"":0,""automatic_non_obra_as_obra"":0,""coverage"":0.505586592178771,""covered"":181,""eligible"":true,""errors"":17,""obra_threshold"":0.9,""risk"":0.09392265193370165,""threshold"":0.65}","{""balance_score"":0.021254300413470872,""calibration_group_counts_by_label"":{""0"":9,""1"":11,""2"":10,""3"":6},""calibration_groups"":36,""calibration_label_counts"":{""0"":75,""1"":115,""2"":104,""3"":64},""calibration_records"":358,""fit_group_counts_by_label"":{""0"":13,""1"":15,""2"":14,""3"":11},""fit_groups"":53,""fit_label_counts"":{""0"":103,""1"":171,""2"":155,""3"":98},""fit_records"":527,""group_overlap"":0}","[{""fit_group_counts_by_label"":{""0"":5,""1"":6,""2"":5,""3"":3},""fit_groups"":19,""fit_records"":178,""fold"":0,""group_overlap"":0,""validation_group_counts_by_label"":{""0"":4,""1"":5,""2"":5,""3"":3},""validation_groups"":17,""validation_records"":180},{""fit_group_counts_by_label"":{""0"":4,""1"":5,""2"":5,""3"":3},""fit_groups"":17,""fit_records"":180,""fold"":1,""group_overlap"":0,""validation_group_counts_by_label"":{""0"":5,""1"":6,""2"":5,""3"":3},""validation_groups"":19,""validation_records"":178}]",0
classification__tfidf__none__mlp,classification,tfidf,,mlp,0,917,197,89,22,0,110.11005539994221,0.7054883000673726,0.10875220003072172,0.55204162452143,classifier_pipeline_including_tfidf_transform,"{""model__alpha"":0.001,""model__hidden_layer_sizes"":[32]}",0.7180175631532201,"{""eligible"":false,""obra_threshold"":0.9,""threshold"":null}","{""balance_score"":0.03916836565359627,""calibration_group_counts_by_label"":{""0"":8,""1"":11,""2"":12,""3"":5},""calibration_groups"":36,""calibration_label_counts"":{""0"":82,""1"":118,""2"":124,""3"":44},""calibration_records"":368,""fit_group_counts_by_label"":{""0"":14,""1"":15,""2"":15,""3"":9},""fit_groups"":53,""fit_label_counts"":{""0"":122,""1"":163,""2"":181,""3"":83},""fit_records"":549,""group_overlap"":0}","[{""fit_group_counts_by_label"":{""0"":4,""1"":4,""2"":9,""3"":2},""fit_groups"":19,""fit_records"":186,""fold"":0,""group_overlap"":0,""validation_group_counts_by_label"":{""0"":4,""1"":7,""2"":3,""3"":3},""validation_groups"":17,""validation_records"":182},{""fit_group_counts_by_label"":{""0"":4,""1"":7,""2"":3,""3"":3},""fit_groups"":17,""fit_records"":182,""fold"":1,""group_overlap"":0,""validation_group_counts_by_label"":{""0"":4,""1"":4,""2"":9,""3"":2},""validation_groups"":19,""validation_records"":186}]",0
classification__tfidf__none__mlp,classification,tfidf,,mlp,1,881,233,89,22,0,85.21111299993936,0.8236974999308586,0.21300510002765805,0.9141849786594766,classifier_pipeline_including_tfidf_transform,"{""model__alpha"":0.001,""model__hidden_layer_sizes"":[16]}",0.6264261547964347,"{""automatic_maintenance_as_obra"":0,""automatic_non_obra_as_obra"":0,""coverage"":0.5177111716621253,""covered"":190,""eligible"":true,""errors"":4,""obra_threshold"":0.9,""risk"":0.021052631578947368,""threshold"":0.76}","{""balance_score"":0.03224042532791874,""calibration_group_counts_by_label"":{""0"":10,""1"":9,""2"":11,""3"":6},""calibration_groups"":36,""calibration_label_counts"":{""0"":72,""1"":108,""2"":125,""3"":62},""calibration_records"":367,""fit_group_counts_by_label"":{""0"":13,""1"":15,""2"":16,""3"":9},""fit_groups"":53,""fit_label_counts"":{""0"":101,""1"":158,""2"":169,""3"":86},""fit_records"":514,""group_overlap"":0}","[{""fit_group_counts_by_label"":{""0"":4,""1"":5,""2"":5,""3"":2},""fit_groups"":16,""fit_records"":164,""fold"":0,""group_overlap"":0,""validation_group_counts_by_label"":{""0"":6,""1"":4,""2"":6,""3"":4},""validation_groups"":20,""validation_records"":203},{""fit_group_counts_by_label"":{""0"":6,""1"":4,""2"":6,""3"":4},""fit_groups"":20,""fit_records"":203,""fold"":1,""group_overlap"":0,""validation_group_counts_by_label"":{""0"":4,""1"":5,""2"":5,""3"":2},""validation_groups"":16,""validation_records"":164}]",0
classification__tfidf__none__mlp,classification,tfidf,,mlp,2,893,221,89,22,0,77.78999449999537,1.1665463000535965,0.12793130008503795,0.5788746610182712,classifier_pipeline_including_tfidf_transform,"{""model__alpha"":0.001,""model__hidden_layer_sizes"":[16]}",0.5635457646158085,"{""eligible"":false,""obra_threshold"":0.9,""threshold"":null}","{""balance_score"":0.049781125928942266,""calibration_group_counts_by_label"":{""0"":11,""1"":11,""2"":10,""3"":4},""calibration_groups"":36,""calibration_label_counts"":{""0"":82,""1"":135,""2"":118,""3"":50},""calibration_records"":385,""fit_group_counts_by_label"":{""0"":12,""1"":16,""2"":16,""3"":9},""fit_groups"":53,""fit_label_counts"":{""0"":105,""1"":173,""2"":157,""3"":73},""fit_records"":508,""group_overlap"":0}","[{""fit_group_counts_by_label"":{""0"":6,""1"":5,""2"":6,""3"":2},""fit_groups"":19,""fit_records"":193,""fold"":0,""group_overlap"":0,""validation_group_counts_by_label"":{""0"":5,""1"":6,""2"":4,""3"":2},""validation_groups"":17,""validation_records"":192},{""fit_group_counts_by_label"":{""0"":5,""1"":6,""2"":4,""3"":2},""fit_groups"":17,""fit_records"":192,""fold"":1,""group_overlap"":0,""validation_group_counts_by_label"":{""0"":6,""1"":5,""2"":6,""3"":2},""validation_groups"":19,""validation_records"":193}]",0
classification__tfidf__none__mlp,classification,tfidf,,mlp,3,880,234,88,23,0,92.63001560000703,0.6520603999961168,0.12866499996744096,0.5498504272112862,classifier_pipeline_including_tfidf_transform,"{""model__alpha"":0.001,""model__hidden_layer_sizes"":[16]}",0.7641368288888762,"{""eligible"":false,""obra_threshold"":0.9,""threshold"":null}","{""balance_score"":0.03552093973442283,""calibration_group_counts_by_label"":{""0"":10,""1"":9,""2"":11,""3"":6},""calibration_groups"":36,""calibration_label_counts"":{""0"":69,""1"":120,""2"":108,""3"":59},""calibration_records"":356,""fit_group_counts_by_label"":{""0"":12,""1"":16,""2"":13,""3"":11},""fit_groups"":52,""fit_label_counts"":{""0"":113,""1"":163,""2"":159,""3"":89},""fit_records"":524,""group_overlap"":0}","[{""fit_group_counts_by_label"":{""0"":3,""1"":7,""2"":4,""3"":3},""fit_groups"":17,""fit_records"":194,""fold"":0,""group_overlap"":0,""validation_group_counts_by_label"":{""0"":7,""1"":2,""2"":7,""3"":3},""validation_groups"":19,""validation_records"":162},{""fit_group_counts_by_label"":{""0"":7,""1"":2,""2"":7,""3"":3},""fit_groups"":19,""fit_records"":162,""fold"":1,""group_overlap"":0,""validation_group_counts_by_label"":{""0"":3,""1"":7,""2"":4,""3"":3},""validation_groups"":17,""validation_records"":194}]",0
classification__tfidf__none__mlp,classification,tfidf,,mlp,4,885,229,89,22,0,91.06772709998768,0.664833200047724,0.1316757999593392,0.5750034932722236,classifier_pipeline_including_tfidf_transform,"{""model__alpha"":0.001,""model__hidden_layer_sizes"":[16]}",0.6558873989802531,"{""eligible"":false,""obra_threshold"":0.9,""threshold"":null}","{""balance_score"":0.021254300413470872,""calibration_group_counts_by_label"":{""0"":9,""1"":11,""2"":10,""3"":6},""calibration_groups"":36,""calibration_label_counts"":{""0"":75,""1"":115,""2"":104,""3"":64},""calibration_records"":358,""fit_group_counts_by_label"":{""0"":13,""1"":15,""2"":14,""3"":11},""fit_groups"":53,""fit_label_counts"":{""0"":103,""1"":171,""2"":155,""3"":98},""fit_records"":527,""group_overlap"":0}","[{""fit_group_counts_by_label"":{""0"":5,""1"":6,""2"":5,""3"":3},""fit_groups"":19,""fit_records"":178,""fold"":0,""group_overlap"":0,""validation_group_counts_by_label"":{""0"":4,""1"":5,""2"":5,""3"":3},""validation_groups"":17,""validation_records"":180},{""fit_group_counts_by_label"":{""0"":4,""1"":5,""2"":5,""3"":3},""fit_groups"":17,""fit_records"":180,""fold"":1,""group_overlap"":0,""validation_group_counts_by_label"":{""0"":5,""1"":6,""2"":5,""3"":3},""validation_groups"":19,""validation_records"":178}]",0
classification__tfidf__none__xgboost,classification,tfidf,,xgboost,0,917,197,89,22,0,142.01790560001973,0.8442096000071615,0.11782279994804412,0.5980852789240818,classifier_pipeline_including_tfidf_transform,"{""model__learning_rate"":0.05,""model__max_depth"":2,""model__n_estimators"":160}",0.6486300461382248,"{""eligible"":false,""obra_threshold"":0.9,""threshold"":null}","{""balance_score"":0.03916836565359627,""calibration_group_counts_by_label"":{""0"":8,""1"":11,""2"":12,""3"":5},""calibration_groups"":36,""calibration_label_counts"":{""0"":82,""1"":118,""2"":124,""3"":44},""calibration_records"":368,""fit_group_counts_by_label"":{""0"":14,""1"":15,""2"":15,""3"":9},""fit_groups"":53,""fit_label_counts"":{""0"":122,""1"":163,""2"":181,""3"":83},""fit_records"":549,""group_overlap"":0}","[{""fit_group_counts_by_label"":{""0"":4,""1"":4,""2"":9,""3"":2},""fit_groups"":19,""fit_records"":186,""fold"":0,""group_overlap"":0,""validation_group_counts_by_label"":{""0"":4,""1"":7,""2"":3,""3"":3},""validation_groups"":17,""validation_records"":182},{""fit_group_counts_by_label"":{""0"":4,""1"":7,""2"":3,""3"":3},""fit_groups"":17,""fit_records"":182,""fold"":1,""group_overlap"":0,""validation_group_counts_by_label"":{""0"":4,""1"":4,""2"":9,""3"":2},""validation_groups"":19,""validation_records"":186}]",0
classification__tfidf__none__xgboost,classification,tfidf,,xgboost,1,881,233,89,22,0,148.1973835999379,1.3060811000177637,0.4323312999913469,1.8554991415937634,classifier_pipeline_including_tfidf_transform,"{""model__learning_rate"":0.05,""model__max_depth"":2,""model__n_estimators"":160}",0.6667952798026965,"{""eligible"":false,""obra_threshold"":0.9,""threshold"":null}","{""balance_score"":0.03224042532791874,""calibration_group_counts_by_label"":{""0"":10,""1"":9,""2"":11,""3"":6},""calibration_groups"":36,""calibration_label_counts"":{""0"":72,""1"":108,""2"":125,""3"":62},""calibration_records"":367,""fit_group_counts_by_label"":{""0"":13,""1"":15,""2"":16,""3"":9},""fit_groups"":53,""fit_label_counts"":{""0"":101,""1"":158,""2"":169,""3"":86},""fit_records"":514,""group_overlap"":0}","[{""fit_group_counts_by_label"":{""0"":4,""1"":5,""2"":5,""3"":2},""fit_groups"":16,""fit_records"":164,""fold"":0,""group_overlap"":0,""validation_group_counts_by_label"":{""0"":6,""1"":4,""2"":6,""3"":4},""validation_groups"":20,""validation_records"":203},{""fit_group_counts_by_label"":{""0"":6,""1"":4,""2"":6,""3"":4},""fit_groups"":20,""fit_records"":203,""fold"":1,""group_overlap"":0,""validation_group_counts_by_label"":{""0"":4,""1"":5,""2"":5,""3"":2},""validation_groups"":16,""validation_records"":164}]",0
classification__tfidf__none__xgboost,classification,tfidf,,xgboost,2,893,221,89,22,0,276.49485620006453,2.5258966999826953,0.40048599999863654,1.8121538461476767,classifier_pipeline_including_tfidf_transform,"{""model__learning_rate"":0.05,""model__max_depth"":2,""model__n_estimators"":160}",0.47344644051750073,"{""automatic_maintenance_as_obra"":0,""automatic_non_obra_as_obra"":0,""coverage"":0.5324675324675324,""covered"":205,""eligible"":true,""errors"":19,""obra_threshold"":0.9,""risk"":0.09268292682926829,""threshold"":0.84}","{""balance_score"":0.049781125928942266,""calibration_group_counts_by_label"":{""0"":11,""1"":11,""2"":10,""3"":4},""calibration_groups"":36,""calibration_label_counts"":{""0"":82,""1"":135,""2"":118,""3"":50},""calibration_records"":385,""fit_group_counts_by_label"":{""0"":12,""1"":16,""2"":16,""3"":9},""fit_groups"":53,""fit_label_counts"":{""0"":105,""1"":173,""2"":157,""3"":73},""fit_records"":508,""group_overlap"":0}","[{""fit_group_counts_by_label"":{""0"":6,""1"":5,""2"":6,""3"":2},""fit_groups"":19,""fit_records"":193,""fold"":0,""group_overlap"":0,""validation_group_counts_by_label"":{""0"":5,""1"":6,""2"":4,""3"":2},""validation_groups"":17,""validation_records"":192},{""fit_group_counts_by_label"":{""0"":5,""1"":6,""2"":4,""3"":2},""fit_groups"":17,""fit_records"":192,""fold"":1,""group_overlap"":0,""validation_group_counts_by_label"":{""0"":6,""1"":5,""2"":6,""3"":2},""validation_groups"":19,""validation_records"":193}]",0
classification__tfidf__none__xgboost,classification,tfidf,,xgboost,3,880,234,88,23,0,181.47369769995566,0.8521287000039592,0.13654229999519885,0.5835141025435848,classifier_pipeline_including_tfidf_transform,"{""model__learning_rate"":0.05,""model__max_depth"":2,""model__n_estimators"":160}",0.5736800591711896,"{""eligible"":false,""obra_threshold"":0.9,""threshold"":null}","{""balance_score"":0.03552093973442283,""calibration_group_counts_by_label"":{""0"":10,""1"":9,""2"":11,""3"":6},""calibration_groups"":36,""calibration_label_counts"":{""0"":69,""1"":120,""2"":108,""3"":59},""calibration_records"":356,""fit_group_counts_by_label"":{""0"":12,""1"":16,""2"":13,""3"":11},""fit_groups"":52,""fit_label_counts"":{""0"":113,""1"":163,""2"":159,""3"":89},""fit_records"":524,""group_overlap"":0}","[{""fit_group_counts_by_label"":{""0"":3,""1"":7,""2"":4,""3"":3},""fit_groups"":17,""fit_records"":194,""fold"":0,""group_overlap"":0,""validation_group_counts_by_label"":{""0"":7,""1"":2,""2"":7,""3"":3},""validation_groups"":19,""validation_records"":162},{""fit_group_counts_by_label"":{""0"":7,""1"":2,""2"":7,""3"":3},""fit_groups"":19,""fit_records"":162,""fold"":1,""group_overlap"":0,""validation_group_counts_by_label"":{""0"":3,""1"":7,""2"":4,""3"":3},""validation_groups"":17,""validation_records"":194}]",0
classification__tfidf__none__xgboost,classification,tfidf,,xgboost,4,885,229,89,22,0,134.01319409999996,0.8709569999482483,0.13746660004835576,0.6002908299054837,classifier_pipeline_including_tfidf_transform,"{""model__learning_rate"":0.05,""model__max_depth"":2,""model__n_estimators"":160}",0.5645984707045407,"{""eligible"":false,""obra_threshold"":0.9,""threshold"":null}","{""balance_score"":0.021254300413470872,""calibration_group_counts_by_label"":{""0"":9,""1"":11,""2"":10,""3"":6},""calibration_groups"":36,""calibration_label_counts"":{""0"":75,""1"":115,""2"":104,""3"":64},""calibration_records"":358,""fit_group_counts_by_label"":{""0"":13,""1"":15,""2"":14,""3"":11},""fit_groups"":53,""fit_label_counts"":{""0"":103,""1"":171,""2"":155,""3"":98},""fit_records"":527,""group_overlap"":0}","[{""fit_group_counts_by_label"":{""0"":5,""1"":6,""2"":5,""3"":3},""fit_groups"":19,""fit_records"":178,""fold"":0,""group_overlap"":0,""validation_group_counts_by_label"":{""0"":4,""1"":5,""2"":5,""3"":3},""validation_groups"":17,""validation_records"":180},{""fit_group_counts_by_label"":{""0"":4,""1"":5,""2"":5,""3"":3},""fit_groups"":17,""fit_records"":180,""fold"":1,""group_overlap"":0,""validation_group_counts_by_label"":{""0"":5,""1"":6,""2"":5,""3"":3},""validation_groups"":19,""validation_records"":178}]",0
classification__embedding__granite97m__logistic_regression,classification,embedding,granite97m,logistic_regression,0,917,197,89,22,0,1.316938400035724,0.13666670001111925,0.009626900078728795,0.04886751308999388,classifier_pipeline_with_precomputed_embedding,"{""model__C"":10.0}",0.6439319801406249,"{""automatic_maintenance_as_obra"":0,""automatic_non_obra_as_obra"":0,""coverage"":0.5027173913043478,""covered"":185,""eligible"":true,""errors"":12,""obra_threshold"":0.9,""risk"":0.06486486486486487,""threshold"":0.76}","{""balance_score"":0.03916836565359627,""calibration_group_counts_by_label"":{""0"":8,""1"":11,""2"":12,""3"":5},""calibration_groups"":36,""calibration_label_counts"":{""0"":82,""1"":118,""2"":124,""3"":44},""calibration_records"":368,""fit_group_counts_by_label"":{""0"":14,""1"":15,""2"":15,""3"":9},""fit_groups"":53,""fit_label_counts"":{""0"":122,""1"":163,""2"":181,""3"":83},""fit_records"":549,""group_overlap"":0}","[{""fit_group_counts_by_label"":{""0"":4,""1"":4,""2"":9,""3"":2},""fit_groups"":19,""fit_records"":186,""fold"":0,""group_overlap"":0,""validation_group_counts_by_label"":{""0"":4,""1"":7,""2"":3,""3"":3},""validation_groups"":17,""validation_records"":182},{""fit_group_counts_by_label"":{""0"":4,""1"":7,""2"":3,""3"":3},""fit_groups"":17,""fit_records"":182,""fold"":1,""group_overlap"":0,""validation_group_counts_by_label"":{""0"":4,""1"":4,""2"":9,""3"":2},""validation_groups"":19,""validation_records"":186}]",0
classification__embedding__granite97m__logistic_regression,classification,embedding,granite97m,logistic_regression,1,881,233,89,22,0,1.095396300079301,0.14253039995674044,0.007599700009450316,0.032616738237984194,classifier_pipeline_with_precomputed_embedding,"{""model__C"":10.0}",0.6739204591356093,"{""eligible"":false,""obra_threshold"":0.9,""threshold"":null}","{""balance_score"":0.03224042532791874,""calibration_group_counts_by_label"":{""0"":10,""1"":9,""2"":11,""3"":6},""calibration_groups"":36,""calibration_label_counts"":{""0"":72,""1"":108,""2"":125,""3"":62},""calibration_records"":367,""fit_group_counts_by_label"":{""0"":13,""1"":15,""2"":16,""3"":9},""fit_groups"":53,""fit_label_counts"":{""0"":101,""1"":158,""2"":169,""3"":86},""fit_records"":514,""group_overlap"":0}","[{""fit_group_counts_by_label"":{""0"":4,""1"":5,""2"":5,""3"":2},""fit_groups"":16,""fit_records"":164,""fold"":0,""group_overlap"":0,""validation_group_counts_by_label"":{""0"":6,""1"":4,""2"":6,""3"":4},""validation_groups"":20,""validation_records"":203},{""fit_group_counts_by_label"":{""0"":6,""1"":4,""2"":6,""3"":4},""fit_groups"":20,""fit_records"":203,""fold"":1,""group_overlap"":0,""validation_group_counts_by_label"":{""0"":4,""1"":5,""2"":5,""3"":2},""validation_groups"":16,""validation_records"":164}]",0
classification__embedding__granite97m__logistic_regression,classification,embedding,granite97m,logistic_regression,2,893,221,89,22,0,0.9276539999991655,0.10250070004258305,0.009619400021620095,0.04352669693040767,classifier_pipeline_with_precomputed_embedding,"{""model__C"":10.0}",0.6921611383709371,"{""automatic_maintenance_as_obra"":0,""automatic_non_obra_as_obra"":0,""coverage"":0.509090909090909,""covered"":196,""eligible"":true,""errors"":13,""obra_threshold"":0.9,""risk"":0.0663265306122449,""threshold"":0.8}","{""balance_score"":0.049781125928942266,""calibration_group_counts_by_label"":{""0"":11,""1"":11,""2"":10,""3"":4},""calibration_groups"":36,""calibration_label_counts"":{""0"":82,""1"":135,""2"":118,""3"":50},""calibration_records"":385,""fit_group_counts_by_label"":{""0"":12,""1"":16,""2"":16,""3"":9},""fit_groups"":53,""fit_label_counts"":{""0"":105,""1"":173,""2"":157,""3"":73},""fit_records"":508,""group_overlap"":0}","[{""fit_group_counts_by_label"":{""0"":6,""1"":5,""2"":6,""3"":2},""fit_groups"":19,""fit_records"":193,""fold"":0,""group_overlap"":0,""validation_group_counts_by_label"":{""0"":5,""1"":6,""2"":4,""3"":2},""validation_groups"":17,""validation_records"":192},{""fit_group_counts_by_label"":{""0"":5,""1"":6,""2"":4,""3"":2},""fit_groups"":17,""fit_records"":192,""fold"":1,""group_overlap"":0,""validation_group_counts_by_label"":{""0"":6,""1"":5,""2"":6,""3"":2},""validation_groups"":19,""validation_records"":193}]",0
classification__embedding__granite97m__logistic_regression,classification,embedding,granite97m,logistic_regression,3,880,234,88,23,0,0.9140690999338403,0.1474975999444723,0.010274300002492964,0.04390726496791865,classifier_pipeline_with_precomputed_embedding,"{""model__C"":10.0}",0.7040033702937954,"{""eligible"":false,""obra_threshold"":0.9,""threshold"":null}","{""balance_score"":0.03552093973442283,""calibration_group_counts_by_label"":{""0"":10,""1"":9,""2"":11,""3"":6},""calibration_groups"":36,""calibration_label_counts"":{""0"":69,""1"":120,""2"":108,""3"":59},""calibration_records"":356,""fit_group_counts_by_label"":{""0"":12,""1"":16,""2"":13,""3"":11},""fit_groups"":52,""fit_label_counts"":{""0"":113,""1"":163,""2"":159,""3"":89},""fit_records"":524,""group_overlap"":0}","[{""fit_group_counts_by_label"":{""0"":3,""1"":7,""2"":4,""3"":3},""fit_groups"":17,""fit_records"":194,""fold"":0,""group_overlap"":0,""validation_group_counts_by_label"":{""0"":7,""1"":2,""2"":7,""3"":3},""validation_groups"":19,""validation_records"":162},{""fit_group_counts_by_label"":{""0"":7,""1"":2,""2"":7,""3"":3},""fit_groups"":19,""fit_records"":162,""fold"":1,""group_overlap"":0,""validation_group_counts_by_label"":{""0"":3,""1"":7,""2"":4,""3"":3},""validation_groups"":17,""validation_records"":194}]",0
classification__embedding__granite97m__logistic_regression,classification,embedding,granite97m,logistic_regression,4,885,229,89,22,0,1.1211549000581726,0.10934720002114773,0.01068410009611398,0.04665545893499554,classifier_pipeline_with_precomputed_embedding,"{""model__C"":10.0}",0.6150570420522948,"{""eligible"":false,""obra_threshold"":0.9,""threshold"":null}","{""balance_score"":0.021254300413470872,""calibration_group_counts_by_label"":{""0"":9,""1"":11,""2"":10,""3"":6},""calibration_groups"":36,""calibration_label_counts"":{""0"":75,""1"":115,""2"":104,""3"":64},""calibration_records"":358,""fit_group_counts_by_label"":{""0"":13,""1"":15,""2"":14,""3"":11},""fit_groups"":53,""fit_label_counts"":{""0"":103,""1"":171,""2"":155,""3"":98},""fit_records"":527,""group_overlap"":0}","[{""fit_group_counts_by_label"":{""0"":5,""1"":6,""2"":5,""3"":3},""fit_groups"":19,""fit_records"":178,""fold"":0,""group_overlap"":0,""validation_group_counts_by_label"":{""0"":4,""1"":5,""2"":5,""3"":3},""validation_groups"":17,""validation_records"":180},{""fit_group_counts_by_label"":{""0"":4,""1"":5,""2"":5,""3"":3},""fit_groups"":17,""fit_records"":180,""fold"":1,""group_overlap"":0,""validation_group_counts_by_label"":{""0"":5,""1"":6,""2"":5,""3"":3},""validation_groups"":19,""validation_records"":178}]",0
classification__embedding__granite97m__decision_tree,classification,embedding,granite97m,decision_tree,0,917,197,89,22,0,2.485350299975835,0.09125709999352694,0.008305299910716712,0.04215888279551631,classifier_pipeline_with_precomputed_embedding,"{""model__max_depth"":6,""model__min_samples_leaf"":2}",0.37066063722147796,"{""eligible"":false,""obra_threshold"":0.9,""threshold"":null}","{""balance_score"":0.03916836565359627,""calibration_group_counts_by_label"":{""0"":8,""1"":11,""2"":12,""3"":5},""calibration_groups"":36,""calibration_label_counts"":{""0"":82,""1"":118,""2"":124,""3"":44},""calibration_records"":368,""fit_group_counts_by_label"":{""0"":14,""1"":15,""2"":15,""3"":9},""fit_groups"":53,""fit_label_counts"":{""0"":122,""1"":163,""2"":181,""3"":83},""fit_records"":549,""group_overlap"":0}","[{""fit_group_counts_by_label"":{""0"":4,""1"":4,""2"":9,""3"":2},""fit_groups"":19,""fit_records"":186,""fold"":0,""group_overlap"":0,""validation_group_counts_by_label"":{""0"":4,""1"":7,""2"":3,""3"":3},""validation_groups"":17,""validation_records"":182},{""fit_group_counts_by_label"":{""0"":4,""1"":7,""2"":3,""3"":3},""fit_groups"":17,""fit_records"":182,""fold"":1,""group_overlap"":0,""validation_group_counts_by_label"":{""0"":4,""1"":4,""2"":9,""3"":2},""validation_groups"":19,""validation_records"":186}]",0
classification__embedding__granite97m__decision_tree,classification,embedding,granite97m,decision_tree,1,881,233,89,22,0,1.858233300037682,0.08384940004907548,0.006173499976284802,0.02649570805272447,classifier_pipeline_with_precomputed_embedding,"{""model__max_depth"":3,""model__min_samples_leaf"":2}",0.4031476113034104,"{""eligible"":false,""obra_threshold"":0.9,""threshold"":null}","{""balance_score"":0.03224042532791874,""calibration_group_counts_by_label"":{""0"":10,""1"":9,""2"":11,""3"":6},""calibration_groups"":36,""calibration_label_counts"":{""0"":72,""1"":108,""2"":125,""3"":62},""calibration_records"":367,""fit_group_counts_by_label"":{""0"":13,""1"":15,""2"":16,""3"":9},""fit_groups"":53,""fit_label_counts"":{""0"":101,""1"":158,""2"":169,""3"":86},""fit_records"":514,""group_overlap"":0}","[{""fit_group_counts_by_label"":{""0"":4,""1"":5,""2"":5,""3"":2},""fit_groups"":16,""fit_records"":164,""fold"":0,""group_overlap"":0,""validation_group_counts_by_label"":{""0"":6,""1"":4,""2"":6,""3"":4},""validation_groups"":20,""validation_records"":203},{""fit_group_counts_by_label"":{""0"":6,""1"":4,""2"":6,""3"":4},""fit_groups"":20,""fit_records"":203,""fold"":1,""group_overlap"":0,""validation_group_counts_by_label"":{""0"":4,""1"":5,""2"":5,""3"":2},""validation_groups"":16,""validation_records"":164}]",0
classification__embedding__granite97m__decision_tree,classification,embedding,granite97m,decision_tree,2,893,221,89,22,0,2.2724047999363393,0.1714973000343889,0.007213999982923269,0.03264253385938131,classifier_pipeline_with_precomputed_embedding,"{""model__max_depth"":6,""model__min_samples_leaf"":5}",0.31902838898133007,"{""eligible"":false,""obra_threshold"":0.9,""threshold"":null}","{""balance_score"":0.049781125928942266,""calibration_group_counts_by_label"":{""0"":11,""1"":11,""2"":10,""3"":4},""calibration_groups"":36,""calibration_label_counts"":{""0"":82,""1"":135,""2"":118,""3"":50},""calibration_records"":385,""fit_group_counts_by_label"":{""0"":12,""1"":16,""2"":16,""3"":9},""fit_groups"":53,""fit_label_counts"":{""0"":105,""1"":173,""2"":157,""3"":73},""fit_records"":508,""group_overlap"":0}","[{""fit_group_counts_by_label"":{""0"":6,""1"":5,""2"":6,""3"":2},""fit_groups"":19,""fit_records"":193,""fold"":0,""group_overlap"":0,""validation_group_counts_by_label"":{""0"":5,""1"":6,""2"":4,""3"":2},""validation_groups"":17,""validation_records"":192},{""fit_group_counts_by_label"":{""0"":5,""1"":6,""2"":4,""3"":2},""fit_groups"":17,""fit_records"":192,""fold"":1,""group_overlap"":0,""validation_group_counts_by_label"":{""0"":6,""1"":5,""2"":6,""3"":2},""validation_groups"":19,""validation_records"":193}]",0
classification__embedding__granite97m__decision_tree,classification,embedding,granite97m,decision_tree,3,880,234,88,23,0,1.912572499946691,0.08044589997734874,0.00851620000321418,0.036394017107752905,classifier_pipeline_with_precomputed_embedding,"{""model__max_depth"":3,""model__min_samples_leaf"":5}",0.3497115923515936,"{""eligible"":false,""obra_threshold"":0.9,""threshold"":null}","{""balance_score"":0.03552093973442283,""calibration_group_counts_by_label"":{""0"":10,""1"":9,""2"":11,""3"":6},""calibration_groups"":36,""calibration_label_counts"":{""0"":69,""1"":120,""2"":108,""3"":59},""calibration_records"":356,""fit_group_counts_by_label"":{""0"":12,""1"":16,""2"":13,""3"":11},""fit_groups"":52,""fit_label_counts"":{""0"":113,""1"":163,""2"":159,""3"":89},""fit_records"":524,""group_overlap"":0}","[{""fit_group_counts_by_label"":{""0"":3,""1"":7,""2"":4,""3"":3},""fit_groups"":17,""fit_records"":194,""fold"":0,""group_overlap"":0,""validation_group_counts_by_label"":{""0"":7,""1"":2,""2"":7,""3"":3},""validation_groups"":19,""validation_records"":162},{""fit_group_counts_by_label"":{""0"":7,""1"":2,""2"":7,""3"":3},""fit_groups"":19,""fit_records"":162,""fold"":1,""group_overlap"":0,""validation_group_counts_by_label"":{""0"":3,""1"":7,""2"":4,""3"":3},""validation_groups"":17,""validation_records"":194}]",0
classification__embedding__granite97m__decision_tree,classification,embedding,granite97m,decision_tree,4,885,229,89,22,0,2.2994764000177383,0.10922320000827312,0.0062686000019311905,0.027373799135070702,classifier_pipeline_with_precomputed_embedding,"{""model__max_depth"":6,""model__min_samples_leaf"":5}",0.4666293282702931,"{""eligible"":false,""obra_threshold"":0.9,""threshold"":null}","{""balance_score"":0.021254300413470872,""calibration_group_counts_by_label"":{""0"":9,""1"":11,""2"":10,""3"":6},""calibration_groups"":36,""calibration_label_counts"":{""0"":75,""1"":115,""2"":104,""3"":64},""calibration_records"":358,""fit_group_counts_by_label"":{""0"":13,""1"":15,""2"":14,""3"":11},""fit_groups"":53,""fit_label_counts"":{""0"":103,""1"":171,""2"":155,""3"":98},""fit_records"":527,""group_overlap"":0}","[{""fit_group_counts_by_label"":{""0"":5,""1"":6,""2"":5,""3"":3},""fit_groups"":19,""fit_records"":178,""fold"":0,""group_overlap"":0,""validation_group_counts_by_label"":{""0"":4,""1"":5,""2"":5,""3"":3},""validation_groups"":17,""validation_records"":180},{""fit_group_counts_by_label"":{""0"":4,""1"":5,""2"":5,""3"":3},""fit_groups"":17,""fit_records"":180,""fold"":1,""group_overlap"":0,""validation_group_counts_by_label"":{""0"":5,""1"":6,""2"":5,""3"":3},""validation_groups"":19,""validation_records"":178}]",0
classification__embedding__granite97m__linear_svm,classification,embedding,granite97m,linear_svm,0,917,197,89,22,0,1.8721569000044838,0.12398640008177608,0.006233599968254566,0.0316426394327643,classifier_pipeline_with_precomputed_embedding,"{""model__C"":10.0}",0.6285930916183913,"{""automatic_maintenance_as_obra"":0,""automatic_non_obra_as_obra"":0,""coverage"":0.5815217391304348,""covered"":214,""eligible"":true,""errors"":17,""obra_threshold"":0.9,""risk"":0.0794392523364486,""threshold"":0.65}","{""balance_score"":0.03916836565359627,""calibration_group_counts_by_label"":{""0"":8,""1"":11,""2"":12,""3"":5},""calibration_groups"":36,""calibration_label_counts"":{""0"":82,""1"":118,""2"":124,""3"":44},""calibration_records"":368,""fit_group_counts_by_label"":{""0"":14,""1"":15,""2"":15,""3"":9},""fit_groups"":53,""fit_label_counts"":{""0"":122,""1"":163,""2"":181,""3"":83},""fit_records"":549,""group_overlap"":0}","[{""fit_group_counts_by_label"":{""0"":4,""1"":4,""2"":9,""3"":2},""fit_groups"":19,""fit_records"":186,""fold"":0,""group_overlap"":0,""validation_group_counts_by_label"":{""0"":4,""1"":7,""2"":3,""3"":3},""validation_groups"":17,""validation_records"":182},{""fit_group_counts_by_label"":{""0"":4,""1"":7,""2"":3,""3"":3},""fit_groups"":17,""fit_records"":182,""fold"":1,""group_overlap"":0,""validation_group_counts_by_label"":{""0"":4,""1"":4,""2"":9,""3"":2},""validation_groups"":19,""validation_records"":186}]",0
classification__embedding__granite97m__linear_svm,classification,embedding,granite97m,linear_svm,1,881,233,89,22,0,1.2702743000118062,0.1467984999762848,0.009185099974274635,0.03942102993250916,classifier_pipeline_with_precomputed_embedding,"{""model__C"":10.0}",0.6600029136926763,"{""eligible"":false,""obra_threshold"":0.9,""threshold"":null}","{""balance_score"":0.03224042532791874,""calibration_group_counts_by_label"":{""0"":10,""1"":9,""2"":11,""3"":6},""calibration_groups"":36,""calibration_label_counts"":{""0"":72,""1"":108,""2"":125,""3"":62},""calibration_records"":367,""fit_group_counts_by_label"":{""0"":13,""1"":15,""2"":16,""3"":9},""fit_groups"":53,""fit_label_counts"":{""0"":101,""1"":158,""2"":169,""3"":86},""fit_records"":514,""group_overlap"":0}","[{""fit_group_counts_by_label"":{""0"":4,""1"":5,""2"":5,""3"":2},""fit_groups"":16,""fit_records"":164,""fold"":0,""group_overlap"":0,""validation_group_counts_by_label"":{""0"":6,""1"":4,""2"":6,""3"":4},""validation_groups"":20,""validation_records"":203},{""fit_group_counts_by_label"":{""0"":6,""1"":4,""2"":6,""3"":4},""fit_groups"":20,""fit_records"":203,""fold"":1,""group_overlap"":0,""validation_group_counts_by_label"":{""0"":4,""1"":5,""2"":5,""3"":2},""validation_groups"":16,""validation_records"":164}]",0
classification__embedding__granite97m__linear_svm,classification,embedding,granite97m,linear_svm,2,893,221,89,22,0,1.8754421999910846,0.1555251000681892,0.012731000082567334,0.05760633521523681,classifier_pipeline_with_precomputed_embedding,"{""model__C"":10.0}",0.6767516187750605,"{""automatic_maintenance_as_obra"":0,""automatic_non_obra_as_obra"":0,""coverage"":0.5012987012987012,""covered"":193,""eligible"":true,""errors"":14,""obra_threshold"":0.9,""risk"":0.07253886010362694,""threshold"":0.78}","{""balance_score"":0.049781125928942266,""calibration_group_counts_by_label"":{""0"":11,""1"":11,""2"":10,""3"":4},""calibration_groups"":36,""calibration_label_counts"":{""0"":82,""1"":135,""2"":118,""3"":50},""calibration_records"":385,""fit_group_counts_by_label"":{""0"":12,""1"":16,""2"":16,""3"":9},""fit_groups"":53,""fit_label_counts"":{""0"":105,""1"":173,""2"":157,""3"":73},""fit_records"":508,""group_overlap"":0}","[{""fit_group_counts_by_label"":{""0"":6,""1"":5,""2"":6,""3"":2},""fit_groups"":19,""fit_records"":193,""fold"":0,""group_overlap"":0,""validation_group_counts_by_label"":{""0"":5,""1"":6,""2"":4,""3"":2},""validation_groups"":17,""validation_records"":192},{""fit_group_counts_by_label"":{""0"":5,""1"":6,""2"":4,""3"":2},""fit_groups"":17,""fit_records"":192,""fold"":1,""group_overlap"":0,""validation_group_counts_by_label"":{""0"":6,""1"":5,""2"":6,""3"":2},""validation_groups"":19,""validation_records"":193}]",0
classification__embedding__granite97m__linear_svm,classification,embedding,granite97m,linear_svm,3,880,234,88,23,0,1.5393156999489293,0.10621650004759431,0.007161500048823655,0.030604701063348953,classifier_pipeline_with_precomputed_embedding,"{""model__C"":1.0}",0.7242752480296786,"{""eligible"":false,""obra_threshold"":0.9,""threshold"":null}","{""balance_score"":0.03552093973442283,""calibration_group_counts_by_label"":{""0"":10,""1"":9,""2"":11,""3"":6},""calibration_groups"":36,""calibration_label_counts"":{""0"":69,""1"":120,""2"":108,""3"":59},""calibration_records"":356,""fit_group_counts_by_label"":{""0"":12,""1"":16,""2"":13,""3"":11},""fit_groups"":52,""fit_label_counts"":{""0"":113,""1"":163,""2"":159,""3"":89},""fit_records"":524,""group_overlap"":0}","[{""fit_group_counts_by_label"":{""0"":3,""1"":7,""2"":4,""3"":3},""fit_groups"":17,""fit_records"":194,""fold"":0,""group_overlap"":0,""validation_group_counts_by_label"":{""0"":7,""1"":2,""2"":7,""3"":3},""validation_groups"":19,""validation_records"":162},{""fit_group_counts_by_label"":{""0"":7,""1"":2,""2"":7,""3"":3},""fit_groups"":19,""fit_records"":162,""fold"":1,""group_overlap"":0,""validation_group_counts_by_label"":{""0"":3,""1"":7,""2"":4,""3"":3},""validation_groups"":17,""validation_records"":194}]",0
classification__embedding__granite97m__linear_svm,classification,embedding,granite97m,linear_svm,4,885,229,89,22,0,1.3316906000254676,0.09730729996226728,0.006782799959182739,0.029619213795557812,classifier_pipeline_with_precomputed_embedding,"{""model__C"":10.0}",0.6356573790584101,"{""eligible"":false,""obra_threshold"":0.9,""threshold"":null}","{""balance_score"":0.021254300413470872,""calibration_group_counts_by_label"":{""0"":9,""1"":11,""2"":10,""3"":6},""calibration_groups"":36,""calibration_label_counts"":{""0"":75,""1"":115,""2"":104,""3"":64},""calibration_records"":358,""fit_group_counts_by_label"":{""0"":13,""1"":15,""2"":14,""3"":11},""fit_groups"":53,""fit_label_counts"":{""0"":103,""1"":171,""2"":155,""3"":98},""fit_records"":527,""group_overlap"":0}","[{""fit_group_counts_by_label"":{""0"":5,""1"":6,""2"":5,""3"":3},""fit_groups"":19,""fit_records"":178,""fold"":0,""group_overlap"":0,""validation_group_counts_by_label"":{""0"":4,""1"":5,""2"":5,""3"":3},""validation_groups"":17,""validation_records"":180},{""fit_group_counts_by_label"":{""0"":4,""1"":5,""2"":5,""3"":3},""fit_groups"":17,""fit_records"":180,""fold"":1,""group_overlap"":0,""validation_group_counts_by_label"":{""0"":5,""1"":6,""2"":5,""3"":3},""validation_groups"":19,""validation_records"":178}]",0
classification__embedding__granite97m__mlp,classification,embedding,granite97m,mlp,0,917,197,89,22,0,48.441698000067845,0.18183399992994964,0.016292399959638715,0.08270253786618637,classifier_pipeline_with_precomputed_embedding,"{""model__alpha"":0.001,""model__hidden_layer_sizes"":[16]}",0.6354658568426634,"{""automatic_maintenance_as_obra"":0,""automatic_non_obra_as_obra"":0,""coverage"":0.5353260869565217,""covered"":197,""eligible"":true,""errors"":11,""obra_threshold"":0.9,""risk"":0.05583756345177665,""threshold"":0.89}","{""balance_score"":0.03916836565359627,""calibration_group_counts_by_label"":{""0"":8,""1"":11,""2"":12,""3"":5},""calibration_groups"":36,""calibration_label_counts"":{""0"":82,""1"":118,""2"":124,""3"":44},""calibration_records"":368,""fit_group_counts_by_label"":{""0"":14,""1"":15,""2"":15,""3"":9},""fit_groups"":53,""fit_label_counts"":{""0"":122,""1"":163,""2"":181,""3"":83},""fit_records"":549,""group_overlap"":0}","[{""fit_group_counts_by_label"":{""0"":4,""1"":4,""2"":9,""3"":2},""fit_groups"":19,""fit_records"":186,""fold"":0,""group_overlap"":0,""validation_group_counts_by_label"":{""0"":4,""1"":7,""2"":3,""3"":3},""validation_groups"":17,""validation_records"":182},{""fit_group_counts_by_label"":{""0"":4,""1"":7,""2"":3,""3"":3},""fit_groups"":17,""fit_records"":182,""fold"":1,""group_overlap"":0,""validation_group_counts_by_label"":{""0"":4,""1"":4,""2"":9,""3"":2},""validation_groups"":19,""validation_records"":186}]",0
classification__embedding__granite97m__mlp,classification,embedding,granite97m,mlp,1,881,233,89,22,0,36.18922579998616,0.1494920999975875,0.01672580000013113,0.07178454935678596,classifier_pipeline_with_precomputed_embedding,"{""model__alpha"":0.001,""model__hidden_layer_sizes"":[16]}",0.650218231164064,"{""eligible"":false,""obra_threshold"":0.9,""threshold"":null}","{""balance_score"":0.03224042532791874,""calibration_group_counts_by_label"":{""0"":10,""1"":9,""2"":11,""3"":6},""calibration_groups"":36,""calibration_label_counts"":{""0"":72,""1"":108,""2"":125,""3"":62},""calibration_records"":367,""fit_group_counts_by_label"":{""0"":13,""1"":15,""2"":16,""3"":9},""fit_groups"":53,""fit_label_counts"":{""0"":101,""1"":158,""2"":169,""3"":86},""fit_records"":514,""group_overlap"":0}","[{""fit_group_counts_by_label"":{""0"":4,""1"":5,""2"":5,""3"":2},""fit_groups"":16,""fit_records"":164,""fold"":0,""group_overlap"":0,""validation_group_counts_by_label"":{""0"":6,""1"":4,""2"":6,""3"":4},""validation_groups"":20,""validation_records"":203},{""fit_group_counts_by_label"":{""0"":6,""1"":4,""2"":6,""3"":4},""fit_groups"":20,""fit_records"":203,""fold"":1,""group_overlap"":0,""validation_group_counts_by_label"":{""0"":4,""1"":5,""2"":5,""3"":2},""validation_groups"":16,""validation_records"":164}]",0
classification__embedding__granite97m__mlp,classification,embedding,granite97m,mlp,2,893,221,89,22,0,35.125406999955885,0.25469699990935624,0.032833400066010654,0.14856742111317037,classifier_pipeline_with_precomputed_embedding,"{""model__alpha"":0.001,""model__hidden_layer_sizes"":[32]}",0.7002335238920101,"{""eligible"":false,""obra_threshold"":0.9,""threshold"":null}","{""balance_score"":0.049781125928942266,""calibration_group_counts_by_label"":{""0"":11,""1"":11,""2"":10,""3"":4},""calibration_groups"":36,""calibration_label_counts"":{""0"":82,""1"":135,""2"":118,""3"":50},""calibration_records"":385,""fit_group_counts_by_label"":{""0"":12,""1"":16,""2"":16,""3"":9},""fit_groups"":53,""fit_label_counts"":{""0"":105,""1"":173,""2"":157,""3"":73},""fit_records"":508,""group_overlap"":0}","[{""fit_group_counts_by_label"":{""0"":6,""1"":5,""2"":6,""3"":2},""fit_groups"":19,""fit_records"":193,""fold"":0,""group_overlap"":0,""validation_group_counts_by_label"":{""0"":5,""1"":6,""2"":4,""3"":2},""validation_groups"":17,""validation_records"":192},{""fit_group_counts_by_label"":{""0"":5,""1"":6,""2"":4,""3"":2},""fit_groups"":17,""fit_records"":192,""fold"":1,""group_overlap"":0,""validation_group_counts_by_label"":{""0"":6,""1"":5,""2"":6,""3"":2},""validation_groups"":19,""validation_records"":193}]",0
classification__embedding__granite97m__mlp,classification,embedding,granite97m,mlp,3,880,234,88,23,0,47.10945480002556,0.18244420003611594,0.02476209995802492,0.10582093999155948,classifier_pipeline_with_precomputed_embedding,"{""model__alpha"":0.001,""model__hidden_layer_sizes"":[16]}",0.6947902719729636,"{""eligible"":false,""obra_threshold"":0.9,""threshold"":null}","{""balance_score"":0.03552093973442283,""calibration_group_counts_by_label"":{""0"":10,""1"":9,""2"":11,""3"":6},""calibration_groups"":36,""calibration_label_counts"":{""0"":69,""1"":120,""2"":108,""3"":59},""calibration_records"":356,""fit_group_counts_by_label"":{""0"":12,""1"":16,""2"":13,""3"":11},""fit_groups"":52,""fit_label_counts"":{""0"":113,""1"":163,""2"":159,""3"":89},""fit_records"":524,""group_overlap"":0}","[{""fit_group_counts_by_label"":{""0"":3,""1"":7,""2"":4,""3"":3},""fit_groups"":17,""fit_records"":194,""fold"":0,""group_overlap"":0,""validation_group_counts_by_label"":{""0"":7,""1"":2,""2"":7,""3"":3},""validation_groups"":19,""validation_records"":162},{""fit_group_counts_by_label"":{""0"":7,""1"":2,""2"":7,""3"":3},""fit_groups"":19,""fit_records"":162,""fold"":1,""group_overlap"":0,""validation_group_counts_by_label"":{""0"":3,""1"":7,""2"":4,""3"":3},""validation_groups"":17,""validation_records"":194}]",0
classification__embedding__granite97m__mlp,classification,embedding,granite97m,mlp,4,885,229,89,22,0,43.53528319997713,0.18279200000688434,0.02304909995291382,0.10065109149744027,classifier_pipeline_with_precomputed_embedding,"{""model__alpha"":0.001,""model__hidden_layer_sizes"":[16]}",0.6244143682415578,"{""eligible"":false,""obra_threshold"":0.9,""threshold"":null}","{""balance_score"":0.021254300413470872,""calibration_group_counts_by_label"":{""0"":9,""1"":11,""2"":10,""3"":6},""calibration_groups"":36,""calibration_label_counts"":{""0"":75,""1"":115,""2"":104,""3"":64},""calibration_records"":358,""fit_group_counts_by_label"":{""0"":13,""1"":15,""2"":14,""3"":11},""fit_groups"":53,""fit_label_counts"":{""0"":103,""1"":171,""2"":155,""3"":98},""fit_records"":527,""group_overlap"":0}","[{""fit_group_counts_by_label"":{""0"":5,""1"":6,""2"":5,""3"":3},""fit_groups"":19,""fit_records"":178,""fold"":0,""group_overlap"":0,""validation_group_counts_by_label"":{""0"":4,""1"":5,""2"":5,""3"":3},""validation_groups"":17,""validation_records"":180},{""fit_group_counts_by_label"":{""0"":4,""1"":5,""2"":5,""3"":3},""fit_groups"":17,""fit_records"":180,""fold"":1,""group_overlap"":0,""validation_group_counts_by_label"":{""0"":5,""1"":6,""2"":5,""3"":3},""validation_groups"":19,""validation_records"":178}]",0
classification__embedding__granite97m__xgboost,classification,embedding,granite97m,xgboost,0,917,197,89,22,0,58.40231989999302,0.13687349995598197,0.008700600010342896,0.044165482286004545,classifier_pipeline_with_precomputed_embedding,"{""model__learning_rate"":0.05,""model__max_depth"":2,""model__n_estimators"":160}",0.5702365989910413,"{""eligible"":false,""obra_threshold"":0.9,""threshold"":null}","{""balance_score"":0.03916836565359627,""calibration_group_counts_by_label"":{""0"":8,""1"":11,""2"":12,""3"":5},""calibration_groups"":36,""calibration_label_counts"":{""0"":82,""1"":118,""2"":124,""3"":44},""calibration_records"":368,""fit_group_counts_by_label"":{""0"":14,""1"":15,""2"":15,""3"":9},""fit_groups"":53,""fit_label_counts"":{""0"":122,""1"":163,""2"":181,""3"":83},""fit_records"":549,""group_overlap"":0}","[{""fit_group_counts_by_label"":{""0"":4,""1"":4,""2"":9,""3"":2},""fit_groups"":19,""fit_records"":186,""fold"":0,""group_overlap"":0,""validation_group_counts_by_label"":{""0"":4,""1"":7,""2"":3,""3"":3},""validation_groups"":17,""validation_records"":182},{""fit_group_counts_by_label"":{""0"":4,""1"":7,""2"":3,""3"":3},""fit_groups"":17,""fit_records"":182,""fold"":1,""group_overlap"":0,""validation_group_counts_by_label"":{""0"":4,""1"":4,""2"":9,""3"":2},""validation_groups"":19,""validation_records"":186}]",0
classification__embedding__granite97m__xgboost,classification,embedding,granite97m,xgboost,1,881,233,89,22,0,51.96658470004331,0.13196010002866387,0.00994439993519336,0.04267982804804017,classifier_pipeline_with_precomputed_embedding,"{""model__learning_rate"":0.05,""model__max_depth"":4,""model__n_estimators"":160}",0.5639101084518533,"{""eligible"":false,""obra_threshold"":0.9,""threshold"":null}","{""balance_score"":0.03224042532791874,""calibration_group_counts_by_label"":{""0"":10,""1"":9,""2"":11,""3"":6},""calibration_groups"":36,""calibration_label_counts"":{""0"":72,""1"":108,""2"":125,""3"":62},""calibration_records"":367,""fit_group_counts_by_label"":{""0"":13,""1"":15,""2"":16,""3"":9},""fit_groups"":53,""fit_label_counts"":{""0"":101,""1"":158,""2"":169,""3"":86},""fit_records"":514,""group_overlap"":0}","[{""fit_group_counts_by_label"":{""0"":4,""1"":5,""2"":5,""3"":2},""fit_groups"":16,""fit_records"":164,""fold"":0,""group_overlap"":0,""validation_group_counts_by_label"":{""0"":6,""1"":4,""2"":6,""3"":4},""validation_groups"":20,""validation_records"":203},{""fit_group_counts_by_label"":{""0"":6,""1"":4,""2"":6,""3"":4},""fit_groups"":20,""fit_records"":203,""fold"":1,""group_overlap"":0,""validation_group_counts_by_label"":{""0"":4,""1"":5,""2"":5,""3"":2},""validation_groups"":16,""validation_records"":164}]",0
classification__embedding__granite97m__xgboost,classification,embedding,granite97m,xgboost,2,893,221,89,22,0,53.05254389997572,0.13125260011292994,0.00970589998178184,0.0439180994650762,classifier_pipeline_with_precomputed_embedding,"{""model__learning_rate"":0.05,""model__max_depth"":4,""model__n_estimators"":160}",0.45031867140727905,"{""eligible"":false,""obra_threshold"":0.9,""threshold"":null}","{""balance_score"":0.049781125928942266,""calibration_group_counts_by_label"":{""0"":11,""1"":11,""2"":10,""3"":4},""calibration_groups"":36,""calibration_label_counts"":{""0"":82,""1"":135,""2"":118,""3"":50},""calibration_records"":385,""fit_group_counts_by_label"":{""0"":12,""1"":16,""2"":16,""3"":9},""fit_groups"":53,""fit_label_counts"":{""0"":105,""1"":173,""2"":157,""3"":73},""fit_records"":508,""group_overlap"":0}","[{""fit_group_counts_by_label"":{""0"":6,""1"":5,""2"":6,""3"":2},""fit_groups"":19,""fit_records"":193,""fold"":0,""group_overlap"":0,""validation_group_counts_by_label"":{""0"":5,""1"":6,""2"":4,""3"":2},""validation_groups"":17,""validation_records"":192},{""fit_group_counts_by_label"":{""0"":5,""1"":6,""2"":4,""3"":2},""fit_groups"":17,""fit_records"":192,""fold"":1,""group_overlap"":0,""validation_group_counts_by_label"":{""0"":6,""1"":5,""2"":6,""3"":2},""validation_groups"":19,""validation_records"":193}]",0
classification__embedding__granite97m__xgboost,classification,embedding,granite97m,xgboost,3,880,234,88,23,0,47.9276216001017,0.11736490007024258,0.009435700019821525,0.040323504358211644,classifier_pipeline_with_precomputed_embedding,"{""model__learning_rate"":0.05,""model__max_depth"":2,""model__n_estimators"":160}",0.5089418226251383,"{""eligible"":false,""obra_threshold"":0.9,""threshold"":null}","{""balance_score"":0.03552093973442283,""calibration_group_counts_by_label"":{""0"":10,""1"":9,""2"":11,""3"":6},""calibration_groups"":36,""calibration_label_counts"":{""0"":69,""1"":120,""2"":108,""3"":59},""calibration_records"":356,""fit_group_counts_by_label"":{""0"":12,""1"":16,""2"":13,""3"":11},""fit_groups"":52,""fit_label_counts"":{""0"":113,""1"":163,""2"":159,""3"":89},""fit_records"":524,""group_overlap"":0}","[{""fit_group_counts_by_label"":{""0"":3,""1"":7,""2"":4,""3"":3},""fit_groups"":17,""fit_records"":194,""fold"":0,""group_overlap"":0,""validation_group_counts_by_label"":{""0"":7,""1"":2,""2"":7,""3"":3},""validation_groups"":19,""validation_records"":162},{""fit_group_counts_by_label"":{""0"":7,""1"":2,""2"":7,""3"":3},""fit_groups"":19,""fit_records"":162,""fold"":1,""group_overlap"":0,""validation_group_counts_by_label"":{""0"":3,""1"":7,""2"":4,""3"":3},""validation_groups"":17,""validation_records"":194}]",0
classification__embedding__granite97m__xgboost,classification,embedding,granite97m,xgboost,4,885,229,89,22,0,48.74502650008071,0.13098050002008677,0.012860700022429228,0.05616026210667785,classifier_pipeline_with_precomputed_embedding,"{""model__learning_rate"":0.05,""model__max_depth"":2,""model__n_estimators"":160}",0.45737893730806567,"{""eligible"":false,""obra_threshold"":0.9,""threshold"":null}","{""balance_score"":0.021254300413470872,""calibration_group_counts_by_label"":{""0"":9,""1"":11,""2"":10,""3"":6},""calibration_groups"":36,""calibration_label_counts"":{""0"":75,""1"":115,""2"":104,""3"":64},""calibration_records"":358,""fit_group_counts_by_label"":{""0"":13,""1"":15,""2"":14,""3"":11},""fit_groups"":53,""fit_label_counts"":{""0"":103,""1"":171,""2"":155,""3"":98},""fit_records"":527,""group_overlap"":0}","[{""fit_group_counts_by_label"":{""0"":5,""1"":6,""2"":5,""3"":3},""fit_groups"":19,""fit_records"":178,""fold"":0,""group_overlap"":0,""validation_group_counts_by_label"":{""0"":4,""1"":5,""2"":5,""3"":3},""validation_groups"":17,""validation_records"":180},{""fit_group_counts_by_label"":{""0"":4,""1"":5,""2"":5,""3"":3},""fit_groups"":17,""fit_records"":180,""fold"":1,""group_overlap"":0,""validation_group_counts_by_label"":{""0"":5,""1"":6,""2"":5,""3"":3},""validation_groups"":19,""validation_records"":178}]",0
classification__embedding__multilingual_e5_small__logistic_regression,classification,embedding,multilingual_e5_small,logistic_regression,0,917,197,89,22,0,0.8465746999718249,0.10872449993621558,0.006004299968481064,0.030478680043051085,classifier_pipeline_with_precomputed_embedding,"{""model__C"":10.0}",0.7499938256299629,"{""eligible"":false,""obra_threshold"":0.9,""threshold"":null}","{""balance_score"":0.03916836565359627,""calibration_group_counts_by_label"":{""0"":8,""1"":11,""2"":12,""3"":5},""calibration_groups"":36,""calibration_label_counts"":{""0"":82,""1"":118,""2"":124,""3"":44},""calibration_records"":368,""fit_group_counts_by_label"":{""0"":14,""1"":15,""2"":15,""3"":9},""fit_groups"":53,""fit_label_counts"":{""0"":122,""1"":163,""2"":181,""3"":83},""fit_records"":549,""group_overlap"":0}","[{""fit_group_counts_by_label"":{""0"":4,""1"":4,""2"":9,""3"":2},""fit_groups"":19,""fit_records"":186,""fold"":0,""group_overlap"":0,""validation_group_counts_by_label"":{""0"":4,""1"":7,""2"":3,""3"":3},""validation_groups"":17,""validation_records"":182},{""fit_group_counts_by_label"":{""0"":4,""1"":7,""2"":3,""3"":3},""fit_groups"":17,""fit_records"":182,""fold"":1,""group_overlap"":0,""validation_group_counts_by_label"":{""0"":4,""1"":4,""2"":9,""3"":2},""validation_groups"":19,""validation_records"":186}]",0
classification__embedding__multilingual_e5_small__logistic_regression,classification,embedding,multilingual_e5_small,logistic_regression,1,881,233,89,22,0,1.107194499927573,0.1399119000416249,0.006735099945217371,0.028906008348572407,classifier_pipeline_with_precomputed_embedding,"{""model__C"":10.0}",0.8098688299632965,"{""automatic_maintenance_as_obra"":0,""automatic_non_obra_as_obra"":0,""coverage"":0.5013623978201635,""covered"":184,""eligible"":true,""errors"":18,""obra_threshold"":0.9,""risk"":0.09782608695652174,""threshold"":0.69}","{""balance_score"":0.03224042532791874,""calibration_group_counts_by_label"":{""0"":10,""1"":9,""2"":11,""3"":6},""calibration_groups"":36,""calibration_label_counts"":{""0"":72,""1"":108,""2"":125,""3"":62},""calibration_records"":367,""fit_group_counts_by_label"":{""0"":13,""1"":15,""2"":16,""3"":9},""fit_groups"":53,""fit_label_counts"":{""0"":101,""1"":158,""2"":169,""3"":86},""fit_records"":514,""group_overlap"":0}","[{""fit_group_counts_by_label"":{""0"":4,""1"":5,""2"":5,""3"":2},""fit_groups"":16,""fit_records"":164,""fold"":0,""group_overlap"":0,""validation_group_counts_by_label"":{""0"":6,""1"":4,""2"":6,""3"":4},""validation_groups"":20,""validation_records"":203},{""fit_group_counts_by_label"":{""0"":6,""1"":4,""2"":6,""3"":4},""fit_groups"":20,""fit_records"":203,""fold"":1,""group_overlap"":0,""validation_group_counts_by_label"":{""0"":4,""1"":5,""2"":5,""3"":2},""validation_groups"":16,""validation_records"":164}]",0
classification__embedding__multilingual_e5_small__logistic_regression,classification,embedding,multilingual_e5_small,logistic_regression,2,893,221,89,22,0,1.0457266999874264,0.15955510002095252,0.00821570004336536,0.03717511331839529,classifier_pipeline_with_precomputed_embedding,"{""model__C"":10.0}",0.6376302598611034,"{""automatic_maintenance_as_obra"":0,""automatic_non_obra_as_obra"":0,""coverage"":0.5558441558441558,""covered"":214,""eligible"":true,""errors"":9,""obra_threshold"":0.9,""risk"":0.04205607476635514,""threshold"":0.79}","{""balance_score"":0.049781125928942266,""calibration_group_counts_by_label"":{""0"":11,""1"":11,""2"":10,""3"":4},""calibration_groups"":36,""calibration_label_counts"":{""0"":82,""1"":135,""2"":118,""3"":50},""calibration_records"":385,""fit_group_counts_by_label"":{""0"":12,""1"":16,""2"":16,""3"":9},""fit_groups"":53,""fit_label_counts"":{""0"":105,""1"":173,""2"":157,""3"":73},""fit_records"":508,""group_overlap"":0}","[{""fit_group_counts_by_label"":{""0"":6,""1"":5,""2"":6,""3"":2},""fit_groups"":19,""fit_records"":193,""fold"":0,""group_overlap"":0,""validation_group_counts_by_label"":{""0"":5,""1"":6,""2"":4,""3"":2},""validation_groups"":17,""validation_records"":192},{""fit_group_counts_by_label"":{""0"":5,""1"":6,""2"":4,""3"":2},""fit_groups"":17,""fit_records"":192,""fold"":1,""group_overlap"":0,""validation_group_counts_by_label"":{""0"":6,""1"":5,""2"":6,""3"":2},""validation_groups"":19,""validation_records"":193}]",0
classification__embedding__multilingual_e5_small__logistic_regression,classification,embedding,multilingual_e5_small,logistic_regression,3,880,234,88,23,0,0.8835345000261441,0.14399260003119707,0.012179199955426157,0.052047863057376735,classifier_pipeline_with_precomputed_embedding,"{""model__C"":0.1}",0.7458378689381342,"{""eligible"":false,""obra_threshold"":0.9,""threshold"":null}","{""balance_score"":0.03552093973442283,""calibration_group_counts_by_label"":{""0"":10,""1"":9,""2"":11,""3"":6},""calibration_groups"":36,""calibration_label_counts"":{""0"":69,""1"":120,""2"":108,""3"":59},""calibration_records"":356,""fit_group_counts_by_label"":{""0"":12,""1"":16,""2"":13,""3"":11},""fit_groups"":52,""fit_label_counts"":{""0"":113,""1"":163,""2"":159,""3"":89},""fit_records"":524,""group_overlap"":0}","[{""fit_group_counts_by_label"":{""0"":3,""1"":7,""2"":4,""3"":3},""fit_groups"":17,""fit_records"":194,""fold"":0,""group_overlap"":0,""validation_group_counts_by_label"":{""0"":7,""1"":2,""2"":7,""3"":3},""validation_groups"":19,""validation_records"":162},{""fit_group_counts_by_label"":{""0"":7,""1"":2,""2"":7,""3"":3},""fit_groups"":19,""fit_records"":162,""fold"":1,""group_overlap"":0,""validation_group_counts_by_label"":{""0"":3,""1"":7,""2"":4,""3"":3},""validation_groups"":17,""validation_records"":194}]",0
classification__embedding__multilingual_e5_small__logistic_regression,classification,embedding,multilingual_e5_small,logistic_regression,4,885,229,89,22,0,0.7712513000005856,0.08194400009233505,0.006737899966537952,0.029423143958681015,classifier_pipeline_with_precomputed_embedding,"{""model__C"":10.0}",0.6565791959907997,"{""eligible"":false,""obra_threshold"":0.9,""threshold"":null}","{""balance_score"":0.021254300413470872,""calibration_group_counts_by_label"":{""0"":9,""1"":11,""2"":10,""3"":6},""calibration_groups"":36,""calibration_label_counts"":{""0"":75,""1"":115,""2"":104,""3"":64},""calibration_records"":358,""fit_group_counts_by_label"":{""0"":13,""1"":15,""2"":14,""3"":11},""fit_groups"":53,""fit_label_counts"":{""0"":103,""1"":171,""2"":155,""3"":98},""fit_records"":527,""group_overlap"":0}","[{""fit_group_counts_by_label"":{""0"":5,""1"":6,""2"":5,""3"":3},""fit_groups"":19,""fit_records"":178,""fold"":0,""group_overlap"":0,""validation_group_counts_by_label"":{""0"":4,""1"":5,""2"":5,""3"":3},""validation_groups"":17,""validation_records"":180},{""fit_group_counts_by_label"":{""0"":4,""1"":5,""2"":5,""3"":3},""fit_groups"":17,""fit_records"":180,""fold"":1,""group_overlap"":0,""validation_group_counts_by_label"":{""0"":5,""1"":6,""2"":5,""3"":3},""validation_groups"":19,""validation_records"":178}]",0
classification__embedding__multilingual_e5_small__decision_tree,classification,embedding,multilingual_e5_small,decision_tree,0,917,197,89,22,0,2.7565462000202388,0.09399919991847128,0.008399699931032956,0.04263807071590333,classifier_pipeline_with_precomputed_embedding,"{""model__max_depth"":6,""model__min_samples_leaf"":2}",0.44208890908488435,"{""eligible"":false,""obra_threshold"":0.9,""threshold"":null}","{""balance_score"":0.03916836565359627,""calibration_group_counts_by_label"":{""0"":8,""1"":11,""2"":12,""3"":5},""calibration_groups"":36,""calibration_label_counts"":{""0"":82,""1"":118,""2"":124,""3"":44},""calibration_records"":368,""fit_group_counts_by_label"":{""0"":14,""1"":15,""2"":15,""3"":9},""fit_groups"":53,""fit_label_counts"":{""0"":122,""1"":163,""2"":181,""3"":83},""fit_records"":549,""group_overlap"":0}","[{""fit_group_counts_by_label"":{""0"":4,""1"":4,""2"":9,""3"":2},""fit_groups"":19,""fit_records"":186,""fold"":0,""group_overlap"":0,""validation_group_counts_by_label"":{""0"":4,""1"":7,""2"":3,""3"":3},""validation_groups"":17,""validation_records"":182},{""fit_group_counts_by_label"":{""0"":4,""1"":7,""2"":3,""3"":3},""fit_groups"":17,""fit_records"":182,""fold"":1,""group_overlap"":0,""validation_group_counts_by_label"":{""0"":4,""1"":4,""2"":9,""3"":2},""validation_groups"":19,""validation_records"":186}]",0
classification__embedding__multilingual_e5_small__decision_tree,classification,embedding,multilingual_e5_small,decision_tree,1,881,233,89,22,0,2.151567899971269,0.13162839994765818,0.010505900019779801,0.045089699655707305,classifier_pipeline_with_precomputed_embedding,"{""model__max_depth"":6,""model__min_samples_leaf"":5}",0.3747454573417306,"{""eligible"":false,""obra_threshold"":0.9,""threshold"":null}","{""balance_score"":0.03224042532791874,""calibration_group_counts_by_label"":{""0"":10,""1"":9,""2"":11,""3"":6},""calibration_groups"":36,""calibration_label_counts"":{""0"":72,""1"":108,""2"":125,""3"":62},""calibration_records"":367,""fit_group_counts_by_label"":{""0"":13,""1"":15,""2"":16,""3"":9},""fit_groups"":53,""fit_label_counts"":{""0"":101,""1"":158,""2"":169,""3"":86},""fit_records"":514,""group_overlap"":0}","[{""fit_group_counts_by_label"":{""0"":4,""1"":5,""2"":5,""3"":2},""fit_groups"":16,""fit_records"":164,""fold"":0,""group_overlap"":0,""validation_group_counts_by_label"":{""0"":6,""1"":4,""2"":6,""3"":4},""validation_groups"":20,""validation_records"":203},{""fit_group_counts_by_label"":{""0"":6,""1"":4,""2"":6,""3"":4},""fit_groups"":20,""fit_records"":203,""fold"":1,""group_overlap"":0,""validation_group_counts_by_label"":{""0"":4,""1"":5,""2"":5,""3"":2},""validation_groups"":16,""validation_records"":164}]",0
classification__embedding__multilingual_e5_small__decision_tree,classification,embedding,multilingual_e5_small,decision_tree,2,893,221,89,22,0,1.7544385999208316,0.08110860001761466,0.0060211000964045525,0.02724479681631019,classifier_pipeline_with_precomputed_embedding,"{""model__max_depth"":3,""model__min_samples_leaf"":5}",0.33284594032366754,"{""eligible"":false,""obra_threshold"":0.9,""threshold"":null}","{""balance_score"":0.049781125928942266,""calibration_group_counts_by_label"":{""0"":11,""1"":11,""2"":10,""3"":4},""calibration_groups"":36,""calibration_label_counts"":{""0"":82,""1"":135,""2"":118,""3"":50},""calibration_records"":385,""fit_group_counts_by_label"":{""0"":12,""1"":16,""2"":16,""3"":9},""fit_groups"":53,""fit_label_counts"":{""0"":105,""1"":173,""2"":157,""3"":73},""fit_records"":508,""group_overlap"":0}","[{""fit_group_counts_by_label"":{""0"":6,""1"":5,""2"":6,""3"":2},""fit_groups"":19,""fit_records"":193,""fold"":0,""group_overlap"":0,""validation_group_counts_by_label"":{""0"":5,""1"":6,""2"":4,""3"":2},""validation_groups"":17,""validation_records"":192},{""fit_group_counts_by_label"":{""0"":5,""1"":6,""2"":4,""3"":2},""fit_groups"":17,""fit_records"":192,""fold"":1,""group_overlap"":0,""validation_group_counts_by_label"":{""0"":6,""1"":5,""2"":6,""3"":2},""validation_groups"":19,""validation_records"":193}]",0
classification__embedding__multilingual_e5_small__decision_tree,classification,embedding,multilingual_e5_small,decision_tree,3,880,234,88,23,0,1.8669008000288159,0.06980449997354299,0.006502600037492812,0.02778888904911458,classifier_pipeline_with_precomputed_embedding,"{""model__max_depth"":6,""model__min_samples_leaf"":5}",0.3513191640963322,"{""eligible"":false,""obra_threshold"":0.9,""threshold"":null}","{""balance_score"":0.03552093973442283,""calibration_group_counts_by_label"":{""0"":10,""1"":9,""2"":11,""3"":6},""calibration_groups"":36,""calibration_label_counts"":{""0"":69,""1"":120,""2"":108,""3"":59},""calibration_records"":356,""fit_group_counts_by_label"":{""0"":12,""1"":16,""2"":13,""3"":11},""fit_groups"":52,""fit_label_counts"":{""0"":113,""1"":163,""2"":159,""3"":89},""fit_records"":524,""group_overlap"":0}","[{""fit_group_counts_by_label"":{""0"":3,""1"":7,""2"":4,""3"":3},""fit_groups"":17,""fit_records"":194,""fold"":0,""group_overlap"":0,""validation_group_counts_by_label"":{""0"":7,""1"":2,""2"":7,""3"":3},""validation_groups"":19,""validation_records"":162},{""fit_group_counts_by_label"":{""0"":7,""1"":2,""2"":7,""3"":3},""fit_groups"":19,""fit_records"":162,""fold"":1,""group_overlap"":0,""validation_group_counts_by_label"":{""0"":3,""1"":7,""2"":4,""3"":3},""validation_groups"":17,""validation_records"":194}]",0
classification__embedding__multilingual_e5_small__decision_tree,classification,embedding,multilingual_e5_small,decision_tree,4,885,229,89,22,0,1.8866390000330284,0.07127559999935329,0.0063050000462681055,0.027532751293747184,classifier_pipeline_with_precomputed_embedding,"{""model__max_depth"":6,""model__min_samples_leaf"":2}",0.41023788297441205,"{""eligible"":false,""obra_threshold"":0.9,""threshold"":null}","{""balance_score"":0.021254300413470872,""calibration_group_counts_by_label"":{""0"":9,""1"":11,""2"":10,""3"":6},""calibration_groups"":36,""calibration_label_counts"":{""0"":75,""1"":115,""2"":104,""3"":64},""calibration_records"":358,""fit_group_counts_by_label"":{""0"":13,""1"":15,""2"":14,""3"":11},""fit_groups"":53,""fit_label_counts"":{""0"":103,""1"":171,""2"":155,""3"":98},""fit_records"":527,""group_overlap"":0}","[{""fit_group_counts_by_label"":{""0"":5,""1"":6,""2"":5,""3"":3},""fit_groups"":19,""fit_records"":178,""fold"":0,""group_overlap"":0,""validation_group_counts_by_label"":{""0"":4,""1"":5,""2"":5,""3"":3},""validation_groups"":17,""validation_records"":180},{""fit_group_counts_by_label"":{""0"":4,""1"":5,""2"":5,""3"":3},""fit_groups"":17,""fit_records"":180,""fold"":1,""group_overlap"":0,""validation_group_counts_by_label"":{""0"":5,""1"":6,""2"":5,""3"":3},""validation_groups"":19,""validation_records"":178}]",0
classification__embedding__multilingual_e5_small__linear_svm,classification,embedding,multilingual_e5_small,linear_svm,0,917,197,89,22,0,1.9801814999664202,0.12297330005094409,0.006382999941706657,0.0324010149325211,classifier_pipeline_with_precomputed_embedding,"{""model__C"":1.0}",0.7401687590831251,"{""automatic_maintenance_as_obra"":0,""automatic_non_obra_as_obra"":0,""coverage"":0.529891304347826,""covered"":195,""eligible"":true,""errors"":2,""obra_threshold"":0.9,""risk"":0.010256410256410256,""threshold"":0.84}","{""balance_score"":0.03916836565359627,""calibration_group_counts_by_label"":{""0"":8,""1"":11,""2"":12,""3"":5},""calibration_groups"":36,""calibration_label_counts"":{""0"":82,""1"":118,""2"":124,""3"":44},""calibration_records"":368,""fit_group_counts_by_label"":{""0"":14,""1"":15,""2"":15,""3"":9},""fit_groups"":53,""fit_label_counts"":{""0"":122,""1"":163,""2"":181,""3"":83},""fit_records"":549,""group_overlap"":0}","[{""fit_group_counts_by_label"":{""0"":4,""1"":4,""2"":9,""3"":2},""fit_groups"":19,""fit_records"":186,""fold"":0,""group_overlap"":0,""validation_group_counts_by_label"":{""0"":4,""1"":7,""2"":3,""3"":3},""validation_groups"":17,""validation_records"":182},{""fit_group_counts_by_label"":{""0"":4,""1"":7,""2"":3,""3"":3},""fit_groups"":17,""fit_records"":182,""fold"":1,""group_overlap"":0,""validation_group_counts_by_label"":{""0"":4,""1"":4,""2"":9,""3"":2},""validation_groups"":19,""validation_records"":186}]",0
classification__embedding__multilingual_e5_small__linear_svm,classification,embedding,multilingual_e5_small,linear_svm,1,881,233,89,22,0,1.8064361999277025,0.09893670002929866,0.010731999995186925,0.0460600858162529,classifier_pipeline_with_precomputed_embedding,"{""model__C"":10.0}",0.8223211058030474,"{""eligible"":false,""obra_threshold"":0.9,""threshold"":null}","{""balance_score"":0.03224042532791874,""calibration_group_counts_by_label"":{""0"":10,""1"":9,""2"":11,""3"":6},""calibration_groups"":36,""calibration_label_counts"":{""0"":72,""1"":108,""2"":125,""3"":62},""calibration_records"":367,""fit_group_counts_by_label"":{""0"":13,""1"":15,""2"":16,""3"":9},""fit_groups"":53,""fit_label_counts"":{""0"":101,""1"":158,""2"":169,""3"":86},""fit_records"":514,""group_overlap"":0}","[{""fit_group_counts_by_label"":{""0"":4,""1"":5,""2"":5,""3"":2},""fit_groups"":16,""fit_records"":164,""fold"":0,""group_overlap"":0,""validation_group_counts_by_label"":{""0"":6,""1"":4,""2"":6,""3"":4},""validation_groups"":20,""validation_records"":203},{""fit_group_counts_by_label"":{""0"":6,""1"":4,""2"":6,""3"":4},""fit_groups"":20,""fit_records"":203,""fold"":1,""group_overlap"":0,""validation_group_counts_by_label"":{""0"":4,""1"":5,""2"":5,""3"":2},""validation_groups"":16,""validation_records"":164}]",0
classification__embedding__multilingual_e5_small__linear_svm,classification,embedding,multilingual_e5_small,linear_svm,2,893,221,89,22,0,1.9010979000013322,0.10131099994760007,0.006483700009994209,0.02933800909499642,classifier_pipeline_with_precomputed_embedding,"{""model__C"":10.0}",0.6625987710142546,"{""automatic_maintenance_as_obra"":0,""automatic_non_obra_as_obra"":0,""coverage"":0.5038961038961038,""covered"":194,""eligible"":true,""errors"":5,""obra_threshold"":0.9,""risk"":0.02577319587628866,""threshold"":0.85}","{""balance_score"":0.049781125928942266,""calibration_group_counts_by_label"":{""0"":11,""1"":11,""2"":10,""3"":4},""calibration_groups"":36,""calibration_label_counts"":{""0"":82,""1"":135,""2"":118,""3"":50},""calibration_records"":385,""fit_group_counts_by_label"":{""0"":12,""1"":16,""2"":16,""3"":9},""fit_groups"":53,""fit_label_counts"":{""0"":105,""1"":173,""2"":157,""3"":73},""fit_records"":508,""group_overlap"":0}","[{""fit_group_counts_by_label"":{""0"":6,""1"":5,""2"":6,""3"":2},""fit_groups"":19,""fit_records"":193,""fold"":0,""group_overlap"":0,""validation_group_counts_by_label"":{""0"":5,""1"":6,""2"":4,""3"":2},""validation_groups"":17,""validation_records"":192},{""fit_group_counts_by_label"":{""0"":5,""1"":6,""2"":4,""3"":2},""fit_groups"":17,""fit_records"":192,""fold"":1,""group_overlap"":0,""validation_group_counts_by_label"":{""0"":6,""1"":5,""2"":6,""3"":2},""validation_groups"":19,""validation_records"":193}]",0
classification__embedding__multilingual_e5_small__linear_svm,classification,embedding,multilingual_e5_small,linear_svm,3,880,234,88,23,0,1.483169800019823,0.08660610008519143,0.006477799965068698,0.027682905833626915,classifier_pipeline_with_precomputed_embedding,"{""model__C"":1.0}",0.7650823092826969,"{""automatic_maintenance_as_obra"":0,""automatic_non_obra_as_obra"":0,""coverage"":0.5252808988764045,""covered"":187,""eligible"":true,""errors"":14,""obra_threshold"":0.9,""risk"":0.0748663101604278,""threshold"":0.73}","{""balance_score"":0.03552093973442283,""calibration_group_counts_by_label"":{""0"":10,""1"":9,""2"":11,""3"":6},""calibration_groups"":36,""calibration_label_counts"":{""0"":69,""1"":120,""2"":108,""3"":59},""calibration_records"":356,""fit_group_counts_by_label"":{""0"":12,""1"":16,""2"":13,""3"":11},""fit_groups"":52,""fit_label_counts"":{""0"":113,""1"":163,""2"":159,""3"":89},""fit_records"":524,""group_overlap"":0}","[{""fit_group_counts_by_label"":{""0"":3,""1"":7,""2"":4,""3"":3},""fit_groups"":17,""fit_records"":194,""fold"":0,""group_overlap"":0,""validation_group_counts_by_label"":{""0"":7,""1"":2,""2"":7,""3"":3},""validation_groups"":19,""validation_records"":162},{""fit_group_counts_by_label"":{""0"":7,""1"":2,""2"":7,""3"":3},""fit_groups"":19,""fit_records"":162,""fold"":1,""group_overlap"":0,""validation_group_counts_by_label"":{""0"":3,""1"":7,""2"":4,""3"":3},""validation_groups"":17,""validation_records"":194}]",0
classification__embedding__multilingual_e5_small__linear_svm,classification,embedding,multilingual_e5_small,linear_svm,4,885,229,89,22,0,1.4863627000013366,0.08301119995303452,0.006508100079372525,0.028419651001626748,classifier_pipeline_with_precomputed_embedding,"{""model__C"":10.0}",0.6435324571753772,"{""automatic_maintenance_as_obra"":0,""automatic_non_obra_as_obra"":0,""coverage"":0.505586592178771,""covered"":181,""eligible"":true,""errors"":15,""obra_threshold"":0.9,""risk"":0.08287292817679558,""threshold"":0.66}","{""balance_score"":0.021254300413470872,""calibration_group_counts_by_label"":{""0"":9,""1"":11,""2"":10,""3"":6},""calibration_groups"":36,""calibration_label_counts"":{""0"":75,""1"":115,""2"":104,""3"":64},""calibration_records"":358,""fit_group_counts_by_label"":{""0"":13,""1"":15,""2"":14,""3"":11},""fit_groups"":53,""fit_label_counts"":{""0"":103,""1"":171,""2"":155,""3"":98},""fit_records"":527,""group_overlap"":0}","[{""fit_group_counts_by_label"":{""0"":5,""1"":6,""2"":5,""3"":3},""fit_groups"":19,""fit_records"":178,""fold"":0,""group_overlap"":0,""validation_group_counts_by_label"":{""0"":4,""1"":5,""2"":5,""3"":3},""validation_groups"":17,""validation_records"":180},{""fit_group_counts_by_label"":{""0"":4,""1"":5,""2"":5,""3"":3},""fit_groups"":17,""fit_records"":180,""fold"":1,""group_overlap"":0,""validation_group_counts_by_label"":{""0"":5,""1"":6,""2"":5,""3"":3},""validation_groups"":19,""validation_records"":178}]",0
classification__embedding__multilingual_e5_small__mlp,classification,embedding,multilingual_e5_small,mlp,0,917,197,89,22,0,74.31332600000314,0.22288959997240454,0.026429399964399636,0.13415939068223165,classifier_pipeline_with_precomputed_embedding,"{""model__alpha"":0.001,""model__hidden_layer_sizes"":[32]}",0.7248219043312409,"{""eligible"":false,""obra_threshold"":0.9,""threshold"":null}","{""balance_score"":0.03916836565359627,""calibration_group_counts_by_label"":{""0"":8,""1"":11,""2"":12,""3"":5},""calibration_groups"":36,""calibration_label_counts"":{""0"":82,""1"":118,""2"":124,""3"":44},""calibration_records"":368,""fit_group_counts_by_label"":{""0"":14,""1"":15,""2"":15,""3"":9},""fit_groups"":53,""fit_label_counts"":{""0"":122,""1"":163,""2"":181,""3"":83},""fit_records"":549,""group_overlap"":0}","[{""fit_group_counts_by_label"":{""0"":4,""1"":4,""2"":9,""3"":2},""fit_groups"":19,""fit_records"":186,""fold"":0,""group_overlap"":0,""validation_group_counts_by_label"":{""0"":4,""1"":7,""2"":3,""3"":3},""validation_groups"":17,""validation_records"":182},{""fit_group_counts_by_label"":{""0"":4,""1"":7,""2"":3,""3"":3},""fit_groups"":17,""fit_records"":182,""fold"":1,""group_overlap"":0,""validation_group_counts_by_label"":{""0"":4,""1"":4,""2"":9,""3"":2},""validation_groups"":19,""validation_records"":186}]",0
classification__embedding__multilingual_e5_small__mlp,classification,embedding,multilingual_e5_small,mlp,1,881,233,89,22,0,75.70758029993158,0.1782897999510169,0.021695800009183586,0.093115021498642,classifier_pipeline_with_precomputed_embedding,"{""model__alpha"":0.001,""model__hidden_layer_sizes"":[16]}",0.788223418973231,"{""eligible"":false,""obra_threshold"":0.9,""threshold"":null}","{""balance_score"":0.03224042532791874,""calibration_group_counts_by_label"":{""0"":10,""1"":9,""2"":11,""3"":6},""calibration_groups"":36,""calibration_label_counts"":{""0"":72,""1"":108,""2"":125,""3"":62},""calibration_records"":367,""fit_group_counts_by_label"":{""0"":13,""1"":15,""2"":16,""3"":9},""fit_groups"":53,""fit_label_counts"":{""0"":101,""1"":158,""2"":169,""3"":86},""fit_records"":514,""group_overlap"":0}","[{""fit_group_counts_by_label"":{""0"":4,""1"":5,""2"":5,""3"":2},""fit_groups"":16,""fit_records"":164,""fold"":0,""group_overlap"":0,""validation_group_counts_by_label"":{""0"":6,""1"":4,""2"":6,""3"":4},""validation_groups"":20,""validation_records"":203},{""fit_group_counts_by_label"":{""0"":6,""1"":4,""2"":6,""3"":4},""fit_groups"":20,""fit_records"":203,""fold"":1,""group_overlap"":0,""validation_group_counts_by_label"":{""0"":4,""1"":5,""2"":5,""3"":2},""validation_groups"":16,""validation_records"":164}]",0
classification__embedding__multilingual_e5_small__mlp,classification,embedding,multilingual_e5_small,mlp,2,893,221,89,22,0,76.46575960004702,0.2034374000504613,0.023882900015451014,0.10806742088439372,classifier_pipeline_with_precomputed_embedding,"{""model__alpha"":0.001,""model__hidden_layer_sizes"":[16]}",0.6340468435538698,"{""eligible"":false,""obra_threshold"":0.9,""threshold"":null}","{""balance_score"":0.049781125928942266,""calibration_group_counts_by_label"":{""0"":11,""1"":11,""2"":10,""3"":4},""calibration_groups"":36,""calibration_label_counts"":{""0"":82,""1"":135,""2"":118,""3"":50},""calibration_records"":385,""fit_group_counts_by_label"":{""0"":12,""1"":16,""2"":16,""3"":9},""fit_groups"":53,""fit_label_counts"":{""0"":105,""1"":173,""2"":157,""3"":73},""fit_records"":508,""group_overlap"":0}","[{""fit_group_counts_by_label"":{""0"":6,""1"":5,""2"":6,""3"":2},""fit_groups"":19,""fit_records"":193,""fold"":0,""group_overlap"":0,""validation_group_counts_by_label"":{""0"":5,""1"":6,""2"":4,""3"":2},""validation_groups"":17,""validation_records"":192},{""fit_group_counts_by_label"":{""0"":5,""1"":6,""2"":4,""3"":2},""fit_groups"":17,""fit_records"":192,""fold"":1,""group_overlap"":0,""validation_group_counts_by_label"":{""0"":6,""1"":5,""2"":6,""3"":2},""validation_groups"":19,""validation_records"":193}]",0
classification__embedding__multilingual_e5_small__mlp,classification,embedding,multilingual_e5_small,mlp,3,880,234,88,23,0,82.43808270001318,0.2739276000065729,0.044294800027273595,0.18929401721057093,classifier_pipeline_with_precomputed_embedding,"{""model__alpha"":0.001,""model__hidden_layer_sizes"":[32]}",0.7253410359862621,"{""eligible"":false,""obra_threshold"":0.9,""threshold"":null}","{""balance_score"":0.03552093973442283,""calibration_group_counts_by_label"":{""0"":10,""1"":9,""2"":11,""3"":6},""calibration_groups"":36,""calibration_label_counts"":{""0"":69,""1"":120,""2"":108,""3"":59},""calibration_records"":356,""fit_group_counts_by_label"":{""0"":12,""1"":16,""2"":13,""3"":11},""fit_groups"":52,""fit_label_counts"":{""0"":113,""1"":163,""2"":159,""3"":89},""fit_records"":524,""group_overlap"":0}","[{""fit_group_counts_by_label"":{""0"":3,""1"":7,""2"":4,""3"":3},""fit_groups"":17,""fit_records"":194,""fold"":0,""group_overlap"":0,""validation_group_counts_by_label"":{""0"":7,""1"":2,""2"":7,""3"":3},""validation_groups"":19,""validation_records"":162},{""fit_group_counts_by_label"":{""0"":7,""1"":2,""2"":7,""3"":3},""fit_groups"":19,""fit_records"":162,""fold"":1,""group_overlap"":0,""validation_group_counts_by_label"":{""0"":3,""1"":7,""2"":4,""3"":3},""validation_groups"":17,""validation_records"":194}]",0
classification__embedding__multilingual_e5_small__mlp,classification,embedding,multilingual_e5_small,mlp,4,885,229,89,22,0,85.06744690006599,0.2845960999839008,0.04489849996753037,0.1960633186355038,classifier_pipeline_with_precomputed_embedding,"{""model__alpha"":0.001,""model__hidden_layer_sizes"":[32]}",0.6757639345687276,"{""eligible"":false,""obra_threshold"":0.9,""threshold"":null}","{""balance_score"":0.021254300413470872,""calibration_group_counts_by_label"":{""0"":9,""1"":11,""2"":10,""3"":6},""calibration_groups"":36,""calibration_label_counts"":{""0"":75,""1"":115,""2"":104,""3"":64},""calibration_records"":358,""fit_group_counts_by_label"":{""0"":13,""1"":15,""2"":14,""3"":11},""fit_groups"":53,""fit_label_counts"":{""0"":103,""1"":171,""2"":155,""3"":98},""fit_records"":527,""group_overlap"":0}","[{""fit_group_counts_by_label"":{""0"":5,""1"":6,""2"":5,""3"":3},""fit_groups"":19,""fit_records"":178,""fold"":0,""group_overlap"":0,""validation_group_counts_by_label"":{""0"":4,""1"":5,""2"":5,""3"":3},""validation_groups"":17,""validation_records"":180},{""fit_group_counts_by_label"":{""0"":4,""1"":5,""2"":5,""3"":3},""fit_groups"":17,""fit_records"":180,""fold"":1,""group_overlap"":0,""validation_group_counts_by_label"":{""0"":5,""1"":6,""2"":5,""3"":3},""validation_groups"":19,""validation_records"":178}]",0
classification__embedding__multilingual_e5_small__xgboost,classification,embedding,multilingual_e5_small,xgboost,0,917,197,89,22,0,56.908284499892034,0.1361553999595344,0.00899350002873689,0.04565228440983193,classifier_pipeline_with_precomputed_embedding,"{""model__learning_rate"":0.05,""model__max_depth"":2,""model__n_estimators"":160}",0.5351001257957289,"{""automatic_maintenance_as_obra"":0,""automatic_non_obra_as_obra"":0,""coverage"":0.5027173913043478,""covered"":185,""eligible"":true,""errors"":18,""obra_threshold"":0.9,""risk"":0.0972972972972973,""threshold"":0.67}","{""balance_score"":0.03916836565359627,""calibration_group_counts_by_label"":{""0"":8,""1"":11,""2"":12,""3"":5},""calibration_groups"":36,""calibration_label_counts"":{""0"":82,""1"":118,""2"":124,""3"":44},""calibration_records"":368,""fit_group_counts_by_label"":{""0"":14,""1"":15,""2"":15,""3"":9},""fit_groups"":53,""fit_label_counts"":{""0"":122,""1"":163,""2"":181,""3"":83},""fit_records"":549,""group_overlap"":0}","[{""fit_group_counts_by_label"":{""0"":4,""1"":4,""2"":9,""3"":2},""fit_groups"":19,""fit_records"":186,""fold"":0,""group_overlap"":0,""validation_group_counts_by_label"":{""0"":4,""1"":7,""2"":3,""3"":3},""validation_groups"":17,""validation_records"":182},{""fit_group_counts_by_label"":{""0"":4,""1"":7,""2"":3,""3"":3},""fit_groups"":17,""fit_records"":182,""fold"":1,""group_overlap"":0,""validation_group_counts_by_label"":{""0"":4,""1"":4,""2"":9,""3"":2},""validation_groups"":19,""validation_records"":186}]",0
classification__embedding__multilingual_e5_small__xgboost,classification,embedding,multilingual_e5_small,xgboost,1,881,233,89,22,0,48.656538500101306,0.13639409991446882,0.010304399998858571,0.044224892698963826,classifier_pipeline_with_precomputed_embedding,"{""model__learning_rate"":0.05,""model__max_depth"":2,""model__n_estimators"":160}",0.5826666829298431,"{""eligible"":false,""obra_threshold"":0.9,""threshold"":null}","{""balance_score"":0.03224042532791874,""calibration_group_counts_by_label"":{""0"":10,""1"":9,""2"":11,""3"":6},""calibration_groups"":36,""calibration_label_counts"":{""0"":72,""1"":108,""2"":125,""3"":62},""calibration_records"":367,""fit_group_counts_by_label"":{""0"":13,""1"":15,""2"":16,""3"":9},""fit_groups"":53,""fit_label_counts"":{""0"":101,""1"":158,""2"":169,""3"":86},""fit_records"":514,""group_overlap"":0}","[{""fit_group_counts_by_label"":{""0"":4,""1"":5,""2"":5,""3"":2},""fit_groups"":16,""fit_records"":164,""fold"":0,""group_overlap"":0,""validation_group_counts_by_label"":{""0"":6,""1"":4,""2"":6,""3"":4},""validation_groups"":20,""validation_records"":203},{""fit_group_counts_by_label"":{""0"":6,""1"":4,""2"":6,""3"":4},""fit_groups"":20,""fit_records"":203,""fold"":1,""group_overlap"":0,""validation_group_counts_by_label"":{""0"":4,""1"":5,""2"":5,""3"":2},""validation_groups"":16,""validation_records"":164}]",0
classification__embedding__multilingual_e5_small__xgboost,classification,embedding,multilingual_e5_small,xgboost,2,893,221,89,22,0,48.8403268000111,0.16617099998984486,0.009099900024011731,0.04117601820819788,classifier_pipeline_with_precomputed_embedding,"{""model__learning_rate"":0.05,""model__max_depth"":2,""model__n_estimators"":160}",0.5673576711085149,"{""eligible"":false,""obra_threshold"":0.9,""threshold"":null}","{""balance_score"":0.049781125928942266,""calibration_group_counts_by_label"":{""0"":11,""1"":11,""2"":10,""3"":4},""calibration_groups"":36,""calibration_label_counts"":{""0"":82,""1"":135,""2"":118,""3"":50},""calibration_records"":385,""fit_group_counts_by_label"":{""0"":12,""1"":16,""2"":16,""3"":9},""fit_groups"":53,""fit_label_counts"":{""0"":105,""1"":173,""2"":157,""3"":73},""fit_records"":508,""group_overlap"":0}","[{""fit_group_counts_by_label"":{""0"":6,""1"":5,""2"":6,""3"":2},""fit_groups"":19,""fit_records"":193,""fold"":0,""group_overlap"":0,""validation_group_counts_by_label"":{""0"":5,""1"":6,""2"":4,""3"":2},""validation_groups"":17,""validation_records"":192},{""fit_group_counts_by_label"":{""0"":5,""1"":6,""2"":4,""3"":2},""fit_groups"":17,""fit_records"":192,""fold"":1,""group_overlap"":0,""validation_group_counts_by_label"":{""0"":6,""1"":5,""2"":6,""3"":2},""validation_groups"":19,""validation_records"":193}]",0
classification__embedding__multilingual_e5_small__xgboost,classification,embedding,multilingual_e5_small,xgboost,3,880,234,88,23,0,51.15906899992842,0.13391480001155287,0.01008250005543232,0.04308760707449709,classifier_pipeline_with_precomputed_embedding,"{""model__learning_rate"":0.05,""model__max_depth"":2,""model__n_estimators"":160}",0.494199053893313,"{""eligible"":false,""obra_threshold"":0.9,""threshold"":null}","{""balance_score"":0.03552093973442283,""calibration_group_counts_by_label"":{""0"":10,""1"":9,""2"":11,""3"":6},""calibration_groups"":36,""calibration_label_counts"":{""0"":69,""1"":120,""2"":108,""3"":59},""calibration_records"":356,""fit_group_counts_by_label"":{""0"":12,""1"":16,""2"":13,""3"":11},""fit_groups"":52,""fit_label_counts"":{""0"":113,""1"":163,""2"":159,""3"":89},""fit_records"":524,""group_overlap"":0}","[{""fit_group_counts_by_label"":{""0"":3,""1"":7,""2"":4,""3"":3},""fit_groups"":17,""fit_records"":194,""fold"":0,""group_overlap"":0,""validation_group_counts_by_label"":{""0"":7,""1"":2,""2"":7,""3"":3},""validation_groups"":19,""validation_records"":162},{""fit_group_counts_by_label"":{""0"":7,""1"":2,""2"":7,""3"":3},""fit_groups"":19,""fit_records"":162,""fold"":1,""group_overlap"":0,""validation_group_counts_by_label"":{""0"":3,""1"":7,""2"":4,""3"":3},""validation_groups"":17,""validation_records"":194}]",0
classification__embedding__multilingual_e5_small__xgboost,classification,embedding,multilingual_e5_small,xgboost,4,885,229,89,22,0,50.736383000039496,0.12547029997222126,0.010227899998426437,0.04466331877042112,classifier_pipeline_with_precomputed_embedding,"{""model__learning_rate"":0.05,""model__max_depth"":2,""model__n_estimators"":160}",0.5548477236387679,"{""eligible"":false,""obra_threshold"":0.9,""threshold"":null}","{""balance_score"":0.021254300413470872,""calibration_group_counts_by_label"":{""0"":9,""1"":11,""2"":10,""3"":6},""calibration_groups"":36,""calibration_label_counts"":{""0"":75,""1"":115,""2"":104,""3"":64},""calibration_records"":358,""fit_group_counts_by_label"":{""0"":13,""1"":15,""2"":14,""3"":11},""fit_groups"":53,""fit_label_counts"":{""0"":103,""1"":171,""2"":155,""3"":98},""fit_records"":527,""group_overlap"":0}","[{""fit_group_counts_by_label"":{""0"":5,""1"":6,""2"":5,""3"":3},""fit_groups"":19,""fit_records"":178,""fold"":0,""group_overlap"":0,""validation_group_counts_by_label"":{""0"":4,""1"":5,""2"":5,""3"":3},""validation_groups"":17,""validation_records"":180},{""fit_group_counts_by_label"":{""0"":4,""1"":5,""2"":5,""3"":3},""fit_groups"":17,""fit_records"":180,""fold"":1,""group_overlap"":0,""validation_group_counts_by_label"":{""0"":5,""1"":6,""2"":5,""3"":3},""validation_groups"":19,""validation_records"":178}]",0
classification__embedding__multilingual_minilm_l12__logistic_regression,classification,embedding,multilingual_minilm_l12,logistic_regression,0,917,197,89,22,0,0.8413388000335544,0.08714680001139641,0.005980300018563867,0.030356852886110997,classifier_pipeline_with_precomputed_embedding,"{""model__C"":10.0}",0.66607267465688,"{""automatic_maintenance_as_obra"":0,""automatic_non_obra_as_obra"":0,""coverage"":0.5652173913043478,""covered"":208,""eligible"":true,""errors"":20,""obra_threshold"":0.9,""risk"":0.09615384615384616,""threshold"":0.67}","{""balance_score"":0.03916836565359627,""calibration_group_counts_by_label"":{""0"":8,""1"":11,""2"":12,""3"":5},""calibration_groups"":36,""calibration_label_counts"":{""0"":82,""1"":118,""2"":124,""3"":44},""calibration_records"":368,""fit_group_counts_by_label"":{""0"":14,""1"":15,""2"":15,""3"":9},""fit_groups"":53,""fit_label_counts"":{""0"":122,""1"":163,""2"":181,""3"":83},""fit_records"":549,""group_overlap"":0}","[{""fit_group_counts_by_label"":{""0"":4,""1"":4,""2"":9,""3"":2},""fit_groups"":19,""fit_records"":186,""fold"":0,""group_overlap"":0,""validation_group_counts_by_label"":{""0"":4,""1"":7,""2"":3,""3"":3},""validation_groups"":17,""validation_records"":182},{""fit_group_counts_by_label"":{""0"":4,""1"":7,""2"":3,""3"":3},""fit_groups"":17,""fit_records"":182,""fold"":1,""group_overlap"":0,""validation_group_counts_by_label"":{""0"":4,""1"":4,""2"":9,""3"":2},""validation_groups"":19,""validation_records"":186}]",0
classification__embedding__multilingual_minilm_l12__logistic_regression,classification,embedding,multilingual_minilm_l12,logistic_regression,1,881,233,89,22,0,0.7750210999511182,0.08075329998973757,0.006705100066028535,0.028777253502268393,classifier_pipeline_with_precomputed_embedding,"{""model__C"":10.0}",0.6570143975396513,"{""eligible"":false,""obra_threshold"":0.9,""threshold"":null}","{""balance_score"":0.03224042532791874,""calibration_group_counts_by_label"":{""0"":10,""1"":9,""2"":11,""3"":6},""calibration_groups"":36,""calibration_label_counts"":{""0"":72,""1"":108,""2"":125,""3"":62},""calibration_records"":367,""fit_group_counts_by_label"":{""0"":13,""1"":15,""2"":16,""3"":9},""fit_groups"":53,""fit_label_counts"":{""0"":101,""1"":158,""2"":169,""3"":86},""fit_records"":514,""group_overlap"":0}","[{""fit_group_counts_by_label"":{""0"":4,""1"":5,""2"":5,""3"":2},""fit_groups"":16,""fit_records"":164,""fold"":0,""group_overlap"":0,""validation_group_counts_by_label"":{""0"":6,""1"":4,""2"":6,""3"":4},""validation_groups"":20,""validation_records"":203},{""fit_group_counts_by_label"":{""0"":6,""1"":4,""2"":6,""3"":4},""fit_groups"":20,""fit_records"":203,""fold"":1,""group_overlap"":0,""validation_group_counts_by_label"":{""0"":4,""1"":5,""2"":5,""3"":2},""validation_groups"":16,""validation_records"":164}]",0
classification__embedding__multilingual_minilm_l12__logistic_regression,classification,embedding,multilingual_minilm_l12,logistic_regression,2,893,221,89,22,0,0.7341635000193492,0.09670090000145137,0.006561300018802285,0.029689140356571428,classifier_pipeline_with_precomputed_embedding,"{""model__C"":1.0}",0.6424531722568698,"{""automatic_maintenance_as_obra"":0,""automatic_non_obra_as_obra"":0,""coverage"":0.509090909090909,""covered"":196,""eligible"":true,""errors"":6,""obra_threshold"":0.9,""risk"":0.030612244897959183,""threshold"":0.83}","{""balance_score"":0.049781125928942266,""calibration_group_counts_by_label"":{""0"":11,""1"":11,""2"":10,""3"":4},""calibration_groups"":36,""calibration_label_counts"":{""0"":82,""1"":135,""2"":118,""3"":50},""calibration_records"":385,""fit_group_counts_by_label"":{""0"":12,""1"":16,""2"":16,""3"":9},""fit_groups"":53,""fit_label_counts"":{""0"":105,""1"":173,""2"":157,""3"":73},""fit_records"":508,""group_overlap"":0}","[{""fit_group_counts_by_label"":{""0"":6,""1"":5,""2"":6,""3"":2},""fit_groups"":19,""fit_records"":193,""fold"":0,""group_overlap"":0,""validation_group_counts_by_label"":{""0"":5,""1"":6,""2"":4,""3"":2},""validation_groups"":17,""validation_records"":192},{""fit_group_counts_by_label"":{""0"":5,""1"":6,""2"":4,""3"":2},""fit_groups"":17,""fit_records"":192,""fold"":1,""group_overlap"":0,""validation_group_counts_by_label"":{""0"":6,""1"":5,""2"":6,""3"":2},""validation_groups"":19,""validation_records"":193}]",0
classification__embedding__multilingual_minilm_l12__logistic_regression,classification,embedding,multilingual_minilm_l12,logistic_regression,3,880,234,88,23,0,0.7028858999256045,0.08280810003634542,0.006743900012224913,0.028820085522328686,classifier_pipeline_with_precomputed_embedding,"{""model__C"":1.0}",0.5745172508203953,"{""eligible"":false,""obra_threshold"":0.9,""threshold"":null}","{""balance_score"":0.03552093973442283,""calibration_group_counts_by_label"":{""0"":10,""1"":9,""2"":11,""3"":6},""calibration_groups"":36,""calibration_label_counts"":{""0"":69,""1"":120,""2"":108,""3"":59},""calibration_records"":356,""fit_group_counts_by_label"":{""0"":12,""1"":16,""2"":13,""3"":11},""fit_groups"":52,""fit_label_counts"":{""0"":113,""1"":163,""2"":159,""3"":89},""fit_records"":524,""group_overlap"":0}","[{""fit_group_counts_by_label"":{""0"":3,""1"":7,""2"":4,""3"":3},""fit_groups"":17,""fit_records"":194,""fold"":0,""group_overlap"":0,""validation_group_counts_by_label"":{""0"":7,""1"":2,""2"":7,""3"":3},""validation_groups"":19,""validation_records"":162},{""fit_group_counts_by_label"":{""0"":7,""1"":2,""2"":7,""3"":3},""fit_groups"":19,""fit_records"":162,""fold"":1,""group_overlap"":0,""validation_group_counts_by_label"":{""0"":3,""1"":7,""2"":4,""3"":3},""validation_groups"":17,""validation_records"":194}]",0
classification__embedding__multilingual_minilm_l12__logistic_regression,classification,embedding,multilingual_minilm_l12,logistic_regression,4,885,229,89,22,0,0.8118419999955222,0.0817486000014469,0.006366300047375262,0.02780043688810158,classifier_pipeline_with_precomputed_embedding,"{""model__C"":10.0}",0.542263681026143,"{""eligible"":false,""obra_threshold"":0.9,""threshold"":null}","{""balance_score"":0.021254300413470872,""calibration_group_counts_by_label"":{""0"":9,""1"":11,""2"":10,""3"":6},""calibration_groups"":36,""calibration_label_counts"":{""0"":75,""1"":115,""2"":104,""3"":64},""calibration_records"":358,""fit_group_counts_by_label"":{""0"":13,""1"":15,""2"":14,""3"":11},""fit_groups"":53,""fit_label_counts"":{""0"":103,""1"":171,""2"":155,""3"":98},""fit_records"":527,""group_overlap"":0}","[{""fit_group_counts_by_label"":{""0"":5,""1"":6,""2"":5,""3"":3},""fit_groups"":19,""fit_records"":178,""fold"":0,""group_overlap"":0,""validation_group_counts_by_label"":{""0"":4,""1"":5,""2"":5,""3"":3},""validation_groups"":17,""validation_records"":180},{""fit_group_counts_by_label"":{""0"":4,""1"":5,""2"":5,""3"":3},""fit_groups"":17,""fit_records"":180,""fold"":1,""group_overlap"":0,""validation_group_counts_by_label"":{""0"":5,""1"":6,""2"":5,""3"":3},""validation_groups"":19,""validation_records"":178}]",0
classification__embedding__multilingual_minilm_l12__decision_tree,classification,embedding,multilingual_minilm_l12,decision_tree,0,917,197,89,22,0,2.40213040006347,0.08196480001788586,0.00562559999525547,0.02855634515358107,classifier_pipeline_with_precomputed_embedding,"{""model__max_depth"":6,""model__min_samples_leaf"":5}",0.4180320035951079,"{""eligible"":false,""obra_threshold"":0.9,""threshold"":null}","{""balance_score"":0.03916836565359627,""calibration_group_counts_by_label"":{""0"":8,""1"":11,""2"":12,""3"":5},""calibration_groups"":36,""calibration_label_counts"":{""0"":82,""1"":118,""2"":124,""3"":44},""calibration_records"":368,""fit_group_counts_by_label"":{""0"":14,""1"":15,""2"":15,""3"":9},""fit_groups"":53,""fit_label_counts"":{""0"":122,""1"":163,""2"":181,""3"":83},""fit_records"":549,""group_overlap"":0}","[{""fit_group_counts_by_label"":{""0"":4,""1"":4,""2"":9,""3"":2},""fit_groups"":19,""fit_records"":186,""fold"":0,""group_overlap"":0,""validation_group_counts_by_label"":{""0"":4,""1"":7,""2"":3,""3"":3},""validation_groups"":17,""validation_records"":182},{""fit_group_counts_by_label"":{""0"":4,""1"":7,""2"":3,""3"":3},""fit_groups"":17,""fit_records"":182,""fold"":1,""group_overlap"":0,""validation_group_counts_by_label"":{""0"":4,""1"":4,""2"":9,""3"":2},""validation_groups"":19,""validation_records"":186}]",0
classification__embedding__multilingual_minilm_l12__decision_tree,classification,embedding,multilingual_minilm_l12,decision_tree,1,881,233,89,22,0,1.9965907000005245,0.08990279992576689,0.009204500005580485,0.03950429186944414,classifier_pipeline_with_precomputed_embedding,"{""model__max_depth"":6,""model__min_samples_leaf"":5}",0.4163827666751663,"{""eligible"":false,""obra_threshold"":0.9,""threshold"":null}","{""balance_score"":0.03224042532791874,""calibration_group_counts_by_label"":{""0"":10,""1"":9,""2"":11,""3"":6},""calibration_groups"":36,""calibration_label_counts"":{""0"":72,""1"":108,""2"":125,""3"":62},""calibration_records"":367,""fit_group_counts_by_label"":{""0"":13,""1"":15,""2"":16,""3"":9},""fit_groups"":53,""fit_label_counts"":{""0"":101,""1"":158,""2"":169,""3"":86},""fit_records"":514,""group_overlap"":0}","[{""fit_group_counts_by_label"":{""0"":4,""1"":5,""2"":5,""3"":2},""fit_groups"":16,""fit_records"":164,""fold"":0,""group_overlap"":0,""validation_group_counts_by_label"":{""0"":6,""1"":4,""2"":6,""3"":4},""validation_groups"":20,""validation_records"":203},{""fit_group_counts_by_label"":{""0"":6,""1"":4,""2"":6,""3"":4},""fit_groups"":20,""fit_records"":203,""fold"":1,""group_overlap"":0,""validation_group_counts_by_label"":{""0"":4,""1"":5,""2"":5,""3"":2},""validation_groups"":16,""validation_records"":164}]",0
classification__embedding__multilingual_minilm_l12__decision_tree,classification,embedding,multilingual_minilm_l12,decision_tree,2,893,221,89,22,0,2.2258352000499144,0.11194329999852926,0.008323400048539042,0.037662443658547706,classifier_pipeline_with_precomputed_embedding,"{""model__max_depth"":6,""model__min_samples_leaf"":2}",0.3544441700222755,"{""eligible"":false,""obra_threshold"":0.9,""threshold"":null}","{""balance_score"":0.049781125928942266,""calibration_group_counts_by_label"":{""0"":11,""1"":11,""2"":10,""3"":4},""calibration_groups"":36,""calibration_label_counts"":{""0"":82,""1"":135,""2"":118,""3"":50},""calibration_records"":385,""fit_group_counts_by_label"":{""0"":12,""1"":16,""2"":16,""3"":9},""fit_groups"":53,""fit_label_counts"":{""0"":105,""1"":173,""2"":157,""3"":73},""fit_records"":508,""group_overlap"":0}","[{""fit_group_counts_by_label"":{""0"":6,""1"":5,""2"":6,""3"":2},""fit_groups"":19,""fit_records"":193,""fold"":0,""group_overlap"":0,""validation_group_counts_by_label"":{""0"":5,""1"":6,""2"":4,""3"":2},""validation_groups"":17,""validation_records"":192},{""fit_group_counts_by_label"":{""0"":5,""1"":6,""2"":4,""3"":2},""fit_groups"":17,""fit_records"":192,""fold"":1,""group_overlap"":0,""validation_group_counts_by_label"":{""0"":6,""1"":5,""2"":6,""3"":2},""validation_groups"":19,""validation_records"":193}]",0
classification__embedding__multilingual_minilm_l12__decision_tree,classification,embedding,multilingual_minilm_l12,decision_tree,3,880,234,88,23,0,1.7811650999356061,0.07070330006536096,0.006128799985162914,0.02619145292804664,classifier_pipeline_with_precomputed_embedding,"{""model__max_depth"":6,""model__min_samples_leaf"":5}",0.47086363668785314,"{""eligible"":false,""obra_threshold"":0.9,""threshold"":null}","{""balance_score"":0.03552093973442283,""calibration_group_counts_by_label"":{""0"":10,""1"":9,""2"":11,""3"":6},""calibration_groups"":36,""calibration_label_counts"":{""0"":69,""1"":120,""2"":108,""3"":59},""calibration_records"":356,""fit_group_counts_by_label"":{""0"":12,""1"":16,""2"":13,""3"":11},""fit_groups"":52,""fit_label_counts"":{""0"":113,""1"":163,""2"":159,""3"":89},""fit_records"":524,""group_overlap"":0}","[{""fit_group_counts_by_label"":{""0"":3,""1"":7,""2"":4,""3"":3},""fit_groups"":17,""fit_records"":194,""fold"":0,""group_overlap"":0,""validation_group_counts_by_label"":{""0"":7,""1"":2,""2"":7,""3"":3},""validation_groups"":19,""validation_records"":162},{""fit_group_counts_by_label"":{""0"":7,""1"":2,""2"":7,""3"":3},""fit_groups"":19,""fit_records"":162,""fold"":1,""group_overlap"":0,""validation_group_counts_by_label"":{""0"":3,""1"":7,""2"":4,""3"":3},""validation_groups"":17,""validation_records"":194}]",0
classification__embedding__multilingual_minilm_l12__decision_tree,classification,embedding,multilingual_minilm_l12,decision_tree,4,885,229,89,22,0,1.8260579999769107,0.07138610002584755,0.006168199935927987,0.026935370899248853,classifier_pipeline_with_precomputed_embedding,"{""model__max_depth"":6,""model__min_samples_leaf"":2}",0.44512195703803537,"{""eligible"":false,""obra_threshold"":0.9,""threshold"":null}","{""balance_score"":0.021254300413470872,""calibration_group_counts_by_label"":{""0"":9,""1"":11,""2"":10,""3"":6},""calibration_groups"":36,""calibration_label_counts"":{""0"":75,""1"":115,""2"":104,""3"":64},""calibration_records"":358,""fit_group_counts_by_label"":{""0"":13,""1"":15,""2"":14,""3"":11},""fit_groups"":53,""fit_label_counts"":{""0"":103,""1"":171,""2"":155,""3"":98},""fit_records"":527,""group_overlap"":0}","[{""fit_group_counts_by_label"":{""0"":5,""1"":6,""2"":5,""3"":3},""fit_groups"":19,""fit_records"":178,""fold"":0,""group_overlap"":0,""validation_group_counts_by_label"":{""0"":4,""1"":5,""2"":5,""3"":3},""validation_groups"":17,""validation_records"":180},{""fit_group_counts_by_label"":{""0"":4,""1"":5,""2"":5,""3"":3},""fit_groups"":17,""fit_records"":180,""fold"":1,""group_overlap"":0,""validation_group_counts_by_label"":{""0"":5,""1"":6,""2"":5,""3"":3},""validation_groups"":19,""validation_records"":178}]",0
classification__embedding__multilingual_minilm_l12__linear_svm,classification,embedding,multilingual_minilm_l12,linear_svm,0,917,197,89,22,0,1.150116499979049,0.15011889999732375,0.005870900000445545,0.029801522844901243,classifier_pipeline_with_precomputed_embedding,"{""model__C"":1.0}",0.6710331157550143,"{""automatic_maintenance_as_obra"":0,""automatic_non_obra_as_obra"":0,""coverage"":0.5108695652173914,""covered"":188,""eligible"":true,""errors"":14,""obra_threshold"":0.9,""risk"":0.07446808510638298,""threshold"":0.75}","{""balance_score"":0.03916836565359627,""calibration_group_counts_by_label"":{""0"":8,""1"":11,""2"":12,""3"":5},""calibration_groups"":36,""calibration_label_counts"":{""0"":82,""1"":118,""2"":124,""3"":44},""calibration_records"":368,""fit_group_counts_by_label"":{""0"":14,""1"":15,""2"":15,""3"":9},""fit_groups"":53,""fit_label_counts"":{""0"":122,""1"":163,""2"":181,""3"":83},""fit_records"":549,""group_overlap"":0}","[{""fit_group_counts_by_label"":{""0"":4,""1"":4,""2"":9,""3"":2},""fit_groups"":19,""fit_records"":186,""fold"":0,""group_overlap"":0,""validation_group_counts_by_label"":{""0"":4,""1"":7,""2"":3,""3"":3},""validation_groups"":17,""validation_records"":182},{""fit_group_counts_by_label"":{""0"":4,""1"":7,""2"":3,""3"":3},""fit_groups"":17,""fit_records"":182,""fold"":1,""group_overlap"":0,""validation_group_counts_by_label"":{""0"":4,""1"":4,""2"":9,""3"":2},""validation_groups"":19,""validation_records"":186}]",0
classification__embedding__multilingual_minilm_l12__linear_svm,classification,embedding,multilingual_minilm_l12,linear_svm,1,881,233,89,22,0,0.9093889999203384,0.09302380005829036,0.007924600038677454,0.03401115896428092,classifier_pipeline_with_precomputed_embedding,"{""model__C"":10.0}",0.6827149955923119,"{""eligible"":false,""obra_threshold"":0.9,""threshold"":null}","{""balance_score"":0.03224042532791874,""calibration_group_counts_by_label"":{""0"":10,""1"":9,""2"":11,""3"":6},""calibration_groups"":36,""calibration_label_counts"":{""0"":72,""1"":108,""2"":125,""3"":62},""calibration_records"":367,""fit_group_counts_by_label"":{""0"":13,""1"":15,""2"":16,""3"":9},""fit_groups"":53,""fit_label_counts"":{""0"":101,""1"":158,""2"":169,""3"":86},""fit_records"":514,""group_overlap"":0}","[{""fit_group_counts_by_label"":{""0"":4,""1"":5,""2"":5,""3"":2},""fit_groups"":16,""fit_records"":164,""fold"":0,""group_overlap"":0,""validation_group_counts_by_label"":{""0"":6,""1"":4,""2"":6,""3"":4},""validation_groups"":20,""validation_records"":203},{""fit_group_counts_by_label"":{""0"":6,""1"":4,""2"":6,""3"":4},""fit_groups"":20,""fit_records"":203,""fold"":1,""group_overlap"":0,""validation_group_counts_by_label"":{""0"":4,""1"":5,""2"":5,""3"":2},""validation_groups"":16,""validation_records"":164}]",0
classification__embedding__multilingual_minilm_l12__linear_svm,classification,embedding,multilingual_minilm_l12,linear_svm,2,893,221,89,22,0,1.256056600017473,0.10738739999942482,0.006546400021761656,0.029621719555482606,classifier_pipeline_with_precomputed_embedding,"{""model__C"":0.1}",0.6271665241435919,"{""automatic_maintenance_as_obra"":0,""automatic_non_obra_as_obra"":0,""coverage"":0.5454545454545454,""covered"":210,""eligible"":true,""errors"":4,""obra_threshold"":0.9,""risk"":0.01904761904761905,""threshold"":0.81}","{""balance_score"":0.049781125928942266,""calibration_group_counts_by_label"":{""0"":11,""1"":11,""2"":10,""3"":4},""calibration_groups"":36,""calibration_label_counts"":{""0"":82,""1"":135,""2"":118,""3"":50},""calibration_records"":385,""fit_group_counts_by_label"":{""0"":12,""1"":16,""2"":16,""3"":9},""fit_groups"":53,""fit_label_counts"":{""0"":105,""1"":173,""2"":157,""3"":73},""fit_records"":508,""group_overlap"":0}","[{""fit_group_counts_by_label"":{""0"":6,""1"":5,""2"":6,""3"":2},""fit_groups"":19,""fit_records"":193,""fold"":0,""group_overlap"":0,""validation_group_counts_by_label"":{""0"":5,""1"":6,""2"":4,""3"":2},""validation_groups"":17,""validation_records"":192},{""fit_group_counts_by_label"":{""0"":5,""1"":6,""2"":4,""3"":2},""fit_groups"":17,""fit_records"":192,""fold"":1,""group_overlap"":0,""validation_group_counts_by_label"":{""0"":6,""1"":5,""2"":6,""3"":2},""validation_groups"":19,""validation_records"":193}]",0
classification__embedding__multilingual_minilm_l12__linear_svm,classification,embedding,multilingual_minilm_l12,linear_svm,3,880,234,88,23,0,1.051840800093487,0.11632949998602271,0.010449000052176416,0.04465384637682229,classifier_pipeline_with_precomputed_embedding,"{""model__C"":0.1}",0.5896102818755597,"{""eligible"":false,""obra_threshold"":0.9,""threshold"":null}","{""balance_score"":0.03552093973442283,""calibration_group_counts_by_label"":{""0"":10,""1"":9,""2"":11,""3"":6},""calibration_groups"":36,""calibration_label_counts"":{""0"":69,""1"":120,""2"":108,""3"":59},""calibration_records"":356,""fit_group_counts_by_label"":{""0"":12,""1"":16,""2"":13,""3"":11},""fit_groups"":52,""fit_label_counts"":{""0"":113,""1"":163,""2"":159,""3"":89},""fit_records"":524,""group_overlap"":0}","[{""fit_group_counts_by_label"":{""0"":3,""1"":7,""2"":4,""3"":3},""fit_groups"":17,""fit_records"":194,""fold"":0,""group_overlap"":0,""validation_group_counts_by_label"":{""0"":7,""1"":2,""2"":7,""3"":3},""validation_groups"":19,""validation_records"":162},{""fit_group_counts_by_label"":{""0"":7,""1"":2,""2"":7,""3"":3},""fit_groups"":19,""fit_records"":162,""fold"":1,""group_overlap"":0,""validation_group_counts_by_label"":{""0"":3,""1"":7,""2"":4,""3"":3},""validation_groups"":17,""validation_records"":194}]",0
classification__embedding__multilingual_minilm_l12__linear_svm,classification,embedding,multilingual_minilm_l12,linear_svm,4,885,229,89,22,0,0.8602191000245512,0.08762440003920346,0.00643330009188503,0.028093013501681356,classifier_pipeline_with_precomputed_embedding,"{""model__C"":0.1}",0.53078512692016,"{""eligible"":false,""obra_threshold"":0.9,""threshold"":null}","{""balance_score"":0.021254300413470872,""calibration_group_counts_by_label"":{""0"":9,""1"":11,""2"":10,""3"":6},""calibration_groups"":36,""calibration_label_counts"":{""0"":75,""1"":115,""2"":104,""3"":64},""calibration_records"":358,""fit_group_counts_by_label"":{""0"":13,""1"":15,""2"":14,""3"":11},""fit_groups"":53,""fit_label_counts"":{""0"":103,""1"":171,""2"":155,""3"":98},""fit_records"":527,""group_overlap"":0}","[{""fit_group_counts_by_label"":{""0"":5,""1"":6,""2"":5,""3"":3},""fit_groups"":19,""fit_records"":178,""fold"":0,""group_overlap"":0,""validation_group_counts_by_label"":{""0"":4,""1"":5,""2"":5,""3"":3},""validation_groups"":17,""validation_records"":180},{""fit_group_counts_by_label"":{""0"":4,""1"":5,""2"":5,""3"":3},""fit_groups"":17,""fit_records"":180,""fold"":1,""group_overlap"":0,""validation_group_counts_by_label"":{""0"":5,""1"":6,""2"":5,""3"":3},""validation_groups"":19,""validation_records"":178}]",0
classification__embedding__multilingual_minilm_l12__mlp,classification,embedding,multilingual_minilm_l12,mlp,0,917,197,89,22,0,26.767408499959856,0.10244389995932579,0.007002199999988079,0.03554416243648771,classifier_pipeline_with_precomputed_embedding,"{""model__alpha"":0.001,""model__hidden_layer_sizes"":[16]}",0.6723963957506309,"{""eligible"":false,""obra_threshold"":0.9,""threshold"":null}","{""balance_score"":0.03916836565359627,""calibration_group_counts_by_label"":{""0"":8,""1"":11,""2"":12,""3"":5},""calibration_groups"":36,""calibration_label_counts"":{""0"":82,""1"":118,""2"":124,""3"":44},""calibration_records"":368,""fit_group_counts_by_label"":{""0"":14,""1"":15,""2"":15,""3"":9},""fit_groups"":53,""fit_label_counts"":{""0"":122,""1"":163,""2"":181,""3"":83},""fit_records"":549,""group_overlap"":0}","[{""fit_group_counts_by_label"":{""0"":4,""1"":4,""2"":9,""3"":2},""fit_groups"":19,""fit_records"":186,""fold"":0,""group_overlap"":0,""validation_group_counts_by_label"":{""0"":4,""1"":7,""2"":3,""3"":3},""validation_groups"":17,""validation_records"":182},{""fit_group_counts_by_label"":{""0"":4,""1"":7,""2"":3,""3"":3},""fit_groups"":17,""fit_records"":182,""fold"":1,""group_overlap"":0,""validation_group_counts_by_label"":{""0"":4,""1"":4,""2"":9,""3"":2},""validation_groups"":19,""validation_records"":186}]",0
classification__embedding__multilingual_minilm_l12__mlp,classification,embedding,multilingual_minilm_l12,mlp,1,881,233,89,22,0,22.454727499978617,0.15842540003359318,0.01980310003273189,0.08499184563404245,classifier_pipeline_with_precomputed_embedding,"{""model__alpha"":0.001,""model__hidden_layer_sizes"":[32]}",0.6571643509048845,"{""eligible"":false,""obra_threshold"":0.9,""threshold"":null}","{""balance_score"":0.03224042532791874,""calibration_group_counts_by_label"":{""0"":10,""1"":9,""2"":11,""3"":6},""calibration_groups"":36,""calibration_label_counts"":{""0"":72,""1"":108,""2"":125,""3"":62},""calibration_records"":367,""fit_group_counts_by_label"":{""0"":13,""1"":15,""2"":16,""3"":9},""fit_groups"":53,""fit_label_counts"":{""0"":101,""1"":158,""2"":169,""3"":86},""fit_records"":514,""group_overlap"":0}","[{""fit_group_counts_by_label"":{""0"":4,""1"":5,""2"":5,""3"":2},""fit_groups"":16,""fit_records"":164,""fold"":0,""group_overlap"":0,""validation_group_counts_by_label"":{""0"":6,""1"":4,""2"":6,""3"":4},""validation_groups"":20,""validation_records"":203},{""fit_group_counts_by_label"":{""0"":6,""1"":4,""2"":6,""3"":4},""fit_groups"":20,""fit_records"":203,""fold"":1,""group_overlap"":0,""validation_group_counts_by_label"":{""0"":4,""1"":5,""2"":5,""3"":2},""validation_groups"":16,""validation_records"":164}]",0
classification__embedding__multilingual_minilm_l12__mlp,classification,embedding,multilingual_minilm_l12,mlp,2,893,221,89,22,0,22.002048499998637,0.13754899997729808,0.012011800077743828,0.05435203655087705,classifier_pipeline_with_precomputed_embedding,"{""model__alpha"":0.001,""model__hidden_layer_sizes"":[16]}",0.6213983681966687,"{""eligible"":false,""obra_threshold"":0.9,""threshold"":null}","{""balance_score"":0.049781125928942266,""calibration_group_counts_by_label"":{""0"":11,""1"":11,""2"":10,""3"":4},""calibration_groups"":36,""calibration_label_counts"":{""0"":82,""1"":135,""2"":118,""3"":50},""calibration_records"":385,""fit_group_counts_by_label"":{""0"":12,""1"":16,""2"":16,""3"":9},""fit_groups"":53,""fit_label_counts"":{""0"":105,""1"":173,""2"":157,""3"":73},""fit_records"":508,""group_overlap"":0}","[{""fit_group_counts_by_label"":{""0"":6,""1"":5,""2"":6,""3"":2},""fit_groups"":19,""fit_records"":193,""fold"":0,""group_overlap"":0,""validation_group_counts_by_label"":{""0"":5,""1"":6,""2"":4,""3"":2},""validation_groups"":17,""validation_records"":192},{""fit_group_counts_by_label"":{""0"":5,""1"":6,""2"":4,""3"":2},""fit_groups"":17,""fit_records"":192,""fold"":1,""group_overlap"":0,""validation_group_counts_by_label"":{""0"":6,""1"":5,""2"":6,""3"":2},""validation_groups"":19,""validation_records"":193}]",0
classification__embedding__multilingual_minilm_l12__mlp,classification,embedding,multilingual_minilm_l12,mlp,3,880,234,88,23,0,21.521092399954796,0.10494370001833886,0.008719800040125847,0.03726410273558054,classifier_pipeline_with_precomputed_embedding,"{""model__alpha"":0.001,""model__hidden_layer_sizes"":[32]}",0.5921881652028224,"{""eligible"":false,""obra_threshold"":0.9,""threshold"":null}","{""balance_score"":0.03552093973442283,""calibration_group_counts_by_label"":{""0"":10,""1"":9,""2"":11,""3"":6},""calibration_groups"":36,""calibration_label_counts"":{""0"":69,""1"":120,""2"":108,""3"":59},""calibration_records"":356,""fit_group_counts_by_label"":{""0"":12,""1"":16,""2"":13,""3"":11},""fit_groups"":52,""fit_label_counts"":{""0"":113,""1"":163,""2"":159,""3"":89},""fit_records"":524,""group_overlap"":0}","[{""fit_group_counts_by_label"":{""0"":3,""1"":7,""2"":4,""3"":3},""fit_groups"":17,""fit_records"":194,""fold"":0,""group_overlap"":0,""validation_group_counts_by_label"":{""0"":7,""1"":2,""2"":7,""3"":3},""validation_groups"":19,""validation_records"":162},{""fit_group_counts_by_label"":{""0"":7,""1"":2,""2"":7,""3"":3},""fit_groups"":19,""fit_records"":162,""fold"":1,""group_overlap"":0,""validation_group_counts_by_label"":{""0"":3,""1"":7,""2"":4,""3"":3},""validation_groups"":17,""validation_records"":194}]",0
classification__embedding__multilingual_minilm_l12__mlp,classification,embedding,multilingual_minilm_l12,mlp,4,885,229,89,22,0,27.792949899914674,0.18524919997435063,0.02373219991568476,0.10363406076718236,classifier_pipeline_with_precomputed_embedding,"{""model__alpha"":0.001,""model__hidden_layer_sizes"":[32]}",0.5396136581772847,"{""eligible"":false,""obra_threshold"":0.9,""threshold"":null}","{""balance_score"":0.021254300413470872,""calibration_group_counts_by_label"":{""0"":9,""1"":11,""2"":10,""3"":6},""calibration_groups"":36,""calibration_label_counts"":{""0"":75,""1"":115,""2"":104,""3"":64},""calibration_records"":358,""fit_group_counts_by_label"":{""0"":13,""1"":15,""2"":14,""3"":11},""fit_groups"":53,""fit_label_counts"":{""0"":103,""1"":171,""2"":155,""3"":98},""fit_records"":527,""group_overlap"":0}","[{""fit_group_counts_by_label"":{""0"":5,""1"":6,""2"":5,""3"":3},""fit_groups"":19,""fit_records"":178,""fold"":0,""group_overlap"":0,""validation_group_counts_by_label"":{""0"":4,""1"":5,""2"":5,""3"":3},""validation_groups"":17,""validation_records"":180},{""fit_group_counts_by_label"":{""0"":4,""1"":5,""2"":5,""3"":3},""fit_groups"":17,""fit_records"":180,""fold"":1,""group_overlap"":0,""validation_group_counts_by_label"":{""0"":5,""1"":6,""2"":5,""3"":3},""validation_groups"":19,""validation_records"":178}]",0
classification__embedding__multilingual_minilm_l12__xgboost,classification,embedding,multilingual_minilm_l12,xgboost,0,917,197,89,22,0,58.01808720000554,0.14038600004278123,0.013797099934890866,0.07003604027863383,classifier_pipeline_with_precomputed_embedding,"{""model__learning_rate"":0.05,""model__max_depth"":4,""model__n_estimators"":160}",0.6121877009194426,"{""eligible"":false,""obra_threshold"":0.9,""threshold"":null}","{""balance_score"":0.03916836565359627,""calibration_group_counts_by_label"":{""0"":8,""1"":11,""2"":12,""3"":5},""calibration_groups"":36,""calibration_label_counts"":{""0"":82,""1"":118,""2"":124,""3"":44},""calibration_records"":368,""fit_group_counts_by_label"":{""0"":14,""1"":15,""2"":15,""3"":9},""fit_groups"":53,""fit_label_counts"":{""0"":122,""1"":163,""2"":181,""3"":83},""fit_records"":549,""group_overlap"":0}","[{""fit_group_counts_by_label"":{""0"":4,""1"":4,""2"":9,""3"":2},""fit_groups"":19,""fit_records"":186,""fold"":0,""group_overlap"":0,""validation_group_counts_by_label"":{""0"":4,""1"":7,""2"":3,""3"":3},""validation_groups"":17,""validation_records"":182},{""fit_group_counts_by_label"":{""0"":4,""1"":7,""2"":3,""3"":3},""fit_groups"":17,""fit_records"":182,""fold"":1,""group_overlap"":0,""validation_group_counts_by_label"":{""0"":4,""1"":4,""2"":9,""3"":2},""validation_groups"":19,""validation_records"":186}]",0
classification__embedding__multilingual_minilm_l12__xgboost,classification,embedding,multilingual_minilm_l12,xgboost,1,881,233,89,22,0,46.956059999996796,0.1308931999374181,0.009598599979653955,0.04119570806718435,classifier_pipeline_with_precomputed_embedding,"{""model__learning_rate"":0.05,""model__max_depth"":2,""model__n_estimators"":160}",0.5658593677126874,"{""eligible"":false,""obra_threshold"":0.9,""threshold"":null}","{""balance_score"":0.03224042532791874,""calibration_group_counts_by_label"":{""0"":10,""1"":9,""2"":11,""3"":6},""calibration_groups"":36,""calibration_label_counts"":{""0"":72,""1"":108,""2"":125,""3"":62},""calibration_records"":367,""fit_group_counts_by_label"":{""0"":13,""1"":15,""2"":16,""3"":9},""fit_groups"":53,""fit_label_counts"":{""0"":101,""1"":158,""2"":169,""3"":86},""fit_records"":514,""group_overlap"":0}","[{""fit_group_counts_by_label"":{""0"":4,""1"":5,""2"":5,""3"":2},""fit_groups"":16,""fit_records"":164,""fold"":0,""group_overlap"":0,""validation_group_counts_by_label"":{""0"":6,""1"":4,""2"":6,""3"":4},""validation_groups"":20,""validation_records"":203},{""fit_group_counts_by_label"":{""0"":6,""1"":4,""2"":6,""3"":4},""fit_groups"":20,""fit_records"":203,""fold"":1,""group_overlap"":0,""validation_group_counts_by_label"":{""0"":4,""1"":5,""2"":5,""3"":2},""validation_groups"":16,""validation_records"":164}]",0
classification__embedding__multilingual_minilm_l12__xgboost,classification,embedding,multilingual_minilm_l12,xgboost,2,893,221,89,22,0,51.852700499934144,0.14182769996114075,0.009811399970203638,0.044395474978297,classifier_pipeline_with_precomputed_embedding,"{""model__learning_rate"":0.05,""model__max_depth"":4,""model__n_estimators"":160}",0.5359759837067992,"{""automatic_maintenance_as_obra"":0,""automatic_non_obra_as_obra"":0,""coverage"":0.5142857142857142,""covered"":198,""eligible"":true,""errors"":10,""obra_threshold"":0.9,""risk"":0.050505050505050504,""threshold"":0.81}","{""balance_score"":0.049781125928942266,""calibration_group_counts_by_label"":{""0"":11,""1"":11,""2"":10,""3"":4},""calibration_groups"":36,""calibration_label_counts"":{""0"":82,""1"":135,""2"":118,""3"":50},""calibration_records"":385,""fit_group_counts_by_label"":{""0"":12,""1"":16,""2"":16,""3"":9},""fit_groups"":53,""fit_label_counts"":{""0"":105,""1"":173,""2"":157,""3"":73},""fit_records"":508,""group_overlap"":0}","[{""fit_group_counts_by_label"":{""0"":6,""1"":5,""2"":6,""3"":2},""fit_groups"":19,""fit_records"":193,""fold"":0,""group_overlap"":0,""validation_group_counts_by_label"":{""0"":5,""1"":6,""2"":4,""3"":2},""validation_groups"":17,""validation_records"":192},{""fit_group_counts_by_label"":{""0"":5,""1"":6,""2"":4,""3"":2},""fit_groups"":17,""fit_records"":192,""fold"":1,""group_overlap"":0,""validation_group_counts_by_label"":{""0"":6,""1"":5,""2"":6,""3"":2},""validation_groups"":19,""validation_records"":193}]",0
classification__embedding__multilingual_minilm_l12__xgboost,classification,embedding,multilingual_minilm_l12,xgboost,3,880,234,88,23,0,52.87122310011182,0.14030049997381866,0.009944200050085783,0.042496581410623006,classifier_pipeline_with_precomputed_embedding,"{""model__learning_rate"":0.05,""model__max_depth"":4,""model__n_estimators"":160}",0.5571442612864591,"{""eligible"":false,""obra_threshold"":0.9,""threshold"":null}","{""balance_score"":0.03552093973442283,""calibration_group_counts_by_label"":{""0"":10,""1"":9,""2"":11,""3"":6},""calibration_groups"":36,""calibration_label_counts"":{""0"":69,""1"":120,""2"":108,""3"":59},""calibration_records"":356,""fit_group_counts_by_label"":{""0"":12,""1"":16,""2"":13,""3"":11},""fit_groups"":52,""fit_label_counts"":{""0"":113,""1"":163,""2"":159,""3"":89},""fit_records"":524,""group_overlap"":0}","[{""fit_group_counts_by_label"":{""0"":3,""1"":7,""2"":4,""3"":3},""fit_groups"":17,""fit_records"":194,""fold"":0,""group_overlap"":0,""validation_group_counts_by_label"":{""0"":7,""1"":2,""2"":7,""3"":3},""validation_groups"":19,""validation_records"":162},{""fit_group_counts_by_label"":{""0"":7,""1"":2,""2"":7,""3"":3},""fit_groups"":19,""fit_records"":162,""fold"":1,""group_overlap"":0,""validation_group_counts_by_label"":{""0"":3,""1"":7,""2"":4,""3"":3},""validation_groups"":17,""validation_records"":194}]",0
classification__embedding__multilingual_minilm_l12__xgboost,classification,embedding,multilingual_minilm_l12,xgboost,4,885,229,89,22,0,48.356659499928355,0.1579270000802353,0.012942699948325753,0.05651834038570198,classifier_pipeline_with_precomputed_embedding,"{""model__learning_rate"":0.05,""model__max_depth"":2,""model__n_estimators"":160}",0.5413323116011052,"{""eligible"":false,""obra_threshold"":0.9,""threshold"":null}","{""balance_score"":0.021254300413470872,""calibration_group_counts_by_label"":{""0"":9,""1"":11,""2"":10,""3"":6},""calibration_groups"":36,""calibration_label_counts"":{""0"":75,""1"":115,""2"":104,""3"":64},""calibration_records"":358,""fit_group_counts_by_label"":{""0"":13,""1"":15,""2"":14,""3"":11},""fit_groups"":53,""fit_label_counts"":{""0"":103,""1"":171,""2"":155,""3"":98},""fit_records"":527,""group_overlap"":0}","[{""fit_group_counts_by_label"":{""0"":5,""1"":6,""2"":5,""3"":3},""fit_groups"":19,""fit_records"":178,""fold"":0,""group_overlap"":0,""validation_group_counts_by_label"":{""0"":4,""1"":5,""2"":5,""3"":3},""validation_groups"":17,""validation_records"":180},{""fit_group_counts_by_label"":{""0"":4,""1"":5,""2"":5,""3"":3},""fit_groups"":17,""fit_records"":180,""fold"":1,""group_overlap"":0,""validation_group_counts_by_label"":{""0"":5,""1"":6,""2"":5,""3"":3},""validation_groups"":19,""validation_records"":178}]",0
classification__hybrid__granite97m__logistic_regression,classification,hybrid,granite97m,logistic_regression,0,917,197,89,22,0,8.518058400019072,1.096299499971792,0.13873870007228106,0.7042573607730003,classifier_pipeline_with_precomputed_embedding,"{""model__C"":0.1}",0.7699833808519682,"{""automatic_maintenance_as_obra"":0,""automatic_non_obra_as_obra"":0,""coverage"":0.5027173913043478,""covered"":185,""eligible"":true,""errors"":9,""obra_threshold"":0.9,""risk"":0.04864864864864865,""threshold"":0.79}","{""balance_score"":0.03916836565359627,""calibration_group_counts_by_label"":{""0"":8,""1"":11,""2"":12,""3"":5},""calibration_groups"":36,""calibration_label_counts"":{""0"":82,""1"":118,""2"":124,""3"":44},""calibration_records"":368,""fit_group_counts_by_label"":{""0"":14,""1"":15,""2"":15,""3"":9},""fit_groups"":53,""fit_label_counts"":{""0"":122,""1"":163,""2"":181,""3"":83},""fit_records"":549,""group_overlap"":0}","[{""fit_group_counts_by_label"":{""0"":4,""1"":4,""2"":9,""3"":2},""fit_groups"":19,""fit_records"":186,""fold"":0,""group_overlap"":0,""validation_group_counts_by_label"":{""0"":4,""1"":7,""2"":3,""3"":3},""validation_groups"":17,""validation_records"":182},{""fit_group_counts_by_label"":{""0"":4,""1"":7,""2"":3,""3"":3},""fit_groups"":17,""fit_records"":182,""fold"":1,""group_overlap"":0,""validation_group_counts_by_label"":{""0"":4,""1"":4,""2"":9,""3"":2},""validation_groups"":19,""validation_records"":186}]",0
classification__hybrid__granite97m__logistic_regression,classification,hybrid,granite97m,logistic_regression,1,881,233,89,22,0,8.17963020002935,1.1575272999471053,0.2422495000064373,1.0396974249203317,classifier_pipeline_with_precomputed_embedding,"{""model__C"":10.0}",0.6682275136642799,"{""automatic_maintenance_as_obra"":0,""automatic_non_obra_as_obra"":0,""coverage"":0.5313351498637602,""covered"":195,""eligible"":true,""errors"":10,""obra_threshold"":0.9,""risk"":0.05128205128205128,""threshold"":0.68}","{""balance_score"":0.03224042532791874,""calibration_group_counts_by_label"":{""0"":10,""1"":9,""2"":11,""3"":6},""calibration_groups"":36,""calibration_label_counts"":{""0"":72,""1"":108,""2"":125,""3"":62},""calibration_records"":367,""fit_group_counts_by_label"":{""0"":13,""1"":15,""2"":16,""3"":9},""fit_groups"":53,""fit_label_counts"":{""0"":101,""1"":158,""2"":169,""3"":86},""fit_records"":514,""group_overlap"":0}","[{""fit_group_counts_by_label"":{""0"":4,""1"":5,""2"":5,""3"":2},""fit_groups"":16,""fit_records"":164,""fold"":0,""group_overlap"":0,""validation_group_counts_by_label"":{""0"":6,""1"":4,""2"":6,""3"":4},""validation_groups"":20,""validation_records"":203},{""fit_group_counts_by_label"":{""0"":6,""1"":4,""2"":6,""3"":4},""fit_groups"":20,""fit_records"":203,""fold"":1,""group_overlap"":0,""validation_group_counts_by_label"":{""0"":4,""1"":5,""2"":5,""3"":2},""validation_groups"":16,""validation_records"":164}]",0
classification__hybrid__granite97m__logistic_regression,classification,hybrid,granite97m,logistic_regression,2,893,221,89,22,0,7.517248500022106,0.7480177999241278,0.1393195999553427,0.6304054296621842,classifier_pipeline_with_precomputed_embedding,"{""model__C"":10.0}",0.6064720724305297,"{""automatic_maintenance_as_obra"":0,""automatic_non_obra_as_obra"":0,""coverage"":0.6805194805194805,""covered"":262,""eligible"":true,""errors"":2,""obra_threshold"":0.9,""risk"":0.007633587786259542,""threshold"":0.76}","{""balance_score"":0.049781125928942266,""calibration_group_counts_by_label"":{""0"":11,""1"":11,""2"":10,""3"":4},""calibration_groups"":36,""calibration_label_counts"":{""0"":82,""1"":135,""2"":118,""3"":50},""calibration_records"":385,""fit_group_counts_by_label"":{""0"":12,""1"":16,""2"":16,""3"":9},""fit_groups"":53,""fit_label_counts"":{""0"":105,""1"":173,""2"":157,""3"":73},""fit_records"":508,""group_overlap"":0}","[{""fit_group_counts_by_label"":{""0"":6,""1"":5,""2"":6,""3"":2},""fit_groups"":19,""fit_records"":193,""fold"":0,""group_overlap"":0,""validation_group_counts_by_label"":{""0"":5,""1"":6,""2"":4,""3"":2},""validation_groups"":17,""validation_records"":192},{""fit_group_counts_by_label"":{""0"":5,""1"":6,""2"":4,""3"":2},""fit_groups"":17,""fit_records"":192,""fold"":1,""group_overlap"":0,""validation_group_counts_by_label"":{""0"":6,""1"":5,""2"":6,""3"":2},""validation_groups"":19,""validation_records"":193}]",0
classification__hybrid__granite97m__logistic_regression,classification,hybrid,granite97m,logistic_regression,3,880,234,88,23,0,7.362589900032617,0.6913912000600249,0.13825429999269545,0.5908303418491259,classifier_pipeline_with_precomputed_embedding,"{""model__C"":0.1}",0.7866153184599796,"{""eligible"":false,""obra_threshold"":0.9,""threshold"":null}","{""balance_score"":0.03552093973442283,""calibration_group_counts_by_label"":{""0"":10,""1"":9,""2"":11,""3"":6},""calibration_groups"":36,""calibration_label_counts"":{""0"":69,""1"":120,""2"":108,""3"":59},""calibration_records"":356,""fit_group_counts_by_label"":{""0"":12,""1"":16,""2"":13,""3"":11},""fit_groups"":52,""fit_label_counts"":{""0"":113,""1"":163,""2"":159,""3"":89},""fit_records"":524,""group_overlap"":0}","[{""fit_group_counts_by_label"":{""0"":3,""1"":7,""2"":4,""3"":3},""fit_groups"":17,""fit_records"":194,""fold"":0,""group_overlap"":0,""validation_group_counts_by_label"":{""0"":7,""1"":2,""2"":7,""3"":3},""validation_groups"":19,""validation_records"":162},{""fit_group_counts_by_label"":{""0"":7,""1"":2,""2"":7,""3"":3},""fit_groups"":19,""fit_records"":162,""fold"":1,""group_overlap"":0,""validation_group_counts_by_label"":{""0"":3,""1"":7,""2"":4,""3"":3},""validation_groups"":17,""validation_records"":194}]",0
classification__hybrid__granite97m__logistic_regression,classification,hybrid,granite97m,logistic_regression,4,885,229,89,22,0,7.590798999997787,0.6923596999840811,0.13698389998171479,0.5981829693524663,classifier_pipeline_with_precomputed_embedding,"{""model__C"":10.0}",0.6761993364339255,"{""automatic_maintenance_as_obra"":0,""automatic_non_obra_as_obra"":0,""coverage"":0.5,""covered"":179,""eligible"":true,""errors"":9,""obra_threshold"":0.9,""risk"":0.05027932960893855,""threshold"":0.7}","{""balance_score"":0.021254300413470872,""calibration_group_counts_by_label"":{""0"":9,""1"":11,""2"":10,""3"":6},""calibration_groups"":36,""calibration_label_counts"":{""0"":75,""1"":115,""2"":104,""3"":64},""calibration_records"":358,""fit_group_counts_by_label"":{""0"":13,""1"":15,""2"":14,""3"":11},""fit_groups"":53,""fit_label_counts"":{""0"":103,""1"":171,""2"":155,""3"":98},""fit_records"":527,""group_overlap"":0}","[{""fit_group_counts_by_label"":{""0"":5,""1"":6,""2"":5,""3"":3},""fit_groups"":19,""fit_records"":178,""fold"":0,""group_overlap"":0,""validation_group_counts_by_label"":{""0"":4,""1"":5,""2"":5,""3"":3},""validation_groups"":17,""validation_records"":180},{""fit_group_counts_by_label"":{""0"":4,""1"":5,""2"":5,""3"":3},""fit_groups"":17,""fit_records"":180,""fold"":1,""group_overlap"":0,""validation_group_counts_by_label"":{""0"":5,""1"":6,""2"":5,""3"":3},""validation_groups"":19,""validation_records"":178}]",0
classification__hybrid__granite97m__decision_tree,classification,hybrid,granite97m,decision_tree,0,917,197,89,22,0,13.506488199927844,0.7154529000399634,0.11391149996779859,0.5782309643035461,classifier_pipeline_with_precomputed_embedding,"{""model__max_depth"":3,""model__min_samples_leaf"":5}",0.5953342074576755,"{""eligible"":false,""obra_threshold"":0.9,""threshold"":null}","{""balance_score"":0.03916836565359627,""calibration_group_counts_by_label"":{""0"":8,""1"":11,""2"":12,""3"":5},""calibration_groups"":36,""calibration_label_counts"":{""0"":82,""1"":118,""2"":124,""3"":44},""calibration_records"":368,""fit_group_counts_by_label"":{""0"":14,""1"":15,""2"":15,""3"":9},""fit_groups"":53,""fit_label_counts"":{""0"":122,""1"":163,""2"":181,""3"":83},""fit_records"":549,""group_overlap"":0}","[{""fit_group_counts_by_label"":{""0"":4,""1"":4,""2"":9,""3"":2},""fit_groups"":19,""fit_records"":186,""fold"":0,""group_overlap"":0,""validation_group_counts_by_label"":{""0"":4,""1"":7,""2"":3,""3"":3},""validation_groups"":17,""validation_records"":182},{""fit_group_counts_by_label"":{""0"":4,""1"":7,""2"":3,""3"":3},""fit_groups"":17,""fit_records"":182,""fold"":1,""group_overlap"":0,""validation_group_counts_by_label"":{""0"":4,""1"":4,""2"":9,""3"":2},""validation_groups"":19,""validation_records"":186}]",0
classification__hybrid__granite97m__decision_tree,classification,hybrid,granite97m,decision_tree,1,881,233,89,22,0,10.595921300002374,0.707951599964872,0.16724980005528778,0.7178103006664711,classifier_pipeline_with_precomputed_embedding,"{""model__max_depth"":3,""model__min_samples_leaf"":5}",0.5467364162908718,"{""eligible"":false,""obra_threshold"":0.9,""threshold"":null}","{""balance_score"":0.03224042532791874,""calibration_group_counts_by_label"":{""0"":10,""1"":9,""2"":11,""3"":6},""calibration_groups"":36,""calibration_label_counts"":{""0"":72,""1"":108,""2"":125,""3"":62},""calibration_records"":367,""fit_group_counts_by_label"":{""0"":13,""1"":15,""2"":16,""3"":9},""fit_groups"":53,""fit_label_counts"":{""0"":101,""1"":158,""2"":169,""3"":86},""fit_records"":514,""group_overlap"":0}","[{""fit_group_counts_by_label"":{""0"":4,""1"":5,""2"":5,""3"":2},""fit_groups"":16,""fit_records"":164,""fold"":0,""group_overlap"":0,""validation_group_counts_by_label"":{""0"":6,""1"":4,""2"":6,""3"":4},""validation_groups"":20,""validation_records"":203},{""fit_group_counts_by_label"":{""0"":6,""1"":4,""2"":6,""3"":4},""fit_groups"":20,""fit_records"":203,""fold"":1,""group_overlap"":0,""validation_group_counts_by_label"":{""0"":4,""1"":5,""2"":5,""3"":2},""validation_groups"":16,""validation_records"":164}]",0
classification__hybrid__granite97m__decision_tree,classification,hybrid,granite97m,decision_tree,2,893,221,89,22,0,10.992147600045428,0.8564165999414399,0.22755209996830672,1.0296475111688086,classifier_pipeline_with_precomputed_embedding,"{""model__max_depth"":3,""model__min_samples_leaf"":2}",0.5127239788379557,"{""eligible"":false,""obra_threshold"":0.9,""threshold"":null}","{""balance_score"":0.049781125928942266,""calibration_group_counts_by_label"":{""0"":11,""1"":11,""2"":10,""3"":4},""calibration_groups"":36,""calibration_label_counts"":{""0"":82,""1"":135,""2"":118,""3"":50},""calibration_records"":385,""fit_group_counts_by_label"":{""0"":12,""1"":16,""2"":16,""3"":9},""fit_groups"":53,""fit_label_counts"":{""0"":105,""1"":173,""2"":157,""3"":73},""fit_records"":508,""group_overlap"":0}","[{""fit_group_counts_by_label"":{""0"":6,""1"":5,""2"":6,""3"":2},""fit_groups"":19,""fit_records"":193,""fold"":0,""group_overlap"":0,""validation_group_counts_by_label"":{""0"":5,""1"":6,""2"":4,""3"":2},""validation_groups"":17,""validation_records"":192},{""fit_group_counts_by_label"":{""0"":5,""1"":6,""2"":4,""3"":2},""fit_groups"":17,""fit_records"":192,""fold"":1,""group_overlap"":0,""validation_group_counts_by_label"":{""0"":6,""1"":5,""2"":6,""3"":2},""validation_groups"":19,""validation_records"":193}]",0
classification__hybrid__granite97m__decision_tree,classification,hybrid,granite97m,decision_tree,3,880,234,88,23,0,10.640208199969493,0.669478299911134,0.13624830008484423,0.5822576926702745,classifier_pipeline_with_precomputed_embedding,"{""model__max_depth"":6,""model__min_samples_leaf"":2}",0.5142399439532958,"{""eligible"":false,""obra_threshold"":0.9,""threshold"":null}","{""balance_score"":0.03552093973442283,""calibration_group_counts_by_label"":{""0"":10,""1"":9,""2"":11,""3"":6},""calibration_groups"":36,""calibration_label_counts"":{""0"":69,""1"":120,""2"":108,""3"":59},""calibration_records"":356,""fit_group_counts_by_label"":{""0"":12,""1"":16,""2"":13,""3"":11},""fit_groups"":52,""fit_label_counts"":{""0"":113,""1"":163,""2"":159,""3"":89},""fit_records"":524,""group_overlap"":0}","[{""fit_group_counts_by_label"":{""0"":3,""1"":7,""2"":4,""3"":3},""fit_groups"":17,""fit_records"":194,""fold"":0,""group_overlap"":0,""validation_group_counts_by_label"":{""0"":7,""1"":2,""2"":7,""3"":3},""validation_groups"":19,""validation_records"":162},{""fit_group_counts_by_label"":{""0"":7,""1"":2,""2"":7,""3"":3},""fit_groups"":19,""fit_records"":162,""fold"":1,""group_overlap"":0,""validation_group_counts_by_label"":{""0"":3,""1"":7,""2"":4,""3"":3},""validation_groups"":17,""validation_records"":194}]",0
classification__hybrid__granite97m__decision_tree,classification,hybrid,granite97m,decision_tree,4,885,229,89,22,0,10.743895399966277,0.6939975999994203,0.13250579999294132,0.5786279475674293,classifier_pipeline_with_precomputed_embedding,"{""model__max_depth"":3,""model__min_samples_leaf"":2}",0.6304710113543007,"{""eligible"":false,""obra_threshold"":0.9,""threshold"":null}","{""balance_score"":0.021254300413470872,""calibration_group_counts_by_label"":{""0"":9,""1"":11,""2"":10,""3"":6},""calibration_groups"":36,""calibration_label_counts"":{""0"":75,""1"":115,""2"":104,""3"":64},""calibration_records"":358,""fit_group_counts_by_label"":{""0"":13,""1"":15,""2"":14,""3"":11},""fit_groups"":53,""fit_label_counts"":{""0"":103,""1"":171,""2"":155,""3"":98},""fit_records"":527,""group_overlap"":0}","[{""fit_group_counts_by_label"":{""0"":5,""1"":6,""2"":5,""3"":3},""fit_groups"":19,""fit_records"":178,""fold"":0,""group_overlap"":0,""validation_group_counts_by_label"":{""0"":4,""1"":5,""2"":5,""3"":3},""validation_groups"":17,""validation_records"":180},{""fit_group_counts_by_label"":{""0"":4,""1"":5,""2"":5,""3"":3},""fit_groups"":17,""fit_records"":180,""fold"":1,""group_overlap"":0,""validation_group_counts_by_label"":{""0"":5,""1"":6,""2"":5,""3"":3},""validation_groups"":19,""validation_records"":178}]",0
classification__hybrid__granite97m__linear_svm,classification,hybrid,granite97m,linear_svm,0,917,197,89,22,0,10.600223299930803,0.9245554999215528,0.15434330003336072,0.7834685280881255,classifier_pipeline_with_precomputed_embedding,"{""model__C"":0.1}",0.7742100660632701,"{""automatic_maintenance_as_obra"":0,""automatic_non_obra_as_obra"":0,""coverage"":0.5108695652173914,""covered"":188,""eligible"":true,""errors"":9,""obra_threshold"":0.9,""risk"":0.047872340425531915,""threshold"":0.82}","{""balance_score"":0.03916836565359627,""calibration_group_counts_by_label"":{""0"":8,""1"":11,""2"":12,""3"":5},""calibration_groups"":36,""calibration_label_counts"":{""0"":82,""1"":118,""2"":124,""3"":44},""calibration_records"":368,""fit_group_counts_by_label"":{""0"":14,""1"":15,""2"":15,""3"":9},""fit_groups"":53,""fit_label_counts"":{""0"":122,""1"":163,""2"":181,""3"":83},""fit_records"":549,""group_overlap"":0}","[{""fit_group_counts_by_label"":{""0"":4,""1"":4,""2"":9,""3"":2},""fit_groups"":19,""fit_records"":186,""fold"":0,""group_overlap"":0,""validation_group_counts_by_label"":{""0"":4,""1"":7,""2"":3,""3"":3},""validation_groups"":17,""validation_records"":182},{""fit_group_counts_by_label"":{""0"":4,""1"":7,""2"":3,""3"":3},""fit_groups"":17,""fit_records"":182,""fold"":1,""group_overlap"":0,""validation_group_counts_by_label"":{""0"":4,""1"":4,""2"":9,""3"":2},""validation_groups"":19,""validation_records"":186}]",0
classification__hybrid__granite97m__linear_svm,classification,hybrid,granite97m,linear_svm,1,881,233,89,22,0,7.770341799943708,0.87010790000204,0.1486111000413075,0.6378158800056116,classifier_pipeline_with_precomputed_embedding,"{""model__C"":10.0}",0.7011092865949756,"{""automatic_maintenance_as_obra"":0,""automatic_non_obra_as_obra"":0,""coverage"":0.5231607629427792,""covered"":192,""eligible"":true,""errors"":6,""obra_threshold"":0.9,""risk"":0.03125,""threshold"":0.71}","{""balance_score"":0.03224042532791874,""calibration_group_counts_by_label"":{""0"":10,""1"":9,""2"":11,""3"":6},""calibration_groups"":36,""calibration_label_counts"":{""0"":72,""1"":108,""2"":125,""3"":62},""calibration_records"":367,""fit_group_counts_by_label"":{""0"":13,""1"":15,""2"":16,""3"":9},""fit_groups"":53,""fit_label_counts"":{""0"":101,""1"":158,""2"":169,""3"":86},""fit_records"":514,""group_overlap"":0}","[{""fit_group_counts_by_label"":{""0"":4,""1"":5,""2"":5,""3"":2},""fit_groups"":16,""fit_records"":164,""fold"":0,""group_overlap"":0,""validation_group_counts_by_label"":{""0"":6,""1"":4,""2"":6,""3"":4},""validation_groups"":20,""validation_records"":203},{""fit_group_counts_by_label"":{""0"":6,""1"":4,""2"":6,""3"":4},""fit_groups"":20,""fit_records"":203,""fold"":1,""group_overlap"":0,""validation_group_counts_by_label"":{""0"":4,""1"":5,""2"":5,""3"":2},""validation_groups"":16,""validation_records"":164}]",0
classification__hybrid__granite97m__linear_svm,classification,hybrid,granite97m,linear_svm,2,893,221,89,22,0,8.03456149995327,0.7732777000637725,0.12808799999766052,0.5795837103966539,classifier_pipeline_with_precomputed_embedding,"{""model__C"":10.0}",0.6308617601192293,"{""automatic_maintenance_as_obra"":0,""automatic_non_obra_as_obra"":0,""coverage"":0.7428571428571429,""covered"":286,""eligible"":true,""errors"":2,""obra_threshold"":0.9,""risk"":0.006993006993006993,""threshold"":0.78}","{""balance_score"":0.049781125928942266,""calibration_group_counts_by_label"":{""0"":11,""1"":11,""2"":10,""3"":4},""calibration_groups"":36,""calibration_label_counts"":{""0"":82,""1"":135,""2"":118,""3"":50},""calibration_records"":385,""fit_group_counts_by_label"":{""0"":12,""1"":16,""2"":16,""3"":9},""fit_groups"":53,""fit_label_counts"":{""0"":105,""1"":173,""2"":157,""3"":73},""fit_records"":508,""group_overlap"":0}","[{""fit_group_counts_by_label"":{""0"":6,""1"":5,""2"":6,""3"":2},""fit_groups"":19,""fit_records"":193,""fold"":0,""group_overlap"":0,""validation_group_counts_by_label"":{""0"":5,""1"":6,""2"":4,""3"":2},""validation_groups"":17,""validation_records"":192},{""fit_group_counts_by_label"":{""0"":5,""1"":6,""2"":4,""3"":2},""fit_groups"":17,""fit_records"":192,""fold"":1,""group_overlap"":0,""validation_group_counts_by_label"":{""0"":6,""1"":5,""2"":6,""3"":2},""validation_groups"":19,""validation_records"":193}]",0
classification__hybrid__granite97m__linear_svm,classification,hybrid,granite97m,linear_svm,3,880,234,88,23,0,8.111774899996817,0.6937654999783263,0.13662640005350113,0.5838735045021416,classifier_pipeline_with_precomputed_embedding,"{""model__C"":10.0}",0.8160164554219822,"{""automatic_maintenance_as_obra"":0,""automatic_non_obra_as_obra"":0,""coverage"":0.5224719101123596,""covered"":186,""eligible"":true,""errors"":6,""obra_threshold"":0.9,""risk"":0.03225806451612903,""threshold"":0.72}","{""balance_score"":0.03552093973442283,""calibration_group_counts_by_label"":{""0"":10,""1"":9,""2"":11,""3"":6},""calibration_groups"":36,""calibration_label_counts"":{""0"":69,""1"":120,""2"":108,""3"":59},""calibration_records"":356,""fit_group_counts_by_label"":{""0"":12,""1"":16,""2"":13,""3"":11},""fit_groups"":52,""fit_label_counts"":{""0"":113,""1"":163,""2"":159,""3"":89},""fit_records"":524,""group_overlap"":0}","[{""fit_group_counts_by_label"":{""0"":3,""1"":7,""2"":4,""3"":3},""fit_groups"":17,""fit_records"":194,""fold"":0,""group_overlap"":0,""validation_group_counts_by_label"":{""0"":7,""1"":2,""2"":7,""3"":3},""validation_groups"":19,""validation_records"":162},{""fit_group_counts_by_label"":{""0"":7,""1"":2,""2"":7,""3"":3},""fit_groups"":19,""fit_records"":162,""fold"":1,""group_overlap"":0,""validation_group_counts_by_label"":{""0"":3,""1"":7,""2"":4,""3"":3},""validation_groups"":17,""validation_records"":194}]",0
classification__hybrid__granite97m__linear_svm,classification,hybrid,granite97m,linear_svm,4,885,229,89,22,0,8.03494879999198,0.688629399985075,0.13711009989492595,0.5987340606765326,classifier_pipeline_with_precomputed_embedding,"{""model__C"":10.0}",0.6885412960244793,"{""automatic_maintenance_as_obra"":0,""automatic_non_obra_as_obra"":0,""coverage"":0.5167597765363129,""covered"":185,""eligible"":true,""errors"":7,""obra_threshold"":0.9,""risk"":0.03783783783783784,""threshold"":0.76}","{""balance_score"":0.021254300413470872,""calibration_group_counts_by_label"":{""0"":9,""1"":11,""2"":10,""3"":6},""calibration_groups"":36,""calibration_label_counts"":{""0"":75,""1"":115,""2"":104,""3"":64},""calibration_records"":358,""fit_group_counts_by_label"":{""0"":13,""1"":15,""2"":14,""3"":11},""fit_groups"":53,""fit_label_counts"":{""0"":103,""1"":171,""2"":155,""3"":98},""fit_records"":527,""group_overlap"":0}","[{""fit_group_counts_by_label"":{""0"":5,""1"":6,""2"":5,""3"":3},""fit_groups"":19,""fit_records"":178,""fold"":0,""group_overlap"":0,""validation_group_counts_by_label"":{""0"":4,""1"":5,""2"":5,""3"":3},""validation_groups"":17,""validation_records"":180},{""fit_group_counts_by_label"":{""0"":4,""1"":5,""2"":5,""3"":3},""fit_groups"":17,""fit_records"":180,""fold"":1,""group_overlap"":0,""validation_group_counts_by_label"":{""0"":5,""1"":6,""2"":5,""3"":3},""validation_groups"":19,""validation_records"":178}]",0
classification__hybrid__granite97m__mlp,classification,hybrid,granite97m,mlp,0,917,197,89,22,0,103.22496450005565,0.7285282000666484,0.12080969999078661,0.613247208075059,classifier_pipeline_with_precomputed_embedding,"{""model__alpha"":0.001,""model__hidden_layer_sizes"":[16]}",0.7345836598259702,"{""eligible"":false,""obra_threshold"":0.9,""threshold"":null}","{""balance_score"":0.03916836565359627,""calibration_group_counts_by_label"":{""0"":8,""1"":11,""2"":12,""3"":5},""calibration_groups"":36,""calibration_label_counts"":{""0"":82,""1"":118,""2"":124,""3"":44},""calibration_records"":368,""fit_group_counts_by_label"":{""0"":14,""1"":15,""2"":15,""3"":9},""fit_groups"":53,""fit_label_counts"":{""0"":122,""1"":163,""2"":181,""3"":83},""fit_records"":549,""group_overlap"":0}","[{""fit_group_counts_by_label"":{""0"":4,""1"":4,""2"":9,""3"":2},""fit_groups"":19,""fit_records"":186,""fold"":0,""group_overlap"":0,""validation_group_counts_by_label"":{""0"":4,""1"":7,""2"":3,""3"":3},""validation_groups"":17,""validation_records"":182},{""fit_group_counts_by_label"":{""0"":4,""1"":7,""2"":3,""3"":3},""fit_groups"":17,""fit_records"":182,""fold"":1,""group_overlap"":0,""validation_group_counts_by_label"":{""0"":4,""1"":4,""2"":9,""3"":2},""validation_groups"":19,""validation_records"":186}]",0
classification__hybrid__granite97m__mlp,classification,hybrid,granite97m,mlp,1,881,233,89,22,0,84.23875479993876,0.8022092999890447,0.1361441999906674,0.5843098712045811,classifier_pipeline_with_precomputed_embedding,"{""model__alpha"":0.001,""model__hidden_layer_sizes"":[16]}",0.627804018835315,"{""automatic_maintenance_as_obra"":0,""automatic_non_obra_as_obra"":0,""coverage"":0.5122615803814714,""covered"":188,""eligible"":true,""errors"":4,""obra_threshold"":0.9,""risk"":0.02127659574468085,""threshold"":0.86}","{""balance_score"":0.03224042532791874,""calibration_group_counts_by_label"":{""0"":10,""1"":9,""2"":11,""3"":6},""calibration_groups"":36,""calibration_label_counts"":{""0"":72,""1"":108,""2"":125,""3"":62},""calibration_records"":367,""fit_group_counts_by_label"":{""0"":13,""1"":15,""2"":16,""3"":9},""fit_groups"":53,""fit_label_counts"":{""0"":101,""1"":158,""2"":169,""3"":86},""fit_records"":514,""group_overlap"":0}","[{""fit_group_counts_by_label"":{""0"":4,""1"":5,""2"":5,""3"":2},""fit_groups"":16,""fit_records"":164,""fold"":0,""group_overlap"":0,""validation_group_counts_by_label"":{""0"":6,""1"":4,""2"":6,""3"":4},""validation_groups"":20,""validation_records"":203},{""fit_group_counts_by_label"":{""0"":6,""1"":4,""2"":6,""3"":4},""fit_groups"":20,""fit_records"":203,""fold"":1,""group_overlap"":0,""validation_group_counts_by_label"":{""0"":4,""1"":5,""2"":5,""3"":2},""validation_groups"":16,""validation_records"":164}]",0
classification__hybrid__granite97m__mlp,classification,hybrid,granite97m,mlp,2,893,221,89,22,0,72.01304450002499,0.7631577999563888,0.13280830008443445,0.6009425343187079,classifier_pipeline_with_precomputed_embedding,"{""model__alpha"":0.001,""model__hidden_layer_sizes"":[16]}",0.6436144076071187,"{""eligible"":false,""obra_threshold"":0.9,""threshold"":null}","{""balance_score"":0.049781125928942266,""calibration_group_counts_by_label"":{""0"":11,""1"":11,""2"":10,""3"":4},""calibration_groups"":36,""calibration_label_counts"":{""0"":82,""1"":135,""2"":118,""3"":50},""calibration_records"":385,""fit_group_counts_by_label"":{""0"":12,""1"":16,""2"":16,""3"":9},""fit_groups"":53,""fit_label_counts"":{""0"":105,""1"":173,""2"":157,""3"":73},""fit_records"":508,""group_overlap"":0}","[{""fit_group_counts_by_label"":{""0"":6,""1"":5,""2"":6,""3"":2},""fit_groups"":19,""fit_records"":193,""fold"":0,""group_overlap"":0,""validation_group_counts_by_label"":{""0"":5,""1"":6,""2"":4,""3"":2},""validation_groups"":17,""validation_records"":192},{""fit_group_counts_by_label"":{""0"":5,""1"":6,""2"":4,""3"":2},""fit_groups"":17,""fit_records"":192,""fold"":1,""group_overlap"":0,""validation_group_counts_by_label"":{""0"":6,""1"":5,""2"":6,""3"":2},""validation_groups"":19,""validation_records"":193}]",0
classification__hybrid__granite97m__mlp,classification,hybrid,granite97m,mlp,3,880,234,88,23,0,102.95661359990481,0.7651535000186414,0.1387207000516355,0.5928235044941689,classifier_pipeline_with_precomputed_embedding,"{""model__alpha"":0.001,""model__hidden_layer_sizes"":[16]}",0.7903096116200535,"{""automatic_maintenance_as_obra"":0,""automatic_non_obra_as_obra"":0,""coverage"":0.5280898876404494,""covered"":188,""eligible"":true,""errors"":8,""obra_threshold"":0.9,""risk"":0.0425531914893617,""threshold"":0.75}","{""balance_score"":0.03552093973442283,""calibration_group_counts_by_label"":{""0"":10,""1"":9,""2"":11,""3"":6},""calibration_groups"":36,""calibration_label_counts"":{""0"":69,""1"":120,""2"":108,""3"":59},""calibration_records"":356,""fit_group_counts_by_label"":{""0"":12,""1"":16,""2"":13,""3"":11},""fit_groups"":52,""fit_label_counts"":{""0"":113,""1"":163,""2"":159,""3"":89},""fit_records"":524,""group_overlap"":0}","[{""fit_group_counts_by_label"":{""0"":3,""1"":7,""2"":4,""3"":3},""fit_groups"":17,""fit_records"":194,""fold"":0,""group_overlap"":0,""validation_group_counts_by_label"":{""0"":7,""1"":2,""2"":7,""3"":3},""validation_groups"":19,""validation_records"":162},{""fit_group_counts_by_label"":{""0"":7,""1"":2,""2"":7,""3"":3},""fit_groups"":19,""fit_records"":162,""fold"":1,""group_overlap"":0,""validation_group_counts_by_label"":{""0"":3,""1"":7,""2"":4,""3"":3},""validation_groups"":17,""validation_records"":194}]",0
classification__hybrid__granite97m__mlp,classification,hybrid,granite97m,mlp,4,885,229,89,22,0,92.73314909997862,0.7663183000404388,0.13838320004288107,0.604293449968913,classifier_pipeline_with_precomputed_embedding,"{""model__alpha"":0.001,""model__hidden_layer_sizes"":[16]}",0.6495178601877877,"{""automatic_maintenance_as_obra"":0,""automatic_non_obra_as_obra"":0,""coverage"":0.5167597765363129,""covered"":185,""eligible"":true,""errors"":13,""obra_threshold"":0.9,""risk"":0.07027027027027027,""threshold"":0.74}","{""balance_score"":0.021254300413470872,""calibration_group_counts_by_label"":{""0"":9,""1"":11,""2"":10,""3"":6},""calibration_groups"":36,""calibration_label_counts"":{""0"":75,""1"":115,""2"":104,""3"":64},""calibration_records"":358,""fit_group_counts_by_label"":{""0"":13,""1"":15,""2"":14,""3"":11},""fit_groups"":53,""fit_label_counts"":{""0"":103,""1"":171,""2"":155,""3"":98},""fit_records"":527,""group_overlap"":0}","[{""fit_group_counts_by_label"":{""0"":5,""1"":6,""2"":5,""3"":3},""fit_groups"":19,""fit_records"":178,""fold"":0,""group_overlap"":0,""validation_group_counts_by_label"":{""0"":4,""1"":5,""2"":5,""3"":3},""validation_groups"":17,""validation_records"":180},{""fit_group_counts_by_label"":{""0"":4,""1"":5,""2"":5,""3"":3},""fit_groups"":17,""fit_records"":180,""fold"":1,""group_overlap"":0,""validation_group_counts_by_label"":{""0"":5,""1"":6,""2"":5,""3"":3},""validation_groups"":19,""validation_records"":178}]",0
classification__hybrid__granite97m__xgboost,classification,hybrid,granite97m,xgboost,0,917,197,89,22,0,205.5086646999698,0.9094997000647709,0.12545039993710816,0.6368040605944577,classifier_pipeline_with_precomputed_embedding,"{""model__learning_rate"":0.05,""model__max_depth"":2,""model__n_estimators"":160}",0.6096480904538422,"{""eligible"":false,""obra_threshold"":0.9,""threshold"":null}","{""balance_score"":0.03916836565359627,""calibration_group_counts_by_label"":{""0"":8,""1"":11,""2"":12,""3"":5},""calibration_groups"":36,""calibration_label_counts"":{""0"":82,""1"":118,""2"":124,""3"":44},""calibration_records"":368,""fit_group_counts_by_label"":{""0"":14,""1"":15,""2"":15,""3"":9},""fit_groups"":53,""fit_label_counts"":{""0"":122,""1"":163,""2"":181,""3"":83},""fit_records"":549,""group_overlap"":0}","[{""fit_group_counts_by_label"":{""0"":4,""1"":4,""2"":9,""3"":2},""fit_groups"":19,""fit_records"":186,""fold"":0,""group_overlap"":0,""validation_group_counts_by_label"":{""0"":4,""1"":7,""2"":3,""3"":3},""validation_groups"":17,""validation_records"":182},{""fit_group_counts_by_label"":{""0"":4,""1"":7,""2"":3,""3"":3},""fit_groups"":17,""fit_records"":182,""fold"":1,""group_overlap"":0,""validation_group_counts_by_label"":{""0"":4,""1"":4,""2"":9,""3"":2},""validation_groups"":19,""validation_records"":186}]",0
classification__hybrid__granite97m__xgboost,classification,hybrid,granite97m,xgboost,1,881,233,89,22,0,166.78806569997687,0.9442174999276176,0.14853500004392117,0.637489270574769,classifier_pipeline_with_precomputed_embedding,"{""model__learning_rate"":0.05,""model__max_depth"":2,""model__n_estimators"":160}",0.6202218765104347,"{""eligible"":false,""obra_threshold"":0.9,""threshold"":null}","{""balance_score"":0.03224042532791874,""calibration_group_counts_by_label"":{""0"":10,""1"":9,""2"":11,""3"":6},""calibration_groups"":36,""calibration_label_counts"":{""0"":72,""1"":108,""2"":125,""3"":62},""calibration_records"":367,""fit_group_counts_by_label"":{""0"":13,""1"":15,""2"":16,""3"":9},""fit_groups"":53,""fit_label_counts"":{""0"":101,""1"":158,""2"":169,""3"":86},""fit_records"":514,""group_overlap"":0}","[{""fit_group_counts_by_label"":{""0"":4,""1"":5,""2"":5,""3"":2},""fit_groups"":16,""fit_records"":164,""fold"":0,""group_overlap"":0,""validation_group_counts_by_label"":{""0"":6,""1"":4,""2"":6,""3"":4},""validation_groups"":20,""validation_records"":203},{""fit_group_counts_by_label"":{""0"":6,""1"":4,""2"":6,""3"":4},""fit_groups"":20,""fit_records"":203,""fold"":1,""group_overlap"":0,""validation_group_counts_by_label"":{""0"":4,""1"":5,""2"":5,""3"":2},""validation_groups"":16,""validation_records"":164}]",0
classification__hybrid__granite97m__xgboost,classification,hybrid,granite97m,xgboost,2,893,221,89,22,0,204.75136699993163,1.0311541999690235,0.13813960005063564,0.6250660635775368,classifier_pipeline_with_precomputed_embedding,"{""model__learning_rate"":0.05,""model__max_depth"":4,""model__n_estimators"":160}",0.5804940237843081,"{""eligible"":false,""obra_threshold"":0.9,""threshold"":null}","{""balance_score"":0.049781125928942266,""calibration_group_counts_by_label"":{""0"":11,""1"":11,""2"":10,""3"":4},""calibration_groups"":36,""calibration_label_counts"":{""0"":82,""1"":135,""2"":118,""3"":50},""calibration_records"":385,""fit_group_counts_by_label"":{""0"":12,""1"":16,""2"":16,""3"":9},""fit_groups"":53,""fit_label_counts"":{""0"":105,""1"":173,""2"":157,""3"":73},""fit_records"":508,""group_overlap"":0}","[{""fit_group_counts_by_label"":{""0"":6,""1"":5,""2"":6,""3"":2},""fit_groups"":19,""fit_records"":193,""fold"":0,""group_overlap"":0,""validation_group_counts_by_label"":{""0"":5,""1"":6,""2"":4,""3"":2},""validation_groups"":17,""validation_records"":192},{""fit_group_counts_by_label"":{""0"":5,""1"":6,""2"":4,""3"":2},""fit_groups"":17,""fit_records"":192,""fold"":1,""group_overlap"":0,""validation_group_counts_by_label"":{""0"":6,""1"":5,""2"":6,""3"":2},""validation_groups"":19,""validation_records"":193}]",0
classification__hybrid__granite97m__xgboost,classification,hybrid,granite97m,xgboost,3,880,234,88,23,0,178.4387507000938,1.0494685000739992,0.14686580002307892,0.6276316240302517,classifier_pipeline_with_precomputed_embedding,"{""model__learning_rate"":0.05,""model__max_depth"":2,""model__n_estimators"":160}",0.552158267529027,"{""eligible"":false,""obra_threshold"":0.9,""threshold"":null}","{""balance_score"":0.03552093973442283,""calibration_group_counts_by_label"":{""0"":10,""1"":9,""2"":11,""3"":6},""calibration_groups"":36,""calibration_label_counts"":{""0"":69,""1"":120,""2"":108,""3"":59},""calibration_records"":356,""fit_group_counts_by_label"":{""0"":12,""1"":16,""2"":13,""3"":11},""fit_groups"":52,""fit_label_counts"":{""0"":113,""1"":163,""2"":159,""3"":89},""fit_records"":524,""group_overlap"":0}","[{""fit_group_counts_by_label"":{""0"":3,""1"":7,""2"":4,""3"":3},""fit_groups"":17,""fit_records"":194,""fold"":0,""group_overlap"":0,""validation_group_counts_by_label"":{""0"":7,""1"":2,""2"":7,""3"":3},""validation_groups"":19,""validation_records"":162},{""fit_group_counts_by_label"":{""0"":7,""1"":2,""2"":7,""3"":3},""fit_groups"":19,""fit_records"":162,""fold"":1,""group_overlap"":0,""validation_group_counts_by_label"":{""0"":3,""1"":7,""2"":4,""3"":3},""validation_groups"":17,""validation_records"":194}]",0
classification__hybrid__granite97m__xgboost,classification,hybrid,granite97m,xgboost,4,885,229,89,22,0,209.54893689998426,0.956129000056535,0.14753750001545995,0.6442685590194758,classifier_pipeline_with_precomputed_embedding,"{""model__learning_rate"":0.05,""model__max_depth"":4,""model__n_estimators"":160}",0.5330577960505781,"{""eligible"":false,""obra_threshold"":0.9,""threshold"":null}","{""balance_score"":0.021254300413470872,""calibration_group_counts_by_label"":{""0"":9,""1"":11,""2"":10,""3"":6},""calibration_groups"":36,""calibration_label_counts"":{""0"":75,""1"":115,""2"":104,""3"":64},""calibration_records"":358,""fit_group_counts_by_label"":{""0"":13,""1"":15,""2"":14,""3"":11},""fit_groups"":53,""fit_label_counts"":{""0"":103,""1"":171,""2"":155,""3"":98},""fit_records"":527,""group_overlap"":0}","[{""fit_group_counts_by_label"":{""0"":5,""1"":6,""2"":5,""3"":3},""fit_groups"":19,""fit_records"":178,""fold"":0,""group_overlap"":0,""validation_group_counts_by_label"":{""0"":4,""1"":5,""2"":5,""3"":3},""validation_groups"":17,""validation_records"":180},{""fit_group_counts_by_label"":{""0"":4,""1"":5,""2"":5,""3"":3},""fit_groups"":17,""fit_records"":180,""fold"":1,""group_overlap"":0,""validation_group_counts_by_label"":{""0"":5,""1"":6,""2"":5,""3"":3},""validation_groups"":19,""validation_records"":178}]",0
classification__hybrid__multilingual_e5_small__logistic_regression,classification,hybrid,multilingual_e5_small,logistic_regression,0,917,197,89,22,0,8.77088259998709,0.7145814000396058,0.11941240006126463,0.6061543150318002,classifier_pipeline_with_precomputed_embedding,"{""model__C"":0.1}",0.7586053130805737,"{""automatic_maintenance_as_obra"":0,""automatic_non_obra_as_obra"":0,""coverage"":0.5,""covered"":184,""eligible"":true,""errors"":14,""obra_threshold"":0.9,""risk"":0.07608695652173914,""threshold"":0.71}","{""balance_score"":0.03916836565359627,""calibration_group_counts_by_label"":{""0"":8,""1"":11,""2"":12,""3"":5},""calibration_groups"":36,""calibration_label_counts"":{""0"":82,""1"":118,""2"":124,""3"":44},""calibration_records"":368,""fit_group_counts_by_label"":{""0"":14,""1"":15,""2"":15,""3"":9},""fit_groups"":53,""fit_label_counts"":{""0"":122,""1"":163,""2"":181,""3"":83},""fit_records"":549,""group_overlap"":0}","[{""fit_group_counts_by_label"":{""0"":4,""1"":4,""2"":9,""3"":2},""fit_groups"":19,""fit_records"":186,""fold"":0,""group_overlap"":0,""validation_group_counts_by_label"":{""0"":4,""1"":7,""2"":3,""3"":3},""validation_groups"":17,""validation_records"":182},{""fit_group_counts_by_label"":{""0"":4,""1"":7,""2"":3,""3"":3},""fit_groups"":17,""fit_records"":182,""fold"":1,""group_overlap"":0,""validation_group_counts_by_label"":{""0"":4,""1"":4,""2"":9,""3"":2},""validation_groups"":19,""validation_records"":186}]",0
classification__hybrid__multilingual_e5_small__logistic_regression,classification,hybrid,multilingual_e5_small,logistic_regression,1,881,233,89,22,0,7.669685499975458,0.7194317999528721,0.1335331000154838,0.5731034335428489,classifier_pipeline_with_precomputed_embedding,"{""model__C"":10.0}",0.6406988695808297,"{""automatic_maintenance_as_obra"":0,""automatic_non_obra_as_obra"":0,""coverage"":0.5040871934604905,""covered"":185,""eligible"":true,""errors"":8,""obra_threshold"":0.9,""risk"":0.043243243243243246,""threshold"":0.67}","{""balance_score"":0.03224042532791874,""calibration_group_counts_by_label"":{""0"":10,""1"":9,""2"":11,""3"":6},""calibration_groups"":36,""calibration_label_counts"":{""0"":72,""1"":108,""2"":125,""3"":62},""calibration_records"":367,""fit_group_counts_by_label"":{""0"":13,""1"":15,""2"":16,""3"":9},""fit_groups"":53,""fit_label_counts"":{""0"":101,""1"":158,""2"":169,""3"":86},""fit_records"":514,""group_overlap"":0}","[{""fit_group_counts_by_label"":{""0"":4,""1"":5,""2"":5,""3"":2},""fit_groups"":16,""fit_records"":164,""fold"":0,""group_overlap"":0,""validation_group_counts_by_label"":{""0"":6,""1"":4,""2"":6,""3"":4},""validation_groups"":20,""validation_records"":203},{""fit_group_counts_by_label"":{""0"":6,""1"":4,""2"":6,""3"":4},""fit_groups"":20,""fit_records"":203,""fold"":1,""group_overlap"":0,""validation_group_counts_by_label"":{""0"":4,""1"":5,""2"":5,""3"":2},""validation_groups"":16,""validation_records"":164}]",0
classification__hybrid__multilingual_e5_small__logistic_regression,classification,hybrid,multilingual_e5_small,logistic_regression,2,893,221,89,22,0,7.242943700053729,0.745335099985823,0.12923680001404136,0.5847819005160243,classifier_pipeline_with_precomputed_embedding,"{""model__C"":1.0}",0.5800063949713068,"{""automatic_maintenance_as_obra"":0,""automatic_non_obra_as_obra"":0,""coverage"":0.5532467532467532,""covered"":213,""eligible"":true,""errors"":1,""obra_threshold"":0.9,""risk"":0.004694835680751174,""threshold"":0.84}","{""balance_score"":0.049781125928942266,""calibration_group_counts_by_label"":{""0"":11,""1"":11,""2"":10,""3"":4},""calibration_groups"":36,""calibration_label_counts"":{""0"":82,""1"":135,""2"":118,""3"":50},""calibration_records"":385,""fit_group_counts_by_label"":{""0"":12,""1"":16,""2"":16,""3"":9},""fit_groups"":53,""fit_label_counts"":{""0"":105,""1"":173,""2"":157,""3"":73},""fit_records"":508,""group_overlap"":0}","[{""fit_group_counts_by_label"":{""0"":6,""1"":5,""2"":6,""3"":2},""fit_groups"":19,""fit_records"":193,""fold"":0,""group_overlap"":0,""validation_group_counts_by_label"":{""0"":5,""1"":6,""2"":4,""3"":2},""validation_groups"":17,""validation_records"":192},{""fit_group_counts_by_label"":{""0"":5,""1"":6,""2"":4,""3"":2},""fit_groups"":17,""fit_records"":192,""fold"":1,""group_overlap"":0,""validation_group_counts_by_label"":{""0"":6,""1"":5,""2"":6,""3"":2},""validation_groups"":19,""validation_records"":193}]",0
classification__hybrid__multilingual_e5_small__logistic_regression,classification,hybrid,multilingual_e5_small,logistic_regression,3,880,234,88,23,0,7.037886500009336,0.7489399999612942,0.13773980003315955,0.5886316240733315,classifier_pipeline_with_precomputed_embedding,"{""model__C"":10.0}",0.7776247897182293,"{""automatic_maintenance_as_obra"":0,""automatic_non_obra_as_obra"":0,""coverage"":0.5,""covered"":178,""eligible"":true,""errors"":17,""obra_threshold"":0.9,""risk"":0.09550561797752809,""threshold"":0.64}","{""balance_score"":0.03552093973442283,""calibration_group_counts_by_label"":{""0"":10,""1"":9,""2"":11,""3"":6},""calibration_groups"":36,""calibration_label_counts"":{""0"":69,""1"":120,""2"":108,""3"":59},""calibration_records"":356,""fit_group_counts_by_label"":{""0"":12,""1"":16,""2"":13,""3"":11},""fit_groups"":52,""fit_label_counts"":{""0"":113,""1"":163,""2"":159,""3"":89},""fit_records"":524,""group_overlap"":0}","[{""fit_group_counts_by_label"":{""0"":3,""1"":7,""2"":4,""3"":3},""fit_groups"":17,""fit_records"":194,""fold"":0,""group_overlap"":0,""validation_group_counts_by_label"":{""0"":7,""1"":2,""2"":7,""3"":3},""validation_groups"":19,""validation_records"":162},{""fit_group_counts_by_label"":{""0"":7,""1"":2,""2"":7,""3"":3},""fit_groups"":19,""fit_records"":162,""fold"":1,""group_overlap"":0,""validation_group_counts_by_label"":{""0"":3,""1"":7,""2"":4,""3"":3},""validation_groups"":17,""validation_records"":194}]",0
classification__hybrid__multilingual_e5_small__logistic_regression,classification,hybrid,multilingual_e5_small,logistic_regression,4,885,229,89,22,0,7.30761929997243,0.6915369000053033,0.13384420005604625,0.5844724893277129,classifier_pipeline_with_precomputed_embedding,"{""model__C"":10.0}",0.6491850780736484,"{""automatic_maintenance_as_obra"":0,""automatic_non_obra_as_obra"":0,""coverage"":0.5027932960893855,""covered"":180,""eligible"":true,""errors"":15,""obra_threshold"":0.9,""risk"":0.08333333333333333,""threshold"":0.58}","{""balance_score"":0.021254300413470872,""calibration_group_counts_by_label"":{""0"":9,""1"":11,""2"":10,""3"":6},""calibration_groups"":36,""calibration_label_counts"":{""0"":75,""1"":115,""2"":104,""3"":64},""calibration_records"":358,""fit_group_counts_by_label"":{""0"":13,""1"":15,""2"":14,""3"":11},""fit_groups"":53,""fit_label_counts"":{""0"":103,""1"":171,""2"":155,""3"":98},""fit_records"":527,""group_overlap"":0}","[{""fit_group_counts_by_label"":{""0"":5,""1"":6,""2"":5,""3"":3},""fit_groups"":19,""fit_records"":178,""fold"":0,""group_overlap"":0,""validation_group_counts_by_label"":{""0"":4,""1"":5,""2"":5,""3"":3},""validation_groups"":17,""validation_records"":180},{""fit_group_counts_by_label"":{""0"":4,""1"":5,""2"":5,""3"":3},""fit_groups"":17,""fit_records"":180,""fold"":1,""group_overlap"":0,""validation_group_counts_by_label"":{""0"":5,""1"":6,""2"":5,""3"":3},""validation_groups"":19,""validation_records"":178}]",0
classification__hybrid__multilingual_e5_small__decision_tree,classification,hybrid,multilingual_e5_small,decision_tree,0,917,197,89,22,0,13.791689199977554,0.8348611999535933,0.10975830000825226,0.5571487310063566,classifier_pipeline_with_precomputed_embedding,"{""model__max_depth"":6,""model__min_samples_leaf"":5}",0.5524943174090963,"{""eligible"":false,""obra_threshold"":0.9,""threshold"":null}","{""balance_score"":0.03916836565359627,""calibration_group_counts_by_label"":{""0"":8,""1"":11,""2"":12,""3"":5},""calibration_groups"":36,""calibration_label_counts"":{""0"":82,""1"":118,""2"":124,""3"":44},""calibration_records"":368,""fit_group_counts_by_label"":{""0"":14,""1"":15,""2"":15,""3"":9},""fit_groups"":53,""fit_label_counts"":{""0"":122,""1"":163,""2"":181,""3"":83},""fit_records"":549,""group_overlap"":0}","[{""fit_group_counts_by_label"":{""0"":4,""1"":4,""2"":9,""3"":2},""fit_groups"":19,""fit_records"":186,""fold"":0,""group_overlap"":0,""validation_group_counts_by_label"":{""0"":4,""1"":7,""2"":3,""3"":3},""validation_groups"":17,""validation_records"":182},{""fit_group_counts_by_label"":{""0"":4,""1"":7,""2"":3,""3"":3},""fit_groups"":17,""fit_records"":182,""fold"":1,""group_overlap"":0,""validation_group_counts_by_label"":{""0"":4,""1"":4,""2"":9,""3"":2},""validation_groups"":19,""validation_records"":186}]",0
classification__hybrid__multilingual_e5_small__decision_tree,classification,hybrid,multilingual_e5_small,decision_tree,1,881,233,89,22,0,10.929677800042555,0.7232556999661028,0.13562820001970977,0.5820952790545484,classifier_pipeline_with_precomputed_embedding,"{""model__max_depth"":6,""model__min_samples_leaf"":2}",0.5178275889888062,"{""eligible"":false,""obra_threshold"":0.9,""threshold"":null}","{""balance_score"":0.03224042532791874,""calibration_group_counts_by_label"":{""0"":10,""1"":9,""2"":11,""3"":6},""calibration_groups"":36,""calibration_label_counts"":{""0"":72,""1"":108,""2"":125,""3"":62},""calibration_records"":367,""fit_group_counts_by_label"":{""0"":13,""1"":15,""2"":16,""3"":9},""fit_groups"":53,""fit_label_counts"":{""0"":101,""1"":158,""2"":169,""3"":86},""fit_records"":514,""group_overlap"":0}","[{""fit_group_counts_by_label"":{""0"":4,""1"":5,""2"":5,""3"":2},""fit_groups"":16,""fit_records"":164,""fold"":0,""group_overlap"":0,""validation_group_counts_by_label"":{""0"":6,""1"":4,""2"":6,""3"":4},""validation_groups"":20,""validation_records"":203},{""fit_group_counts_by_label"":{""0"":6,""1"":4,""2"":6,""3"":4},""fit_groups"":20,""fit_records"":203,""fold"":1,""group_overlap"":0,""validation_group_counts_by_label"":{""0"":4,""1"":5,""2"":5,""3"":2},""validation_groups"":16,""validation_records"":164}]",0
classification__hybrid__multilingual_e5_small__decision_tree,classification,hybrid,multilingual_e5_small,decision_tree,2,893,221,89,22,0,10.352086700033396,0.7523430000292137,0.12566739995963871,0.568630769048139,classifier_pipeline_with_precomputed_embedding,"{""model__max_depth"":3,""model__min_samples_leaf"":5}",0.5555097654944315,"{""eligible"":false,""obra_threshold"":0.9,""threshold"":null}","{""balance_score"":0.049781125928942266,""calibration_group_counts_by_label"":{""0"":11,""1"":11,""2"":10,""3"":4},""calibration_groups"":36,""calibration_label_counts"":{""0"":82,""1"":135,""2"":118,""3"":50},""calibration_records"":385,""fit_group_counts_by_label"":{""0"":12,""1"":16,""2"":16,""3"":9},""fit_groups"":53,""fit_label_counts"":{""0"":105,""1"":173,""2"":157,""3"":73},""fit_records"":508,""group_overlap"":0}","[{""fit_group_counts_by_label"":{""0"":6,""1"":5,""2"":6,""3"":2},""fit_groups"":19,""fit_records"":193,""fold"":0,""group_overlap"":0,""validation_group_counts_by_label"":{""0"":5,""1"":6,""2"":4,""3"":2},""validation_groups"":17,""validation_records"":192},{""fit_group_counts_by_label"":{""0"":5,""1"":6,""2"":4,""3"":2},""fit_groups"":17,""fit_records"":192,""fold"":1,""group_overlap"":0,""validation_group_counts_by_label"":{""0"":6,""1"":5,""2"":6,""3"":2},""validation_groups"":19,""validation_records"":193}]",0
classification__hybrid__multilingual_e5_small__decision_tree,classification,hybrid,multilingual_e5_small,decision_tree,3,880,234,88,23,0,10.68333689996507,0.669097900041379,0.14342990005388856,0.6129482908285836,classifier_pipeline_with_precomputed_embedding,"{""model__max_depth"":3,""model__min_samples_leaf"":2}",0.46901746795057314,"{""eligible"":false,""obra_threshold"":0.9,""threshold"":null}","{""balance_score"":0.03552093973442283,""calibration_group_counts_by_label"":{""0"":10,""1"":9,""2"":11,""3"":6},""calibration_groups"":36,""calibration_label_counts"":{""0"":69,""1"":120,""2"":108,""3"":59},""calibration_records"":356,""fit_group_counts_by_label"":{""0"":12,""1"":16,""2"":13,""3"":11},""fit_groups"":52,""fit_label_counts"":{""0"":113,""1"":163,""2"":159,""3"":89},""fit_records"":524,""group_overlap"":0}","[{""fit_group_counts_by_label"":{""0"":3,""1"":7,""2"":4,""3"":3},""fit_groups"":17,""fit_records"":194,""fold"":0,""group_overlap"":0,""validation_group_counts_by_label"":{""0"":7,""1"":2,""2"":7,""3"":3},""validation_groups"":19,""validation_records"":162},{""fit_group_counts_by_label"":{""0"":7,""1"":2,""2"":7,""3"":3},""fit_groups"":19,""fit_records"":162,""fold"":1,""group_overlap"":0,""validation_group_counts_by_label"":{""0"":3,""1"":7,""2"":4,""3"":3},""validation_groups"":17,""validation_records"":194}]",0
classification__hybrid__multilingual_e5_small__decision_tree,classification,hybrid,multilingual_e5_small,decision_tree,4,885,229,89,22,0,10.765597500023432,0.6763677000999451,0.13902110001072288,0.6070790393481348,classifier_pipeline_with_precomputed_embedding,"{""model__max_depth"":3,""model__min_samples_leaf"":2}",0.6186472831399795,"{""eligible"":false,""obra_threshold"":0.9,""threshold"":null}","{""balance_score"":0.021254300413470872,""calibration_group_counts_by_label"":{""0"":9,""1"":11,""2"":10,""3"":6},""calibration_groups"":36,""calibration_label_counts"":{""0"":75,""1"":115,""2"":104,""3"":64},""calibration_records"":358,""fit_group_counts_by_label"":{""0"":13,""1"":15,""2"":14,""3"":11},""fit_groups"":53,""fit_label_counts"":{""0"":103,""1"":171,""2"":155,""3"":98},""fit_records"":527,""group_overlap"":0}","[{""fit_group_counts_by_label"":{""0"":5,""1"":6,""2"":5,""3"":3},""fit_groups"":19,""fit_records"":178,""fold"":0,""group_overlap"":0,""validation_group_counts_by_label"":{""0"":4,""1"":5,""2"":5,""3"":3},""validation_groups"":17,""validation_records"":180},{""fit_group_counts_by_label"":{""0"":4,""1"":5,""2"":5,""3"":3},""fit_groups"":17,""fit_records"":180,""fold"":1,""group_overlap"":0,""validation_group_counts_by_label"":{""0"":5,""1"":6,""2"":5,""3"":3},""validation_groups"":19,""validation_records"":178}]",0
classification__hybrid__multilingual_e5_small__linear_svm,classification,hybrid,multilingual_e5_small,linear_svm,0,917,197,89,22,0,11.175679999985732,0.8186855000676587,0.16092100006062537,0.8168578683280476,classifier_pipeline_with_precomputed_embedding,"{""model__C"":1.0}",0.7606488227007387,"{""automatic_maintenance_as_obra"":0,""automatic_non_obra_as_obra"":0,""coverage"":0.5407608695652174,""covered"":199,""eligible"":true,""errors"":10,""obra_threshold"":0.9,""risk"":0.05025125628140704,""threshold"":0.72}","{""balance_score"":0.03916836565359627,""calibration_group_counts_by_label"":{""0"":8,""1"":11,""2"":12,""3"":5},""calibration_groups"":36,""calibration_label_counts"":{""0"":82,""1"":118,""2"":124,""3"":44},""calibration_records"":368,""fit_group_counts_by_label"":{""0"":14,""1"":15,""2"":15,""3"":9},""fit_groups"":53,""fit_label_counts"":{""0"":122,""1"":163,""2"":181,""3"":83},""fit_records"":549,""group_overlap"":0}","[{""fit_group_counts_by_label"":{""0"":4,""1"":4,""2"":9,""3"":2},""fit_groups"":19,""fit_records"":186,""fold"":0,""group_overlap"":0,""validation_group_counts_by_label"":{""0"":4,""1"":7,""2"":3,""3"":3},""validation_groups"":17,""validation_records"":182},{""fit_group_counts_by_label"":{""0"":4,""1"":7,""2"":3,""3"":3},""fit_groups"":17,""fit_records"":182,""fold"":1,""group_overlap"":0,""validation_group_counts_by_label"":{""0"":4,""1"":4,""2"":9,""3"":2},""validation_groups"":19,""validation_records"":186}]",0
classification__hybrid__multilingual_e5_small__linear_svm,classification,hybrid,multilingual_e5_small,linear_svm,1,881,233,89,22,0,9.076302199973725,0.7031768000451848,0.13377890002448112,0.5741583692037816,classifier_pipeline_with_precomputed_embedding,"{""model__C"":10.0}",0.6846964024127603,"{""automatic_maintenance_as_obra"":0,""automatic_non_obra_as_obra"":0,""coverage"":0.5122615803814714,""covered"":188,""eligible"":true,""errors"":6,""obra_threshold"":0.9,""risk"":0.031914893617021274,""threshold"":0.67}","{""balance_score"":0.03224042532791874,""calibration_group_counts_by_label"":{""0"":10,""1"":9,""2"":11,""3"":6},""calibration_groups"":36,""calibration_label_counts"":{""0"":72,""1"":108,""2"":125,""3"":62},""calibration_records"":367,""fit_group_counts_by_label"":{""0"":13,""1"":15,""2"":16,""3"":9},""fit_groups"":53,""fit_label_counts"":{""0"":101,""1"":158,""2"":169,""3"":86},""fit_records"":514,""group_overlap"":0}","[{""fit_group_counts_by_label"":{""0"":4,""1"":5,""2"":5,""3"":2},""fit_groups"":16,""fit_records"":164,""fold"":0,""group_overlap"":0,""validation_group_counts_by_label"":{""0"":6,""1"":4,""2"":6,""3"":4},""validation_groups"":20,""validation_records"":203},{""fit_group_counts_by_label"":{""0"":6,""1"":4,""2"":6,""3"":4},""fit_groups"":20,""fit_records"":203,""fold"":1,""group_overlap"":0,""validation_group_counts_by_label"":{""0"":4,""1"":5,""2"":5,""3"":2},""validation_groups"":16,""validation_records"":164}]",0
classification__hybrid__multilingual_e5_small__linear_svm,classification,hybrid,multilingual_e5_small,linear_svm,2,893,221,89,22,0,8.18461869994644,0.7533699000487104,0.12834659998770803,0.5807538460982264,classifier_pipeline_with_precomputed_embedding,"{""model__C"":0.1}",0.5818592432673729,"{""automatic_maintenance_as_obra"":0,""automatic_non_obra_as_obra"":0,""coverage"":0.6311688311688312,""covered"":243,""eligible"":true,""errors"":2,""obra_threshold"":0.9,""risk"":0.00823045267489712,""threshold"":0.79}","{""balance_score"":0.049781125928942266,""calibration_group_counts_by_label"":{""0"":11,""1"":11,""2"":10,""3"":4},""calibration_groups"":36,""calibration_label_counts"":{""0"":82,""1"":135,""2"":118,""3"":50},""calibration_records"":385,""fit_group_counts_by_label"":{""0"":12,""1"":16,""2"":16,""3"":9},""fit_groups"":53,""fit_label_counts"":{""0"":105,""1"":173,""2"":157,""3"":73},""fit_records"":508,""group_overlap"":0}","[{""fit_group_counts_by_label"":{""0"":6,""1"":5,""2"":6,""3"":2},""fit_groups"":19,""fit_records"":193,""fold"":0,""group_overlap"":0,""validation_group_counts_by_label"":{""0"":5,""1"":6,""2"":4,""3"":2},""validation_groups"":17,""validation_records"":192},{""fit_group_counts_by_label"":{""0"":5,""1"":6,""2"":4,""3"":2},""fit_groups"":17,""fit_records"":192,""fold"":1,""group_overlap"":0,""validation_group_counts_by_label"":{""0"":6,""1"":5,""2"":6,""3"":2},""validation_groups"":19,""validation_records"":193}]",0
classification__hybrid__multilingual_e5_small__linear_svm,classification,hybrid,multilingual_e5_small,linear_svm,3,880,234,88,23,0,8.384230599971488,0.6802255000220612,0.14051840000320226,0.6005059829196677,classifier_pipeline_with_precomputed_embedding,"{""model__C"":10.0}",0.8005828366518285,"{""automatic_maintenance_as_obra"":0,""automatic_non_obra_as_obra"":0,""coverage"":0.5112359550561798,""covered"":182,""eligible"":true,""errors"":12,""obra_threshold"":0.9,""risk"":0.06593406593406594,""threshold"":0.65}","{""balance_score"":0.03552093973442283,""calibration_group_counts_by_label"":{""0"":10,""1"":9,""2"":11,""3"":6},""calibration_groups"":36,""calibration_label_counts"":{""0"":69,""1"":120,""2"":108,""3"":59},""calibration_records"":356,""fit_group_counts_by_label"":{""0"":12,""1"":16,""2"":13,""3"":11},""fit_groups"":52,""fit_label_counts"":{""0"":113,""1"":163,""2"":159,""3"":89},""fit_records"":524,""group_overlap"":0}","[{""fit_group_counts_by_label"":{""0"":3,""1"":7,""2"":4,""3"":3},""fit_groups"":17,""fit_records"":194,""fold"":0,""group_overlap"":0,""validation_group_counts_by_label"":{""0"":7,""1"":2,""2"":7,""3"":3},""validation_groups"":19,""validation_records"":162},{""fit_group_counts_by_label"":{""0"":7,""1"":2,""2"":7,""3"":3},""fit_groups"":19,""fit_records"":162,""fold"":1,""group_overlap"":0,""validation_group_counts_by_label"":{""0"":3,""1"":7,""2"":4,""3"":3},""validation_groups"":17,""validation_records"":194}]",0
classification__hybrid__multilingual_e5_small__linear_svm,classification,hybrid,multilingual_e5_small,linear_svm,4,885,229,89,22,0,7.903591099893674,0.6803959000390023,0.13478890003170818,0.5885978167323501,classifier_pipeline_with_precomputed_embedding,"{""model__C"":1.0}",0.6816228339745013,"{""automatic_maintenance_as_obra"":0,""automatic_non_obra_as_obra"":0,""coverage"":0.505586592178771,""covered"":181,""eligible"":true,""errors"":13,""obra_threshold"":0.9,""risk"":0.0718232044198895,""threshold"":0.72}","{""balance_score"":0.021254300413470872,""calibration_group_counts_by_label"":{""0"":9,""1"":11,""2"":10,""3"":6},""calibration_groups"":36,""calibration_label_counts"":{""0"":75,""1"":115,""2"":104,""3"":64},""calibration_records"":358,""fit_group_counts_by_label"":{""0"":13,""1"":15,""2"":14,""3"":11},""fit_groups"":53,""fit_label_counts"":{""0"":103,""1"":171,""2"":155,""3"":98},""fit_records"":527,""group_overlap"":0}","[{""fit_group_counts_by_label"":{""0"":5,""1"":6,""2"":5,""3"":3},""fit_groups"":19,""fit_records"":178,""fold"":0,""group_overlap"":0,""validation_group_counts_by_label"":{""0"":4,""1"":5,""2"":5,""3"":3},""validation_groups"":17,""validation_records"":180},{""fit_group_counts_by_label"":{""0"":4,""1"":5,""2"":5,""3"":3},""fit_groups"":17,""fit_records"":180,""fold"":1,""group_overlap"":0,""validation_group_counts_by_label"":{""0"":5,""1"":6,""2"":5,""3"":3},""validation_groups"":19,""validation_records"":178}]",0
classification__hybrid__multilingual_e5_small__mlp,classification,hybrid,multilingual_e5_small,mlp,0,917,197,89,22,0,111.75353970006108,0.7223844000836834,0.11274030001368374,0.572285786871491,classifier_pipeline_with_precomputed_embedding,"{""model__alpha"":0.001,""model__hidden_layer_sizes"":[16]}",0.7045308209737131,"{""eligible"":false,""obra_threshold"":0.9,""threshold"":null}","{""balance_score"":0.03916836565359627,""calibration_group_counts_by_label"":{""0"":8,""1"":11,""2"":12,""3"":5},""calibration_groups"":36,""calibration_label_counts"":{""0"":82,""1"":118,""2"":124,""3"":44},""calibration_records"":368,""fit_group_counts_by_label"":{""0"":14,""1"":15,""2"":15,""3"":9},""fit_groups"":53,""fit_label_counts"":{""0"":122,""1"":163,""2"":181,""3"":83},""fit_records"":549,""group_overlap"":0}","[{""fit_group_counts_by_label"":{""0"":4,""1"":4,""2"":9,""3"":2},""fit_groups"":19,""fit_records"":186,""fold"":0,""group_overlap"":0,""validation_group_counts_by_label"":{""0"":4,""1"":7,""2"":3,""3"":3},""validation_groups"":17,""validation_records"":182},{""fit_group_counts_by_label"":{""0"":4,""1"":7,""2"":3,""3"":3},""fit_groups"":17,""fit_records"":182,""fold"":1,""group_overlap"":0,""validation_group_counts_by_label"":{""0"":4,""1"":4,""2"":9,""3"":2},""validation_groups"":19,""validation_records"":186}]",0
classification__hybrid__multilingual_e5_small__mlp,classification,hybrid,multilingual_e5_small,mlp,1,881,233,89,22,0,171.76566760009155,1.1912268999731168,0.1643914000596851,0.7055424895265455,classifier_pipeline_with_precomputed_embedding,"{""model__alpha"":0.001,""model__hidden_layer_sizes"":[32]}",0.6097461907432535,"{""automatic_maintenance_as_obra"":0,""automatic_non_obra_as_obra"":0,""coverage"":0.5013623978201635,""covered"":184,""eligible"":true,""errors"":3,""obra_threshold"":0.9,""risk"":0.016304347826086956,""threshold"":0.84}","{""balance_score"":0.03224042532791874,""calibration_group_counts_by_label"":{""0"":10,""1"":9,""2"":11,""3"":6},""calibration_groups"":36,""calibration_label_counts"":{""0"":72,""1"":108,""2"":125,""3"":62},""calibration_records"":367,""fit_group_counts_by_label"":{""0"":13,""1"":15,""2"":16,""3"":9},""fit_groups"":53,""fit_label_counts"":{""0"":101,""1"":158,""2"":169,""3"":86},""fit_records"":514,""group_overlap"":0}","[{""fit_group_counts_by_label"":{""0"":4,""1"":5,""2"":5,""3"":2},""fit_groups"":16,""fit_records"":164,""fold"":0,""group_overlap"":0,""validation_group_counts_by_label"":{""0"":6,""1"":4,""2"":6,""3"":4},""validation_groups"":20,""validation_records"":203},{""fit_group_counts_by_label"":{""0"":6,""1"":4,""2"":6,""3"":4},""fit_groups"":20,""fit_records"":203,""fold"":1,""group_overlap"":0,""validation_group_counts_by_label"":{""0"":4,""1"":5,""2"":5,""3"":2},""validation_groups"":16,""validation_records"":164}]",0
classification__hybrid__multilingual_e5_small__mlp,classification,hybrid,multilingual_e5_small,mlp,2,893,221,89,22,0,146.0615632000845,2.626411199918948,0.4801786000607535,2.172753846428749,classifier_pipeline_with_precomputed_embedding,"{""model__alpha"":0.001,""model__hidden_layer_sizes"":[16]}",0.5873039705887999,"{""eligible"":false,""obra_threshold"":0.9,""threshold"":null}","{""balance_score"":0.049781125928942266,""calibration_group_counts_by_label"":{""0"":11,""1"":11,""2"":10,""3"":4},""calibration_groups"":36,""calibration_label_counts"":{""0"":82,""1"":135,""2"":118,""3"":50},""calibration_records"":385,""fit_group_counts_by_label"":{""0"":12,""1"":16,""2"":16,""3"":9},""fit_groups"":53,""fit_label_counts"":{""0"":105,""1"":173,""2"":157,""3"":73},""fit_records"":508,""group_overlap"":0}","[{""fit_group_counts_by_label"":{""0"":6,""1"":5,""2"":6,""3"":2},""fit_groups"":19,""fit_records"":193,""fold"":0,""group_overlap"":0,""validation_group_counts_by_label"":{""0"":5,""1"":6,""2"":4,""3"":2},""validation_groups"":17,""validation_records"":192},{""fit_group_counts_by_label"":{""0"":5,""1"":6,""2"":4,""3"":2},""fit_groups"":17,""fit_records"":192,""fold"":1,""group_overlap"":0,""validation_group_counts_by_label"":{""0"":6,""1"":5,""2"":6,""3"":2},""validation_groups"":19,""validation_records"":193}]",0
classification__hybrid__multilingual_e5_small__mlp,classification,hybrid,multilingual_e5_small,mlp,3,880,234,88,23,0,136.15439869998954,1.0869248999515548,0.2208307000109926,0.9437209402179171,classifier_pipeline_with_precomputed_embedding,"{""model__alpha"":0.001,""model__hidden_layer_sizes"":[16]}",0.7865987858399021,"{""automatic_maintenance_as_obra"":0,""automatic_non_obra_as_obra"":0,""coverage"":0.5168539325842697,""covered"":184,""eligible"":true,""errors"":13,""obra_threshold"":0.9,""risk"":0.07065217391304347,""threshold"":0.67}","{""balance_score"":0.03552093973442283,""calibration_group_counts_by_label"":{""0"":10,""1"":9,""2"":11,""3"":6},""calibration_groups"":36,""calibration_label_counts"":{""0"":69,""1"":120,""2"":108,""3"":59},""calibration_records"":356,""fit_group_counts_by_label"":{""0"":12,""1"":16,""2"":13,""3"":11},""fit_groups"":52,""fit_label_counts"":{""0"":113,""1"":163,""2"":159,""3"":89},""fit_records"":524,""group_overlap"":0}","[{""fit_group_counts_by_label"":{""0"":3,""1"":7,""2"":4,""3"":3},""fit_groups"":17,""fit_records"":194,""fold"":0,""group_overlap"":0,""validation_group_counts_by_label"":{""0"":7,""1"":2,""2"":7,""3"":3},""validation_groups"":19,""validation_records"":162},{""fit_group_counts_by_label"":{""0"":7,""1"":2,""2"":7,""3"":3},""fit_groups"":19,""fit_records"":162,""fold"":1,""group_overlap"":0,""validation_group_counts_by_label"":{""0"":3,""1"":7,""2"":4,""3"":3},""validation_groups"":17,""validation_records"":194}]",0
classification__hybrid__multilingual_e5_small__mlp,classification,hybrid,multilingual_e5_small,mlp,4,885,229,89,22,0,130.8329540999839,1.7341799000278115,0.2192534999921918,0.9574388645947239,classifier_pipeline_with_precomputed_embedding,"{""model__alpha"":0.001,""model__hidden_layer_sizes"":[16]}",0.6488446071849837,"{""automatic_maintenance_as_obra"":0,""automatic_non_obra_as_obra"":0,""coverage"":0.5083798882681564,""covered"":182,""eligible"":true,""errors"":16,""obra_threshold"":0.9,""risk"":0.08791208791208792,""threshold"":0.69}","{""balance_score"":0.021254300413470872,""calibration_group_counts_by_label"":{""0"":9,""1"":11,""2"":10,""3"":6},""calibration_groups"":36,""calibration_label_counts"":{""0"":75,""1"":115,""2"":104,""3"":64},""calibration_records"":358,""fit_group_counts_by_label"":{""0"":13,""1"":15,""2"":14,""3"":11},""fit_groups"":53,""fit_label_counts"":{""0"":103,""1"":171,""2"":155,""3"":98},""fit_records"":527,""group_overlap"":0}","[{""fit_group_counts_by_label"":{""0"":5,""1"":6,""2"":5,""3"":3},""fit_groups"":19,""fit_records"":178,""fold"":0,""group_overlap"":0,""validation_group_counts_by_label"":{""0"":4,""1"":5,""2"":5,""3"":3},""validation_groups"":17,""validation_records"":180},{""fit_group_counts_by_label"":{""0"":4,""1"":5,""2"":5,""3"":3},""fit_groups"":17,""fit_records"":180,""fold"":1,""group_overlap"":0,""validation_group_counts_by_label"":{""0"":5,""1"":6,""2"":5,""3"":3},""validation_groups"":19,""validation_records"":178}]",0
classification__hybrid__multilingual_e5_small__xgboost,classification,hybrid,multilingual_e5_small,xgboost,0,917,197,89,22,0,241.00434960005805,1.085384799982421,0.15799660002812743,0.802013198112322,classifier_pipeline_with_precomputed_embedding,"{""model__learning_rate"":0.05,""model__max_depth"":2,""model__n_estimators"":160}",0.6453333951496198,"{""eligible"":false,""obra_threshold"":0.9,""threshold"":null}","{""balance_score"":0.03916836565359627,""calibration_group_counts_by_label"":{""0"":8,""1"":11,""2"":12,""3"":5},""calibration_groups"":36,""calibration_label_counts"":{""0"":82,""1"":118,""2"":124,""3"":44},""calibration_records"":368,""fit_group_counts_by_label"":{""0"":14,""1"":15,""2"":15,""3"":9},""fit_groups"":53,""fit_label_counts"":{""0"":122,""1"":163,""2"":181,""3"":83},""fit_records"":549,""group_overlap"":0}","[{""fit_group_counts_by_label"":{""0"":4,""1"":4,""2"":9,""3"":2},""fit_groups"":19,""fit_records"":186,""fold"":0,""group_overlap"":0,""validation_group_counts_by_label"":{""0"":4,""1"":7,""2"":3,""3"":3},""validation_groups"":17,""validation_records"":182},{""fit_group_counts_by_label"":{""0"":4,""1"":7,""2"":3,""3"":3},""fit_groups"":17,""fit_records"":182,""fold"":1,""group_overlap"":0,""validation_group_counts_by_label"":{""0"":4,""1"":4,""2"":9,""3"":2},""validation_groups"":19,""validation_records"":186}]",0
classification__hybrid__multilingual_e5_small__xgboost,classification,hybrid,multilingual_e5_small,xgboost,1,881,233,89,22,0,200.73755489999894,1.104752599960193,0.2147983000613749,0.92188111614324,classifier_pipeline_with_precomputed_embedding,"{""model__learning_rate"":0.05,""model__max_depth"":2,""model__n_estimators"":160}",0.6695359668773402,"{""eligible"":false,""obra_threshold"":0.9,""threshold"":null}","{""balance_score"":0.03224042532791874,""calibration_group_counts_by_label"":{""0"":10,""1"":9,""2"":11,""3"":6},""calibration_groups"":36,""calibration_label_counts"":{""0"":72,""1"":108,""2"":125,""3"":62},""calibration_records"":367,""fit_group_counts_by_label"":{""0"":13,""1"":15,""2"":16,""3"":9},""fit_groups"":53,""fit_label_counts"":{""0"":101,""1"":158,""2"":169,""3"":86},""fit_records"":514,""group_overlap"":0}","[{""fit_group_counts_by_label"":{""0"":4,""1"":5,""2"":5,""3"":2},""fit_groups"":16,""fit_records"":164,""fold"":0,""group_overlap"":0,""validation_group_counts_by_label"":{""0"":6,""1"":4,""2"":6,""3"":4},""validation_groups"":20,""validation_records"":203},{""fit_group_counts_by_label"":{""0"":6,""1"":4,""2"":6,""3"":4},""fit_groups"":20,""fit_records"":203,""fold"":1,""group_overlap"":0,""validation_group_counts_by_label"":{""0"":4,""1"":5,""2"":5,""3"":2},""validation_groups"":16,""validation_records"":164}]",0
classification__hybrid__multilingual_e5_small__xgboost,classification,hybrid,multilingual_e5_small,xgboost,2,893,221,89,22,0,291.2308731999947,1.2986118999542668,0.17689120001159608,0.8004126697357289,classifier_pipeline_with_precomputed_embedding,"{""model__learning_rate"":0.05,""model__max_depth"":4,""model__n_estimators"":160}",0.572534708764223,"{""automatic_maintenance_as_obra"":0,""automatic_non_obra_as_obra"":0,""coverage"":0.5948051948051948,""covered"":229,""eligible"":true,""errors"":19,""obra_threshold"":0.9,""risk"":0.08296943231441048,""threshold"":0.83}","{""balance_score"":0.049781125928942266,""calibration_group_counts_by_label"":{""0"":11,""1"":11,""2"":10,""3"":4},""calibration_groups"":36,""calibration_label_counts"":{""0"":82,""1"":135,""2"":118,""3"":50},""calibration_records"":385,""fit_group_counts_by_label"":{""0"":12,""1"":16,""2"":16,""3"":9},""fit_groups"":53,""fit_label_counts"":{""0"":105,""1"":173,""2"":157,""3"":73},""fit_records"":508,""group_overlap"":0}","[{""fit_group_counts_by_label"":{""0"":6,""1"":5,""2"":6,""3"":2},""fit_groups"":19,""fit_records"":193,""fold"":0,""group_overlap"":0,""validation_group_counts_by_label"":{""0"":5,""1"":6,""2"":4,""3"":2},""validation_groups"":17,""validation_records"":192},{""fit_group_counts_by_label"":{""0"":5,""1"":6,""2"":4,""3"":2},""fit_groups"":17,""fit_records"":192,""fold"":1,""group_overlap"":0,""validation_group_counts_by_label"":{""0"":6,""1"":5,""2"":6,""3"":2},""validation_groups"":19,""validation_records"":193}]",0
classification__hybrid__multilingual_e5_small__xgboost,classification,hybrid,multilingual_e5_small,xgboost,3,880,234,88,23,0,223.71626360004302,1.3572933999821544,0.7024606999475509,3.001968803194662,classifier_pipeline_with_precomputed_embedding,"{""model__learning_rate"":0.05,""model__max_depth"":2,""model__n_estimators"":160}",0.5171935063332481,"{""eligible"":false,""obra_threshold"":0.9,""threshold"":null}","{""balance_score"":0.03552093973442283,""calibration_group_counts_by_label"":{""0"":10,""1"":9,""2"":11,""3"":6},""calibration_groups"":36,""calibration_label_counts"":{""0"":69,""1"":120,""2"":108,""3"":59},""calibration_records"":356,""fit_group_counts_by_label"":{""0"":12,""1"":16,""2"":13,""3"":11},""fit_groups"":52,""fit_label_counts"":{""0"":113,""1"":163,""2"":159,""3"":89},""fit_records"":524,""group_overlap"":0}","[{""fit_group_counts_by_label"":{""0"":3,""1"":7,""2"":4,""3"":3},""fit_groups"":17,""fit_records"":194,""fold"":0,""group_overlap"":0,""validation_group_counts_by_label"":{""0"":7,""1"":2,""2"":7,""3"":3},""validation_groups"":19,""validation_records"":162},{""fit_group_counts_by_label"":{""0"":7,""1"":2,""2"":7,""3"":3},""fit_groups"":19,""fit_records"":162,""fold"":1,""group_overlap"":0,""validation_group_counts_by_label"":{""0"":3,""1"":7,""2"":4,""3"":3},""validation_groups"":17,""validation_records"":194}]",0
classification__hybrid__multilingual_e5_small__xgboost,classification,hybrid,multilingual_e5_small,xgboost,4,885,229,89,22,0,267.79405529994983,1.1362181999720633,0.17270380002446473,0.7541650656090163,classifier_pipeline_with_precomputed_embedding,"{""model__learning_rate"":0.05,""model__max_depth"":4,""model__n_estimators"":160}",0.5958227122809299,"{""eligible"":false,""obra_threshold"":0.9,""threshold"":null}","{""balance_score"":0.021254300413470872,""calibration_group_counts_by_label"":{""0"":9,""1"":11,""2"":10,""3"":6},""calibration_groups"":36,""calibration_label_counts"":{""0"":75,""1"":115,""2"":104,""3"":64},""calibration_records"":358,""fit_group_counts_by_label"":{""0"":13,""1"":15,""2"":14,""3"":11},""fit_groups"":53,""fit_label_counts"":{""0"":103,""1"":171,""2"":155,""3"":98},""fit_records"":527,""group_overlap"":0}","[{""fit_group_counts_by_label"":{""0"":5,""1"":6,""2"":5,""3"":3},""fit_groups"":19,""fit_records"":178,""fold"":0,""group_overlap"":0,""validation_group_counts_by_label"":{""0"":4,""1"":5,""2"":5,""3"":3},""validation_groups"":17,""validation_records"":180},{""fit_group_counts_by_label"":{""0"":4,""1"":5,""2"":5,""3"":3},""fit_groups"":17,""fit_records"":180,""fold"":1,""group_overlap"":0,""validation_group_counts_by_label"":{""0"":5,""1"":6,""2"":5,""3"":3},""validation_groups"":19,""validation_records"":178}]",0
classification__hybrid__multilingual_minilm_l12__logistic_regression,classification,hybrid,multilingual_minilm_l12,logistic_regression,0,917,197,89,22,0,17.71726209996268,1.679136999999173,0.1719359999988228,0.8727715735980853,classifier_pipeline_with_precomputed_embedding,"{""model__C"":10.0}",0.7463694389993328,"{""automatic_maintenance_as_obra"":0,""automatic_non_obra_as_obra"":0,""coverage"":0.5054347826086957,""covered"":186,""eligible"":true,""errors"":4,""obra_threshold"":0.9,""risk"":0.021505376344086023,""threshold"":0.88}","{""balance_score"":0.03916836565359627,""calibration_group_counts_by_label"":{""0"":8,""1"":11,""2"":12,""3"":5},""calibration_groups"":36,""calibration_label_counts"":{""0"":82,""1"":118,""2"":124,""3"":44},""calibration_records"":368,""fit_group_counts_by_label"":{""0"":14,""1"":15,""2"":15,""3"":9},""fit_groups"":53,""fit_label_counts"":{""0"":122,""1"":163,""2"":181,""3"":83},""fit_records"":549,""group_overlap"":0}","[{""fit_group_counts_by_label"":{""0"":4,""1"":4,""2"":9,""3"":2},""fit_groups"":19,""fit_records"":186,""fold"":0,""group_overlap"":0,""validation_group_counts_by_label"":{""0"":4,""1"":7,""2"":3,""3"":3},""validation_groups"":17,""validation_records"":182},{""fit_group_counts_by_label"":{""0"":4,""1"":7,""2"":3,""3"":3},""fit_groups"":17,""fit_records"":182,""fold"":1,""group_overlap"":0,""validation_group_counts_by_label"":{""0"":4,""1"":4,""2"":9,""3"":2},""validation_groups"":19,""validation_records"":186}]",0
classification__hybrid__multilingual_minilm_l12__logistic_regression,classification,hybrid,multilingual_minilm_l12,logistic_regression,1,881,233,89,22,0,14.141819800017402,1.7055793999461457,0.21206619997974485,0.910155364719935,classifier_pipeline_with_precomputed_embedding,"{""model__C"":1.0}",0.6670062633327719,"{""automatic_maintenance_as_obra"":0,""automatic_non_obra_as_obra"":0,""coverage"":0.5395095367847411,""covered"":198,""eligible"":true,""errors"":5,""obra_threshold"":0.9,""risk"":0.025252525252525252,""threshold"":0.63}","{""balance_score"":0.03224042532791874,""calibration_group_counts_by_label"":{""0"":10,""1"":9,""2"":11,""3"":6},""calibration_groups"":36,""calibration_label_counts"":{""0"":72,""1"":108,""2"":125,""3"":62},""calibration_records"":367,""fit_group_counts_by_label"":{""0"":13,""1"":15,""2"":16,""3"":9},""fit_groups"":53,""fit_label_counts"":{""0"":101,""1"":158,""2"":169,""3"":86},""fit_records"":514,""group_overlap"":0}","[{""fit_group_counts_by_label"":{""0"":4,""1"":5,""2"":5,""3"":2},""fit_groups"":16,""fit_records"":164,""fold"":0,""group_overlap"":0,""validation_group_counts_by_label"":{""0"":6,""1"":4,""2"":6,""3"":4},""validation_groups"":20,""validation_records"":203},{""fit_group_counts_by_label"":{""0"":6,""1"":4,""2"":6,""3"":4},""fit_groups"":20,""fit_records"":203,""fold"":1,""group_overlap"":0,""validation_group_counts_by_label"":{""0"":4,""1"":5,""2"":5,""3"":2},""validation_groups"":16,""validation_records"":164}]",0
classification__hybrid__multilingual_minilm_l12__logistic_regression,classification,hybrid,multilingual_minilm_l12,logistic_regression,2,893,221,89,22,0,9.804301999974996,1.5307040000334382,0.16096410003956407,0.7283443440704257,classifier_pipeline_with_precomputed_embedding,"{""model__C"":1.0}",0.6740585667721403,"{""eligible"":false,""obra_threshold"":0.9,""threshold"":null}","{""balance_score"":0.049781125928942266,""calibration_group_counts_by_label"":{""0"":11,""1"":11,""2"":10,""3"":4},""calibration_groups"":36,""calibration_label_counts"":{""0"":82,""1"":135,""2"":118,""3"":50},""calibration_records"":385,""fit_group_counts_by_label"":{""0"":12,""1"":16,""2"":16,""3"":9},""fit_groups"":53,""fit_label_counts"":{""0"":105,""1"":173,""2"":157,""3"":73},""fit_records"":508,""group_overlap"":0}","[{""fit_group_counts_by_label"":{""0"":6,""1"":5,""2"":6,""3"":2},""fit_groups"":19,""fit_records"":193,""fold"":0,""group_overlap"":0,""validation_group_counts_by_label"":{""0"":5,""1"":6,""2"":4,""3"":2},""validation_groups"":17,""validation_records"":192},{""fit_group_counts_by_label"":{""0"":5,""1"":6,""2"":4,""3"":2},""fit_groups"":17,""fit_records"":192,""fold"":1,""group_overlap"":0,""validation_group_counts_by_label"":{""0"":6,""1"":5,""2"":6,""3"":2},""validation_groups"":19,""validation_records"":193}]",0
classification__hybrid__multilingual_minilm_l12__logistic_regression,classification,hybrid,multilingual_minilm_l12,logistic_regression,3,880,234,88,23,0,11.634177099913359,1.2792927999980748,0.35913240001536906,1.5347538462195258,classifier_pipeline_with_precomputed_embedding,"{""model__C"":10.0}",0.708312476204274,"{""automatic_maintenance_as_obra"":0,""automatic_non_obra_as_obra"":0,""coverage"":0.5140449438202247,""covered"":183,""eligible"":true,""errors"":5,""obra_threshold"":0.9,""risk"":0.0273224043715847,""threshold"":0.73}","{""balance_score"":0.03552093973442283,""calibration_group_counts_by_label"":{""0"":10,""1"":9,""2"":11,""3"":6},""calibration_groups"":36,""calibration_label_counts"":{""0"":69,""1"":120,""2"":108,""3"":59},""calibration_records"":356,""fit_group_counts_by_label"":{""0"":12,""1"":16,""2"":13,""3"":11},""fit_groups"":52,""fit_label_counts"":{""0"":113,""1"":163,""2"":159,""3"":89},""fit_records"":524,""group_overlap"":0}","[{""fit_group_counts_by_label"":{""0"":3,""1"":7,""2"":4,""3"":3},""fit_groups"":17,""fit_records"":194,""fold"":0,""group_overlap"":0,""validation_group_counts_by_label"":{""0"":7,""1"":2,""2"":7,""3"":3},""validation_groups"":19,""validation_records"":162},{""fit_group_counts_by_label"":{""0"":7,""1"":2,""2"":7,""3"":3},""fit_groups"":19,""fit_records"":162,""fold"":1,""group_overlap"":0,""validation_group_counts_by_label"":{""0"":3,""1"":7,""2"":4,""3"":3},""validation_groups"":17,""validation_records"":194}]",0
classification__hybrid__multilingual_minilm_l12__logistic_regression,classification,hybrid,multilingual_minilm_l12,logistic_regression,4,885,229,89,22,0,10.263926399988122,1.2377044999739155,0.4528623999794945,1.9775650654126398,classifier_pipeline_with_precomputed_embedding,"{""model__C"":1.0}",0.6851515034341498,"{""automatic_maintenance_as_obra"":0,""automatic_non_obra_as_obra"":0,""coverage"":0.5167597765363129,""covered"":185,""eligible"":true,""errors"":11,""obra_threshold"":0.9,""risk"":0.05945945945945946,""threshold"":0.69}","{""balance_score"":0.021254300413470872,""calibration_group_counts_by_label"":{""0"":9,""1"":11,""2"":10,""3"":6},""calibration_groups"":36,""calibration_label_counts"":{""0"":75,""1"":115,""2"":104,""3"":64},""calibration_records"":358,""fit_group_counts_by_label"":{""0"":13,""1"":15,""2"":14,""3"":11},""fit_groups"":53,""fit_label_counts"":{""0"":103,""1"":171,""2"":155,""3"":98},""fit_records"":527,""group_overlap"":0}","[{""fit_group_counts_by_label"":{""0"":5,""1"":6,""2"":5,""3"":3},""fit_groups"":19,""fit_records"":178,""fold"":0,""group_overlap"":0,""validation_group_counts_by_label"":{""0"":4,""1"":5,""2"":5,""3"":3},""validation_groups"":17,""validation_records"":180},{""fit_group_counts_by_label"":{""0"":4,""1"":5,""2"":5,""3"":3},""fit_groups"":17,""fit_records"":180,""fold"":1,""group_overlap"":0,""validation_group_counts_by_label"":{""0"":5,""1"":6,""2"":5,""3"":3},""validation_groups"":19,""validation_records"":178}]",0
classification__hybrid__multilingual_minilm_l12__decision_tree,classification,hybrid,multilingual_minilm_l12,decision_tree,0,917,197,89,22,0,24.846294899936765,0.8231206999626011,0.12732520001009107,0.6463208122339648,classifier_pipeline_with_precomputed_embedding,"{""model__max_depth"":6,""model__min_samples_leaf"":2}",0.518759922496022,"{""eligible"":false,""obra_threshold"":0.9,""threshold"":null}","{""balance_score"":0.03916836565359627,""calibration_group_counts_by_label"":{""0"":8,""1"":11,""2"":12,""3"":5},""calibration_groups"":36,""calibration_label_counts"":{""0"":82,""1"":118,""2"":124,""3"":44},""calibration_records"":368,""fit_group_counts_by_label"":{""0"":14,""1"":15,""2"":15,""3"":9},""fit_groups"":53,""fit_label_counts"":{""0"":122,""1"":163,""2"":181,""3"":83},""fit_records"":549,""group_overlap"":0}","[{""fit_group_counts_by_label"":{""0"":4,""1"":4,""2"":9,""3"":2},""fit_groups"":19,""fit_records"":186,""fold"":0,""group_overlap"":0,""validation_group_counts_by_label"":{""0"":4,""1"":7,""2"":3,""3"":3},""validation_groups"":17,""validation_records"":182},{""fit_group_counts_by_label"":{""0"":4,""1"":7,""2"":3,""3"":3},""fit_groups"":17,""fit_records"":182,""fold"":1,""group_overlap"":0,""validation_group_counts_by_label"":{""0"":4,""1"":4,""2"":9,""3"":2},""validation_groups"":19,""validation_records"":186}]",0
classification__hybrid__multilingual_minilm_l12__decision_tree,classification,hybrid,multilingual_minilm_l12,decision_tree,1,881,233,89,22,0,21.194118299987167,0.9992466999683529,0.1742704000789672,0.7479416312402026,classifier_pipeline_with_precomputed_embedding,"{""model__max_depth"":6,""model__min_samples_leaf"":5}",0.5375078929455482,"{""eligible"":false,""obra_threshold"":0.9,""threshold"":null}","{""balance_score"":0.03224042532791874,""calibration_group_counts_by_label"":{""0"":10,""1"":9,""2"":11,""3"":6},""calibration_groups"":36,""calibration_label_counts"":{""0"":72,""1"":108,""2"":125,""3"":62},""calibration_records"":367,""fit_group_counts_by_label"":{""0"":13,""1"":15,""2"":16,""3"":9},""fit_groups"":53,""fit_label_counts"":{""0"":101,""1"":158,""2"":169,""3"":86},""fit_records"":514,""group_overlap"":0}","[{""fit_group_counts_by_label"":{""0"":4,""1"":5,""2"":5,""3"":2},""fit_groups"":16,""fit_records"":164,""fold"":0,""group_overlap"":0,""validation_group_counts_by_label"":{""0"":6,""1"":4,""2"":6,""3"":4},""validation_groups"":20,""validation_records"":203},{""fit_group_counts_by_label"":{""0"":6,""1"":4,""2"":6,""3"":4},""fit_groups"":20,""fit_records"":203,""fold"":1,""group_overlap"":0,""validation_group_counts_by_label"":{""0"":4,""1"":5,""2"":5,""3"":2},""validation_groups"":16,""validation_records"":164}]",0
classification__hybrid__multilingual_minilm_l12__decision_tree,classification,hybrid,multilingual_minilm_l12,decision_tree,2,893,221,89,22,0,13.929676699917763,0.9251808000262827,0.15106720000039786,0.6835619909520265,classifier_pipeline_with_precomputed_embedding,"{""model__max_depth"":3,""model__min_samples_leaf"":2}",0.5372762768662039,"{""eligible"":false,""obra_threshold"":0.9,""threshold"":null}","{""balance_score"":0.049781125928942266,""calibration_group_counts_by_label"":{""0"":11,""1"":11,""2"":10,""3"":4},""calibration_groups"":36,""calibration_label_counts"":{""0"":82,""1"":135,""2"":118,""3"":50},""calibration_records"":385,""fit_group_counts_by_label"":{""0"":12,""1"":16,""2"":16,""3"":9},""fit_groups"":53,""fit_label_counts"":{""0"":105,""1"":173,""2"":157,""3"":73},""fit_records"":508,""group_overlap"":0}","[{""fit_group_counts_by_label"":{""0"":6,""1"":5,""2"":6,""3"":2},""fit_groups"":19,""fit_records"":193,""fold"":0,""group_overlap"":0,""validation_group_counts_by_label"":{""0"":5,""1"":6,""2"":4,""3"":2},""validation_groups"":17,""validation_records"":192},{""fit_group_counts_by_label"":{""0"":5,""1"":6,""2"":4,""3"":2},""fit_groups"":17,""fit_records"":192,""fold"":1,""group_overlap"":0,""validation_group_counts_by_label"":{""0"":6,""1"":5,""2"":6,""3"":2},""validation_groups"":19,""validation_records"":193}]",0
classification__hybrid__multilingual_minilm_l12__decision_tree,classification,hybrid,multilingual_minilm_l12,decision_tree,3,880,234,88,23,0,14.84297679993324,0.8644313999684528,0.17362539994064718,0.7419888886352444,classifier_pipeline_with_precomputed_embedding,"{""model__max_depth"":6,""model__min_samples_leaf"":2}",0.5469518287351356,"{""eligible"":false,""obra_threshold"":0.9,""threshold"":null}","{""balance_score"":0.03552093973442283,""calibration_group_counts_by_label"":{""0"":10,""1"":9,""2"":11,""3"":6},""calibration_groups"":36,""calibration_label_counts"":{""0"":69,""1"":120,""2"":108,""3"":59},""calibration_records"":356,""fit_group_counts_by_label"":{""0"":12,""1"":16,""2"":13,""3"":11},""fit_groups"":52,""fit_label_counts"":{""0"":113,""1"":163,""2"":159,""3"":89},""fit_records"":524,""group_overlap"":0}","[{""fit_group_counts_by_label"":{""0"":3,""1"":7,""2"":4,""3"":3},""fit_groups"":17,""fit_records"":194,""fold"":0,""group_overlap"":0,""validation_group_counts_by_label"":{""0"":7,""1"":2,""2"":7,""3"":3},""validation_groups"":19,""validation_records"":162},{""fit_group_counts_by_label"":{""0"":7,""1"":2,""2"":7,""3"":3},""fit_groups"":19,""fit_records"":162,""fold"":1,""group_overlap"":0,""validation_group_counts_by_label"":{""0"":3,""1"":7,""2"":4,""3"":3},""validation_groups"":17,""validation_records"":194}]",0
classification__hybrid__multilingual_minilm_l12__decision_tree,classification,hybrid,multilingual_minilm_l12,decision_tree,4,885,229,89,22,0,13.39374269999098,0.8992296999786049,0.16039100009948015,0.7003973803470749,classifier_pipeline_with_precomputed_embedding,"{""model__max_depth"":3,""model__min_samples_leaf"":2}",0.5324210715483348,"{""eligible"":false,""obra_threshold"":0.9,""threshold"":null}","{""balance_score"":0.021254300413470872,""calibration_group_counts_by_label"":{""0"":9,""1"":11,""2"":10,""3"":6},""calibration_groups"":36,""calibration_label_counts"":{""0"":75,""1"":115,""2"":104,""3"":64},""calibration_records"":358,""fit_group_counts_by_label"":{""0"":13,""1"":15,""2"":14,""3"":11},""fit_groups"":53,""fit_label_counts"":{""0"":103,""1"":171,""2"":155,""3"":98},""fit_records"":527,""group_overlap"":0}","[{""fit_group_counts_by_label"":{""0"":5,""1"":6,""2"":5,""3"":3},""fit_groups"":19,""fit_records"":178,""fold"":0,""group_overlap"":0,""validation_group_counts_by_label"":{""0"":4,""1"":5,""2"":5,""3"":3},""validation_groups"":17,""validation_records"":180},{""fit_group_counts_by_label"":{""0"":4,""1"":5,""2"":5,""3"":3},""fit_groups"":17,""fit_records"":180,""fold"":1,""group_overlap"":0,""validation_group_counts_by_label"":{""0"":5,""1"":6,""2"":5,""3"":3},""validation_groups"":19,""validation_records"":178}]",0
classification__hybrid__multilingual_minilm_l12__linear_svm,classification,hybrid,multilingual_minilm_l12,linear_svm,0,917,197,89,22,0,14.14374480000697,1.52553840004839,0.3088311000028625,1.5676705583901651,classifier_pipeline_with_precomputed_embedding,"{""model__C"":1.0}",0.7525759641531735,"{""automatic_maintenance_as_obra"":0,""automatic_non_obra_as_obra"":0,""coverage"":0.5,""covered"":184,""eligible"":true,""errors"":8,""obra_threshold"":0.9,""risk"":0.043478260869565216,""threshold"":0.88}","{""balance_score"":0.03916836565359627,""calibration_group_counts_by_label"":{""0"":8,""1"":11,""2"":12,""3"":5},""calibration_groups"":36,""calibration_label_counts"":{""0"":82,""1"":118,""2"":124,""3"":44},""calibration_records"":368,""fit_group_counts_by_label"":{""0"":14,""1"":15,""2"":15,""3"":9},""fit_groups"":53,""fit_label_counts"":{""0"":122,""1"":163,""2"":181,""3"":83},""fit_records"":549,""group_overlap"":0}","[{""fit_group_counts_by_label"":{""0"":4,""1"":4,""2"":9,""3"":2},""fit_groups"":19,""fit_records"":186,""fold"":0,""group_overlap"":0,""validation_group_counts_by_label"":{""0"":4,""1"":7,""2"":3,""3"":3},""validation_groups"":17,""validation_records"":182},{""fit_group_counts_by_label"":{""0"":4,""1"":7,""2"":3,""3"":3},""fit_groups"":17,""fit_records"":182,""fold"":1,""group_overlap"":0,""validation_group_counts_by_label"":{""0"":4,""1"":4,""2"":9,""3"":2},""validation_groups"":19,""validation_records"":186}]",0
classification__hybrid__multilingual_minilm_l12__linear_svm,classification,hybrid,multilingual_minilm_l12,linear_svm,1,881,233,89,22,0,14.782547099981457,1.1699660000158474,0.22890559991355985,0.9824274674401711,classifier_pipeline_with_precomputed_embedding,"{""model__C"":1.0}",0.6773574307532059,"{""automatic_maintenance_as_obra"":0,""automatic_non_obra_as_obra"":0,""coverage"":0.5149863760217984,""covered"":189,""eligible"":true,""errors"":2,""obra_threshold"":0.9,""risk"":0.010582010582010581,""threshold"":0.72}","{""balance_score"":0.03224042532791874,""calibration_group_counts_by_label"":{""0"":10,""1"":9,""2"":11,""3"":6},""calibration_groups"":36,""calibration_label_counts"":{""0"":72,""1"":108,""2"":125,""3"":62},""calibration_records"":367,""fit_group_counts_by_label"":{""0"":13,""1"":15,""2"":16,""3"":9},""fit_groups"":53,""fit_label_counts"":{""0"":101,""1"":158,""2"":169,""3"":86},""fit_records"":514,""group_overlap"":0}","[{""fit_group_counts_by_label"":{""0"":4,""1"":5,""2"":5,""3"":2},""fit_groups"":16,""fit_records"":164,""fold"":0,""group_overlap"":0,""validation_group_counts_by_label"":{""0"":6,""1"":4,""2"":6,""3"":4},""validation_groups"":20,""validation_records"":203},{""fit_group_counts_by_label"":{""0"":6,""1"":4,""2"":6,""3"":4},""fit_groups"":20,""fit_records"":203,""fold"":1,""group_overlap"":0,""validation_group_counts_by_label"":{""0"":4,""1"":5,""2"":5,""3"":2},""validation_groups"":16,""validation_records"":164}]",0
classification__hybrid__multilingual_minilm_l12__linear_svm,classification,hybrid,multilingual_minilm_l12,linear_svm,2,893,221,89,22,0,8.121339099947363,0.9990967999910936,0.17236279998905957,0.7799221718961972,classifier_pipeline_with_precomputed_embedding,"{""model__C"":0.1}",0.6761598016558295,"{""automatic_maintenance_as_obra"":0,""automatic_non_obra_as_obra"":0,""coverage"":0.6701298701298701,""covered"":258,""eligible"":true,""errors"":2,""obra_threshold"":0.9,""risk"":0.007751937984496124,""threshold"":0.89}","{""balance_score"":0.049781125928942266,""calibration_group_counts_by_label"":{""0"":11,""1"":11,""2"":10,""3"":4},""calibration_groups"":36,""calibration_label_counts"":{""0"":82,""1"":135,""2"":118,""3"":50},""calibration_records"":385,""fit_group_counts_by_label"":{""0"":12,""1"":16,""2"":16,""3"":9},""fit_groups"":53,""fit_label_counts"":{""0"":105,""1"":173,""2"":157,""3"":73},""fit_records"":508,""group_overlap"":0}","[{""fit_group_counts_by_label"":{""0"":6,""1"":5,""2"":6,""3"":2},""fit_groups"":19,""fit_records"":193,""fold"":0,""group_overlap"":0,""validation_group_counts_by_label"":{""0"":5,""1"":6,""2"":4,""3"":2},""validation_groups"":17,""validation_records"":192},{""fit_group_counts_by_label"":{""0"":5,""1"":6,""2"":4,""3"":2},""fit_groups"":17,""fit_records"":192,""fold"":1,""group_overlap"":0,""validation_group_counts_by_label"":{""0"":6,""1"":5,""2"":6,""3"":2},""validation_groups"":19,""validation_records"":193}]",0
classification__hybrid__multilingual_minilm_l12__linear_svm,classification,hybrid,multilingual_minilm_l12,linear_svm,3,880,234,88,23,0,9.412958799977787,1.2924548999872059,0.17955859994981438,0.7673444442299759,classifier_pipeline_with_precomputed_embedding,"{""model__C"":10.0}",0.7206705836146973,"{""automatic_maintenance_as_obra"":0,""automatic_non_obra_as_obra"":0,""coverage"":0.5140449438202247,""covered"":183,""eligible"":true,""errors"":3,""obra_threshold"":0.9,""risk"":0.01639344262295082,""threshold"":0.78}","{""balance_score"":0.03552093973442283,""calibration_group_counts_by_label"":{""0"":10,""1"":9,""2"":11,""3"":6},""calibration_groups"":36,""calibration_label_counts"":{""0"":69,""1"":120,""2"":108,""3"":59},""calibration_records"":356,""fit_group_counts_by_label"":{""0"":12,""1"":16,""2"":13,""3"":11},""fit_groups"":52,""fit_label_counts"":{""0"":113,""1"":163,""2"":159,""3"":89},""fit_records"":524,""group_overlap"":0}","[{""fit_group_counts_by_label"":{""0"":3,""1"":7,""2"":4,""3"":3},""fit_groups"":17,""fit_records"":194,""fold"":0,""group_overlap"":0,""validation_group_counts_by_label"":{""0"":7,""1"":2,""2"":7,""3"":3},""validation_groups"":19,""validation_records"":162},{""fit_group_counts_by_label"":{""0"":7,""1"":2,""2"":7,""3"":3},""fit_groups"":19,""fit_records"":162,""fold"":1,""group_overlap"":0,""validation_group_counts_by_label"":{""0"":3,""1"":7,""2"":4,""3"":3},""validation_groups"":17,""validation_records"":194}]",0
classification__hybrid__multilingual_minilm_l12__linear_svm,classification,hybrid,multilingual_minilm_l12,linear_svm,4,885,229,89,22,0,11.446867599966936,1.1792104999767616,0.19683690008241683,0.8595497820192874,classifier_pipeline_with_precomputed_embedding,"{""model__C"":10.0}",0.7084742374281853,"{""automatic_maintenance_as_obra"":0,""automatic_non_obra_as_obra"":0,""coverage"":0.5251396648044693,""covered"":188,""eligible"":true,""errors"":4,""obra_threshold"":0.9,""risk"":0.02127659574468085,""threshold"":0.76}","{""balance_score"":0.021254300413470872,""calibration_group_counts_by_label"":{""0"":9,""1"":11,""2"":10,""3"":6},""calibration_groups"":36,""calibration_label_counts"":{""0"":75,""1"":115,""2"":104,""3"":64},""calibration_records"":358,""fit_group_counts_by_label"":{""0"":13,""1"":15,""2"":14,""3"":11},""fit_groups"":53,""fit_label_counts"":{""0"":103,""1"":171,""2"":155,""3"":98},""fit_records"":527,""group_overlap"":0}","[{""fit_group_counts_by_label"":{""0"":5,""1"":6,""2"":5,""3"":3},""fit_groups"":19,""fit_records"":178,""fold"":0,""group_overlap"":0,""validation_group_counts_by_label"":{""0"":4,""1"":5,""2"":5,""3"":3},""validation_groups"":17,""validation_records"":180},{""fit_group_counts_by_label"":{""0"":4,""1"":5,""2"":5,""3"":3},""fit_groups"":17,""fit_records"":180,""fold"":1,""group_overlap"":0,""validation_group_counts_by_label"":{""0"":5,""1"":6,""2"":5,""3"":3},""validation_groups"":19,""validation_records"":178}]",0
classification__hybrid__multilingual_minilm_l12__mlp,classification,hybrid,multilingual_minilm_l12,mlp,0,917,197,89,22,0,114.9343711999245,0.8441442999755964,0.13457930006552488,0.6831436551549486,classifier_pipeline_with_precomputed_embedding,"{""model__alpha"":0.001,""model__hidden_layer_sizes"":[16]}",0.7441228378279522,"{""automatic_maintenance_as_obra"":0,""automatic_non_obra_as_obra"":0,""coverage"":0.5896739130434783,""covered"":217,""eligible"":true,""errors"":18,""obra_threshold"":0.9,""risk"":0.08294930875576037,""threshold"":0.86}","{""balance_score"":0.03916836565359627,""calibration_group_counts_by_label"":{""0"":8,""1"":11,""2"":12,""3"":5},""calibration_groups"":36,""calibration_label_counts"":{""0"":82,""1"":118,""2"":124,""3"":44},""calibration_records"":368,""fit_group_counts_by_label"":{""0"":14,""1"":15,""2"":15,""3"":9},""fit_groups"":53,""fit_label_counts"":{""0"":122,""1"":163,""2"":181,""3"":83},""fit_records"":549,""group_overlap"":0}","[{""fit_group_counts_by_label"":{""0"":4,""1"":4,""2"":9,""3"":2},""fit_groups"":19,""fit_records"":186,""fold"":0,""group_overlap"":0,""validation_group_counts_by_label"":{""0"":4,""1"":7,""2"":3,""3"":3},""validation_groups"":17,""validation_records"":182},{""fit_group_counts_by_label"":{""0"":4,""1"":7,""2"":3,""3"":3},""fit_groups"":17,""fit_records"":182,""fold"":1,""group_overlap"":0,""validation_group_counts_by_label"":{""0"":4,""1"":4,""2"":9,""3"":2},""validation_groups"":19,""validation_records"":186}]",0
classification__hybrid__multilingual_minilm_l12__mlp,classification,hybrid,multilingual_minilm_l12,mlp,1,881,233,89,22,0,99.73852699995041,0.9380580999422818,0.20625599997583777,0.8852188840164711,classifier_pipeline_with_precomputed_embedding,"{""model__alpha"":0.001,""model__hidden_layer_sizes"":[32]}",0.6535151353841596,"{""automatic_maintenance_as_obra"":0,""automatic_non_obra_as_obra"":0,""coverage"":0.5449591280653951,""covered"":200,""eligible"":true,""errors"":0,""obra_threshold"":0.9,""risk"":0.0,""threshold"":0.84}","{""balance_score"":0.03224042532791874,""calibration_group_counts_by_label"":{""0"":10,""1"":9,""2"":11,""3"":6},""calibration_groups"":36,""calibration_label_counts"":{""0"":72,""1"":108,""2"":125,""3"":62},""calibration_records"":367,""fit_group_counts_by_label"":{""0"":13,""1"":15,""2"":16,""3"":9},""fit_groups"":53,""fit_label_counts"":{""0"":101,""1"":158,""2"":169,""3"":86},""fit_records"":514,""group_overlap"":0}","[{""fit_group_counts_by_label"":{""0"":4,""1"":5,""2"":5,""3"":2},""fit_groups"":16,""fit_records"":164,""fold"":0,""group_overlap"":0,""validation_group_counts_by_label"":{""0"":6,""1"":4,""2"":6,""3"":4},""validation_groups"":20,""validation_records"":203},{""fit_group_counts_by_label"":{""0"":6,""1"":4,""2"":6,""3"":4},""fit_groups"":20,""fit_records"":203,""fold"":1,""group_overlap"":0,""validation_group_counts_by_label"":{""0"":4,""1"":5,""2"":5,""3"":2},""validation_groups"":16,""validation_records"":164}]",0
classification__hybrid__multilingual_minilm_l12__mlp,classification,hybrid,multilingual_minilm_l12,mlp,2,893,221,89,22,0,82.60464419994969,0.8996933999005705,0.151215499965474,0.684233031517982,classifier_pipeline_with_precomputed_embedding,"{""model__alpha"":0.001,""model__hidden_layer_sizes"":[16]}",0.6711618492397536,"{""eligible"":false,""obra_threshold"":0.9,""threshold"":null}","{""balance_score"":0.049781125928942266,""calibration_group_counts_by_label"":{""0"":11,""1"":11,""2"":10,""3"":4},""calibration_groups"":36,""calibration_label_counts"":{""0"":82,""1"":135,""2"":118,""3"":50},""calibration_records"":385,""fit_group_counts_by_label"":{""0"":12,""1"":16,""2"":16,""3"":9},""fit_groups"":53,""fit_label_counts"":{""0"":105,""1"":173,""2"":157,""3"":73},""fit_records"":508,""group_overlap"":0}","[{""fit_group_counts_by_label"":{""0"":6,""1"":5,""2"":6,""3"":2},""fit_groups"":19,""fit_records"":193,""fold"":0,""group_overlap"":0,""validation_group_counts_by_label"":{""0"":5,""1"":6,""2"":4,""3"":2},""validation_groups"":17,""validation_records"":192},{""fit_group_counts_by_label"":{""0"":5,""1"":6,""2"":4,""3"":2},""fit_groups"":17,""fit_records"":192,""fold"":1,""group_overlap"":0,""validation_group_counts_by_label"":{""0"":6,""1"":5,""2"":6,""3"":2},""validation_groups"":19,""validation_records"":193}]",0
classification__hybrid__multilingual_minilm_l12__mlp,classification,hybrid,multilingual_minilm_l12,mlp,3,880,234,88,23,0,121.85613329999615,0.9049246000358835,0.2621696999995038,1.1203833333312128,classifier_pipeline_with_precomputed_embedding,"{""model__alpha"":0.001,""model__hidden_layer_sizes"":[32]}",0.7694230646762396,"{""automatic_maintenance_as_obra"":0,""automatic_non_obra_as_obra"":0,""coverage"":0.5393258426966292,""covered"":192,""eligible"":true,""errors"":5,""obra_threshold"":0.9,""risk"":0.026041666666666668,""threshold"":0.81}","{""balance_score"":0.03552093973442283,""calibration_group_counts_by_label"":{""0"":10,""1"":9,""2"":11,""3"":6},""calibration_groups"":36,""calibration_label_counts"":{""0"":69,""1"":120,""2"":108,""3"":59},""calibration_records"":356,""fit_group_counts_by_label"":{""0"":12,""1"":16,""2"":13,""3"":11},""fit_groups"":52,""fit_label_counts"":{""0"":113,""1"":163,""2"":159,""3"":89},""fit_records"":524,""group_overlap"":0}","[{""fit_group_counts_by_label"":{""0"":3,""1"":7,""2"":4,""3"":3},""fit_groups"":17,""fit_records"":194,""fold"":0,""group_overlap"":0,""validation_group_counts_by_label"":{""0"":7,""1"":2,""2"":7,""3"":3},""validation_groups"":19,""validation_records"":162},{""fit_group_counts_by_label"":{""0"":7,""1"":2,""2"":7,""3"":3},""fit_groups"":19,""fit_records"":162,""fold"":1,""group_overlap"":0,""validation_group_counts_by_label"":{""0"":3,""1"":7,""2"":4,""3"":3},""validation_groups"":17,""validation_records"":194}]",0
classification__hybrid__multilingual_minilm_l12__mlp,classification,hybrid,multilingual_minilm_l12,mlp,4,885,229,89,22,0,100.33513789996505,1.048117300029844,0.7387031000107527,3.225777729304597,classifier_pipeline_with_precomputed_embedding,"{""model__alpha"":0.001,""model__hidden_layer_sizes"":[16]}",0.6860022569487304,"{""automatic_maintenance_as_obra"":0,""automatic_non_obra_as_obra"":0,""coverage"":0.5083798882681564,""covered"":182,""eligible"":true,""errors"":9,""obra_threshold"":0.9,""risk"":0.04945054945054945,""threshold"":0.82}","{""balance_score"":0.021254300413470872,""calibration_group_counts_by_label"":{""0"":9,""1"":11,""2"":10,""3"":6},""calibration_groups"":36,""calibration_label_counts"":{""0"":75,""1"":115,""2"":104,""3"":64},""calibration_records"":358,""fit_group_counts_by_label"":{""0"":13,""1"":15,""2"":14,""3"":11},""fit_groups"":53,""fit_label_counts"":{""0"":103,""1"":171,""2"":155,""3"":98},""fit_records"":527,""group_overlap"":0}","[{""fit_group_counts_by_label"":{""0"":5,""1"":6,""2"":5,""3"":3},""fit_groups"":19,""fit_records"":178,""fold"":0,""group_overlap"":0,""validation_group_counts_by_label"":{""0"":4,""1"":5,""2"":5,""3"":3},""validation_groups"":17,""validation_records"":180},{""fit_group_counts_by_label"":{""0"":4,""1"":5,""2"":5,""3"":3},""fit_groups"":17,""fit_records"":180,""fold"":1,""group_overlap"":0,""validation_group_counts_by_label"":{""0"":5,""1"":6,""2"":5,""3"":3},""validation_groups"":19,""validation_records"":178}]",0
classification__hybrid__multilingual_minilm_l12__xgboost,classification,hybrid,multilingual_minilm_l12,xgboost,0,917,197,89,22,0,229.57839409995358,1.02386590000242,0.12752249999903142,0.6473223350204641,classifier_pipeline_with_precomputed_embedding,"{""model__learning_rate"":0.05,""model__max_depth"":4,""model__n_estimators"":160}",0.6470813356696805,"{""eligible"":false,""obra_threshold"":0.9,""threshold"":null}","{""balance_score"":0.03916836565359627,""calibration_group_counts_by_label"":{""0"":8,""1"":11,""2"":12,""3"":5},""calibration_groups"":36,""calibration_label_counts"":{""0"":82,""1"":118,""2"":124,""3"":44},""calibration_records"":368,""fit_group_counts_by_label"":{""0"":14,""1"":15,""2"":15,""3"":9},""fit_groups"":53,""fit_label_counts"":{""0"":122,""1"":163,""2"":181,""3"":83},""fit_records"":549,""group_overlap"":0}","[{""fit_group_counts_by_label"":{""0"":4,""1"":4,""2"":9,""3"":2},""fit_groups"":19,""fit_records"":186,""fold"":0,""group_overlap"":0,""validation_group_counts_by_label"":{""0"":4,""1"":7,""2"":3,""3"":3},""validation_groups"":17,""validation_records"":182},{""fit_group_counts_by_label"":{""0"":4,""1"":7,""2"":3,""3"":3},""fit_groups"":17,""fit_records"":182,""fold"":1,""group_overlap"":0,""validation_group_counts_by_label"":{""0"":4,""1"":4,""2"":9,""3"":2},""validation_groups"":19,""validation_records"":186}]",0
classification__hybrid__multilingual_minilm_l12__xgboost,classification,hybrid,multilingual_minilm_l12,xgboost,1,881,233,89,22,0,192.74585410009604,0.9728336000116542,0.1494677000446245,0.6414922748696331,classifier_pipeline_with_precomputed_embedding,"{""model__learning_rate"":0.05,""model__max_depth"":4,""model__n_estimators"":160}",0.6498666230211371,"{""eligible"":false,""obra_threshold"":0.9,""threshold"":null}","{""balance_score"":0.03224042532791874,""calibration_group_counts_by_label"":{""0"":10,""1"":9,""2"":11,""3"":6},""calibration_groups"":36,""calibration_label_counts"":{""0"":72,""1"":108,""2"":125,""3"":62},""calibration_records"":367,""fit_group_counts_by_label"":{""0"":13,""1"":15,""2"":16,""3"":9},""fit_groups"":53,""fit_label_counts"":{""0"":101,""1"":158,""2"":169,""3"":86},""fit_records"":514,""group_overlap"":0}","[{""fit_group_counts_by_label"":{""0"":4,""1"":5,""2"":5,""3"":2},""fit_groups"":16,""fit_records"":164,""fold"":0,""group_overlap"":0,""validation_group_counts_by_label"":{""0"":6,""1"":4,""2"":6,""3"":4},""validation_groups"":20,""validation_records"":203},{""fit_group_counts_by_label"":{""0"":6,""1"":4,""2"":6,""3"":4},""fit_groups"":20,""fit_records"":203,""fold"":1,""group_overlap"":0,""validation_group_counts_by_label"":{""0"":4,""1"":5,""2"":5,""3"":2},""validation_groups"":16,""validation_records"":164}]",0
classification__hybrid__multilingual_minilm_l12__xgboost,classification,hybrid,multilingual_minilm_l12,xgboost,2,893,221,89,22,0,208.96237119997386,0.9380631999811158,0.14048790000379086,0.6356918552207731,classifier_pipeline_with_precomputed_embedding,"{""model__learning_rate"":0.05,""model__max_depth"":4,""model__n_estimators"":160}",0.5875270670361764,"{""automatic_maintenance_as_obra"":0,""automatic_non_obra_as_obra"":0,""coverage"":0.5194805194805194,""covered"":200,""eligible"":true,""errors"":2,""obra_threshold"":0.92,""risk"":0.01,""threshold"":0.92}","{""balance_score"":0.049781125928942266,""calibration_group_counts_by_label"":{""0"":11,""1"":11,""2"":10,""3"":4},""calibration_groups"":36,""calibration_label_counts"":{""0"":82,""1"":135,""2"":118,""3"":50},""calibration_records"":385,""fit_group_counts_by_label"":{""0"":12,""1"":16,""2"":16,""3"":9},""fit_groups"":53,""fit_label_counts"":{""0"":105,""1"":173,""2"":157,""3"":73},""fit_records"":508,""group_overlap"":0}","[{""fit_group_counts_by_label"":{""0"":6,""1"":5,""2"":6,""3"":2},""fit_groups"":19,""fit_records"":193,""fold"":0,""group_overlap"":0,""validation_group_counts_by_label"":{""0"":5,""1"":6,""2"":4,""3"":2},""validation_groups"":17,""validation_records"":192},{""fit_group_counts_by_label"":{""0"":5,""1"":6,""2"":4,""3"":2},""fit_groups"":17,""fit_records"":192,""fold"":1,""group_overlap"":0,""validation_group_counts_by_label"":{""0"":6,""1"":5,""2"":6,""3"":2},""validation_groups"":19,""validation_records"":193}]",0
classification__hybrid__multilingual_minilm_l12__xgboost,classification,hybrid,multilingual_minilm_l12,xgboost,3,880,234,88,23,0,207.03610250004567,0.9132757000625134,0.15244130010250956,0.651458547446622,classifier_pipeline_with_precomputed_embedding,"{""model__learning_rate"":0.05,""model__max_depth"":4,""model__n_estimators"":160}",0.5379768302694171,"{""automatic_maintenance_as_obra"":0,""automatic_non_obra_as_obra"":0,""coverage"":0.5056179775280899,""covered"":180,""eligible"":true,""errors"":18,""obra_threshold"":0.9,""risk"":0.1,""threshold"":0.73}","{""balance_score"":0.03552093973442283,""calibration_group_counts_by_label"":{""0"":10,""1"":9,""2"":11,""3"":6},""calibration_groups"":36,""calibration_label_counts"":{""0"":69,""1"":120,""2"":108,""3"":59},""calibration_records"":356,""fit_group_counts_by_label"":{""0"":12,""1"":16,""2"":13,""3"":11},""fit_groups"":52,""fit_label_counts"":{""0"":113,""1"":163,""2"":159,""3"":89},""fit_records"":524,""group_overlap"":0}","[{""fit_group_counts_by_label"":{""0"":3,""1"":7,""2"":4,""3"":3},""fit_groups"":17,""fit_records"":194,""fold"":0,""group_overlap"":0,""validation_group_counts_by_label"":{""0"":7,""1"":2,""2"":7,""3"":3},""validation_groups"":19,""validation_records"":162},{""fit_group_counts_by_label"":{""0"":7,""1"":2,""2"":7,""3"":3},""fit_groups"":19,""fit_records"":162,""fold"":1,""group_overlap"":0,""validation_group_counts_by_label"":{""0"":3,""1"":7,""2"":4,""3"":3},""validation_groups"":17,""validation_records"":194}]",0
classification__hybrid__multilingual_minilm_l12__xgboost,classification,hybrid,multilingual_minilm_l12,xgboost,4,885,229,89,22,0,185.39373460004572,1.0511467000469565,0.14816860004793853,0.6470244543578102,classifier_pipeline_with_precomputed_embedding,"{""model__learning_rate"":0.05,""model__max_depth"":2,""model__n_estimators"":160}",0.5768257895100862,"{""eligible"":false,""obra_threshold"":0.9,""threshold"":null}","{""balance_score"":0.021254300413470872,""calibration_group_counts_by_label"":{""0"":9,""1"":11,""2"":10,""3"":6},""calibration_groups"":36,""calibration_label_counts"":{""0"":75,""1"":115,""2"":104,""3"":64},""calibration_records"":358,""fit_group_counts_by_label"":{""0"":13,""1"":15,""2"":14,""3"":11},""fit_groups"":53,""fit_label_counts"":{""0"":103,""1"":171,""2"":155,""3"":98},""fit_records"":527,""group_overlap"":0}","[{""fit_group_counts_by_label"":{""0"":5,""1"":6,""2"":5,""3"":3},""fit_groups"":19,""fit_records"":178,""fold"":0,""group_overlap"":0,""validation_group_counts_by_label"":{""0"":4,""1"":5,""2"":5,""3"":3},""validation_groups"":17,""validation_records"":180},{""fit_group_counts_by_label"":{""0"":4,""1"":5,""2"":5,""3"":3},""fit_groups"":17,""fit_records"":180,""fold"":1,""group_overlap"":0,""validation_group_counts_by_label"":{""0"":5,""1"":6,""2"":5,""3"":3},""validation_groups"":19,""validation_records"":178}]",0
