representation,query_case_id,expected_reference_case_id,rank,reciprocal_rank,hit_at_1,hit_at_5,hit_at_20
tfidf,DEV-LOCAL-V1-002322,DEV-LOCAL-V1-002321,1,1.0,True,True,True
tfidf,DEV-LOCAL-V1-002323,DEV-LOCAL-V1-002321,1,1.0,True,True,True
tfidf,DEV-LOCAL-V1-002324,DEV-LOCAL-V1-002321,4,0.25,False,True,True
tfidf,DEV-LOCAL-V1-002325,DEV-LOCAL-V1-002321,2,0.5,False,True,True
tfidf,DEV-LOCAL-V1-002326,DEV-LOCAL-V1-002321,41,0.024390243902439025,False,False,False
tfidf,DEV-LOCAL-V1-002658,DEV-LOCAL-V1-002657,2,0.5,False,True,True
tfidf,DEV-LOCAL-V1-002659,DEV-LOCAL-V1-002657,1,1.0,True,True,True
tfidf,DEV-LOCAL-V1-002660,DEV-LOCAL-V1-002657,2,0.5,False,True,True
tfidf,DEV-LOCAL-V1-002661,DEV-LOCAL-V1-002657,2,0.5,False,True,True
tfidf,DEV-LOCAL-V1-002662,DEV-LOCAL-V1-002657,6,0.16666666666666666,False,False,True
tfidf,DEV-LOCAL-V1-001710,DEV-LOCAL-V1-001709,32,0.03125,False,False,False
tfidf,DEV-LOCAL-V1-001711,DEV-LOCAL-V1-001709,1,1.0,True,True,True
tfidf,DEV-LOCAL-V1-001712,DEV-LOCAL-V1-001709,8,0.125,False,False,True
tfidf,DEV-LOCAL-V1-001713,DEV-LOCAL-V1-001709,1,1.0,True,True,True
tfidf,DEV-LOCAL-V1-001714,DEV-LOCAL-V1-001709,41,0.024390243902439025,False,False,False
tfidf,DEV-LOCAL-V1-001758,DEV-LOCAL-V1-001757,4,0.25,False,True,True
tfidf,DEV-LOCAL-V1-001759,DEV-LOCAL-V1-001757,1,1.0,True,True,True
tfidf,DEV-LOCAL-V1-001760,DEV-LOCAL-V1-001757,4,0.25,False,True,True
tfidf,DEV-LOCAL-V1-001761,DEV-LOCAL-V1-001757,2,0.5,False,True,True
tfidf,DEV-LOCAL-V1-001762,DEV-LOCAL-V1-001757,9,0.1111111111111111,False,False,True
tfidf,DEV-LOCAL-V1-002370,DEV-LOCAL-V1-002369,6,0.16666666666666666,False,False,True
tfidf,DEV-LOCAL-V1-002371,DEV-LOCAL-V1-002369,1,1.0,True,True,True
tfidf,DEV-LOCAL-V1-002372,DEV-LOCAL-V1-002369,2,0.5,False,True,True
tfidf,DEV-LOCAL-V1-002373,DEV-LOCAL-V1-002369,1,1.0,True,True,True
tfidf,DEV-LOCAL-V1-002374,DEV-LOCAL-V1-002369,13,0.07692307692307693,False,False,True
tfidf,DEV-LOCAL-V1-002382,DEV-LOCAL-V1-002381,1,1.0,True,True,True
tfidf,DEV-LOCAL-V1-002383,DEV-LOCAL-V1-002381,1,1.0,True,True,True
tfidf,DEV-LOCAL-V1-002384,DEV-LOCAL-V1-002381,40,0.025,False,False,False
tfidf,DEV-LOCAL-V1-002385,DEV-LOCAL-V1-002381,5,0.2,False,True,True
tfidf,DEV-LOCAL-V1-002386,DEV-LOCAL-V1-002381,41,0.024390243902439025,False,False,False
tfidf,DEV-LOCAL-V1-001842,DEV-LOCAL-V1-001841,1,1.0,True,True,True
tfidf,DEV-LOCAL-V1-001843,DEV-LOCAL-V1-001841,2,0.5,False,True,True
tfidf,DEV-LOCAL-V1-001844,DEV-LOCAL-V1-001841,4,0.25,False,True,True
tfidf,DEV-LOCAL-V1-001845,DEV-LOCAL-V1-001841,2,0.5,False,True,True
tfidf,DEV-LOCAL-V1-001846,DEV-LOCAL-V1-001841,39,0.02564102564102564,False,False,False
tfidf,DEV-LOCAL-V1-001746,DEV-LOCAL-V1-001745,6,0.16666666666666666,False,False,True
tfidf,DEV-LOCAL-V1-001747,DEV-LOCAL-V1-001745,1,1.0,True,True,True
tfidf,DEV-LOCAL-V1-001748,DEV-LOCAL-V1-001745,6,0.16666666666666666,False,False,True
tfidf,DEV-LOCAL-V1-001749,DEV-LOCAL-V1-001745,3,0.3333333333333333,False,True,True
tfidf,DEV-LOCAL-V1-001750,DEV-LOCAL-V1-001745,1,1.0,True,True,True
tfidf,DEV-LOCAL-V1-002166,DEV-LOCAL-V1-002165,41,0.024390243902439025,False,False,False
tfidf,DEV-LOCAL-V1-002167,DEV-LOCAL-V1-002165,1,1.0,True,True,True
tfidf,DEV-LOCAL-V1-002168,DEV-LOCAL-V1-002165,40,0.025,False,False,False
tfidf,DEV-LOCAL-V1-002169,DEV-LOCAL-V1-002165,6,0.16666666666666666,False,False,True
tfidf,DEV-LOCAL-V1-002170,DEV-LOCAL-V1-002165,1,1.0,True,True,True
tfidf,DEV-LOCAL-V1-002298,DEV-LOCAL-V1-002297,4,0.25,False,True,True
tfidf,DEV-LOCAL-V1-002299,DEV-LOCAL-V1-002297,1,1.0,True,True,True
tfidf,DEV-LOCAL-V1-002300,DEV-LOCAL-V1-002297,4,0.25,False,True,True
tfidf,DEV-LOCAL-V1-002301,DEV-LOCAL-V1-002297,2,0.5,False,True,True
tfidf,DEV-LOCAL-V1-002302,DEV-LOCAL-V1-002297,35,0.02857142857142857,False,False,False
tfidf,DEV-LOCAL-V1-002766,DEV-LOCAL-V1-002765,4,0.25,False,True,True
tfidf,DEV-LOCAL-V1-002767,DEV-LOCAL-V1-002765,2,0.5,False,True,True
tfidf,DEV-LOCAL-V1-002768,DEV-LOCAL-V1-002765,5,0.2,False,True,True
tfidf,DEV-LOCAL-V1-002769,DEV-LOCAL-V1-002765,4,0.25,False,True,True
tfidf,DEV-LOCAL-V1-002770,DEV-LOCAL-V1-002765,1,1.0,True,True,True
tfidf,DEV-LOCAL-V1-001974,DEV-LOCAL-V1-001973,4,0.25,False,True,True
tfidf,DEV-LOCAL-V1-001975,DEV-LOCAL-V1-001973,1,1.0,True,True,True
tfidf,DEV-LOCAL-V1-001976,DEV-LOCAL-V1-001973,1,1.0,True,True,True
tfidf,DEV-LOCAL-V1-001977,DEV-LOCAL-V1-001973,2,0.5,False,True,True
tfidf,DEV-LOCAL-V1-001978,DEV-LOCAL-V1-001973,30,0.03333333333333333,False,False,False
tfidf,DEV-LOCAL-V1-002754,DEV-LOCAL-V1-002753,4,0.25,False,True,True
tfidf,DEV-LOCAL-V1-002755,DEV-LOCAL-V1-002753,1,1.0,True,True,True
tfidf,DEV-LOCAL-V1-002756,DEV-LOCAL-V1-002753,1,1.0,True,True,True
tfidf,DEV-LOCAL-V1-002757,DEV-LOCAL-V1-002753,2,0.5,False,True,True
tfidf,DEV-LOCAL-V1-002758,DEV-LOCAL-V1-002753,41,0.024390243902439025,False,False,False
tfidf,DEV-LOCAL-V1-002562,DEV-LOCAL-V1-002561,1,1.0,True,True,True
tfidf,DEV-LOCAL-V1-002563,DEV-LOCAL-V1-002561,1,1.0,True,True,True
tfidf,DEV-LOCAL-V1-002564,DEV-LOCAL-V1-002561,6,0.16666666666666666,False,False,True
tfidf,DEV-LOCAL-V1-002565,DEV-LOCAL-V1-002561,1,1.0,True,True,True
tfidf,DEV-LOCAL-V1-002566,DEV-LOCAL-V1-002561,40,0.025,False,False,False
tfidf,DEV-LOCAL-V1-001926,DEV-LOCAL-V1-001925,26,0.038461538461538464,False,False,False
tfidf,DEV-LOCAL-V1-001927,DEV-LOCAL-V1-001925,1,1.0,True,True,True
tfidf,DEV-LOCAL-V1-001928,DEV-LOCAL-V1-001925,12,0.08333333333333333,False,False,True
tfidf,DEV-LOCAL-V1-001929,DEV-LOCAL-V1-001925,3,0.3333333333333333,False,True,True
tfidf,DEV-LOCAL-V1-001930,DEV-LOCAL-V1-001925,1,1.0,True,True,True
tfidf,DEV-LOCAL-V1-002226,DEV-LOCAL-V1-002225,6,0.16666666666666666,False,False,True
tfidf,DEV-LOCAL-V1-002227,DEV-LOCAL-V1-002225,2,0.5,False,True,True
tfidf,DEV-LOCAL-V1-002228,DEV-LOCAL-V1-002225,5,0.2,False,True,True
tfidf,DEV-LOCAL-V1-002229,DEV-LOCAL-V1-002225,3,0.3333333333333333,False,True,True
tfidf,DEV-LOCAL-V1-002230,DEV-LOCAL-V1-002225,1,1.0,True,True,True
tfidf,DEV-LOCAL-V1-001782,DEV-LOCAL-V1-001781,1,1.0,True,True,True
tfidf,DEV-LOCAL-V1-001783,DEV-LOCAL-V1-001781,2,0.5,False,True,True
tfidf,DEV-LOCAL-V1-001784,DEV-LOCAL-V1-001781,6,0.16666666666666666,False,False,True
tfidf,DEV-LOCAL-V1-001785,DEV-LOCAL-V1-001781,3,0.3333333333333333,False,True,True
tfidf,DEV-LOCAL-V1-001786,DEV-LOCAL-V1-001781,41,0.024390243902439025,False,False,False
tfidf,DEV-LOCAL-V1-002730,DEV-LOCAL-V1-002729,5,0.2,False,True,True
tfidf,DEV-LOCAL-V1-002731,DEV-LOCAL-V1-002729,1,1.0,True,True,True
tfidf,DEV-LOCAL-V1-002732,DEV-LOCAL-V1-002729,3,0.3333333333333333,False,True,True
tfidf,DEV-LOCAL-V1-002733,DEV-LOCAL-V1-002729,1,1.0,True,True,True
tfidf,DEV-LOCAL-V1-002734,DEV-LOCAL-V1-002729,16,0.0625,False,False,True
tfidf,DEV-LOCAL-V1-002694,DEV-LOCAL-V1-002693,4,0.25,False,True,True
tfidf,DEV-LOCAL-V1-002695,DEV-LOCAL-V1-002693,2,0.5,False,True,True
tfidf,DEV-LOCAL-V1-002696,DEV-LOCAL-V1-002693,1,1.0,True,True,True
tfidf,DEV-LOCAL-V1-002697,DEV-LOCAL-V1-002693,2,0.5,False,True,True
tfidf,DEV-LOCAL-V1-002698,DEV-LOCAL-V1-002693,37,0.02702702702702703,False,False,False
tfidf,DEV-LOCAL-V1-002394,DEV-LOCAL-V1-002393,7,0.14285714285714285,False,False,True
tfidf,DEV-LOCAL-V1-002395,DEV-LOCAL-V1-002393,2,0.5,False,True,True
tfidf,DEV-LOCAL-V1-002396,DEV-LOCAL-V1-002393,1,1.0,True,True,True
tfidf,DEV-LOCAL-V1-002397,DEV-LOCAL-V1-002393,1,1.0,True,True,True
tfidf,DEV-LOCAL-V1-002398,DEV-LOCAL-V1-002393,41,0.024390243902439025,False,False,False
tfidf,DEV-LOCAL-V1-002718,DEV-LOCAL-V1-002717,9,0.1111111111111111,False,False,True
tfidf,DEV-LOCAL-V1-002719,DEV-LOCAL-V1-002717,1,1.0,True,True,True
tfidf,DEV-LOCAL-V1-002720,DEV-LOCAL-V1-002717,6,0.16666666666666666,False,False,True
tfidf,DEV-LOCAL-V1-002721,DEV-LOCAL-V1-002717,2,0.5,False,True,True
tfidf,DEV-LOCAL-V1-002722,DEV-LOCAL-V1-002717,41,0.024390243902439025,False,False,False
tfidf,DEV-LOCAL-V1-002130,DEV-LOCAL-V1-002129,5,0.2,False,True,True
tfidf,DEV-LOCAL-V1-002131,DEV-LOCAL-V1-002129,1,1.0,True,True,True
tfidf,DEV-LOCAL-V1-002132,DEV-LOCAL-V1-002129,4,0.25,False,True,True
tfidf,DEV-LOCAL-V1-002133,DEV-LOCAL-V1-002129,1,1.0,True,True,True
tfidf,DEV-LOCAL-V1-002134,DEV-LOCAL-V1-002129,37,0.02702702702702703,False,False,False
tfidf,DEV-LOCAL-V1-002466,DEV-LOCAL-V1-002465,7,0.14285714285714285,False,False,True
tfidf,DEV-LOCAL-V1-002467,DEV-LOCAL-V1-002465,2,0.5,False,True,True
tfidf,DEV-LOCAL-V1-002468,DEV-LOCAL-V1-002465,7,0.14285714285714285,False,False,True
tfidf,DEV-LOCAL-V1-002469,DEV-LOCAL-V1-002465,2,0.5,False,True,True
tfidf,DEV-LOCAL-V1-002470,DEV-LOCAL-V1-002465,1,1.0,True,True,True
tfidf,DEV-LOCAL-V1-001674,DEV-LOCAL-V1-001673,6,0.16666666666666666,False,False,True
tfidf,DEV-LOCAL-V1-001675,DEV-LOCAL-V1-001673,1,1.0,True,True,True
tfidf,DEV-LOCAL-V1-001676,DEV-LOCAL-V1-001673,1,1.0,True,True,True
tfidf,DEV-LOCAL-V1-001677,DEV-LOCAL-V1-001673,2,0.5,False,True,True
tfidf,DEV-LOCAL-V1-001678,DEV-LOCAL-V1-001673,41,0.024390243902439025,False,False,False
tfidf,DEV-LOCAL-V1-002490,DEV-LOCAL-V1-002489,6,0.16666666666666666,False,False,True
tfidf,DEV-LOCAL-V1-002491,DEV-LOCAL-V1-002489,1,1.0,True,True,True
tfidf,DEV-LOCAL-V1-002492,DEV-LOCAL-V1-002489,5,0.2,False,True,True
tfidf,DEV-LOCAL-V1-002493,DEV-LOCAL-V1-002489,1,1.0,True,True,True
tfidf,DEV-LOCAL-V1-002494,DEV-LOCAL-V1-002489,41,0.024390243902439025,False,False,False
tfidf,DEV-LOCAL-V1-001998,DEV-LOCAL-V1-001997,10,0.1,False,False,True
tfidf,DEV-LOCAL-V1-001999,DEV-LOCAL-V1-001997,1,1.0,True,True,True
tfidf,DEV-LOCAL-V1-002000,DEV-LOCAL-V1-001997,7,0.14285714285714285,False,False,True
tfidf,DEV-LOCAL-V1-002001,DEV-LOCAL-V1-001997,3,0.3333333333333333,False,True,True
tfidf,DEV-LOCAL-V1-002002,DEV-LOCAL-V1-001997,41,0.024390243902439025,False,False,False
tfidf,DEV-LOCAL-V1-002358,DEV-LOCAL-V1-002357,7,0.14285714285714285,False,False,True
tfidf,DEV-LOCAL-V1-002359,DEV-LOCAL-V1-002357,1,1.0,True,True,True
tfidf,DEV-LOCAL-V1-002360,DEV-LOCAL-V1-002357,6,0.16666666666666666,False,False,True
tfidf,DEV-LOCAL-V1-002361,DEV-LOCAL-V1-002357,3,0.3333333333333333,False,True,True
tfidf,DEV-LOCAL-V1-002362,DEV-LOCAL-V1-002357,41,0.024390243902439025,False,False,False
tfidf,DEV-LOCAL-V1-001794,DEV-LOCAL-V1-001793,6,0.16666666666666666,False,False,True
tfidf,DEV-LOCAL-V1-001795,DEV-LOCAL-V1-001793,1,1.0,True,True,True
tfidf,DEV-LOCAL-V1-001796,DEV-LOCAL-V1-001793,1,1.0,True,True,True
tfidf,DEV-LOCAL-V1-001797,DEV-LOCAL-V1-001793,2,0.5,False,True,True
tfidf,DEV-LOCAL-V1-001798,DEV-LOCAL-V1-001793,25,0.04,False,False,False
tfidf,DEV-LOCAL-V1-001638,DEV-LOCAL-V1-001637,9,0.1111111111111111,False,False,True
tfidf,DEV-LOCAL-V1-001639,DEV-LOCAL-V1-001637,1,1.0,True,True,True
tfidf,DEV-LOCAL-V1-001640,DEV-LOCAL-V1-001637,6,0.16666666666666666,False,False,True
tfidf,DEV-LOCAL-V1-001641,DEV-LOCAL-V1-001637,4,0.25,False,True,True
tfidf,DEV-LOCAL-V1-001642,DEV-LOCAL-V1-001637,41,0.024390243902439025,False,False,False
tfidf,DEV-LOCAL-V1-002478,DEV-LOCAL-V1-002477,4,0.25,False,True,True
tfidf,DEV-LOCAL-V1-002479,DEV-LOCAL-V1-002477,1,1.0,True,True,True
tfidf,DEV-LOCAL-V1-002480,DEV-LOCAL-V1-002477,5,0.2,False,True,True
tfidf,DEV-LOCAL-V1-002481,DEV-LOCAL-V1-002477,4,0.25,False,True,True
tfidf,DEV-LOCAL-V1-002482,DEV-LOCAL-V1-002477,16,0.0625,False,False,True
tfidf,DEV-LOCAL-V1-002514,DEV-LOCAL-V1-002513,6,0.16666666666666666,False,False,True
tfidf,DEV-LOCAL-V1-002515,DEV-LOCAL-V1-002513,2,0.5,False,True,True
tfidf,DEV-LOCAL-V1-002516,DEV-LOCAL-V1-002513,1,1.0,True,True,True
tfidf,DEV-LOCAL-V1-002517,DEV-LOCAL-V1-002513,2,0.5,False,True,True
tfidf,DEV-LOCAL-V1-002518,DEV-LOCAL-V1-002513,30,0.03333333333333333,False,False,False
tfidf,DEV-LOCAL-V1-002082,DEV-LOCAL-V1-002081,1,1.0,True,True,True
tfidf,DEV-LOCAL-V1-002083,DEV-LOCAL-V1-002081,2,0.5,False,True,True
tfidf,DEV-LOCAL-V1-002084,DEV-LOCAL-V1-002081,6,0.16666666666666666,False,False,True
tfidf,DEV-LOCAL-V1-002085,DEV-LOCAL-V1-002081,3,0.3333333333333333,False,True,True
tfidf,DEV-LOCAL-V1-002086,DEV-LOCAL-V1-002081,31,0.03225806451612903,False,False,False
tfidf,DEV-LOCAL-V1-002094,DEV-LOCAL-V1-002093,41,0.024390243902439025,False,False,False
tfidf,DEV-LOCAL-V1-002095,DEV-LOCAL-V1-002093,1,1.0,True,True,True
tfidf,DEV-LOCAL-V1-002096,DEV-LOCAL-V1-002093,1,1.0,True,True,True
tfidf,DEV-LOCAL-V1-002097,DEV-LOCAL-V1-002093,3,0.3333333333333333,False,True,True
tfidf,DEV-LOCAL-V1-002098,DEV-LOCAL-V1-002093,41,0.024390243902439025,False,False,False
tfidf,DEV-LOCAL-V1-002106,DEV-LOCAL-V1-002105,8,0.125,False,False,True
tfidf,DEV-LOCAL-V1-002107,DEV-LOCAL-V1-002105,2,0.5,False,True,True
tfidf,DEV-LOCAL-V1-002108,DEV-LOCAL-V1-002105,7,0.14285714285714285,False,False,True
tfidf,DEV-LOCAL-V1-002109,DEV-LOCAL-V1-002105,2,0.5,False,True,True
tfidf,DEV-LOCAL-V1-002110,DEV-LOCAL-V1-002105,1,1.0,True,True,True
tfidf,DEV-LOCAL-V1-002274,DEV-LOCAL-V1-002273,6,0.16666666666666666,False,False,True
tfidf,DEV-LOCAL-V1-002275,DEV-LOCAL-V1-002273,2,0.5,False,True,True
tfidf,DEV-LOCAL-V1-002276,DEV-LOCAL-V1-002273,1,1.0,True,True,True
tfidf,DEV-LOCAL-V1-002277,DEV-LOCAL-V1-002273,1,1.0,True,True,True
tfidf,DEV-LOCAL-V1-002278,DEV-LOCAL-V1-002273,41,0.024390243902439025,False,False,False
tfidf,DEV-LOCAL-V1-001602,DEV-LOCAL-V1-001601,1,1.0,True,True,True
tfidf,DEV-LOCAL-V1-001603,DEV-LOCAL-V1-001601,2,0.5,False,True,True
tfidf,DEV-LOCAL-V1-001604,DEV-LOCAL-V1-001601,6,0.16666666666666666,False,False,True
tfidf,DEV-LOCAL-V1-001605,DEV-LOCAL-V1-001601,2,0.5,False,True,True
tfidf,DEV-LOCAL-V1-001606,DEV-LOCAL-V1-001601,41,0.024390243902439025,False,False,False
tfidf,DEV-LOCAL-V1-002442,DEV-LOCAL-V1-002441,1,1.0,True,True,True
tfidf,DEV-LOCAL-V1-002443,DEV-LOCAL-V1-002441,1,1.0,True,True,True
tfidf,DEV-LOCAL-V1-002444,DEV-LOCAL-V1-002441,6,0.16666666666666666,False,False,True
tfidf,DEV-LOCAL-V1-002445,DEV-LOCAL-V1-002441,2,0.5,False,True,True
tfidf,DEV-LOCAL-V1-002446,DEV-LOCAL-V1-002441,29,0.034482758620689655,False,False,False
tfidf,DEV-LOCAL-V1-002778,DEV-LOCAL-V1-002777,4,0.25,False,True,True
tfidf,DEV-LOCAL-V1-002779,DEV-LOCAL-V1-002777,1,1.0,True,True,True
tfidf,DEV-LOCAL-V1-002780,DEV-LOCAL-V1-002777,2,0.5,False,True,True
tfidf,DEV-LOCAL-V1-002781,DEV-LOCAL-V1-002777,2,0.5,False,True,True
tfidf,DEV-LOCAL-V1-002782,DEV-LOCAL-V1-002777,39,0.02564102564102564,False,False,False
tfidf,DEV-LOCAL-V1-002310,DEV-LOCAL-V1-002309,41,0.024390243902439025,False,False,False
tfidf,DEV-LOCAL-V1-002311,DEV-LOCAL-V1-002309,1,1.0,True,True,True
tfidf,DEV-LOCAL-V1-002312,DEV-LOCAL-V1-002309,36,0.027777777777777776,False,False,False
tfidf,DEV-LOCAL-V1-002313,DEV-LOCAL-V1-002309,1,1.0,True,True,True
tfidf,DEV-LOCAL-V1-002314,DEV-LOCAL-V1-002309,41,0.024390243902439025,False,False,False
tfidf,DEV-LOCAL-V1-002022,DEV-LOCAL-V1-002021,1,1.0,True,True,True
tfidf,DEV-LOCAL-V1-002023,DEV-LOCAL-V1-002021,1,1.0,True,True,True
tfidf,DEV-LOCAL-V1-002024,DEV-LOCAL-V1-002021,41,0.024390243902439025,False,False,False
tfidf,DEV-LOCAL-V1-002025,DEV-LOCAL-V1-002021,5,0.2,False,True,True
tfidf,DEV-LOCAL-V1-002026,DEV-LOCAL-V1-002021,41,0.024390243902439025,False,False,False
tfidf,DEV-LOCAL-V1-001986,DEV-LOCAL-V1-001985,6,0.16666666666666666,False,False,True
tfidf,DEV-LOCAL-V1-001987,DEV-LOCAL-V1-001985,2,0.5,False,True,True
tfidf,DEV-LOCAL-V1-001988,DEV-LOCAL-V1-001985,6,0.16666666666666666,False,False,True
tfidf,DEV-LOCAL-V1-001989,DEV-LOCAL-V1-001985,2,0.5,False,True,True
tfidf,DEV-LOCAL-V1-001990,DEV-LOCAL-V1-001985,1,1.0,True,True,True
tfidf,DEV-LOCAL-V1-002154,DEV-LOCAL-V1-002153,5,0.2,False,True,True
tfidf,DEV-LOCAL-V1-002155,DEV-LOCAL-V1-002153,1,1.0,True,True,True
tfidf,DEV-LOCAL-V1-002156,DEV-LOCAL-V1-002153,1,1.0,True,True,True
tfidf,DEV-LOCAL-V1-002157,DEV-LOCAL-V1-002153,2,0.5,False,True,True
tfidf,DEV-LOCAL-V1-002158,DEV-LOCAL-V1-002153,29,0.034482758620689655,False,False,False
tfidf,DEV-LOCAL-V1-002262,DEV-LOCAL-V1-002261,1,1.0,True,True,True
tfidf,DEV-LOCAL-V1-002263,DEV-LOCAL-V1-002261,1,1.0,True,True,True
tfidf,DEV-LOCAL-V1-002264,DEV-LOCAL-V1-002261,5,0.2,False,True,True
tfidf,DEV-LOCAL-V1-002265,DEV-LOCAL-V1-002261,4,0.25,False,True,True
tfidf,DEV-LOCAL-V1-002266,DEV-LOCAL-V1-002261,25,0.04,False,False,False
tfidf,DEV-LOCAL-V1-002574,DEV-LOCAL-V1-002573,39,0.02564102564102564,False,False,False
tfidf,DEV-LOCAL-V1-002575,DEV-LOCAL-V1-002573,1,1.0,True,True,True
tfidf,DEV-LOCAL-V1-002576,DEV-LOCAL-V1-002573,1,1.0,True,True,True
tfidf,DEV-LOCAL-V1-002577,DEV-LOCAL-V1-002573,3,0.3333333333333333,False,True,True
tfidf,DEV-LOCAL-V1-002578,DEV-LOCAL-V1-002573,41,0.024390243902439025,False,False,False
tfidf,DEV-LOCAL-V1-002058,DEV-LOCAL-V1-002057,2,0.5,False,True,True
tfidf,DEV-LOCAL-V1-002059,DEV-LOCAL-V1-002057,1,1.0,True,True,True
tfidf,DEV-LOCAL-V1-002060,DEV-LOCAL-V1-002057,3,0.3333333333333333,False,True,True
tfidf,DEV-LOCAL-V1-002061,DEV-LOCAL-V1-002057,2,0.5,False,True,True
tfidf,DEV-LOCAL-V1-002062,DEV-LOCAL-V1-002057,27,0.037037037037037035,False,False,False
tfidf,DEV-LOCAL-V1-002682,DEV-LOCAL-V1-002681,1,1.0,True,True,True
tfidf,DEV-LOCAL-V1-002683,DEV-LOCAL-V1-002681,1,1.0,True,True,True
tfidf,DEV-LOCAL-V1-002684,DEV-LOCAL-V1-002681,7,0.14285714285714285,False,False,True
tfidf,DEV-LOCAL-V1-002685,DEV-LOCAL-V1-002681,1,1.0,True,True,True
tfidf,DEV-LOCAL-V1-002686,DEV-LOCAL-V1-002681,41,0.024390243902439025,False,False,False
tfidf,DEV-LOCAL-V1-002406,DEV-LOCAL-V1-002405,5,0.2,False,True,True
tfidf,DEV-LOCAL-V1-002407,DEV-LOCAL-V1-002405,2,0.5,False,True,True
tfidf,DEV-LOCAL-V1-002408,DEV-LOCAL-V1-002405,5,0.2,False,True,True
tfidf,DEV-LOCAL-V1-002409,DEV-LOCAL-V1-002405,4,0.25,False,True,True
tfidf,DEV-LOCAL-V1-002410,DEV-LOCAL-V1-002405,1,1.0,True,True,True
tfidf,DEV-LOCAL-V1-001950,DEV-LOCAL-V1-001949,41,0.024390243902439025,False,False,False
tfidf,DEV-LOCAL-V1-001951,DEV-LOCAL-V1-001949,1,1.0,True,True,True
tfidf,DEV-LOCAL-V1-001952,DEV-LOCAL-V1-001949,32,0.03125,False,False,False
tfidf,DEV-LOCAL-V1-001953,DEV-LOCAL-V1-001949,1,1.0,True,True,True
tfidf,DEV-LOCAL-V1-001954,DEV-LOCAL-V1-001949,41,0.024390243902439025,False,False,False
tfidf,DEV-LOCAL-V1-001626,DEV-LOCAL-V1-001625,6,0.16666666666666666,False,False,True
tfidf,DEV-LOCAL-V1-001627,DEV-LOCAL-V1-001625,1,1.0,True,True,True
tfidf,DEV-LOCAL-V1-001628,DEV-LOCAL-V1-001625,5,0.2,False,True,True
tfidf,DEV-LOCAL-V1-001629,DEV-LOCAL-V1-001625,2,0.5,False,True,True
tfidf,DEV-LOCAL-V1-001630,DEV-LOCAL-V1-001625,1,1.0,True,True,True
tfidf,DEV-LOCAL-V1-001686,DEV-LOCAL-V1-001685,4,0.25,False,True,True
tfidf,DEV-LOCAL-V1-001687,DEV-LOCAL-V1-001685,1,1.0,True,True,True
tfidf,DEV-LOCAL-V1-001688,DEV-LOCAL-V1-001685,5,0.2,False,True,True
tfidf,DEV-LOCAL-V1-001689,DEV-LOCAL-V1-001685,4,0.25,False,True,True
tfidf,DEV-LOCAL-V1-001690,DEV-LOCAL-V1-001685,1,1.0,True,True,True
tfidf,DEV-LOCAL-V1-001902,DEV-LOCAL-V1-001901,1,1.0,True,True,True
tfidf,DEV-LOCAL-V1-001903,DEV-LOCAL-V1-001901,2,0.5,False,True,True
tfidf,DEV-LOCAL-V1-001904,DEV-LOCAL-V1-001901,5,0.2,False,True,True
tfidf,DEV-LOCAL-V1-001905,DEV-LOCAL-V1-001901,4,0.25,False,True,True
tfidf,DEV-LOCAL-V1-001906,DEV-LOCAL-V1-001901,37,0.02702702702702703,False,False,False
tfidf,DEV-LOCAL-V1-001914,DEV-LOCAL-V1-001913,8,0.125,False,False,True
tfidf,DEV-LOCAL-V1-001915,DEV-LOCAL-V1-001913,1,1.0,True,True,True
tfidf,DEV-LOCAL-V1-001916,DEV-LOCAL-V1-001913,1,1.0,True,True,True
tfidf,DEV-LOCAL-V1-001917,DEV-LOCAL-V1-001913,2,0.5,False,True,True
tfidf,DEV-LOCAL-V1-001918,DEV-LOCAL-V1-001913,41,0.024390243902439025,False,False,False
tfidf,DEV-LOCAL-V1-002646,DEV-LOCAL-V1-002645,20,0.05,False,False,True
tfidf,DEV-LOCAL-V1-002647,DEV-LOCAL-V1-002645,1,1.0,True,True,True
tfidf,DEV-LOCAL-V1-002648,DEV-LOCAL-V1-002645,9,0.1111111111111111,False,False,True
tfidf,DEV-LOCAL-V1-002649,DEV-LOCAL-V1-002645,3,0.3333333333333333,False,True,True
tfidf,DEV-LOCAL-V1-002650,DEV-LOCAL-V1-002645,1,1.0,True,True,True
tfidf,DEV-LOCAL-V1-002334,DEV-LOCAL-V1-002333,4,0.25,False,True,True
tfidf,DEV-LOCAL-V1-002335,DEV-LOCAL-V1-002333,2,0.5,False,True,True
tfidf,DEV-LOCAL-V1-002336,DEV-LOCAL-V1-002333,1,1.0,True,True,True
tfidf,DEV-LOCAL-V1-002337,DEV-LOCAL-V1-002333,1,1.0,True,True,True
tfidf,DEV-LOCAL-V1-002338,DEV-LOCAL-V1-002333,30,0.03333333333333333,False,False,False
tfidf,DEV-LOCAL-V1-002046,DEV-LOCAL-V1-002045,5,0.2,False,True,True
tfidf,DEV-LOCAL-V1-002047,DEV-LOCAL-V1-002045,2,0.5,False,True,True
tfidf,DEV-LOCAL-V1-002048,DEV-LOCAL-V1-002045,5,0.2,False,True,True
tfidf,DEV-LOCAL-V1-002049,DEV-LOCAL-V1-002045,4,0.25,False,True,True
tfidf,DEV-LOCAL-V1-002050,DEV-LOCAL-V1-002045,1,1.0,True,True,True
tfidf,DEV-LOCAL-V1-002010,DEV-LOCAL-V1-002009,6,0.16666666666666666,False,False,True
tfidf,DEV-LOCAL-V1-002011,DEV-LOCAL-V1-002009,1,1.0,True,True,True
tfidf,DEV-LOCAL-V1-002012,DEV-LOCAL-V1-002009,5,0.2,False,True,True
tfidf,DEV-LOCAL-V1-002013,DEV-LOCAL-V1-002009,1,1.0,True,True,True
tfidf,DEV-LOCAL-V1-002014,DEV-LOCAL-V1-002009,40,0.025,False,False,False
tfidf,DEV-LOCAL-V1-001650,DEV-LOCAL-V1-001649,6,0.16666666666666666,False,False,True
tfidf,DEV-LOCAL-V1-001651,DEV-LOCAL-V1-001649,2,0.5,False,True,True
tfidf,DEV-LOCAL-V1-001652,DEV-LOCAL-V1-001649,2,0.5,False,True,True
tfidf,DEV-LOCAL-V1-001653,DEV-LOCAL-V1-001649,1,1.0,True,True,True
tfidf,DEV-LOCAL-V1-001654,DEV-LOCAL-V1-001649,24,0.041666666666666664,False,False,False
tfidf,DEV-LOCAL-V1-002346,DEV-LOCAL-V1-002345,6,0.16666666666666666,False,False,True
tfidf,DEV-LOCAL-V1-002347,DEV-LOCAL-V1-002345,2,0.5,False,True,True
tfidf,DEV-LOCAL-V1-002348,DEV-LOCAL-V1-002345,6,0.16666666666666666,False,False,True
tfidf,DEV-LOCAL-V1-002349,DEV-LOCAL-V1-002345,4,0.25,False,True,True
tfidf,DEV-LOCAL-V1-002350,DEV-LOCAL-V1-002345,1,1.0,True,True,True
tfidf,DEV-LOCAL-V1-002742,DEV-LOCAL-V1-002741,1,1.0,True,True,True
tfidf,DEV-LOCAL-V1-002743,DEV-LOCAL-V1-002741,1,1.0,True,True,True
tfidf,DEV-LOCAL-V1-002744,DEV-LOCAL-V1-002741,32,0.03125,False,False,False
tfidf,DEV-LOCAL-V1-002745,DEV-LOCAL-V1-002741,4,0.25,False,True,True
tfidf,DEV-LOCAL-V1-002746,DEV-LOCAL-V1-002741,41,0.024390243902439025,False,False,False
tfidf,DEV-LOCAL-V1-001830,DEV-LOCAL-V1-001829,4,0.25,False,True,True
tfidf,DEV-LOCAL-V1-001831,DEV-LOCAL-V1-001829,2,0.5,False,True,True
tfidf,DEV-LOCAL-V1-001832,DEV-LOCAL-V1-001829,5,0.2,False,True,True
tfidf,DEV-LOCAL-V1-001833,DEV-LOCAL-V1-001829,1,1.0,True,True,True
tfidf,DEV-LOCAL-V1-001834,DEV-LOCAL-V1-001829,32,0.03125,False,False,False
tfidf,DEV-LOCAL-V1-001866,DEV-LOCAL-V1-001865,5,0.2,False,True,True
tfidf,DEV-LOCAL-V1-001867,DEV-LOCAL-V1-001865,1,1.0,True,True,True
tfidf,DEV-LOCAL-V1-001868,DEV-LOCAL-V1-001865,6,0.16666666666666666,False,False,True
tfidf,DEV-LOCAL-V1-001869,DEV-LOCAL-V1-001865,2,0.5,False,True,True
tfidf,DEV-LOCAL-V1-001870,DEV-LOCAL-V1-001865,1,1.0,True,True,True
tfidf,DEV-LOCAL-V1-001770,DEV-LOCAL-V1-001769,6,0.16666666666666666,False,False,True
tfidf,DEV-LOCAL-V1-001771,DEV-LOCAL-V1-001769,1,1.0,True,True,True
tfidf,DEV-LOCAL-V1-001772,DEV-LOCAL-V1-001769,4,0.25,False,True,True
tfidf,DEV-LOCAL-V1-001773,DEV-LOCAL-V1-001769,1,1.0,True,True,True
tfidf,DEV-LOCAL-V1-001774,DEV-LOCAL-V1-001769,37,0.02702702702702703,False,False,False
tfidf,DEV-LOCAL-V1-002142,DEV-LOCAL-V1-002141,1,1.0,True,True,True
tfidf,DEV-LOCAL-V1-002143,DEV-LOCAL-V1-002141,1,1.0,True,True,True
tfidf,DEV-LOCAL-V1-002144,DEV-LOCAL-V1-002141,6,0.16666666666666666,False,False,True
tfidf,DEV-LOCAL-V1-002145,DEV-LOCAL-V1-002141,4,0.25,False,True,True
tfidf,DEV-LOCAL-V1-002146,DEV-LOCAL-V1-002141,41,0.024390243902439025,False,False,False
tfidf,DEV-LOCAL-V1-002538,DEV-LOCAL-V1-002537,2,0.5,False,True,True
tfidf,DEV-LOCAL-V1-002539,DEV-LOCAL-V1-002537,1,1.0,True,True,True
tfidf,DEV-LOCAL-V1-002540,DEV-LOCAL-V1-002537,2,0.5,False,True,True
tfidf,DEV-LOCAL-V1-002541,DEV-LOCAL-V1-002537,2,0.5,False,True,True
tfidf,DEV-LOCAL-V1-002542,DEV-LOCAL-V1-002537,29,0.034482758620689655,False,False,False
tfidf,DEV-LOCAL-V1-002286,DEV-LOCAL-V1-002285,30,0.03333333333333333,False,False,False
tfidf,DEV-LOCAL-V1-002287,DEV-LOCAL-V1-002285,1,1.0,True,True,True
tfidf,DEV-LOCAL-V1-002288,DEV-LOCAL-V1-002285,12,0.08333333333333333,False,False,True
tfidf,DEV-LOCAL-V1-002289,DEV-LOCAL-V1-002285,3,0.3333333333333333,False,True,True
tfidf,DEV-LOCAL-V1-002290,DEV-LOCAL-V1-002285,1,1.0,True,True,True
tfidf,DEV-LOCAL-V1-002214,DEV-LOCAL-V1-002213,31,0.03225806451612903,False,False,False
tfidf,DEV-LOCAL-V1-002215,DEV-LOCAL-V1-002213,2,0.5,False,True,True
tfidf,DEV-LOCAL-V1-002216,DEV-LOCAL-V1-002213,1,1.0,True,True,True
tfidf,DEV-LOCAL-V1-002217,DEV-LOCAL-V1-002213,5,0.2,False,True,True
tfidf,DEV-LOCAL-V1-002218,DEV-LOCAL-V1-002213,41,0.024390243902439025,False,False,False
tfidf,DEV-LOCAL-V1-002190,DEV-LOCAL-V1-002189,4,0.25,False,True,True
tfidf,DEV-LOCAL-V1-002191,DEV-LOCAL-V1-002189,2,0.5,False,True,True
tfidf,DEV-LOCAL-V1-002192,DEV-LOCAL-V1-002189,5,0.2,False,True,True
tfidf,DEV-LOCAL-V1-002193,DEV-LOCAL-V1-002189,1,1.0,True,True,True
tfidf,DEV-LOCAL-V1-002194,DEV-LOCAL-V1-002189,35,0.02857142857142857,False,False,False
tfidf,DEV-LOCAL-V1-001698,DEV-LOCAL-V1-001697,3,0.3333333333333333,False,True,True
tfidf,DEV-LOCAL-V1-001699,DEV-LOCAL-V1-001697,1,1.0,True,True,True
tfidf,DEV-LOCAL-V1-001700,DEV-LOCAL-V1-001697,2,0.5,False,True,True
tfidf,DEV-LOCAL-V1-001701,DEV-LOCAL-V1-001697,1,1.0,True,True,True
tfidf,DEV-LOCAL-V1-001702,DEV-LOCAL-V1-001697,18,0.05555555555555555,False,False,True
tfidf,DEV-LOCAL-V1-002118,DEV-LOCAL-V1-002117,4,0.25,False,True,True
tfidf,DEV-LOCAL-V1-002119,DEV-LOCAL-V1-002117,1,1.0,True,True,True
tfidf,DEV-LOCAL-V1-002120,DEV-LOCAL-V1-002117,5,0.2,False,True,True
tfidf,DEV-LOCAL-V1-002121,DEV-LOCAL-V1-002117,2,0.5,False,True,True
tfidf,DEV-LOCAL-V1-002122,DEV-LOCAL-V1-002117,12,0.08333333333333333,False,False,True
tfidf,DEV-LOCAL-V1-001662,DEV-LOCAL-V1-001661,1,1.0,True,True,True
tfidf,DEV-LOCAL-V1-001663,DEV-LOCAL-V1-001661,1,1.0,True,True,True
tfidf,DEV-LOCAL-V1-001664,DEV-LOCAL-V1-001661,35,0.02857142857142857,False,False,False
tfidf,DEV-LOCAL-V1-001665,DEV-LOCAL-V1-001661,4,0.25,False,True,True
tfidf,DEV-LOCAL-V1-001666,DEV-LOCAL-V1-001661,41,0.024390243902439025,False,False,False
tfidf,DEV-LOCAL-V1-002178,DEV-LOCAL-V1-002177,2,0.5,False,True,True
tfidf,DEV-LOCAL-V1-002179,DEV-LOCAL-V1-002177,1,1.0,True,True,True
tfidf,DEV-LOCAL-V1-002180,DEV-LOCAL-V1-002177,3,0.3333333333333333,False,True,True
tfidf,DEV-LOCAL-V1-002181,DEV-LOCAL-V1-002177,2,0.5,False,True,True
tfidf,DEV-LOCAL-V1-002182,DEV-LOCAL-V1-002177,30,0.03333333333333333,False,False,False
tfidf,DEV-LOCAL-V1-001722,DEV-LOCAL-V1-001721,1,1.0,True,True,True
tfidf,DEV-LOCAL-V1-001723,DEV-LOCAL-V1-001721,2,0.5,False,True,True
tfidf,DEV-LOCAL-V1-001724,DEV-LOCAL-V1-001721,6,0.16666666666666666,False,False,True
tfidf,DEV-LOCAL-V1-001725,DEV-LOCAL-V1-001721,3,0.3333333333333333,False,True,True
tfidf,DEV-LOCAL-V1-001726,DEV-LOCAL-V1-001721,41,0.024390243902439025,False,False,False
tfidf,DEV-LOCAL-V1-002526,DEV-LOCAL-V1-002525,41,0.024390243902439025,False,False,False
tfidf,DEV-LOCAL-V1-002527,DEV-LOCAL-V1-002525,1,1.0,True,True,True
tfidf,DEV-LOCAL-V1-002528,DEV-LOCAL-V1-002525,41,0.024390243902439025,False,False,False
tfidf,DEV-LOCAL-V1-002529,DEV-LOCAL-V1-002525,9,0.1111111111111111,False,False,True
tfidf,DEV-LOCAL-V1-002530,DEV-LOCAL-V1-002525,1,1.0,True,True,True
tfidf,DEV-LOCAL-V1-002202,DEV-LOCAL-V1-002201,1,1.0,True,True,True
tfidf,DEV-LOCAL-V1-002203,DEV-LOCAL-V1-002201,1,1.0,True,True,True
tfidf,DEV-LOCAL-V1-002204,DEV-LOCAL-V1-002201,5,0.2,False,True,True
tfidf,DEV-LOCAL-V1-002205,DEV-LOCAL-V1-002201,3,0.3333333333333333,False,True,True
tfidf,DEV-LOCAL-V1-002206,DEV-LOCAL-V1-002201,41,0.024390243902439025,False,False,False
tfidf,DEV-LOCAL-V1-001878,DEV-LOCAL-V1-001877,41,0.024390243902439025,False,False,False
tfidf,DEV-LOCAL-V1-001879,DEV-LOCAL-V1-001877,1,1.0,True,True,True
tfidf,DEV-LOCAL-V1-001880,DEV-LOCAL-V1-001877,22,0.045454545454545456,False,False,False
tfidf,DEV-LOCAL-V1-001881,DEV-LOCAL-V1-001877,3,0.3333333333333333,False,True,True
tfidf,DEV-LOCAL-V1-001882,DEV-LOCAL-V1-001877,41,0.024390243902439025,False,False,False
tfidf,DEV-LOCAL-V1-002622,DEV-LOCAL-V1-002621,1,1.0,True,True,True
tfidf,DEV-LOCAL-V1-002623,DEV-LOCAL-V1-002621,2,0.5,False,True,True
tfidf,DEV-LOCAL-V1-002624,DEV-LOCAL-V1-002621,5,0.2,False,True,True
tfidf,DEV-LOCAL-V1-002625,DEV-LOCAL-V1-002621,4,0.25,False,True,True
tfidf,DEV-LOCAL-V1-002626,DEV-LOCAL-V1-002621,29,0.034482758620689655,False,False,False
tfidf,DEV-LOCAL-V1-002610,DEV-LOCAL-V1-002609,6,0.16666666666666666,False,False,True
tfidf,DEV-LOCAL-V1-002611,DEV-LOCAL-V1-002609,1,1.0,True,True,True
tfidf,DEV-LOCAL-V1-002612,DEV-LOCAL-V1-002609,2,0.5,False,True,True
tfidf,DEV-LOCAL-V1-002613,DEV-LOCAL-V1-002609,1,1.0,True,True,True
tfidf,DEV-LOCAL-V1-002614,DEV-LOCAL-V1-002609,40,0.025,False,False,False
tfidf,DEV-LOCAL-V1-001938,DEV-LOCAL-V1-001937,1,1.0,True,True,True
tfidf,DEV-LOCAL-V1-001939,DEV-LOCAL-V1-001937,1,1.0,True,True,True
tfidf,DEV-LOCAL-V1-001940,DEV-LOCAL-V1-001937,2,0.5,False,True,True
tfidf,DEV-LOCAL-V1-001941,DEV-LOCAL-V1-001937,2,0.5,False,True,True
tfidf,DEV-LOCAL-V1-001942,DEV-LOCAL-V1-001937,8,0.125,False,False,True
tfidf,DEV-LOCAL-V1-002502,DEV-LOCAL-V1-002501,1,1.0,True,True,True
tfidf,DEV-LOCAL-V1-002503,DEV-LOCAL-V1-002501,1,1.0,True,True,True
tfidf,DEV-LOCAL-V1-002504,DEV-LOCAL-V1-002501,8,0.125,False,False,True
tfidf,DEV-LOCAL-V1-002505,DEV-LOCAL-V1-002501,3,0.3333333333333333,False,True,True
tfidf,DEV-LOCAL-V1-002506,DEV-LOCAL-V1-002501,41,0.024390243902439025,False,False,False
tfidf,DEV-LOCAL-V1-001962,DEV-LOCAL-V1-001961,1,1.0,True,True,True
tfidf,DEV-LOCAL-V1-001963,DEV-LOCAL-V1-001961,1,1.0,True,True,True
tfidf,DEV-LOCAL-V1-001964,DEV-LOCAL-V1-001961,4,0.25,False,True,True
tfidf,DEV-LOCAL-V1-001965,DEV-LOCAL-V1-001961,2,0.5,False,True,True
tfidf,DEV-LOCAL-V1-001966,DEV-LOCAL-V1-001961,41,0.024390243902439025,False,False,False
tfidf,DEV-LOCAL-V1-001614,DEV-LOCAL-V1-001613,4,0.25,False,True,True
tfidf,DEV-LOCAL-V1-001615,DEV-LOCAL-V1-001613,2,0.5,False,True,True
tfidf,DEV-LOCAL-V1-001616,DEV-LOCAL-V1-001613,1,1.0,True,True,True
tfidf,DEV-LOCAL-V1-001617,DEV-LOCAL-V1-001613,4,0.25,False,True,True
tfidf,DEV-LOCAL-V1-001618,DEV-LOCAL-V1-001613,38,0.02631578947368421,False,False,False
tfidf,DEV-LOCAL-V1-002070,DEV-LOCAL-V1-002069,21,0.047619047619047616,False,False,False
tfidf,DEV-LOCAL-V1-002071,DEV-LOCAL-V1-002069,1,1.0,True,True,True
tfidf,DEV-LOCAL-V1-002072,DEV-LOCAL-V1-002069,4,0.25,False,True,True
tfidf,DEV-LOCAL-V1-002073,DEV-LOCAL-V1-002069,1,1.0,True,True,True
tfidf,DEV-LOCAL-V1-002074,DEV-LOCAL-V1-002069,41,0.024390243902439025,False,False,False
tfidf,DEV-LOCAL-V1-001818,DEV-LOCAL-V1-001817,2,0.5,False,True,True
tfidf,DEV-LOCAL-V1-001819,DEV-LOCAL-V1-001817,1,1.0,True,True,True
tfidf,DEV-LOCAL-V1-001820,DEV-LOCAL-V1-001817,2,0.5,False,True,True
tfidf,DEV-LOCAL-V1-001821,DEV-LOCAL-V1-001817,1,1.0,True,True,True
tfidf,DEV-LOCAL-V1-001822,DEV-LOCAL-V1-001817,41,0.024390243902439025,False,False,False
tfidf,DEV-LOCAL-V1-002238,DEV-LOCAL-V1-002237,41,0.024390243902439025,False,False,False
tfidf,DEV-LOCAL-V1-002239,DEV-LOCAL-V1-002237,1,1.0,True,True,True
tfidf,DEV-LOCAL-V1-002240,DEV-LOCAL-V1-002237,31,0.03225806451612903,False,False,False
tfidf,DEV-LOCAL-V1-002241,DEV-LOCAL-V1-002237,4,0.25,False,True,True
tfidf,DEV-LOCAL-V1-002242,DEV-LOCAL-V1-002237,41,0.024390243902439025,False,False,False
tfidf,DEV-LOCAL-V1-002250,DEV-LOCAL-V1-002249,6,0.16666666666666666,False,False,True
tfidf,DEV-LOCAL-V1-002251,DEV-LOCAL-V1-002249,1,1.0,True,True,True
tfidf,DEV-LOCAL-V1-002252,DEV-LOCAL-V1-002249,2,0.5,False,True,True
tfidf,DEV-LOCAL-V1-002253,DEV-LOCAL-V1-002249,1,1.0,True,True,True
tfidf,DEV-LOCAL-V1-002254,DEV-LOCAL-V1-002249,39,0.02564102564102564,False,False,False
tfidf,DEV-LOCAL-V1-002034,DEV-LOCAL-V1-002033,6,0.16666666666666666,False,False,True
tfidf,DEV-LOCAL-V1-002035,DEV-LOCAL-V1-002033,1,1.0,True,True,True
tfidf,DEV-LOCAL-V1-002036,DEV-LOCAL-V1-002033,1,1.0,True,True,True
tfidf,DEV-LOCAL-V1-002037,DEV-LOCAL-V1-002033,2,0.5,False,True,True
tfidf,DEV-LOCAL-V1-002038,DEV-LOCAL-V1-002033,41,0.024390243902439025,False,False,False
tfidf,DEV-LOCAL-V1-001890,DEV-LOCAL-V1-001889,7,0.14285714285714285,False,False,True
tfidf,DEV-LOCAL-V1-001891,DEV-LOCAL-V1-001889,1,1.0,True,True,True
tfidf,DEV-LOCAL-V1-001892,DEV-LOCAL-V1-001889,2,0.5,False,True,True
tfidf,DEV-LOCAL-V1-001893,DEV-LOCAL-V1-001889,1,1.0,True,True,True
tfidf,DEV-LOCAL-V1-001894,DEV-LOCAL-V1-001889,41,0.024390243902439025,False,False,False
tfidf,DEV-LOCAL-V1-002550,DEV-LOCAL-V1-002549,4,0.25,False,True,True
tfidf,DEV-LOCAL-V1-002551,DEV-LOCAL-V1-002549,1,1.0,True,True,True
tfidf,DEV-LOCAL-V1-002552,DEV-LOCAL-V1-002549,5,0.2,False,True,True
tfidf,DEV-LOCAL-V1-002553,DEV-LOCAL-V1-002549,1,1.0,True,True,True
tfidf,DEV-LOCAL-V1-002554,DEV-LOCAL-V1-002549,24,0.041666666666666664,False,False,False
tfidf,DEV-LOCAL-V1-002418,DEV-LOCAL-V1-002417,3,0.3333333333333333,False,True,True
tfidf,DEV-LOCAL-V1-002419,DEV-LOCAL-V1-002417,1,1.0,True,True,True
tfidf,DEV-LOCAL-V1-002420,DEV-LOCAL-V1-002417,1,1.0,True,True,True
tfidf,DEV-LOCAL-V1-002421,DEV-LOCAL-V1-002417,2,0.5,False,True,True
tfidf,DEV-LOCAL-V1-002422,DEV-LOCAL-V1-002417,26,0.038461538461538464,False,False,False
tfidf,DEV-LOCAL-V1-002586,DEV-LOCAL-V1-002585,6,0.16666666666666666,False,False,True
tfidf,DEV-LOCAL-V1-002587,DEV-LOCAL-V1-002585,2,0.5,False,True,True
tfidf,DEV-LOCAL-V1-002588,DEV-LOCAL-V1-002585,6,0.16666666666666666,False,False,True
tfidf,DEV-LOCAL-V1-002589,DEV-LOCAL-V1-002585,4,0.25,False,True,True
tfidf,DEV-LOCAL-V1-002590,DEV-LOCAL-V1-002585,1,1.0,True,True,True
tfidf,DEV-LOCAL-V1-002790,DEV-LOCAL-V1-002789,26,0.038461538461538464,False,False,False
tfidf,DEV-LOCAL-V1-002791,DEV-LOCAL-V1-002789,1,1.0,True,True,True
tfidf,DEV-LOCAL-V1-002792,DEV-LOCAL-V1-002789,5,0.2,False,True,True
tfidf,DEV-LOCAL-V1-002793,DEV-LOCAL-V1-002789,1,1.0,True,True,True
tfidf,DEV-LOCAL-V1-002794,DEV-LOCAL-V1-002789,41,0.024390243902439025,False,False,False
tfidf,DEV-LOCAL-V1-002670,DEV-LOCAL-V1-002669,41,0.024390243902439025,False,False,False
tfidf,DEV-LOCAL-V1-002671,DEV-LOCAL-V1-002669,1,1.0,True,True,True
tfidf,DEV-LOCAL-V1-002672,DEV-LOCAL-V1-002669,34,0.029411764705882353,False,False,False
tfidf,DEV-LOCAL-V1-002673,DEV-LOCAL-V1-002669,1,1.0,True,True,True
tfidf,DEV-LOCAL-V1-002674,DEV-LOCAL-V1-002669,41,0.024390243902439025,False,False,False
tfidf,DEV-LOCAL-V1-002598,DEV-LOCAL-V1-002597,40,0.025,False,False,False
tfidf,DEV-LOCAL-V1-002599,DEV-LOCAL-V1-002597,1,1.0,True,True,True
tfidf,DEV-LOCAL-V1-002600,DEV-LOCAL-V1-002597,23,0.043478260869565216,False,False,False
tfidf,DEV-LOCAL-V1-002601,DEV-LOCAL-V1-002597,2,0.5,False,True,True
tfidf,DEV-LOCAL-V1-002602,DEV-LOCAL-V1-002597,41,0.024390243902439025,False,False,False
tfidf,DEV-LOCAL-V1-002634,DEV-LOCAL-V1-002633,6,0.16666666666666666,False,False,True
tfidf,DEV-LOCAL-V1-002635,DEV-LOCAL-V1-002633,1,1.0,True,True,True
tfidf,DEV-LOCAL-V1-002636,DEV-LOCAL-V1-002633,1,1.0,True,True,True
tfidf,DEV-LOCAL-V1-002637,DEV-LOCAL-V1-002633,3,0.3333333333333333,False,True,True
tfidf,DEV-LOCAL-V1-002638,DEV-LOCAL-V1-002633,40,0.025,False,False,False
tfidf,DEV-LOCAL-V1-001854,DEV-LOCAL-V1-001853,26,0.038461538461538464,False,False,False
tfidf,DEV-LOCAL-V1-001855,DEV-LOCAL-V1-001853,1,1.0,True,True,True
tfidf,DEV-LOCAL-V1-001856,DEV-LOCAL-V1-001853,1,1.0,True,True,True
tfidf,DEV-LOCAL-V1-001857,DEV-LOCAL-V1-001853,3,0.3333333333333333,False,True,True
tfidf,DEV-LOCAL-V1-001858,DEV-LOCAL-V1-001853,41,0.024390243902439025,False,False,False
tfidf,DEV-LOCAL-V1-002454,DEV-LOCAL-V1-002453,41,0.024390243902439025,False,False,False
tfidf,DEV-LOCAL-V1-002455,DEV-LOCAL-V1-002453,1,1.0,True,True,True
tfidf,DEV-LOCAL-V1-002456,DEV-LOCAL-V1-002453,1,1.0,True,True,True
tfidf,DEV-LOCAL-V1-002457,DEV-LOCAL-V1-002453,4,0.25,False,True,True
tfidf,DEV-LOCAL-V1-002458,DEV-LOCAL-V1-002453,41,0.024390243902439025,False,False,False
tfidf,DEV-LOCAL-V1-001806,DEV-LOCAL-V1-001805,41,0.024390243902439025,False,False,False
tfidf,DEV-LOCAL-V1-001807,DEV-LOCAL-V1-001805,1,1.0,True,True,True
tfidf,DEV-LOCAL-V1-001808,DEV-LOCAL-V1-001805,41,0.024390243902439025,False,False,False
tfidf,DEV-LOCAL-V1-001809,DEV-LOCAL-V1-001805,7,0.14285714285714285,False,False,True
tfidf,DEV-LOCAL-V1-001810,DEV-LOCAL-V1-001805,1,1.0,True,True,True
tfidf,DEV-LOCAL-V1-002706,DEV-LOCAL-V1-002705,5,0.2,False,True,True
tfidf,DEV-LOCAL-V1-002707,DEV-LOCAL-V1-002705,2,0.5,False,True,True
tfidf,DEV-LOCAL-V1-002708,DEV-LOCAL-V1-002705,6,0.16666666666666666,False,False,True
tfidf,DEV-LOCAL-V1-002709,DEV-LOCAL-V1-002705,4,0.25,False,True,True
tfidf,DEV-LOCAL-V1-002710,DEV-LOCAL-V1-002705,1,1.0,True,True,True
tfidf,DEV-LOCAL-V1-002430,DEV-LOCAL-V1-002429,21,0.047619047619047616,False,False,False
tfidf,DEV-LOCAL-V1-002431,DEV-LOCAL-V1-002429,1,1.0,True,True,True
tfidf,DEV-LOCAL-V1-002432,DEV-LOCAL-V1-002429,5,0.2,False,True,True
tfidf,DEV-LOCAL-V1-002433,DEV-LOCAL-V1-002429,1,1.0,True,True,True
tfidf,DEV-LOCAL-V1-002434,DEV-LOCAL-V1-002429,41,0.024390243902439025,False,False,False
tfidf,DEV-LOCAL-V1-001734,DEV-LOCAL-V1-001733,41,0.024390243902439025,False,False,False
tfidf,DEV-LOCAL-V1-001735,DEV-LOCAL-V1-001733,1,1.0,True,True,True
tfidf,DEV-LOCAL-V1-001736,DEV-LOCAL-V1-001733,1,1.0,True,True,True
tfidf,DEV-LOCAL-V1-001737,DEV-LOCAL-V1-001733,4,0.25,False,True,True
tfidf,DEV-LOCAL-V1-001738,DEV-LOCAL-V1-001733,41,0.024390243902439025,False,False,False
granite97m,DEV-LOCAL-V1-002322,DEV-LOCAL-V1-002321,1,1.0,True,True,True
granite97m,DEV-LOCAL-V1-002323,DEV-LOCAL-V1-002321,6,0.16666666666666666,False,False,True
granite97m,DEV-LOCAL-V1-002324,DEV-LOCAL-V1-002321,6,0.16666666666666666,False,False,True
granite97m,DEV-LOCAL-V1-002325,DEV-LOCAL-V1-002321,3,0.3333333333333333,False,True,True
granite97m,DEV-LOCAL-V1-002326,DEV-LOCAL-V1-002321,9,0.1111111111111111,False,False,True
granite97m,DEV-LOCAL-V1-002658,DEV-LOCAL-V1-002657,3,0.3333333333333333,False,True,True
granite97m,DEV-LOCAL-V1-002659,DEV-LOCAL-V1-002657,1,1.0,True,True,True
granite97m,DEV-LOCAL-V1-002660,DEV-LOCAL-V1-002657,2,0.5,False,True,True
granite97m,DEV-LOCAL-V1-002661,DEV-LOCAL-V1-002657,2,0.5,False,True,True
granite97m,DEV-LOCAL-V1-002662,DEV-LOCAL-V1-002657,37,0.02702702702702703,False,False,False
granite97m,DEV-LOCAL-V1-001710,DEV-LOCAL-V1-001709,23,0.043478260869565216,False,False,False
granite97m,DEV-LOCAL-V1-001711,DEV-LOCAL-V1-001709,4,0.25,False,True,True
granite97m,DEV-LOCAL-V1-001712,DEV-LOCAL-V1-001709,7,0.14285714285714285,False,False,True
granite97m,DEV-LOCAL-V1-001713,DEV-LOCAL-V1-001709,2,0.5,False,True,True
granite97m,DEV-LOCAL-V1-001714,DEV-LOCAL-V1-001709,40,0.025,False,False,False
granite97m,DEV-LOCAL-V1-001758,DEV-LOCAL-V1-001757,13,0.07692307692307693,False,False,True
granite97m,DEV-LOCAL-V1-001759,DEV-LOCAL-V1-001757,2,0.5,False,True,True
granite97m,DEV-LOCAL-V1-001760,DEV-LOCAL-V1-001757,8,0.125,False,False,True
granite97m,DEV-LOCAL-V1-001761,DEV-LOCAL-V1-001757,7,0.14285714285714285,False,False,True
granite97m,DEV-LOCAL-V1-001762,DEV-LOCAL-V1-001757,24,0.041666666666666664,False,False,False
granite97m,DEV-LOCAL-V1-002370,DEV-LOCAL-V1-002369,2,0.5,False,True,True
granite97m,DEV-LOCAL-V1-002371,DEV-LOCAL-V1-002369,3,0.3333333333333333,False,True,True
granite97m,DEV-LOCAL-V1-002372,DEV-LOCAL-V1-002369,2,0.5,False,True,True
granite97m,DEV-LOCAL-V1-002373,DEV-LOCAL-V1-002369,1,1.0,True,True,True
granite97m,DEV-LOCAL-V1-002374,DEV-LOCAL-V1-002369,22,0.045454545454545456,False,False,False
granite97m,DEV-LOCAL-V1-002382,DEV-LOCAL-V1-002381,2,0.5,False,True,True
granite97m,DEV-LOCAL-V1-002383,DEV-LOCAL-V1-002381,2,0.5,False,True,True
granite97m,DEV-LOCAL-V1-002384,DEV-LOCAL-V1-002381,5,0.2,False,True,True
granite97m,DEV-LOCAL-V1-002385,DEV-LOCAL-V1-002381,2,0.5,False,True,True
granite97m,DEV-LOCAL-V1-002386,DEV-LOCAL-V1-002381,19,0.05263157894736842,False,False,True
granite97m,DEV-LOCAL-V1-001842,DEV-LOCAL-V1-001841,1,1.0,True,True,True
granite97m,DEV-LOCAL-V1-001843,DEV-LOCAL-V1-001841,4,0.25,False,True,True
granite97m,DEV-LOCAL-V1-001844,DEV-LOCAL-V1-001841,2,0.5,False,True,True
granite97m,DEV-LOCAL-V1-001845,DEV-LOCAL-V1-001841,8,0.125,False,False,True
granite97m,DEV-LOCAL-V1-001846,DEV-LOCAL-V1-001841,12,0.08333333333333333,False,False,True
granite97m,DEV-LOCAL-V1-001746,DEV-LOCAL-V1-001745,6,0.16666666666666666,False,False,True
granite97m,DEV-LOCAL-V1-001747,DEV-LOCAL-V1-001745,12,0.08333333333333333,False,False,True
granite97m,DEV-LOCAL-V1-001748,DEV-LOCAL-V1-001745,9,0.1111111111111111,False,False,True
granite97m,DEV-LOCAL-V1-001749,DEV-LOCAL-V1-001745,8,0.125,False,False,True
granite97m,DEV-LOCAL-V1-001750,DEV-LOCAL-V1-001745,1,1.0,True,True,True
granite97m,DEV-LOCAL-V1-002166,DEV-LOCAL-V1-002165,17,0.058823529411764705,False,False,True
granite97m,DEV-LOCAL-V1-002167,DEV-LOCAL-V1-002165,16,0.0625,False,False,True
granite97m,DEV-LOCAL-V1-002168,DEV-LOCAL-V1-002165,50,0.02,False,False,False
granite97m,DEV-LOCAL-V1-002169,DEV-LOCAL-V1-002165,14,0.07142857142857142,False,False,True
granite97m,DEV-LOCAL-V1-002170,DEV-LOCAL-V1-002165,3,0.3333333333333333,False,True,True
granite97m,DEV-LOCAL-V1-002298,DEV-LOCAL-V1-002297,2,0.5,False,True,True
granite97m,DEV-LOCAL-V1-002299,DEV-LOCAL-V1-002297,1,1.0,True,True,True
granite97m,DEV-LOCAL-V1-002300,DEV-LOCAL-V1-002297,1,1.0,True,True,True
granite97m,DEV-LOCAL-V1-002301,DEV-LOCAL-V1-002297,1,1.0,True,True,True
granite97m,DEV-LOCAL-V1-002302,DEV-LOCAL-V1-002297,28,0.03571428571428571,False,False,False
granite97m,DEV-LOCAL-V1-002766,DEV-LOCAL-V1-002765,8,0.125,False,False,True
granite97m,DEV-LOCAL-V1-002767,DEV-LOCAL-V1-002765,14,0.07142857142857142,False,False,True
granite97m,DEV-LOCAL-V1-002768,DEV-LOCAL-V1-002765,13,0.07692307692307693,False,False,True
granite97m,DEV-LOCAL-V1-002769,DEV-LOCAL-V1-002765,8,0.125,False,False,True
granite97m,DEV-LOCAL-V1-002770,DEV-LOCAL-V1-002765,1,1.0,True,True,True
granite97m,DEV-LOCAL-V1-001974,DEV-LOCAL-V1-001973,5,0.2,False,True,True
granite97m,DEV-LOCAL-V1-001975,DEV-LOCAL-V1-001973,2,0.5,False,True,True
granite97m,DEV-LOCAL-V1-001976,DEV-LOCAL-V1-001973,1,1.0,True,True,True
granite97m,DEV-LOCAL-V1-001977,DEV-LOCAL-V1-001973,2,0.5,False,True,True
granite97m,DEV-LOCAL-V1-001978,DEV-LOCAL-V1-001973,10,0.1,False,False,True
granite97m,DEV-LOCAL-V1-002754,DEV-LOCAL-V1-002753,9,0.1111111111111111,False,False,True
granite97m,DEV-LOCAL-V1-002755,DEV-LOCAL-V1-002753,2,0.5,False,True,True
granite97m,DEV-LOCAL-V1-002756,DEV-LOCAL-V1-002753,1,1.0,True,True,True
granite97m,DEV-LOCAL-V1-002757,DEV-LOCAL-V1-002753,3,0.3333333333333333,False,True,True
granite97m,DEV-LOCAL-V1-002758,DEV-LOCAL-V1-002753,12,0.08333333333333333,False,False,True
granite97m,DEV-LOCAL-V1-002562,DEV-LOCAL-V1-002561,1,1.0,True,True,True
granite97m,DEV-LOCAL-V1-002563,DEV-LOCAL-V1-002561,3,0.3333333333333333,False,True,True
granite97m,DEV-LOCAL-V1-002564,DEV-LOCAL-V1-002561,3,0.3333333333333333,False,True,True
granite97m,DEV-LOCAL-V1-002565,DEV-LOCAL-V1-002561,3,0.3333333333333333,False,True,True
granite97m,DEV-LOCAL-V1-002566,DEV-LOCAL-V1-002561,8,0.125,False,False,True
granite97m,DEV-LOCAL-V1-001926,DEV-LOCAL-V1-001925,12,0.08333333333333333,False,False,True
granite97m,DEV-LOCAL-V1-001927,DEV-LOCAL-V1-001925,5,0.2,False,True,True
granite97m,DEV-LOCAL-V1-001928,DEV-LOCAL-V1-001925,5,0.2,False,True,True
granite97m,DEV-LOCAL-V1-001929,DEV-LOCAL-V1-001925,4,0.25,False,True,True
granite97m,DEV-LOCAL-V1-001930,DEV-LOCAL-V1-001925,1,1.0,True,True,True
granite97m,DEV-LOCAL-V1-002226,DEV-LOCAL-V1-002225,14,0.07142857142857142,False,False,True
granite97m,DEV-LOCAL-V1-002227,DEV-LOCAL-V1-002225,12,0.08333333333333333,False,False,True
granite97m,DEV-LOCAL-V1-002228,DEV-LOCAL-V1-002225,7,0.14285714285714285,False,False,True
granite97m,DEV-LOCAL-V1-002229,DEV-LOCAL-V1-002225,11,0.09090909090909091,False,False,True
granite97m,DEV-LOCAL-V1-002230,DEV-LOCAL-V1-002225,1,1.0,True,True,True
granite97m,DEV-LOCAL-V1-001782,DEV-LOCAL-V1-001781,1,1.0,True,True,True
granite97m,DEV-LOCAL-V1-001783,DEV-LOCAL-V1-001781,1,1.0,True,True,True
granite97m,DEV-LOCAL-V1-001784,DEV-LOCAL-V1-001781,1,1.0,True,True,True
granite97m,DEV-LOCAL-V1-001785,DEV-LOCAL-V1-001781,1,1.0,True,True,True
granite97m,DEV-LOCAL-V1-001786,DEV-LOCAL-V1-001781,21,0.047619047619047616,False,False,False
granite97m,DEV-LOCAL-V1-002730,DEV-LOCAL-V1-002729,4,0.25,False,True,True
granite97m,DEV-LOCAL-V1-002731,DEV-LOCAL-V1-002729,7,0.14285714285714285,False,False,True
granite97m,DEV-LOCAL-V1-002732,DEV-LOCAL-V1-002729,7,0.14285714285714285,False,False,True
granite97m,DEV-LOCAL-V1-002733,DEV-LOCAL-V1-002729,1,1.0,True,True,True
granite97m,DEV-LOCAL-V1-002734,DEV-LOCAL-V1-002729,30,0.03333333333333333,False,False,False
granite97m,DEV-LOCAL-V1-002694,DEV-LOCAL-V1-002693,4,0.25,False,True,True
granite97m,DEV-LOCAL-V1-002695,DEV-LOCAL-V1-002693,1,1.0,True,True,True
granite97m,DEV-LOCAL-V1-002696,DEV-LOCAL-V1-002693,1,1.0,True,True,True
granite97m,DEV-LOCAL-V1-002697,DEV-LOCAL-V1-002693,2,0.5,False,True,True
granite97m,DEV-LOCAL-V1-002698,DEV-LOCAL-V1-002693,10,0.1,False,False,True
granite97m,DEV-LOCAL-V1-002394,DEV-LOCAL-V1-002393,6,0.16666666666666666,False,False,True
granite97m,DEV-LOCAL-V1-002395,DEV-LOCAL-V1-002393,2,0.5,False,True,True
granite97m,DEV-LOCAL-V1-002396,DEV-LOCAL-V1-002393,1,1.0,True,True,True
granite97m,DEV-LOCAL-V1-002397,DEV-LOCAL-V1-002393,3,0.3333333333333333,False,True,True
granite97m,DEV-LOCAL-V1-002398,DEV-LOCAL-V1-002393,9,0.1111111111111111,False,False,True
granite97m,DEV-LOCAL-V1-002718,DEV-LOCAL-V1-002717,50,0.02,False,False,False
granite97m,DEV-LOCAL-V1-002719,DEV-LOCAL-V1-002717,14,0.07142857142857142,False,False,True
granite97m,DEV-LOCAL-V1-002720,DEV-LOCAL-V1-002717,14,0.07142857142857142,False,False,True
granite97m,DEV-LOCAL-V1-002721,DEV-LOCAL-V1-002717,21,0.047619047619047616,False,False,False
granite97m,DEV-LOCAL-V1-002722,DEV-LOCAL-V1-002717,56,0.017857142857142856,False,False,False
granite97m,DEV-LOCAL-V1-002130,DEV-LOCAL-V1-002129,5,0.2,False,True,True
granite97m,DEV-LOCAL-V1-002131,DEV-LOCAL-V1-002129,1,1.0,True,True,True
granite97m,DEV-LOCAL-V1-002132,DEV-LOCAL-V1-002129,4,0.25,False,True,True
granite97m,DEV-LOCAL-V1-002133,DEV-LOCAL-V1-002129,1,1.0,True,True,True
granite97m,DEV-LOCAL-V1-002134,DEV-LOCAL-V1-002129,17,0.058823529411764705,False,False,True
granite97m,DEV-LOCAL-V1-002466,DEV-LOCAL-V1-002465,6,0.16666666666666666,False,False,True
granite97m,DEV-LOCAL-V1-002467,DEV-LOCAL-V1-002465,12,0.08333333333333333,False,False,True
granite97m,DEV-LOCAL-V1-002468,DEV-LOCAL-V1-002465,9,0.1111111111111111,False,False,True
granite97m,DEV-LOCAL-V1-002469,DEV-LOCAL-V1-002465,8,0.125,False,False,True
granite97m,DEV-LOCAL-V1-002470,DEV-LOCAL-V1-002465,1,1.0,True,True,True
granite97m,DEV-LOCAL-V1-001674,DEV-LOCAL-V1-001673,10,0.1,False,False,True
granite97m,DEV-LOCAL-V1-001675,DEV-LOCAL-V1-001673,4,0.25,False,True,True
granite97m,DEV-LOCAL-V1-001676,DEV-LOCAL-V1-001673,1,1.0,True,True,True
granite97m,DEV-LOCAL-V1-001677,DEV-LOCAL-V1-001673,7,0.14285714285714285,False,False,True
granite97m,DEV-LOCAL-V1-001678,DEV-LOCAL-V1-001673,18,0.05555555555555555,False,False,True
granite97m,DEV-LOCAL-V1-002490,DEV-LOCAL-V1-002489,4,0.25,False,True,True
granite97m,DEV-LOCAL-V1-002491,DEV-LOCAL-V1-002489,1,1.0,True,True,True
granite97m,DEV-LOCAL-V1-002492,DEV-LOCAL-V1-002489,5,0.2,False,True,True
granite97m,DEV-LOCAL-V1-002493,DEV-LOCAL-V1-002489,1,1.0,True,True,True
granite97m,DEV-LOCAL-V1-002494,DEV-LOCAL-V1-002489,9,0.1111111111111111,False,False,True
granite97m,DEV-LOCAL-V1-001998,DEV-LOCAL-V1-001997,51,0.0196078431372549,False,False,False
granite97m,DEV-LOCAL-V1-001999,DEV-LOCAL-V1-001997,15,0.06666666666666667,False,False,True
granite97m,DEV-LOCAL-V1-002000,DEV-LOCAL-V1-001997,18,0.05555555555555555,False,False,True
granite97m,DEV-LOCAL-V1-002001,DEV-LOCAL-V1-001997,16,0.0625,False,False,True
granite97m,DEV-LOCAL-V1-002002,DEV-LOCAL-V1-001997,59,0.01694915254237288,False,False,False
granite97m,DEV-LOCAL-V1-002358,DEV-LOCAL-V1-002357,27,0.037037037037037035,False,False,False
granite97m,DEV-LOCAL-V1-002359,DEV-LOCAL-V1-002357,8,0.125,False,False,True
granite97m,DEV-LOCAL-V1-002360,DEV-LOCAL-V1-002357,10,0.1,False,False,True
granite97m,DEV-LOCAL-V1-002361,DEV-LOCAL-V1-002357,10,0.1,False,False,True
granite97m,DEV-LOCAL-V1-002362,DEV-LOCAL-V1-002357,53,0.018867924528301886,False,False,False
granite97m,DEV-LOCAL-V1-001794,DEV-LOCAL-V1-001793,4,0.25,False,True,True
granite97m,DEV-LOCAL-V1-001795,DEV-LOCAL-V1-001793,2,0.5,False,True,True
granite97m,DEV-LOCAL-V1-001796,DEV-LOCAL-V1-001793,1,1.0,True,True,True
granite97m,DEV-LOCAL-V1-001797,DEV-LOCAL-V1-001793,3,0.3333333333333333,False,True,True
granite97m,DEV-LOCAL-V1-001798,DEV-LOCAL-V1-001793,25,0.04,False,False,False
granite97m,DEV-LOCAL-V1-001638,DEV-LOCAL-V1-001637,31,0.03225806451612903,False,False,False
granite97m,DEV-LOCAL-V1-001639,DEV-LOCAL-V1-001637,8,0.125,False,False,True
granite97m,DEV-LOCAL-V1-001640,DEV-LOCAL-V1-001637,9,0.1111111111111111,False,False,True
granite97m,DEV-LOCAL-V1-001641,DEV-LOCAL-V1-001637,16,0.0625,False,False,True
granite97m,DEV-LOCAL-V1-001642,DEV-LOCAL-V1-001637,57,0.017543859649122806,False,False,False
granite97m,DEV-LOCAL-V1-002478,DEV-LOCAL-V1-002477,19,0.05263157894736842,False,False,True
granite97m,DEV-LOCAL-V1-002479,DEV-LOCAL-V1-002477,4,0.25,False,True,True
granite97m,DEV-LOCAL-V1-002480,DEV-LOCAL-V1-002477,12,0.08333333333333333,False,False,True
granite97m,DEV-LOCAL-V1-002481,DEV-LOCAL-V1-002477,10,0.1,False,False,True
granite97m,DEV-LOCAL-V1-002482,DEV-LOCAL-V1-002477,30,0.03333333333333333,False,False,False
granite97m,DEV-LOCAL-V1-002514,DEV-LOCAL-V1-002513,6,0.16666666666666666,False,False,True
granite97m,DEV-LOCAL-V1-002515,DEV-LOCAL-V1-002513,2,0.5,False,True,True
granite97m,DEV-LOCAL-V1-002516,DEV-LOCAL-V1-002513,1,1.0,True,True,True
granite97m,DEV-LOCAL-V1-002517,DEV-LOCAL-V1-002513,3,0.3333333333333333,False,True,True
granite97m,DEV-LOCAL-V1-002518,DEV-LOCAL-V1-002513,29,0.034482758620689655,False,False,False
granite97m,DEV-LOCAL-V1-002082,DEV-LOCAL-V1-002081,1,1.0,True,True,True
granite97m,DEV-LOCAL-V1-002083,DEV-LOCAL-V1-002081,4,0.25,False,True,True
granite97m,DEV-LOCAL-V1-002084,DEV-LOCAL-V1-002081,9,0.1111111111111111,False,False,True
granite97m,DEV-LOCAL-V1-002085,DEV-LOCAL-V1-002081,4,0.25,False,True,True
granite97m,DEV-LOCAL-V1-002086,DEV-LOCAL-V1-002081,35,0.02857142857142857,False,False,False
granite97m,DEV-LOCAL-V1-002094,DEV-LOCAL-V1-002093,10,0.1,False,False,True
granite97m,DEV-LOCAL-V1-002095,DEV-LOCAL-V1-002093,9,0.1111111111111111,False,False,True
granite97m,DEV-LOCAL-V1-002096,DEV-LOCAL-V1-002093,1,1.0,True,True,True
granite97m,DEV-LOCAL-V1-002097,DEV-LOCAL-V1-002093,9,0.1111111111111111,False,False,True
granite97m,DEV-LOCAL-V1-002098,DEV-LOCAL-V1-002093,41,0.024390243902439025,False,False,False
granite97m,DEV-LOCAL-V1-002106,DEV-LOCAL-V1-002105,7,0.14285714285714285,False,False,True
granite97m,DEV-LOCAL-V1-002107,DEV-LOCAL-V1-002105,13,0.07692307692307693,False,False,True
granite97m,DEV-LOCAL-V1-002108,DEV-LOCAL-V1-002105,10,0.1,False,False,True
granite97m,DEV-LOCAL-V1-002109,DEV-LOCAL-V1-002105,6,0.16666666666666666,False,False,True
granite97m,DEV-LOCAL-V1-002110,DEV-LOCAL-V1-002105,1,1.0,True,True,True
granite97m,DEV-LOCAL-V1-002274,DEV-LOCAL-V1-002273,12,0.08333333333333333,False,False,True
granite97m,DEV-LOCAL-V1-002275,DEV-LOCAL-V1-002273,15,0.06666666666666667,False,False,True
granite97m,DEV-LOCAL-V1-002276,DEV-LOCAL-V1-002273,1,1.0,True,True,True
granite97m,DEV-LOCAL-V1-002277,DEV-LOCAL-V1-002273,15,0.06666666666666667,False,False,True
granite97m,DEV-LOCAL-V1-002278,DEV-LOCAL-V1-002273,29,0.034482758620689655,False,False,False
granite97m,DEV-LOCAL-V1-001602,DEV-LOCAL-V1-001601,1,1.0,True,True,True
granite97m,DEV-LOCAL-V1-001603,DEV-LOCAL-V1-001601,7,0.14285714285714285,False,False,True
granite97m,DEV-LOCAL-V1-001604,DEV-LOCAL-V1-001601,7,0.14285714285714285,False,False,True
granite97m,DEV-LOCAL-V1-001605,DEV-LOCAL-V1-001601,6,0.16666666666666666,False,False,True
granite97m,DEV-LOCAL-V1-001606,DEV-LOCAL-V1-001601,5,0.2,False,True,True
granite97m,DEV-LOCAL-V1-002442,DEV-LOCAL-V1-002441,1,1.0,True,True,True
granite97m,DEV-LOCAL-V1-002443,DEV-LOCAL-V1-002441,11,0.09090909090909091,False,False,True
granite97m,DEV-LOCAL-V1-002444,DEV-LOCAL-V1-002441,12,0.08333333333333333,False,False,True
granite97m,DEV-LOCAL-V1-002445,DEV-LOCAL-V1-002441,11,0.09090909090909091,False,False,True
granite97m,DEV-LOCAL-V1-002446,DEV-LOCAL-V1-002441,39,0.02564102564102564,False,False,False
granite97m,DEV-LOCAL-V1-002778,DEV-LOCAL-V1-002777,5,0.2,False,True,True
granite97m,DEV-LOCAL-V1-002779,DEV-LOCAL-V1-002777,2,0.5,False,True,True
granite97m,DEV-LOCAL-V1-002780,DEV-LOCAL-V1-002777,4,0.25,False,True,True
granite97m,DEV-LOCAL-V1-002781,DEV-LOCAL-V1-002777,3,0.3333333333333333,False,True,True
granite97m,DEV-LOCAL-V1-002782,DEV-LOCAL-V1-002777,15,0.06666666666666667,False,False,True
granite97m,DEV-LOCAL-V1-002310,DEV-LOCAL-V1-002309,5,0.2,False,True,True
granite97m,DEV-LOCAL-V1-002311,DEV-LOCAL-V1-002309,5,0.2,False,True,True
granite97m,DEV-LOCAL-V1-002312,DEV-LOCAL-V1-002309,13,0.07692307692307693,False,False,True
granite97m,DEV-LOCAL-V1-002313,DEV-LOCAL-V1-002309,3,0.3333333333333333,False,True,True
granite97m,DEV-LOCAL-V1-002314,DEV-LOCAL-V1-002309,14,0.07142857142857142,False,False,True
granite97m,DEV-LOCAL-V1-002022,DEV-LOCAL-V1-002021,2,0.5,False,True,True
granite97m,DEV-LOCAL-V1-002023,DEV-LOCAL-V1-002021,3,0.3333333333333333,False,True,True
granite97m,DEV-LOCAL-V1-002024,DEV-LOCAL-V1-002021,8,0.125,False,False,True
granite97m,DEV-LOCAL-V1-002025,DEV-LOCAL-V1-002021,3,0.3333333333333333,False,True,True
granite97m,DEV-LOCAL-V1-002026,DEV-LOCAL-V1-002021,17,0.058823529411764705,False,False,True
granite97m,DEV-LOCAL-V1-001986,DEV-LOCAL-V1-001985,2,0.5,False,True,True
granite97m,DEV-LOCAL-V1-001987,DEV-LOCAL-V1-001985,2,0.5,False,True,True
granite97m,DEV-LOCAL-V1-001988,DEV-LOCAL-V1-001985,2,0.5,False,True,True
granite97m,DEV-LOCAL-V1-001989,DEV-LOCAL-V1-001985,1,1.0,True,True,True
granite97m,DEV-LOCAL-V1-001990,DEV-LOCAL-V1-001985,1,1.0,True,True,True
granite97m,DEV-LOCAL-V1-002154,DEV-LOCAL-V1-002153,5,0.2,False,True,True
granite97m,DEV-LOCAL-V1-002155,DEV-LOCAL-V1-002153,1,1.0,True,True,True
granite97m,DEV-LOCAL-V1-002156,DEV-LOCAL-V1-002153,1,1.0,True,True,True
granite97m,DEV-LOCAL-V1-002157,DEV-LOCAL-V1-002153,3,0.3333333333333333,False,True,True
granite97m,DEV-LOCAL-V1-002158,DEV-LOCAL-V1-002153,35,0.02857142857142857,False,False,False
granite97m,DEV-LOCAL-V1-002262,DEV-LOCAL-V1-002261,1,1.0,True,True,True
granite97m,DEV-LOCAL-V1-002263,DEV-LOCAL-V1-002261,3,0.3333333333333333,False,True,True
granite97m,DEV-LOCAL-V1-002264,DEV-LOCAL-V1-002261,6,0.16666666666666666,False,False,True
granite97m,DEV-LOCAL-V1-002265,DEV-LOCAL-V1-002261,4,0.25,False,True,True
granite97m,DEV-LOCAL-V1-002266,DEV-LOCAL-V1-002261,9,0.1111111111111111,False,False,True
granite97m,DEV-LOCAL-V1-002574,DEV-LOCAL-V1-002573,30,0.03333333333333333,False,False,False
granite97m,DEV-LOCAL-V1-002575,DEV-LOCAL-V1-002573,7,0.14285714285714285,False,False,True
granite97m,DEV-LOCAL-V1-002576,DEV-LOCAL-V1-002573,3,0.3333333333333333,False,True,True
granite97m,DEV-LOCAL-V1-002577,DEV-LOCAL-V1-002573,10,0.1,False,False,True
granite97m,DEV-LOCAL-V1-002578,DEV-LOCAL-V1-002573,47,0.02127659574468085,False,False,False
granite97m,DEV-LOCAL-V1-002058,DEV-LOCAL-V1-002057,10,0.1,False,False,True
granite97m,DEV-LOCAL-V1-002059,DEV-LOCAL-V1-002057,3,0.3333333333333333,False,True,True
granite97m,DEV-LOCAL-V1-002060,DEV-LOCAL-V1-002057,8,0.125,False,False,True
granite97m,DEV-LOCAL-V1-002061,DEV-LOCAL-V1-002057,8,0.125,False,False,True
granite97m,DEV-LOCAL-V1-002062,DEV-LOCAL-V1-002057,37,0.02702702702702703,False,False,False
granite97m,DEV-LOCAL-V1-002682,DEV-LOCAL-V1-002681,1,1.0,True,True,True
granite97m,DEV-LOCAL-V1-002683,DEV-LOCAL-V1-002681,3,0.3333333333333333,False,True,True
granite97m,DEV-LOCAL-V1-002684,DEV-LOCAL-V1-002681,3,0.3333333333333333,False,True,True
granite97m,DEV-LOCAL-V1-002685,DEV-LOCAL-V1-002681,3,0.3333333333333333,False,True,True
granite97m,DEV-LOCAL-V1-002686,DEV-LOCAL-V1-002681,4,0.25,False,True,True
granite97m,DEV-LOCAL-V1-002406,DEV-LOCAL-V1-002405,9,0.1111111111111111,False,False,True
granite97m,DEV-LOCAL-V1-002407,DEV-LOCAL-V1-002405,14,0.07142857142857142,False,False,True
granite97m,DEV-LOCAL-V1-002408,DEV-LOCAL-V1-002405,11,0.09090909090909091,False,False,True
granite97m,DEV-LOCAL-V1-002409,DEV-LOCAL-V1-002405,8,0.125,False,False,True
granite97m,DEV-LOCAL-V1-002410,DEV-LOCAL-V1-002405,1,1.0,True,True,True
granite97m,DEV-LOCAL-V1-001950,DEV-LOCAL-V1-001949,6,0.16666666666666666,False,False,True
granite97m,DEV-LOCAL-V1-001951,DEV-LOCAL-V1-001949,6,0.16666666666666666,False,False,True
granite97m,DEV-LOCAL-V1-001952,DEV-LOCAL-V1-001949,10,0.1,False,False,True
granite97m,DEV-LOCAL-V1-001953,DEV-LOCAL-V1-001949,3,0.3333333333333333,False,True,True
granite97m,DEV-LOCAL-V1-001954,DEV-LOCAL-V1-001949,6,0.16666666666666666,False,False,True
granite97m,DEV-LOCAL-V1-001626,DEV-LOCAL-V1-001625,2,0.5,False,True,True
granite97m,DEV-LOCAL-V1-001627,DEV-LOCAL-V1-001625,3,0.3333333333333333,False,True,True
granite97m,DEV-LOCAL-V1-001628,DEV-LOCAL-V1-001625,3,0.3333333333333333,False,True,True
granite97m,DEV-LOCAL-V1-001629,DEV-LOCAL-V1-001625,2,0.5,False,True,True
granite97m,DEV-LOCAL-V1-001630,DEV-LOCAL-V1-001625,1,1.0,True,True,True
granite97m,DEV-LOCAL-V1-001686,DEV-LOCAL-V1-001685,9,0.1111111111111111,False,False,True
granite97m,DEV-LOCAL-V1-001687,DEV-LOCAL-V1-001685,12,0.08333333333333333,False,False,True
granite97m,DEV-LOCAL-V1-001688,DEV-LOCAL-V1-001685,8,0.125,False,False,True
granite97m,DEV-LOCAL-V1-001689,DEV-LOCAL-V1-001685,6,0.16666666666666666,False,False,True
granite97m,DEV-LOCAL-V1-001690,DEV-LOCAL-V1-001685,1,1.0,True,True,True
granite97m,DEV-LOCAL-V1-001902,DEV-LOCAL-V1-001901,2,0.5,False,True,True
granite97m,DEV-LOCAL-V1-001903,DEV-LOCAL-V1-001901,7,0.14285714285714285,False,False,True
granite97m,DEV-LOCAL-V1-001904,DEV-LOCAL-V1-001901,8,0.125,False,False,True
granite97m,DEV-LOCAL-V1-001905,DEV-LOCAL-V1-001901,7,0.14285714285714285,False,False,True
granite97m,DEV-LOCAL-V1-001906,DEV-LOCAL-V1-001901,13,0.07692307692307693,False,False,True
granite97m,DEV-LOCAL-V1-001914,DEV-LOCAL-V1-001913,11,0.09090909090909091,False,False,True
granite97m,DEV-LOCAL-V1-001915,DEV-LOCAL-V1-001913,14,0.07142857142857142,False,False,True
granite97m,DEV-LOCAL-V1-001916,DEV-LOCAL-V1-001913,1,1.0,True,True,True
granite97m,DEV-LOCAL-V1-001917,DEV-LOCAL-V1-001913,13,0.07692307692307693,False,False,True
granite97m,DEV-LOCAL-V1-001918,DEV-LOCAL-V1-001913,27,0.037037037037037035,False,False,False
granite97m,DEV-LOCAL-V1-002646,DEV-LOCAL-V1-002645,11,0.09090909090909091,False,False,True
granite97m,DEV-LOCAL-V1-002647,DEV-LOCAL-V1-002645,5,0.2,False,True,True
granite97m,DEV-LOCAL-V1-002648,DEV-LOCAL-V1-002645,5,0.2,False,True,True
granite97m,DEV-LOCAL-V1-002649,DEV-LOCAL-V1-002645,3,0.3333333333333333,False,True,True
granite97m,DEV-LOCAL-V1-002650,DEV-LOCAL-V1-002645,1,1.0,True,True,True
granite97m,DEV-LOCAL-V1-002334,DEV-LOCAL-V1-002333,4,0.25,False,True,True
granite97m,DEV-LOCAL-V1-002335,DEV-LOCAL-V1-002333,1,1.0,True,True,True
granite97m,DEV-LOCAL-V1-002336,DEV-LOCAL-V1-002333,1,1.0,True,True,True
granite97m,DEV-LOCAL-V1-002337,DEV-LOCAL-V1-002333,1,1.0,True,True,True
granite97m,DEV-LOCAL-V1-002338,DEV-LOCAL-V1-002333,9,0.1111111111111111,False,False,True
granite97m,DEV-LOCAL-V1-002046,DEV-LOCAL-V1-002045,7,0.14285714285714285,False,False,True
granite97m,DEV-LOCAL-V1-002047,DEV-LOCAL-V1-002045,12,0.08333333333333333,False,False,True
granite97m,DEV-LOCAL-V1-002048,DEV-LOCAL-V1-002045,11,0.09090909090909091,False,False,True
granite97m,DEV-LOCAL-V1-002049,DEV-LOCAL-V1-002045,7,0.14285714285714285,False,False,True
granite97m,DEV-LOCAL-V1-002050,DEV-LOCAL-V1-002045,1,1.0,True,True,True
granite97m,DEV-LOCAL-V1-002010,DEV-LOCAL-V1-002009,3,0.3333333333333333,False,True,True
granite97m,DEV-LOCAL-V1-002011,DEV-LOCAL-V1-002009,2,0.5,False,True,True
granite97m,DEV-LOCAL-V1-002012,DEV-LOCAL-V1-002009,2,0.5,False,True,True
granite97m,DEV-LOCAL-V1-002013,DEV-LOCAL-V1-002009,2,0.5,False,True,True
granite97m,DEV-LOCAL-V1-002014,DEV-LOCAL-V1-002009,21,0.047619047619047616,False,False,False
granite97m,DEV-LOCAL-V1-001650,DEV-LOCAL-V1-001649,5,0.2,False,True,True
granite97m,DEV-LOCAL-V1-001651,DEV-LOCAL-V1-001649,3,0.3333333333333333,False,True,True
granite97m,DEV-LOCAL-V1-001652,DEV-LOCAL-V1-001649,5,0.2,False,True,True
granite97m,DEV-LOCAL-V1-001653,DEV-LOCAL-V1-001649,1,1.0,True,True,True
granite97m,DEV-LOCAL-V1-001654,DEV-LOCAL-V1-001649,24,0.041666666666666664,False,False,False
granite97m,DEV-LOCAL-V1-002346,DEV-LOCAL-V1-002345,2,0.5,False,True,True
granite97m,DEV-LOCAL-V1-002347,DEV-LOCAL-V1-002345,3,0.3333333333333333,False,True,True
granite97m,DEV-LOCAL-V1-002348,DEV-LOCAL-V1-002345,2,0.5,False,True,True
granite97m,DEV-LOCAL-V1-002349,DEV-LOCAL-V1-002345,3,0.3333333333333333,False,True,True
granite97m,DEV-LOCAL-V1-002350,DEV-LOCAL-V1-002345,1,1.0,True,True,True
granite97m,DEV-LOCAL-V1-002742,DEV-LOCAL-V1-002741,4,0.25,False,True,True
granite97m,DEV-LOCAL-V1-002743,DEV-LOCAL-V1-002741,4,0.25,False,True,True
granite97m,DEV-LOCAL-V1-002744,DEV-LOCAL-V1-002741,5,0.2,False,True,True
granite97m,DEV-LOCAL-V1-002745,DEV-LOCAL-V1-002741,6,0.16666666666666666,False,False,True
granite97m,DEV-LOCAL-V1-002746,DEV-LOCAL-V1-002741,16,0.0625,False,False,True
granite97m,DEV-LOCAL-V1-001830,DEV-LOCAL-V1-001829,4,0.25,False,True,True
granite97m,DEV-LOCAL-V1-001831,DEV-LOCAL-V1-001829,2,0.5,False,True,True
granite97m,DEV-LOCAL-V1-001832,DEV-LOCAL-V1-001829,4,0.25,False,True,True
granite97m,DEV-LOCAL-V1-001833,DEV-LOCAL-V1-001829,1,1.0,True,True,True
granite97m,DEV-LOCAL-V1-001834,DEV-LOCAL-V1-001829,7,0.14285714285714285,False,False,True
granite97m,DEV-LOCAL-V1-001866,DEV-LOCAL-V1-001865,12,0.08333333333333333,False,False,True
granite97m,DEV-LOCAL-V1-001867,DEV-LOCAL-V1-001865,13,0.07692307692307693,False,False,True
granite97m,DEV-LOCAL-V1-001868,DEV-LOCAL-V1-001865,13,0.07692307692307693,False,False,True
granite97m,DEV-LOCAL-V1-001869,DEV-LOCAL-V1-001865,13,0.07692307692307693,False,False,True
granite97m,DEV-LOCAL-V1-001870,DEV-LOCAL-V1-001865,1,1.0,True,True,True
granite97m,DEV-LOCAL-V1-001770,DEV-LOCAL-V1-001769,9,0.1111111111111111,False,False,True
granite97m,DEV-LOCAL-V1-001771,DEV-LOCAL-V1-001769,2,0.5,False,True,True
granite97m,DEV-LOCAL-V1-001772,DEV-LOCAL-V1-001769,12,0.08333333333333333,False,False,True
granite97m,DEV-LOCAL-V1-001773,DEV-LOCAL-V1-001769,1,1.0,True,True,True
granite97m,DEV-LOCAL-V1-001774,DEV-LOCAL-V1-001769,27,0.037037037037037035,False,False,False
granite97m,DEV-LOCAL-V1-002142,DEV-LOCAL-V1-002141,1,1.0,True,True,True
granite97m,DEV-LOCAL-V1-002143,DEV-LOCAL-V1-002141,1,1.0,True,True,True
granite97m,DEV-LOCAL-V1-002144,DEV-LOCAL-V1-002141,1,1.0,True,True,True
granite97m,DEV-LOCAL-V1-002145,DEV-LOCAL-V1-002141,1,1.0,True,True,True
granite97m,DEV-LOCAL-V1-002146,DEV-LOCAL-V1-002141,26,0.038461538461538464,False,False,False
granite97m,DEV-LOCAL-V1-002538,DEV-LOCAL-V1-002537,7,0.14285714285714285,False,False,True
granite97m,DEV-LOCAL-V1-002539,DEV-LOCAL-V1-002537,1,1.0,True,True,True
granite97m,DEV-LOCAL-V1-002540,DEV-LOCAL-V1-002537,6,0.16666666666666666,False,False,True
granite97m,DEV-LOCAL-V1-002541,DEV-LOCAL-V1-002537,4,0.25,False,True,True
granite97m,DEV-LOCAL-V1-002542,DEV-LOCAL-V1-002537,31,0.03225806451612903,False,False,False
granite97m,DEV-LOCAL-V1-002286,DEV-LOCAL-V1-002285,11,0.09090909090909091,False,False,True
granite97m,DEV-LOCAL-V1-002287,DEV-LOCAL-V1-002285,5,0.2,False,True,True
granite97m,DEV-LOCAL-V1-002288,DEV-LOCAL-V1-002285,8,0.125,False,False,True
granite97m,DEV-LOCAL-V1-002289,DEV-LOCAL-V1-002285,3,0.3333333333333333,False,True,True
granite97m,DEV-LOCAL-V1-002290,DEV-LOCAL-V1-002285,1,1.0,True,True,True
granite97m,DEV-LOCAL-V1-002214,DEV-LOCAL-V1-002213,16,0.0625,False,False,True
granite97m,DEV-LOCAL-V1-002215,DEV-LOCAL-V1-002213,4,0.25,False,True,True
granite97m,DEV-LOCAL-V1-002216,DEV-LOCAL-V1-002213,1,1.0,True,True,True
granite97m,DEV-LOCAL-V1-002217,DEV-LOCAL-V1-002213,7,0.14285714285714285,False,False,True
granite97m,DEV-LOCAL-V1-002218,DEV-LOCAL-V1-002213,41,0.024390243902439025,False,False,False
granite97m,DEV-LOCAL-V1-002190,DEV-LOCAL-V1-002189,4,0.25,False,True,True
granite97m,DEV-LOCAL-V1-002191,DEV-LOCAL-V1-002189,1,1.0,True,True,True
granite97m,DEV-LOCAL-V1-002192,DEV-LOCAL-V1-002189,5,0.2,False,True,True
granite97m,DEV-LOCAL-V1-002193,DEV-LOCAL-V1-002189,1,1.0,True,True,True
granite97m,DEV-LOCAL-V1-002194,DEV-LOCAL-V1-002189,8,0.125,False,False,True
granite97m,DEV-LOCAL-V1-001698,DEV-LOCAL-V1-001697,6,0.16666666666666666,False,False,True
granite97m,DEV-LOCAL-V1-001699,DEV-LOCAL-V1-001697,1,1.0,True,True,True
granite97m,DEV-LOCAL-V1-001700,DEV-LOCAL-V1-001697,4,0.25,False,True,True
granite97m,DEV-LOCAL-V1-001701,DEV-LOCAL-V1-001697,2,0.5,False,True,True
granite97m,DEV-LOCAL-V1-001702,DEV-LOCAL-V1-001697,10,0.1,False,False,True
granite97m,DEV-LOCAL-V1-002118,DEV-LOCAL-V1-002117,14,0.07142857142857142,False,False,True
granite97m,DEV-LOCAL-V1-002119,DEV-LOCAL-V1-002117,3,0.3333333333333333,False,True,True
granite97m,DEV-LOCAL-V1-002120,DEV-LOCAL-V1-002117,8,0.125,False,False,True
granite97m,DEV-LOCAL-V1-002121,DEV-LOCAL-V1-002117,9,0.1111111111111111,False,False,True
granite97m,DEV-LOCAL-V1-002122,DEV-LOCAL-V1-002117,25,0.04,False,False,False
granite97m,DEV-LOCAL-V1-001662,DEV-LOCAL-V1-001661,1,1.0,True,True,True
granite97m,DEV-LOCAL-V1-001663,DEV-LOCAL-V1-001661,1,1.0,True,True,True
granite97m,DEV-LOCAL-V1-001664,DEV-LOCAL-V1-001661,4,0.25,False,True,True
granite97m,DEV-LOCAL-V1-001665,DEV-LOCAL-V1-001661,1,1.0,True,True,True
granite97m,DEV-LOCAL-V1-001666,DEV-LOCAL-V1-001661,6,0.16666666666666666,False,False,True
granite97m,DEV-LOCAL-V1-002178,DEV-LOCAL-V1-002177,5,0.2,False,True,True
granite97m,DEV-LOCAL-V1-002179,DEV-LOCAL-V1-002177,1,1.0,True,True,True
granite97m,DEV-LOCAL-V1-002180,DEV-LOCAL-V1-002177,3,0.3333333333333333,False,True,True
granite97m,DEV-LOCAL-V1-002181,DEV-LOCAL-V1-002177,2,0.5,False,True,True
granite97m,DEV-LOCAL-V1-002182,DEV-LOCAL-V1-002177,14,0.07142857142857142,False,False,True
granite97m,DEV-LOCAL-V1-001722,DEV-LOCAL-V1-001721,1,1.0,True,True,True
granite97m,DEV-LOCAL-V1-001723,DEV-LOCAL-V1-001721,3,0.3333333333333333,False,True,True
granite97m,DEV-LOCAL-V1-001724,DEV-LOCAL-V1-001721,7,0.14285714285714285,False,False,True
granite97m,DEV-LOCAL-V1-001725,DEV-LOCAL-V1-001721,3,0.3333333333333333,False,True,True
granite97m,DEV-LOCAL-V1-001726,DEV-LOCAL-V1-001721,27,0.037037037037037035,False,False,False
granite97m,DEV-LOCAL-V1-002526,DEV-LOCAL-V1-002525,12,0.08333333333333333,False,False,True
granite97m,DEV-LOCAL-V1-002527,DEV-LOCAL-V1-002525,15,0.06666666666666667,False,False,True
granite97m,DEV-LOCAL-V1-002528,DEV-LOCAL-V1-002525,42,0.023809523809523808,False,False,False
granite97m,DEV-LOCAL-V1-002529,DEV-LOCAL-V1-002525,13,0.07692307692307693,False,False,True
granite97m,DEV-LOCAL-V1-002530,DEV-LOCAL-V1-002525,1,1.0,True,True,True
granite97m,DEV-LOCAL-V1-002202,DEV-LOCAL-V1-002201,1,1.0,True,True,True
granite97m,DEV-LOCAL-V1-002203,DEV-LOCAL-V1-002201,4,0.25,False,True,True
granite97m,DEV-LOCAL-V1-002204,DEV-LOCAL-V1-002201,2,0.5,False,True,True
granite97m,DEV-LOCAL-V1-002205,DEV-LOCAL-V1-002201,3,0.3333333333333333,False,True,True
granite97m,DEV-LOCAL-V1-002206,DEV-LOCAL-V1-002201,5,0.2,False,True,True
granite97m,DEV-LOCAL-V1-001878,DEV-LOCAL-V1-001877,18,0.05555555555555555,False,False,True
granite97m,DEV-LOCAL-V1-001879,DEV-LOCAL-V1-001877,12,0.08333333333333333,False,False,True
granite97m,DEV-LOCAL-V1-001880,DEV-LOCAL-V1-001877,17,0.058823529411764705,False,False,True
granite97m,DEV-LOCAL-V1-001881,DEV-LOCAL-V1-001877,16,0.0625,False,False,True
granite97m,DEV-LOCAL-V1-001882,DEV-LOCAL-V1-001877,50,0.02,False,False,False
granite97m,DEV-LOCAL-V1-002622,DEV-LOCAL-V1-002621,1,1.0,True,True,True
granite97m,DEV-LOCAL-V1-002623,DEV-LOCAL-V1-002621,3,0.3333333333333333,False,True,True
granite97m,DEV-LOCAL-V1-002624,DEV-LOCAL-V1-002621,5,0.2,False,True,True
granite97m,DEV-LOCAL-V1-002625,DEV-LOCAL-V1-002621,5,0.2,False,True,True
granite97m,DEV-LOCAL-V1-002626,DEV-LOCAL-V1-002621,11,0.09090909090909091,False,False,True
granite97m,DEV-LOCAL-V1-002610,DEV-LOCAL-V1-002609,5,0.2,False,True,True
granite97m,DEV-LOCAL-V1-002611,DEV-LOCAL-V1-002609,4,0.25,False,True,True
granite97m,DEV-LOCAL-V1-002612,DEV-LOCAL-V1-002609,5,0.2,False,True,True
granite97m,DEV-LOCAL-V1-002613,DEV-LOCAL-V1-002609,1,1.0,True,True,True
granite97m,DEV-LOCAL-V1-002614,DEV-LOCAL-V1-002609,6,0.16666666666666666,False,False,True
granite97m,DEV-LOCAL-V1-001938,DEV-LOCAL-V1-001937,4,0.25,False,True,True
granite97m,DEV-LOCAL-V1-001939,DEV-LOCAL-V1-001937,1,1.0,True,True,True
granite97m,DEV-LOCAL-V1-001940,DEV-LOCAL-V1-001937,3,0.3333333333333333,False,True,True
granite97m,DEV-LOCAL-V1-001941,DEV-LOCAL-V1-001937,2,0.5,False,True,True
granite97m,DEV-LOCAL-V1-001942,DEV-LOCAL-V1-001937,39,0.02564102564102564,False,False,False
granite97m,DEV-LOCAL-V1-002502,DEV-LOCAL-V1-002501,1,1.0,True,True,True
granite97m,DEV-LOCAL-V1-002503,DEV-LOCAL-V1-002501,1,1.0,True,True,True
granite97m,DEV-LOCAL-V1-002504,DEV-LOCAL-V1-002501,1,1.0,True,True,True
granite97m,DEV-LOCAL-V1-002505,DEV-LOCAL-V1-002501,1,1.0,True,True,True
granite97m,DEV-LOCAL-V1-002506,DEV-LOCAL-V1-002501,23,0.043478260869565216,False,False,False
granite97m,DEV-LOCAL-V1-001962,DEV-LOCAL-V1-001961,1,1.0,True,True,True
granite97m,DEV-LOCAL-V1-001963,DEV-LOCAL-V1-001961,12,0.08333333333333333,False,False,True
granite97m,DEV-LOCAL-V1-001964,DEV-LOCAL-V1-001961,10,0.1,False,False,True
granite97m,DEV-LOCAL-V1-001965,DEV-LOCAL-V1-001961,7,0.14285714285714285,False,False,True
granite97m,DEV-LOCAL-V1-001966,DEV-LOCAL-V1-001961,11,0.09090909090909091,False,False,True
granite97m,DEV-LOCAL-V1-001614,DEV-LOCAL-V1-001613,5,0.2,False,True,True
granite97m,DEV-LOCAL-V1-001615,DEV-LOCAL-V1-001613,2,0.5,False,True,True
granite97m,DEV-LOCAL-V1-001616,DEV-LOCAL-V1-001613,1,1.0,True,True,True
granite97m,DEV-LOCAL-V1-001617,DEV-LOCAL-V1-001613,2,0.5,False,True,True
granite97m,DEV-LOCAL-V1-001618,DEV-LOCAL-V1-001613,15,0.06666666666666667,False,False,True
granite97m,DEV-LOCAL-V1-002070,DEV-LOCAL-V1-002069,13,0.07692307692307693,False,False,True
granite97m,DEV-LOCAL-V1-002071,DEV-LOCAL-V1-002069,3,0.3333333333333333,False,True,True
granite97m,DEV-LOCAL-V1-002072,DEV-LOCAL-V1-002069,4,0.25,False,True,True
granite97m,DEV-LOCAL-V1-002073,DEV-LOCAL-V1-002069,2,0.5,False,True,True
granite97m,DEV-LOCAL-V1-002074,DEV-LOCAL-V1-002069,29,0.034482758620689655,False,False,False
granite97m,DEV-LOCAL-V1-001818,DEV-LOCAL-V1-001817,5,0.2,False,True,True
granite97m,DEV-LOCAL-V1-001819,DEV-LOCAL-V1-001817,1,1.0,True,True,True
granite97m,DEV-LOCAL-V1-001820,DEV-LOCAL-V1-001817,2,0.5,False,True,True
granite97m,DEV-LOCAL-V1-001821,DEV-LOCAL-V1-001817,1,1.0,True,True,True
granite97m,DEV-LOCAL-V1-001822,DEV-LOCAL-V1-001817,11,0.09090909090909091,False,False,True
granite97m,DEV-LOCAL-V1-002238,DEV-LOCAL-V1-002237,8,0.125,False,False,True
granite97m,DEV-LOCAL-V1-002239,DEV-LOCAL-V1-002237,7,0.14285714285714285,False,False,True
granite97m,DEV-LOCAL-V1-002240,DEV-LOCAL-V1-002237,14,0.07142857142857142,False,False,True
granite97m,DEV-LOCAL-V1-002241,DEV-LOCAL-V1-002237,8,0.125,False,False,True
granite97m,DEV-LOCAL-V1-002242,DEV-LOCAL-V1-002237,33,0.030303030303030304,False,False,False
granite97m,DEV-LOCAL-V1-002250,DEV-LOCAL-V1-002249,6,0.16666666666666666,False,False,True
granite97m,DEV-LOCAL-V1-002251,DEV-LOCAL-V1-002249,7,0.14285714285714285,False,False,True
granite97m,DEV-LOCAL-V1-002252,DEV-LOCAL-V1-002249,7,0.14285714285714285,False,False,True
granite97m,DEV-LOCAL-V1-002253,DEV-LOCAL-V1-002249,2,0.5,False,True,True
granite97m,DEV-LOCAL-V1-002254,DEV-LOCAL-V1-002249,9,0.1111111111111111,False,False,True
granite97m,DEV-LOCAL-V1-002034,DEV-LOCAL-V1-002033,8,0.125,False,False,True
granite97m,DEV-LOCAL-V1-002035,DEV-LOCAL-V1-002033,1,1.0,True,True,True
granite97m,DEV-LOCAL-V1-002036,DEV-LOCAL-V1-002033,1,1.0,True,True,True
granite97m,DEV-LOCAL-V1-002037,DEV-LOCAL-V1-002033,6,0.16666666666666666,False,False,True
granite97m,DEV-LOCAL-V1-002038,DEV-LOCAL-V1-002033,26,0.038461538461538464,False,False,False
granite97m,DEV-LOCAL-V1-001890,DEV-LOCAL-V1-001889,7,0.14285714285714285,False,False,True
granite97m,DEV-LOCAL-V1-001891,DEV-LOCAL-V1-001889,4,0.25,False,True,True
granite97m,DEV-LOCAL-V1-001892,DEV-LOCAL-V1-001889,5,0.2,False,True,True
granite97m,DEV-LOCAL-V1-001893,DEV-LOCAL-V1-001889,1,1.0,True,True,True
granite97m,DEV-LOCAL-V1-001894,DEV-LOCAL-V1-001889,6,0.16666666666666666,False,False,True
granite97m,DEV-LOCAL-V1-002550,DEV-LOCAL-V1-002549,4,0.25,False,True,True
granite97m,DEV-LOCAL-V1-002551,DEV-LOCAL-V1-002549,1,1.0,True,True,True
granite97m,DEV-LOCAL-V1-002552,DEV-LOCAL-V1-002549,3,0.3333333333333333,False,True,True
granite97m,DEV-LOCAL-V1-002553,DEV-LOCAL-V1-002549,1,1.0,True,True,True
granite97m,DEV-LOCAL-V1-002554,DEV-LOCAL-V1-002549,7,0.14285714285714285,False,False,True
granite97m,DEV-LOCAL-V1-002418,DEV-LOCAL-V1-002417,9,0.1111111111111111,False,False,True
granite97m,DEV-LOCAL-V1-002419,DEV-LOCAL-V1-002417,2,0.5,False,True,True
granite97m,DEV-LOCAL-V1-002420,DEV-LOCAL-V1-002417,4,0.25,False,True,True
granite97m,DEV-LOCAL-V1-002421,DEV-LOCAL-V1-002417,7,0.14285714285714285,False,False,True
granite97m,DEV-LOCAL-V1-002422,DEV-LOCAL-V1-002417,30,0.03333333333333333,False,False,False
granite97m,DEV-LOCAL-V1-002586,DEV-LOCAL-V1-002585,6,0.16666666666666666,False,False,True
granite97m,DEV-LOCAL-V1-002587,DEV-LOCAL-V1-002585,8,0.125,False,False,True
granite97m,DEV-LOCAL-V1-002588,DEV-LOCAL-V1-002585,8,0.125,False,False,True
granite97m,DEV-LOCAL-V1-002589,DEV-LOCAL-V1-002585,4,0.25,False,True,True
granite97m,DEV-LOCAL-V1-002590,DEV-LOCAL-V1-002585,1,1.0,True,True,True
granite97m,DEV-LOCAL-V1-002790,DEV-LOCAL-V1-002789,16,0.0625,False,False,True
granite97m,DEV-LOCAL-V1-002791,DEV-LOCAL-V1-002789,5,0.2,False,True,True
granite97m,DEV-LOCAL-V1-002792,DEV-LOCAL-V1-002789,5,0.2,False,True,True
granite97m,DEV-LOCAL-V1-002793,DEV-LOCAL-V1-002789,2,0.5,False,True,True
granite97m,DEV-LOCAL-V1-002794,DEV-LOCAL-V1-002789,34,0.029411764705882353,False,False,False
granite97m,DEV-LOCAL-V1-002670,DEV-LOCAL-V1-002669,11,0.09090909090909091,False,False,True
granite97m,DEV-LOCAL-V1-002671,DEV-LOCAL-V1-002669,11,0.09090909090909091,False,False,True
granite97m,DEV-LOCAL-V1-002672,DEV-LOCAL-V1-002669,29,0.034482758620689655,False,False,False
granite97m,DEV-LOCAL-V1-002673,DEV-LOCAL-V1-002669,7,0.14285714285714285,False,False,True
granite97m,DEV-LOCAL-V1-002674,DEV-LOCAL-V1-002669,30,0.03333333333333333,False,False,False
granite97m,DEV-LOCAL-V1-002598,DEV-LOCAL-V1-002597,9,0.1111111111111111,False,False,True
granite97m,DEV-LOCAL-V1-002599,DEV-LOCAL-V1-002597,8,0.125,False,False,True
granite97m,DEV-LOCAL-V1-002600,DEV-LOCAL-V1-002597,21,0.047619047619047616,False,False,False
granite97m,DEV-LOCAL-V1-002601,DEV-LOCAL-V1-002597,11,0.09090909090909091,False,False,True
granite97m,DEV-LOCAL-V1-002602,DEV-LOCAL-V1-002597,43,0.023255813953488372,False,False,False
granite97m,DEV-LOCAL-V1-002634,DEV-LOCAL-V1-002633,23,0.043478260869565216,False,False,False
granite97m,DEV-LOCAL-V1-002635,DEV-LOCAL-V1-002633,24,0.041666666666666664,False,False,False
granite97m,DEV-LOCAL-V1-002636,DEV-LOCAL-V1-002633,1,1.0,True,True,True
granite97m,DEV-LOCAL-V1-002637,DEV-LOCAL-V1-002633,26,0.038461538461538464,False,False,False
granite97m,DEV-LOCAL-V1-002638,DEV-LOCAL-V1-002633,47,0.02127659574468085,False,False,False
granite97m,DEV-LOCAL-V1-001854,DEV-LOCAL-V1-001853,26,0.038461538461538464,False,False,False
granite97m,DEV-LOCAL-V1-001855,DEV-LOCAL-V1-001853,7,0.14285714285714285,False,False,True
granite97m,DEV-LOCAL-V1-001856,DEV-LOCAL-V1-001853,2,0.5,False,True,True
granite97m,DEV-LOCAL-V1-001857,DEV-LOCAL-V1-001853,10,0.1,False,False,True
granite97m,DEV-LOCAL-V1-001858,DEV-LOCAL-V1-001853,40,0.025,False,False,False
granite97m,DEV-LOCAL-V1-002454,DEV-LOCAL-V1-002453,14,0.07142857142857142,False,False,True
granite97m,DEV-LOCAL-V1-002455,DEV-LOCAL-V1-002453,12,0.08333333333333333,False,False,True
granite97m,DEV-LOCAL-V1-002456,DEV-LOCAL-V1-002453,1,1.0,True,True,True
granite97m,DEV-LOCAL-V1-002457,DEV-LOCAL-V1-002453,14,0.07142857142857142,False,False,True
granite97m,DEV-LOCAL-V1-002458,DEV-LOCAL-V1-002453,45,0.022222222222222223,False,False,False
granite97m,DEV-LOCAL-V1-001806,DEV-LOCAL-V1-001805,10,0.1,False,False,True
granite97m,DEV-LOCAL-V1-001807,DEV-LOCAL-V1-001805,12,0.08333333333333333,False,False,True
granite97m,DEV-LOCAL-V1-001808,DEV-LOCAL-V1-001805,37,0.02702702702702703,False,False,False
granite97m,DEV-LOCAL-V1-001809,DEV-LOCAL-V1-001805,9,0.1111111111111111,False,False,True
granite97m,DEV-LOCAL-V1-001810,DEV-LOCAL-V1-001805,2,0.5,False,True,True
granite97m,DEV-LOCAL-V1-002706,DEV-LOCAL-V1-002705,2,0.5,False,True,True
granite97m,DEV-LOCAL-V1-002707,DEV-LOCAL-V1-002705,3,0.3333333333333333,False,True,True
granite97m,DEV-LOCAL-V1-002708,DEV-LOCAL-V1-002705,1,1.0,True,True,True
granite97m,DEV-LOCAL-V1-002709,DEV-LOCAL-V1-002705,2,0.5,False,True,True
granite97m,DEV-LOCAL-V1-002710,DEV-LOCAL-V1-002705,1,1.0,True,True,True
granite97m,DEV-LOCAL-V1-002430,DEV-LOCAL-V1-002429,20,0.05,False,False,True
granite97m,DEV-LOCAL-V1-002431,DEV-LOCAL-V1-002429,5,0.2,False,True,True
granite97m,DEV-LOCAL-V1-002432,DEV-LOCAL-V1-002429,6,0.16666666666666666,False,False,True
granite97m,DEV-LOCAL-V1-002433,DEV-LOCAL-V1-002429,5,0.2,False,True,True
granite97m,DEV-LOCAL-V1-002434,DEV-LOCAL-V1-002429,34,0.029411764705882353,False,False,False
granite97m,DEV-LOCAL-V1-001734,DEV-LOCAL-V1-001733,7,0.14285714285714285,False,False,True
granite97m,DEV-LOCAL-V1-001735,DEV-LOCAL-V1-001733,9,0.1111111111111111,False,False,True
granite97m,DEV-LOCAL-V1-001736,DEV-LOCAL-V1-001733,1,1.0,True,True,True
granite97m,DEV-LOCAL-V1-001737,DEV-LOCAL-V1-001733,9,0.1111111111111111,False,False,True
granite97m,DEV-LOCAL-V1-001738,DEV-LOCAL-V1-001733,36,0.027777777777777776,False,False,False
multilingual_e5_small,DEV-LOCAL-V1-002322,DEV-LOCAL-V1-002321,1,1.0,True,True,True
multilingual_e5_small,DEV-LOCAL-V1-002323,DEV-LOCAL-V1-002321,3,0.3333333333333333,False,True,True
multilingual_e5_small,DEV-LOCAL-V1-002324,DEV-LOCAL-V1-002321,7,0.14285714285714285,False,False,True
multilingual_e5_small,DEV-LOCAL-V1-002325,DEV-LOCAL-V1-002321,5,0.2,False,True,True
multilingual_e5_small,DEV-LOCAL-V1-002326,DEV-LOCAL-V1-002321,34,0.029411764705882353,False,False,False
multilingual_e5_small,DEV-LOCAL-V1-002658,DEV-LOCAL-V1-002657,4,0.25,False,True,True
multilingual_e5_small,DEV-LOCAL-V1-002659,DEV-LOCAL-V1-002657,1,1.0,True,True,True
multilingual_e5_small,DEV-LOCAL-V1-002660,DEV-LOCAL-V1-002657,5,0.2,False,True,True
multilingual_e5_small,DEV-LOCAL-V1-002661,DEV-LOCAL-V1-002657,4,0.25,False,True,True
multilingual_e5_small,DEV-LOCAL-V1-002662,DEV-LOCAL-V1-002657,18,0.05555555555555555,False,False,True
multilingual_e5_small,DEV-LOCAL-V1-001710,DEV-LOCAL-V1-001709,37,0.02702702702702703,False,False,False
multilingual_e5_small,DEV-LOCAL-V1-001711,DEV-LOCAL-V1-001709,20,0.05,False,False,True
multilingual_e5_small,DEV-LOCAL-V1-001712,DEV-LOCAL-V1-001709,18,0.05555555555555555,False,False,True
multilingual_e5_small,DEV-LOCAL-V1-001713,DEV-LOCAL-V1-001709,2,0.5,False,True,True
multilingual_e5_small,DEV-LOCAL-V1-001714,DEV-LOCAL-V1-001709,53,0.018867924528301886,False,False,False
multilingual_e5_small,DEV-LOCAL-V1-001758,DEV-LOCAL-V1-001757,4,0.25,False,True,True
multilingual_e5_small,DEV-LOCAL-V1-001759,DEV-LOCAL-V1-001757,2,0.5,False,True,True
multilingual_e5_small,DEV-LOCAL-V1-001760,DEV-LOCAL-V1-001757,4,0.25,False,True,True
multilingual_e5_small,DEV-LOCAL-V1-001761,DEV-LOCAL-V1-001757,3,0.3333333333333333,False,True,True
multilingual_e5_small,DEV-LOCAL-V1-001762,DEV-LOCAL-V1-001757,8,0.125,False,False,True
multilingual_e5_small,DEV-LOCAL-V1-002370,DEV-LOCAL-V1-002369,3,0.3333333333333333,False,True,True
multilingual_e5_small,DEV-LOCAL-V1-002371,DEV-LOCAL-V1-002369,3,0.3333333333333333,False,True,True
multilingual_e5_small,DEV-LOCAL-V1-002372,DEV-LOCAL-V1-002369,3,0.3333333333333333,False,True,True
multilingual_e5_small,DEV-LOCAL-V1-002373,DEV-LOCAL-V1-002369,1,1.0,True,True,True
multilingual_e5_small,DEV-LOCAL-V1-002374,DEV-LOCAL-V1-002369,14,0.07142857142857142,False,False,True
multilingual_e5_small,DEV-LOCAL-V1-002382,DEV-LOCAL-V1-002381,1,1.0,True,True,True
multilingual_e5_small,DEV-LOCAL-V1-002383,DEV-LOCAL-V1-002381,12,0.08333333333333333,False,False,True
multilingual_e5_small,DEV-LOCAL-V1-002384,DEV-LOCAL-V1-002381,90,0.011111111111111112,False,False,False
multilingual_e5_small,DEV-LOCAL-V1-002385,DEV-LOCAL-V1-002381,34,0.029411764705882353,False,False,False
multilingual_e5_small,DEV-LOCAL-V1-002386,DEV-LOCAL-V1-002381,42,0.023809523809523808,False,False,False
multilingual_e5_small,DEV-LOCAL-V1-001842,DEV-LOCAL-V1-001841,1,1.0,True,True,True
multilingual_e5_small,DEV-LOCAL-V1-001843,DEV-LOCAL-V1-001841,2,0.5,False,True,True
multilingual_e5_small,DEV-LOCAL-V1-001844,DEV-LOCAL-V1-001841,12,0.08333333333333333,False,False,True
multilingual_e5_small,DEV-LOCAL-V1-001845,DEV-LOCAL-V1-001841,6,0.16666666666666666,False,False,True
multilingual_e5_small,DEV-LOCAL-V1-001846,DEV-LOCAL-V1-001841,35,0.02857142857142857,False,False,False
multilingual_e5_small,DEV-LOCAL-V1-001746,DEV-LOCAL-V1-001745,3,0.3333333333333333,False,True,True
multilingual_e5_small,DEV-LOCAL-V1-001747,DEV-LOCAL-V1-001745,1,1.0,True,True,True
multilingual_e5_small,DEV-LOCAL-V1-001748,DEV-LOCAL-V1-001745,1,1.0,True,True,True
multilingual_e5_small,DEV-LOCAL-V1-001749,DEV-LOCAL-V1-001745,2,0.5,False,True,True
multilingual_e5_small,DEV-LOCAL-V1-001750,DEV-LOCAL-V1-001745,1,1.0,True,True,True
multilingual_e5_small,DEV-LOCAL-V1-002166,DEV-LOCAL-V1-002165,6,0.16666666666666666,False,False,True
multilingual_e5_small,DEV-LOCAL-V1-002167,DEV-LOCAL-V1-002165,1,1.0,True,True,True
multilingual_e5_small,DEV-LOCAL-V1-002168,DEV-LOCAL-V1-002165,17,0.058823529411764705,False,False,True
multilingual_e5_small,DEV-LOCAL-V1-002169,DEV-LOCAL-V1-002165,15,0.06666666666666667,False,False,True
multilingual_e5_small,DEV-LOCAL-V1-002170,DEV-LOCAL-V1-002165,3,0.3333333333333333,False,True,True
multilingual_e5_small,DEV-LOCAL-V1-002298,DEV-LOCAL-V1-002297,6,0.16666666666666666,False,False,True
multilingual_e5_small,DEV-LOCAL-V1-002299,DEV-LOCAL-V1-002297,1,1.0,True,True,True
multilingual_e5_small,DEV-LOCAL-V1-002300,DEV-LOCAL-V1-002297,9,0.1111111111111111,False,False,True
multilingual_e5_small,DEV-LOCAL-V1-002301,DEV-LOCAL-V1-002297,7,0.14285714285714285,False,False,True
multilingual_e5_small,DEV-LOCAL-V1-002302,DEV-LOCAL-V1-002297,20,0.05,False,False,True
multilingual_e5_small,DEV-LOCAL-V1-002766,DEV-LOCAL-V1-002765,3,0.3333333333333333,False,True,True
multilingual_e5_small,DEV-LOCAL-V1-002767,DEV-LOCAL-V1-002765,1,1.0,True,True,True
multilingual_e5_small,DEV-LOCAL-V1-002768,DEV-LOCAL-V1-002765,3,0.3333333333333333,False,True,True
multilingual_e5_small,DEV-LOCAL-V1-002769,DEV-LOCAL-V1-002765,3,0.3333333333333333,False,True,True
multilingual_e5_small,DEV-LOCAL-V1-002770,DEV-LOCAL-V1-002765,1,1.0,True,True,True
multilingual_e5_small,DEV-LOCAL-V1-001974,DEV-LOCAL-V1-001973,3,0.3333333333333333,False,True,True
multilingual_e5_small,DEV-LOCAL-V1-001975,DEV-LOCAL-V1-001973,2,0.5,False,True,True
multilingual_e5_small,DEV-LOCAL-V1-001976,DEV-LOCAL-V1-001973,1,1.0,True,True,True
multilingual_e5_small,DEV-LOCAL-V1-001977,DEV-LOCAL-V1-001973,3,0.3333333333333333,False,True,True
multilingual_e5_small,DEV-LOCAL-V1-001978,DEV-LOCAL-V1-001973,6,0.16666666666666666,False,False,True
multilingual_e5_small,DEV-LOCAL-V1-002754,DEV-LOCAL-V1-002753,3,0.3333333333333333,False,True,True
multilingual_e5_small,DEV-LOCAL-V1-002755,DEV-LOCAL-V1-002753,4,0.25,False,True,True
multilingual_e5_small,DEV-LOCAL-V1-002756,DEV-LOCAL-V1-002753,2,0.5,False,True,True
multilingual_e5_small,DEV-LOCAL-V1-002757,DEV-LOCAL-V1-002753,4,0.25,False,True,True
multilingual_e5_small,DEV-LOCAL-V1-002758,DEV-LOCAL-V1-002753,32,0.03125,False,False,False
multilingual_e5_small,DEV-LOCAL-V1-002562,DEV-LOCAL-V1-002561,1,1.0,True,True,True
multilingual_e5_small,DEV-LOCAL-V1-002563,DEV-LOCAL-V1-002561,3,0.3333333333333333,False,True,True
multilingual_e5_small,DEV-LOCAL-V1-002564,DEV-LOCAL-V1-002561,4,0.25,False,True,True
multilingual_e5_small,DEV-LOCAL-V1-002565,DEV-LOCAL-V1-002561,2,0.5,False,True,True
multilingual_e5_small,DEV-LOCAL-V1-002566,DEV-LOCAL-V1-002561,17,0.058823529411764705,False,False,True
multilingual_e5_small,DEV-LOCAL-V1-001926,DEV-LOCAL-V1-001925,2,0.5,False,True,True
multilingual_e5_small,DEV-LOCAL-V1-001927,DEV-LOCAL-V1-001925,1,1.0,True,True,True
multilingual_e5_small,DEV-LOCAL-V1-001928,DEV-LOCAL-V1-001925,1,1.0,True,True,True
multilingual_e5_small,DEV-LOCAL-V1-001929,DEV-LOCAL-V1-001925,2,0.5,False,True,True
multilingual_e5_small,DEV-LOCAL-V1-001930,DEV-LOCAL-V1-001925,1,1.0,True,True,True
multilingual_e5_small,DEV-LOCAL-V1-002226,DEV-LOCAL-V1-002225,1,1.0,True,True,True
multilingual_e5_small,DEV-LOCAL-V1-002227,DEV-LOCAL-V1-002225,1,1.0,True,True,True
multilingual_e5_small,DEV-LOCAL-V1-002228,DEV-LOCAL-V1-002225,2,0.5,False,True,True
multilingual_e5_small,DEV-LOCAL-V1-002229,DEV-LOCAL-V1-002225,3,0.3333333333333333,False,True,True
multilingual_e5_small,DEV-LOCAL-V1-002230,DEV-LOCAL-V1-002225,1,1.0,True,True,True
multilingual_e5_small,DEV-LOCAL-V1-001782,DEV-LOCAL-V1-001781,1,1.0,True,True,True
multilingual_e5_small,DEV-LOCAL-V1-001783,DEV-LOCAL-V1-001781,1,1.0,True,True,True
multilingual_e5_small,DEV-LOCAL-V1-001784,DEV-LOCAL-V1-001781,2,0.5,False,True,True
multilingual_e5_small,DEV-LOCAL-V1-001785,DEV-LOCAL-V1-001781,2,0.5,False,True,True
multilingual_e5_small,DEV-LOCAL-V1-001786,DEV-LOCAL-V1-001781,10,0.1,False,False,True
multilingual_e5_small,DEV-LOCAL-V1-002730,DEV-LOCAL-V1-002729,9,0.1111111111111111,False,False,True
multilingual_e5_small,DEV-LOCAL-V1-002731,DEV-LOCAL-V1-002729,4,0.25,False,True,True
multilingual_e5_small,DEV-LOCAL-V1-002732,DEV-LOCAL-V1-002729,6,0.16666666666666666,False,False,True
multilingual_e5_small,DEV-LOCAL-V1-002733,DEV-LOCAL-V1-002729,1,1.0,True,True,True
multilingual_e5_small,DEV-LOCAL-V1-002734,DEV-LOCAL-V1-002729,30,0.03333333333333333,False,False,False
multilingual_e5_small,DEV-LOCAL-V1-002694,DEV-LOCAL-V1-002693,8,0.125,False,False,True
multilingual_e5_small,DEV-LOCAL-V1-002695,DEV-LOCAL-V1-002693,4,0.25,False,True,True
multilingual_e5_small,DEV-LOCAL-V1-002696,DEV-LOCAL-V1-002693,1,1.0,True,True,True
multilingual_e5_small,DEV-LOCAL-V1-002697,DEV-LOCAL-V1-002693,4,0.25,False,True,True
multilingual_e5_small,DEV-LOCAL-V1-002698,DEV-LOCAL-V1-002693,8,0.125,False,False,True
multilingual_e5_small,DEV-LOCAL-V1-002394,DEV-LOCAL-V1-002393,9,0.1111111111111111,False,False,True
multilingual_e5_small,DEV-LOCAL-V1-002395,DEV-LOCAL-V1-002393,4,0.25,False,True,True
multilingual_e5_small,DEV-LOCAL-V1-002396,DEV-LOCAL-V1-002393,1,1.0,True,True,True
multilingual_e5_small,DEV-LOCAL-V1-002397,DEV-LOCAL-V1-002393,4,0.25,False,True,True
multilingual_e5_small,DEV-LOCAL-V1-002398,DEV-LOCAL-V1-002393,38,0.02631578947368421,False,False,False
multilingual_e5_small,DEV-LOCAL-V1-002718,DEV-LOCAL-V1-002717,10,0.1,False,False,True
multilingual_e5_small,DEV-LOCAL-V1-002719,DEV-LOCAL-V1-002717,1,1.0,True,True,True
multilingual_e5_small,DEV-LOCAL-V1-002720,DEV-LOCAL-V1-002717,7,0.14285714285714285,False,False,True
multilingual_e5_small,DEV-LOCAL-V1-002721,DEV-LOCAL-V1-002717,6,0.16666666666666666,False,False,True
multilingual_e5_small,DEV-LOCAL-V1-002722,DEV-LOCAL-V1-002717,38,0.02631578947368421,False,False,False
multilingual_e5_small,DEV-LOCAL-V1-002130,DEV-LOCAL-V1-002129,52,0.019230769230769232,False,False,False
multilingual_e5_small,DEV-LOCAL-V1-002131,DEV-LOCAL-V1-002129,13,0.07692307692307693,False,False,True
multilingual_e5_small,DEV-LOCAL-V1-002132,DEV-LOCAL-V1-002129,41,0.024390243902439025,False,False,False
multilingual_e5_small,DEV-LOCAL-V1-002133,DEV-LOCAL-V1-002129,2,0.5,False,True,True
multilingual_e5_small,DEV-LOCAL-V1-002134,DEV-LOCAL-V1-002129,44,0.022727272727272728,False,False,False
multilingual_e5_small,DEV-LOCAL-V1-002466,DEV-LOCAL-V1-002465,2,0.5,False,True,True
multilingual_e5_small,DEV-LOCAL-V1-002467,DEV-LOCAL-V1-002465,1,1.0,True,True,True
multilingual_e5_small,DEV-LOCAL-V1-002468,DEV-LOCAL-V1-002465,1,1.0,True,True,True
multilingual_e5_small,DEV-LOCAL-V1-002469,DEV-LOCAL-V1-002465,2,0.5,False,True,True
multilingual_e5_small,DEV-LOCAL-V1-002470,DEV-LOCAL-V1-002465,1,1.0,True,True,True
multilingual_e5_small,DEV-LOCAL-V1-001674,DEV-LOCAL-V1-001673,12,0.08333333333333333,False,False,True
multilingual_e5_small,DEV-LOCAL-V1-001675,DEV-LOCAL-V1-001673,8,0.125,False,False,True
multilingual_e5_small,DEV-LOCAL-V1-001676,DEV-LOCAL-V1-001673,1,1.0,True,True,True
multilingual_e5_small,DEV-LOCAL-V1-001677,DEV-LOCAL-V1-001673,9,0.1111111111111111,False,False,True
multilingual_e5_small,DEV-LOCAL-V1-001678,DEV-LOCAL-V1-001673,45,0.022222222222222223,False,False,False
multilingual_e5_small,DEV-LOCAL-V1-002490,DEV-LOCAL-V1-002489,18,0.05555555555555555,False,False,True
multilingual_e5_small,DEV-LOCAL-V1-002491,DEV-LOCAL-V1-002489,4,0.25,False,True,True
multilingual_e5_small,DEV-LOCAL-V1-002492,DEV-LOCAL-V1-002489,23,0.043478260869565216,False,False,False
multilingual_e5_small,DEV-LOCAL-V1-002493,DEV-LOCAL-V1-002489,1,1.0,True,True,True
multilingual_e5_small,DEV-LOCAL-V1-002494,DEV-LOCAL-V1-002489,44,0.022727272727272728,False,False,False
multilingual_e5_small,DEV-LOCAL-V1-001998,DEV-LOCAL-V1-001997,20,0.05,False,False,True
multilingual_e5_small,DEV-LOCAL-V1-001999,DEV-LOCAL-V1-001997,9,0.1111111111111111,False,False,True
multilingual_e5_small,DEV-LOCAL-V1-002000,DEV-LOCAL-V1-001997,21,0.047619047619047616,False,False,False
multilingual_e5_small,DEV-LOCAL-V1-002001,DEV-LOCAL-V1-001997,24,0.041666666666666664,False,False,False
multilingual_e5_small,DEV-LOCAL-V1-002002,DEV-LOCAL-V1-001997,46,0.021739130434782608,False,False,False
multilingual_e5_small,DEV-LOCAL-V1-002358,DEV-LOCAL-V1-002357,4,0.25,False,True,True
multilingual_e5_small,DEV-LOCAL-V1-002359,DEV-LOCAL-V1-002357,3,0.3333333333333333,False,True,True
multilingual_e5_small,DEV-LOCAL-V1-002360,DEV-LOCAL-V1-002357,3,0.3333333333333333,False,True,True
multilingual_e5_small,DEV-LOCAL-V1-002361,DEV-LOCAL-V1-002357,4,0.25,False,True,True
multilingual_e5_small,DEV-LOCAL-V1-002362,DEV-LOCAL-V1-002357,27,0.037037037037037035,False,False,False
multilingual_e5_small,DEV-LOCAL-V1-001794,DEV-LOCAL-V1-001793,2,0.5,False,True,True
multilingual_e5_small,DEV-LOCAL-V1-001795,DEV-LOCAL-V1-001793,1,1.0,True,True,True
multilingual_e5_small,DEV-LOCAL-V1-001796,DEV-LOCAL-V1-001793,1,1.0,True,True,True
multilingual_e5_small,DEV-LOCAL-V1-001797,DEV-LOCAL-V1-001793,2,0.5,False,True,True
multilingual_e5_small,DEV-LOCAL-V1-001798,DEV-LOCAL-V1-001793,8,0.125,False,False,True
multilingual_e5_small,DEV-LOCAL-V1-001638,DEV-LOCAL-V1-001637,6,0.16666666666666666,False,False,True
multilingual_e5_small,DEV-LOCAL-V1-001639,DEV-LOCAL-V1-001637,2,0.5,False,True,True
multilingual_e5_small,DEV-LOCAL-V1-001640,DEV-LOCAL-V1-001637,4,0.25,False,True,True
multilingual_e5_small,DEV-LOCAL-V1-001641,DEV-LOCAL-V1-001637,4,0.25,False,True,True
multilingual_e5_small,DEV-LOCAL-V1-001642,DEV-LOCAL-V1-001637,33,0.030303030303030304,False,False,False
multilingual_e5_small,DEV-LOCAL-V1-002478,DEV-LOCAL-V1-002477,8,0.125,False,False,True
multilingual_e5_small,DEV-LOCAL-V1-002479,DEV-LOCAL-V1-002477,3,0.3333333333333333,False,True,True
multilingual_e5_small,DEV-LOCAL-V1-002480,DEV-LOCAL-V1-002477,8,0.125,False,False,True
multilingual_e5_small,DEV-LOCAL-V1-002481,DEV-LOCAL-V1-002477,7,0.14285714285714285,False,False,True
multilingual_e5_small,DEV-LOCAL-V1-002482,DEV-LOCAL-V1-002477,20,0.05,False,False,True
multilingual_e5_small,DEV-LOCAL-V1-002514,DEV-LOCAL-V1-002513,1,1.0,True,True,True
multilingual_e5_small,DEV-LOCAL-V1-002515,DEV-LOCAL-V1-002513,1,1.0,True,True,True
multilingual_e5_small,DEV-LOCAL-V1-002516,DEV-LOCAL-V1-002513,1,1.0,True,True,True
multilingual_e5_small,DEV-LOCAL-V1-002517,DEV-LOCAL-V1-002513,3,0.3333333333333333,False,True,True
multilingual_e5_small,DEV-LOCAL-V1-002518,DEV-LOCAL-V1-002513,14,0.07142857142857142,False,False,True
multilingual_e5_small,DEV-LOCAL-V1-002082,DEV-LOCAL-V1-002081,1,1.0,True,True,True
multilingual_e5_small,DEV-LOCAL-V1-002083,DEV-LOCAL-V1-002081,4,0.25,False,True,True
multilingual_e5_small,DEV-LOCAL-V1-002084,DEV-LOCAL-V1-002081,9,0.1111111111111111,False,False,True
multilingual_e5_small,DEV-LOCAL-V1-002085,DEV-LOCAL-V1-002081,8,0.125,False,False,True
multilingual_e5_small,DEV-LOCAL-V1-002086,DEV-LOCAL-V1-002081,23,0.043478260869565216,False,False,False
multilingual_e5_small,DEV-LOCAL-V1-002094,DEV-LOCAL-V1-002093,73,0.0136986301369863,False,False,False
multilingual_e5_small,DEV-LOCAL-V1-002095,DEV-LOCAL-V1-002093,35,0.02857142857142857,False,False,False
multilingual_e5_small,DEV-LOCAL-V1-002096,DEV-LOCAL-V1-002093,30,0.03333333333333333,False,False,False
multilingual_e5_small,DEV-LOCAL-V1-002097,DEV-LOCAL-V1-002093,57,0.017543859649122806,False,False,False
multilingual_e5_small,DEV-LOCAL-V1-002098,DEV-LOCAL-V1-002093,61,0.01639344262295082,False,False,False
multilingual_e5_small,DEV-LOCAL-V1-002106,DEV-LOCAL-V1-002105,3,0.3333333333333333,False,True,True
multilingual_e5_small,DEV-LOCAL-V1-002107,DEV-LOCAL-V1-002105,1,1.0,True,True,True
multilingual_e5_small,DEV-LOCAL-V1-002108,DEV-LOCAL-V1-002105,2,0.5,False,True,True
multilingual_e5_small,DEV-LOCAL-V1-002109,DEV-LOCAL-V1-002105,2,0.5,False,True,True
multilingual_e5_small,DEV-LOCAL-V1-002110,DEV-LOCAL-V1-002105,1,1.0,True,True,True
multilingual_e5_small,DEV-LOCAL-V1-002274,DEV-LOCAL-V1-002273,4,0.25,False,True,True
multilingual_e5_small,DEV-LOCAL-V1-002275,DEV-LOCAL-V1-002273,4,0.25,False,True,True
multilingual_e5_small,DEV-LOCAL-V1-002276,DEV-LOCAL-V1-002273,1,1.0,True,True,True
multilingual_e5_small,DEV-LOCAL-V1-002277,DEV-LOCAL-V1-002273,2,0.5,False,True,True
multilingual_e5_small,DEV-LOCAL-V1-002278,DEV-LOCAL-V1-002273,25,0.04,False,False,False
multilingual_e5_small,DEV-LOCAL-V1-001602,DEV-LOCAL-V1-001601,1,1.0,True,True,True
multilingual_e5_small,DEV-LOCAL-V1-001603,DEV-LOCAL-V1-001601,2,0.5,False,True,True
multilingual_e5_small,DEV-LOCAL-V1-001604,DEV-LOCAL-V1-001601,3,0.3333333333333333,False,True,True
multilingual_e5_small,DEV-LOCAL-V1-001605,DEV-LOCAL-V1-001601,3,0.3333333333333333,False,True,True
multilingual_e5_small,DEV-LOCAL-V1-001606,DEV-LOCAL-V1-001601,20,0.05,False,False,True
multilingual_e5_small,DEV-LOCAL-V1-002442,DEV-LOCAL-V1-002441,1,1.0,True,True,True
multilingual_e5_small,DEV-LOCAL-V1-002443,DEV-LOCAL-V1-002441,10,0.1,False,False,True
multilingual_e5_small,DEV-LOCAL-V1-002444,DEV-LOCAL-V1-002441,16,0.0625,False,False,True
multilingual_e5_small,DEV-LOCAL-V1-002445,DEV-LOCAL-V1-002441,12,0.08333333333333333,False,False,True
multilingual_e5_small,DEV-LOCAL-V1-002446,DEV-LOCAL-V1-002441,34,0.029411764705882353,False,False,False
multilingual_e5_small,DEV-LOCAL-V1-002778,DEV-LOCAL-V1-002777,15,0.06666666666666667,False,False,True
multilingual_e5_small,DEV-LOCAL-V1-002779,DEV-LOCAL-V1-002777,1,1.0,True,True,True
multilingual_e5_small,DEV-LOCAL-V1-002780,DEV-LOCAL-V1-002777,15,0.06666666666666667,False,False,True
multilingual_e5_small,DEV-LOCAL-V1-002781,DEV-LOCAL-V1-002777,3,0.3333333333333333,False,True,True
multilingual_e5_small,DEV-LOCAL-V1-002782,DEV-LOCAL-V1-002777,42,0.023809523809523808,False,False,False
multilingual_e5_small,DEV-LOCAL-V1-002310,DEV-LOCAL-V1-002309,45,0.022222222222222223,False,False,False
multilingual_e5_small,DEV-LOCAL-V1-002311,DEV-LOCAL-V1-002309,6,0.16666666666666666,False,False,True
multilingual_e5_small,DEV-LOCAL-V1-002312,DEV-LOCAL-V1-002309,86,0.011627906976744186,False,False,False
multilingual_e5_small,DEV-LOCAL-V1-002313,DEV-LOCAL-V1-002309,2,0.5,False,True,True
multilingual_e5_small,DEV-LOCAL-V1-002314,DEV-LOCAL-V1-002309,46,0.021739130434782608,False,False,False
multilingual_e5_small,DEV-LOCAL-V1-002022,DEV-LOCAL-V1-002021,3,0.3333333333333333,False,True,True
multilingual_e5_small,DEV-LOCAL-V1-002023,DEV-LOCAL-V1-002021,23,0.043478260869565216,False,False,False
multilingual_e5_small,DEV-LOCAL-V1-002024,DEV-LOCAL-V1-002021,114,0.008771929824561403,False,False,False
multilingual_e5_small,DEV-LOCAL-V1-002025,DEV-LOCAL-V1-002021,47,0.02127659574468085,False,False,False
multilingual_e5_small,DEV-LOCAL-V1-002026,DEV-LOCAL-V1-002021,47,0.02127659574468085,False,False,False
multilingual_e5_small,DEV-LOCAL-V1-001986,DEV-LOCAL-V1-001985,2,0.5,False,True,True
multilingual_e5_small,DEV-LOCAL-V1-001987,DEV-LOCAL-V1-001985,1,1.0,True,True,True
multilingual_e5_small,DEV-LOCAL-V1-001988,DEV-LOCAL-V1-001985,1,1.0,True,True,True
multilingual_e5_small,DEV-LOCAL-V1-001989,DEV-LOCAL-V1-001985,1,1.0,True,True,True
multilingual_e5_small,DEV-LOCAL-V1-001990,DEV-LOCAL-V1-001985,1,1.0,True,True,True
multilingual_e5_small,DEV-LOCAL-V1-002154,DEV-LOCAL-V1-002153,3,0.3333333333333333,False,True,True
multilingual_e5_small,DEV-LOCAL-V1-002155,DEV-LOCAL-V1-002153,1,1.0,True,True,True
multilingual_e5_small,DEV-LOCAL-V1-002156,DEV-LOCAL-V1-002153,1,1.0,True,True,True
multilingual_e5_small,DEV-LOCAL-V1-002157,DEV-LOCAL-V1-002153,5,0.2,False,True,True
multilingual_e5_small,DEV-LOCAL-V1-002158,DEV-LOCAL-V1-002153,23,0.043478260869565216,False,False,False
multilingual_e5_small,DEV-LOCAL-V1-002262,DEV-LOCAL-V1-002261,1,1.0,True,True,True
multilingual_e5_small,DEV-LOCAL-V1-002263,DEV-LOCAL-V1-002261,2,0.5,False,True,True
multilingual_e5_small,DEV-LOCAL-V1-002264,DEV-LOCAL-V1-002261,3,0.3333333333333333,False,True,True
multilingual_e5_small,DEV-LOCAL-V1-002265,DEV-LOCAL-V1-002261,3,0.3333333333333333,False,True,True
multilingual_e5_small,DEV-LOCAL-V1-002266,DEV-LOCAL-V1-002261,5,0.2,False,True,True
multilingual_e5_small,DEV-LOCAL-V1-002574,DEV-LOCAL-V1-002573,33,0.030303030303030304,False,False,False
multilingual_e5_small,DEV-LOCAL-V1-002575,DEV-LOCAL-V1-002573,21,0.047619047619047616,False,False,False
multilingual_e5_small,DEV-LOCAL-V1-002576,DEV-LOCAL-V1-002573,2,0.5,False,True,True
multilingual_e5_small,DEV-LOCAL-V1-002577,DEV-LOCAL-V1-002573,36,0.027777777777777776,False,False,False
multilingual_e5_small,DEV-LOCAL-V1-002578,DEV-LOCAL-V1-002573,51,0.0196078431372549,False,False,False
multilingual_e5_small,DEV-LOCAL-V1-002058,DEV-LOCAL-V1-002057,57,0.017543859649122806,False,False,False
multilingual_e5_small,DEV-LOCAL-V1-002059,DEV-LOCAL-V1-002057,6,0.16666666666666666,False,False,True
multilingual_e5_small,DEV-LOCAL-V1-002060,DEV-LOCAL-V1-002057,47,0.02127659574468085,False,False,False
multilingual_e5_small,DEV-LOCAL-V1-002061,DEV-LOCAL-V1-002057,22,0.045454545454545456,False,False,False
multilingual_e5_small,DEV-LOCAL-V1-002062,DEV-LOCAL-V1-002057,49,0.02040816326530612,False,False,False
multilingual_e5_small,DEV-LOCAL-V1-002682,DEV-LOCAL-V1-002681,1,1.0,True,True,True
multilingual_e5_small,DEV-LOCAL-V1-002683,DEV-LOCAL-V1-002681,4,0.25,False,True,True
multilingual_e5_small,DEV-LOCAL-V1-002684,DEV-LOCAL-V1-002681,8,0.125,False,False,True
multilingual_e5_small,DEV-LOCAL-V1-002685,DEV-LOCAL-V1-002681,6,0.16666666666666666,False,False,True
multilingual_e5_small,DEV-LOCAL-V1-002686,DEV-LOCAL-V1-002681,35,0.02857142857142857,False,False,False
multilingual_e5_small,DEV-LOCAL-V1-002406,DEV-LOCAL-V1-002405,1,1.0,True,True,True
multilingual_e5_small,DEV-LOCAL-V1-002407,DEV-LOCAL-V1-002405,1,1.0,True,True,True
multilingual_e5_small,DEV-LOCAL-V1-002408,DEV-LOCAL-V1-002405,2,0.5,False,True,True
multilingual_e5_small,DEV-LOCAL-V1-002409,DEV-LOCAL-V1-002405,2,0.5,False,True,True
multilingual_e5_small,DEV-LOCAL-V1-002410,DEV-LOCAL-V1-002405,1,1.0,True,True,True
multilingual_e5_small,DEV-LOCAL-V1-001950,DEV-LOCAL-V1-001949,33,0.030303030303030304,False,False,False
multilingual_e5_small,DEV-LOCAL-V1-001951,DEV-LOCAL-V1-001949,3,0.3333333333333333,False,True,True
multilingual_e5_small,DEV-LOCAL-V1-001952,DEV-LOCAL-V1-001949,74,0.013513513513513514,False,False,False
multilingual_e5_small,DEV-LOCAL-V1-001953,DEV-LOCAL-V1-001949,1,1.0,True,True,True
multilingual_e5_small,DEV-LOCAL-V1-001954,DEV-LOCAL-V1-001949,48,0.020833333333333332,False,False,False
multilingual_e5_small,DEV-LOCAL-V1-001626,DEV-LOCAL-V1-001625,1,1.0,True,True,True
multilingual_e5_small,DEV-LOCAL-V1-001627,DEV-LOCAL-V1-001625,1,1.0,True,True,True
multilingual_e5_small,DEV-LOCAL-V1-001628,DEV-LOCAL-V1-001625,3,0.3333333333333333,False,True,True
multilingual_e5_small,DEV-LOCAL-V1-001629,DEV-LOCAL-V1-001625,2,0.5,False,True,True
multilingual_e5_small,DEV-LOCAL-V1-001630,DEV-LOCAL-V1-001625,1,1.0,True,True,True
multilingual_e5_small,DEV-LOCAL-V1-001686,DEV-LOCAL-V1-001685,2,0.5,False,True,True
multilingual_e5_small,DEV-LOCAL-V1-001687,DEV-LOCAL-V1-001685,1,1.0,True,True,True
multilingual_e5_small,DEV-LOCAL-V1-001688,DEV-LOCAL-V1-001685,2,0.5,False,True,True
multilingual_e5_small,DEV-LOCAL-V1-001689,DEV-LOCAL-V1-001685,2,0.5,False,True,True
multilingual_e5_small,DEV-LOCAL-V1-001690,DEV-LOCAL-V1-001685,1,1.0,True,True,True
multilingual_e5_small,DEV-LOCAL-V1-001902,DEV-LOCAL-V1-001901,1,1.0,True,True,True
multilingual_e5_small,DEV-LOCAL-V1-001903,DEV-LOCAL-V1-001901,10,0.1,False,False,True
multilingual_e5_small,DEV-LOCAL-V1-001904,DEV-LOCAL-V1-001901,13,0.07692307692307693,False,False,True
multilingual_e5_small,DEV-LOCAL-V1-001905,DEV-LOCAL-V1-001901,15,0.06666666666666667,False,False,True
multilingual_e5_small,DEV-LOCAL-V1-001906,DEV-LOCAL-V1-001901,13,0.07692307692307693,False,False,True
multilingual_e5_small,DEV-LOCAL-V1-001914,DEV-LOCAL-V1-001913,18,0.05555555555555555,False,False,True
multilingual_e5_small,DEV-LOCAL-V1-001915,DEV-LOCAL-V1-001913,3,0.3333333333333333,False,True,True
multilingual_e5_small,DEV-LOCAL-V1-001916,DEV-LOCAL-V1-001913,1,1.0,True,True,True
multilingual_e5_small,DEV-LOCAL-V1-001917,DEV-LOCAL-V1-001913,7,0.14285714285714285,False,False,True
multilingual_e5_small,DEV-LOCAL-V1-001918,DEV-LOCAL-V1-001913,46,0.021739130434782608,False,False,False
multilingual_e5_small,DEV-LOCAL-V1-002646,DEV-LOCAL-V1-002645,2,0.5,False,True,True
multilingual_e5_small,DEV-LOCAL-V1-002647,DEV-LOCAL-V1-002645,1,1.0,True,True,True
multilingual_e5_small,DEV-LOCAL-V1-002648,DEV-LOCAL-V1-002645,1,1.0,True,True,True
multilingual_e5_small,DEV-LOCAL-V1-002649,DEV-LOCAL-V1-002645,1,1.0,True,True,True
multilingual_e5_small,DEV-LOCAL-V1-002650,DEV-LOCAL-V1-002645,1,1.0,True,True,True
multilingual_e5_small,DEV-LOCAL-V1-002334,DEV-LOCAL-V1-002333,7,0.14285714285714285,False,False,True
multilingual_e5_small,DEV-LOCAL-V1-002335,DEV-LOCAL-V1-002333,3,0.3333333333333333,False,True,True
multilingual_e5_small,DEV-LOCAL-V1-002336,DEV-LOCAL-V1-002333,1,1.0,True,True,True
multilingual_e5_small,DEV-LOCAL-V1-002337,DEV-LOCAL-V1-002333,4,0.25,False,True,True
multilingual_e5_small,DEV-LOCAL-V1-002338,DEV-LOCAL-V1-002333,8,0.125,False,False,True
multilingual_e5_small,DEV-LOCAL-V1-002046,DEV-LOCAL-V1-002045,2,0.5,False,True,True
multilingual_e5_small,DEV-LOCAL-V1-002047,DEV-LOCAL-V1-002045,1,1.0,True,True,True
multilingual_e5_small,DEV-LOCAL-V1-002048,DEV-LOCAL-V1-002045,2,0.5,False,True,True
multilingual_e5_small,DEV-LOCAL-V1-002049,DEV-LOCAL-V1-002045,1,1.0,True,True,True
multilingual_e5_small,DEV-LOCAL-V1-002050,DEV-LOCAL-V1-002045,1,1.0,True,True,True
multilingual_e5_small,DEV-LOCAL-V1-002010,DEV-LOCAL-V1-002009,7,0.14285714285714285,False,False,True
multilingual_e5_small,DEV-LOCAL-V1-002011,DEV-LOCAL-V1-002009,2,0.5,False,True,True
multilingual_e5_small,DEV-LOCAL-V1-002012,DEV-LOCAL-V1-002009,8,0.125,False,False,True
multilingual_e5_small,DEV-LOCAL-V1-002013,DEV-LOCAL-V1-002009,1,1.0,True,True,True
multilingual_e5_small,DEV-LOCAL-V1-002014,DEV-LOCAL-V1-002009,24,0.041666666666666664,False,False,False
multilingual_e5_small,DEV-LOCAL-V1-001650,DEV-LOCAL-V1-001649,6,0.16666666666666666,False,False,True
multilingual_e5_small,DEV-LOCAL-V1-001651,DEV-LOCAL-V1-001649,3,0.3333333333333333,False,True,True
multilingual_e5_small,DEV-LOCAL-V1-001652,DEV-LOCAL-V1-001649,4,0.25,False,True,True
multilingual_e5_small,DEV-LOCAL-V1-001653,DEV-LOCAL-V1-001649,1,1.0,True,True,True
multilingual_e5_small,DEV-LOCAL-V1-001654,DEV-LOCAL-V1-001649,24,0.041666666666666664,False,False,False
multilingual_e5_small,DEV-LOCAL-V1-002346,DEV-LOCAL-V1-002345,2,0.5,False,True,True
multilingual_e5_small,DEV-LOCAL-V1-002347,DEV-LOCAL-V1-002345,1,1.0,True,True,True
multilingual_e5_small,DEV-LOCAL-V1-002348,DEV-LOCAL-V1-002345,1,1.0,True,True,True
multilingual_e5_small,DEV-LOCAL-V1-002349,DEV-LOCAL-V1-002345,1,1.0,True,True,True
multilingual_e5_small,DEV-LOCAL-V1-002350,DEV-LOCAL-V1-002345,1,1.0,True,True,True
multilingual_e5_small,DEV-LOCAL-V1-002742,DEV-LOCAL-V1-002741,1,1.0,True,True,True
multilingual_e5_small,DEV-LOCAL-V1-002743,DEV-LOCAL-V1-002741,11,0.09090909090909091,False,False,True
multilingual_e5_small,DEV-LOCAL-V1-002744,DEV-LOCAL-V1-002741,94,0.010638297872340425,False,False,False
multilingual_e5_small,DEV-LOCAL-V1-002745,DEV-LOCAL-V1-002741,31,0.03225806451612903,False,False,False
multilingual_e5_small,DEV-LOCAL-V1-002746,DEV-LOCAL-V1-002741,42,0.023809523809523808,False,False,False
multilingual_e5_small,DEV-LOCAL-V1-001830,DEV-LOCAL-V1-001829,10,0.1,False,False,True
multilingual_e5_small,DEV-LOCAL-V1-001831,DEV-LOCAL-V1-001829,4,0.25,False,True,True
multilingual_e5_small,DEV-LOCAL-V1-001832,DEV-LOCAL-V1-001829,5,0.2,False,True,True
multilingual_e5_small,DEV-LOCAL-V1-001833,DEV-LOCAL-V1-001829,1,1.0,True,True,True
multilingual_e5_small,DEV-LOCAL-V1-001834,DEV-LOCAL-V1-001829,11,0.09090909090909091,False,False,True
multilingual_e5_small,DEV-LOCAL-V1-001866,DEV-LOCAL-V1-001865,4,0.25,False,True,True
multilingual_e5_small,DEV-LOCAL-V1-001867,DEV-LOCAL-V1-001865,1,1.0,True,True,True
multilingual_e5_small,DEV-LOCAL-V1-001868,DEV-LOCAL-V1-001865,5,0.2,False,True,True
multilingual_e5_small,DEV-LOCAL-V1-001869,DEV-LOCAL-V1-001865,5,0.2,False,True,True
multilingual_e5_small,DEV-LOCAL-V1-001870,DEV-LOCAL-V1-001865,1,1.0,True,True,True
multilingual_e5_small,DEV-LOCAL-V1-001770,DEV-LOCAL-V1-001769,46,0.021739130434782608,False,False,False
multilingual_e5_small,DEV-LOCAL-V1-001771,DEV-LOCAL-V1-001769,14,0.07142857142857142,False,False,True
multilingual_e5_small,DEV-LOCAL-V1-001772,DEV-LOCAL-V1-001769,31,0.03225806451612903,False,False,False
multilingual_e5_small,DEV-LOCAL-V1-001773,DEV-LOCAL-V1-001769,2,0.5,False,True,True
multilingual_e5_small,DEV-LOCAL-V1-001774,DEV-LOCAL-V1-001769,44,0.022727272727272728,False,False,False
multilingual_e5_small,DEV-LOCAL-V1-002142,DEV-LOCAL-V1-002141,1,1.0,True,True,True
multilingual_e5_small,DEV-LOCAL-V1-002143,DEV-LOCAL-V1-002141,1,1.0,True,True,True
multilingual_e5_small,DEV-LOCAL-V1-002144,DEV-LOCAL-V1-002141,3,0.3333333333333333,False,True,True
multilingual_e5_small,DEV-LOCAL-V1-002145,DEV-LOCAL-V1-002141,3,0.3333333333333333,False,True,True
multilingual_e5_small,DEV-LOCAL-V1-002146,DEV-LOCAL-V1-002141,23,0.043478260869565216,False,False,False
multilingual_e5_small,DEV-LOCAL-V1-002538,DEV-LOCAL-V1-002537,10,0.1,False,False,True
multilingual_e5_small,DEV-LOCAL-V1-002539,DEV-LOCAL-V1-002537,4,0.25,False,True,True
multilingual_e5_small,DEV-LOCAL-V1-002540,DEV-LOCAL-V1-002537,17,0.058823529411764705,False,False,True
multilingual_e5_small,DEV-LOCAL-V1-002541,DEV-LOCAL-V1-002537,9,0.1111111111111111,False,False,True
multilingual_e5_small,DEV-LOCAL-V1-002542,DEV-LOCAL-V1-002537,47,0.02127659574468085,False,False,False
multilingual_e5_small,DEV-LOCAL-V1-002286,DEV-LOCAL-V1-002285,1,1.0,True,True,True
multilingual_e5_small,DEV-LOCAL-V1-002287,DEV-LOCAL-V1-002285,1,1.0,True,True,True
multilingual_e5_small,DEV-LOCAL-V1-002288,DEV-LOCAL-V1-002285,1,1.0,True,True,True
multilingual_e5_small,DEV-LOCAL-V1-002289,DEV-LOCAL-V1-002285,2,0.5,False,True,True
multilingual_e5_small,DEV-LOCAL-V1-002290,DEV-LOCAL-V1-002285,1,1.0,True,True,True
multilingual_e5_small,DEV-LOCAL-V1-002214,DEV-LOCAL-V1-002213,9,0.1111111111111111,False,False,True
multilingual_e5_small,DEV-LOCAL-V1-002215,DEV-LOCAL-V1-002213,4,0.25,False,True,True
multilingual_e5_small,DEV-LOCAL-V1-002216,DEV-LOCAL-V1-002213,1,1.0,True,True,True
multilingual_e5_small,DEV-LOCAL-V1-002217,DEV-LOCAL-V1-002213,5,0.2,False,True,True
multilingual_e5_small,DEV-LOCAL-V1-002218,DEV-LOCAL-V1-002213,40,0.025,False,False,False
multilingual_e5_small,DEV-LOCAL-V1-002190,DEV-LOCAL-V1-002189,7,0.14285714285714285,False,False,True
multilingual_e5_small,DEV-LOCAL-V1-002191,DEV-LOCAL-V1-002189,4,0.25,False,True,True
multilingual_e5_small,DEV-LOCAL-V1-002192,DEV-LOCAL-V1-002189,6,0.16666666666666666,False,False,True
multilingual_e5_small,DEV-LOCAL-V1-002193,DEV-LOCAL-V1-002189,1,1.0,True,True,True
multilingual_e5_small,DEV-LOCAL-V1-002194,DEV-LOCAL-V1-002189,14,0.07142857142857142,False,False,True
multilingual_e5_small,DEV-LOCAL-V1-001698,DEV-LOCAL-V1-001697,4,0.25,False,True,True
multilingual_e5_small,DEV-LOCAL-V1-001699,DEV-LOCAL-V1-001697,2,0.5,False,True,True
multilingual_e5_small,DEV-LOCAL-V1-001700,DEV-LOCAL-V1-001697,8,0.125,False,False,True
multilingual_e5_small,DEV-LOCAL-V1-001701,DEV-LOCAL-V1-001697,3,0.3333333333333333,False,True,True
multilingual_e5_small,DEV-LOCAL-V1-001702,DEV-LOCAL-V1-001697,25,0.04,False,False,False
multilingual_e5_small,DEV-LOCAL-V1-002118,DEV-LOCAL-V1-002117,8,0.125,False,False,True
multilingual_e5_small,DEV-LOCAL-V1-002119,DEV-LOCAL-V1-002117,2,0.5,False,True,True
multilingual_e5_small,DEV-LOCAL-V1-002120,DEV-LOCAL-V1-002117,7,0.14285714285714285,False,False,True
multilingual_e5_small,DEV-LOCAL-V1-002121,DEV-LOCAL-V1-002117,4,0.25,False,True,True
multilingual_e5_small,DEV-LOCAL-V1-002122,DEV-LOCAL-V1-002117,14,0.07142857142857142,False,False,True
multilingual_e5_small,DEV-LOCAL-V1-001662,DEV-LOCAL-V1-001661,1,1.0,True,True,True
multilingual_e5_small,DEV-LOCAL-V1-001663,DEV-LOCAL-V1-001661,5,0.2,False,True,True
multilingual_e5_small,DEV-LOCAL-V1-001664,DEV-LOCAL-V1-001661,76,0.013157894736842105,False,False,False
multilingual_e5_small,DEV-LOCAL-V1-001665,DEV-LOCAL-V1-001661,22,0.045454545454545456,False,False,False
multilingual_e5_small,DEV-LOCAL-V1-001666,DEV-LOCAL-V1-001661,43,0.023255813953488372,False,False,False
multilingual_e5_small,DEV-LOCAL-V1-002178,DEV-LOCAL-V1-002177,3,0.3333333333333333,False,True,True
multilingual_e5_small,DEV-LOCAL-V1-002179,DEV-LOCAL-V1-002177,2,0.5,False,True,True
multilingual_e5_small,DEV-LOCAL-V1-002180,DEV-LOCAL-V1-002177,5,0.2,False,True,True
multilingual_e5_small,DEV-LOCAL-V1-002181,DEV-LOCAL-V1-002177,3,0.3333333333333333,False,True,True
multilingual_e5_small,DEV-LOCAL-V1-002182,DEV-LOCAL-V1-002177,28,0.03571428571428571,False,False,False
multilingual_e5_small,DEV-LOCAL-V1-001722,DEV-LOCAL-V1-001721,1,1.0,True,True,True
multilingual_e5_small,DEV-LOCAL-V1-001723,DEV-LOCAL-V1-001721,10,0.1,False,False,True
multilingual_e5_small,DEV-LOCAL-V1-001724,DEV-LOCAL-V1-001721,14,0.07142857142857142,False,False,True
multilingual_e5_small,DEV-LOCAL-V1-001725,DEV-LOCAL-V1-001721,12,0.08333333333333333,False,False,True
multilingual_e5_small,DEV-LOCAL-V1-001726,DEV-LOCAL-V1-001721,27,0.037037037037037035,False,False,False
multilingual_e5_small,DEV-LOCAL-V1-002526,DEV-LOCAL-V1-002525,22,0.045454545454545456,False,False,False
multilingual_e5_small,DEV-LOCAL-V1-002527,DEV-LOCAL-V1-002525,4,0.25,False,True,True
multilingual_e5_small,DEV-LOCAL-V1-002528,DEV-LOCAL-V1-002525,61,0.01639344262295082,False,False,False
multilingual_e5_small,DEV-LOCAL-V1-002529,DEV-LOCAL-V1-002525,30,0.03333333333333333,False,False,False
multilingual_e5_small,DEV-LOCAL-V1-002530,DEV-LOCAL-V1-002525,9,0.1111111111111111,False,False,True
multilingual_e5_small,DEV-LOCAL-V1-002202,DEV-LOCAL-V1-002201,1,1.0,True,True,True
multilingual_e5_small,DEV-LOCAL-V1-002203,DEV-LOCAL-V1-002201,3,0.3333333333333333,False,True,True
multilingual_e5_small,DEV-LOCAL-V1-002204,DEV-LOCAL-V1-002201,6,0.16666666666666666,False,False,True
multilingual_e5_small,DEV-LOCAL-V1-002205,DEV-LOCAL-V1-002201,4,0.25,False,True,True
multilingual_e5_small,DEV-LOCAL-V1-002206,DEV-LOCAL-V1-002201,29,0.034482758620689655,False,False,False
multilingual_e5_small,DEV-LOCAL-V1-001878,DEV-LOCAL-V1-001877,93,0.010752688172043012,False,False,False
multilingual_e5_small,DEV-LOCAL-V1-001879,DEV-LOCAL-V1-001877,27,0.037037037037037035,False,False,False
multilingual_e5_small,DEV-LOCAL-V1-001880,DEV-LOCAL-V1-001877,174,0.005747126436781609,False,False,False
multilingual_e5_small,DEV-LOCAL-V1-001881,DEV-LOCAL-V1-001877,87,0.011494252873563218,False,False,False
multilingual_e5_small,DEV-LOCAL-V1-001882,DEV-LOCAL-V1-001877,83,0.012048192771084338,False,False,False
multilingual_e5_small,DEV-LOCAL-V1-002622,DEV-LOCAL-V1-002621,1,1.0,True,True,True
multilingual_e5_small,DEV-LOCAL-V1-002623,DEV-LOCAL-V1-002621,5,0.2,False,True,True
multilingual_e5_small,DEV-LOCAL-V1-002624,DEV-LOCAL-V1-002621,8,0.125,False,False,True
multilingual_e5_small,DEV-LOCAL-V1-002625,DEV-LOCAL-V1-002621,8,0.125,False,False,True
multilingual_e5_small,DEV-LOCAL-V1-002626,DEV-LOCAL-V1-002621,10,0.1,False,False,True
multilingual_e5_small,DEV-LOCAL-V1-002610,DEV-LOCAL-V1-002609,21,0.047619047619047616,False,False,False
multilingual_e5_small,DEV-LOCAL-V1-002611,DEV-LOCAL-V1-002609,9,0.1111111111111111,False,False,True
multilingual_e5_small,DEV-LOCAL-V1-002612,DEV-LOCAL-V1-002609,14,0.07142857142857142,False,False,True
multilingual_e5_small,DEV-LOCAL-V1-002613,DEV-LOCAL-V1-002609,3,0.3333333333333333,False,True,True
multilingual_e5_small,DEV-LOCAL-V1-002614,DEV-LOCAL-V1-002609,43,0.023255813953488372,False,False,False
multilingual_e5_small,DEV-LOCAL-V1-001938,DEV-LOCAL-V1-001937,7,0.14285714285714285,False,False,True
multilingual_e5_small,DEV-LOCAL-V1-001939,DEV-LOCAL-V1-001937,2,0.5,False,True,True
multilingual_e5_small,DEV-LOCAL-V1-001940,DEV-LOCAL-V1-001937,8,0.125,False,False,True
multilingual_e5_small,DEV-LOCAL-V1-001941,DEV-LOCAL-V1-001937,6,0.16666666666666666,False,False,True
multilingual_e5_small,DEV-LOCAL-V1-001942,DEV-LOCAL-V1-001937,27,0.037037037037037035,False,False,False
multilingual_e5_small,DEV-LOCAL-V1-002502,DEV-LOCAL-V1-002501,1,1.0,True,True,True
multilingual_e5_small,DEV-LOCAL-V1-002503,DEV-LOCAL-V1-002501,3,0.3333333333333333,False,True,True
multilingual_e5_small,DEV-LOCAL-V1-002504,DEV-LOCAL-V1-002501,3,0.3333333333333333,False,True,True
multilingual_e5_small,DEV-LOCAL-V1-002505,DEV-LOCAL-V1-002501,3,0.3333333333333333,False,True,True
multilingual_e5_small,DEV-LOCAL-V1-002506,DEV-LOCAL-V1-002501,28,0.03571428571428571,False,False,False
multilingual_e5_small,DEV-LOCAL-V1-001962,DEV-LOCAL-V1-001961,1,1.0,True,True,True
multilingual_e5_small,DEV-LOCAL-V1-001963,DEV-LOCAL-V1-001961,5,0.2,False,True,True
multilingual_e5_small,DEV-LOCAL-V1-001964,DEV-LOCAL-V1-001961,9,0.1111111111111111,False,False,True
multilingual_e5_small,DEV-LOCAL-V1-001965,DEV-LOCAL-V1-001961,7,0.14285714285714285,False,False,True
multilingual_e5_small,DEV-LOCAL-V1-001966,DEV-LOCAL-V1-001961,39,0.02564102564102564,False,False,False
multilingual_e5_small,DEV-LOCAL-V1-001614,DEV-LOCAL-V1-001613,9,0.1111111111111111,False,False,True
multilingual_e5_small,DEV-LOCAL-V1-001615,DEV-LOCAL-V1-001613,8,0.125,False,False,True
multilingual_e5_small,DEV-LOCAL-V1-001616,DEV-LOCAL-V1-001613,1,1.0,True,True,True
multilingual_e5_small,DEV-LOCAL-V1-001617,DEV-LOCAL-V1-001613,10,0.1,False,False,True
multilingual_e5_small,DEV-LOCAL-V1-001618,DEV-LOCAL-V1-001613,15,0.06666666666666667,False,False,True
multilingual_e5_small,DEV-LOCAL-V1-002070,DEV-LOCAL-V1-002069,9,0.1111111111111111,False,False,True
multilingual_e5_small,DEV-LOCAL-V1-002071,DEV-LOCAL-V1-002069,5,0.2,False,True,True
multilingual_e5_small,DEV-LOCAL-V1-002072,DEV-LOCAL-V1-002069,3,0.3333333333333333,False,True,True
multilingual_e5_small,DEV-LOCAL-V1-002073,DEV-LOCAL-V1-002069,1,1.0,True,True,True
multilingual_e5_small,DEV-LOCAL-V1-002074,DEV-LOCAL-V1-002069,31,0.03225806451612903,False,False,False
multilingual_e5_small,DEV-LOCAL-V1-001818,DEV-LOCAL-V1-001817,10,0.1,False,False,True
multilingual_e5_small,DEV-LOCAL-V1-001819,DEV-LOCAL-V1-001817,2,0.5,False,True,True
multilingual_e5_small,DEV-LOCAL-V1-001820,DEV-LOCAL-V1-001817,13,0.07692307692307693,False,False,True
multilingual_e5_small,DEV-LOCAL-V1-001821,DEV-LOCAL-V1-001817,3,0.3333333333333333,False,True,True
multilingual_e5_small,DEV-LOCAL-V1-001822,DEV-LOCAL-V1-001817,43,0.023255813953488372,False,False,False
multilingual_e5_small,DEV-LOCAL-V1-002238,DEV-LOCAL-V1-002237,24,0.041666666666666664,False,False,False
multilingual_e5_small,DEV-LOCAL-V1-002239,DEV-LOCAL-V1-002237,2,0.5,False,True,True
multilingual_e5_small,DEV-LOCAL-V1-002240,DEV-LOCAL-V1-002237,72,0.013888888888888888,False,False,False
multilingual_e5_small,DEV-LOCAL-V1-002241,DEV-LOCAL-V1-002237,10,0.1,False,False,True
multilingual_e5_small,DEV-LOCAL-V1-002242,DEV-LOCAL-V1-002237,42,0.023809523809523808,False,False,False
multilingual_e5_small,DEV-LOCAL-V1-002250,DEV-LOCAL-V1-002249,15,0.06666666666666667,False,False,True
multilingual_e5_small,DEV-LOCAL-V1-002251,DEV-LOCAL-V1-002249,14,0.07142857142857142,False,False,True
multilingual_e5_small,DEV-LOCAL-V1-002252,DEV-LOCAL-V1-002249,16,0.0625,False,False,True
multilingual_e5_small,DEV-LOCAL-V1-002253,DEV-LOCAL-V1-002249,2,0.5,False,True,True
multilingual_e5_small,DEV-LOCAL-V1-002254,DEV-LOCAL-V1-002249,45,0.022222222222222223,False,False,False
multilingual_e5_small,DEV-LOCAL-V1-002034,DEV-LOCAL-V1-002033,8,0.125,False,False,True
multilingual_e5_small,DEV-LOCAL-V1-002035,DEV-LOCAL-V1-002033,5,0.2,False,True,True
multilingual_e5_small,DEV-LOCAL-V1-002036,DEV-LOCAL-V1-002033,1,1.0,True,True,True
multilingual_e5_small,DEV-LOCAL-V1-002037,DEV-LOCAL-V1-002033,5,0.2,False,True,True
multilingual_e5_small,DEV-LOCAL-V1-002038,DEV-LOCAL-V1-002033,37,0.02702702702702703,False,False,False
multilingual_e5_small,DEV-LOCAL-V1-001890,DEV-LOCAL-V1-001889,3,0.3333333333333333,False,True,True
multilingual_e5_small,DEV-LOCAL-V1-001891,DEV-LOCAL-V1-001889,3,0.3333333333333333,False,True,True
multilingual_e5_small,DEV-LOCAL-V1-001892,DEV-LOCAL-V1-001889,4,0.25,False,True,True
multilingual_e5_small,DEV-LOCAL-V1-001893,DEV-LOCAL-V1-001889,1,1.0,True,True,True
multilingual_e5_small,DEV-LOCAL-V1-001894,DEV-LOCAL-V1-001889,31,0.03225806451612903,False,False,False
multilingual_e5_small,DEV-LOCAL-V1-002550,DEV-LOCAL-V1-002549,4,0.25,False,True,True
multilingual_e5_small,DEV-LOCAL-V1-002551,DEV-LOCAL-V1-002549,2,0.5,False,True,True
multilingual_e5_small,DEV-LOCAL-V1-002552,DEV-LOCAL-V1-002549,4,0.25,False,True,True
multilingual_e5_small,DEV-LOCAL-V1-002553,DEV-LOCAL-V1-002549,1,1.0,True,True,True
multilingual_e5_small,DEV-LOCAL-V1-002554,DEV-LOCAL-V1-002549,8,0.125,False,False,True
multilingual_e5_small,DEV-LOCAL-V1-002418,DEV-LOCAL-V1-002417,22,0.045454545454545456,False,False,False
multilingual_e5_small,DEV-LOCAL-V1-002419,DEV-LOCAL-V1-002417,2,0.5,False,True,True
multilingual_e5_small,DEV-LOCAL-V1-002420,DEV-LOCAL-V1-002417,28,0.03571428571428571,False,False,False
multilingual_e5_small,DEV-LOCAL-V1-002421,DEV-LOCAL-V1-002417,6,0.16666666666666666,False,False,True
multilingual_e5_small,DEV-LOCAL-V1-002422,DEV-LOCAL-V1-002417,41,0.024390243902439025,False,False,False
multilingual_e5_small,DEV-LOCAL-V1-002586,DEV-LOCAL-V1-002585,2,0.5,False,True,True
multilingual_e5_small,DEV-LOCAL-V1-002587,DEV-LOCAL-V1-002585,1,1.0,True,True,True
multilingual_e5_small,DEV-LOCAL-V1-002588,DEV-LOCAL-V1-002585,4,0.25,False,True,True
multilingual_e5_small,DEV-LOCAL-V1-002589,DEV-LOCAL-V1-002585,4,0.25,False,True,True
multilingual_e5_small,DEV-LOCAL-V1-002590,DEV-LOCAL-V1-002585,1,1.0,True,True,True
multilingual_e5_small,DEV-LOCAL-V1-002790,DEV-LOCAL-V1-002789,16,0.0625,False,False,True
multilingual_e5_small,DEV-LOCAL-V1-002791,DEV-LOCAL-V1-002789,8,0.125,False,False,True
multilingual_e5_small,DEV-LOCAL-V1-002792,DEV-LOCAL-V1-002789,6,0.16666666666666666,False,False,True
multilingual_e5_small,DEV-LOCAL-V1-002793,DEV-LOCAL-V1-002789,1,1.0,True,True,True
multilingual_e5_small,DEV-LOCAL-V1-002794,DEV-LOCAL-V1-002789,43,0.023255813953488372,False,False,False
multilingual_e5_small,DEV-LOCAL-V1-002670,DEV-LOCAL-V1-002669,47,0.02127659574468085,False,False,False
multilingual_e5_small,DEV-LOCAL-V1-002671,DEV-LOCAL-V1-002669,9,0.1111111111111111,False,False,True
multilingual_e5_small,DEV-LOCAL-V1-002672,DEV-LOCAL-V1-002669,77,0.012987012987012988,False,False,False
multilingual_e5_small,DEV-LOCAL-V1-002673,DEV-LOCAL-V1-002669,3,0.3333333333333333,False,True,True
multilingual_e5_small,DEV-LOCAL-V1-002674,DEV-LOCAL-V1-002669,43,0.023255813953488372,False,False,False
multilingual_e5_small,DEV-LOCAL-V1-002598,DEV-LOCAL-V1-002597,83,0.012048192771084338,False,False,False
multilingual_e5_small,DEV-LOCAL-V1-002599,DEV-LOCAL-V1-002597,21,0.047619047619047616,False,False,False
multilingual_e5_small,DEV-LOCAL-V1-002600,DEV-LOCAL-V1-002597,158,0.006329113924050633,False,False,False
multilingual_e5_small,DEV-LOCAL-V1-002601,DEV-LOCAL-V1-002597,72,0.013888888888888888,False,False,False
multilingual_e5_small,DEV-LOCAL-V1-002602,DEV-LOCAL-V1-002597,67,0.014925373134328358,False,False,False
multilingual_e5_small,DEV-LOCAL-V1-002634,DEV-LOCAL-V1-002633,51,0.0196078431372549,False,False,False
multilingual_e5_small,DEV-LOCAL-V1-002635,DEV-LOCAL-V1-002633,21,0.047619047619047616,False,False,False
multilingual_e5_small,DEV-LOCAL-V1-002636,DEV-LOCAL-V1-002633,2,0.5,False,True,True
multilingual_e5_small,DEV-LOCAL-V1-002637,DEV-LOCAL-V1-002633,26,0.038461538461538464,False,False,False
multilingual_e5_small,DEV-LOCAL-V1-002638,DEV-LOCAL-V1-002633,44,0.022727272727272728,False,False,False
multilingual_e5_small,DEV-LOCAL-V1-001854,DEV-LOCAL-V1-001853,23,0.043478260869565216,False,False,False
multilingual_e5_small,DEV-LOCAL-V1-001855,DEV-LOCAL-V1-001853,13,0.07692307692307693,False,False,True
multilingual_e5_small,DEV-LOCAL-V1-001856,DEV-LOCAL-V1-001853,1,1.0,True,True,True
multilingual_e5_small,DEV-LOCAL-V1-001857,DEV-LOCAL-V1-001853,17,0.058823529411764705,False,False,True
multilingual_e5_small,DEV-LOCAL-V1-001858,DEV-LOCAL-V1-001853,46,0.021739130434782608,False,False,False
multilingual_e5_small,DEV-LOCAL-V1-002454,DEV-LOCAL-V1-002453,66,0.015151515151515152,False,False,False
multilingual_e5_small,DEV-LOCAL-V1-002455,DEV-LOCAL-V1-002453,29,0.034482758620689655,False,False,False
multilingual_e5_small,DEV-LOCAL-V1-002456,DEV-LOCAL-V1-002453,39,0.02564102564102564,False,False,False
multilingual_e5_small,DEV-LOCAL-V1-002457,DEV-LOCAL-V1-002453,48,0.020833333333333332,False,False,False
multilingual_e5_small,DEV-LOCAL-V1-002458,DEV-LOCAL-V1-002453,60,0.016666666666666666,False,False,False
multilingual_e5_small,DEV-LOCAL-V1-001806,DEV-LOCAL-V1-001805,16,0.0625,False,False,True
multilingual_e5_small,DEV-LOCAL-V1-001807,DEV-LOCAL-V1-001805,4,0.25,False,True,True
multilingual_e5_small,DEV-LOCAL-V1-001808,DEV-LOCAL-V1-001805,55,0.01818181818181818,False,False,False
multilingual_e5_small,DEV-LOCAL-V1-001809,DEV-LOCAL-V1-001805,38,0.02631578947368421,False,False,False
multilingual_e5_small,DEV-LOCAL-V1-001810,DEV-LOCAL-V1-001805,2,0.5,False,True,True
multilingual_e5_small,DEV-LOCAL-V1-002706,DEV-LOCAL-V1-002705,1,1.0,True,True,True
multilingual_e5_small,DEV-LOCAL-V1-002707,DEV-LOCAL-V1-002705,1,1.0,True,True,True
multilingual_e5_small,DEV-LOCAL-V1-002708,DEV-LOCAL-V1-002705,1,1.0,True,True,True
multilingual_e5_small,DEV-LOCAL-V1-002709,DEV-LOCAL-V1-002705,1,1.0,True,True,True
multilingual_e5_small,DEV-LOCAL-V1-002710,DEV-LOCAL-V1-002705,1,1.0,True,True,True
multilingual_e5_small,DEV-LOCAL-V1-002430,DEV-LOCAL-V1-002429,18,0.05555555555555555,False,False,True
multilingual_e5_small,DEV-LOCAL-V1-002431,DEV-LOCAL-V1-002429,6,0.16666666666666666,False,False,True
multilingual_e5_small,DEV-LOCAL-V1-002432,DEV-LOCAL-V1-002429,5,0.2,False,True,True
multilingual_e5_small,DEV-LOCAL-V1-002433,DEV-LOCAL-V1-002429,1,1.0,True,True,True
multilingual_e5_small,DEV-LOCAL-V1-002434,DEV-LOCAL-V1-002429,42,0.023809523809523808,False,False,False
multilingual_e5_small,DEV-LOCAL-V1-001734,DEV-LOCAL-V1-001733,68,0.014705882352941176,False,False,False
multilingual_e5_small,DEV-LOCAL-V1-001735,DEV-LOCAL-V1-001733,28,0.03571428571428571,False,False,False
multilingual_e5_small,DEV-LOCAL-V1-001736,DEV-LOCAL-V1-001733,30,0.03333333333333333,False,False,False
multilingual_e5_small,DEV-LOCAL-V1-001737,DEV-LOCAL-V1-001733,52,0.019230769230769232,False,False,False
multilingual_e5_small,DEV-LOCAL-V1-001738,DEV-LOCAL-V1-001733,58,0.017241379310344827,False,False,False
multilingual_minilm_l12,DEV-LOCAL-V1-002322,DEV-LOCAL-V1-002321,1,1.0,True,True,True
multilingual_minilm_l12,DEV-LOCAL-V1-002323,DEV-LOCAL-V1-002321,5,0.2,False,True,True
multilingual_minilm_l12,DEV-LOCAL-V1-002324,DEV-LOCAL-V1-002321,18,0.05555555555555555,False,False,True
multilingual_minilm_l12,DEV-LOCAL-V1-002325,DEV-LOCAL-V1-002321,30,0.03333333333333333,False,False,False
multilingual_minilm_l12,DEV-LOCAL-V1-002326,DEV-LOCAL-V1-002321,74,0.013513513513513514,False,False,False
multilingual_minilm_l12,DEV-LOCAL-V1-002658,DEV-LOCAL-V1-002657,50,0.02,False,False,False
multilingual_minilm_l12,DEV-LOCAL-V1-002659,DEV-LOCAL-V1-002657,6,0.16666666666666666,False,False,True
multilingual_minilm_l12,DEV-LOCAL-V1-002660,DEV-LOCAL-V1-002657,15,0.06666666666666667,False,False,True
multilingual_minilm_l12,DEV-LOCAL-V1-002661,DEV-LOCAL-V1-002657,51,0.0196078431372549,False,False,False
multilingual_minilm_l12,DEV-LOCAL-V1-002662,DEV-LOCAL-V1-002657,71,0.014084507042253521,False,False,False
multilingual_minilm_l12,DEV-LOCAL-V1-001710,DEV-LOCAL-V1-001709,127,0.007874015748031496,False,False,False
multilingual_minilm_l12,DEV-LOCAL-V1-001711,DEV-LOCAL-V1-001709,96,0.010416666666666666,False,False,False
multilingual_minilm_l12,DEV-LOCAL-V1-001712,DEV-LOCAL-V1-001709,110,0.00909090909090909,False,False,False
multilingual_minilm_l12,DEV-LOCAL-V1-001713,DEV-LOCAL-V1-001709,89,0.011235955056179775,False,False,False
multilingual_minilm_l12,DEV-LOCAL-V1-001714,DEV-LOCAL-V1-001709,139,0.007194244604316547,False,False,False
multilingual_minilm_l12,DEV-LOCAL-V1-001758,DEV-LOCAL-V1-001757,15,0.06666666666666667,False,False,True
multilingual_minilm_l12,DEV-LOCAL-V1-001759,DEV-LOCAL-V1-001757,1,1.0,True,True,True
multilingual_minilm_l12,DEV-LOCAL-V1-001760,DEV-LOCAL-V1-001757,12,0.08333333333333333,False,False,True
multilingual_minilm_l12,DEV-LOCAL-V1-001761,DEV-LOCAL-V1-001757,20,0.05,False,False,True
multilingual_minilm_l12,DEV-LOCAL-V1-001762,DEV-LOCAL-V1-001757,36,0.027777777777777776,False,False,False
multilingual_minilm_l12,DEV-LOCAL-V1-002370,DEV-LOCAL-V1-002369,50,0.02,False,False,False
multilingual_minilm_l12,DEV-LOCAL-V1-002371,DEV-LOCAL-V1-002369,63,0.015873015873015872,False,False,False
multilingual_minilm_l12,DEV-LOCAL-V1-002372,DEV-LOCAL-V1-002369,21,0.047619047619047616,False,False,False
multilingual_minilm_l12,DEV-LOCAL-V1-002373,DEV-LOCAL-V1-002369,2,0.5,False,True,True
multilingual_minilm_l12,DEV-LOCAL-V1-002374,DEV-LOCAL-V1-002369,36,0.027777777777777776,False,False,False
multilingual_minilm_l12,DEV-LOCAL-V1-002382,DEV-LOCAL-V1-002381,7,0.14285714285714285,False,False,True
multilingual_minilm_l12,DEV-LOCAL-V1-002383,DEV-LOCAL-V1-002381,33,0.030303030303030304,False,False,False
multilingual_minilm_l12,DEV-LOCAL-V1-002384,DEV-LOCAL-V1-002381,98,0.01020408163265306,False,False,False
multilingual_minilm_l12,DEV-LOCAL-V1-002385,DEV-LOCAL-V1-002381,58,0.017241379310344827,False,False,False
multilingual_minilm_l12,DEV-LOCAL-V1-002386,DEV-LOCAL-V1-002381,103,0.009708737864077669,False,False,False
multilingual_minilm_l12,DEV-LOCAL-V1-001842,DEV-LOCAL-V1-001841,2,0.5,False,True,True
multilingual_minilm_l12,DEV-LOCAL-V1-001843,DEV-LOCAL-V1-001841,5,0.2,False,True,True
multilingual_minilm_l12,DEV-LOCAL-V1-001844,DEV-LOCAL-V1-001841,5,0.2,False,True,True
multilingual_minilm_l12,DEV-LOCAL-V1-001845,DEV-LOCAL-V1-001841,11,0.09090909090909091,False,False,True
multilingual_minilm_l12,DEV-LOCAL-V1-001846,DEV-LOCAL-V1-001841,23,0.043478260869565216,False,False,False
multilingual_minilm_l12,DEV-LOCAL-V1-001746,DEV-LOCAL-V1-001745,1,1.0,True,True,True
multilingual_minilm_l12,DEV-LOCAL-V1-001747,DEV-LOCAL-V1-001745,12,0.08333333333333333,False,False,True
multilingual_minilm_l12,DEV-LOCAL-V1-001748,DEV-LOCAL-V1-001745,5,0.2,False,True,True
multilingual_minilm_l12,DEV-LOCAL-V1-001749,DEV-LOCAL-V1-001745,3,0.3333333333333333,False,True,True
multilingual_minilm_l12,DEV-LOCAL-V1-001750,DEV-LOCAL-V1-001745,4,0.25,False,True,True
multilingual_minilm_l12,DEV-LOCAL-V1-002166,DEV-LOCAL-V1-002165,22,0.045454545454545456,False,False,False
multilingual_minilm_l12,DEV-LOCAL-V1-002167,DEV-LOCAL-V1-002165,19,0.05263157894736842,False,False,True
multilingual_minilm_l12,DEV-LOCAL-V1-002168,DEV-LOCAL-V1-002165,19,0.05263157894736842,False,False,True
multilingual_minilm_l12,DEV-LOCAL-V1-002169,DEV-LOCAL-V1-002165,17,0.058823529411764705,False,False,True
multilingual_minilm_l12,DEV-LOCAL-V1-002170,DEV-LOCAL-V1-002165,18,0.05555555555555555,False,False,True
multilingual_minilm_l12,DEV-LOCAL-V1-002298,DEV-LOCAL-V1-002297,54,0.018518518518518517,False,False,False
multilingual_minilm_l12,DEV-LOCAL-V1-002299,DEV-LOCAL-V1-002297,1,1.0,True,True,True
multilingual_minilm_l12,DEV-LOCAL-V1-002300,DEV-LOCAL-V1-002297,14,0.07142857142857142,False,False,True
multilingual_minilm_l12,DEV-LOCAL-V1-002301,DEV-LOCAL-V1-002297,74,0.013513513513513514,False,False,False
multilingual_minilm_l12,DEV-LOCAL-V1-002302,DEV-LOCAL-V1-002297,102,0.00980392156862745,False,False,False
multilingual_minilm_l12,DEV-LOCAL-V1-002766,DEV-LOCAL-V1-002765,5,0.2,False,True,True
multilingual_minilm_l12,DEV-LOCAL-V1-002767,DEV-LOCAL-V1-002765,18,0.05555555555555555,False,False,True
multilingual_minilm_l12,DEV-LOCAL-V1-002768,DEV-LOCAL-V1-002765,18,0.05555555555555555,False,False,True
multilingual_minilm_l12,DEV-LOCAL-V1-002769,DEV-LOCAL-V1-002765,16,0.0625,False,False,True
multilingual_minilm_l12,DEV-LOCAL-V1-002770,DEV-LOCAL-V1-002765,1,1.0,True,True,True
multilingual_minilm_l12,DEV-LOCAL-V1-001974,DEV-LOCAL-V1-001973,8,0.125,False,False,True
multilingual_minilm_l12,DEV-LOCAL-V1-001975,DEV-LOCAL-V1-001973,1,1.0,True,True,True
multilingual_minilm_l12,DEV-LOCAL-V1-001976,DEV-LOCAL-V1-001973,1,1.0,True,True,True
multilingual_minilm_l12,DEV-LOCAL-V1-001977,DEV-LOCAL-V1-001973,5,0.2,False,True,True
multilingual_minilm_l12,DEV-LOCAL-V1-001978,DEV-LOCAL-V1-001973,19,0.05263157894736842,False,False,True
multilingual_minilm_l12,DEV-LOCAL-V1-002754,DEV-LOCAL-V1-002753,48,0.020833333333333332,False,False,False
multilingual_minilm_l12,DEV-LOCAL-V1-002755,DEV-LOCAL-V1-002753,2,0.5,False,True,True
multilingual_minilm_l12,DEV-LOCAL-V1-002756,DEV-LOCAL-V1-002753,1,1.0,True,True,True
multilingual_minilm_l12,DEV-LOCAL-V1-002757,DEV-LOCAL-V1-002753,10,0.1,False,False,True
multilingual_minilm_l12,DEV-LOCAL-V1-002758,DEV-LOCAL-V1-002753,90,0.011111111111111112,False,False,False
multilingual_minilm_l12,DEV-LOCAL-V1-002562,DEV-LOCAL-V1-002561,2,0.5,False,True,True
multilingual_minilm_l12,DEV-LOCAL-V1-002563,DEV-LOCAL-V1-002561,4,0.25,False,True,True
multilingual_minilm_l12,DEV-LOCAL-V1-002564,DEV-LOCAL-V1-002561,4,0.25,False,True,True
multilingual_minilm_l12,DEV-LOCAL-V1-002565,DEV-LOCAL-V1-002561,4,0.25,False,True,True
multilingual_minilm_l12,DEV-LOCAL-V1-002566,DEV-LOCAL-V1-002561,9,0.1111111111111111,False,False,True
multilingual_minilm_l12,DEV-LOCAL-V1-001926,DEV-LOCAL-V1-001925,31,0.03225806451612903,False,False,False
multilingual_minilm_l12,DEV-LOCAL-V1-001927,DEV-LOCAL-V1-001925,14,0.07142857142857142,False,False,True
multilingual_minilm_l12,DEV-LOCAL-V1-001928,DEV-LOCAL-V1-001925,14,0.07142857142857142,False,False,True
multilingual_minilm_l12,DEV-LOCAL-V1-001929,DEV-LOCAL-V1-001925,56,0.017857142857142856,False,False,False
multilingual_minilm_l12,DEV-LOCAL-V1-001930,DEV-LOCAL-V1-001925,17,0.058823529411764705,False,False,True
multilingual_minilm_l12,DEV-LOCAL-V1-002226,DEV-LOCAL-V1-002225,30,0.03333333333333333,False,False,False
multilingual_minilm_l12,DEV-LOCAL-V1-002227,DEV-LOCAL-V1-002225,83,0.012048192771084338,False,False,False
multilingual_minilm_l12,DEV-LOCAL-V1-002228,DEV-LOCAL-V1-002225,56,0.017857142857142856,False,False,False
multilingual_minilm_l12,DEV-LOCAL-V1-002229,DEV-LOCAL-V1-002225,21,0.047619047619047616,False,False,False
multilingual_minilm_l12,DEV-LOCAL-V1-002230,DEV-LOCAL-V1-002225,4,0.25,False,True,True
multilingual_minilm_l12,DEV-LOCAL-V1-001782,DEV-LOCAL-V1-001781,8,0.125,False,False,True
multilingual_minilm_l12,DEV-LOCAL-V1-001783,DEV-LOCAL-V1-001781,51,0.0196078431372549,False,False,False
multilingual_minilm_l12,DEV-LOCAL-V1-001784,DEV-LOCAL-V1-001781,89,0.011235955056179775,False,False,False
multilingual_minilm_l12,DEV-LOCAL-V1-001785,DEV-LOCAL-V1-001781,142,0.007042253521126761,False,False,False
multilingual_minilm_l12,DEV-LOCAL-V1-001786,DEV-LOCAL-V1-001781,88,0.011363636363636364,False,False,False
multilingual_minilm_l12,DEV-LOCAL-V1-002730,DEV-LOCAL-V1-002729,115,0.008695652173913044,False,False,False
multilingual_minilm_l12,DEV-LOCAL-V1-002731,DEV-LOCAL-V1-002729,85,0.011764705882352941,False,False,False
multilingual_minilm_l12,DEV-LOCAL-V1-002732,DEV-LOCAL-V1-002729,67,0.014925373134328358,False,False,False
multilingual_minilm_l12,DEV-LOCAL-V1-002733,DEV-LOCAL-V1-002729,31,0.03225806451612903,False,False,False
multilingual_minilm_l12,DEV-LOCAL-V1-002734,DEV-LOCAL-V1-002729,74,0.013513513513513514,False,False,False
multilingual_minilm_l12,DEV-LOCAL-V1-002694,DEV-LOCAL-V1-002693,7,0.14285714285714285,False,False,True
multilingual_minilm_l12,DEV-LOCAL-V1-002695,DEV-LOCAL-V1-002693,3,0.3333333333333333,False,True,True
multilingual_minilm_l12,DEV-LOCAL-V1-002696,DEV-LOCAL-V1-002693,1,1.0,True,True,True
multilingual_minilm_l12,DEV-LOCAL-V1-002697,DEV-LOCAL-V1-002693,6,0.16666666666666666,False,False,True
multilingual_minilm_l12,DEV-LOCAL-V1-002698,DEV-LOCAL-V1-002693,13,0.07692307692307693,False,False,True
multilingual_minilm_l12,DEV-LOCAL-V1-002394,DEV-LOCAL-V1-002393,49,0.02040816326530612,False,False,False
multilingual_minilm_l12,DEV-LOCAL-V1-002395,DEV-LOCAL-V1-002393,3,0.3333333333333333,False,True,True
multilingual_minilm_l12,DEV-LOCAL-V1-002396,DEV-LOCAL-V1-002393,2,0.5,False,True,True
multilingual_minilm_l12,DEV-LOCAL-V1-002397,DEV-LOCAL-V1-002393,6,0.16666666666666666,False,False,True
multilingual_minilm_l12,DEV-LOCAL-V1-002398,DEV-LOCAL-V1-002393,119,0.008403361344537815,False,False,False
multilingual_minilm_l12,DEV-LOCAL-V1-002718,DEV-LOCAL-V1-002717,133,0.007518796992481203,False,False,False
multilingual_minilm_l12,DEV-LOCAL-V1-002719,DEV-LOCAL-V1-002717,106,0.009433962264150943,False,False,False
multilingual_minilm_l12,DEV-LOCAL-V1-002720,DEV-LOCAL-V1-002717,168,0.005952380952380952,False,False,False
multilingual_minilm_l12,DEV-LOCAL-V1-002721,DEV-LOCAL-V1-002717,183,0.00546448087431694,False,False,False
multilingual_minilm_l12,DEV-LOCAL-V1-002722,DEV-LOCAL-V1-002717,179,0.00558659217877095,False,False,False
multilingual_minilm_l12,DEV-LOCAL-V1-002130,DEV-LOCAL-V1-002129,5,0.2,False,True,True
multilingual_minilm_l12,DEV-LOCAL-V1-002131,DEV-LOCAL-V1-002129,1,1.0,True,True,True
multilingual_minilm_l12,DEV-LOCAL-V1-002132,DEV-LOCAL-V1-002129,1,1.0,True,True,True
multilingual_minilm_l12,DEV-LOCAL-V1-002133,DEV-LOCAL-V1-002129,2,0.5,False,True,True
multilingual_minilm_l12,DEV-LOCAL-V1-002134,DEV-LOCAL-V1-002129,12,0.08333333333333333,False,False,True
multilingual_minilm_l12,DEV-LOCAL-V1-002466,DEV-LOCAL-V1-002465,1,1.0,True,True,True
multilingual_minilm_l12,DEV-LOCAL-V1-002467,DEV-LOCAL-V1-002465,10,0.1,False,False,True
multilingual_minilm_l12,DEV-LOCAL-V1-002468,DEV-LOCAL-V1-002465,4,0.25,False,True,True
multilingual_minilm_l12,DEV-LOCAL-V1-002469,DEV-LOCAL-V1-002465,3,0.3333333333333333,False,True,True
multilingual_minilm_l12,DEV-LOCAL-V1-002470,DEV-LOCAL-V1-002465,3,0.3333333333333333,False,True,True
multilingual_minilm_l12,DEV-LOCAL-V1-001674,DEV-LOCAL-V1-001673,76,0.013157894736842105,False,False,False
multilingual_minilm_l12,DEV-LOCAL-V1-001675,DEV-LOCAL-V1-001673,3,0.3333333333333333,False,True,True
multilingual_minilm_l12,DEV-LOCAL-V1-001676,DEV-LOCAL-V1-001673,2,0.5,False,True,True
multilingual_minilm_l12,DEV-LOCAL-V1-001677,DEV-LOCAL-V1-001673,13,0.07692307692307693,False,False,True
multilingual_minilm_l12,DEV-LOCAL-V1-001678,DEV-LOCAL-V1-001673,118,0.00847457627118644,False,False,False
multilingual_minilm_l12,DEV-LOCAL-V1-002490,DEV-LOCAL-V1-002489,8,0.125,False,False,True
multilingual_minilm_l12,DEV-LOCAL-V1-002491,DEV-LOCAL-V1-002489,1,1.0,True,True,True
multilingual_minilm_l12,DEV-LOCAL-V1-002492,DEV-LOCAL-V1-002489,1,1.0,True,True,True
multilingual_minilm_l12,DEV-LOCAL-V1-002493,DEV-LOCAL-V1-002489,4,0.25,False,True,True
multilingual_minilm_l12,DEV-LOCAL-V1-002494,DEV-LOCAL-V1-002489,20,0.05,False,False,True
multilingual_minilm_l12,DEV-LOCAL-V1-001998,DEV-LOCAL-V1-001997,154,0.006493506493506494,False,False,False
multilingual_minilm_l12,DEV-LOCAL-V1-001999,DEV-LOCAL-V1-001997,161,0.006211180124223602,False,False,False
multilingual_minilm_l12,DEV-LOCAL-V1-002000,DEV-LOCAL-V1-001997,180,0.005555555555555556,False,False,False
multilingual_minilm_l12,DEV-LOCAL-V1-002001,DEV-LOCAL-V1-001997,190,0.005263157894736842,False,False,False
multilingual_minilm_l12,DEV-LOCAL-V1-002002,DEV-LOCAL-V1-001997,183,0.00546448087431694,False,False,False
multilingual_minilm_l12,DEV-LOCAL-V1-002358,DEV-LOCAL-V1-002357,141,0.0070921985815602835,False,False,False
multilingual_minilm_l12,DEV-LOCAL-V1-002359,DEV-LOCAL-V1-002357,128,0.0078125,False,False,False
multilingual_minilm_l12,DEV-LOCAL-V1-002360,DEV-LOCAL-V1-002357,173,0.005780346820809248,False,False,False
multilingual_minilm_l12,DEV-LOCAL-V1-002361,DEV-LOCAL-V1-002357,187,0.0053475935828877,False,False,False
multilingual_minilm_l12,DEV-LOCAL-V1-002362,DEV-LOCAL-V1-002357,187,0.0053475935828877,False,False,False
multilingual_minilm_l12,DEV-LOCAL-V1-001794,DEV-LOCAL-V1-001793,57,0.017543859649122806,False,False,False
multilingual_minilm_l12,DEV-LOCAL-V1-001795,DEV-LOCAL-V1-001793,16,0.0625,False,False,True
multilingual_minilm_l12,DEV-LOCAL-V1-001796,DEV-LOCAL-V1-001793,4,0.25,False,True,True
multilingual_minilm_l12,DEV-LOCAL-V1-001797,DEV-LOCAL-V1-001793,37,0.02702702702702703,False,False,False
multilingual_minilm_l12,DEV-LOCAL-V1-001798,DEV-LOCAL-V1-001793,48,0.020833333333333332,False,False,False
multilingual_minilm_l12,DEV-LOCAL-V1-001638,DEV-LOCAL-V1-001637,114,0.008771929824561403,False,False,False
multilingual_minilm_l12,DEV-LOCAL-V1-001639,DEV-LOCAL-V1-001637,84,0.011904761904761904,False,False,False
multilingual_minilm_l12,DEV-LOCAL-V1-001640,DEV-LOCAL-V1-001637,124,0.008064516129032258,False,False,False
multilingual_minilm_l12,DEV-LOCAL-V1-001641,DEV-LOCAL-V1-001637,154,0.006493506493506494,False,False,False
multilingual_minilm_l12,DEV-LOCAL-V1-001642,DEV-LOCAL-V1-001637,142,0.007042253521126761,False,False,False
multilingual_minilm_l12,DEV-LOCAL-V1-002478,DEV-LOCAL-V1-002477,21,0.047619047619047616,False,False,False
multilingual_minilm_l12,DEV-LOCAL-V1-002479,DEV-LOCAL-V1-002477,2,0.5,False,True,True
multilingual_minilm_l12,DEV-LOCAL-V1-002480,DEV-LOCAL-V1-002477,14,0.07142857142857142,False,False,True
multilingual_minilm_l12,DEV-LOCAL-V1-002481,DEV-LOCAL-V1-002477,20,0.05,False,False,True
multilingual_minilm_l12,DEV-LOCAL-V1-002482,DEV-LOCAL-V1-002477,40,0.025,False,False,False
multilingual_minilm_l12,DEV-LOCAL-V1-002514,DEV-LOCAL-V1-002513,74,0.013513513513513514,False,False,False
multilingual_minilm_l12,DEV-LOCAL-V1-002515,DEV-LOCAL-V1-002513,31,0.03225806451612903,False,False,False
multilingual_minilm_l12,DEV-LOCAL-V1-002516,DEV-LOCAL-V1-002513,4,0.25,False,True,True
multilingual_minilm_l12,DEV-LOCAL-V1-002517,DEV-LOCAL-V1-002513,34,0.029411764705882353,False,False,False
multilingual_minilm_l12,DEV-LOCAL-V1-002518,DEV-LOCAL-V1-002513,56,0.017857142857142856,False,False,False
multilingual_minilm_l12,DEV-LOCAL-V1-002082,DEV-LOCAL-V1-002081,3,0.3333333333333333,False,True,True
multilingual_minilm_l12,DEV-LOCAL-V1-002083,DEV-LOCAL-V1-002081,47,0.02127659574468085,False,False,False
multilingual_minilm_l12,DEV-LOCAL-V1-002084,DEV-LOCAL-V1-002081,45,0.022222222222222223,False,False,False
multilingual_minilm_l12,DEV-LOCAL-V1-002085,DEV-LOCAL-V1-002081,26,0.038461538461538464,False,False,False
multilingual_minilm_l12,DEV-LOCAL-V1-002086,DEV-LOCAL-V1-002081,32,0.03125,False,False,False
multilingual_minilm_l12,DEV-LOCAL-V1-002094,DEV-LOCAL-V1-002093,120,0.008333333333333333,False,False,False
multilingual_minilm_l12,DEV-LOCAL-V1-002095,DEV-LOCAL-V1-002093,83,0.012048192771084338,False,False,False
multilingual_minilm_l12,DEV-LOCAL-V1-002096,DEV-LOCAL-V1-002093,32,0.03125,False,False,False
multilingual_minilm_l12,DEV-LOCAL-V1-002097,DEV-LOCAL-V1-002093,86,0.011627906976744186,False,False,False
multilingual_minilm_l12,DEV-LOCAL-V1-002098,DEV-LOCAL-V1-002093,171,0.005847953216374269,False,False,False
multilingual_minilm_l12,DEV-LOCAL-V1-002106,DEV-LOCAL-V1-002105,4,0.25,False,True,True
multilingual_minilm_l12,DEV-LOCAL-V1-002107,DEV-LOCAL-V1-002105,14,0.07142857142857142,False,False,True
multilingual_minilm_l12,DEV-LOCAL-V1-002108,DEV-LOCAL-V1-002105,9,0.1111111111111111,False,False,True
multilingual_minilm_l12,DEV-LOCAL-V1-002109,DEV-LOCAL-V1-002105,7,0.14285714285714285,False,False,True
multilingual_minilm_l12,DEV-LOCAL-V1-002110,DEV-LOCAL-V1-002105,1,1.0,True,True,True
multilingual_minilm_l12,DEV-LOCAL-V1-002274,DEV-LOCAL-V1-002273,25,0.04,False,False,False
multilingual_minilm_l12,DEV-LOCAL-V1-002275,DEV-LOCAL-V1-002273,11,0.09090909090909091,False,False,True
multilingual_minilm_l12,DEV-LOCAL-V1-002276,DEV-LOCAL-V1-002273,6,0.16666666666666666,False,False,True
multilingual_minilm_l12,DEV-LOCAL-V1-002277,DEV-LOCAL-V1-002273,26,0.038461538461538464,False,False,False
multilingual_minilm_l12,DEV-LOCAL-V1-002278,DEV-LOCAL-V1-002273,40,0.025,False,False,False
multilingual_minilm_l12,DEV-LOCAL-V1-001602,DEV-LOCAL-V1-001601,1,1.0,True,True,True
multilingual_minilm_l12,DEV-LOCAL-V1-001603,DEV-LOCAL-V1-001601,3,0.3333333333333333,False,True,True
multilingual_minilm_l12,DEV-LOCAL-V1-001604,DEV-LOCAL-V1-001601,5,0.2,False,True,True
multilingual_minilm_l12,DEV-LOCAL-V1-001605,DEV-LOCAL-V1-001601,23,0.043478260869565216,False,False,False
multilingual_minilm_l12,DEV-LOCAL-V1-001606,DEV-LOCAL-V1-001601,50,0.02,False,False,False
multilingual_minilm_l12,DEV-LOCAL-V1-002442,DEV-LOCAL-V1-002441,16,0.0625,False,False,True
multilingual_minilm_l12,DEV-LOCAL-V1-002443,DEV-LOCAL-V1-002441,166,0.006024096385542169,False,False,False
multilingual_minilm_l12,DEV-LOCAL-V1-002444,DEV-LOCAL-V1-002441,139,0.007194244604316547,False,False,False
multilingual_minilm_l12,DEV-LOCAL-V1-002445,DEV-LOCAL-V1-002441,110,0.00909090909090909,False,False,False
multilingual_minilm_l12,DEV-LOCAL-V1-002446,DEV-LOCAL-V1-002441,61,0.01639344262295082,False,False,False
multilingual_minilm_l12,DEV-LOCAL-V1-002778,DEV-LOCAL-V1-002777,14,0.07142857142857142,False,False,True
multilingual_minilm_l12,DEV-LOCAL-V1-002779,DEV-LOCAL-V1-002777,11,0.09090909090909091,False,False,True
multilingual_minilm_l12,DEV-LOCAL-V1-002780,DEV-LOCAL-V1-002777,17,0.058823529411764705,False,False,True
multilingual_minilm_l12,DEV-LOCAL-V1-002781,DEV-LOCAL-V1-002777,17,0.058823529411764705,False,False,True
multilingual_minilm_l12,DEV-LOCAL-V1-002782,DEV-LOCAL-V1-002777,53,0.018867924528301886,False,False,False
multilingual_minilm_l12,DEV-LOCAL-V1-002310,DEV-LOCAL-V1-002309,113,0.008849557522123894,False,False,False
multilingual_minilm_l12,DEV-LOCAL-V1-002311,DEV-LOCAL-V1-002309,123,0.008130081300813009,False,False,False
multilingual_minilm_l12,DEV-LOCAL-V1-002312,DEV-LOCAL-V1-002309,135,0.007407407407407408,False,False,False
multilingual_minilm_l12,DEV-LOCAL-V1-002313,DEV-LOCAL-V1-002309,64,0.015625,False,False,False
multilingual_minilm_l12,DEV-LOCAL-V1-002314,DEV-LOCAL-V1-002309,163,0.006134969325153374,False,False,False
multilingual_minilm_l12,DEV-LOCAL-V1-002022,DEV-LOCAL-V1-002021,17,0.058823529411764705,False,False,True
multilingual_minilm_l12,DEV-LOCAL-V1-002023,DEV-LOCAL-V1-002021,70,0.014285714285714285,False,False,False
multilingual_minilm_l12,DEV-LOCAL-V1-002024,DEV-LOCAL-V1-002021,114,0.008771929824561403,False,False,False
multilingual_minilm_l12,DEV-LOCAL-V1-002025,DEV-LOCAL-V1-002021,76,0.013157894736842105,False,False,False
multilingual_minilm_l12,DEV-LOCAL-V1-002026,DEV-LOCAL-V1-002021,132,0.007575757575757576,False,False,False
multilingual_minilm_l12,DEV-LOCAL-V1-001986,DEV-LOCAL-V1-001985,2,0.5,False,True,True
multilingual_minilm_l12,DEV-LOCAL-V1-001987,DEV-LOCAL-V1-001985,1,1.0,True,True,True
multilingual_minilm_l12,DEV-LOCAL-V1-001988,DEV-LOCAL-V1-001985,1,1.0,True,True,True
multilingual_minilm_l12,DEV-LOCAL-V1-001989,DEV-LOCAL-V1-001985,3,0.3333333333333333,False,True,True
multilingual_minilm_l12,DEV-LOCAL-V1-001990,DEV-LOCAL-V1-001985,2,0.5,False,True,True
multilingual_minilm_l12,DEV-LOCAL-V1-002154,DEV-LOCAL-V1-002153,129,0.007751937984496124,False,False,False
multilingual_minilm_l12,DEV-LOCAL-V1-002155,DEV-LOCAL-V1-002153,58,0.017241379310344827,False,False,False
multilingual_minilm_l12,DEV-LOCAL-V1-002156,DEV-LOCAL-V1-002153,12,0.08333333333333333,False,False,True
multilingual_minilm_l12,DEV-LOCAL-V1-002157,DEV-LOCAL-V1-002153,69,0.014492753623188406,False,False,False
multilingual_minilm_l12,DEV-LOCAL-V1-002158,DEV-LOCAL-V1-002153,81,0.012345679012345678,False,False,False
multilingual_minilm_l12,DEV-LOCAL-V1-002262,DEV-LOCAL-V1-002261,1,1.0,True,True,True
multilingual_minilm_l12,DEV-LOCAL-V1-002263,DEV-LOCAL-V1-002261,1,1.0,True,True,True
multilingual_minilm_l12,DEV-LOCAL-V1-002264,DEV-LOCAL-V1-002261,8,0.125,False,False,True
multilingual_minilm_l12,DEV-LOCAL-V1-002265,DEV-LOCAL-V1-002261,5,0.2,False,True,True
multilingual_minilm_l12,DEV-LOCAL-V1-002266,DEV-LOCAL-V1-002261,7,0.14285714285714285,False,False,True
multilingual_minilm_l12,DEV-LOCAL-V1-002574,DEV-LOCAL-V1-002573,141,0.0070921985815602835,False,False,False
multilingual_minilm_l12,DEV-LOCAL-V1-002575,DEV-LOCAL-V1-002573,140,0.007142857142857143,False,False,False
multilingual_minilm_l12,DEV-LOCAL-V1-002576,DEV-LOCAL-V1-002573,110,0.00909090909090909,False,False,False
multilingual_minilm_l12,DEV-LOCAL-V1-002577,DEV-LOCAL-V1-002573,171,0.005847953216374269,False,False,False
multilingual_minilm_l12,DEV-LOCAL-V1-002578,DEV-LOCAL-V1-002573,150,0.006666666666666667,False,False,False
multilingual_minilm_l12,DEV-LOCAL-V1-002058,DEV-LOCAL-V1-002057,44,0.022727272727272728,False,False,False
multilingual_minilm_l12,DEV-LOCAL-V1-002059,DEV-LOCAL-V1-002057,10,0.1,False,False,True
multilingual_minilm_l12,DEV-LOCAL-V1-002060,DEV-LOCAL-V1-002057,28,0.03571428571428571,False,False,False
multilingual_minilm_l12,DEV-LOCAL-V1-002061,DEV-LOCAL-V1-002057,42,0.023809523809523808,False,False,False
multilingual_minilm_l12,DEV-LOCAL-V1-002062,DEV-LOCAL-V1-002057,67,0.014925373134328358,False,False,False
multilingual_minilm_l12,DEV-LOCAL-V1-002682,DEV-LOCAL-V1-002681,1,1.0,True,True,True
multilingual_minilm_l12,DEV-LOCAL-V1-002683,DEV-LOCAL-V1-002681,5,0.2,False,True,True
multilingual_minilm_l12,DEV-LOCAL-V1-002684,DEV-LOCAL-V1-002681,14,0.07142857142857142,False,False,True
multilingual_minilm_l12,DEV-LOCAL-V1-002685,DEV-LOCAL-V1-002681,20,0.05,False,False,True
multilingual_minilm_l12,DEV-LOCAL-V1-002686,DEV-LOCAL-V1-002681,58,0.017241379310344827,False,False,False
multilingual_minilm_l12,DEV-LOCAL-V1-002406,DEV-LOCAL-V1-002405,6,0.16666666666666666,False,False,True
multilingual_minilm_l12,DEV-LOCAL-V1-002407,DEV-LOCAL-V1-002405,19,0.05263157894736842,False,False,True
multilingual_minilm_l12,DEV-LOCAL-V1-002408,DEV-LOCAL-V1-002405,17,0.058823529411764705,False,False,True
multilingual_minilm_l12,DEV-LOCAL-V1-002409,DEV-LOCAL-V1-002405,22,0.045454545454545456,False,False,False
multilingual_minilm_l12,DEV-LOCAL-V1-002410,DEV-LOCAL-V1-002405,1,1.0,True,True,True
multilingual_minilm_l12,DEV-LOCAL-V1-001950,DEV-LOCAL-V1-001949,108,0.009259259259259259,False,False,False
multilingual_minilm_l12,DEV-LOCAL-V1-001951,DEV-LOCAL-V1-001949,97,0.010309278350515464,False,False,False
multilingual_minilm_l12,DEV-LOCAL-V1-001952,DEV-LOCAL-V1-001949,129,0.007751937984496124,False,False,False
multilingual_minilm_l12,DEV-LOCAL-V1-001953,DEV-LOCAL-V1-001949,11,0.09090909090909091,False,False,True
multilingual_minilm_l12,DEV-LOCAL-V1-001954,DEV-LOCAL-V1-001949,168,0.005952380952380952,False,False,False
multilingual_minilm_l12,DEV-LOCAL-V1-001626,DEV-LOCAL-V1-001625,2,0.5,False,True,True
multilingual_minilm_l12,DEV-LOCAL-V1-001627,DEV-LOCAL-V1-001625,3,0.3333333333333333,False,True,True
multilingual_minilm_l12,DEV-LOCAL-V1-001628,DEV-LOCAL-V1-001625,4,0.25,False,True,True
multilingual_minilm_l12,DEV-LOCAL-V1-001629,DEV-LOCAL-V1-001625,4,0.25,False,True,True
multilingual_minilm_l12,DEV-LOCAL-V1-001630,DEV-LOCAL-V1-001625,1,1.0,True,True,True
multilingual_minilm_l12,DEV-LOCAL-V1-001686,DEV-LOCAL-V1-001685,12,0.08333333333333333,False,False,True
multilingual_minilm_l12,DEV-LOCAL-V1-001687,DEV-LOCAL-V1-001685,21,0.047619047619047616,False,False,False
multilingual_minilm_l12,DEV-LOCAL-V1-001688,DEV-LOCAL-V1-001685,18,0.05555555555555555,False,False,True
multilingual_minilm_l12,DEV-LOCAL-V1-001689,DEV-LOCAL-V1-001685,21,0.047619047619047616,False,False,False
multilingual_minilm_l12,DEV-LOCAL-V1-001690,DEV-LOCAL-V1-001685,1,1.0,True,True,True
multilingual_minilm_l12,DEV-LOCAL-V1-001902,DEV-LOCAL-V1-001901,1,1.0,True,True,True
multilingual_minilm_l12,DEV-LOCAL-V1-001903,DEV-LOCAL-V1-001901,6,0.16666666666666666,False,False,True
multilingual_minilm_l12,DEV-LOCAL-V1-001904,DEV-LOCAL-V1-001901,9,0.1111111111111111,False,False,True
multilingual_minilm_l12,DEV-LOCAL-V1-001905,DEV-LOCAL-V1-001901,7,0.14285714285714285,False,False,True
multilingual_minilm_l12,DEV-LOCAL-V1-001906,DEV-LOCAL-V1-001901,7,0.14285714285714285,False,False,True
multilingual_minilm_l12,DEV-LOCAL-V1-001914,DEV-LOCAL-V1-001913,17,0.058823529411764705,False,False,True
multilingual_minilm_l12,DEV-LOCAL-V1-001915,DEV-LOCAL-V1-001913,13,0.07692307692307693,False,False,True
multilingual_minilm_l12,DEV-LOCAL-V1-001916,DEV-LOCAL-V1-001913,5,0.2,False,True,True
multilingual_minilm_l12,DEV-LOCAL-V1-001917,DEV-LOCAL-V1-001913,16,0.0625,False,False,True
multilingual_minilm_l12,DEV-LOCAL-V1-001918,DEV-LOCAL-V1-001913,46,0.021739130434782608,False,False,False
multilingual_minilm_l12,DEV-LOCAL-V1-002646,DEV-LOCAL-V1-002645,44,0.022727272727272728,False,False,False
multilingual_minilm_l12,DEV-LOCAL-V1-002647,DEV-LOCAL-V1-002645,22,0.045454545454545456,False,False,False
multilingual_minilm_l12,DEV-LOCAL-V1-002648,DEV-LOCAL-V1-002645,29,0.034482758620689655,False,False,False
multilingual_minilm_l12,DEV-LOCAL-V1-002649,DEV-LOCAL-V1-002645,90,0.011111111111111112,False,False,False
multilingual_minilm_l12,DEV-LOCAL-V1-002650,DEV-LOCAL-V1-002645,27,0.037037037037037035,False,False,False
multilingual_minilm_l12,DEV-LOCAL-V1-002334,DEV-LOCAL-V1-002333,9,0.1111111111111111,False,False,True
multilingual_minilm_l12,DEV-LOCAL-V1-002335,DEV-LOCAL-V1-002333,2,0.5,False,True,True
multilingual_minilm_l12,DEV-LOCAL-V1-002336,DEV-LOCAL-V1-002333,1,1.0,True,True,True
multilingual_minilm_l12,DEV-LOCAL-V1-002337,DEV-LOCAL-V1-002333,4,0.25,False,True,True
multilingual_minilm_l12,DEV-LOCAL-V1-002338,DEV-LOCAL-V1-002333,14,0.07142857142857142,False,False,True
multilingual_minilm_l12,DEV-LOCAL-V1-002046,DEV-LOCAL-V1-002045,6,0.16666666666666666,False,False,True
multilingual_minilm_l12,DEV-LOCAL-V1-002047,DEV-LOCAL-V1-002045,18,0.05555555555555555,False,False,True
multilingual_minilm_l12,DEV-LOCAL-V1-002048,DEV-LOCAL-V1-002045,18,0.05555555555555555,False,False,True
multilingual_minilm_l12,DEV-LOCAL-V1-002049,DEV-LOCAL-V1-002045,15,0.06666666666666667,False,False,True
multilingual_minilm_l12,DEV-LOCAL-V1-002050,DEV-LOCAL-V1-002045,1,1.0,True,True,True
multilingual_minilm_l12,DEV-LOCAL-V1-002010,DEV-LOCAL-V1-002009,110,0.00909090909090909,False,False,False
multilingual_minilm_l12,DEV-LOCAL-V1-002011,DEV-LOCAL-V1-002009,72,0.013888888888888888,False,False,False
multilingual_minilm_l12,DEV-LOCAL-V1-002012,DEV-LOCAL-V1-002009,78,0.01282051282051282,False,False,False
multilingual_minilm_l12,DEV-LOCAL-V1-002013,DEV-LOCAL-V1-002009,35,0.02857142857142857,False,False,False
multilingual_minilm_l12,DEV-LOCAL-V1-002014,DEV-LOCAL-V1-002009,99,0.010101010101010102,False,False,False
multilingual_minilm_l12,DEV-LOCAL-V1-001650,DEV-LOCAL-V1-001649,77,0.012987012987012988,False,False,False
multilingual_minilm_l12,DEV-LOCAL-V1-001651,DEV-LOCAL-V1-001649,42,0.023809523809523808,False,False,False
multilingual_minilm_l12,DEV-LOCAL-V1-001652,DEV-LOCAL-V1-001649,28,0.03571428571428571,False,False,False
multilingual_minilm_l12,DEV-LOCAL-V1-001653,DEV-LOCAL-V1-001649,5,0.2,False,True,True
multilingual_minilm_l12,DEV-LOCAL-V1-001654,DEV-LOCAL-V1-001649,38,0.02631578947368421,False,False,False
multilingual_minilm_l12,DEV-LOCAL-V1-002346,DEV-LOCAL-V1-002345,2,0.5,False,True,True
multilingual_minilm_l12,DEV-LOCAL-V1-002347,DEV-LOCAL-V1-002345,2,0.5,False,True,True
multilingual_minilm_l12,DEV-LOCAL-V1-002348,DEV-LOCAL-V1-002345,3,0.3333333333333333,False,True,True
multilingual_minilm_l12,DEV-LOCAL-V1-002349,DEV-LOCAL-V1-002345,4,0.25,False,True,True
multilingual_minilm_l12,DEV-LOCAL-V1-002350,DEV-LOCAL-V1-002345,1,1.0,True,True,True
multilingual_minilm_l12,DEV-LOCAL-V1-002742,DEV-LOCAL-V1-002741,13,0.07692307692307693,False,False,True
multilingual_minilm_l12,DEV-LOCAL-V1-002743,DEV-LOCAL-V1-002741,32,0.03125,False,False,False
multilingual_minilm_l12,DEV-LOCAL-V1-002744,DEV-LOCAL-V1-002741,80,0.0125,False,False,False
multilingual_minilm_l12,DEV-LOCAL-V1-002745,DEV-LOCAL-V1-002741,70,0.014285714285714285,False,False,False
multilingual_minilm_l12,DEV-LOCAL-V1-002746,DEV-LOCAL-V1-002741,116,0.008620689655172414,False,False,False
multilingual_minilm_l12,DEV-LOCAL-V1-001830,DEV-LOCAL-V1-001829,5,0.2,False,True,True
multilingual_minilm_l12,DEV-LOCAL-V1-001831,DEV-LOCAL-V1-001829,2,0.5,False,True,True
multilingual_minilm_l12,DEV-LOCAL-V1-001832,DEV-LOCAL-V1-001829,3,0.3333333333333333,False,True,True
multilingual_minilm_l12,DEV-LOCAL-V1-001833,DEV-LOCAL-V1-001829,1,1.0,True,True,True
multilingual_minilm_l12,DEV-LOCAL-V1-001834,DEV-LOCAL-V1-001829,7,0.14285714285714285,False,False,True
multilingual_minilm_l12,DEV-LOCAL-V1-001866,DEV-LOCAL-V1-001865,52,0.019230769230769232,False,False,False
multilingual_minilm_l12,DEV-LOCAL-V1-001867,DEV-LOCAL-V1-001865,100,0.01,False,False,False
multilingual_minilm_l12,DEV-LOCAL-V1-001868,DEV-LOCAL-V1-001865,108,0.009259259259259259,False,False,False
multilingual_minilm_l12,DEV-LOCAL-V1-001869,DEV-LOCAL-V1-001865,50,0.02,False,False,False
multilingual_minilm_l12,DEV-LOCAL-V1-001870,DEV-LOCAL-V1-001865,10,0.1,False,False,True
multilingual_minilm_l12,DEV-LOCAL-V1-001770,DEV-LOCAL-V1-001769,8,0.125,False,False,True
multilingual_minilm_l12,DEV-LOCAL-V1-001771,DEV-LOCAL-V1-001769,1,1.0,True,True,True
multilingual_minilm_l12,DEV-LOCAL-V1-001772,DEV-LOCAL-V1-001769,3,0.3333333333333333,False,True,True
multilingual_minilm_l12,DEV-LOCAL-V1-001773,DEV-LOCAL-V1-001769,5,0.2,False,True,True
multilingual_minilm_l12,DEV-LOCAL-V1-001774,DEV-LOCAL-V1-001769,19,0.05263157894736842,False,False,True
multilingual_minilm_l12,DEV-LOCAL-V1-002142,DEV-LOCAL-V1-002141,4,0.25,False,True,True
multilingual_minilm_l12,DEV-LOCAL-V1-002143,DEV-LOCAL-V1-002141,10,0.1,False,False,True
multilingual_minilm_l12,DEV-LOCAL-V1-002144,DEV-LOCAL-V1-002141,68,0.014705882352941176,False,False,False
multilingual_minilm_l12,DEV-LOCAL-V1-002145,DEV-LOCAL-V1-002141,134,0.007462686567164179,False,False,False
multilingual_minilm_l12,DEV-LOCAL-V1-002146,DEV-LOCAL-V1-002141,82,0.012195121951219513,False,False,False
multilingual_minilm_l12,DEV-LOCAL-V1-002538,DEV-LOCAL-V1-002537,74,0.013513513513513514,False,False,False
multilingual_minilm_l12,DEV-LOCAL-V1-002539,DEV-LOCAL-V1-002537,1,1.0,True,True,True
multilingual_minilm_l12,DEV-LOCAL-V1-002540,DEV-LOCAL-V1-002537,14,0.07142857142857142,False,False,True
multilingual_minilm_l12,DEV-LOCAL-V1-002541,DEV-LOCAL-V1-002537,18,0.05555555555555555,False,False,True
multilingual_minilm_l12,DEV-LOCAL-V1-002542,DEV-LOCAL-V1-002537,130,0.007692307692307693,False,False,False
multilingual_minilm_l12,DEV-LOCAL-V1-002286,DEV-LOCAL-V1-002285,36,0.027777777777777776,False,False,False
multilingual_minilm_l12,DEV-LOCAL-V1-002287,DEV-LOCAL-V1-002285,29,0.034482758620689655,False,False,False
multilingual_minilm_l12,DEV-LOCAL-V1-002288,DEV-LOCAL-V1-002285,43,0.023255813953488372,False,False,False
multilingual_minilm_l12,DEV-LOCAL-V1-002289,DEV-LOCAL-V1-002285,86,0.011627906976744186,False,False,False
multilingual_minilm_l12,DEV-LOCAL-V1-002290,DEV-LOCAL-V1-002285,15,0.06666666666666667,False,False,True
multilingual_minilm_l12,DEV-LOCAL-V1-002214,DEV-LOCAL-V1-002213,113,0.008849557522123894,False,False,False
multilingual_minilm_l12,DEV-LOCAL-V1-002215,DEV-LOCAL-V1-002213,85,0.011764705882352941,False,False,False
multilingual_minilm_l12,DEV-LOCAL-V1-002216,DEV-LOCAL-V1-002213,59,0.01694915254237288,False,False,False
multilingual_minilm_l12,DEV-LOCAL-V1-002217,DEV-LOCAL-V1-002213,131,0.007633587786259542,False,False,False
multilingual_minilm_l12,DEV-LOCAL-V1-002218,DEV-LOCAL-V1-002213,121,0.008264462809917356,False,False,False
multilingual_minilm_l12,DEV-LOCAL-V1-002190,DEV-LOCAL-V1-002189,7,0.14285714285714285,False,False,True
multilingual_minilm_l12,DEV-LOCAL-V1-002191,DEV-LOCAL-V1-002189,1,1.0,True,True,True
multilingual_minilm_l12,DEV-LOCAL-V1-002192,DEV-LOCAL-V1-002189,3,0.3333333333333333,False,True,True
multilingual_minilm_l12,DEV-LOCAL-V1-002193,DEV-LOCAL-V1-002189,1,1.0,True,True,True
multilingual_minilm_l12,DEV-LOCAL-V1-002194,DEV-LOCAL-V1-002189,13,0.07692307692307693,False,False,True
multilingual_minilm_l12,DEV-LOCAL-V1-001698,DEV-LOCAL-V1-001697,11,0.09090909090909091,False,False,True
multilingual_minilm_l12,DEV-LOCAL-V1-001699,DEV-LOCAL-V1-001697,6,0.16666666666666666,False,False,True
multilingual_minilm_l12,DEV-LOCAL-V1-001700,DEV-LOCAL-V1-001697,9,0.1111111111111111,False,False,True
multilingual_minilm_l12,DEV-LOCAL-V1-001701,DEV-LOCAL-V1-001697,13,0.07692307692307693,False,False,True
multilingual_minilm_l12,DEV-LOCAL-V1-001702,DEV-LOCAL-V1-001697,33,0.030303030303030304,False,False,False
multilingual_minilm_l12,DEV-LOCAL-V1-002118,DEV-LOCAL-V1-002117,17,0.058823529411764705,False,False,True
multilingual_minilm_l12,DEV-LOCAL-V1-002119,DEV-LOCAL-V1-002117,1,1.0,True,True,True
multilingual_minilm_l12,DEV-LOCAL-V1-002120,DEV-LOCAL-V1-002117,11,0.09090909090909091,False,False,True
multilingual_minilm_l12,DEV-LOCAL-V1-002121,DEV-LOCAL-V1-002117,23,0.043478260869565216,False,False,False
multilingual_minilm_l12,DEV-LOCAL-V1-002122,DEV-LOCAL-V1-002117,35,0.02857142857142857,False,False,False
multilingual_minilm_l12,DEV-LOCAL-V1-001662,DEV-LOCAL-V1-001661,5,0.2,False,True,True
multilingual_minilm_l12,DEV-LOCAL-V1-001663,DEV-LOCAL-V1-001661,16,0.0625,False,False,True
multilingual_minilm_l12,DEV-LOCAL-V1-001664,DEV-LOCAL-V1-001661,72,0.013888888888888888,False,False,False
multilingual_minilm_l12,DEV-LOCAL-V1-001665,DEV-LOCAL-V1-001661,69,0.014492753623188406,False,False,False
multilingual_minilm_l12,DEV-LOCAL-V1-001666,DEV-LOCAL-V1-001661,115,0.008695652173913044,False,False,False
multilingual_minilm_l12,DEV-LOCAL-V1-002178,DEV-LOCAL-V1-002177,30,0.03333333333333333,False,False,False
multilingual_minilm_l12,DEV-LOCAL-V1-002179,DEV-LOCAL-V1-002177,1,1.0,True,True,True
multilingual_minilm_l12,DEV-LOCAL-V1-002180,DEV-LOCAL-V1-002177,4,0.25,False,True,True
multilingual_minilm_l12,DEV-LOCAL-V1-002181,DEV-LOCAL-V1-002177,19,0.05263157894736842,False,False,True
multilingual_minilm_l12,DEV-LOCAL-V1-002182,DEV-LOCAL-V1-002177,98,0.01020408163265306,False,False,False
multilingual_minilm_l12,DEV-LOCAL-V1-001722,DEV-LOCAL-V1-001721,4,0.25,False,True,True
multilingual_minilm_l12,DEV-LOCAL-V1-001723,DEV-LOCAL-V1-001721,77,0.012987012987012988,False,False,False
multilingual_minilm_l12,DEV-LOCAL-V1-001724,DEV-LOCAL-V1-001721,91,0.01098901098901099,False,False,False
multilingual_minilm_l12,DEV-LOCAL-V1-001725,DEV-LOCAL-V1-001721,91,0.01098901098901099,False,False,False
multilingual_minilm_l12,DEV-LOCAL-V1-001726,DEV-LOCAL-V1-001721,44,0.022727272727272728,False,False,False
multilingual_minilm_l12,DEV-LOCAL-V1-002526,DEV-LOCAL-V1-002525,18,0.05555555555555555,False,False,True
multilingual_minilm_l12,DEV-LOCAL-V1-002527,DEV-LOCAL-V1-002525,12,0.08333333333333333,False,False,True
multilingual_minilm_l12,DEV-LOCAL-V1-002528,DEV-LOCAL-V1-002525,16,0.0625,False,False,True
multilingual_minilm_l12,DEV-LOCAL-V1-002529,DEV-LOCAL-V1-002525,16,0.0625,False,False,True
multilingual_minilm_l12,DEV-LOCAL-V1-002530,DEV-LOCAL-V1-002525,17,0.058823529411764705,False,False,True
multilingual_minilm_l12,DEV-LOCAL-V1-002202,DEV-LOCAL-V1-002201,3,0.3333333333333333,False,True,True
multilingual_minilm_l12,DEV-LOCAL-V1-002203,DEV-LOCAL-V1-002201,10,0.1,False,False,True
multilingual_minilm_l12,DEV-LOCAL-V1-002204,DEV-LOCAL-V1-002201,14,0.07142857142857142,False,False,True
multilingual_minilm_l12,DEV-LOCAL-V1-002205,DEV-LOCAL-V1-002201,15,0.06666666666666667,False,False,True
multilingual_minilm_l12,DEV-LOCAL-V1-002206,DEV-LOCAL-V1-002201,33,0.030303030303030304,False,False,False
multilingual_minilm_l12,DEV-LOCAL-V1-001878,DEV-LOCAL-V1-001877,156,0.00641025641025641,False,False,False
multilingual_minilm_l12,DEV-LOCAL-V1-001879,DEV-LOCAL-V1-001877,126,0.007936507936507936,False,False,False
multilingual_minilm_l12,DEV-LOCAL-V1-001880,DEV-LOCAL-V1-001877,180,0.005555555555555556,False,False,False
multilingual_minilm_l12,DEV-LOCAL-V1-001881,DEV-LOCAL-V1-001877,158,0.006329113924050633,False,False,False
multilingual_minilm_l12,DEV-LOCAL-V1-001882,DEV-LOCAL-V1-001877,194,0.005154639175257732,False,False,False
multilingual_minilm_l12,DEV-LOCAL-V1-002622,DEV-LOCAL-V1-002621,1,1.0,True,True,True
multilingual_minilm_l12,DEV-LOCAL-V1-002623,DEV-LOCAL-V1-002621,5,0.2,False,True,True
multilingual_minilm_l12,DEV-LOCAL-V1-002624,DEV-LOCAL-V1-002621,8,0.125,False,False,True
multilingual_minilm_l12,DEV-LOCAL-V1-002625,DEV-LOCAL-V1-002621,8,0.125,False,False,True
multilingual_minilm_l12,DEV-LOCAL-V1-002626,DEV-LOCAL-V1-002621,6,0.16666666666666666,False,False,True
multilingual_minilm_l12,DEV-LOCAL-V1-002610,DEV-LOCAL-V1-002609,8,0.125,False,False,True
multilingual_minilm_l12,DEV-LOCAL-V1-002611,DEV-LOCAL-V1-002609,3,0.3333333333333333,False,True,True
multilingual_minilm_l12,DEV-LOCAL-V1-002612,DEV-LOCAL-V1-002609,1,1.0,True,True,True
multilingual_minilm_l12,DEV-LOCAL-V1-002613,DEV-LOCAL-V1-002609,1,1.0,True,True,True
multilingual_minilm_l12,DEV-LOCAL-V1-002614,DEV-LOCAL-V1-002609,31,0.03225806451612903,False,False,False
multilingual_minilm_l12,DEV-LOCAL-V1-001938,DEV-LOCAL-V1-001937,123,0.008130081300813009,False,False,False
multilingual_minilm_l12,DEV-LOCAL-V1-001939,DEV-LOCAL-V1-001937,50,0.02,False,False,False
multilingual_minilm_l12,DEV-LOCAL-V1-001940,DEV-LOCAL-V1-001937,58,0.017241379310344827,False,False,False
multilingual_minilm_l12,DEV-LOCAL-V1-001941,DEV-LOCAL-V1-001937,95,0.010526315789473684,False,False,False
multilingual_minilm_l12,DEV-LOCAL-V1-001942,DEV-LOCAL-V1-001937,103,0.009708737864077669,False,False,False
multilingual_minilm_l12,DEV-LOCAL-V1-002502,DEV-LOCAL-V1-002501,4,0.25,False,True,True
multilingual_minilm_l12,DEV-LOCAL-V1-002503,DEV-LOCAL-V1-002501,19,0.05263157894736842,False,False,True
multilingual_minilm_l12,DEV-LOCAL-V1-002504,DEV-LOCAL-V1-002501,44,0.022727272727272728,False,False,False
multilingual_minilm_l12,DEV-LOCAL-V1-002505,DEV-LOCAL-V1-002501,99,0.010101010101010102,False,False,False
multilingual_minilm_l12,DEV-LOCAL-V1-002506,DEV-LOCAL-V1-002501,62,0.016129032258064516,False,False,False
multilingual_minilm_l12,DEV-LOCAL-V1-001962,DEV-LOCAL-V1-001961,1,1.0,True,True,True
multilingual_minilm_l12,DEV-LOCAL-V1-001963,DEV-LOCAL-V1-001961,9,0.1111111111111111,False,False,True
multilingual_minilm_l12,DEV-LOCAL-V1-001964,DEV-LOCAL-V1-001961,18,0.05555555555555555,False,False,True
multilingual_minilm_l12,DEV-LOCAL-V1-001965,DEV-LOCAL-V1-001961,16,0.0625,False,False,True
multilingual_minilm_l12,DEV-LOCAL-V1-001966,DEV-LOCAL-V1-001961,77,0.012987012987012988,False,False,False
multilingual_minilm_l12,DEV-LOCAL-V1-001614,DEV-LOCAL-V1-001613,11,0.09090909090909091,False,False,True
multilingual_minilm_l12,DEV-LOCAL-V1-001615,DEV-LOCAL-V1-001613,4,0.25,False,True,True
multilingual_minilm_l12,DEV-LOCAL-V1-001616,DEV-LOCAL-V1-001613,1,1.0,True,True,True
multilingual_minilm_l12,DEV-LOCAL-V1-001617,DEV-LOCAL-V1-001613,6,0.16666666666666666,False,False,True
multilingual_minilm_l12,DEV-LOCAL-V1-001618,DEV-LOCAL-V1-001613,18,0.05555555555555555,False,False,True
multilingual_minilm_l12,DEV-LOCAL-V1-002070,DEV-LOCAL-V1-002069,119,0.008403361344537815,False,False,False
multilingual_minilm_l12,DEV-LOCAL-V1-002071,DEV-LOCAL-V1-002069,61,0.01639344262295082,False,False,False
multilingual_minilm_l12,DEV-LOCAL-V1-002072,DEV-LOCAL-V1-002069,78,0.01282051282051282,False,False,False
multilingual_minilm_l12,DEV-LOCAL-V1-002073,DEV-LOCAL-V1-002069,99,0.010101010101010102,False,False,False
multilingual_minilm_l12,DEV-LOCAL-V1-002074,DEV-LOCAL-V1-002069,131,0.007633587786259542,False,False,False
multilingual_minilm_l12,DEV-LOCAL-V1-001818,DEV-LOCAL-V1-001817,22,0.045454545454545456,False,False,False
multilingual_minilm_l12,DEV-LOCAL-V1-001819,DEV-LOCAL-V1-001817,1,1.0,True,True,True
multilingual_minilm_l12,DEV-LOCAL-V1-001820,DEV-LOCAL-V1-001817,9,0.1111111111111111,False,False,True
multilingual_minilm_l12,DEV-LOCAL-V1-001821,DEV-LOCAL-V1-001817,16,0.0625,False,False,True
multilingual_minilm_l12,DEV-LOCAL-V1-001822,DEV-LOCAL-V1-001817,116,0.008620689655172414,False,False,False
multilingual_minilm_l12,DEV-LOCAL-V1-002238,DEV-LOCAL-V1-002237,127,0.007874015748031496,False,False,False
multilingual_minilm_l12,DEV-LOCAL-V1-002239,DEV-LOCAL-V1-002237,80,0.0125,False,False,False
multilingual_minilm_l12,DEV-LOCAL-V1-002240,DEV-LOCAL-V1-002237,168,0.005952380952380952,False,False,False
multilingual_minilm_l12,DEV-LOCAL-V1-002241,DEV-LOCAL-V1-002237,117,0.008547008547008548,False,False,False
multilingual_minilm_l12,DEV-LOCAL-V1-002242,DEV-LOCAL-V1-002237,191,0.005235602094240838,False,False,False
multilingual_minilm_l12,DEV-LOCAL-V1-002250,DEV-LOCAL-V1-002249,31,0.03225806451612903,False,False,False
multilingual_minilm_l12,DEV-LOCAL-V1-002251,DEV-LOCAL-V1-002249,3,0.3333333333333333,False,True,True
multilingual_minilm_l12,DEV-LOCAL-V1-002252,DEV-LOCAL-V1-002249,5,0.2,False,True,True
multilingual_minilm_l12,DEV-LOCAL-V1-002253,DEV-LOCAL-V1-002249,3,0.3333333333333333,False,True,True
multilingual_minilm_l12,DEV-LOCAL-V1-002254,DEV-LOCAL-V1-002249,54,0.018518518518518517,False,False,False
multilingual_minilm_l12,DEV-LOCAL-V1-002034,DEV-LOCAL-V1-002033,62,0.016129032258064516,False,False,False
multilingual_minilm_l12,DEV-LOCAL-V1-002035,DEV-LOCAL-V1-002033,2,0.5,False,True,True
multilingual_minilm_l12,DEV-LOCAL-V1-002036,DEV-LOCAL-V1-002033,2,0.5,False,True,True
multilingual_minilm_l12,DEV-LOCAL-V1-002037,DEV-LOCAL-V1-002033,17,0.058823529411764705,False,False,True
multilingual_minilm_l12,DEV-LOCAL-V1-002038,DEV-LOCAL-V1-002033,102,0.00980392156862745,False,False,False
multilingual_minilm_l12,DEV-LOCAL-V1-001890,DEV-LOCAL-V1-001889,5,0.2,False,True,True
multilingual_minilm_l12,DEV-LOCAL-V1-001891,DEV-LOCAL-V1-001889,4,0.25,False,True,True
multilingual_minilm_l12,DEV-LOCAL-V1-001892,DEV-LOCAL-V1-001889,2,0.5,False,True,True
multilingual_minilm_l12,DEV-LOCAL-V1-001893,DEV-LOCAL-V1-001889,1,1.0,True,True,True
multilingual_minilm_l12,DEV-LOCAL-V1-001894,DEV-LOCAL-V1-001889,32,0.03125,False,False,False
multilingual_minilm_l12,DEV-LOCAL-V1-002550,DEV-LOCAL-V1-002549,5,0.2,False,True,True
multilingual_minilm_l12,DEV-LOCAL-V1-002551,DEV-LOCAL-V1-002549,2,0.5,False,True,True
multilingual_minilm_l12,DEV-LOCAL-V1-002552,DEV-LOCAL-V1-002549,5,0.2,False,True,True
multilingual_minilm_l12,DEV-LOCAL-V1-002553,DEV-LOCAL-V1-002549,1,1.0,True,True,True
multilingual_minilm_l12,DEV-LOCAL-V1-002554,DEV-LOCAL-V1-002549,14,0.07142857142857142,False,False,True
multilingual_minilm_l12,DEV-LOCAL-V1-002418,DEV-LOCAL-V1-002417,41,0.024390243902439025,False,False,False
multilingual_minilm_l12,DEV-LOCAL-V1-002419,DEV-LOCAL-V1-002417,9,0.1111111111111111,False,False,True
multilingual_minilm_l12,DEV-LOCAL-V1-002420,DEV-LOCAL-V1-002417,25,0.04,False,False,False
multilingual_minilm_l12,DEV-LOCAL-V1-002421,DEV-LOCAL-V1-002417,45,0.022222222222222223,False,False,False
multilingual_minilm_l12,DEV-LOCAL-V1-002422,DEV-LOCAL-V1-002417,63,0.015873015873015872,False,False,False
multilingual_minilm_l12,DEV-LOCAL-V1-002586,DEV-LOCAL-V1-002585,33,0.030303030303030304,False,False,False
multilingual_minilm_l12,DEV-LOCAL-V1-002587,DEV-LOCAL-V1-002585,94,0.010638297872340425,False,False,False
multilingual_minilm_l12,DEV-LOCAL-V1-002588,DEV-LOCAL-V1-002585,85,0.011764705882352941,False,False,False
multilingual_minilm_l12,DEV-LOCAL-V1-002589,DEV-LOCAL-V1-002585,37,0.02702702702702703,False,False,False
multilingual_minilm_l12,DEV-LOCAL-V1-002590,DEV-LOCAL-V1-002585,5,0.2,False,True,True
multilingual_minilm_l12,DEV-LOCAL-V1-002790,DEV-LOCAL-V1-002789,82,0.012195121951219513,False,False,False
multilingual_minilm_l12,DEV-LOCAL-V1-002791,DEV-LOCAL-V1-002789,27,0.037037037037037035,False,False,False
multilingual_minilm_l12,DEV-LOCAL-V1-002792,DEV-LOCAL-V1-002789,30,0.03333333333333333,False,False,False
multilingual_minilm_l12,DEV-LOCAL-V1-002793,DEV-LOCAL-V1-002789,46,0.021739130434782608,False,False,False
multilingual_minilm_l12,DEV-LOCAL-V1-002794,DEV-LOCAL-V1-002789,86,0.011627906976744186,False,False,False
multilingual_minilm_l12,DEV-LOCAL-V1-002670,DEV-LOCAL-V1-002669,105,0.009523809523809525,False,False,False
multilingual_minilm_l12,DEV-LOCAL-V1-002671,DEV-LOCAL-V1-002669,87,0.011494252873563218,False,False,False
multilingual_minilm_l12,DEV-LOCAL-V1-002672,DEV-LOCAL-V1-002669,116,0.008620689655172414,False,False,False
multilingual_minilm_l12,DEV-LOCAL-V1-002673,DEV-LOCAL-V1-002669,42,0.023809523809523808,False,False,False
multilingual_minilm_l12,DEV-LOCAL-V1-002674,DEV-LOCAL-V1-002669,159,0.006289308176100629,False,False,False
multilingual_minilm_l12,DEV-LOCAL-V1-002598,DEV-LOCAL-V1-002597,142,0.007042253521126761,False,False,False
multilingual_minilm_l12,DEV-LOCAL-V1-002599,DEV-LOCAL-V1-002597,146,0.00684931506849315,False,False,False
multilingual_minilm_l12,DEV-LOCAL-V1-002600,DEV-LOCAL-V1-002597,180,0.005555555555555556,False,False,False
multilingual_minilm_l12,DEV-LOCAL-V1-002601,DEV-LOCAL-V1-002597,162,0.006172839506172839,False,False,False
multilingual_minilm_l12,DEV-LOCAL-V1-002602,DEV-LOCAL-V1-002597,189,0.005291005291005291,False,False,False
multilingual_minilm_l12,DEV-LOCAL-V1-002634,DEV-LOCAL-V1-002633,22,0.045454545454545456,False,False,False
multilingual_minilm_l12,DEV-LOCAL-V1-002635,DEV-LOCAL-V1-002633,8,0.125,False,False,True
multilingual_minilm_l12,DEV-LOCAL-V1-002636,DEV-LOCAL-V1-002633,3,0.3333333333333333,False,True,True
multilingual_minilm_l12,DEV-LOCAL-V1-002637,DEV-LOCAL-V1-002633,12,0.08333333333333333,False,False,True
multilingual_minilm_l12,DEV-LOCAL-V1-002638,DEV-LOCAL-V1-002633,40,0.025,False,False,False
multilingual_minilm_l12,DEV-LOCAL-V1-001854,DEV-LOCAL-V1-001853,120,0.008333333333333333,False,False,False
multilingual_minilm_l12,DEV-LOCAL-V1-001855,DEV-LOCAL-V1-001853,93,0.010752688172043012,False,False,False
multilingual_minilm_l12,DEV-LOCAL-V1-001856,DEV-LOCAL-V1-001853,67,0.014925373134328358,False,False,False
multilingual_minilm_l12,DEV-LOCAL-V1-001857,DEV-LOCAL-V1-001853,161,0.006211180124223602,False,False,False
multilingual_minilm_l12,DEV-LOCAL-V1-001858,DEV-LOCAL-V1-001853,139,0.007194244604316547,False,False,False
multilingual_minilm_l12,DEV-LOCAL-V1-002454,DEV-LOCAL-V1-002453,130,0.007692307692307693,False,False,False
multilingual_minilm_l12,DEV-LOCAL-V1-002455,DEV-LOCAL-V1-002453,87,0.011494252873563218,False,False,False
multilingual_minilm_l12,DEV-LOCAL-V1-002456,DEV-LOCAL-V1-002453,46,0.021739130434782608,False,False,False
multilingual_minilm_l12,DEV-LOCAL-V1-002457,DEV-LOCAL-V1-002453,122,0.00819672131147541,False,False,False
multilingual_minilm_l12,DEV-LOCAL-V1-002458,DEV-LOCAL-V1-002453,175,0.005714285714285714,False,False,False
multilingual_minilm_l12,DEV-LOCAL-V1-001806,DEV-LOCAL-V1-001805,20,0.05,False,False,True
multilingual_minilm_l12,DEV-LOCAL-V1-001807,DEV-LOCAL-V1-001805,36,0.027777777777777776,False,False,False
multilingual_minilm_l12,DEV-LOCAL-V1-001808,DEV-LOCAL-V1-001805,42,0.023809523809523808,False,False,False
multilingual_minilm_l12,DEV-LOCAL-V1-001809,DEV-LOCAL-V1-001805,11,0.09090909090909091,False,False,True
multilingual_minilm_l12,DEV-LOCAL-V1-001810,DEV-LOCAL-V1-001805,19,0.05263157894736842,False,False,True
multilingual_minilm_l12,DEV-LOCAL-V1-002706,DEV-LOCAL-V1-002705,1,1.0,True,True,True
multilingual_minilm_l12,DEV-LOCAL-V1-002707,DEV-LOCAL-V1-002705,2,0.5,False,True,True
multilingual_minilm_l12,DEV-LOCAL-V1-002708,DEV-LOCAL-V1-002705,2,0.5,False,True,True
multilingual_minilm_l12,DEV-LOCAL-V1-002709,DEV-LOCAL-V1-002705,2,0.5,False,True,True
multilingual_minilm_l12,DEV-LOCAL-V1-002710,DEV-LOCAL-V1-002705,1,1.0,True,True,True
multilingual_minilm_l12,DEV-LOCAL-V1-002430,DEV-LOCAL-V1-002429,94,0.010638297872340425,False,False,False
multilingual_minilm_l12,DEV-LOCAL-V1-002431,DEV-LOCAL-V1-002429,35,0.02857142857142857,False,False,False
multilingual_minilm_l12,DEV-LOCAL-V1-002432,DEV-LOCAL-V1-002429,52,0.019230769230769232,False,False,False
multilingual_minilm_l12,DEV-LOCAL-V1-002433,DEV-LOCAL-V1-002429,63,0.015873015873015872,False,False,False
multilingual_minilm_l12,DEV-LOCAL-V1-002434,DEV-LOCAL-V1-002429,116,0.008620689655172414,False,False,False
multilingual_minilm_l12,DEV-LOCAL-V1-001734,DEV-LOCAL-V1-001733,129,0.007751937984496124,False,False,False
multilingual_minilm_l12,DEV-LOCAL-V1-001735,DEV-LOCAL-V1-001733,130,0.007692307692307693,False,False,False
multilingual_minilm_l12,DEV-LOCAL-V1-001736,DEV-LOCAL-V1-001733,68,0.014705882352941176,False,False,False
multilingual_minilm_l12,DEV-LOCAL-V1-001737,DEV-LOCAL-V1-001733,121,0.008264462809917356,False,False,False
multilingual_minilm_l12,DEV-LOCAL-V1-001738,DEV-LOCAL-V1-001733,169,0.005917159763313609,False,False,False
