path,tracked,bytes,sha256,area,extension,audit_role,audit_priority,recommended_disposition
.gitattributes,true,455,e3b477a3693814266cbe4e350c56eca3bd717d0045179d319780960de3bd55f6,.gitattributes,(none),outro,P2,REVIEW_RETENTION
.gitignore,true,777,bb934cde7a58cb5ce27247156d01a8ba7a486f1461cc83543c6e7d2dc8c8df71,.gitignore,(none),outro,P2,REVIEW_RETENTION
CITATION.cff,true,765,5dbb26feeb71edf9e54d060fdd53f5d72279d1b7957adc4aac62e85ea87a7003,CITATION.cff,.cff,outro,P2,REVIEW_RETENTION
DEPLOYMENT_AND_VALIDATION_V9.md,true,2456,ea62aab6c35c80fb7a1e60f7d4e92f4b05ce810bf4e9275320824495923662b1,DEPLOYMENT_AND_VALIDATION_V9.md,.md,documentacao_historica_ou_auxiliar,P2,KEEP_HISTORICAL
LICENSE,true,11356,c949c15d396a4a1bb782a046732127f6db45ab9d474afad139e4da337467de71,LICENSE,(none),outro,P2,REVIEW_RETENTION
NOTICE,true,1573,511b9fee654f896d65a09202e8fe1d34d5266ef628c1ff72eccbd4465a5bebbf,NOTICE,(none),outro,P2,REVIEW_RETENTION
QUICK_START.md,true,1884,f94b5e04a021345c06aedfea3ae6122f5d2fabac1d1f81d13054e950bc9e7244,QUICK_START.md,.md,documentacao_historica_ou_auxiliar,P2,KEEP_HISTORICAL
README.md,true,7633,645510c3a3cb6328c99db23ed2b079dd2d6bf0cfbc685439adab6a4719f54e20,README.md,.md,documentacao_canonica,P0,KEEP_CANONICAL
SECURITY.md,true,2312,e73bc53bab0dd2d2e54e32293c9abe47f6a0262ac4d08a5df9af310ee65e1363,SECURITY.md,.md,documentacao_historica_ou_auxiliar,P2,KEEP_HISTORICAL
avaliacao/DescriçãoAvaliação.md,true,4552,c6ea5106ae75ffcb787fc5e01cb4d534944e2118d8d579ac0af44024e4d5fe3f,avaliacao,.md,documentacao_historica_ou_auxiliar,P2,KEEP_HISTORICAL
avaliacao/LEIA-ME.txt,true,4266,2f860276c09194b67effb7837b8c1f79203b5a08cb3a08fd899147099a018612,avaliacao,.txt,documentacao_historica_ou_auxiliar,P2,KEEP_HISTORICAL
avaliacao/PRE_REGISTRO_PENDENTE.md,true,5105,ef4ed9329e85d35367753fbcf2bdd82946d672f41a53c3bedea4aa82f348ea81,avaliacao,.md,documentacao_canonica,P0,KEEP_CANONICAL
avaliacao/PROTOCOLO_BENCHMARK_REMOTO_V1.md,true,6017,8032250db07162c049aaa346fd32b3fe0491e992f638041e8b558ac349083b8f,avaliacao,.md,documentacao_historica_ou_auxiliar,P2,KEEP_HISTORICAL
avaliacao/PROTOCOLO_SELECAO_MODELOS_V1.md,true,14350,865c1dfa3fcb3e94c1599add2fecf2d0e8b6955bc48d2c31061c9f765dc439df,avaliacao,.md,documentacao_historica_ou_auxiliar,P2,KEEP_HISTORICAL
avaliacao/cenarios_dataset.md,true,2959,03f7ce7176054c2911982d20c739ab93f1aaa9246f42b0dc92f915e805fc2106,avaliacao,.md,documentacao_historica_ou_auxiliar,P2,KEEP_HISTORICAL
avaliacao/config/modelos_ia_v1.json,true,4912,bbddaa93bf1c62f35de332e94878f345c14f9e85948ea1f3928d38c60b01db4e,avaliacao,.json,artefato_ou_evidencia,P2,REVIEW_RETENTION
avaliacao/config/plano_amostral_automatizado_v4.json,true,1685,8de77689ea28e96e9c5fb070248fcfdcbb8bdafdd2b0a7dd01b3adb587e7cb12,avaliacao,.json,artefato_ou_evidencia,P2,REVIEW_RETENTION
avaliacao/config/plano_seed_33x30.json,true,1739,f8c035dc7433bd2a711bda32b3ddd0c498bf160496769be9d8219b18946075ce,avaliacao,.json,artefato_ou_evidencia,P2,REVIEW_RETENTION
avaliacao/config/selecao_classificacao_supervisionada_v2_1.json,false,11739,6b405a22da3e7c3ad0c8037223387448a1c839aafcdeff4807508fd1ec1d0b23,avaliacao,.json,documentacao_canonica,P0,KEEP_CANONICAL
avaliacao/config/selecao_modelos_supervisionados_v1.json,true,11661,6dd8a17094611e98bfd233ed2cd99630c9c00b76b910e9a233a4628afc8fcac4,avaliacao,.json,artefato_ou_evidencia,P2,REVIEW_RETENTION
avaliacao/config/selecao_modelos_supervisionados_v2.json,true,11690,3a58410ecbe440b3a759c2673a9f4de5e9329dcae78e18e7b1d2da6cdda73c3e,avaliacao,.json,documentacao_canonica,P0,KEEP_CANONICAL
avaliacao/confirmatorio/README.md,false,3904,edd95cc4ec159e9f05b5e76872c8dd983d0f4efb1cd0405ed968e5dc5d4f5afe,avaliacao,.md,documentacao_canonica,P0,KEEP_CANONICAL
avaliacao/confirmatorio/__init__.py,false,1026,45b5cdd76264418feb8ff8404dd8395513aeab241a6345e2e9f797f5cc4f7267,avaliacao,.py,codigo_configuracao,P1,KEEP_CODE
avaliacao/confirmatorio/amostra.py,false,4629,685800edc3609df20aa2b58b300e704c84c416a7620300e0c951600538060cbd,avaliacao,.py,codigo_configuracao,P1,KEEP_CODE
avaliacao/confirmatorio/avaliar.py,false,27828,264909ca84aaf7daadcb720e122cac8e6139f730c6d8abb6cbdd11011d7d51d2,avaliacao,.py,codigo_configuracao,P1,KEEP_CODE
avaliacao/confirmatorio/familias.py,false,14100,54443232abe443a192f6fb34f63857ee8dd3f33cc61f5808dcc50057d22ec68b,avaliacao,.py,codigo_configuracao,P1,KEEP_CODE
avaliacao/confirmatorio/preregistro.py,false,21980,16a75320a67190d933b22acaa3cc183a15956b51d0e76aebdb818cad9870a4e9,avaliacao,.py,codigo_configuracao,P1,KEEP_CODE
avaliacao/confirmatorio/templates/config_confirmatoria.template.json,false,2230,52f38acba80f6261790c76d148f5694d1bfa703cc23403842ed78b9e80e5f23a,avaliacao,.json,artefato_ou_evidencia,P2,REVIEW_RETENTION
avaliacao/confirmatorio/templates/familia_real.template.json,false,2129,968f2b637d1899181aa60eeea7e9d956fe358071e9ccdc3485bc9d67f2916a4b,avaliacao,.json,artefato_ou_evidencia,P2,REVIEW_RETENTION
avaliacao/confirmatorio/templates/predicoes_confirmatorias.template.json,false,592,60300a0afa5904f6d9348557c0b68775364cf0232877d578b6640b2631488a6b,avaliacao,.json,artefato_ou_evidencia,P2,REVIEW_RETENTION
avaliacao/confirmatorio/util.py,false,7822,982153db57af8d8aaa8015ef291e64f45fc5be91f83d070fc896c5181bae142e,avaliacao,.py,codigo_configuracao,P1,KEEP_CODE
avaliacao/datasets/LEIA-ME.txt,true,3183,bf5fc5012a9f742633dbe1c55c1bb315c3ebfa60cdaaacdd360620ec25117b7b,avaliacao,.txt,dataset,P1,KEEP_EVIDENCE
avaliacao/datasets/catalogo_corpus_v3.json,true,34845,4b2e9b69a4659588bca205180be3ce70f5b436f31d2b22f7a906b0d214afaef7,avaliacao,.json,dataset,P1,KEEP_EVIDENCE
avaliacao/datasets/cenarios_v2.json,true,3911,9c65fdbcd04a4641631b81b83c8522f1b2285d0fec0951d0f9b6ca25adfba914,avaliacao,.json,dataset,P1,KEEP_EVIDENCE
avaliacao/datasets/corpus_v3_teste.csv,true,1223626,fdac1937ba2cf64e53b9954030c551d472a61860128d2372399ea3447d53910c,avaliacao,.csv,dataset,P1,KEEP_EVIDENCE
avaliacao/datasets/corpus_v3_teste.jsonl,true,2178742,26e692ba247ef7439b9a057873c7034318423214b9797b2dbe72f9f24e6801f0,avaliacao,.jsonl,dataset,P1,KEEP_EVIDENCE
avaliacao/datasets/corpus_v3_teste_manifest.json,true,3916,d110e26f677c1dd20eae191e7e7aac9a1868287930015bd30be05b7ccfeee30c,avaliacao,.json,dataset,P1,KEEP_EVIDENCE
avaliacao/datasets/corpus_v3_teste_resumo.md,true,2008,8c2daee73fade0436dc2847e9788717564f8605b8d6309cfc4f12a78cdb101e3,avaliacao,.md,dataset,P1,KEEP_EVIDENCE
avaliacao/datasets/dataset_avaliacao_v2.csv,true,165428,fd5846e5f54a8c90626d291bc73d81b7f1aee8f541b2c9468d567ef8566109b7,avaliacao,.csv,dataset,P1,KEEP_EVIDENCE
avaliacao/datasets/dataset_avaliacao_v2.jsonl,true,286844,943c861736aa6437d1d5dbc383cf9353d1565b2dbec4d2a1ee07c44e7e9d248c,avaliacao,.jsonl,dataset,P1,KEEP_EVIDENCE
avaliacao/datasets/dataset_avaliacao_v2_resumo.md,true,883,ae3e73c0a44a55dc3dfd1a71865926560ec459272dc8f6d32b2fecd45d042a45,avaliacao,.md,dataset,P1,KEEP_EVIDENCE
avaliacao/datasets/dataset_piloto_v2.csv,true,33418,9198b97fdbb096ae327752d78d1fc489f97ae9309f13abc302dbd52ca7bc61d6,avaliacao,.csv,dataset,P1,KEEP_EVIDENCE
avaliacao/datasets/dataset_piloto_v2.jsonl,true,57428,54e3718ad8ab635ab4588a1bbdfbe54d9d39b2f558c0c996730889ab3da4555a,avaliacao,.jsonl,dataset,P1,KEEP_EVIDENCE
avaliacao/datasets/dataset_piloto_v2_resumo.md,true,858,d71d08dcc94edc2c366bbeae2abc27107d6153f833575adb93fea23bfdb07348,avaliacao,.md,dataset,P1,KEEP_EVIDENCE
avaliacao/datasets/desenvolvimento_local_v1.jsonl,true,2591998,0de50381c0dfaefeb1a940cd697f9c9a8e87b5efee9252a1f4ca43c9d904f204,avaliacao,.jsonl,dataset,P1,KEEP_EVIDENCE
avaliacao/datasets/desenvolvimento_local_v1_manifest.json,true,5243,deb2dc0d60a22d8022dcc85722ab46dbb0a0808c5c87a6b2b7e25deef336870d,avaliacao,.json,dataset,P1,KEEP_EVIDENCE
avaliacao/datasets/desenvolvimento_local_v2.jsonl,true,5668593,305e84164d663a19a2e224b2dc8bf08e8d3173bf50bc15c7675f9de553d2de9a,avaliacao,.jsonl,dataset,P1,KEEP_EVIDENCE
avaliacao/datasets/desenvolvimento_local_v2_manifest.json,true,5501,ee48c0dfb9bc56b1c706452bb104ab9cec8b40bafe0ed7c01e296dd52740c163,avaliacao,.json,dataset,P1,KEEP_EVIDENCE
avaliacao/datasets/perfil_avaliadores_template.json,true,811,0403dac79e759ff873c600e4ad33d58910932576628257340e9a606619501d7c,avaliacao,.json,dataset,P1,KEEP_EVIDENCE
avaliacao/datasets/planejamento_amostral_v2.json,true,911,e025242a4a509cc53619260656962dbeee9a6d85f5ddc3f94891a796b386070f,avaliacao,.json,dataset,P1,KEEP_EVIDENCE
avaliacao/datasets/validacao_rotulos_piloto_v2.csv,true,37706,9147efd22997cbb39d0516b80d516424179c7103f43fa5315755caf6a8b6fafa,avaliacao,.csv,dataset,P1,KEEP_EVIDENCE
avaliacao/datasets/validacao_rotulos_piloto_v2_manifest.json,true,23585,2128f390989cb2f976fa51ceafe1bba7369bd62da05d078a183d51d2bf120816,avaliacao,.json,dataset,P1,KEEP_EVIDENCE
avaliacao/experimentos/few_shot/README.md,true,965,5a5e9bc28c92addbac8d48108c67eeff5fcfd32125e465c80c25f0c1f8847a9a,avaliacao,.md,documentacao_historica_ou_auxiliar,P2,KEEP_HISTORICAL
avaliacao/manifesto_modelo_prompts.json,true,1891,9d5a565b5082149392618b59cd10ffe119d08e1a2c0918d78bda1aa1b12f777c,avaliacao,.json,artefato_ou_evidencia,P2,REVIEW_RETENTION
avaliacao/metodologia_avaliacao.md,true,44425,2539c20870f15b7ef665cd6867a2749f964154af088e7932089b083b3a95edaa,avaliacao,.md,documentacao_historica_ou_auxiliar,P2,KEEP_HISTORICAL
avaliacao/metodologia_avaliacao_v2_1.md,false,9277,3347b70be216821cb25fb57388cb326ff92b0fc452b37d4ea67dfa8e80c25060,avaliacao,.md,documentacao_canonica,P0,KEEP_CANONICAL
avaliacao/operacional/README.md,false,7270,9fd8e3d1f05b22f0ef04005baa0c172ebb56f32cfb23519bf127397bbf40005e,avaliacao,.md,documentacao_canonica,P0,KEEP_CANONICAL
avaliacao/operacional/__init__.py,false,70,c163f319e8b1b9b3328c3ea9b8682e2d313f5da82394bcd2328196de68d3683b,avaliacao,.py,codigo_configuracao,P1,KEEP_CODE
avaliacao/operacional/backup_restore_drill.py,false,12725,d7eda8e2d8f5b5fa8588fdf1d2d52147e49dffdff695b141b61f51b494b43c3b,avaliacao,.py,codigo_configuracao,P1,KEEP_CODE
avaliacao/operacional/core.py,false,30088,8ce8382d882f16f640fd64d1f50b52e9b90f88226ebf324c5ce3a8cc41375f7d,avaliacao,.py,codigo_configuracao,P1,KEEP_CODE
avaliacao/operacional/least_privilege.py,false,10542,bc72368fe08f2efa353e6a78006e4def7fedeef33ab4145e51061051f7728dd1,avaliacao,.py,codigo_configuracao,P1,KEEP_CODE
avaliacao/operacional/politica_operacional_v1.json,false,2894,6581b651177d33fdd50773a296147d8ae1df936e6fae57f8aa57010f898edf12,avaliacao,.json,artefato_ou_evidencia,P2,REVIEW_RETENTION
avaliacao/operacional/sql/postgres_menor_privilegio.sql,false,3700,834813d6463f9d5b244f8ca65a8b8cb07de0de83aedb32fea490479bd5e0feed,avaliacao,.sql,codigo_configuracao,P1,KEEP_CODE
avaliacao/operacional/tests/test_operacional.py,false,6756,9533a8eeed59dc36fe18ff9238fe97f092cf4e92326036c2ea9f5d1c1a769f86,avaliacao,.py,teste,P1,KEEP_CODE
avaliacao/operacional/validar_operacao.py,false,6899,da92d1307e31049fa08d1d662ac68783fb75447368a9f7c57df4924466f4042c,avaliacao,.py,codigo_configuracao,P1,KEEP_CODE
avaliacao/piloto_sombra/README.md,false,5693,cb27a8bfd942a933f3b79c8507a381c497926e419d3012d54b1e81e9911b8294,avaliacao,.md,documentacao_canonica,P0,KEEP_CANONICAL
avaliacao/piloto_sombra/__init__.py,false,439,79d42da2674c2a59263e118c24e506eae72244f949f24c8cf8ea5d8433f4a431,avaliacao,.py,codigo_configuracao,P1,KEEP_CODE
avaliacao/piloto_sombra/__main__.py,false,80,3d2438ae92f4746e9ffaa1f837b1fe803f6281091d1f31f8c95643716f257d9a,avaliacao,.py,codigo_configuracao,P1,KEEP_CODE
avaliacao/piloto_sombra/cli.py,false,7784,bad1d113f99ca959adf4fac050a30e16ffbf743c76a2ebf38065b506413aca21,avaliacao,.py,codigo_configuracao,P1,KEEP_CODE
avaliacao/piloto_sombra/core.py,false,47546,84c7720cf69787103f46401e26896febfd11249cb0a6c0c9f30354d5735faa94,avaliacao,.py,codigo_configuracao,P1,KEEP_CODE
avaliacao/piloto_sombra/schema.sql,false,3652,705bad733720e018c78fd8a1989e3138ece0856dc77cce229034b68d79b7cc3c,avaliacao,.sql,codigo_configuracao,P1,KEEP_CODE
avaliacao/prompts/LEIA-ME.txt,true,280,e100ca8d2425ea0f1ff740c587cc56bb7065b89bddfcb0524ad0d0ae0ae281a9,avaliacao,.txt,documentacao_historica_ou_auxiliar,P2,KEEP_HISTORICAL
avaliacao/prompts/prompt_classificacao_v9.1.txt,true,2187,7aca17de96de49c60ed7c7a40fbf0c58c2ac08db9a863afab410cf251b5aaa81,avaliacao,.txt,documentacao_historica_ou_auxiliar,P2,KEEP_HISTORICAL
avaliacao/prompts/prompt_deduplicacao_v9.1.txt,true,3064,d6e5e02ffece332ef88ef2ff57fc51313fe229b7cff86e8e80aec101245a5700,avaliacao,.txt,documentacao_historica_ou_auxiliar,P2,KEEP_HISTORICAL
avaliacao/resultados/.gemini_remote_attempts.json,true,20821,e12a1f5e48a9d4647230402e8d79f070169178552357b76a56f4ea183ea0ba7a,avaliacao,.json,resultado_historico,P2,REVIEW_RETENTION
avaliacao/resultados/.gemini_remote_attempts.json.lock,true,1,5feceb66ffc86f38d952786c6d696c79c2dbc239dd4e91b46729d73a27fb57e9,avaliacao,.lock,resultado_historico,P2,REVIEW_RETENTION
avaliacao/resultados/.local_reserved_holdout_v2_exec.json,true,464,3ac9e40eddf7ab6ba8e472a20eb0e01e925d2a0b371855b526aebd29bbbed0c4,avaliacao,.json,resultado_historico,P2,REVIEW_RETENTION
avaliacao/resultados/LEIA-ME.txt,true,3345,20787a4b5f8c0c6e59992f089554edcfeca38b006c30f7c42499993ead27f479,avaliacao,.txt,resultado_historico,P2,REVIEW_RETENTION
avaliacao/resultados/auditoria_suficiencia_amostral_2026-07-15.json,true,2734,15af380e19ae6572a81874eef27752c1e9d2aceae86d759660901972ed560ab8,avaliacao,.json,resultado_historico,P2,REVIEW_RETENTION
avaliacao/resultados/auditoria_suficiencia_amostral_2026-07-15.md,true,1396,b53d278f791013bf59f6d87c079919821f40729fc61e9718818ba3c7c2317970,avaliacao,.md,resultado_historico,P2,REVIEW_RETENTION
avaliacao/resultados/background_probe.txt,true,4,9f2a59a60e65fbcd5a3e1b7248adf92890ce3a32b19e43fb4751c2657196de13,avaliacao,.txt,resultado_historico,P2,REVIEW_RETENTION
avaliacao/resultados/browser_2026-07-15/glpi-login.png,true,36013,0196108bfe34b3f5becb4bb6482ba91011afdec6a3a7e11e77ccede4baf211f2,avaliacao,.png,resultado_historico,P2,REVIEW_RETENTION
avaliacao/resultados/browser_2026-07-15/glpi-tickets.png,true,256585,0315ee047039f7e5a72c6e7215b6c030b3e6bfdc16d70039299d474503ab3b93,avaliacao,.png,resultado_historico,P2,REVIEW_RETENTION
avaliacao/resultados/browser_2026-07-15/mailpit.png,true,26520,5559fea3ce4d699a417cb209719339a43e086da8b52ff966fcd31df277129bd5,avaliacao,.png,resultado_historico,P2,REVIEW_RETENTION
avaliacao/resultados/browser_2026-07-15/n8n-login.png,true,18837,b2da0b638a7870fa08e8ea0017a7d502ed5947d9cf1af9b68b03516bc54238d0,avaliacao,.png,resultado_historico,P2,REVIEW_RETENTION
avaliacao/resultados/browser_2026-07-15/n8n-workflows.png,true,6490,fdb1f6f52e650bab07af4cf97393b1ac853734fa5b14f7396abc92b79fa46f4c,avaliacao,.png,resultado_historico,P2,REVIEW_RETENTION
avaliacao/resultados/browser_2026-07-15/relatorio.md,true,1009,e12c7fa58cbe1fe0d95e61212518088fc54bba20ad83ecd63e0f897b2a3e5caf,avaliacao,.md,resultado_historico,P2,REVIEW_RETENTION
avaliacao/resultados/browser_2026-07-15/resultado.json,true,2171,3070d102f01a79007de946ae6a80d99f589e95d71fc657636eaec34aaec83bfc,avaliacao,.json,resultado_historico,P2,REVIEW_RETENTION
avaliacao/resultados/calibracao-fila-v2.3-20260722-r1/INVALIDADO.md,true,3568,27e6f9ef31bd2ba7e4b05817518ad6846e07142235fb74fe75a58ee35b989394,avaliacao,.md,resultado_historico,P2,REVIEW_RETENTION
avaliacao/resultados/classificacao-obra-manutencao-v1.8.0-20260721/RELATORIO.md,true,4894,18ed45ce254b684bbbd71441f031617937f99dd4eb6ca546de9f041a59c9fbcf,avaliacao,.md,resultado_historico,P2,REVIEW_RETENTION
avaliacao/resultados/classificacao-obra-manutencao-v1.8.0-20260721/metricas_classificacao_hierarquica.json,true,11802,909c3043b92ad0bb462e0b40755a7b2813f1924e2ea0ce70d78293f5a171a48e,avaliacao,.json,resultado_historico,P2,REVIEW_RETENTION
avaliacao/resultados/comparacao-local-v1.1-v1.8-20260722/RELATORIO.md,true,2830,1ba4d3280b34755fbbb9183d91bc80a7106c7f24b98f694869c9379136e8cd67,avaliacao,.md,resultado_historico,P2,REVIEW_RETENTION
avaliacao/resultados/comparacao-local-v1.1-v1.8-20260722/comparacao_local_v1_1_v1_8.csv,true,3832,aafa74afa41d0d7363fb8100c657a9a291ba993d6f636a42aeefa3a6ae28cb37,avaliacao,.csv,resultado_historico,P2,REVIEW_RETENTION
avaliacao/resultados/comparacao-local-v1.1-v1.8-20260722/comparacao_local_v1_1_v1_8.json,true,15755,37c2fa6caa9f0b3f03550b66edb502daaebfb26617564d61d70702563dd72eae,avaliacao,.json,resultado_historico,P2,REVIEW_RETENTION
avaliacao/resultados/comparacao-piloto-pareado-v1.8-v1.9-batch4-20260817/RELATORIO.md,true,3634,075f436bf95bfa2ffc4f006a607e1ace4809dfa1fbb46414b99fbf4d17cb82ef,avaliacao,.md,resultado_historico,P2,REVIEW_RETENTION
avaliacao/resultados/comparacao-piloto-pareado-v1.8-v1.9-batch4-20260817/comparacao_versoes_locais.csv,true,3406,83d34016fc32c22fc5a3a7d20855b765fa79723419503e4d02cfe1538233171e,avaliacao,.csv,resultado_historico,P2,REVIEW_RETENTION
avaliacao/resultados/comparacao-piloto-pareado-v1.8-v1.9-batch4-20260817/comparacao_versoes_locais.json,true,17419,96978404f1b5ad043ae083d3d41c37e3cb4d13a756e0c0f92f011e3a0bba495c,avaliacao,.json,resultado_historico,P2,REVIEW_RETENTION
avaliacao/resultados/comparacao-piloto-v1.8-v1.9.1-batch4-20260817/RELATORIO.md,true,3639,816cea480493db51723feec55a61ebae73cc62262cba2eeecadd6a771b65af14,avaliacao,.md,resultado_historico,P2,REVIEW_RETENTION
avaliacao/resultados/comparacao-piloto-v1.8-v1.9.1-batch4-20260817/comparacao_versoes_locais.csv,true,3416,3fc5bcbfef15ebd7a2baa7bc3b3fd5e6659d89cf7a6510c15d42e2975c05a85b,avaliacao,.csv,resultado_historico,P2,REVIEW_RETENTION
avaliacao/resultados/comparacao-piloto-v1.8-v1.9.1-batch4-20260817/comparacao_versoes_locais.json,true,17412,a7a4d7a36c7e3161280b3f96fe141ce211bbcbfe8870ea8b5c546e84213be0c5,avaliacao,.json,resultado_historico,P2,REVIEW_RETENTION
avaliacao/resultados/comparacao-piloto-v1.9.0-v1.9.1-batch4-20260817/RELATORIO.md,true,3639,313d4670b6702596dbb0cc68255b820d96d58b9c6d210bff0643fdcbdbe57503,avaliacao,.md,resultado_historico,P2,REVIEW_RETENTION
avaliacao/resultados/comparacao-piloto-v1.9.0-v1.9.1-batch4-20260817/comparacao_versoes_locais.csv,true,3402,bcc4d9b510c1b8bb83ed875ac5418770c688c8d04bd304b77fcdb126caa21161,avaliacao,.csv,resultado_historico,P2,REVIEW_RETENTION
avaliacao/resultados/comparacao-piloto-v1.9.0-v1.9.1-batch4-20260817/comparacao_versoes_locais.json,true,17430,6e2fa572f2246648e5913bdc6c419497104f0a36540c5d2d02cf0b7aaa5af072,avaliacao,.json,resultado_historico,P2,REVIEW_RETENTION
avaliacao/resultados/comparacao-sistema-v1.1-v1.9-20260817/RELATORIO.md,true,3829,6d7c771338f4fc8bf560e8bc22d01c4973264dcf275d824419baa0e842eca7a5,avaliacao,.md,resultado_historico,P2,REVIEW_RETENTION
avaliacao/resultados/comparacao-sistema-v1.1-v1.9-20260817/comparacao_versoes_locais.csv,true,3771,55810e0a13f227128ff069ec9607e2458710ba18efaf77943c6097a1e171081a,avaliacao,.csv,resultado_historico,P2,REVIEW_RETENTION
avaliacao/resultados/comparacao-sistema-v1.1-v1.9-20260817/comparacao_versoes_locais.json,true,17775,4ff535aa531d84b2d49d9e09d83b3888ab9771e834a2c3bfb362caf06def8db5,avaliacao,.json,resultado_historico,P2,REVIEW_RETENTION
avaliacao/resultados/comparacao-sistema-v1.8-v1.9-20260817/RELATORIO.md,true,3708,6a14a9130f844389b84ed0d9da6f5b7b1a94eeb3e9fddc15f8f442a48f46dfc2,avaliacao,.md,resultado_historico,P2,REVIEW_RETENTION
avaliacao/resultados/comparacao-sistema-v1.8-v1.9-20260817/comparacao_versoes_locais.csv,true,3907,e063a26a39f52b1f155e48b386e80603c78b7f0d09fbb59e12d4fe37e45fceaf,avaliacao,.csv,resultado_historico,P2,REVIEW_RETENTION
avaliacao/resultados/comparacao-sistema-v1.8-v1.9-20260817/comparacao_versoes_locais.json,true,18092,1baf01ebfba4754188834dff8549d502a056bde2d3b832f7abf7c905b045c4a4,avaliacao,.json,resultado_historico,P2,REVIEW_RETENTION
avaliacao/resultados/dedup-reference-margin-v1.7.0-20260716.json,true,55681,9dbc5ad4d0aed844714a3ba25f3489d16ff36f9aaf2cb43e6420422cf19d4f69,avaliacao,.json,resultado_historico,P2,REVIEW_RETENTION
avaliacao/resultados/e2e-pipeline-local-v1-20260818t0146z.json,true,6871,42e073b73c6216e4705054be6a78740dd39226b3a9735cbe917fd653ce490e26,avaliacao,.json,resultado_historico,P2,REVIEW_RETENTION
avaliacao/resultados/e2e-pipeline-local-v1-20260818t0149z.json,true,6892,af48f01c6b77b6cf37f20d00cf4a6c6b8b1d3647dba131b0074b2797e9b196a7,avaliacao,.json,resultado_historico,P2,REVIEW_RETENTION
avaliacao/resultados/e2e-pipeline-local-v1-20260818t0151z.json,true,61809,fe7a50a9193d0800f0507b48de2c6d93b4e31a4457b7c68e592b2a8816173fe3,avaliacao,.json,resultado_historico,P2,REVIEW_RETENTION
avaliacao/resultados/e2e-pipeline-local-v1-20260826-final.json,false,62059,bf4dd1a8f5333ab1ab4c445a109fa4ff11980000bffc026695cec06de00fc537,avaliacao,.json,resultado_historico,P2,REVIEW_RETENTION
avaliacao/resultados/e2e-pipeline-local-v1-20260826.json,false,62056,262cef540e19214ae0ccc872ea96eb78246cc06d73e8fe7ec3f3f4d357931983,avaliacao,.json,resultado_historico,P2,REVIEW_RETENTION
avaliacao/resultados/holdout-confirmatorio-v2-exec/local_only_plan.json,true,5945,529f98dee73901d9176389951b036ceaf72692fdd5009a888fa588ba349a325c,avaliacao,.json,resultado_historico,P2,REVIEW_RETENTION
avaliacao/resultados/holdout-confirmatorio-v2-exec/local_only_predictions.jsonl,true,1661745,e477535754c2872797d478c7bbfc618034db0f724f1c68bf19044fd2d22b3459,avaliacao,.jsonl,resultado_historico,P2,REVIEW_RETENTION
avaliacao/resultados/holdout-confirmatorio-v2-exec/local_only_summary.json,true,98616,a43ef97f11ada3f3ee0bbb86f7b072335cd425545725a7b3114a1c210dfb13d5,avaliacao,.json,resultado_historico,P2,REVIEW_RETENTION
avaliacao/resultados/holdout-confirmatorio-v2-exec/local_only_units.jsonl,true,5104630,223134b0eca9f736f65a621475a48d66100c4f2827d769ed1163797b5b242aac,avaliacao,.jsonl,resultado_historico,P2,REVIEW_RETENTION
avaliacao/resultados/holdout-confirmatorio-v2/local_only_plan.json,true,5945,da30982d50802acaebfb4e13deb4f9214814b83e43458dab38667ffee39791e0,avaliacao,.json,resultado_historico,P2,REVIEW_RETENTION
avaliacao/resultados/holdout-confirmatorio-v2/local_only_units.jsonl,true,5104630,223134b0eca9f736f65a621475a48d66100c4f2827d769ed1163797b5b242aac,avaliacao,.jsonl,resultado_historico,P2,REVIEW_RETENTION
avaliacao/resultados/integracao-v1.8.0-final2-20260716/VALIDACAO-20260716T143402/dataset.csv,true,8198,1dab055209e6873a782a9e36b5e4259b99d7d7c9693dc8368a57a6a92fd6b2d5,avaliacao,.csv,resultado_historico,P2,REVIEW_RETENTION
avaliacao/resultados/integracao-v1.8.0-final2-20260716/VALIDACAO-20260716T143402/dataset.jsonl,true,9323,c8770d3d4ca777c8a34bb1edfa2cc9dcd8bcb945ca0baec26d1d1380017c63f5,avaliacao,.jsonl,resultado_historico,P2,REVIEW_RETENTION
avaliacao/resultados/integracao-v1.8.0-final2-20260716/VALIDACAO-20260716T143402/dataset_dataset_controle.sql,true,3336,0c00810544a2c995a8c2280b40d5000b29857e953beb6609c417e0d5380f4748,avaliacao,.sql,resultado_historico,P2,REVIEW_RETENTION
avaliacao/resultados/integracao-v1.8.0-final2-20260716/VALIDACAO-20260716T143402/dataset_resumo.md,true,486,5e98859e55037037094910147e3c68d1339ce3b1f9d3cf8c76c1fae53cc9de86,avaliacao,.md,resultado_historico,P2,REVIEW_RETENTION
avaliacao/resultados/integracao-v1.8.0-final2-20260716/VALIDACAO-20260716T143402/dataset_tickets_glpi.csv,true,236,dcb3abb83971b03bd0f6e4c7b5c427dfd9f825c255a2847adf3354cd3d6ccd48,avaliacao,.csv,resultado_historico,P2,REVIEW_RETENTION
avaliacao/resultados/integracao-v1.8.0-final2-20260716/VALIDACAO-20260716T143402/freeze_manifest.json,true,8747,cb7b484bb549b0d4df66f52d13e98b44d00269dfdace95249598d40cff13cff5,avaliacao,.json,resultado_historico,P2,REVIEW_RETENTION
avaliacao/resultados/integracao-v1.8.0-final3-20260716/VALIDACAO-20260716T143514/dataset.csv,true,8198,1dab055209e6873a782a9e36b5e4259b99d7d7c9693dc8368a57a6a92fd6b2d5,avaliacao,.csv,resultado_historico,P2,REVIEW_RETENTION
avaliacao/resultados/integracao-v1.8.0-final3-20260716/VALIDACAO-20260716T143514/dataset.jsonl,true,9323,c8770d3d4ca777c8a34bb1edfa2cc9dcd8bcb945ca0baec26d1d1380017c63f5,avaliacao,.jsonl,resultado_historico,P2,REVIEW_RETENTION
avaliacao/resultados/integracao-v1.8.0-final3-20260716/VALIDACAO-20260716T143514/dataset_dataset_controle.sql,true,3336,5bc626336f96779ecb133ac4c1cf4ed89d0761e579dee24b8b397dcd5df43713,avaliacao,.sql,resultado_historico,P2,REVIEW_RETENTION
avaliacao/resultados/integracao-v1.8.0-final3-20260716/VALIDACAO-20260716T143514/dataset_resumo.md,true,486,27144d96689879a64d76eb0e326593487b20a741d12c0ad5a79f75107cba56d9,avaliacao,.md,resultado_historico,P2,REVIEW_RETENTION
avaliacao/resultados/integracao-v1.8.0-final3-20260716/VALIDACAO-20260716T143514/dataset_tickets_glpi.csv,true,236,63348b952ff4080af8f8df1166ec6eb42eb4cf4fb79e7ae3b36b35e987536c69,avaliacao,.csv,resultado_historico,P2,REVIEW_RETENTION
avaliacao/resultados/integracao-v1.8.0-final3-20260716/VALIDACAO-20260716T143514/freeze_manifest.json,true,8747,bd79d5cee0807246968bc0ac84ad46a15780755388defa42cc3047eda5c91f96,avaliacao,.json,resultado_historico,P2,REVIEW_RETENTION
avaliacao/resultados/integracao-v1.8.0-final4-20260716/VALIDACAO-20260716T145412/auc_deduplicacao.csv,true,52,bfaeac157d2ca42b2b6dd8193d8f29f175a512931bc700b1f93b48ae8f082e1f,avaliacao,.csv,resultado_historico,P2,REVIEW_RETENTION
avaliacao/resultados/integracao-v1.8.0-final4-20260716/VALIDACAO-20260716T145412/average_precision_deduplicacao.csv,true,62,961d345258a2519b252391566a4ee7bd48e40ff913468d58456318ee4102a54d,avaliacao,.csv,resultado_historico,P2,REVIEW_RETENTION
avaliacao/resultados/integracao-v1.8.0-final4-20260716/VALIDACAO-20260716T145412/dataset.csv,true,8198,1dab055209e6873a782a9e36b5e4259b99d7d7c9693dc8368a57a6a92fd6b2d5,avaliacao,.csv,resultado_historico,P2,REVIEW_RETENTION
avaliacao/resultados/integracao-v1.8.0-final4-20260716/VALIDACAO-20260716T145412/dataset.jsonl,true,9323,c8770d3d4ca777c8a34bb1edfa2cc9dcd8bcb945ca0baec26d1d1380017c63f5,avaliacao,.jsonl,resultado_historico,P2,REVIEW_RETENTION
avaliacao/resultados/integracao-v1.8.0-final4-20260716/VALIDACAO-20260716T145412/dataset_dataset_controle.sql,true,3336,27f7d8872282c41423413f6be18999c14d4e42e18a1351a7d239d48ac27258c5,avaliacao,.sql,resultado_historico,P2,REVIEW_RETENTION
avaliacao/resultados/integracao-v1.8.0-final4-20260716/VALIDACAO-20260716T145412/dataset_resumo.md,true,486,b84deb3874dea384c1c98ae682d0ab6d56758ee04db97828249023062db5870e,avaliacao,.md,resultado_historico,P2,REVIEW_RETENTION
avaliacao/resultados/integracao-v1.8.0-final4-20260716/VALIDACAO-20260716T145412/dataset_tickets_glpi.csv,true,236,1dd1b327dc3455960192d820e210f67995621224e70a8ddce965d79751a8e332,avaliacao,.csv,resultado_historico,P2,REVIEW_RETENTION
avaliacao/resultados/integracao-v1.8.0-final4-20260716/VALIDACAO-20260716T145412/freeze_manifest.json,true,8747,08e6eef484fbab9e4fbe90e7424f8aa05adc58d5a4c27be07fb354e8293cc8c7,avaliacao,.json,resultado_historico,P2,REVIEW_RETENTION
avaliacao/resultados/integracao-v1.8.0-final4-20260716/VALIDACAO-20260716T145412/kpi_classificacao.csv,true,171,d0e1a2b43dc028beae57c0a56a932d89a3865b1c797544aaff12f6d613a7de04,avaliacao,.csv,resultado_historico,P2,REVIEW_RETENTION
avaliacao/resultados/integracao-v1.8.0-final4-20260716/VALIDACAO-20260716T145412/log_loss_deduplicacao.csv,true,91,1814cd771be92bf80de6f4794d5faf69fc8051e0a13976ad9012f969edef69cd,avaliacao,.csv,resultado_historico,P2,REVIEW_RETENTION
avaliacao/resultados/integracao-v1.8.0-final4-20260716/VALIDACAO-20260716T145412/matriz_confusao_classificacao.csv,true,129,def3a3862bd4d8d1f7bf80f2a2a773f88cbc461e0b221e066e6330f4e8b6bff1,avaliacao,.csv,resultado_historico,P2,REVIEW_RETENTION
avaliacao/resultados/integracao-v1.8.0-final4-20260716/VALIDACAO-20260716T145412/metricas.json,true,23028,3e56f1e9df4321351af92a059e22c6a2f5be4e3091f952d336fc48e95b00d2f2,avaliacao,.json,resultado_historico,P2,REVIEW_RETENTION
avaliacao/resultados/integracao-v1.8.0-final4-20260716/VALIDACAO-20260716T145412/metricas_classificacao.csv,true,387,573a116d480880f4454cb5003e2e926afc7b020fc1e2895cc5541e1e068df87e,avaliacao,.csv,resultado_historico,P2,REVIEW_RETENTION
avaliacao/resultados/integracao-v1.8.0-final4-20260716/VALIDACAO-20260716T145412/metricas_deduplicacao.csv,true,313,a461a09f35bd6dc68954cd395f1969b9e6a5d80676f9758a9852e64178c0cdf0,avaliacao,.csv,resultado_historico,P2,REVIEW_RETENTION
avaliacao/resultados/integracao-v1.8.0-final4-20260716/VALIDACAO-20260716T145412/metricas_deduplicacao_desafio_primaria.csv,true,305,5fef65129a0b31b597bbfd4b589a59bd18322f9b6034e7ac32a424de09be56ce,avaliacao,.csv,resultado_historico,P2,REVIEW_RETENTION
avaliacao/resultados/integracao-v1.8.0-final4-20260716/VALIDACAO-20260716T145412/metricas_operacionais.csv,true,213,067cd8add5b3a98e022ff689b4a2f336f74f193692ef3276ddb6209be2a23423,avaliacao,.csv,resultado_historico,P2,REVIEW_RETENTION
avaliacao/resultados/integracao-v1.8.0-final4-20260716/VALIDACAO-20260716T145412/recall_candidatos_deduplicacao.csv,true,133,774f7660f6a013da996baa97626c0b29adb8a5e0d43d93a74dda552bfed0d76c,avaliacao,.csv,resultado_historico,P2,REVIEW_RETENTION
avaliacao/resultados/integracao-v1.8.0-final4-20260716/VALIDACAO-20260716T145412/relatorio.md,true,1125,47d153ec1771ad9b43c59478c207ff4090e516a61cccca1c52eb029724fa05fe,avaliacao,.md,resultado_historico,P2,REVIEW_RETENTION
avaliacao/resultados/integracao-v1.8.0-final4-20260716/VALIDACAO-20260716T145412/risco_cobertura.csv,true,155,90fcb1760ecef7cc97602c2c9a56ab6f12166b7ce7a5ec50aacd0d3dcfb3e95b,avaliacao,.csv,resultado_historico,P2,REVIEW_RETENTION
avaliacao/resultados/interfaces-web-v1.8.0-20260716/glpi-login.png,true,36013,0196108bfe34b3f5becb4bb6482ba91011afdec6a3a7e11e77ccede4baf211f2,avaliacao,.png,resultado_historico,P2,REVIEW_RETENTION
avaliacao/resultados/interfaces-web-v1.8.0-20260716/glpi-tickets.png,true,266397,dd58d0a1c36afdcd05e3b93a2384a7c26346b365e9ccb37315a88d945b70dbfe,avaliacao,.png,resultado_historico,P2,REVIEW_RETENTION
avaliacao/resultados/interfaces-web-v1.8.0-20260716/mailpit.png,true,20721,01cad8dab6c4c51373d223ff9b4bb368169cb24ab66402b72f9f15663f8b04e0,avaliacao,.png,resultado_historico,P2,REVIEW_RETENTION
avaliacao/resultados/interfaces-web-v1.8.0-20260716/n8n-login.png,true,18837,b2da0b638a7870fa08e8ea0017a7d502ed5947d9cf1af9b68b03516bc54238d0,avaliacao,.png,resultado_historico,P2,REVIEW_RETENTION
avaliacao/resultados/interfaces-web-v1.8.0-20260716/n8n-workflows.png,true,6490,fdb1f6f52e650bab07af4cf97393b1ac853734fa5b14f7396abc92b79fa46f4c,avaliacao,.png,resultado_historico,P2,REVIEW_RETENTION
avaliacao/resultados/interfaces-web-v1.8.0-20260716/relatorio.md,true,1009,e12c7fa58cbe1fe0d95e61212518088fc54bba20ad83ecd63e0f897b2a3e5caf,avaliacao,.md,resultado_historico,P2,REVIEW_RETENTION
avaliacao/resultados/interfaces-web-v1.8.0-20260716/resultado.json,true,2170,d3740aed7314903c6ba9ce64775d4aa22da85ad1220245cdf88f0c7ecbcbcdbd,avaliacao,.json,resultado_historico,P2,REVIEW_RETENTION
avaliacao/resultados/local-only-desenvolvimento-v1.5.0-20260716/local_only_plan.json,true,12939,5ec1a1146b24d9e99b81c987866d11cfd670613f30db22bac4b57c4f5dc89ecb,avaliacao,.json,resultado_historico,P2,REVIEW_RETENTION
avaliacao/resultados/local-only-desenvolvimento-v1.5.0-20260716/local_only_predictions.jsonl,true,2782565,259ff193b4e3b8eb27a85f4c522bd6c72c24d2eb93699cde589300c12e38d1ce,avaliacao,.jsonl,resultado_historico,P2,REVIEW_RETENTION
avaliacao/resultados/local-only-desenvolvimento-v1.5.0-20260716/local_only_summary.json,true,159708,8c4788cb1333908789a4458de95a84af38f83d70b89a6e193ea00a84c7f228cc,avaliacao,.json,resultado_historico,P2,REVIEW_RETENTION
avaliacao/resultados/local-only-desenvolvimento-v1.5.0-20260716/local_only_units.jsonl,true,6331977,88b6b2125e8d7ba11edfe50c09c55fd9069a1778f7a79ff0e294c8f7b233d6f6,avaliacao,.jsonl,resultado_historico,P2,REVIEW_RETENTION
avaliacao/resultados/local-only-desenvolvimento-v1.6.0-20260716/local_only_plan.json,true,12939,34bb5ae0b2ce700f2e402d650a63a97012f521ba49577ba054fe8781b42129cf,avaliacao,.json,resultado_historico,P2,REVIEW_RETENTION
avaliacao/resultados/local-only-desenvolvimento-v1.6.0-20260716/local_only_predictions.jsonl,true,2770388,45b8a59da7bfac0c234673a5530f5cdeb300288d56dab699b6c666ba02896fed,avaliacao,.jsonl,resultado_historico,P2,REVIEW_RETENTION
avaliacao/resultados/local-only-desenvolvimento-v1.6.0-20260716/local_only_summary.json,true,163208,919a7a678ea8ce317fbd96a2faf24746e249d2070201f0825c928ca67a9b9660,avaliacao,.json,resultado_historico,P2,REVIEW_RETENTION
avaliacao/resultados/local-only-desenvolvimento-v1.6.0-20260716/local_only_units.jsonl,true,6331977,88b6b2125e8d7ba11edfe50c09c55fd9069a1778f7a79ff0e294c8f7b233d6f6,avaliacao,.jsonl,resultado_historico,P2,REVIEW_RETENTION
avaliacao/resultados/local-only-desenvolvimento-v1.7.0-20260716/local_only_plan.json,true,12939,11c247932c3c18943bd0de35d4dec541684990fc2d0c922bd7c51856f1989136,avaliacao,.json,resultado_historico,P2,REVIEW_RETENTION
avaliacao/resultados/local-only-desenvolvimento-v1.7.0-20260716/local_only_predictions.jsonl,true,2771779,674171e457a0943018fcc87cabff6827c229659fb5e22c9b95165b1c5f47ec59,avaliacao,.jsonl,resultado_historico,P2,REVIEW_RETENTION
avaliacao/resultados/local-only-desenvolvimento-v1.7.0-20260716/local_only_summary.json,true,162694,13650c6dd02a0dc5e2d137b010f5fed7d4494c3698858ccf4bcc41ff5de9176e,avaliacao,.json,resultado_historico,P2,REVIEW_RETENTION
avaliacao/resultados/local-only-desenvolvimento-v1.7.0-20260716/local_only_units.jsonl,true,6331977,88b6b2125e8d7ba11edfe50c09c55fd9069a1778f7a79ff0e294c8f7b233d6f6,avaliacao,.jsonl,resultado_historico,P2,REVIEW_RETENTION
avaliacao/resultados/local-only-desenvolvimento-v1.8.0-20260716/local_only_plan.json,true,13343,ae7ed0b9ae262b165e15c86af57805639a892fb9fbc3908901c7209e1402d618,avaliacao,.json,resultado_historico,P2,REVIEW_RETENTION
avaliacao/resultados/local-only-desenvolvimento-v1.8.0-20260716/local_only_predictions.jsonl,true,2773710,258106f1eebbaee5a56e118c1b4bda09c193719de8af4ce7f40e565562103603,avaliacao,.jsonl,resultado_historico,P2,REVIEW_RETENTION
avaliacao/resultados/local-only-desenvolvimento-v1.8.0-20260716/local_only_summary.json,true,163789,ea2dc418fa849d5ea328efb220e15577197f92f3476644a3b36cfbd30e7979f3,avaliacao,.json,resultado_historico,P2,REVIEW_RETENTION
avaliacao/resultados/local-only-desenvolvimento-v1.8.0-20260716/local_only_summary_metrics_v1.1.json,true,321943,57def48701719c8abf243c56b32e91a251ef110841b9301e21a2854b13af94f7,avaliacao,.json,resultado_historico,P2,REVIEW_RETENTION
avaliacao/resultados/local-only-desenvolvimento-v1.8.0-20260716/local_only_summary_metrics_v1.2.json,true,321943,e0409cd463798e8a65b4d14ec4dd8968c04de211d468f58df3d3acf0f31da55e,avaliacao,.json,resultado_historico,P2,REVIEW_RETENTION
avaliacao/resultados/local-only-desenvolvimento-v1.8.0-20260716/local_only_units.jsonl,true,6331977,88b6b2125e8d7ba11edfe50c09c55fd9069a1778f7a79ff0e294c8f7b233d6f6,avaliacao,.jsonl,resultado_historico,P2,REVIEW_RETENTION
avaliacao/resultados/local-only-desenvolvimento-v1.9.0-20260817-rerun01/INVALIDADO.md,true,182,125d8b5eea6f46135249cacd0b7efa6f83cb455881e7d401beafac616b3cb7ec,avaliacao,.md,resultado_historico,P2,REVIEW_RETENTION
avaliacao/resultados/local-only-desenvolvimento-v1.9.0-20260817-rerun01/local_only_plan.json,true,12399,d62411f2a2156e0c210470147325684fd836c8e8342ee54d5a762fdc195de24e,avaliacao,.json,resultado_historico,P2,REVIEW_RETENTION
avaliacao/resultados/local-only-desenvolvimento-v1.9.0-20260817-rerun01/local_only_units.jsonl,true,6331977,88b6b2125e8d7ba11edfe50c09c55fd9069a1778f7a79ff0e294c8f7b233d6f6,avaliacao,.jsonl,resultado_historico,P2,REVIEW_RETENTION
avaliacao/resultados/local-only-desenvolvimento-v1.9.0-20260817-rerun02/LIMITACAO.md,true,671,ef53e5331ea35e4cb3d83acfeeaa5da14269232b3407a7f7ebfd8f9a0367d22a,avaliacao,.md,resultado_historico,P2,REVIEW_RETENTION
avaliacao/resultados/local-only-desenvolvimento-v1.9.0-20260817-rerun02/local_only_plan.json,true,12399,82ea77fd70eb935da62c72026775b6115447a0fb02cc614892a43a47694e4c2c,avaliacao,.json,resultado_historico,P2,REVIEW_RETENTION
avaliacao/resultados/local-only-desenvolvimento-v1.9.0-20260817-rerun02/local_only_predictions.jsonl,true,2953074,476982c0a3b3676cc922263c1710904ce469734caa1de0e74ebca4d6ed4ec218,avaliacao,.jsonl,resultado_historico,P2,REVIEW_RETENTION
avaliacao/resultados/local-only-desenvolvimento-v1.9.0-20260817-rerun02/local_only_summary.json,true,321201,e0f100273809432624aa99b4115313f23b683ee5b71480eea7cd302bde9dfe7e,avaliacao,.json,resultado_historico,P2,REVIEW_RETENTION
avaliacao/resultados/local-only-desenvolvimento-v1.9.0-20260817-rerun02/local_only_summary_metrics_v1.1.json,true,322110,2e78b7d00f1646a4d4f59d8fe68e61d170a74f0114168630cf4f592e29698617,avaliacao,.json,resultado_historico,P2,REVIEW_RETENTION
avaliacao/resultados/local-only-desenvolvimento-v1.9.0-20260817-rerun02/local_only_summary_metrics_v1.2.json,true,322110,08621726e1bcd95a55b5e01d1409caf2ff4ecb6f0f5fc7050d939f2173dbfc71,avaliacao,.json,resultado_historico,P2,REVIEW_RETENTION
avaliacao/resultados/local-only-desenvolvimento-v1.9.0-20260817-rerun02/local_only_units.jsonl,true,6331977,88b6b2125e8d7ba11edfe50c09c55fd9069a1778f7a79ff0e294c8f7b233d6f6,avaliacao,.jsonl,resultado_historico,P2,REVIEW_RETENTION
avaliacao/resultados/local-only-desenvolvimento-v1.9.0-20260817-valid-token/INVALIDADO.md,true,268,89ac2230abf63c2f361a72448d5453f080838e4ba7eb731be5304a320c20d81f,avaliacao,.md,resultado_historico,P2,REVIEW_RETENTION
avaliacao/resultados/local-only-desenvolvimento-v1.9.0-20260817-valid-token/local_only_plan.json,true,12399,d62411f2a2156e0c210470147325684fd836c8e8342ee54d5a762fdc195de24e,avaliacao,.json,resultado_historico,P2,REVIEW_RETENTION
avaliacao/resultados/local-only-desenvolvimento-v1.9.0-20260817-valid-token/local_only_predictions.jsonl,true,1121675,ea99e0cb8dd45b4e064e2fb37c3705409d691dab5b104a602ce2593cbf15c55e,avaliacao,.jsonl,resultado_historico,P2,REVIEW_RETENTION
avaliacao/resultados/local-only-desenvolvimento-v1.9.0-20260817-valid-token/local_only_summary.json,true,305979,baca60463998207ea48c938ba6f6a50748d8c8231a857022f5b99a5f78023cfb,avaliacao,.json,resultado_historico,P2,REVIEW_RETENTION
avaliacao/resultados/local-only-desenvolvimento-v1.9.0-20260817-valid-token/local_only_summary_metrics_v1.2.json,true,306900,cec9bbc1b9a754d7dd20611bc22a6a41428cae728e3582b652b570d4b2647ff3,avaliacao,.json,resultado_historico,P2,REVIEW_RETENTION
avaliacao/resultados/local-only-desenvolvimento-v1.9.0-20260817-valid-token/local_only_units.jsonl,true,6331977,88b6b2125e8d7ba11edfe50c09c55fd9069a1778f7a79ff0e294c8f7b233d6f6,avaliacao,.jsonl,resultado_historico,P2,REVIEW_RETENTION
avaliacao/resultados/local-only-desenvolvimento-v1.9.0-20260817/INVALIDADO.md,true,266,66cff5dd9271722e161690272dfd0b02a390c32a064932a255ff39d1f8a0259f,avaliacao,.md,resultado_historico,P2,REVIEW_RETENTION
avaliacao/resultados/local-only-desenvolvimento-v1.9.0-20260817/local_only_plan.json,true,12399,d62411f2a2156e0c210470147325684fd836c8e8342ee54d5a762fdc195de24e,avaliacao,.json,resultado_historico,P2,REVIEW_RETENTION
avaliacao/resultados/local-only-desenvolvimento-v1.9.0-20260817/local_only_predictions.jsonl,true,1068708,88eb1248dae58b7c98009da70fb2bf9e0636789591a43e0280f6d169a46bb609,avaliacao,.jsonl,resultado_historico,P2,REVIEW_RETENTION
avaliacao/resultados/local-only-desenvolvimento-v1.9.0-20260817/local_only_summary.json,true,298826,1fd425fb546b5a6e1fec410e1d3004fa78d3f767dfa2e5e7c731d0793c1bc344,avaliacao,.json,resultado_historico,P2,REVIEW_RETENTION
avaliacao/resultados/local-only-desenvolvimento-v1.9.0-20260817/local_only_summary_metrics_v1.2.json,true,299711,f85a9a0d46984ac63ec79631840694e0c770b07ea3067598d67c6ab84f83dad6,avaliacao,.json,resultado_historico,P2,REVIEW_RETENTION
avaliacao/resultados/local-only-desenvolvimento-v1.9.0-20260817/local_only_units.jsonl,true,6331977,88b6b2125e8d7ba11edfe50c09c55fd9069a1778f7a79ff0e294c8f7b233d6f6,avaliacao,.jsonl,resultado_historico,P2,REVIEW_RETENTION
avaliacao/resultados/local-only-desenvolvimento-v1/local_only_plan.json,true,12462,4c5b964a12e07fbc075276a4851a3e7daf3137c713f9119fceee889de2a22fd7,avaliacao,.json,resultado_historico,P2,REVIEW_RETENTION
avaliacao/resultados/local-only-desenvolvimento-v1/local_only_predictions.jsonl,true,1272831,52e62769e1b3ed15920026d0ae03edfbf2141bfb028635029e5c5023a6822799,avaliacao,.jsonl,resultado_historico,P2,REVIEW_RETENTION
avaliacao/resultados/local-only-desenvolvimento-v1/local_only_summary.json,true,158627,7d46e9641393f67a7611e14048c1e8f10ce717f27cc8bca66e9f27f014470e45,avaliacao,.json,resultado_historico,P2,REVIEW_RETENTION
avaliacao/resultados/local-only-desenvolvimento-v1/local_only_summary_metrics_v1.2.json,true,316092,f7988753974016c15b9e2eda20a3cdf53a3c40b617205a23b5caedeaefce11b3,avaliacao,.json,resultado_historico,P2,REVIEW_RETENTION
avaliacao/resultados/local-only-desenvolvimento-v1/local_only_units.jsonl,true,6331977,88b6b2125e8d7ba11edfe50c09c55fd9069a1778f7a79ff0e294c8f7b233d6f6,avaliacao,.jsonl,resultado_historico,P2,REVIEW_RETENTION
avaliacao/resultados/local-only-paired40-v1.8.0-20260716/local_only_plan.json,true,6974,48a9b2ebed97aa7c517954f325ab86b98d920abc6b6078c2e4d4ce68dfe93b61,avaliacao,.json,resultado_historico,P2,REVIEW_RETENTION
avaliacao/resultados/local-only-paired40-v1.8.0-20260716/local_only_predictions.jsonl,true,91131,79b6a6f3e28b7d1e898279f1b78c44526d3084e2d19147b30343a23dc07416e5,avaliacao,.jsonl,resultado_historico,P2,REVIEW_RETENTION
avaliacao/resultados/local-only-paired40-v1.8.0-20260716/local_only_summary.json,true,33195,f4634af04e0afd028990c5210f1fb828bdd34cc1a0ec32faf40aa81b1199dd9d,avaliacao,.json,resultado_historico,P2,REVIEW_RETENTION
avaliacao/resultados/local-only-paired40-v1.8.0-20260716/local_only_units.jsonl,true,296082,3f338fb6280b54f17f9004c7bd146dc285975ee00d0ca3d49dca8c2bb9d70161,avaliacao,.jsonl,resultado_historico,P2,REVIEW_RETENTION
avaliacao/resultados/local-only-pilot-v1.8.0-batch4-20260817b/local_only_plan.json,true,6012,5f02a3d7ded3ee361357d9b4500bd695d94ea3f5d21759165dfef7d9e3093a5b,avaliacao,.json,resultado_historico,P2,REVIEW_RETENTION
avaliacao/resultados/local-only-pilot-v1.8.0-batch4-20260817b/local_only_predictions.jsonl,true,70634,821771d7b46ce4bf3c83abf22d3b274bd62d3fea04e85a06c89e307540d1472d,avaliacao,.jsonl,resultado_historico,P2,REVIEW_RETENTION
avaliacao/resultados/local-only-pilot-v1.8.0-batch4-20260817b/local_only_summary.json,true,20420,e4bd493df7e30292a614073599f5a1f7c273eac3afbe921ab93e1e241ac1f8e8,avaliacao,.json,resultado_historico,P2,REVIEW_RETENTION
avaliacao/resultados/local-only-pilot-v1.8.0-batch4-20260817b/local_only_summary_metrics_v1.2.json,true,21299,760bed699d4c920bda8ca0a311c15136f5d92f54fcc0c51279091fce901cbf98,avaliacao,.json,resultado_historico,P2,REVIEW_RETENTION
avaliacao/resultados/local-only-pilot-v1.8.0-batch4-20260817b/local_only_units.jsonl,true,116340,a69fc8c207b140d3166e36e788f19d33356d8ea1cafaec4d7531c4653b863fc1,avaliacao,.jsonl,resultado_historico,P2,REVIEW_RETENTION
avaliacao/resultados/local-only-pilot-v1.9.0-batch4-20260817b/local_only_plan.json,true,5068,7a341b394159057cd3f759bdd33ec63954b0057047e0bfb687ff3fec7aaf2c06,avaliacao,.json,resultado_historico,P2,REVIEW_RETENTION
avaliacao/resultados/local-only-pilot-v1.9.0-batch4-20260817b/local_only_predictions.jsonl,true,70646,e6ffbd4022707129c047db66910ecf48da85c9b27f5dbe2d50b818475a0500bc,avaliacao,.jsonl,resultado_historico,P2,REVIEW_RETENTION
avaliacao/resultados/local-only-pilot-v1.9.0-batch4-20260817b/local_only_summary.json,true,20389,8b44f126dd8ebe3959c0ac7c375ab5bd5f7a0a10ef198553479a7c58ee8fc5dc,avaliacao,.json,resultado_historico,P2,REVIEW_RETENTION
avaliacao/resultados/local-only-pilot-v1.9.0-batch4-20260817b/local_only_summary_metrics_v1.2.json,true,21268,630c4635c84443f5b451d4d7373a25c97a72ca0d77f27ef807383fc420d5cd68,avaliacao,.json,resultado_historico,P2,REVIEW_RETENTION
avaliacao/resultados/local-only-pilot-v1.9.0-batch4-20260817b/local_only_units.jsonl,true,116340,a69fc8c207b140d3166e36e788f19d33356d8ea1cafaec4d7531c4653b863fc1,avaliacao,.jsonl,resultado_historico,P2,REVIEW_RETENTION
avaliacao/resultados/local-only-pilot-v1.9.1-batch4-20260817/local_only_plan.json,true,5068,4296e1eee86201bc49080385b523de23a934009988ad7a3abaebf835b32a12c4,avaliacao,.json,resultado_historico,P2,REVIEW_RETENTION
avaliacao/resultados/local-only-pilot-v1.9.1-batch4-20260817/local_only_predictions.jsonl,true,70610,4a4f080e87317122a38f5d05a3d1928f1e2430c342f23ecd768e8aef95126700,avaliacao,.jsonl,resultado_historico,P2,REVIEW_RETENTION
avaliacao/resultados/local-only-pilot-v1.9.1-batch4-20260817/local_only_summary.json,true,20441,0b6ed2bc066f62f105828c74bc9df0b747a4662963b3e67719bff45873299174,avaliacao,.json,resultado_historico,P2,REVIEW_RETENTION
avaliacao/resultados/local-only-pilot-v1.9.1-batch4-20260817/local_only_summary_metrics_v1.2.json,true,21317,b4db326351443f58da7da4a476c3e55d92027c39fb63ca2f4f9766d12895253a,avaliacao,.json,resultado_historico,P2,REVIEW_RETENTION
avaliacao/resultados/local-only-pilot-v1.9.1-batch4-20260817/local_only_units.jsonl,true,116340,a69fc8c207b140d3166e36e788f19d33356d8ea1cafaec4d7531c4653b863fc1,avaliacao,.jsonl,resultado_historico,P2,REVIEW_RETENTION
avaliacao/resultados/operacional/auditoria-operacional-20260901.json,false,8682,ac952c59829c409251f104856ec544886c0e78bfcd210cd1a134c3f0c1f2a354,avaliacao,.json,resultado_historico,P2,REVIEW_RETENTION
avaliacao/resultados/operacional/carga-classificacao-c1-20260901.json,false,8709,c7a22de5dae8e24f0f120c08a1db8bc149fa18bace67c1d24331e5c8f9e21e2d,avaliacao,.json,resultado_historico,P2,REVIEW_RETENTION
avaliacao/resultados/operacional/carga-classificacao-c4-20260901.json,false,8765,b060fe2e89de0c534247790d4f6f000969fa80c1159ecd902722bd884c454afa,avaliacao,.json,resultado_historico,P2,REVIEW_RETENTION
avaliacao/resultados/operacional/carga-local-ai-20260901.json,false,9463,f9cc9ab23aca268d22d778f82926cecf82790fe454b05f4c5e0a3ec41f5f445f,avaliacao,.json,resultado_historico,P2,REVIEW_RETENTION
avaliacao/resultados/operacional/classify-load-payload.json,false,152,9fa567d619cc2af3bfc27aaa8d7b5beecf6bc18f2e14cd563cb9bacf675bfb42,avaliacao,.json,resultado_historico,P2,REVIEW_RETENTION
avaliacao/resultados/pareado-local-gemini-v1/paired_plan.json,true,5903,152d6292ee1fe5df46d8c3982957650636d91f0545942dc2e54c3173e586a01a,avaliacao,.json,resultado_historico,P2,REVIEW_RETENTION
avaliacao/resultados/pareado-local-gemini-v1/paired_predictions.jsonl,true,424176,19621e09b008086affa8ec623392d6c9bf0c5ef2cbc770251ce8b2e61f49e4b5,avaliacao,.jsonl,resultado_historico,P2,REVIEW_RETENTION
avaliacao/resultados/pareado-local-gemini-v1/paired_summary.json,true,3119,60fd7c7db420cddb60797fadee4939615ecf9c73f087a4be997e57a47e10e95a,avaliacao,.json,resultado_historico,P2,REVIEW_RETENTION
avaliacao/resultados/pareado-local-gemini-v1/paired_units.jsonl,true,2141540,1e9ef284148dbce3fa461d41a077074c87ee56609176464e88ade2e3a82cffae,avaliacao,.jsonl,resultado_historico,P2,REVIEW_RETENTION
avaliacao/resultados/pareado-local-v1.8.0-gemini-3.5-flash-4rpm-20260716/paired_plan.json,true,6831,534a6be45bf598d9ec8a9890305b2a1b4ca32be76aa560e990f2e713c627f1fe,avaliacao,.json,resultado_historico,P2,REVIEW_RETENTION
avaliacao/resultados/pareado-local-v1.8.0-gemini-3.5-flash-4rpm-20260716/paired_predictions.jsonl,true,69808,b134408d80dc855bea00006a0808c216a985f885f30b47bef9ab26a4e70d7bd7,avaliacao,.jsonl,resultado_historico,P2,REVIEW_RETENTION
avaliacao/resultados/pareado-local-v1.8.0-gemini-3.5-flash-4rpm-20260716/paired_summary.json,true,2589,f6e00818bb51626c3fa76450c7d2b55d27054213deae01386bc056a01df4dfea,avaliacao,.json,resultado_historico,P2,REVIEW_RETENTION
avaliacao/resultados/pareado-local-v1.8.0-gemini-3.5-flash-4rpm-20260716/paired_summary_metrics_v1.1.json,true,4912,abed4dc2b5b9f298e86db16068ca62d8a6375a7ed244bb05a4beb9ab7dce2376,avaliacao,.json,resultado_historico,P2,REVIEW_RETENTION
avaliacao/resultados/pareado-local-v1.8.0-gemini-3.5-flash-4rpm-20260716/paired_units.jsonl,true,621337,f8ff3caead66783a880dfd54b77014a68cc4077d367179cfa823981263b08e69,avaliacao,.jsonl,resultado_historico,P2,REVIEW_RETENTION
avaliacao/resultados/pareado-local-v1.8.0-gemini-3.5-flash-4rpm-20260722-r2/paired_plan.json,true,8227,30cf1d1c50e1e7f4b9a6359a2dce094ee8a6295092f2d71027e39528be3f259d,avaliacao,.json,resultado_historico,P2,REVIEW_RETENTION
avaliacao/resultados/pareado-local-v1.8.0-gemini-3.5-flash-4rpm-20260722-r2/paired_units.jsonl,true,621337,acaef8886f9d8b7517462e23b3784d9cedf2e6fa2080d29ffa241552e3b44528,avaliacao,.jsonl,resultado_historico,P2,REVIEW_RETENTION
avaliacao/resultados/pareado-local-v1.8.0-gemini-3.5-flash-4rpm-20260722/paired_plan.json,true,8227,aef0f7a27549d6389e13848415f3679cfbcd3e14b6d0040ed43ecdfdcefa3213,avaliacao,.json,resultado_historico,P2,REVIEW_RETENTION
avaliacao/resultados/pareado-local-v1.8.0-gemini-3.5-flash-4rpm-20260722/paired_predictions.jsonl,true,138256,24a57a50b239ab3e06e95f5c0dccbb199285e2f5d49322ca710ae33698aac2fa,avaliacao,.jsonl,resultado_historico,P2,REVIEW_RETENTION
avaliacao/resultados/pareado-local-v1.8.0-gemini-3.5-flash-4rpm-20260722/paired_summary.json,true,10525,7f245178de86e3155811efce11f726951e03538a91ae527de72a1356d0f89d62,avaliacao,.json,resultado_historico,P2,REVIEW_RETENTION
avaliacao/resultados/pareado-local-v1.8.0-gemini-3.5-flash-4rpm-20260722/paired_units.jsonl,true,621337,acaef8886f9d8b7517462e23b3784d9cedf2e6fa2080d29ffa241552e3b44528,avaliacao,.jsonl,resultado_historico,P2,REVIEW_RETENTION
avaliacao/resultados/pareado-local-v1.8.0-gemini-3.5-flash-dev-20260716/paired_plan.json,true,6844,41782356a35cc0941e480950695ff49d189bbe04d674b56674a2c5235f74836b,avaliacao,.json,resultado_historico,P2,REVIEW_RETENTION
avaliacao/resultados/pareado-local-v1.8.0-gemini-3.5-flash-dev-20260716/paired_predictions.jsonl,true,482870,e53740893b0812b51ebe6a06c534207ce00a10d79662d6f03415475098c394a0,avaliacao,.jsonl,resultado_historico,P2,REVIEW_RETENTION
avaliacao/resultados/pareado-local-v1.8.0-gemini-3.5-flash-dev-20260716/paired_summary.json,true,2827,8519631010288bce9c221f337ebd37d9eb81c46a78d97f6431bf3f55a97edbd3,avaliacao,.json,resultado_historico,P2,REVIEW_RETENTION
avaliacao/resultados/pareado-local-v1.8.0-gemini-3.5-flash-dev-20260716/paired_summary_metrics_v1.1.json,true,5173,1ffdd580e99d87b33a9019026d111c518b78662e9631870f23cfce4730d79c09,avaliacao,.json,resultado_historico,P2,REVIEW_RETENTION
avaliacao/resultados/pareado-local-v1.8.0-gemini-3.5-flash-dev-20260716/paired_units.jsonl,true,2078783,46aec2ca813f842f3127ac787792432a68b5041add4f672ebdcfa1ae653bfbae,avaliacao,.jsonl,resultado_historico,P2,REVIEW_RETENTION
avaliacao/resultados/selecao-supervisionada-v1-20260804/RELATORIO.md,true,2366,3f5ce560f830448faeba8c50bc559c0e491524a406736337fea84c64ce01d394,avaliacao,.md,resultado_historico,P2,REVIEW_RETENTION
avaliacao/resultados/selecao-supervisionada-v1-20260804/ambiente.json,true,2880,6f9097abcac1b85ed713d7b6b72dc6daff386160091d05f7a069755a6dd654e1,avaliacao,.json,resultado_historico,P2,REVIEW_RETENTION
avaliacao/resultados/selecao-supervisionada-v1-20260804/comparacao_pareada_grupos.csv,true,0,e3b0c44298fc1c149afbf4c8996fb92427ae41e4649b934ca495991b7852b855,avaliacao,.csv,resultado_historico,P2,REVIEW_RETENTION
avaliacao/resultados/selecao-supervisionada-v1-20260804/dataset_audit.json,true,944,933c29f59c247dc64fd5b11854dc8b5af927c701d2b3305931787cf76ec84131,avaliacao,.json,resultado_historico,P2,REVIEW_RETENTION
avaliacao/resultados/selecao-supervisionada-v1-20260804/dobras.csv,true,12204,31a1a66efddc90dd252a094580994206d25c4fb39fad2a3d6f8425f3ce9f8985,avaliacao,.csv,resultado_historico,P2,REVIEW_RETENTION
avaliacao/resultados/selecao-supervisionada-v1-20260804/embedding_runtime.json,true,7570,8c6fa33be1b727f8afce093829cbd948ab5ffcb16681c189230eaa26eef748fb,avaliacao,.json,resultado_historico,P2,REVIEW_RETENTION
avaliacao/resultados/selecao-supervisionada-v1-20260804/execucao_completa.pid,true,7,4ee7bd391ceb5c585152971750e59bf93890766af5573d7203b43c7531e24c5b,avaliacao,.pid,resultado_historico,P2,REVIEW_RETENTION
avaliacao/resultados/selecao-supervisionada-v1-20260804/execucao_completa.stderr.log,true,0,e3b0c44298fc1c149afbf4c8996fb92427ae41e4649b934ca495991b7852b855,avaliacao,.log,resultado_historico,P2,REVIEW_RETENTION
avaliacao/resultados/selecao-supervisionada-v1-20260804/execucao_completa.stdout.log,true,2067,5b1f7e0d8ba6c1e518ecfce306ffb3aa64330d12abbd6eee53c280c39bfe6b13,avaliacao,.log,resultado_historico,P2,REVIEW_RETENTION
avaliacao/resultados/selecao-supervisionada-v1-20260804/mcnemar_pareado.csv,true,746,c05074fd0fda31a7e9837a824df638ed3a95f6e52c6125ee2b4fac59e49606a2,avaliacao,.csv,resultado_historico,P2,REVIEW_RETENTION
avaliacao/resultados/selecao-supervisionada-v1-20260804/partials/classification__embedding__granite97m__logistic_regression.joblib,true,32877,6fd64af63583e12a8d0adc1b2a8e97e8ce9829c0d31e771255eacdb57f40652c,avaliacao,.joblib,resultado_historico,P2,REVIEW_RETENTION
avaliacao/resultados/selecao-supervisionada-v1-20260804/partials/classification__hybrid__granite97m__logistic_regression.joblib,true,33216,a9bb65da48dbea8d3047750649c2160917a2d89e206afce21e685e711da9afe0,avaliacao,.joblib,resultado_historico,P2,REVIEW_RETENTION
avaliacao/resultados/selecao-supervisionada-v1-20260804/partials/classification__tfidf__none__decision_tree.joblib,true,12049,cc6a8a825964ef18bc9e53717323e361b39e0fa7b658b2c3db2f4c3a8542055e,avaliacao,.joblib,resultado_historico,P2,REVIEW_RETENTION
avaliacao/resultados/selecao-supervisionada-v1-20260804/partials/classification__tfidf__none__linear_svm.joblib,true,33263,b1083e8da14e172fa8c1dcf74b54cc41f21cf618f4a7b6e9e593f537a5744d60,avaliacao,.joblib,resultado_historico,P2,REVIEW_RETENTION
avaliacao/resultados/selecao-supervisionada-v1-20260804/partials/classification__tfidf__none__logistic_regression.joblib,true,33409,b9be00041feb28ce18dda9186e6e811216a71348c393a611016624955923867d,avaliacao,.joblib,resultado_historico,P2,REVIEW_RETENTION
avaliacao/resultados/selecao-supervisionada-v1-20260804/partials/classification__tfidf__none__mlp.joblib,true,33221,9bbc4d9238ef95ed0ad60705c80e624e95e4ab074772128d000c494dbc373888,avaliacao,.joblib,resultado_historico,P2,REVIEW_RETENTION
avaliacao/resultados/selecao-supervisionada-v1-20260804/partials/classification__tfidf__none__xgboost.joblib,true,32998,358d40184ee3d61b020b0e1667510ecc829630ce520c860735df884f7f9b0a16,avaliacao,.joblib,resultado_historico,P2,REVIEW_RETENTION
avaliacao/resultados/selecao-supervisionada-v1-20260804/partials/deduplication__embedding__granite97m__logistic_regression.joblib,true,19491,55aa922403ca6813190ff89f8ef8710866b3e6bb0f3b1bc6d3f2d39d4d376699,avaliacao,.joblib,resultado_historico,P2,REVIEW_RETENTION
avaliacao/resultados/selecao-supervisionada-v1-20260804/partials/deduplication__hybrid__granite97m__logistic_regression.joblib,true,18749,f3004cd22c9e56f30b8a9d0eefa2809ff693522eab61a57835ccd388703f4d68,avaliacao,.joblib,resultado_historico,P2,REVIEW_RETENTION
avaliacao/resultados/selecao-supervisionada-v1-20260804/partials/deduplication__metadata__none__logistic_regression.joblib,true,13971,b449ca7433ca36a1b9fc6028d97a9c5279e12db7652844fbe6a63a20cdee168e,avaliacao,.joblib,resultado_historico,P2,REVIEW_RETENTION
avaliacao/resultados/selecao-supervisionada-v1-20260804/partials/deduplication__tfidf__none__decision_tree.joblib,true,6290,07c08927dcc82cd595de59f39854dcca8f5ec2d4948e8b4fe1bf444bd7e2c7f9,avaliacao,.joblib,resultado_historico,P2,REVIEW_RETENTION
avaliacao/resultados/selecao-supervisionada-v1-20260804/partials/deduplication__tfidf__none__linear_svm.joblib,true,18919,b50185cdc36c4984b4ce931e677c1879e602237c6fb13c3d98b0c608d2c4971f,avaliacao,.joblib,resultado_historico,P2,REVIEW_RETENTION
avaliacao/resultados/selecao-supervisionada-v1-20260804/partials/deduplication__tfidf__none__logistic_regression.joblib,true,19122,b3ea0bd3dcd38d112a4af0b553a27862cf22cfd3e69dd242b2666508436f3bad,avaliacao,.joblib,resultado_historico,P2,REVIEW_RETENTION
avaliacao/resultados/selecao-supervisionada-v1-20260804/predicoes_oof.csv,true,301207,9843f88a8776a5a6658c9020726f2b33567b7f005419c448055a286358749849,avaliacao,.csv,resultado_historico,P2,REVIEW_RETENTION
avaliacao/resultados/selecao-supervisionada-v1-20260804/preparacao.stderr.log,true,37728,cfeaa67db971325d324270432b9cc2d1ef39435e8dad9a7888d51110348c2fc7,avaliacao,.log,resultado_historico,P2,REVIEW_RETENTION
avaliacao/resultados/selecao-supervisionada-v1-20260804/preparacao.stdout.log,true,214,b92c46d636d8ca7b0104d1ae8aff4f7396c702836784823b88c2f3935aea26e0,avaliacao,.log,resultado_historico,P2,REVIEW_RETENTION
avaliacao/resultados/selecao-supervisionada-v1-20260804/protocolo_congelado.json,true,8847,6e29b21f12cd97addfed8bb06eab07127d86ad25b82bc9d8eb33f037e3c7d2b7,avaliacao,.json,resultado_historico,P2,REVIEW_RETENTION
avaliacao/resultados/selecao-supervisionada-v1-20260804/ranking.csv,true,2108,2608271885327ee03569be75dd9a8eab294604e4288c8e14a110e59794e36f30,avaliacao,.csv,resultado_historico,P2,REVIEW_RETENTION
avaliacao/resultados/selecao-supervisionada-v1-20260804/recuperacao.json,true,359694,5d65d4610d25a43b539caa7da75f328e9d0199c258d574e4d24a64f24c99c715,avaliacao,.json,resultado_historico,P2,REVIEW_RETENTION
avaliacao/resultados/selecao-supervisionada-v1-20260804/recuperacao_detalhes.csv,true,104025,33a458025a7987d7d98a29f21e42a078c92823f656e734eaaf4e2c2ee4bf571b,avaliacao,.csv,resultado_historico,P2,REVIEW_RETENTION
avaliacao/resultados/selecao-supervisionada-v1-20260804/recuperacao_resumo.csv,true,555,035b07bd25ad0c1267dc881be4e400dfa4246d56272ebb43fa718e8446cdcfc3,avaliacao,.csv,resultado_historico,P2,REVIEW_RETENTION
avaliacao/resultados/selecao-supervisionada-v1-20260804/resultados.json,true,42700,049370224d1228f89728fe600264f91d61dd9d5ce8acffb277539eef7bf1e315,avaliacao,.json,resultado_historico,P2,REVIEW_RETENTION
avaliacao/resultados/selecao-supervisionada-v1-20260804/resultados_parciais.csv,true,4241,a169a5d6b32a072dd2a79d29d8e29b094bbc15b7d7207a321653e1164ea49880,avaliacao,.csv,resultado_historico,P2,REVIEW_RETENTION
avaliacao/resultados/selecao-supervisionada-v1-20260804/resultados_resumo.csv,true,2026,31228063ef4c44cb50baf17bf12d62376712cbbf45877cb53e71ed686d5c31bb,avaliacao,.csv,resultado_historico,P2,REVIEW_RETENTION
avaliacao/resultados/selecao-supervisionada-v1-20260804/smoke.stderr.log,true,0,e3b0c44298fc1c149afbf4c8996fb92427ae41e4649b934ca495991b7852b855,avaliacao,.log,resultado_historico,P2,REVIEW_RETENTION
avaliacao/resultados/selecao-supervisionada-v1-20260804/smoke.stdout.log,true,2433,a1524211010eaf21b5faabffc94a08b06e7c158bb0d5437fc7cbbf4417a521a7,avaliacao,.log,resultado_historico,P2,REVIEW_RETENTION
avaliacao/resultados/selecao-supervisionada-v1-20260804/smoke_v11.pid,true,6,d060453b68d32dc5a7479c1c71b47704722112f41addaa2753cbb2abfb16afb7,avaliacao,.pid,resultado_historico,P2,REVIEW_RETENTION
avaliacao/resultados/selecao-supervisionada-v1-20260804/smoke_v11.stderr.log,true,0,e3b0c44298fc1c149afbf4c8996fb92427ae41e4649b934ca495991b7852b855,avaliacao,.log,resultado_historico,P2,REVIEW_RETENTION
avaliacao/resultados/selecao-supervisionada-v1-20260804/smoke_v11.stdout.log,true,1695,5e6712ad149a89029a58870f0711dc25738203e2788ddbd4ed94aec08261d0eb,avaliacao,.log,resultado_historico,P2,REVIEW_RETENTION
avaliacao/resultados/selecao-supervisionada-v1-20260804/xai.json,true,4,a5338d955b09046ec0b16f3a9625b7955c763aae07dc722e474e6078745f932f,avaliacao,.json,resultado_historico,P2,REVIEW_RETENTION
avaliacao/resultados/selecao-supervisionada-v1-20260804/xai_familias.csv,true,0,e3b0c44298fc1c149afbf4c8996fb92427ae41e4649b934ca495991b7852b855,avaliacao,.csv,resultado_historico,P2,REVIEW_RETENTION
avaliacao/resultados/selecao-supervisionada-v1.2-smoke-20260812b/RELATORIO.md,true,2442,cd7ab33ca4bb1083afa53e1e7b3082de6c693d4ac5fe923c1c6e08572bb186ee,avaliacao,.md,resultado_historico,P2,REVIEW_RETENTION
avaliacao/resultados/selecao-supervisionada-v1.2-smoke-20260812b/ambiente.json,true,2878,2d805379dea930a6861d822e41eccf29407419742aa4cc07dc87887e3d5a6965,avaliacao,.json,resultado_historico,P2,REVIEW_RETENTION
avaliacao/resultados/selecao-supervisionada-v1.2-smoke-20260812b/comparacao_pareada_grupos.csv,true,0,e3b0c44298fc1c149afbf4c8996fb92427ae41e4649b934ca495991b7852b855,avaliacao,.csv,resultado_historico,P2,REVIEW_RETENTION
avaliacao/resultados/selecao-supervisionada-v1.2-smoke-20260812b/dataset_audit.json,true,944,933c29f59c247dc64fd5b11854dc8b5af927c701d2b3305931787cf76ec84131,avaliacao,.json,resultado_historico,P2,REVIEW_RETENTION
avaliacao/resultados/selecao-supervisionada-v1.2-smoke-20260812b/dobras.csv,true,15863,508f2f4fcbaa9eda57ef9ffda65a8489364ecff35fb9b3b16b1cc46eab789d24,avaliacao,.csv,resultado_historico,P2,REVIEW_RETENTION
avaliacao/resultados/selecao-supervisionada-v1.2-smoke-20260812b/embedding_runtime.json,true,2522,644252abd01665cb8ccd3f45f9d4dc6b031fd546139ea863f5f0a3970f1c7f9f,avaliacao,.json,resultado_historico,P2,REVIEW_RETENTION
avaliacao/resultados/selecao-supervisionada-v1.2-smoke-20260812b/partials/classification__tfidf__none__logistic_regression.joblib,true,34292,f33dad3e237f9e86038a48ce13dbb5fbfb4ef95a769ceb0a4470098970bd3e0a,avaliacao,.joblib,resultado_historico,P2,REVIEW_RETENTION
avaliacao/resultados/selecao-supervisionada-v1.2-smoke-20260812b/partials/deduplication__tfidf__none__logistic_regression.joblib,true,19269,c59ed7d2f2f57083416e790494ac5612c971c665d6bf5cf46c20296eea12eccf,avaliacao,.joblib,resultado_historico,P2,REVIEW_RETENTION
avaliacao/resultados/selecao-supervisionada-v1.2-smoke-20260812b/predicoes_oof.csv,true,303942,6f8eb23377624c43d1f2b302a55d32455af1580e3638deec192f007c1bc7fe12,avaliacao,.csv,resultado_historico,P2,REVIEW_RETENTION
avaliacao/resultados/selecao-supervisionada-v1.2-smoke-20260812b/protocolo_congelado.json,true,9367,94d68dc04d1af9ab0661edf4433db6cf21d91a8d7ee8419a766dadd656bf4d44,avaliacao,.json,resultado_historico,P2,REVIEW_RETENTION
avaliacao/resultados/selecao-supervisionada-v1.2-smoke-20260812b/ranking.csv,true,2387,381e3721f883ff985940739c0019df6eb89d6e46ddf09ac75a8c6037b4c82e9e,avaliacao,.csv,resultado_historico,P2,REVIEW_RETENTION
avaliacao/resultados/selecao-supervisionada-v1.2-smoke-20260812b/recuperacao.json,true,174186,cc813fdcbee3d35320c0306c20f3b7c4fbcd48a2212f7612aac9774622cead37,avaliacao,.json,resultado_historico,P2,REVIEW_RETENTION
avaliacao/resultados/selecao-supervisionada-v1.2-smoke-20260812b/recuperacao_detalhes.csv,true,46383,fd3dcbb9dfbe409cae68485bd69bfc9603c0e5878cc537e484029f64dbbd37fc,avaliacao,.csv,resultado_historico,P2,REVIEW_RETENTION
avaliacao/resultados/selecao-supervisionada-v1.2-smoke-20260812b/recuperacao_resumo.csv,true,333,f358852f8255ded5f344491a143bbd51f76f2fdc500fe7f2c04c7745f63c3f57,avaliacao,.csv,resultado_historico,P2,REVIEW_RETENTION
avaliacao/resultados/selecao-supervisionada-v1.2-smoke-20260812b/resultados.json,true,51752,1936ce46c7eeaaea7700c1178d11cd532dbed263c98e79840ece5aec54dddc94,avaliacao,.json,resultado_historico,P2,REVIEW_RETENTION
avaliacao/resultados/selecao-supervisionada-v1.2-smoke-20260812b/resultados_parciais.csv,true,2080,c5c2662344a231c8cd74daf5fec6491662d8786ffecde50b0b0bb339ba07112d,avaliacao,.csv,resultado_historico,P2,REVIEW_RETENTION
avaliacao/resultados/selecao-supervisionada-v1.2-smoke-20260812b/resultados_resumo.csv,true,2080,c5c2662344a231c8cd74daf5fec6491662d8786ffecde50b0b0bb339ba07112d,avaliacao,.csv,resultado_historico,P2,REVIEW_RETENTION
avaliacao/resultados/selecao-supervisionada-v1.2-smoke-20260812b/smoke.stderr.log,true,0,e3b0c44298fc1c149afbf4c8996fb92427ae41e4649b934ca495991b7852b855,avaliacao,.log,resultado_historico,P2,REVIEW_RETENTION
avaliacao/resultados/selecao-supervisionada-v1.2-smoke-20260812b/smoke.stdout.log,true,859,0398b2f7251319c262d7ea6c439b2e39a7e6b1f8f0ffb3068ea49eb4bf423871,avaliacao,.log,resultado_historico,P2,REVIEW_RETENTION
avaliacao/resultados/selecao-supervisionada-v1.2-smoke-20260812b/xai.json,true,4,a5338d955b09046ec0b16f3a9625b7955c763aae07dc722e474e6078745f932f,avaliacao,.json,resultado_historico,P2,REVIEW_RETENTION
avaliacao/resultados/selecao-supervisionada-v1.2-smoke-20260812b/xai_familias.csv,true,0,e3b0c44298fc1c149afbf4c8996fb92427ae41e4649b934ca495991b7852b855,avaliacao,.csv,resultado_historico,P2,REVIEW_RETENTION
avaliacao/resultados/selecao-supervisionada-v1.3-20260812/DIAGNOSTICO_ACERTOS.md,true,4577,552e6722bc466b0ff5d27343545a17963b41c0f20b57fbf84b2a14baeda8a4c5,avaliacao,.md,resultado_historico,P2,REVIEW_RETENTION
avaliacao/resultados/selecao-supervisionada-v1.3-20260812/RELATORIO.md,true,6585,157863c080592ea5f90ccacdef4dcbd5ba00968f7bbbb9f86f265c4b18376cfd,avaliacao,.md,resultado_historico,P2,REVIEW_RETENTION
avaliacao/resultados/selecao-supervisionada-v1.3-20260812/ambiente.json,true,2880,a672a3ffc12ffaca84dd027805a16357df4f5f6854b362861a221980595c04ed,avaliacao,.json,resultado_historico,P2,REVIEW_RETENTION
avaliacao/resultados/selecao-supervisionada-v1.3-20260812/comparacao_pareada_grupos.csv,true,5135,6167a98200cd94427e76859581d5d5aa7a0ebb1bbbc3fa2ec2011aaf2444304f,avaliacao,.csv,resultado_historico,P2,REVIEW_RETENTION
avaliacao/resultados/selecao-supervisionada-v1.3-20260812/comparacao_pareada_objetivos.csv,true,31423,89319c419a786d26036fb30cc424a22f1c6443a5f930d376f5f86396d243ed7c,avaliacao,.csv,resultado_historico,P2,REVIEW_RETENTION
avaliacao/resultados/selecao-supervisionada-v1.3-20260812/dataset_audit.json,true,944,933c29f59c247dc64fd5b11854dc8b5af927c701d2b3305931787cf76ec84131,avaliacao,.json,resultado_historico,P2,REVIEW_RETENTION
avaliacao/resultados/selecao-supervisionada-v1.3-20260812/dobras.csv,true,702335,c409fd27a1899504dc39e356fd8334f0b2797a79d7106e05390b3fdafe02450e,avaliacao,.csv,resultado_historico,P2,REVIEW_RETENTION
avaliacao/resultados/selecao-supervisionada-v1.3-20260812/embedding_runtime.json,true,7570,99a38fbf50e9e4835ea4c0115dd3fbb8081520d92588a7ccd13815767d409607,avaliacao,.json,resultado_historico,P2,REVIEW_RETENTION
avaliacao/resultados/selecao-supervisionada-v1.3-20260812/execucao.stderr.log,true,618,5431009ca4bae9df0be9f49c298c91dc054fa1ac3b53b6336372709e05713a80,avaliacao,.log,resultado_historico,P2,REVIEW_RETENTION
avaliacao/resultados/selecao-supervisionada-v1.3-20260812/execucao.stdout.log,true,35074,cc4b6979daf6e74d09bf6d2cda732ce24a8b1e68df42d5d868437b6f0dd84741,avaliacao,.log,resultado_historico,P2,REVIEW_RETENTION
avaliacao/resultados/selecao-supervisionada-v1.3-20260812/execucao_lancamento.json,true,387,f4fc7f306625026561ab46aedd82d2634a3f61923d425f0e959a10c1fba50fc9,avaliacao,.json,resultado_historico,P2,REVIEW_RETENTION
avaliacao/resultados/selecao-supervisionada-v1.3-20260812/latencia_finalistas.csv,true,1318,993b1807bfd67b2dba7d0f25728f9f0ef17d0471c7b8a9f39404b06d77bcdc21,avaliacao,.csv,resultado_historico,P2,REVIEW_RETENTION
avaliacao/resultados/selecao-supervisionada-v1.3-20260812/latencia_finalistas.json,true,2537,4802cb03cb2b5b791181f84f4da2839ec31faae369d10e1c09a5e5d9b4c1bab0,avaliacao,.json,resultado_historico,P2,REVIEW_RETENTION
avaliacao/resultados/selecao-supervisionada-v1.3-20260812/partials/classification__embedding__granite97m__decision_tree.joblib,true,14594,1e200e71f869ab858b15bd1a5a6e92dfbb1649eb1aed4f4386e584da567ef7a2,avaliacao,.joblib,resultado_historico,P2,REVIEW_RETENTION
avaliacao/resultados/selecao-supervisionada-v1.3-20260812/partials/classification__embedding__granite97m__linear_svm.joblib,true,33865,773ef8a26565162dcaca2a875b44b83c00f22b5fa5adaa13ce646d0e9b0d8225,avaliacao,.joblib,resultado_historico,P2,REVIEW_RETENTION
avaliacao/resultados/selecao-supervisionada-v1.3-20260812/partials/classification__embedding__granite97m__logistic_regression.joblib,true,34061,a5feeffe85c1870383a81c5827e72fa55ee52766d5b44fe9c920637f2a3a581f,avaliacao,.joblib,resultado_historico,P2,REVIEW_RETENTION
avaliacao/resultados/selecao-supervisionada-v1.3-20260812/partials/classification__embedding__granite97m__mlp.joblib,true,33248,296760dc9660e4fb17bc7f2773165d39de9ec15e248b8abe0cc82bcf15322967,avaliacao,.joblib,resultado_historico,P2,REVIEW_RETENTION
avaliacao/resultados/selecao-supervisionada-v1.3-20260812/partials/classification__embedding__granite97m__xgboost.joblib,true,33390,636d3dfb0d7f49dbe2763350785f7fe9e0ad25569bce9c5c204804a76cd2eca4,avaliacao,.joblib,resultado_historico,P2,REVIEW_RETENTION
avaliacao/resultados/selecao-supervisionada-v1.3-20260812/partials/classification__embedding__multilingual_e5_small__decision_tree.joblib,true,14499,482780a4f889bda041417e3f62593c7fa999763aa6ea86a39a34d93542bbe75b,avaliacao,.joblib,resultado_historico,P2,REVIEW_RETENTION
avaliacao/resultados/selecao-supervisionada-v1.3-20260812/partials/classification__embedding__multilingual_e5_small__linear_svm.joblib,true,34475,2fb3c1cb321805c3ac549cd986921719f6262a12ac52e39aca883b00d03a1f43,avaliacao,.joblib,resultado_historico,P2,REVIEW_RETENTION
avaliacao/resultados/selecao-supervisionada-v1.3-20260812/partials/classification__embedding__multilingual_e5_small__logistic_regression.joblib,true,34522,2741ec85fb273358948a6f81a080fde3bb90609057326d71a466e0bcee245a42,avaliacao,.joblib,resultado_historico,P2,REVIEW_RETENTION
avaliacao/resultados/selecao-supervisionada-v1.3-20260812/partials/classification__embedding__multilingual_e5_small__mlp.joblib,true,33596,3ac5556699d81644a82605c94d140d0f41a594f7b0059725dcf6af5a848a6c07,avaliacao,.joblib,resultado_historico,P2,REVIEW_RETENTION
avaliacao/resultados/selecao-supervisionada-v1.3-20260812/partials/classification__embedding__multilingual_e5_small__xgboost.joblib,true,33456,e6b7d8bb105bb5e7e8be054d4b5f47e559d46e084473dfd512a64ac73705eb90,avaliacao,.joblib,resultado_historico,P2,REVIEW_RETENTION
avaliacao/resultados/selecao-supervisionada-v1.3-20260812/partials/classification__embedding__multilingual_minilm_l12__decision_tree.joblib,true,14254,6030452154715272c8660c22a841cc1cbc606617c1b4fac639560d64f429ea3e,avaliacao,.joblib,resultado_historico,P2,REVIEW_RETENTION
avaliacao/resultados/selecao-supervisionada-v1.3-20260812/partials/classification__embedding__multilingual_minilm_l12__linear_svm.joblib,true,33933,a4b2267c38b365b4e258244c7fd3e5fa03803e8ea4e4808e7d9a9d11d50f2549,avaliacao,.joblib,resultado_historico,P2,REVIEW_RETENTION
avaliacao/resultados/selecao-supervisionada-v1.3-20260812/partials/classification__embedding__multilingual_minilm_l12__logistic_regression.joblib,true,33980,fe475a2bcec7b78e31e234989f340f5646492c1da20c0455a5302014a6c2b853,avaliacao,.joblib,resultado_historico,P2,REVIEW_RETENTION
avaliacao/resultados/selecao-supervisionada-v1.3-20260812/partials/classification__embedding__multilingual_minilm_l12__mlp.joblib,true,33400,107477ab0e0d578ad28e3e1b0129ae67814d2cfd61618e92d70694f756832ac5,avaliacao,.joblib,resultado_historico,P2,REVIEW_RETENTION
avaliacao/resultados/selecao-supervisionada-v1.3-20260812/partials/classification__embedding__multilingual_minilm_l12__xgboost.joblib,true,33302,b38f40d1296f8ee20ae715a2a713930bce6b814b3a0238c3854e4e316c0b26d4,avaliacao,.joblib,resultado_historico,P2,REVIEW_RETENTION
avaliacao/resultados/selecao-supervisionada-v1.3-20260812/partials/classification__hybrid__granite97m__decision_tree.joblib,true,13908,f2a91a7a4ab4223c6b296d3ba7f566539feac188b02e6bf127069d2c55b3b4e2,avaliacao,.joblib,resultado_historico,P2,REVIEW_RETENTION
avaliacao/resultados/selecao-supervisionada-v1.3-20260812/partials/classification__hybrid__granite97m__linear_svm.joblib,true,34144,fc431d746b978b6125bde1fa8201ce7149bc0a14a9361257e43d0688357991c6,avaliacao,.joblib,resultado_historico,P2,REVIEW_RETENTION
avaliacao/resultados/selecao-supervisionada-v1.3-20260812/partials/classification__hybrid__granite97m__logistic_regression.joblib,true,34394,f65657550a8000b6c395f3cae88238161d2e30a40136cf68bed4353379be4e2d,avaliacao,.joblib,resultado_historico,P2,REVIEW_RETENTION
avaliacao/resultados/selecao-supervisionada-v1.3-20260812/partials/classification__hybrid__granite97m__mlp.joblib,true,33918,1929dcf1b249ca35d9b77ac8eac77e16c0af1a8366a29dbfa90b11bdec40b311,avaliacao,.joblib,resultado_historico,P2,REVIEW_RETENTION
avaliacao/resultados/selecao-supervisionada-v1.3-20260812/partials/classification__hybrid__granite97m__xgboost.joblib,true,33758,bb531161a66cec870d5bbc724502d60845e871ae5185a82243a35f668e5619dc,avaliacao,.joblib,resultado_historico,P2,REVIEW_RETENTION
avaliacao/resultados/selecao-supervisionada-v1.3-20260812/partials/classification__hybrid__multilingual_e5_small__decision_tree.joblib,true,13400,a8e2faaa08a9f72ca7d65c48fab694f754f4989b0bcfbac4d8dc652e3ba8090f,avaliacao,.joblib,resultado_historico,P2,REVIEW_RETENTION
avaliacao/resultados/selecao-supervisionada-v1.3-20260812/partials/classification__hybrid__multilingual_e5_small__linear_svm.joblib,true,34036,c1e84c633169f94a59c46519815133c7e9c6f9917d412269bbb1f30af182c3a7,avaliacao,.joblib,resultado_historico,P2,REVIEW_RETENTION
avaliacao/resultados/selecao-supervisionada-v1.3-20260812/partials/classification__hybrid__multilingual_e5_small__logistic_regression.joblib,true,34297,8a8c92d376d6ce94a67f69794c1bcb42058850119e3dc833521995973035cddc,avaliacao,.joblib,resultado_historico,P2,REVIEW_RETENTION
avaliacao/resultados/selecao-supervisionada-v1.3-20260812/partials/classification__hybrid__multilingual_e5_small__mlp.joblib,true,34134,9fa31cc6ae1e16d926705e2317d2370638601fe0ce54b6042ba127a2584c67d1,avaliacao,.joblib,resultado_historico,P2,REVIEW_RETENTION
avaliacao/resultados/selecao-supervisionada-v1.3-20260812/partials/classification__hybrid__multilingual_e5_small__xgboost.joblib,true,33363,10c13298a46eee7ca7ffe8f1a583443fc7a4ae78f3eac3ba364a706a08571c91,avaliacao,.joblib,resultado_historico,P2,REVIEW_RETENTION
avaliacao/resultados/selecao-supervisionada-v1.3-20260812/partials/classification__hybrid__multilingual_minilm_l12__decision_tree.joblib,true,13729,a8b81a947ce22b647d425d5f0ba31ec8b25c726234c126d33287b20b4aeab00d,avaliacao,.joblib,resultado_historico,P2,REVIEW_RETENTION
avaliacao/resultados/selecao-supervisionada-v1.3-20260812/partials/classification__hybrid__multilingual_minilm_l12__linear_svm.joblib,true,34228,adb54ed73a3eff9065b39f6c199aa1f1da73d3304902efe2aebd9397f72bab1c,avaliacao,.joblib,resultado_historico,P2,REVIEW_RETENTION
avaliacao/resultados/selecao-supervisionada-v1.3-20260812/partials/classification__hybrid__multilingual_minilm_l12__logistic_regression.joblib,true,34331,aafcfc7d4a9fa559f401911e14fca741a9bd2bd20333d5bed5aa57d4c1bb5c2f,avaliacao,.joblib,resultado_historico,P2,REVIEW_RETENTION
avaliacao/resultados/selecao-supervisionada-v1.3-20260812/partials/classification__hybrid__multilingual_minilm_l12__mlp.joblib,true,34017,fb9142fe34a429cdb5c9a32726ea01f01e66ed2abb8be5f7d85c966c6a578917,avaliacao,.joblib,resultado_historico,P2,REVIEW_RETENTION
avaliacao/resultados/selecao-supervisionada-v1.3-20260812/partials/classification__hybrid__multilingual_minilm_l12__xgboost.joblib,true,34047,5ff5bd5d466d037c93be373abab8cbf6bffd2766bc254a9e343cbd74079f3eef,avaliacao,.joblib,resultado_historico,P2,REVIEW_RETENTION
avaliacao/resultados/selecao-supervisionada-v1.3-20260812/partials/classification__tfidf__none__decision_tree.joblib,true,13096,03fe418070789c7703e85e2aab180b739a334aa3bf2d2933c6213b211c3b4b3f,avaliacao,.joblib,resultado_historico,P2,REVIEW_RETENTION
avaliacao/resultados/selecao-supervisionada-v1.3-20260812/partials/classification__tfidf__none__linear_svm.joblib,true,34197,8958716a39ebf4cc2305a2114e55ae15b27344812e9a3a6b82c7cf90ab53588a,avaliacao,.joblib,resultado_historico,P2,REVIEW_RETENTION
avaliacao/resultados/selecao-supervisionada-v1.3-20260812/partials/classification__tfidf__none__logistic_regression.joblib,true,34442,478ac260af6b4617a95ad363829385db32e6ca3deb0fea0df7e7aac3027614fc,avaliacao,.joblib,resultado_historico,P2,REVIEW_RETENTION
avaliacao/resultados/selecao-supervisionada-v1.3-20260812/partials/classification__tfidf__none__mlp.joblib,true,34218,cc52cf353e4ec1dd3a70f88bba5cb8c87b485be597887c7518e7e013eea5e5d7,avaliacao,.joblib,resultado_historico,P2,REVIEW_RETENTION
avaliacao/resultados/selecao-supervisionada-v1.3-20260812/partials/classification__tfidf__none__xgboost.joblib,true,33332,8a33df9db2e78dbf44891c4659f2be61938c32ef6cbd64c50a9159bb2c7857d7,avaliacao,.joblib,resultado_historico,P2,REVIEW_RETENTION
avaliacao/resultados/selecao-supervisionada-v1.3-20260812/partials/deduplication__embedding__granite97m__decision_tree.joblib,true,6762,e6a874e410ad4cf2bb8cddcbcd4a1281d5030b6f216b5df7060b6f95806405b6,avaliacao,.joblib,resultado_historico,P2,REVIEW_RETENTION
avaliacao/resultados/selecao-supervisionada-v1.3-20260812/partials/deduplication__embedding__granite97m__linear_svm.joblib,true,20245,f4693cf6cde958247b3fa58f8c413b2a4a218caa601e216e38b502f774a77787,avaliacao,.joblib,resultado_historico,P2,REVIEW_RETENTION
avaliacao/resultados/selecao-supervisionada-v1.3-20260812/partials/deduplication__embedding__granite97m__logistic_regression.joblib,true,20500,2283d3dd94c7c83844264b45d0ca84d6f14d2ab1678dee825891e2364d875752,avaliacao,.joblib,resultado_historico,P2,REVIEW_RETENTION
avaliacao/resultados/selecao-supervisionada-v1.3-20260812/partials/deduplication__embedding__granite97m__mlp.joblib,true,19974,0b3a3433ec3e8138dd08f6b2e911b2288c3e639cd8494ab4c95d6e8a8ee61c2a,avaliacao,.joblib,resultado_historico,P2,REVIEW_RETENTION
avaliacao/resultados/selecao-supervisionada-v1.3-20260812/partials/deduplication__embedding__granite97m__xgboost.joblib,true,20360,a0fbe2da31f56fa791a4f3db89ae40ff049933dd7b76f8b4147d07a81f078c4e,avaliacao,.joblib,resultado_historico,P2,REVIEW_RETENTION
avaliacao/resultados/selecao-supervisionada-v1.3-20260812/partials/deduplication__embedding__multilingual_e5_small__decision_tree.joblib,true,6888,794b8fbd0da02c2c66c57eb55dad6b37762a2d68b2254ea8c3eafd45679b66b2,avaliacao,.joblib,resultado_historico,P2,REVIEW_RETENTION
avaliacao/resultados/selecao-supervisionada-v1.3-20260812/partials/deduplication__embedding__multilingual_e5_small__linear_svm.joblib,true,20692,c60bf7864483338194a228271f8a0241834feac4996869365840bd816f4afb0a,avaliacao,.joblib,resultado_historico,P2,REVIEW_RETENTION
avaliacao/resultados/selecao-supervisionada-v1.3-20260812/partials/deduplication__embedding__multilingual_e5_small__logistic_regression.joblib,true,20925,8b3ec122c1be7ee359bd8e860c627406d5aba8ffcb2b6b44f1b5b7f1f7559af3,avaliacao,.joblib,resultado_historico,P2,REVIEW_RETENTION
avaliacao/resultados/selecao-supervisionada-v1.3-20260812/partials/deduplication__embedding__multilingual_e5_small__mlp.joblib,true,20273,b5e613abd885ee98cc8f306aefb5e6a1d7536900b86c184efbe79855903aa268,avaliacao,.joblib,resultado_historico,P2,REVIEW_RETENTION
avaliacao/resultados/selecao-supervisionada-v1.3-20260812/partials/deduplication__embedding__multilingual_e5_small__xgboost.joblib,true,20447,40be0d7388accc14972fb5a6fe36bc65cd1be1c87b78cfd92f8c188c89969592,avaliacao,.joblib,resultado_historico,P2,REVIEW_RETENTION
avaliacao/resultados/selecao-supervisionada-v1.3-20260812/partials/deduplication__embedding__multilingual_minilm_l12__decision_tree.joblib,true,7037,d0b767844e3f1d261b7a10789f508798d6339602ef4bd9982897d15b546c3664,avaliacao,.joblib,resultado_historico,P2,REVIEW_RETENTION
avaliacao/resultados/selecao-supervisionada-v1.3-20260812/partials/deduplication__embedding__multilingual_minilm_l12__linear_svm.joblib,true,20537,e0363268df2ae08beb31fbe630525efd8d9acfe8c3f8fc513989132071982cad,avaliacao,.joblib,resultado_historico,P2,REVIEW_RETENTION
avaliacao/resultados/selecao-supervisionada-v1.3-20260812/partials/deduplication__embedding__multilingual_minilm_l12__logistic_regression.joblib,true,20559,86b043c4b507278ffabcac408027a23cc4db9ae281a9d289cc7868731a33e26a,avaliacao,.joblib,resultado_historico,P2,REVIEW_RETENTION
avaliacao/resultados/selecao-supervisionada-v1.3-20260812/partials/deduplication__embedding__multilingual_minilm_l12__mlp.joblib,true,20144,aeb268e594890454595175ee5b2706633c2af1fe46255fe2b5ea981a6701959f,avaliacao,.joblib,resultado_historico,P2,REVIEW_RETENTION
avaliacao/resultados/selecao-supervisionada-v1.3-20260812/partials/deduplication__embedding__multilingual_minilm_l12__xgboost.joblib,true,20506,9d6085d999bf37af5bbeca7e6367fde52a46b2948d8f945945fa282ce4dd290b,avaliacao,.joblib,resultado_historico,P2,REVIEW_RETENTION
avaliacao/resultados/selecao-supervisionada-v1.3-20260812/partials/deduplication__hybrid__granite97m__decision_tree.joblib,true,7433,bf885c6dd532116ad7005138241403c88e5dc62a4dd7d6c1640c1c17ed68b221,avaliacao,.joblib,resultado_historico,P2,REVIEW_RETENTION
avaliacao/resultados/selecao-supervisionada-v1.3-20260812/partials/deduplication__hybrid__granite97m__linear_svm.joblib,true,19683,7e96a7fde26b716610cb6d5c394a3bbfbac4291215b4016fa7ce296bf2dc9494,avaliacao,.joblib,resultado_historico,P2,REVIEW_RETENTION
avaliacao/resultados/selecao-supervisionada-v1.3-20260812/partials/deduplication__hybrid__granite97m__logistic_regression.joblib,true,19726,05a43be6074d19f0df5300915483fa7967bde90ed9ea283b5850c28cf739bfd9,avaliacao,.joblib,resultado_historico,P2,REVIEW_RETENTION
avaliacao/resultados/selecao-supervisionada-v1.3-20260812/partials/deduplication__hybrid__granite97m__mlp.joblib,true,18940,cbb02d6800e1dfbcb210cd4d793663844aeca43f3d2c96904703e767df822d8e,avaliacao,.joblib,resultado_historico,P2,REVIEW_RETENTION
avaliacao/resultados/selecao-supervisionada-v1.3-20260812/partials/deduplication__hybrid__granite97m__xgboost.joblib,true,17995,e7a0c463678b226c35122a9d71340f0a4358cc06a66cb1c6b63a0073bd513c49,avaliacao,.joblib,resultado_historico,P2,REVIEW_RETENTION
avaliacao/resultados/selecao-supervisionada-v1.3-20260812/partials/deduplication__hybrid__multilingual_e5_small__decision_tree.joblib,true,7137,e755ce6d2621d87bdb758ac38e8be643271ed55799205a267f212858c9c1b708,avaliacao,.joblib,resultado_historico,P2,REVIEW_RETENTION
avaliacao/resultados/selecao-supervisionada-v1.3-20260812/partials/deduplication__hybrid__multilingual_e5_small__linear_svm.joblib,true,19681,c6391a85428246d42d4661679a9d8b846fdef32ae374bb75d9f85dae524cab9d,avaliacao,.joblib,resultado_historico,P2,REVIEW_RETENTION
avaliacao/resultados/selecao-supervisionada-v1.3-20260812/partials/deduplication__hybrid__multilingual_e5_small__logistic_regression.joblib,true,19764,5a6fdcb751d960be013dbe0afc2260aeed3845a3b7a83e270c009b1504d07afc,avaliacao,.joblib,resultado_historico,P2,REVIEW_RETENTION
avaliacao/resultados/selecao-supervisionada-v1.3-20260812/partials/deduplication__hybrid__multilingual_e5_small__mlp.joblib,true,18986,7ae77ba1df1aa3900b829f1e343acc48e5471fb7acb493aaf76db3a90933c4c2,avaliacao,.joblib,resultado_historico,P2,REVIEW_RETENTION
avaliacao/resultados/selecao-supervisionada-v1.3-20260812/partials/deduplication__hybrid__multilingual_e5_small__xgboost.joblib,true,17732,f1f9db4ab49798fcf0454c7b3b1f70427efa8a4bf44b28e4fdf2b24e180800f4,avaliacao,.joblib,resultado_historico,P2,REVIEW_RETENTION
avaliacao/resultados/selecao-supervisionada-v1.3-20260812/partials/deduplication__hybrid__multilingual_minilm_l12__decision_tree.joblib,true,7120,a1e9938bbca111c24acb854bb7105238ac37e78df16c396732750248ff61d0d8,avaliacao,.joblib,resultado_historico,P2,REVIEW_RETENTION
avaliacao/resultados/selecao-supervisionada-v1.3-20260812/partials/deduplication__hybrid__multilingual_minilm_l12__linear_svm.joblib,true,19649,31e98312b60ffad9997e7542ccc0959198bba88504986505002572f1e42d8c80,avaliacao,.joblib,resultado_historico,P2,REVIEW_RETENTION
avaliacao/resultados/selecao-supervisionada-v1.3-20260812/partials/deduplication__hybrid__multilingual_minilm_l12__logistic_regression.joblib,true,19806,9624931d46efdc8d0585846123984830b7da34907ccce95b3a11fca9483bbc66,avaliacao,.joblib,resultado_historico,P2,REVIEW_RETENTION
avaliacao/resultados/selecao-supervisionada-v1.3-20260812/partials/deduplication__hybrid__multilingual_minilm_l12__mlp.joblib,true,18918,6625bffbbb7b0022107f2df900739ec21ca67d0ccd08931f5a7941cdad989cf8,avaliacao,.joblib,resultado_historico,P2,REVIEW_RETENTION
avaliacao/resultados/selecao-supervisionada-v1.3-20260812/partials/deduplication__hybrid__multilingual_minilm_l12__xgboost.joblib,true,16895,dbe2f2a3aa727c74f0b2201c34fdfcfe66ebf6edba1e79dc903ee68d473f5075,avaliacao,.joblib,resultado_historico,P2,REVIEW_RETENTION
avaliacao/resultados/selecao-supervisionada-v1.3-20260812/partials/deduplication__hybrid_metadata__granite97m__decision_tree.joblib,true,7549,46f3b9412baa7d5941038f828294ed8e8a511a05c8237fabfbb00e182574d5d2,avaliacao,.joblib,resultado_historico,P2,REVIEW_RETENTION
avaliacao/resultados/selecao-supervisionada-v1.3-20260812/partials/deduplication__hybrid_metadata__granite97m__linear_svm.joblib,true,19597,529dcffd6198d5bb442c2888febd2344e6dc53f95adb93d4e118967c2d34b0a7,avaliacao,.joblib,resultado_historico,P2,REVIEW_RETENTION
avaliacao/resultados/selecao-supervisionada-v1.3-20260812/partials/deduplication__hybrid_metadata__granite97m__logistic_regression.joblib,true,19763,5cc3adb0ea8fbfa9f65265236dee64a292b6fe37e0b4751c5f26f24f6974f874,avaliacao,.joblib,resultado_historico,P2,REVIEW_RETENTION
avaliacao/resultados/selecao-supervisionada-v1.3-20260812/partials/deduplication__hybrid_metadata__granite97m__mlp.joblib,true,18944,e105a145143b93472d72009f60b83c76e734971482499348d6e8746ab7be85f2,avaliacao,.joblib,resultado_historico,P2,REVIEW_RETENTION
avaliacao/resultados/selecao-supervisionada-v1.3-20260812/partials/deduplication__hybrid_metadata__granite97m__xgboost.joblib,true,18023,17a316a32a2bb1d2a6dfa950d4240f1f9042202fa072bdba2e72520ac992d5b2,avaliacao,.joblib,resultado_historico,P2,REVIEW_RETENTION
avaliacao/resultados/selecao-supervisionada-v1.3-20260812/partials/deduplication__hybrid_metadata__multilingual_e5_small__decision_tree.joblib,true,7138,fdc25588e9cfe0d0e5b4b5156c29daf821911f63ed03b90cd1e424511d80a754,avaliacao,.joblib,resultado_historico,P2,REVIEW_RETENTION
avaliacao/resultados/selecao-supervisionada-v1.3-20260812/partials/deduplication__hybrid_metadata__multilingual_e5_small__linear_svm.joblib,true,19494,c2ea343e653ce083446646fdf4ddce5b4d1d45b8d5692bddabeca646adcd613b,avaliacao,.joblib,resultado_historico,P2,REVIEW_RETENTION
avaliacao/resultados/selecao-supervisionada-v1.3-20260812/partials/deduplication__hybrid_metadata__multilingual_e5_small__logistic_regression.joblib,true,19796,7c7c22708a9cb4c2ac59730092a4d02c77b585b79946f1250ea3e2dead56c028,avaliacao,.joblib,resultado_historico,P2,REVIEW_RETENTION
avaliacao/resultados/selecao-supervisionada-v1.3-20260812/partials/deduplication__hybrid_metadata__multilingual_e5_small__mlp.joblib,true,18925,1c09aeedb2299bf8295f71fe916f1b4ec36c8ef9d4da48b86f7f0ca17841f506,avaliacao,.joblib,resultado_historico,P2,REVIEW_RETENTION
avaliacao/resultados/selecao-supervisionada-v1.3-20260812/partials/deduplication__hybrid_metadata__multilingual_e5_small__xgboost.joblib,true,17728,4d1f3723a5d44dc623edadd42b3d70157f65e5140c964fa299c02b03864af9c2,avaliacao,.joblib,resultado_historico,P2,REVIEW_RETENTION
avaliacao/resultados/selecao-supervisionada-v1.3-20260812/partials/deduplication__hybrid_metadata__multilingual_minilm_l12__decision_tree.joblib,true,7127,8e3c14c2543ff2e3f3753c8c802a9544796df36177f8257bf7523b520f324728,avaliacao,.joblib,resultado_historico,P2,REVIEW_RETENTION
avaliacao/resultados/selecao-supervisionada-v1.3-20260812/partials/deduplication__hybrid_metadata__multilingual_minilm_l12__linear_svm.joblib,true,19658,58fbdd7ed0291329553bcd9a6c76e7c6a5275a8b66f5e65d0302448acdfd03fa,avaliacao,.joblib,resultado_historico,P2,REVIEW_RETENTION
avaliacao/resultados/selecao-supervisionada-v1.3-20260812/partials/deduplication__hybrid_metadata__multilingual_minilm_l12__logistic_regression.joblib,true,19799,196cdcb5e930c10686d826e54bc206e928456e61acbfcce39c53aa4243ab80b9,avaliacao,.joblib,resultado_historico,P2,REVIEW_RETENTION
avaliacao/resultados/selecao-supervisionada-v1.3-20260812/partials/deduplication__hybrid_metadata__multilingual_minilm_l12__mlp.joblib,true,18973,292a12adc1a4d0427dd0ec645caa376b5f050d306661041b9c9da76d329a913b,avaliacao,.joblib,resultado_historico,P2,REVIEW_RETENTION
avaliacao/resultados/selecao-supervisionada-v1.3-20260812/partials/deduplication__hybrid_metadata__multilingual_minilm_l12__xgboost.joblib,true,16863,8895e75efbc0f3948edfee1e2ac3244d177852e015babc2a75b7bcf48a255cf2,avaliacao,.joblib,resultado_historico,P2,REVIEW_RETENTION
avaliacao/resultados/selecao-supervisionada-v1.3-20260812/partials/deduplication__metadata__none__decision_tree.joblib,true,8298,d0b6908280f5d71f65bffa6b1f4506af6553788df8f201f10e5f8d69e329a2d4,avaliacao,.joblib,resultado_historico,P2,REVIEW_RETENTION
avaliacao/resultados/selecao-supervisionada-v1.3-20260812/partials/deduplication__metadata__none__linear_svm.joblib,true,14596,5341f7412a1ae7997c2bf20b541faff19506ad0aceb42cdbfbcf7dda0255b6e6,avaliacao,.joblib,resultado_historico,P2,REVIEW_RETENTION
avaliacao/resultados/selecao-supervisionada-v1.3-20260812/partials/deduplication__metadata__none__logistic_regression.joblib,true,14528,b050165b68404addd936690c43193b31b0ac3e2f9b7d63f74e0d6bfcf55b15fe,avaliacao,.joblib,resultado_historico,P2,REVIEW_RETENTION
avaliacao/resultados/selecao-supervisionada-v1.3-20260812/partials/deduplication__metadata__none__mlp.joblib,true,14600,0bda3cd74f8bb221cbfc9351267da6a6f3688b0f87b74e2713e8ec636c1239af,avaliacao,.joblib,resultado_historico,P2,REVIEW_RETENTION
avaliacao/resultados/selecao-supervisionada-v1.3-20260812/partials/deduplication__metadata__none__xgboost.joblib,true,14738,fc38868abdb026f53c554873260701b0b7839f4ad05ecd8447d52d322fe07cd8,avaliacao,.joblib,resultado_historico,P2,REVIEW_RETENTION
avaliacao/resultados/selecao-supervisionada-v1.3-20260812/partials/deduplication__tfidf__none__decision_tree.joblib,true,7100,1773b1631dfd210dd72b5e367f4255b5922e9e00bbbdf36c41a72b0a0d25103d,avaliacao,.joblib,resultado_historico,P2,REVIEW_RETENTION
avaliacao/resultados/selecao-supervisionada-v1.3-20260812/partials/deduplication__tfidf__none__linear_svm.joblib,true,19574,b49a9f733df50c2b99361205a591433752bd19fe8b38dced5deb6f538536818f,avaliacao,.joblib,resultado_historico,P2,REVIEW_RETENTION
avaliacao/resultados/selecao-supervisionada-v1.3-20260812/partials/deduplication__tfidf__none__logistic_regression.joblib,true,19829,112b9436decf5b510fee0acb8ecbbd92736a168095b8e6576264991963b15797,avaliacao,.joblib,resultado_historico,P2,REVIEW_RETENTION
avaliacao/resultados/selecao-supervisionada-v1.3-20260812/partials/deduplication__tfidf__none__mlp.joblib,true,19076,895ca37966d865df805a3c7de22cfd30aa1301c34864e150264b656c0b3ff1a9,avaliacao,.joblib,resultado_historico,P2,REVIEW_RETENTION
avaliacao/resultados/selecao-supervisionada-v1.3-20260812/partials/deduplication__tfidf__none__xgboost.joblib,true,15608,4032d3d0808cfe07b3e1e2a10bc078e69976e2c605210e5f971336c9b124ff9a,avaliacao,.joblib,resultado_historico,P2,REVIEW_RETENTION
avaliacao/resultados/selecao-supervisionada-v1.3-20260812/predicoes_oof.csv,true,15457127,fba929ced0a02ab9e3c5312c3a30abc415a052f802f4b3592f18ee3e0365c714,avaliacao,.csv,resultado_historico,P2,REVIEW_RETENTION
avaliacao/resultados/selecao-supervisionada-v1.3-20260812/protocolo_congelado.json,true,15198,2c0236ad5a6032bc8a2d7acf2059638e160587647e9685d7aa2e6fe09f44ece2,avaliacao,.json,resultado_historico,P2,REVIEW_RETENTION
avaliacao/resultados/selecao-supervisionada-v1.3-20260812/ranking.csv,true,69980,775f0ebdf3b153c34701f7e8a932fea46eee7d218690b9c357810922f03605d7,avaliacao,.csv,resultado_historico,P2,REVIEW_RETENTION
avaliacao/resultados/selecao-supervisionada-v1.3-20260812/recuperacao.json,true,359694,5d65d4610d25a43b539caa7da75f328e9d0199c258d574e4d24a64f24c99c715,avaliacao,.json,resultado_historico,P2,REVIEW_RETENTION
avaliacao/resultados/selecao-supervisionada-v1.3-20260812/recuperacao_detalhes.csv,true,104025,33a458025a7987d7d98a29f21e42a078c92823f656e734eaaf4e2c2ee4bf571b,avaliacao,.csv,resultado_historico,P2,REVIEW_RETENTION
avaliacao/resultados/selecao-supervisionada-v1.3-20260812/recuperacao_resumo.csv,true,555,035b07bd25ad0c1267dc881be4e400dfa4246d56272ebb43fa718e8446cdcfc3,avaliacao,.csv,resultado_historico,P2,REVIEW_RETENTION
avaliacao/resultados/selecao-supervisionada-v1.3-20260812/resultados.json,true,2453605,1ebb8b66ad3d13125c100847b0d30b804d2d35348c7834ec4c5f08734afa79a4,avaliacao,.json,resultado_historico,P2,REVIEW_RETENTION
avaliacao/resultados/selecao-supervisionada-v1.3-20260812/resultados_parciais.csv,true,58051,4a397687a6cab2740bd913eeffc4f5ea7028ec34f8fab2cae6dc8746fb2c5502,avaliacao,.csv,resultado_historico,P2,REVIEW_RETENTION
avaliacao/resultados/selecao-supervisionada-v1.3-20260812/resultados_resumo.csv,true,58051,4a397687a6cab2740bd913eeffc4f5ea7028ec34f8fab2cae6dc8746fb2c5502,avaliacao,.csv,resultado_historico,P2,REVIEW_RETENTION
avaliacao/resultados/selecao-supervisionada-v1.3-20260812/validacao_resultados.json,true,851,09cddaeaafc52cd90608b2d4f142125634a353279c1538a9d1a62b0da623b2bc,avaliacao,.json,resultado_historico,P2,REVIEW_RETENTION
avaliacao/resultados/selecao-supervisionada-v1.3-20260812/xai.json,true,133207,dd0465988d00f655ade040f785352eebac569c4fe05eadc0698e38c311bbbdf6,avaliacao,.json,resultado_historico,P2,REVIEW_RETENTION
avaliacao/resultados/selecao-supervisionada-v1.3-20260812/xai_familias.csv,true,888,58e0f999b78dd3a16f5cecf03437e2d190a36cb1a0cee353a4d2a48ecede83f1,avaliacao,.csv,resultado_historico,P2,REVIEW_RETENTION
avaliacao/resultados/selecao-supervisionada-v1.3-smoke-20260812/RELATORIO.md,true,3292,894d65c72fba4c649d4071203669817b3a9a96ab1a9f92a71197cf14c76458e1,avaliacao,.md,resultado_historico,P2,REVIEW_RETENTION
avaliacao/resultados/selecao-supervisionada-v1.3-smoke-20260812/ambiente.json,true,2879,8472eeb372bbcd73d17121e5e3f0bd04cc5c5bf5499e516a5f7ff2cb45dd1b3c,avaliacao,.json,resultado_historico,P2,REVIEW_RETENTION
avaliacao/resultados/selecao-supervisionada-v1.3-smoke-20260812/comparacao_pareada_grupos.csv,true,1935,e5a5b0462d8af67001d7ab4f3d51caab36e2463103c48312d9ba69cf35742d68,avaliacao,.csv,resultado_historico,P2,REVIEW_RETENTION
avaliacao/resultados/selecao-supervisionada-v1.3-smoke-20260812/comparacao_pareada_objetivos.csv,true,10852,eeb222c01e7ddc8116e189762aec607cece5585b5873ccdbe9d5178dfef1bedd,avaliacao,.csv,resultado_historico,P2,REVIEW_RETENTION
avaliacao/resultados/selecao-supervisionada-v1.3-smoke-20260812/dataset_audit.json,true,944,933c29f59c247dc64fd5b11854dc8b5af927c701d2b3305931787cf76ec84131,avaliacao,.json,resultado_historico,P2,REVIEW_RETENTION
avaliacao/resultados/selecao-supervisionada-v1.3-smoke-20260812/dobras.csv,true,62111,a2cc271f0ffaf3f5f5b34604a08d3572af0ddd803b5ba888bb96a7039ceca4b8,avaliacao,.csv,resultado_historico,P2,REVIEW_RETENTION
avaliacao/resultados/selecao-supervisionada-v1.3-smoke-20260812/embedding_runtime.json,true,2522,d0b9d7861d204df38275f5a1bdcd6fd402e9dea367682f9d5c0219bbb13df413,avaliacao,.json,resultado_historico,P2,REVIEW_RETENTION
avaliacao/resultados/selecao-supervisionada-v1.3-smoke-20260812/execucao-resume.pid,true,7,9bae54bf4243c80b481f4e66461edd5f51d0e4aed13f82ef3c87976d50c4e698,avaliacao,.pid,resultado_historico,P2,REVIEW_RETENTION
avaliacao/resultados/selecao-supervisionada-v1.3-smoke-20260812/execucao-resume.stderr.log,true,0,e3b0c44298fc1c149afbf4c8996fb92427ae41e4649b934ca495991b7852b855,avaliacao,.log,resultado_historico,P2,REVIEW_RETENTION
avaliacao/resultados/selecao-supervisionada-v1.3-smoke-20260812/execucao-resume.stdout.log,true,1645,89ffc58ae2773869d5378562498943b8c984af7802d80c67b3711e1e66520b60,avaliacao,.log,resultado_historico,P2,REVIEW_RETENTION
avaliacao/resultados/selecao-supervisionada-v1.3-smoke-20260812/latencia_finalistas.csv,true,1250,054f49fcaf6316d2825e1c7c4e1da374b2dba2326a541ee1b8c33be9a9551c2a,avaliacao,.csv,resultado_historico,P2,REVIEW_RETENTION
avaliacao/resultados/selecao-supervisionada-v1.3-smoke-20260812/latencia_finalistas.json,true,2477,cf507c5545ffb854f62c307b7f2a9986de20393ff725133e912e492222a06379,avaliacao,.json,resultado_historico,P2,REVIEW_RETENTION
avaliacao/resultados/selecao-supervisionada-v1.3-smoke-20260812/partials/classification__embedding__granite97m__logistic_regression.joblib,true,34068,fba0321dec031fb388ac558ce98a71ce3264ae5fb34b75f1e175d9f491a42f95,avaliacao,.joblib,resultado_historico,P2,REVIEW_RETENTION
avaliacao/resultados/selecao-supervisionada-v1.3-smoke-20260812/partials/classification__hybrid__granite97m__logistic_regression.joblib,true,34405,b3dae3350f93861fd39ca2909af09e45652872898e9c2308b68d609ebc295132,avaliacao,.joblib,resultado_historico,P2,REVIEW_RETENTION
avaliacao/resultados/selecao-supervisionada-v1.3-smoke-20260812/partials/classification__tfidf__none__logistic_regression.joblib,true,34438,8e9e260b0b7facb75e806f88b54c62793f9c7ad5d80033e37b00df96c04b0c95,avaliacao,.joblib,resultado_historico,P2,REVIEW_RETENTION
avaliacao/resultados/selecao-supervisionada-v1.3-smoke-20260812/partials/deduplication__embedding__granite97m__logistic_regression.joblib,true,20492,7800060560248d4416a9e10418064a69a46bec0420984a9bfe5b62ffb480cf40,avaliacao,.joblib,resultado_historico,P2,REVIEW_RETENTION
avaliacao/resultados/selecao-supervisionada-v1.3-smoke-20260812/partials/deduplication__hybrid__granite97m__logistic_regression.joblib,true,19735,6629e7a716ae21bcb74b977e0cc83475394221fa325a9fbb90a07baea3dd75f0,avaliacao,.joblib,resultado_historico,P2,REVIEW_RETENTION
avaliacao/resultados/selecao-supervisionada-v1.3-smoke-20260812/partials/deduplication__hybrid_metadata__granite97m__logistic_regression.joblib,true,19775,823b867a6e43bddf2903b3e454ab8bb9640304326d7b52fdd41ae96ed8766345,avaliacao,.joblib,resultado_historico,P2,REVIEW_RETENTION
avaliacao/resultados/selecao-supervisionada-v1.3-smoke-20260812/partials/deduplication__metadata__none__logistic_regression.joblib,true,14541,2fa5388528668f03863b905ff667855b6cdffb19c79c82fcb9cf5f2e799776db,avaliacao,.joblib,resultado_historico,P2,REVIEW_RETENTION
avaliacao/resultados/selecao-supervisionada-v1.3-smoke-20260812/partials/deduplication__tfidf__none__logistic_regression.joblib,true,19819,34e5a15913629896e381c39e3a32f880d820ab393914589d5d4e05bfd6d7a4f5,avaliacao,.joblib,resultado_historico,P2,REVIEW_RETENTION
avaliacao/resultados/selecao-supervisionada-v1.3-smoke-20260812/predicoes_oof.csv,true,1370382,427eafc789eec4ed4749891eb4ea20d352482f4df9053357ff68e3651f9f4318,avaliacao,.csv,resultado_historico,P2,REVIEW_RETENTION
avaliacao/resultados/selecao-supervisionada-v1.3-smoke-20260812/protocolo_congelado.json,true,15157,0c24f30c1637e18822e8b9fa3f23f69295754e1abb68900d7836a5072b218709,avaliacao,.json,resultado_historico,P2,REVIEW_RETENTION
avaliacao/resultados/selecao-supervisionada-v1.3-smoke-20260812/ranking.csv,true,8519,f325027ff540bf232c00b83103927903b2c039be120be47989dd8e1cd97c34eb,avaliacao,.csv,resultado_historico,P2,REVIEW_RETENTION
avaliacao/resultados/selecao-supervisionada-v1.3-smoke-20260812/recuperacao.json,true,174186,cc813fdcbee3d35320c0306c20f3b7c4fbcd48a2212f7612aac9774622cead37,avaliacao,.json,resultado_historico,P2,REVIEW_RETENTION
avaliacao/resultados/selecao-supervisionada-v1.3-smoke-20260812/recuperacao_detalhes.csv,true,46383,fd3dcbb9dfbe409cae68485bd69bfc9603c0e5878cc537e484029f64dbbd37fc,avaliacao,.csv,resultado_historico,P2,REVIEW_RETENTION
avaliacao/resultados/selecao-supervisionada-v1.3-smoke-20260812/recuperacao_resumo.csv,true,333,f358852f8255ded5f344491a143bbd51f76f2fdc500fe7f2c04c7745f63c3f57,avaliacao,.csv,resultado_historico,P2,REVIEW_RETENTION
avaliacao/resultados/selecao-supervisionada-v1.3-smoke-20260812/resultados.json,true,232225,d9373e804d53b8d386157b653bb11d77ae7611e1e4b91f29b57f2286d8ffb24b,avaliacao,.json,resultado_historico,P2,REVIEW_RETENTION
avaliacao/resultados/selecao-supervisionada-v1.3-smoke-20260812/resultados_parciais.csv,true,7341,38c6a3e28eea63c0e3a8ad5e2b6f00a64a2ee5dd768449272b0ddf7be61df8e3,avaliacao,.csv,resultado_historico,P2,REVIEW_RETENTION
avaliacao/resultados/selecao-supervisionada-v1.3-smoke-20260812/resultados_resumo.csv,true,7341,38c6a3e28eea63c0e3a8ad5e2b6f00a64a2ee5dd768449272b0ddf7be61df8e3,avaliacao,.csv,resultado_historico,P2,REVIEW_RETENTION
avaliacao/resultados/selecao-supervisionada-v1.3-smoke-20260812/xai.json,true,4,a5338d955b09046ec0b16f3a9625b7955c763aae07dc722e474e6078745f932f,avaliacao,.json,resultado_historico,P2,REVIEW_RETENTION
avaliacao/resultados/selecao-supervisionada-v1.3-smoke-20260812/xai_familias.csv,true,0,e3b0c44298fc1c149afbf4c8996fb92427ae41e4649b934ca495991b7852b855,avaliacao,.csv,resultado_historico,P2,REVIEW_RETENTION
avaliacao/resultados/selecao-supervisionada-v2-smoke/ambiente.json,true,2878,e27887d3b76fb8bc084d26be66dc94c9694eb2ed2cbd12d185bc5b4e55681907,avaliacao,.json,resultado_historico,P2,REVIEW_RETENTION
avaliacao/resultados/selecao-supervisionada-v2-smoke/dataset_audit.json,true,946,2010356c848228cd4b0d9b8fdb522a3f8f98ab3e7ac70378acc22bff088a5f2c,avaliacao,.json,resultado_historico,P2,REVIEW_RETENTION
avaliacao/resultados/selecao-supervisionada-v2-smoke/embedding_runtime.json,true,7585,a2ffa8020d1112f498450d7ed96075c5ffb80c3ca8882260002e26ef58036800,avaliacao,.json,resultado_historico,P2,REVIEW_RETENTION
avaliacao/resultados/selecao-supervisionada-v2-smoke/protocolo_congelado.json,true,15198,e7c1a84bbbedb5429597657591ec40acaea8a469f2d269d508eaa4619396bd27,avaliacao,.json,resultado_historico,P2,REVIEW_RETENTION
avaliacao/resultados/selecao-supervisionada-v2-smoke/recuperacao.json,true,601396,0d903a362934bae919d9d3b9c2ca96471838a6ef7e710e42145736d98b564540,avaliacao,.json,resultado_historico,P2,REVIEW_RETENTION
avaliacao/resultados/selecao-supervisionada-v2-smoke/recuperacao_detalhes.csv,true,176227,f8258ae633fa15fb73989f8d0c3a77741e78955ec7ce2e051f2c523061c32041,avaliacao,.csv,resultado_historico,P2,REVIEW_RETENTION
avaliacao/resultados/selecao-supervisionada-v2-smoke/recuperacao_resumo.csv,true,455,9f47d9dcb04472e6ef45fdc441ca415c1f15ce64c28f3cad69a1cb57ad2bb280,avaliacao,.csv,resultado_historico,P2,REVIEW_RETENTION
avaliacao/resultados/selecao-supervisionada-v2.1-20260826/RELATORIO.md,false,16573,411eb4cf9d76153f726359f7607fa329fdb00f79e3f7bd30aeacdd8c271ccb69,avaliacao,.md,resultado_corrente,P0,KEEP_EVIDENCE
avaliacao/resultados/selecao-supervisionada-v2.1-20260826/STATUS_PARCIAL.md,false,5387,db47e843d72b7e459d5f62eeeb651356c3c52e4e207ea192f60ff4d248c3c490,avaliacao,.md,resultado_corrente,P0,KEEP_EVIDENCE
avaliacao/resultados/selecao-supervisionada-v2.1-20260826/ambiente.json,false,2878,d0cc3a493589129d9120688f3b0893b33d8484647d59e3632302afedb9f78e0c,avaliacao,.json,resultado_corrente,P0,KEEP_EVIDENCE
avaliacao/resultados/selecao-supervisionada-v2.1-20260826/comparacao_pareada_grupos.csv,false,2472,b72548d622e2c0eccee587fb95a1794e6dc98cfa694db32c3fcd923b033834bd,avaliacao,.csv,resultado_corrente,P0,KEEP_EVIDENCE
avaliacao/resultados/selecao-supervisionada-v2.1-20260826/comparacao_pareada_objetivos.csv,false,13125,b93cc3b15e2fdd086f729a41b51d8041f6943c5992f74dc6860667afeaf00c76,avaliacao,.csv,resultado_corrente,P0,KEEP_EVIDENCE
avaliacao/resultados/selecao-supervisionada-v2.1-20260826/dataset_audit.json,false,1078,1acf12120bfb5a851881ac8c7bb466107356bb64320fe06f7b170833812417c6,avaliacao,.json,resultado_corrente,P0,KEEP_EVIDENCE
avaliacao/resultados/selecao-supervisionada-v2.1-20260826/dobras.csv,false,243508,fe85825a46de3d6e354e5da45284f7482623ff2da2084c7a6546718fd2889f46,avaliacao,.csv,resultado_corrente,P0,KEEP_EVIDENCE
avaliacao/resultados/selecao-supervisionada-v2.1-20260826/embedding_runtime.json,false,7589,01a86af07ae533913debd3f56c29700cf3aa5f104f3910677a513a1e1a31eb91,avaliacao,.json,resultado_corrente,P0,KEEP_EVIDENCE
avaliacao/resultados/selecao-supervisionada-v2.1-20260826/execucao_lancamento.json,false,536,846fadf7d8e9403c0e62efa360cf45450e112367007de2ed02f7f4da28e97a50,avaliacao,.json,resultado_corrente,P0,KEEP_EVIDENCE
avaliacao/resultados/selecao-supervisionada-v2.1-20260826/latencia_finalistas.csv,false,736,88e37ac8e5815d7bb4bb64a824646efad3ce47048d096d35b5a4747b4639a925,avaliacao,.csv,resultado_corrente,P0,KEEP_EVIDENCE
avaliacao/resultados/selecao-supervisionada-v2.1-20260826/latencia_finalistas.json,false,967,b78fab29235539bbb980bab7dc24d11b8b1b9bccaed79162fa9924a061e33101,avaliacao,.json,resultado_corrente,P0,KEEP_EVIDENCE
avaliacao/resultados/selecao-supervisionada-v2.1-20260826/predicoes_oof.csv,false,13801841,eb69671041ffe1c9f5b0ce4fded6d7304fd288be776f7c53be9290b5b51258b3,avaliacao,.csv,resultado_corrente,P0,KEEP_EVIDENCE
avaliacao/resultados/selecao-supervisionada-v2.1-20260826/preflight_classification_scope.json,false,6577,8d5356cc52ce5cc38d5223ba14c0344ee054ffd3c1e4a9472e28419f34e6b545,avaliacao,.json,resultado_corrente,P0,KEEP_EVIDENCE
avaliacao/resultados/selecao-supervisionada-v2.1-20260826/preflight_viabilidade_pos_auditoria.json,false,7761,18942bc5e14e64d497a80dda055d4708742f065fb8429840cf5f942ae9843863,avaliacao,.json,resultado_corrente,P0,KEEP_EVIDENCE
avaliacao/resultados/selecao-supervisionada-v2.1-20260826/protocolo_congelado.json,false,15227,055efc91f559717a209f2fefea69c61d36705e193608896234eefbae01cd1b58,avaliacao,.json,resultado_corrente,P0,KEEP_EVIDENCE
avaliacao/resultados/selecao-supervisionada-v2.1-20260826/ranking.csv,false,26968,6354f46d9e0adaab56f838f600f949cf7d82c0899715f68b6bb5ebf5a40c2684,avaliacao,.csv,resultado_corrente,P0,KEEP_EVIDENCE
avaliacao/resultados/selecao-supervisionada-v2.1-20260826/recuperacao.json,false,601396,0d903a362934bae919d9d3b9c2ca96471838a6ef7e710e42145736d98b564540,avaliacao,.json,resultado_corrente,P0,KEEP_EVIDENCE
avaliacao/resultados/selecao-supervisionada-v2.1-20260826/recuperacao_detalhes.csv,false,176227,f8258ae633fa15fb73989f8d0c3a77741e78955ec7ce2e051f2c523061c32041,avaliacao,.csv,resultado_corrente,P0,KEEP_EVIDENCE
avaliacao/resultados/selecao-supervisionada-v2.1-20260826/recuperacao_resumo.csv,false,455,9f47d9dcb04472e6ef45fdc441ca415c1f15ce64c28f3cad69a1cb57ad2bb280,avaliacao,.csv,resultado_corrente,P0,KEEP_EVIDENCE
avaliacao/resultados/selecao-supervisionada-v2.1-20260826/resultados.json,false,985705,c88dbd6c4e2fe597c26a3290f3cbf5fe65e38df8616890315d5e9cd86dd82068,avaliacao,.json,resultado_corrente,P0,KEEP_EVIDENCE
avaliacao/resultados/selecao-supervisionada-v2.1-20260826/resultados_parciais.csv,false,36606,e1c0dee5de71cb55e0506a6e56f14bf3e1b6b62056a8a1d5c0577d69fb73a1a2,avaliacao,.csv,resultado_corrente,P0,KEEP_EVIDENCE
avaliacao/resultados/selecao-supervisionada-v2.1-20260826/resultados_resumo.csv,false,36606,e1c0dee5de71cb55e0506a6e56f14bf3e1b6b62056a8a1d5c0577d69fb73a1a2,avaliacao,.csv,resultado_corrente,P0,KEEP_EVIDENCE
avaliacao/resultados/selecao-supervisionada-v2.1-20260826/source_snapshot/manifest.json,false,1124,cca91bce73bb6d9fa55caec2b138a742e4fc977495daa66593f4f345216f3db1,avaliacao,.json,resultado_corrente,P0,KEEP_EVIDENCE
avaliacao/resultados/selecao-supervisionada-v2.1-20260826/source_snapshot/requirements-benchmark.txt,false,213,37d76acbff4cebde3ebf70797a70eed348bd2617928beaead4f0d3f6ac3d5a8b,avaliacao,.txt,resultado_corrente,P0,KEEP_EVIDENCE
avaliacao/resultados/selecao-supervisionada-v2.1-20260826/source_snapshot/requirements-granite.txt,false,249,290c1fabc2b7e3f634dbb1209d5398e33ac080d70d0bd1c3ddd6a29d38b99d31,avaliacao,.txt,resultado_corrente,P0,KEEP_EVIDENCE
avaliacao/resultados/selecao-supervisionada-v2.1-20260826/source_snapshot/requirements-hybrid.txt,false,143,a79848e354ed44c21ed072e827a34a750011aed644cdaddf4fb71cedb498517a,avaliacao,.txt,resultado_corrente,P0,KEEP_EVIDENCE
avaliacao/resultados/selecao-supervisionada-v2.1-20260826/source_snapshot/selecionar_modelos_supervisionados.py,false,174508,9878cb40fd434c5f4aba1d9f20fbff560d8e0d5fedc3d4aa9316efef02cd7314,avaliacao,.py,resultado_corrente,P0,KEEP_EVIDENCE
avaliacao/resultados/selecao-supervisionada-v2.1-20260826/source_snapshot/treinar_modelo_local.py,false,97701,73bc75ff565c7b40c2190b4fed18f8507d8ab8e32110699d037946bc87fbc5f7,avaliacao,.py,resultado_corrente,P0,KEEP_EVIDENCE
avaliacao/resultados/selecao-supervisionada-v2.1-20260826/validacao_resultados_classification.json,false,994,89244931b0a9eeebb51eb3e9fea9f61908ed9ae86d09a626d23ce601a1c4429e,avaliacao,.json,resultado_corrente,P0,KEEP_EVIDENCE
avaliacao/resultados/selecao-supervisionada-v2.1-20260826/xai.json,false,66381,fdc82158e248cf59688c4d0694bf7a0fa395be506cdf0a2ebcb6ca9ebdea7120,avaliacao,.json,resultado_corrente,P0,KEEP_EVIDENCE
avaliacao/resultados/selecao-supervisionada-v2.1-20260826/xai_familias.csv,false,431,17a1e11ec702a54cd3ec43f69c1b4a35db5c835c0ffe6149a60f7c751e4c02cb,avaliacao,.csv,resultado_corrente,P0,KEEP_EVIDENCE
avaliacao/resultados/selecao-supervisionada-v2/DIAGNOSTICO_ACERTOS.md,true,4756,5cafc94f9b03ef42cea1c689293a0c2aae4f8be506391cc65a71148d907dcd0b,avaliacao,.md,resultado_invalidado,P1,KEEP_HISTORICAL
avaliacao/resultados/selecao-supervisionada-v2/INVALIDADO.md,false,1706,d15c996608af74d385ab3a702fc2b4f728a93e853ead4da0e2043436815bf6d5,avaliacao,.md,resultado_invalidado,P1,KEEP_HISTORICAL
avaliacao/resultados/selecao-supervisionada-v2/RELATORIO.md,true,6871,0b60c23560c4c58de8550aecbd12447e8ca7d186a5e5b957b46dfdba7ce5db06,avaliacao,.md,resultado_invalidado,P1,KEEP_HISTORICAL
avaliacao/resultados/selecao-supervisionada-v2/ambiente.json,true,2880,9c6d7b13f85c9941f4a901c6303c8b96a8e84b29b4c2efca202604a9925fb30c,avaliacao,.json,resultado_invalidado,P1,KEEP_HISTORICAL
avaliacao/resultados/selecao-supervisionada-v2/comparacao_pareada_grupos.csv,true,5026,1bd5affe8551b07ed649ea841d12216716d21b81e76f9feba673f8d56fb2df49,avaliacao,.csv,resultado_invalidado,P1,KEEP_HISTORICAL
avaliacao/resultados/selecao-supervisionada-v2/comparacao_pareada_objetivos.csv,true,30803,ce9ac57cdee50ad6546cc868ed5c1ee580c733a96323ea54b7a34a3a9ce62508,avaliacao,.csv,resultado_invalidado,P1,KEEP_HISTORICAL
avaliacao/resultados/selecao-supervisionada-v2/dataset_audit.json,true,946,2010356c848228cd4b0d9b8fdb522a3f8f98ab3e7ac70378acc22bff088a5f2c,avaliacao,.json,resultado_invalidado,P1,KEEP_HISTORICAL
avaliacao/resultados/selecao-supervisionada-v2/dobras.csv,true,719363,1ab11a2ac5f69c6cf7c61ec07ca519eb8f11708bdcddef5b581096f412d809db,avaliacao,.csv,resultado_invalidado,P1,KEEP_HISTORICAL
avaliacao/resultados/selecao-supervisionada-v2/embedding_runtime.json,true,7753,84014fee0b8a950bf0c7415f56f7bb0266cb69bc4bebc80ff47496471f810e6d,avaliacao,.json,resultado_invalidado,P1,KEEP_HISTORICAL
avaliacao/resultados/selecao-supervisionada-v2/latencia_finalistas.csv,true,929,1a86e27541d3adc7b406b76afdbda710316289e4f35ac1b644856ba6831e1f7d,avaliacao,.csv,resultado_invalidado,P1,KEEP_HISTORICAL
avaliacao/resultados/selecao-supervisionada-v2/latencia_finalistas.json,true,1640,78d6442dcc7bc82efa482124b5cbfeb792be6e669c9b993f4b1b69f53262a57d,avaliacao,.json,resultado_invalidado,P1,KEEP_HISTORICAL
avaliacao/resultados/selecao-supervisionada-v2/partials/classification__embedding__granite97m__decision_tree.joblib,true,27885,84d5740a2ec0570e8bfd4bab40b69372d36a76a975223d734cecf43fbce03fd0,avaliacao,.joblib,resultado_invalidado,P1,KEEP_HISTORICAL
avaliacao/resultados/selecao-supervisionada-v2/partials/classification__embedding__granite97m__linear_svm.joblib,true,71641,331c8060ffb3b3cac6dd43dfe24c451fb9f77d9445b5a65060b1d0ac042352fe,avaliacao,.joblib,resultado_invalidado,P1,KEEP_HISTORICAL
avaliacao/resultados/selecao-supervisionada-v2/partials/classification__embedding__granite97m__logistic_regression.joblib,true,71534,5c353154282dc4311630210dd66f0565a9b2f7d884bfc4b2b332bc5bf8421d98,avaliacao,.joblib,resultado_invalidado,P1,KEEP_HISTORICAL
avaliacao/resultados/selecao-supervisionada-v2/partials/classification__embedding__granite97m__mlp.joblib,true,69175,efa12e6df7e0a22e9cf5108dc307bfcbb4f939ada72ad29d4d3d48601384d0f1,avaliacao,.joblib,resultado_invalidado,P1,KEEP_HISTORICAL
avaliacao/resultados/selecao-supervisionada-v2/partials/classification__embedding__granite97m__xgboost.joblib,true,71289,57a73aa3cb5cf1a231b0b51d636db9a982fea3d89e4c1717e86d096e3fa46f48,avaliacao,.joblib,resultado_invalidado,P1,KEEP_HISTORICAL
avaliacao/resultados/selecao-supervisionada-v2/partials/classification__embedding__multilingual_e5_small__decision_tree.joblib,true,27599,7e30942396f288361180d35b4ee80dc6ad48f2b49016253200a237f406f8d0f8,avaliacao,.joblib,resultado_invalidado,P1,KEEP_HISTORICAL
avaliacao/resultados/selecao-supervisionada-v2/partials/classification__embedding__multilingual_e5_small__linear_svm.joblib,true,71411,84b85d5a1768b222f0b5bff920af8fd80145e9e0fea8fc7c1492683ce0dbaa87,avaliacao,.joblib,resultado_invalidado,P1,KEEP_HISTORICAL
avaliacao/resultados/selecao-supervisionada-v2/partials/classification__embedding__multilingual_e5_small__logistic_regression.joblib,true,71762,7c1ca384a32d66a89a568a361fd4978ff474b916721e241ddd8a36859f73e8c5,avaliacao,.joblib,resultado_invalidado,P1,KEEP_HISTORICAL
avaliacao/resultados/selecao-supervisionada-v2/partials/classification__embedding__multilingual_e5_small__mlp.joblib,true,69359,69a1f7b62bdcf55914d7da6df2f4a6dd3ee0c7a59263345c55549a9f1a7828e1,avaliacao,.joblib,resultado_invalidado,P1,KEEP_HISTORICAL
avaliacao/resultados/selecao-supervisionada-v2/partials/classification__embedding__multilingual_e5_small__xgboost.joblib,true,71978,b1a63dece7c4de302887f95f6f2c0b5dc9de7cfe2886df27617992cd435f86ff,avaliacao,.joblib,resultado_invalidado,P1,KEEP_HISTORICAL
avaliacao/resultados/selecao-supervisionada-v2/partials/classification__embedding__multilingual_minilm_l12__decision_tree.joblib,true,27567,9aa71a8e7ee6b78718fdb696e0219d2e03a568391b83df6044d830559cc8cbb4,avaliacao,.joblib,resultado_invalidado,P1,KEEP_HISTORICAL
avaliacao/resultados/selecao-supervisionada-v2/partials/classification__embedding__multilingual_minilm_l12__linear_svm.joblib,true,71930,60d9ea446d3442dce3f5ba8bbac4861f3b924519749abac0fd5e1e10c31e6e87,avaliacao,.joblib,resultado_invalidado,P1,KEEP_HISTORICAL
avaliacao/resultados/selecao-supervisionada-v2/partials/classification__embedding__multilingual_minilm_l12__logistic_regression.joblib,true,72024,1c183ab83a53f1b7fc89975076fb9cccff362ea9d8726bfe670980648f5bc880,avaliacao,.joblib,resultado_invalidado,P1,KEEP_HISTORICAL
avaliacao/resultados/selecao-supervisionada-v2/partials/classification__embedding__multilingual_minilm_l12__mlp.joblib,true,68574,66de2d3ab0040d37c0f18edcbbe1fb62e679bf9be2a9ac71282bda78083e95b4,avaliacao,.joblib,resultado_invalidado,P1,KEEP_HISTORICAL
avaliacao/resultados/selecao-supervisionada-v2/partials/classification__embedding__multilingual_minilm_l12__xgboost.joblib,true,71143,334620e5cffb861d70653b1152d2b00b07433be345ec76e0ada0750899952949,avaliacao,.joblib,resultado_invalidado,P1,KEEP_HISTORICAL
avaliacao/resultados/selecao-supervisionada-v2/partials/classification__hybrid__granite97m__decision_tree.joblib,true,26639,692d7230c3025c42da294688514d74010bcfe312432d495fb0d244d807771f4a,avaliacao,.joblib,resultado_invalidado,P1,KEEP_HISTORICAL
avaliacao/resultados/selecao-supervisionada-v2/partials/classification__hybrid__granite97m__linear_svm.joblib,true,70751,4db4b35d08df4ef6ce5c6baadba8a4635b131c323443551d23c6f1bb13bf6701,avaliacao,.joblib,resultado_invalidado,P1,KEEP_HISTORICAL
avaliacao/resultados/selecao-supervisionada-v2/partials/classification__hybrid__granite97m__logistic_regression.joblib,true,71011,c01cd49c3dee0b03075d8d5bc7392f56f57ce1328784ab99463519f7a3fd17fd,avaliacao,.joblib,resultado_invalidado,P1,KEEP_HISTORICAL
avaliacao/resultados/selecao-supervisionada-v2/partials/classification__hybrid__granite97m__mlp.joblib,true,69184,e7f0e94ba8f1e9b8846ca9b0429fc3fba7d8d08c0756dc1e10d0b31fc10d49a8,avaliacao,.joblib,resultado_invalidado,P1,KEEP_HISTORICAL
avaliacao/resultados/selecao-supervisionada-v2/partials/classification__hybrid__granite97m__xgboost.joblib,true,70775,331ad796aed0873eb16fbd6db5708a53e9666048571c4a96f3e243a0c4e27e47,avaliacao,.joblib,resultado_invalidado,P1,KEEP_HISTORICAL
avaliacao/resultados/selecao-supervisionada-v2/partials/classification__hybrid__multilingual_e5_small__decision_tree.joblib,true,27651,726149588d221de143e5591b55e1ce101b67100816b072b548e17c77643f2614,avaliacao,.joblib,resultado_invalidado,P1,KEEP_HISTORICAL
avaliacao/resultados/selecao-supervisionada-v2/partials/classification__hybrid__multilingual_e5_small__linear_svm.joblib,true,70713,3a5c60accb59efda8eb501f62309c1b0d0e0289f80aa19e547de26b17e649154,avaliacao,.joblib,resultado_invalidado,P1,KEEP_HISTORICAL
avaliacao/resultados/selecao-supervisionada-v2/partials/classification__hybrid__multilingual_e5_small__logistic_regression.joblib,true,71163,f96320fbfc0ca3b2d7b1a6328e2819840c4c6d8b5c41161b49a54ed18c83f630,avaliacao,.joblib,resultado_invalidado,P1,KEEP_HISTORICAL
avaliacao/resultados/selecao-supervisionada-v2/partials/classification__hybrid__multilingual_e5_small__mlp.joblib,true,69449,e12a187b3cee208d048bf126f0218eacf7bf6184f26f70085177a13355ba20d2,avaliacao,.joblib,resultado_invalidado,P1,KEEP_HISTORICAL
avaliacao/resultados/selecao-supervisionada-v2/partials/classification__hybrid__multilingual_e5_small__xgboost.joblib,true,70480,8047c0c52b060452a2b74ff1390931b3217b1879610410df6039997a0d52cc74,avaliacao,.joblib,resultado_invalidado,P1,KEEP_HISTORICAL
avaliacao/resultados/selecao-supervisionada-v2/partials/classification__hybrid__multilingual_minilm_l12__decision_tree.joblib,true,26694,91a2f7976edefebbb3a8174b99bda8ea0bbb19a07e6b47f346aaa2d2944485ff,avaliacao,.joblib,resultado_invalidado,P1,KEEP_HISTORICAL
avaliacao/resultados/selecao-supervisionada-v2/partials/classification__hybrid__multilingual_minilm_l12__linear_svm.joblib,true,70939,cb673ad8bb496232cbbe0309bb867718001651df2d908abf534a14bb10ee5267,avaliacao,.joblib,resultado_invalidado,P1,KEEP_HISTORICAL
avaliacao/resultados/selecao-supervisionada-v2/partials/classification__hybrid__multilingual_minilm_l12__logistic_regression.joblib,true,71328,f6b39d86737bb93145013b5f9c05158e6535590daef0dee736f9cb9b223fe765,avaliacao,.joblib,resultado_invalidado,P1,KEEP_HISTORICAL
avaliacao/resultados/selecao-supervisionada-v2/partials/classification__hybrid__multilingual_minilm_l12__mlp.joblib,true,69097,97a3c4f38e9ecd05cb18b26b8837835609d0481af76bcd91e8f1e578c93dd246,avaliacao,.joblib,resultado_invalidado,P1,KEEP_HISTORICAL
avaliacao/resultados/selecao-supervisionada-v2/partials/classification__hybrid__multilingual_minilm_l12__xgboost.joblib,true,71215,97c40de7461c717983f6c3192f0e181ba00cd5bc43712fae0379c8252eac4e63,avaliacao,.joblib,resultado_invalidado,P1,KEEP_HISTORICAL
avaliacao/resultados/selecao-supervisionada-v2/partials/classification__tfidf__none__decision_tree.joblib,true,26485,9e6b79bbc3f090c182188a118f92a70e02ba98bbc63697cc4997f3cf663d1889,avaliacao,.joblib,resultado_invalidado,P1,KEEP_HISTORICAL
avaliacao/resultados/selecao-supervisionada-v2/partials/classification__tfidf__none__linear_svm.joblib,true,70921,fc5cb3e48595fcd900b83df1ee6dec37e30c7abb70e4af76a09cf53d5a40496a,avaliacao,.joblib,resultado_invalidado,P1,KEEP_HISTORICAL
avaliacao/resultados/selecao-supervisionada-v2/partials/classification__tfidf__none__logistic_regression.joblib,true,71001,772f2942037a3b7c08fd19592af2bee6d5ea9ece7d0893b67554654b8ab67737,avaliacao,.joblib,resultado_invalidado,P1,KEEP_HISTORICAL
avaliacao/resultados/selecao-supervisionada-v2/partials/classification__tfidf__none__mlp.joblib,true,69482,8c74ef0c483039bc506dbc0b9790d682390fbbd39e859da0b8b815c4aeae61be,avaliacao,.joblib,resultado_invalidado,P1,KEEP_HISTORICAL
avaliacao/resultados/selecao-supervisionada-v2/partials/classification__tfidf__none__xgboost.joblib,true,70684,643a8afe6d98d0325dc3aa7d0bb07aaf8557dff999416a73c5c0f4a28650d155,avaliacao,.joblib,resultado_invalidado,P1,KEEP_HISTORICAL
avaliacao/resultados/selecao-supervisionada-v2/partials/deduplication__embedding__granite97m__decision_tree.joblib,true,9791,f892a04987bdd6404358c40ae418031ddddf87398a96a67cbe01674343b0e4b3,avaliacao,.joblib,resultado_invalidado,P1,KEEP_HISTORICAL
avaliacao/resultados/selecao-supervisionada-v2/partials/deduplication__embedding__granite97m__linear_svm.joblib,true,31448,6fcba521baab7a46bec25eadf8735e24f3ff9afe948af371edc81febe49b65db,avaliacao,.joblib,resultado_invalidado,P1,KEEP_HISTORICAL
avaliacao/resultados/selecao-supervisionada-v2/partials/deduplication__embedding__granite97m__logistic_regression.joblib,true,31454,0e6323aef7ca474b200e6901ce5f50e699f8fdaa81893fcd9669582d05efb4a7,avaliacao,.joblib,resultado_invalidado,P1,KEEP_HISTORICAL
avaliacao/resultados/selecao-supervisionada-v2/partials/deduplication__embedding__granite97m__mlp.joblib,true,30587,640fe8d9040e145e459ac769f05d73f426d11c73659dff79b51d800c50fb8981,avaliacao,.joblib,resultado_invalidado,P1,KEEP_HISTORICAL
avaliacao/resultados/selecao-supervisionada-v2/partials/deduplication__embedding__granite97m__xgboost.joblib,true,31162,8e776636fc044aeb4003abc921f77d6831bd499ebc4c2cf6e9f7d9917cd00ac3,avaliacao,.joblib,resultado_invalidado,P1,KEEP_HISTORICAL
avaliacao/resultados/selecao-supervisionada-v2/partials/deduplication__embedding__multilingual_e5_small__decision_tree.joblib,true,9935,4782864bbb2af62118f7d658fb17c8f5238443d629e02c4301c9ad7f90401186,avaliacao,.joblib,resultado_invalidado,P1,KEEP_HISTORICAL
avaliacao/resultados/selecao-supervisionada-v2/partials/deduplication__embedding__multilingual_e5_small__linear_svm.joblib,true,31823,7a63be55c0445fc54dd78c438b6a63efd3b3c92302f51c92442fb9da772438db,avaliacao,.joblib,resultado_invalidado,P1,KEEP_HISTORICAL
avaliacao/resultados/selecao-supervisionada-v2/partials/deduplication__embedding__multilingual_e5_small__logistic_regression.joblib,true,32130,aca7c3277a93a54daef64821bac52b42e30a2a4fb53701927f0f8156c3086d73,avaliacao,.joblib,resultado_invalidado,P1,KEEP_HISTORICAL
avaliacao/resultados/selecao-supervisionada-v2/partials/deduplication__embedding__multilingual_e5_small__mlp.joblib,true,31008,80e1274032a221549c7ad1f07609b8afc49450cb00d5f2b37c151c361bd7c77f,avaliacao,.joblib,resultado_invalidado,P1,KEEP_HISTORICAL
avaliacao/resultados/selecao-supervisionada-v2/partials/deduplication__embedding__multilingual_e5_small__xgboost.joblib,true,31651,c8300d27883bdc5db5c40ca22b4714cf10430c81cb78378debdc654db00f4785,avaliacao,.joblib,resultado_invalidado,P1,KEEP_HISTORICAL
avaliacao/resultados/selecao-supervisionada-v2/partials/deduplication__embedding__multilingual_minilm_l12__decision_tree.joblib,true,10201,5ac801dfe4a52619eb7f3e54bcd95b063865512b779f0d5a6cfd7586fc4cc618,avaliacao,.joblib,resultado_invalidado,P1,KEEP_HISTORICAL
avaliacao/resultados/selecao-supervisionada-v2/partials/deduplication__embedding__multilingual_minilm_l12__linear_svm.joblib,true,31664,daae49058f5354b7cb4c9c897eecf8693948585c624660f76e48dd4712cd9759,avaliacao,.joblib,resultado_invalidado,P1,KEEP_HISTORICAL
avaliacao/resultados/selecao-supervisionada-v2/partials/deduplication__embedding__multilingual_minilm_l12__logistic_regression.joblib,true,31864,89e094bf96888d002d5b0b82094493927a619a28eb1128591ae2225c03d6978c,avaliacao,.joblib,resultado_invalidado,P1,KEEP_HISTORICAL
avaliacao/resultados/selecao-supervisionada-v2/partials/deduplication__embedding__multilingual_minilm_l12__mlp.joblib,true,30714,c7c96a28731a3d72072118e327016df9794fa8816a613650dbae5ed1969b847c,avaliacao,.joblib,resultado_invalidado,P1,KEEP_HISTORICAL
avaliacao/resultados/selecao-supervisionada-v2/partials/deduplication__embedding__multilingual_minilm_l12__xgboost.joblib,true,31427,9b38ab1493ecd3378237df42845412c585cb8b7a7236667f3795da1cdc8e243f,avaliacao,.joblib,resultado_invalidado,P1,KEEP_HISTORICAL
avaliacao/resultados/selecao-supervisionada-v2/partials/deduplication__hybrid__granite97m__decision_tree.joblib,true,10058,a9d5139bd7085f6806c543fdf8828c428fb3a292a327f080ca3bdbde98c67c81,avaliacao,.joblib,resultado_invalidado,P1,KEEP_HISTORICAL
avaliacao/resultados/selecao-supervisionada-v2/partials/deduplication__hybrid__granite97m__linear_svm.joblib,true,30743,3934c4a232433b3909f3e2e5777b5cb853d8dd4c66ef0748a85055a23668c6c9,avaliacao,.joblib,resultado_invalidado,P1,KEEP_HISTORICAL
avaliacao/resultados/selecao-supervisionada-v2/partials/deduplication__hybrid__granite97m__logistic_regression.joblib,true,30870,aee83a1b70d7a4fa8283c6017285b7684714645f4d931bcd14d6b1b9610c9b60,avaliacao,.joblib,resultado_invalidado,P1,KEEP_HISTORICAL
avaliacao/resultados/selecao-supervisionada-v2/partials/deduplication__hybrid__granite97m__mlp.joblib,true,29309,22a646d1b144e9445eb7743bf602e735c25291e97540a978e5f359864d092238,avaliacao,.joblib,resultado_invalidado,P1,KEEP_HISTORICAL
avaliacao/resultados/selecao-supervisionada-v2/partials/deduplication__hybrid__granite97m__xgboost.joblib,true,24958,117928e99c30ecdc86c199e23f0f9f1f5e2e3590801f191a38e4994f43efa147,avaliacao,.joblib,resultado_invalidado,P1,KEEP_HISTORICAL
avaliacao/resultados/selecao-supervisionada-v2/partials/deduplication__hybrid__multilingual_e5_small__decision_tree.joblib,true,10061,3bae0e4ab9ef97ab9e66697a4b52d36eae85de49513bb164064e07ddb4f01677,avaliacao,.joblib,resultado_invalidado,P1,KEEP_HISTORICAL
avaliacao/resultados/selecao-supervisionada-v2/partials/deduplication__hybrid__multilingual_e5_small__linear_svm.joblib,true,30700,c06ff370d7a50070465f1d78821bdcc6cdb8f6e2a5ca9c34668921d249e9275f,avaliacao,.joblib,resultado_invalidado,P1,KEEP_HISTORICAL
avaliacao/resultados/selecao-supervisionada-v2/partials/deduplication__hybrid__multilingual_e5_small__logistic_regression.joblib,true,30859,2bca7a03e70b372578463035badb16f22113ccf4f436d214e2498d83b3e4ea79,avaliacao,.joblib,resultado_invalidado,P1,KEEP_HISTORICAL
avaliacao/resultados/selecao-supervisionada-v2/partials/deduplication__hybrid__multilingual_e5_small__mlp.joblib,true,29338,c20a13e9fcbdd8a0a4388804c8b3871d368f42eb5e39f938d4c489b47eda9ca7,avaliacao,.joblib,resultado_invalidado,P1,KEEP_HISTORICAL
avaliacao/resultados/selecao-supervisionada-v2/partials/deduplication__hybrid__multilingual_e5_small__xgboost.joblib,true,25471,65aae26a03d04a23bd5871e863e27f180ab474559c87fb7b929f769f8ca026f3,avaliacao,.joblib,resultado_invalidado,P1,KEEP_HISTORICAL
avaliacao/resultados/selecao-supervisionada-v2/partials/deduplication__hybrid__multilingual_minilm_l12__decision_tree.joblib,true,9782,3c45b25abf66350a90fc0888739d0eadceb9105f00dc5ca0076d1c068a22f168,avaliacao,.joblib,resultado_invalidado,P1,KEEP_HISTORICAL
avaliacao/resultados/selecao-supervisionada-v2/partials/deduplication__hybrid__multilingual_minilm_l12__linear_svm.joblib,true,30776,c4ffc7238455a6cbb0a9cbb57c2cfc12a12fda9dd5b4ace77c5eefa206514f8c,avaliacao,.joblib,resultado_invalidado,P1,KEEP_HISTORICAL
avaliacao/resultados/selecao-supervisionada-v2/partials/deduplication__hybrid__multilingual_minilm_l12__logistic_regression.joblib,true,30873,b378762c93ed972162d064d1c23e14d90adc3a6fa9d10356c72fe6416da69d8d,avaliacao,.joblib,resultado_invalidado,P1,KEEP_HISTORICAL
avaliacao/resultados/selecao-supervisionada-v2/partials/deduplication__hybrid__multilingual_minilm_l12__mlp.joblib,true,29328,fc02be9d8035a088bf5375457c06861ea8eff8961d4c637f4194a0b8ac4a102c,avaliacao,.joblib,resultado_invalidado,P1,KEEP_HISTORICAL
avaliacao/resultados/selecao-supervisionada-v2/partials/deduplication__hybrid__multilingual_minilm_l12__xgboost.joblib,true,23737,d9029f82edd111af37331d189e8b1d9543e4388629c36255f0dd555e89a24d4b,avaliacao,.joblib,resultado_invalidado,P1,KEEP_HISTORICAL
avaliacao/resultados/selecao-supervisionada-v2/partials/deduplication__hybrid_metadata__granite97m__decision_tree.joblib,true,9973,1248e42c5a3c587fe760a3fd66890da2c087bbd8dd1c1db919bc05ab7e070997,avaliacao,.joblib,resultado_invalidado,P1,KEEP_HISTORICAL
avaliacao/resultados/selecao-supervisionada-v2/partials/deduplication__hybrid_metadata__granite97m__linear_svm.joblib,true,30873,c953d9b700ea5821f0bc8eb3038af947ebcf5d7893a4ee1739244ef65bd852ce,avaliacao,.joblib,resultado_invalidado,P1,KEEP_HISTORICAL
avaliacao/resultados/selecao-supervisionada-v2/partials/deduplication__hybrid_metadata__granite97m__logistic_regression.joblib,true,30928,79e12fbaf325febfdd7f4615986fb88a917ad8bea5e4ab0e89a46c526684ee4d,avaliacao,.joblib,resultado_invalidado,P1,KEEP_HISTORICAL
avaliacao/resultados/selecao-supervisionada-v2/partials/deduplication__hybrid_metadata__granite97m__mlp.joblib,true,29232,d3e3b5c29a70763ef3e44d1ad7201251429ece7eb286ee02292d86c4a45e8e0f,avaliacao,.joblib,resultado_invalidado,P1,KEEP_HISTORICAL
avaliacao/resultados/selecao-supervisionada-v2/partials/deduplication__hybrid_metadata__granite97m__xgboost.joblib,true,24700,1b39559f658a376653e55beef0ebdd001aac9ff49ef7717ab3b01555d56b8ef7,avaliacao,.joblib,resultado_invalidado,P1,KEEP_HISTORICAL
avaliacao/resultados/selecao-supervisionada-v2/partials/deduplication__hybrid_metadata__multilingual_e5_small__decision_tree.joblib,true,9639,9044a29533cd631069c2972ebe83223119d284d94f295538a1cdf1f37524fe67,avaliacao,.joblib,resultado_invalidado,P1,KEEP_HISTORICAL
avaliacao/resultados/selecao-supervisionada-v2/partials/deduplication__hybrid_metadata__multilingual_e5_small__linear_svm.joblib,true,30812,b718018c5343274893bfd53afbf3b104354bdb5e26e4150c713d391ff8c3adf7,avaliacao,.joblib,resultado_invalidado,P1,KEEP_HISTORICAL
avaliacao/resultados/selecao-supervisionada-v2/partials/deduplication__hybrid_metadata__multilingual_e5_small__logistic_regression.joblib,true,30975,0571627a5b0069c15bc89fea02d25b349ab9cd8fe685d763d327642c281a9d93,avaliacao,.joblib,resultado_invalidado,P1,KEEP_HISTORICAL
avaliacao/resultados/selecao-supervisionada-v2/partials/deduplication__hybrid_metadata__multilingual_e5_small__mlp.joblib,true,29328,adc4a90ef848d545287b21790198856d039f4c525ac66fe27734647fe75d7644,avaliacao,.joblib,resultado_invalidado,P1,KEEP_HISTORICAL
avaliacao/resultados/selecao-supervisionada-v2/partials/deduplication__hybrid_metadata__multilingual_e5_small__xgboost.joblib,true,25434,c4823d0dd213b0a7efcf8152de3cdec86d64d961ab83fe6a499651b597830ae1,avaliacao,.joblib,resultado_invalidado,P1,KEEP_HISTORICAL
avaliacao/resultados/selecao-supervisionada-v2/partials/deduplication__hybrid_metadata__multilingual_minilm_l12__decision_tree.joblib,true,9841,2c7dafee21ab5c4defa2a86ae50184ddd118f33d97dd31fb7dfc1191cf3d11af,avaliacao,.joblib,resultado_invalidado,P1,KEEP_HISTORICAL
avaliacao/resultados/selecao-supervisionada-v2/partials/deduplication__hybrid_metadata__multilingual_minilm_l12__linear_svm.joblib,true,30891,3de52b2e2509f9f2aeac827a5194ebc9736354f043557868798146dd7daffa4e,avaliacao,.joblib,resultado_invalidado,P1,KEEP_HISTORICAL
avaliacao/resultados/selecao-supervisionada-v2/partials/deduplication__hybrid_metadata__multilingual_minilm_l12__logistic_regression.joblib,true,30947,09554d547fd64b35b2d89f7144f89b273cb899b271327e874119b51970ff5c91,avaliacao,.joblib,resultado_invalidado,P1,KEEP_HISTORICAL
avaliacao/resultados/selecao-supervisionada-v2/partials/deduplication__hybrid_metadata__multilingual_minilm_l12__mlp.joblib,true,29264,2350a511ed74559ffc86558cdad6086b70d42f709fd79007be953cc2305d82c4,avaliacao,.joblib,resultado_invalidado,P1,KEEP_HISTORICAL
avaliacao/resultados/selecao-supervisionada-v2/partials/deduplication__hybrid_metadata__multilingual_minilm_l12__xgboost.joblib,true,23650,03686e2ee2655bdf8b904228577085562a4886d6e57e86283c8330c01a7d1d85,avaliacao,.joblib,resultado_invalidado,P1,KEEP_HISTORICAL
avaliacao/resultados/selecao-supervisionada-v2/partials/deduplication__metadata__none__decision_tree.joblib,true,10642,ab350ef93a9bb1940c05f57a7be970e4b083ee7a788831b9272e2d58637a5895,avaliacao,.joblib,resultado_invalidado,P1,KEEP_HISTORICAL
avaliacao/resultados/selecao-supervisionada-v2/partials/deduplication__metadata__none__linear_svm.joblib,true,20667,566c910376ae5805fb841dd16f04e6ca1e1a9b3e4f214a2fc67fcbf2d58ebb48,avaliacao,.joblib,resultado_invalidado,P1,KEEP_HISTORICAL
avaliacao/resultados/selecao-supervisionada-v2/partials/deduplication__metadata__none__logistic_regression.joblib,true,20570,072c5d8de2b600919cfb1b45b77b7c287b3ab3b7f04966b365be6d8c35d3310e,avaliacao,.joblib,resultado_invalidado,P1,KEEP_HISTORICAL
avaliacao/resultados/selecao-supervisionada-v2/partials/deduplication__metadata__none__mlp.joblib,true,20728,5ac609c245d4f84bce5c25d0b2b3e0b99bcd2b49298d478833749cb51eb3647e,avaliacao,.joblib,resultado_invalidado,P1,KEEP_HISTORICAL
avaliacao/resultados/selecao-supervisionada-v2/partials/deduplication__metadata__none__xgboost.joblib,true,20626,d2a5d26b67b7528ba0235a608bc8d40a775798674354fae0c6a446279f12bf2d,avaliacao,.joblib,resultado_invalidado,P1,KEEP_HISTORICAL
avaliacao/resultados/selecao-supervisionada-v2/partials/deduplication__tfidf__none__decision_tree.joblib,true,9673,d34f6a7ba9e8441ab348365f6d4eac789004dd90e5bb7cdf62fcec3b9ea40dca,avaliacao,.joblib,resultado_invalidado,P1,KEEP_HISTORICAL
avaliacao/resultados/selecao-supervisionada-v2/partials/deduplication__tfidf__none__linear_svm.joblib,true,30736,bef39603186995e028fba25df5e627e1f40822f649650e2a38eadda42fcee909,avaliacao,.joblib,resultado_invalidado,P1,KEEP_HISTORICAL
avaliacao/resultados/selecao-supervisionada-v2/partials/deduplication__tfidf__none__logistic_regression.joblib,true,30913,cc05778fd920fd3b50e8d58dfdfd29a5f48dcd7303a15a4d2e37331e16fd47fa,avaliacao,.joblib,resultado_invalidado,P1,KEEP_HISTORICAL
avaliacao/resultados/selecao-supervisionada-v2/partials/deduplication__tfidf__none__mlp.joblib,true,29418,7e38e369e1c03bf2706eeb5151af9e2b71e9bce03360fc6c1256b2675d46d41f,avaliacao,.joblib,resultado_invalidado,P1,KEEP_HISTORICAL
avaliacao/resultados/selecao-supervisionada-v2/partials/deduplication__tfidf__none__xgboost.joblib,true,20487,bac5625da83ef97b09805ec0d870c4f6e7bf9503c3640a9f99e2e1ba031c4092,avaliacao,.joblib,resultado_invalidado,P1,KEEP_HISTORICAL
avaliacao/resultados/selecao-supervisionada-v2/predicoes_oof.csv,true,29099809,1d9cf8daf8309dde65af080a1626e80d4e6f690d0170521ed10a9243d9c8c487,avaliacao,.csv,resultado_invalidado,P1,KEEP_HISTORICAL
avaliacao/resultados/selecao-supervisionada-v2/protocolo_congelado.json,true,15198,e7c1a84bbbedb5429597657591ec40acaea8a469f2d269d508eaa4619396bd27,avaliacao,.json,resultado_invalidado,P1,KEEP_HISTORICAL
avaliacao/resultados/selecao-supervisionada-v2/ranking.csv,true,65328,6f7ef554cbe92d13585ff8be7fa933255fe8b56e765a6cea3ca0655e0e801b52,avaliacao,.csv,resultado_invalidado,P1,KEEP_HISTORICAL
avaliacao/resultados/selecao-supervisionada-v2/recuperacao.json,true,601396,0d903a362934bae919d9d3b9c2ca96471838a6ef7e710e42145736d98b564540,avaliacao,.json,resultado_invalidado,P1,KEEP_HISTORICAL
avaliacao/resultados/selecao-supervisionada-v2/recuperacao_detalhes.csv,true,176227,f8258ae633fa15fb73989f8d0c3a77741e78955ec7ce2e051f2c523061c32041,avaliacao,.csv,resultado_invalidado,P1,KEEP_HISTORICAL
avaliacao/resultados/selecao-supervisionada-v2/recuperacao_resumo.csv,true,455,9f47d9dcb04472e6ef45fdc441ca415c1f15ce64c28f3cad69a1cb57ad2bb280,avaliacao,.csv,resultado_invalidado,P1,KEEP_HISTORICAL
avaliacao/resultados/selecao-supervisionada-v2/resultados.json,true,2469734,ace9c071fbc8cf2ffc137c95448563b36e02f7fc5c45dcf341de23eeaaa786f9,avaliacao,.json,resultado_invalidado,P1,KEEP_HISTORICAL
avaliacao/resultados/selecao-supervisionada-v2/resultados_parciais.csv,true,55549,c64f3b64cd5cf205554015ad4dd70897f18ea9f4493a586745def00fef59730a,avaliacao,.csv,resultado_invalidado,P1,KEEP_HISTORICAL
avaliacao/resultados/selecao-supervisionada-v2/resultados_resumo.csv,true,55549,c64f3b64cd5cf205554015ad4dd70897f18ea9f4493a586745def00fef59730a,avaliacao,.csv,resultado_invalidado,P1,KEEP_HISTORICAL
avaliacao/resultados/selecao-supervisionada-v2/validacao_resultados.json,true,1299,3e1842dd5d824464888e8387101b07911bee3313156e259322410ae328f4ea7e,avaliacao,.json,resultado_invalidado,P1,KEEP_HISTORICAL
avaliacao/resultados/selecao-supervisionada-v2/xai.json,true,133361,523d590cc5d44632f20bea6ac194edcec9a3e6f7a0e0db083da8482b025c89ab,avaliacao,.json,resultado_invalidado,P1,KEEP_HISTORICAL
avaliacao/resultados/selecao-supervisionada-v2/xai_familias.csv,true,743,ac8281747dc73c8f5e04c1b628463a3e70c70ceb397996561e21d0f3f7c96ae6,avaliacao,.csv,resultado_invalidado,P1,KEEP_HISTORICAL
avaliacao/resultados/smoke-runtime-env-20260721-r1/CALQ-20260721T193634-Q1-R1.json,true,2153,4fd83eddd74d12a4eeeae89f95ee2a443eb143b74d19e14a7552621b35c029e5,avaliacao,.json,resultado_historico,P2,REVIEW_RETENTION
avaliacao/resultados/smoke-runtime-env-20260721-r1/CALQ-20260721T194004-Q1-R2.json,true,2179,9f668634e69aae36ac491138c3d515eda526994ec135e99bb5d1f75e38597a5d,avaliacao,.json,resultado_historico,P2,REVIEW_RETENTION
avaliacao/resultados/smoke-runtime-env-20260721-r1/CALQ-20260721T194408-Q1-R3.json,true,2162,709c15e12387d7957790f57e92779d0bfcb477a09ee1827ac1dda7f73dd5267c,avaliacao,.json,resultado_historico,P2,REVIEW_RETENTION
avaliacao/resultados/smoke-runtime-env-20260721-r1/INVALIDADO.md,true,1126,0677a50fbf482cfd58178f60100f4e70f8f4ed93a815c981dc62c1be26800e9e,avaliacao,.md,resultado_historico,P2,REVIEW_RETENTION
avaliacao/resultados/smoke-runtime-env-20260721-r1/calibracao_aprovada.json,true,9279,92e9e5c4dd2a1bd33cf61ae3988ef0e80eb0c5c8727122d31cdc57a6c370bb01,avaliacao,.json,resultado_historico,P2,REVIEW_RETENTION
avaliacao/resultados/smoke-runtime-env-20260721-r1/relatorio.md,true,3593,1b9d8a36094f4123667d045ffc4652a8e9472bcb6b3e2460455f2d54774574a0,avaliacao,.md,resultado_historico,P2,REVIEW_RETENTION
avaliacao/resultados/static-validation-v1.7.0-20260716.txt,true,46587,28ffbf32730c2119522c36a10f57d80951a3e10bfeffe0444f8e6a8cede85b74,avaliacao,.txt,resultado_historico,P2,REVIEW_RETENTION
avaliacao/resultados/static-validation-v1.8.0-20260716.txt,true,46587,99ee8d7f139094c98163b1b107d8df989f01eb61b9f15f9402848c315bf63b9c,avaliacao,.txt,resultado_historico,P2,REVIEW_RETENTION
avaliacao/resultados/treino-local-pytorch-fp32-v1.5.0-20260716/local_hybrid_bundle.joblib,true,306090,e51f4fc412fad856df4cd620bde5bcf51617e43580a5d380ec269b9cbff2c137,avaliacao,.joblib,resultado_historico,P2,REVIEW_RETENTION
avaliacao/resultados/treino-local-pytorch-fp32-v1.5.0-20260716/local_hybrid_manifest.json,true,1843324,8be0c97b5dea4c3acc448f73f91ddc2b0311bb9cbef2742678c8fa7408e847d6,avaliacao,.json,resultado_historico,P2,REVIEW_RETENTION
avaliacao/resultados/treino-local-pytorch-fp32-v1.6.0-20260716/local_hybrid_bundle.joblib,true,306086,ac40fcb8c74bf911dfd0b20713eaba6b15b8ef33dba6deebcc9caa0ff6b2fb29,avaliacao,.joblib,resultado_historico,P2,REVIEW_RETENTION
avaliacao/resultados/treino-local-pytorch-fp32-v1.6.0-20260716/local_hybrid_manifest.json,true,1843324,d579b1f1a9aec98e5c9cec16ba02d16400e4b44456fcedd9ea3a85192ce82cb7,avaliacao,.json,resultado_historico,P2,REVIEW_RETENTION
avaliacao/resultados/treino-local-pytorch-fp32-v1.7.0-20260716/local_hybrid_bundle.joblib,true,306087,8f6c1d10be62f261c9143e25c01f66ddafb392a095ba63b1badca82fb823ab8c,avaliacao,.joblib,resultado_historico,P2,REVIEW_RETENTION
avaliacao/resultados/treino-local-pytorch-fp32-v1.7.0-20260716/local_hybrid_manifest.json,true,1843324,98ebdf986166864ac8bfb8762bf6145467f88883f73b331ca812a7b00ed794d0,avaliacao,.json,resultado_historico,P2,REVIEW_RETENTION
avaliacao/resultados/treino-local-pytorch-fp32-v1.8.0-20260716/local_hybrid_bundle.joblib,true,306224,f518b7f9699aa9e23aab7eb2479990619ad5085994569b3f7c3f253e5207bb5d,avaliacao,.joblib,resultado_historico,P2,REVIEW_RETENTION
avaliacao/resultados/treino-local-pytorch-fp32-v1.8.0-20260716/local_hybrid_manifest.json,true,1843720,3e818b5513bdaa4b7f037f2d4ada743d9b47ade1e882e8d90ae216d0b215eb25,avaliacao,.json,resultado_historico,P2,REVIEW_RETENTION
avaliacao/resultados/validacao-links-fiscais-v1.8.0-20260716.md,true,1092,c0bf527402d50fb713b459eef1c4b361dc9d7df22c820d3dad3b41d99faa080d,avaliacao,.md,resultado_historico,P2,REVIEW_RETENTION
avaliacao/resultados/validacao-posts-e2e-20260722t040208z/RELATORIO.md,true,511,57376b46c48b36725dac22dbd74fb1383d17cf2c5ae2ee2176316f1fc52d6845,avaliacao,.md,resultado_historico,P2,REVIEW_RETENTION
avaliacao/resultados/validacao-posts-e2e-20260722t040208z/resultado.json,true,599,19ba3e1762f909fe08860b598a22c1073ad8129b6cb11c4aa8be1bc0155fd59f,avaliacao,.json,resultado_historico,P2,REVIEW_RETENTION
avaliacao/resultados/validacao-posts-e2e-20260722t040402z/RELATORIO.md,true,389,49d347de7c0188d6acd7f3445d7a713f4e54dddde2ef36bad4471842b263caeb,avaliacao,.md,resultado_historico,P2,REVIEW_RETENTION
avaliacao/resultados/validacao-posts-e2e-20260722t040402z/resultado.json,true,475,21e41660a35beae365e1c1c2c72242ed49e75c8163c6f7328ee4553d707dad1b,avaliacao,.json,resultado_historico,P2,REVIEW_RETENTION
avaliacao/resultados/validacao-posts-e2e-20260722t040445z/RELATORIO.md,true,622,47a62162b6a94ef35f9987ce81db8e0fadf45bdad749913ded315c3751413209,avaliacao,.md,resultado_historico,P2,REVIEW_RETENTION
avaliacao/resultados/validacao-posts-e2e-20260722t040445z/resultado.json,true,4903,4168d3506042cbcb79be8f55f3ce37fe4d87e3ad852e8e3fed58e3b530ac566a,avaliacao,.json,resultado_historico,P2,REVIEW_RETENTION
avaliacao/resultados/validacao-posts-e2e-20260722t040652z/RELATORIO.md,true,753,11b302080df7daaaedecc2a9b05f886fc41b855fcdad8108531548b312aeea58,avaliacao,.md,resultado_historico,P2,REVIEW_RETENTION
avaliacao/resultados/validacao-posts-e2e-20260722t040652z/RELATORIO_CONSOLIDADO.md,true,3277,670fb9d604fd36a9f67bb8ab004c8135d224646fd8a004683af840d7e04c37c6,avaliacao,.md,resultado_historico,P2,REVIEW_RETENTION
avaliacao/resultados/validacao-posts-e2e-20260722t040652z/resultado.json,true,4902,1841d7555bc46f144942297e5ab332c3cc2cd70ae37df2ba01aaa78900cb7ba7,avaliacao,.json,resultado_historico,P2,REVIEW_RETENTION
avaliacao/resultados/validacao-posts-e2e-20260722t040652z/tentativas_consolidadas.json,true,2793,0e58330f906d8e94b07a8b0fbe80483768a8e69fb19453f565b7f5c099979b63,avaliacao,.json,resultado_historico,P2,REVIEW_RETENTION
avaliacao/resultados/validacao-posts-e2e-20260818t001859z/RELATORIO.md,true,622,780eeb77cb5463b827657279e42f0bb170d13859cb50c63810f5deda41694e59,avaliacao,.md,resultado_historico,P2,REVIEW_RETENTION
avaliacao/resultados/validacao-posts-e2e-20260818t001859z/resultado.json,true,5505,d8fac2ca9b7327989bd1f60046cd9c42b6f074c971eeb0ecd1d67bf70408f1cb,avaliacao,.json,resultado_historico,P2,REVIEW_RETENTION
avaliacao/resultados/validacao-posts-e2e-20260818t002706z/RELATORIO.md,true,666,cce9d11a26f59df6c098c37d2713e72ad30f19b42b9a3335c56c5dcbab0c7c9f,avaliacao,.md,resultado_historico,P2,REVIEW_RETENTION
avaliacao/resultados/validacao-posts-e2e-20260818t002706z/resultado.json,true,6225,c7f121b8cafbf8e832baae4008090ba41be30964f725646ebd8b9c1baf8763f3,avaliacao,.json,resultado_historico,P2,REVIEW_RETENTION
avaliacao/resultados/validacao-posts-e2e-20260818t002942z/RELATORIO.md,true,662,90fcf0b0f5a1d53998d537a526eb5fb492281d190f92fce0c1ecd6907292e922,avaliacao,.md,resultado_historico,P2,REVIEW_RETENTION
avaliacao/resultados/validacao-posts-e2e-20260818t002942z/resultado.json,true,6107,ae0db0574bd0f429cd9d60cb5b1b24b4ab6fcf0871803d1bb07eb878e0ae30d8,avaliacao,.json,resultado_historico,P2,REVIEW_RETENTION
avaliacao/resultados/validacao-posts-e2e-20260818t004035z/RELATORIO.md,true,961,c77df66c73b9526dd474deb290a7c90fc1c6c8995237b90a7f08a363c4e81204,avaliacao,.md,resultado_historico,P2,REVIEW_RETENTION
avaliacao/resultados/validacao-posts-e2e-20260818t004035z/resultado.json,true,13162,d102ffcc1fb261daf0dadab727e8d722634fabd64becb59614196b1a3d96bc05,avaliacao,.json,resultado_historico,P2,REVIEW_RETENTION
avaliacao/resultados/validacao-posts-e2e-20260818t004129z/RELATORIO.md,true,957,568b2e1071b61650b188c7b71abf7f696559d0b97d6d97ee7c6260794e28531f,avaliacao,.md,resultado_historico,P2,REVIEW_RETENTION
avaliacao/resultados/validacao-posts-e2e-20260818t004129z/resultado.json,true,13050,9a143c79ddbbf5e8d9fbb0899c06d9bb6906d73015aff62179c4205fc5337859,avaliacao,.json,resultado_historico,P2,REVIEW_RETENTION
avaliacao/resultados/validacao-posts-e2e-20260818t004902z/RELATORIO.md,true,961,450fce6f182e2ece36dd7ff19cc019aa61406bbc3e89f0123ffd460a7e41fe8b,avaliacao,.md,resultado_historico,P2,REVIEW_RETENTION
avaliacao/resultados/validacao-posts-e2e-20260818t004902z/resultado.json,true,14644,b1114b7ec70c1a9d71d9c15a0189ba6cfed50ee7cb1fddded96ee5e2204122db,avaliacao,.json,resultado_historico,P2,REVIEW_RETENTION
avaliacao/resultados/validacao-posts-e2e-20260818t004922z/RELATORIO.md,true,957,8cbdd8d339facaea94d5cfb2b6507c6ed78a8c5f1341d1086ffcb938a23f04e7,avaliacao,.md,resultado_historico,P2,REVIEW_RETENTION
avaliacao/resultados/validacao-posts-e2e-20260818t004922z/resultado.json,true,14538,99be76c0ec3a1bdddb76ac82640492a7920ec412c06daac333193df9f36af44a,avaliacao,.json,resultado_historico,P2,REVIEW_RETENTION
avaliacao/resultados/validacao-v9-static-20260812.log,true,54502,2cfbe768d2c48260dc27a8dbd23b96addf1001084393661c14a23c3edb5b85aa,avaliacao,.log,resultado_historico,P2,REVIEW_RETENTION
avaliacao/schemas/LEIA-ME.txt,true,987,3b38698b092718054e4857280ff528ab5e4d811774009a4222b45b3d6bc60b03,avaliacao,.txt,documentacao_historica_ou_auxiliar,P2,KEEP_HISTORICAL
avaliacao/schemas/classificacao_v9.1.schema.json,true,1485,15909927a3668fc3a2e210d8bdb6f91fd1d44aefa17f8e40420b03000a10bfbf,avaliacao,.json,artefato_ou_evidencia,P2,REVIEW_RETENTION
avaliacao/schemas/deduplicacao_v9.1.schema.json,true,1199,b7f457d3fd21810825215e4d98c60b9b96c372e6cb3aee09a481b816d7e162a0,avaliacao,.json,artefato_ou_evidencia,P2,REVIEW_RETENTION
avaliacao/scripts/LEIA-ME.txt,true,5917,88625fc0c494d23bec8fea1ee13c50f8a9cb05af04ad7c7e9f2596f1a6b348c8,avaliacao,.txt,documentacao_historica_ou_auxiliar,P2,KEEP_HISTORICAL
avaliacao/scripts/auditar_suficiencia_amostral.py,true,12255,67aea37aad610d38914370b7d9ffea9e2cec15caa58707d217d0a2c13b5b63a7,avaliacao,.py,codigo_configuracao,P1,KEEP_CODE
avaliacao/scripts/benchmark_pareado_local_gemini.py,true,144011,9b702b045e29588d13dd4d4435e2e05e9441f5958295e03daaf9098f508c2b8b,avaliacao,.py,codigo_configuracao,P1,KEEP_CODE
avaliacao/scripts/calibrar_limiar.py,true,12649,3d786f9fb05293742bbc2e73a3ca5382404339c44b22ed552222a2b839af941f,avaliacao,.py,codigo_configuracao,P1,KEEP_CODE
avaliacao/scripts/calibrar_vazao.py,true,91057,211aeb9c263f10efa94626a0b51f671d0a9abe5a4203db0c8bb27c68acf32960,avaliacao,.py,codigo_configuracao,P1,KEEP_CODE
avaliacao/scripts/comparar_baselines.py,true,18821,a1d0bc53c9582e11aba38ae43c537720dac6e664fb257a683de1de34d1b300e5,avaliacao,.py,codigo_configuracao,P1,KEEP_CODE
avaliacao/scripts/comparar_candidatos_locais.py,true,23127,424d1740f1f6f0f9163bd655db4f18cdf27abc3fd541dd7d5c43c2b4794ceb87,avaliacao,.py,codigo_configuracao,P1,KEEP_CODE
avaliacao/scripts/comparar_versoes_locais.py,true,47419,7be026889b14a63e6a2033b43be41aeb285ed96009b6d192b2a7b4c4d985676c,avaliacao,.py,codigo_configuracao,P1,KEEP_CODE
avaliacao/scripts/conferir_gabarito.py,true,59344,c59ca79c214f2462a1e9bb3fc75d747a8f5945efb55b2a8db9fa7d9033642654,avaliacao,.py,codigo_configuracao,P1,KEEP_CODE
avaliacao/scripts/consolidar_classificacao_hierarquica.py,true,34798,c0e6c884117917158cec5d2d0833fed0e8a13e0593b60a21ca976cd4958a7865,avaliacao,.py,codigo_configuracao,P1,KEEP_CODE
avaliacao/scripts/estatistica.py,true,9513,147bdb60684109ba2218e4f0e924ba3e59ed79ab8fde57f33d1358013f65d604,avaliacao,.py,codigo_configuracao,P1,KEEP_CODE
avaliacao/scripts/executar_avaliacao.py,true,18412,d261b63e1905d7a6f252c0e71365d00842d51a8f7e8af25ea8fcc6fed303a209,avaliacao,.py,codigo_configuracao,P1,KEEP_CODE
avaliacao/scripts/executar_demo_off.py,true,4251,f62f9a29696b3cd2d7586cbd1e8f8c9f0b164fececb0f6d49a78411915ac241e,avaliacao,.py,codigo_configuracao,P1,KEEP_CODE
avaliacao/scripts/executar_selecao_modelos.ps1,true,3728,a447ec250cdef28c5659b61d474f655215eaf1bba65c402fd5f0f35730155866,avaliacao,.ps1,codigo_configuracao,P1,KEEP_CODE
avaliacao/scripts/gerar_corpus_desenvolvimento_local.py,true,62358,5b9451380c6b8546fd990502a5e29a2a90f5b79c1edb1c079b2f11d6a630530d,avaliacao,.py,codigo_configuracao,P1,KEEP_CODE
avaliacao/scripts/gerar_corpus_desenvolvimento_local_v2.py,true,106709,2b502bc3818cbc08ea733016a095425fc182af820f09cedd8cb52f7298f5e5c4,avaliacao,.py,codigo_configuracao,P1,KEEP_CODE
avaliacao/scripts/gerar_dataset_avaliacao.py,true,82498,287b2bd28df9bf06d281648d0405d1e50c52d7b5eaeda76077ee07ab7a8f921c,avaliacao,.py,codigo_configuracao,P1,KEEP_CODE
avaliacao/scripts/gerar_diagnostico_acertos_ia.py,true,8168,d25b3421efc0007d66dfaba5b17873426db779f1109fb904cd20a178e6cb360b,avaliacao,.py,codigo_configuracao,P1,KEEP_CODE
avaliacao/scripts/gerar_diagnostico_operacional.py,true,13035,35daac175749a67c81dc6321b65526dc98791a9f267be69767007de23ce0de2e,avaliacao,.py,codigo_configuracao,P1,KEEP_CODE
avaliacao/scripts/gerar_planilha_resultados.py,true,69276,5c1748b90d9efa772e152b770d1cc61400956f6b0a029614b0fe76540298eb04,avaliacao,.py,codigo_configuracao,P1,KEEP_CODE
avaliacao/scripts/gerenciar_confirmatorio.py,false,5639,486d43f6fce7db4171b68cc4f30dbf92c28e7fa440b738ad66e0cca58587917c,avaliacao,.py,codigo_configuracao,P1,KEEP_CODE
avaliacao/scripts/isolamento_experimentos.py,true,2488,dd2b5940ea7ab4cc9928f6c4961d9c3ce2e10bcf8b7a66315ef2f7c6b66fe071,avaliacao,.py,codigo_configuracao,P1,KEEP_CODE
avaliacao/scripts/materializar_candidato_selecao.py,true,28813,9de7f8eb7e684f601eb933e6609ec9a668f37eadcdf8618d539212ec34b2e9c1,avaliacao,.py,codigo_configuracao,P1,KEEP_CODE
avaliacao/scripts/planejar_amostra.py,true,3937,bbc4705aa99d6f50b6eb0fa2a59fe233d2c5eac2f8fd421450f8f4809e136154,avaliacao,.py,codigo_configuracao,P1,KEEP_CODE
avaliacao/scripts/project_env.py,true,2302,ea30040a152a044c6d44d16f34928834abc904460ebb984d1acf20d8b106fde4,avaliacao,.py,codigo_configuracao,P1,KEEP_CODE
avaliacao/scripts/selecionar_modelos_supervisionados.py,true,178980,3c7447a591b8cf62c5dcb2bebd097b01907af65d579255513ca13cd5b6a53944,avaliacao,.py,codigo_configuracao,P1,KEEP_CODE
avaliacao/scripts/sincronizar_manifesto.py,true,7436,1a193f8895c027bae061f87a3be22c9423b69de3d92a291ec23e65b638c1edc9,avaliacao,.py,codigo_configuracao,P1,KEEP_CODE
avaliacao/scripts/testar_interfaces_web.py,true,12729,a0bc2e4338e67d02ca6fbdfbc19d9163d279a6141c9902387257524dba593e8c,avaliacao,.py,codigo_configuracao,P1,KEEP_CODE
avaliacao/scripts/treinar_modelo_local.py,true,97701,73bc75ff565c7b40c2190b4fed18f8507d8ab8e32110699d037946bc87fbc5f7,avaliacao,.py,codigo_configuracao,P1,KEEP_CODE
avaliacao/scripts/validar_consistencia_cientifica_docs.py,true,3296,e68484ca1ffdb8a1de0295f2f1b1964b617f525042044ab4b62b3c4dca713295,avaliacao,.py,codigo_configuracao,P1,KEEP_CODE
avaliacao/scripts/validar_dataset.py,true,6745,ff5fe1268b735fe2f25d8890c25f9fe50fe976dc22aeea511752910b99b1ad22,avaliacao,.py,codigo_configuracao,P1,KEEP_CODE
avaliacao/scripts/validar_pipeline_fila_e2e.py,true,49019,5c9ae4b7d61a51c857a0a055cfa3a7e68af9a96ce644de879c015ae686903f74,avaliacao,.py,codigo_configuracao,P1,KEEP_CODE
avaliacao/scripts/validar_resultados_selecao.py,true,96237,d7fe7565c5ce326a17484628847a811f45d82d8769ac96421f4a17ec213e1267,avaliacao,.py,codigo_configuracao,P1,KEEP_CODE
avaliacao/scripts/validar_rotulos_especialistas.py,true,12816,93cd1e883a862ec02abb64e43859f3bab80a0d47f299fd9be0ab977aa6616106,avaliacao,.py,codigo_configuracao,P1,KEEP_CODE
avaliacao/scripts/validar_viabilidade_protocolo_selecao.py,false,7853,c9921c11e8fea50d55e6f2664dabbbed9892a3909e3f0507c7a2016f70d00bf4,avaliacao,.py,codigo_configuracao,P1,KEEP_CODE
avaliacao/scripts/validar_webhooks_confirmacao_e2e.py,true,52563,f960abecf5e079e2242bf25e8966f2fa2f6d68b7075ec7750145c1c09f78a196,avaliacao,.py,codigo_configuracao,P1,KEEP_CODE
avaliacao/sql/LEIA-ME.txt,true,411,c220602a0d84b06e66bc1644c1d841408f4b9c4070228a72b215ad18ee278a2b,avaliacao,.txt,documentacao_historica_ou_auxiliar,P2,KEEP_HISTORICAL
avaliacao/sql/consultas_metricas_avaliacao.sql,true,3605,9afa98503a2871c1f603a7a4286240147dbe67fdab12fc365249cc69b7bfad1a,avaliacao,.sql,codigo_configuracao,P1,KEEP_CODE
avaliacao/sql/registrar_avaliacoes_do_dataset.sql,true,2155,dd7d03a1b9294f6ca0cc6a756f88dde705b504829b0433448e0e531c68df30ce,avaliacao,.sql,codigo_configuracao,P1,KEEP_CODE
avaliacao/tests/test_benchmark_pareado_local_gemini.py,true,72519,7dc1b5aaec11737b36cc8c43609eaa64d273afd32ece36355d118420316c51e3,avaliacao,.py,teste,P1,KEEP_CODE
avaliacao/tests/test_calibracao_vazao.py,true,37362,9ac8a217570e40f5848bc16b483338667e55ac240d6779dd7f47881349513eb9,avaliacao,.py,teste,P1,KEEP_CODE
avaliacao/tests/test_comparar_versoes_locais.py,true,8407,5e6cb3c65c3cc1d7b665fa316bbaa36aaa1957db4a82a5d396744cccd8cccf51,avaliacao,.py,teste,P1,KEEP_CODE
avaliacao/tests/test_consolidar_classificacao_hierarquica.py,true,3421,a0f4fda6effa3a837ab40969f793ec9e29933c97e1ecbe3c7a02d29e768aa561,avaliacao,.py,teste,P1,KEEP_CODE
avaliacao/tests/test_corpus_desenvolvimento_local.py,true,8753,132ab6edd6d75a102f79cc205de28ffaf0010ba70f5c6d65ab7e3a25a5771c0a,avaliacao,.py,teste,P1,KEEP_CODE
avaliacao/tests/test_correcao_cientifica.py,true,11784,8660d06df557b4c7a85e46814a09dd102e2fa2a0a9b3fc1877ad2f7ef55b9b9b,avaliacao,.py,teste,P1,KEEP_CODE
avaliacao/tests/test_deploy_e_segredos.py,true,7733,0480d6ae993004a3ce415130bf14704c06c3bbf9472a9cee68a612a8fa4156f5,avaliacao,.py,teste,P1,KEEP_CODE
avaliacao/tests/test_deploy_workflow_selection.py,true,2178,d60b3e2ebe200b26c9b7422ce76d7bd99d0698d4fa8dcd920969a868d61a0f36,avaliacao,.py,teste,P1,KEEP_CODE
avaliacao/tests/test_gateway_multimodelo.py,true,42013,dd6f96c039e8c56f8a96a0289a809258b3fb5975a527efa8cb63fc6eca83b269,avaliacao,.py,teste,P1,KEEP_CODE
avaliacao/tests/test_gerar_planilha_resultados.py,true,3476,12eba8f5eccdbe822b41bcac502c48a2c45da627977b97cfbcd894a77a1cebc7,avaliacao,.py,teste,P1,KEEP_CODE
avaliacao/tests/test_isolamento_experimentos.py,true,2369,831a237ae1b78f9cebff1e8919861d30112a3a61f8e33bcf43aa980a4efdb3ee,avaliacao,.py,teste,P1,KEEP_CODE
avaliacao/tests/test_manifesto_modelo_prompts.py,true,990,f82c5b934f7cad5d3a841dd2bd5643c81cf1a375abb22597fa4b87dfb332e11b,avaliacao,.py,teste,P1,KEEP_CODE
avaliacao/tests/test_materializar_candidato_selecao.py,true,5326,f56ecb22bd4d20ddf39bc9840b2f688ec369035ecf62418a6b87c3b7eab9ecff,avaliacao,.py,teste,P1,KEEP_CODE
avaliacao/tests/test_oraculo_deterministico.py,true,13764,8805e226df54447543dc63b58331873283d90a0fe2ee69a403d384812829f240,avaliacao,.py,teste,P1,KEEP_CODE
avaliacao/tests/test_piloto_sombra.py,false,12120,17273148bfed2bdb14c60038f52ba938c731dc421e3c9221757c1bdce0feb0e5,avaliacao,.py,teste,P1,KEEP_CODE
avaliacao/tests/test_pipeline_confirmatorio.py,false,16445,4fdb4fe2b9e991ec222a54e958403e2249332ddf24f8cd0af2a8696a955f4527,avaliacao,.py,teste,P1,KEEP_CODE
avaliacao/tests/test_runtime_integration_live.py,true,3593,56b67800c14d16f0e26fce8f37ed408e6139a685a39c9a2db6159eca6d44bbd2,avaliacao,.py,teste,P1,KEEP_CODE
avaliacao/tests/test_selecao_modelos_supervisionados.py,true,32360,4e8f2e05f3dca46ff8d9d4cdc3e9504f02defef75dc036461c3dcb3006318861,avaliacao,.py,teste,P1,KEEP_CODE
avaliacao/tests/test_validacao_automatizada.py,true,16964,ee3518adc25df52d22503b85467c69b04495dd6bd4c413645db6782ad90924fe,avaliacao,.py,teste,P1,KEEP_CODE
avaliacao/tests/test_validar_pipeline_fila_e2e.py,true,18074,6f9a97af58fffbe44f238fbbbc9ac3e90d7399e7de93e89a282865408ba5a29a,avaliacao,.py,teste,P1,KEEP_CODE
avaliacao/tests/test_validar_resultados_selecao_hardening.py,true,16893,511f83fe2ceaee4091ea365434df5537441fe67013ae8cbec9420af6da114196,avaliacao,.py,teste,P1,KEEP_CODE
avaliacao/tests/test_validar_webhooks_confirmacao_e2e.py,true,8215,fb5305884e9d13d4bf3c88355e68435c61ebc0647b5f327b44a719408afa0ea7,avaliacao,.py,teste,P1,KEEP_CODE
database/LEIA-ME.txt,true,329,a6c6aea31482e05715bb4b8d27a4134010bd6dad0c3aad6bef20f7972d99cd84,database,.txt,documentacao_historica_ou_auxiliar,P2,KEEP_HISTORICAL
database/init_v9.sql,true,64287,20e4563ffc36ac7efad8272742d0ce46b9cde7f81081772b0c6d36bae649acc0,database,.sql,codigo_configuracao,P1,KEEP_CODE
docs/DocumentaçãoInicialProjeto.txt,true,21540,8c8a3cc8382a88386fb88b7897ed3f932d4ed833edcb3bf060c86ea675852f6a,docs,.txt,documentacao_historica_ou_auxiliar,P2,KEEP_HISTORICAL
docs/MelhoriasParte2.md,true,3899,39204e57b188bb9eafe18cfc79152afd72240a05857deaa9539196a6b78f5d0b,docs,.md,documentacao_historica_ou_auxiliar,P2,KEEP_HISTORICAL
docs/Modificações.txt,true,23089,1e75852624157ab277e115bb807eaf76697f389c5c67bac9623a80b23dcce28b,docs,.txt,documentacao_historica_ou_auxiliar,P2,KEEP_HISTORICAL
docs/Resultados_Benchmark.csv,true,1127,455522049d8b66e5007e0396c1d0736ade6944905522241eb49e91eef8fb7c5a,docs,.csv,artefato_ou_evidencia,P2,REVIEW_RETENTION
docs/Resultados_Consolidados_Benchmark.md,true,2513,d391ab91090a9d21cf40cdd0305ecd86fc1fae66cd5544b0917b335f121d6772,docs,.md,documentacao_historica_ou_auxiliar,P2,KEEP_HISTORICAL
docs/SOURCE_OF_TRUTH.md,true,5459,771d8d45930fbfc59a2c5f00f41c82d3bb615a4863bc22942c6498472f3c4f70,docs,.md,documentacao_canonica,P0,KEEP_CANONICAL
docs/TEST_REPORT.md,true,3959,c703250e583dac6b4277b1a1c4fc5978f5e8e89f14e4c852294ae3293a911616,docs,.md,documentacao_canonica,P0,KEEP_CANONICAL
docs/atualizacao_2026-07-15.md,true,1817,f6355fd2b0b0075e52a15a6d2266001fc6766a044f17226d371b9d61376cb5dc,docs,.md,documentacao_historica_ou_auxiliar,P2,KEEP_HISTORICAL
docs/auditoria_amostral_v4.md,true,11679,724a58f07aba3d5d7ee382df30ee2984334a5e6d5f6729323d3e570d0aebbf64,docs,.md,documentacao_historica_ou_auxiliar,P2,KEEP_HISTORICAL
docs/auditoria_critica_completa_2026-08-26.md,false,23026,68f6d05484501f3f9c51b3a5eadd80f22d29c509b0e60f5d8b93c5fb7f873778,docs,.md,documentacao_canonica,P0,KEEP_CANONICAL
docs/auditoria_critica_completa_2026-09-01.md,false,18376,38df867d47befc20cafa73d77285553d1d1b6a3e99e72c56743ea028651130f4,docs,.md,documentacao_canonica,P0,KEEP_CANONICAL
docs/auditoria_estado_projeto_20260818.md,true,3553,f4ec3d74563e061db420cc57c199eb3b6fba7273ab52f80ecad1c315063577da,docs,.md,documentacao_historica_ou_auxiliar,P2,KEEP_HISTORICAL
docs/ci_workflow.yml,true,1437,3f3dd65f90b068d2fe286044d28799c157aefeba609829473df757ab76b64f5d,docs,.yml,codigo_configuracao,P1,KEEP_CODE
docs/diagnostico_validacao_cientifica.md,true,3197,eda3ad41284213d629eedfaaf513717bd113b2402b33caca63a964e77a2b9c4a,docs,.md,documentacao_historica_ou_auxiliar,P2,KEEP_HISTORICAL
docs/estado_projeto_2026-08-17.md,true,9178,c9f251bc1cefb4da91cb1bb459791640eae527961c0402e69aa821a7cb8e098f,docs,.md,documentacao_historica_ou_auxiliar,P2,KEEP_HISTORICAL
docs/estado_release_candidate_2026-07-16.md,true,3696,faaa6d72ce8d5e523db682a575d54c9027c131f9ed1f5f013fbe0e74ee364c2e,docs,.md,documentacao_historica_ou_auxiliar,P2,KEEP_HISTORICAL
docs/estrutura_pastas_e_glossario_arquivos.md,true,4628,ea3bc75ca9a3518f89c0f081eb68585fb710afd47b42b1fd396280f1cbad8f71,docs,.md,documentacao_historica_ou_auxiliar,P2,KEEP_HISTORICAL
docs/etapas_desenvolvimento_projeto.md,true,2831,25f0dc0d5d0b955fde13a7b677dc6975dc3944afae949c169aff1fb306c74c56,docs,.md,documentacao_historica_ou_auxiliar,P2,KEEP_HISTORICAL
docs/evolucao_arquitetura_v1_v9.md,true,6000,0f75f4c5d59064cf223d6c0955ef311a9254325026e63678776d40705cb1ba42,docs,.md,documentacao_historica_ou_auxiliar,P2,KEEP_HISTORICAL
docs/evolucao_projeto_v1_a_v9.md,true,6021,1ae9cc7d7543f8deb8b1d4bea425c64169691e7caf4a53112da738c3e77ec4fc,docs,.md,documentacao_historica_ou_auxiliar,P2,KEEP_HISTORICAL
docs/guia_metricas_e_interpretacao_resultados.md,true,2859,eb79f0e639e414e97c106677bf1531a9ece81513748487f2454d66de34804fab,docs,.md,documentacao_historica_ou_auxiliar,P2,KEEP_HISTORICAL
docs/historico/README.md,false,725,075965bd85dd13e82e91e546e611c2718ca07d01333ed0c2981d12c53c4cc628,docs,.md,documentacao_historica_ou_auxiliar,P2,KEEP_HISTORICAL
docs/historico/v8/DEPLOYMENT_AND_TESTING_GUIDE_V8.md,true,14608,b277c5acc6bf2f328125c55acffb1b2794d5687a498d066ba1aaf36bbeef97aa,docs,.md,documentacao_historica_ou_auxiliar,P2,KEEP_HISTORICAL
docs/inventario_arquivos_versionados_2026-08-26.csv,false,203271,20ddc5a102ab3e8b9b4030ac98497c976da2a42410cbd875cd7b66a209b7cf1a,docs,.csv,artefato_ou_evidencia,P2,REVIEW_RETENTION
docs/inventario_arquivos_versionados_2026-08-26.md,false,1677,d4b2976201e592e95afdb54eb7e9c36037684dff813b9d94923443ec284becce,docs,.md,documentacao_historica_ou_auxiliar,P2,KEEP_HISTORICAL
docs/justificativa_modelagem_local.md,true,14730,b2f60e2ebc2ccad171334b98127cd246502fee40c9e042831c7747bc15267857,docs,.md,documentacao_historica_ou_auxiliar,P2,KEEP_HISTORICAL
docs/justificativa_override_deduplicacao.md,true,1189,a31e248fe24bbb7a9e2bd034f5490f361dbaf2e731f75a9b0d9e3b27b0ea07cd,docs,.md,documentacao_historica_ou_auxiliar,P2,KEEP_HISTORICAL
docs/justificativas_decisoes_projeto.md,true,4820,b24fe3c7773542792a35d253ac7e4f05d5968d9f08cfb62cd1d656697ed5cd11,docs,.md,documentacao_historica_ou_auxiliar,P2,KEEP_HISTORICAL
docs/limiar_confianca.md,true,1739,a685f96f754dc1ef3c75a6a8f3aa619baec6992375708d85e8f4971ede7ff368,docs,.md,documentacao_historica_ou_auxiliar,P2,KEEP_HISTORICAL
docs/plano_avaliacao_cientifica_v3.md,true,41517,17b7f077ea9bf9e2a871f004046938375b6a295e87eab305dffc6c1812fce67f,docs,.md,documentacao_historica_ou_auxiliar,P2,KEEP_HISTORICAL
docs/processo_treinamento_e_funcionamento_ia.md,true,4483,f95e6935e8fc2d5f13c3fa88570e7698adabe19e41d2a246788a61ad52aa2d75,docs,.md,documentacao_historica_ou_auxiliar,P2,KEEP_HISTORICAL
docs/processos_bpmn.md,true,5211,e1d95c5bcb84375563e222ad291bad9268faafeba1433a19735c99270ee96a2f,docs,.md,documentacao_historica_ou_auxiliar,P2,KEEP_HISTORICAL
docs/rastreio_completo_workflows_v9.md,true,48385,6abca47732a1b2be2bcb6fe84584bc927532838d02441347c7ef7f66f2c86175,docs,.md,documentacao_historica_ou_auxiliar,P2,KEEP_HISTORICAL
docs/relatorio_limpeza_2026-08-26.md,false,3091,a29686e982327cdf2b6f73b91b3028f1c460903c5a70bfbd718354751e317279,docs,.md,documentacao_historica_ou_auxiliar,P2,KEEP_HISTORICAL
docs/resposta_professor_2026-08-26.md,false,5156,b661dcd459714579dc72859ead1d37ee346d77757ed04db767e895160b2df609,docs,.md,documentacao_canonica,P0,KEEP_CANONICAL
docs/resposta_professor_selecao_modelos.md,true,591,771de4ce0e5775fc80c7c49d274b9f613ac014c5a031932c453d8680490d3443,docs,.md,documentacao_historica_ou_auxiliar,P2,KEEP_HISTORICAL
docs/resposta_professor_selecao_modelos_2026-08-12.md,true,613,7b80d42bc8136656820fa4b60bdb418c3002378983eed95c1a2c1bc6366e3cb3,docs,.md,documentacao_historica_ou_auxiliar,P2,KEEP_HISTORICAL
docs/resultados_estatisticos_e_comparativo_gemini.md,true,2390,4bb83df8b450ef7d6e51752c206727adac7edac64b49b60666e68fc06782c55d,docs,.md,documentacao_historica_ou_auxiliar,P2,KEEP_HISTORICAL
docs/resultados_tecnico_cientificos_2026-07-15.md,true,23009,c0bb8532f1901ac978ef92aa9b4c91ee7c646174ef35fdd97da0086a96731b28,docs,.md,documentacao_historica_ou_auxiliar,P2,KEEP_HISTORICAL
docs/tutorial_reproducao_e_implantacao.md,true,9490,75beaa87ead23ce16cd26c052d606a2afcbe38c461a05747a0838cdd7c02b94e,docs,.md,documentacao_canonica,P0,KEEP_CANONICAL
glpi/.env.example,true,275,3f7ffac6d7fccbca4df0722b0cafd0bea7b7cfd580d42e0c8843935b47ab9e87,glpi,.example,outro,P2,REVIEW_RETENTION
glpi/LEIA-ME.txt,true,253,06dd58b046c41f884fc2e899e1537b32298cdbcd0cdf6586a6f775bec7fb5656,glpi,.txt,documentacao_historica_ou_auxiliar,P2,KEEP_HISTORICAL
glpi/docker-compose.yml,true,2682,8409f0ac4982a521af6e51fc44c22a415aaad43e86660b509b753ad6de5a722b,glpi,.yml,codigo_configuracao,P1,KEEP_CODE
glpi/plugins/LEIA-ME.txt,true,157,406194471d2cc2568ca536198a9dfbd945205b67aa7fb9d12ef1ae2343b7a450,glpi,.txt,documentacao_historica_ou_auxiliar,P2,KEEP_HISTORICAL
glpi/plugins/n8nwebhook/LEIA-ME.txt,true,320,62417266e68cf47dacfe42938ee2950a1971557175e7b0b3dd90421bf230ec05,glpi,.txt,documentacao_historica_ou_auxiliar,P2,KEEP_HISTORICAL
glpi/plugins/n8nwebhook/hook.php,true,3730,25826017826d16271b9438214c6f828dbbcf757f1a4bc25c36420b0e1fbc6125,glpi,.php,codigo_configuracao,P1,KEEP_CODE
glpi/plugins/n8nwebhook/setup.php,true,976,35ad5427cb69815a220f9e20877236b8581e9c402d1e7e8de6a1ac946682433a,glpi,.php,codigo_configuracao,P1,KEEP_CODE
glpi/seed/LEIA-ME.txt,true,406,fd94927e7d3364b009a33551a89086c183236d4816bffaa79a4ae6b1f704d44d,glpi,.txt,documentacao_historica_ou_auxiliar,P2,KEEP_HISTORICAL
glpi/seed/requirements.txt,true,18,c8420eac351a9df0a25beab7f0fc067bfb4e672a3c51cf8796fe2727e762e58e,glpi,.txt,documentacao_historica_ou_auxiliar,P2,KEEP_HISTORICAL
glpi/seed/reset_operational_data.sql,true,962,dd142090950a8af9d163becba42a5dd8fe6b8a760baf75544e1829fe076f8987,glpi,.sql,codigo_configuracao,P1,KEEP_CODE
glpi/seed/seed_finalizados.sql,true,14055,43eaa4a0a371a9e8b39f97a932ce97a8fef0c073ccd4159d0db799493d439467,glpi,.sql,codigo_configuracao,P1,KEEP_CODE
glpi/seed/seed_glpi.py,true,57892,7685848c007f2dfb1ed51702b7a7cf6a980c94b46f4222c880eb1e3473c5bd3f,glpi,.py,codigo_configuracao,P1,KEEP_CODE
glpi/seed/setup_api_token.php,true,3124,952dc3f85c5e483dc2982d91523eaf4754c780e651006a95b3852817990bf0b0,glpi,.php,codigo_configuracao,P1,KEEP_CODE
local_ai/.gitignore,true,120,a5e0bde651e65c39e4742fd60f4dafac9cb49da803d49f98a8f774db5d8eca47,local_ai,(none),outro,P2,REVIEW_RETENTION
local_ai/README.md,true,7950,13fb90337a62fcbe39c5d7619f4eb0cd623b62deafb534b539258596b9b999a2,local_ai,.md,documentacao_historica_ou_auxiliar,P2,KEEP_HISTORICAL
local_ai/__init__.py,true,695,9cfd6b2955b1041a93153757480ec86cd902a35e94f1be822f23ed041f37538d,local_ai,.py,codigo_configuracao,P1,KEEP_CODE
local_ai/__main__.py,true,751,200dbda47b7fa5d5d977816202f86c3ef1a98ec47743119de087182eacfc4df7,local_ai,.py,codigo_configuracao,P1,KEEP_CODE
local_ai/artifacts.py,true,11468,27bba855b42d0d2ecb0bdfd37287c323c2ab271b080bef53662b8e5487c19261,local_ai,.py,codigo_configuracao,P1,KEEP_CODE
local_ai/artifacts/candidates/local-hybrid-v1.9.0/local_hybrid_bundle.joblib,true,1219813,895191ef9281d39260fc5071fc6e8f3c3b15a0d85612f0e5b271d434b6e1af83,local_ai,.joblib,artefato_ou_evidencia,P2,REVIEW_RETENTION
local_ai/artifacts/candidates/local-hybrid-v1.9.0/local_hybrid_manifest.json,true,28794,3ac2e1a8922f28d3d66d9c88d4e78258d3f85baf234b47e467823801b9d93e35,local_ai,.json,artefato_ou_evidencia,P2,REVIEW_RETENTION
local_ai/artifacts/candidates/local-hybrid-v1.9.1/local_hybrid_bundle.joblib,true,372772,c5854899bbaa6f9bd8e9e21773c9602bef09460882907d26af472b8869886c3a,local_ai,.joblib,artefato_ou_evidencia,P2,REVIEW_RETENTION
local_ai/artifacts/candidates/local-hybrid-v1.9.1/local_hybrid_manifest.json,true,28916,b8db1946201d621d9aafeec287cd99da7071de6dfe0733121694f83b30abf3db,local_ai,.json,artefato_ou_evidencia,P2,REVIEW_RETENTION
local_ai/artifacts/candidates/local-hybrid-v2.0.0/local_hybrid_bundle.joblib,true,455223,44330fcf36704411e0584144c6ee353445b634ce71f3992af9916fd8b1b9f8af,local_ai,.joblib,artefato_ou_evidencia,P2,REVIEW_RETENTION
local_ai/artifacts/candidates/local-hybrid-v2.0.0/local_hybrid_manifest.json,true,28725,b0c13d5dfc95c12f3f3ee1afb17b57e07a9c8c5ce049338474301e6722a40313,local_ai,.json,artefato_ou_evidencia,P2,REVIEW_RETENTION
local_ai/artifacts/classification-v1.0.0-bootstrap.json,true,3208,233c01606aeae48e6e20236404649d77f8630c614bb091d5d5e29d90059fe5bf,local_ai,.json,artefato_ou_evidencia,P2,REVIEW_RETENTION
local_ai/artifacts/dedup-v1.0.0-bootstrap.json,true,1557,79aaff8fa45af80cdada71be5ded97946f66821775c79a69b7423fbedd1165d7,local_ai,.json,artefato_ou_evidencia,P2,REVIEW_RETENTION
local_ai/artifacts/local_hybrid_bundle.joblib,true,455223,44330fcf36704411e0584144c6ee353445b634ce71f3992af9916fd8b1b9f8af,local_ai,.joblib,artefato_ou_evidencia,P2,REVIEW_RETENTION
local_ai/artifacts/local_hybrid_manifest.json,true,28725,b0c13d5dfc95c12f3f3ee1afb17b57e07a9c8c5ce049338474301e6722a40313,local_ai,.json,artefato_ou_evidencia,P2,REVIEW_RETENTION
local_ai/artifacts/manifest.json,true,1093,69d35de5ca03cbea732cb35089ba373493b14ed109fbad8c2267ee483ef07e12,local_ai,.json,artefato_ou_evidencia,P2,REVIEW_RETENTION
local_ai/backends.py,true,15263,6211eaf74ed915054eda23200a03d3d13b22d3ed5874ae2d1760d6d46f01273b,local_ai,.py,codigo_configuracao,P1,KEEP_CODE
local_ai/cache.py,true,2156,f5a6bc8c5ca385fd712d022641d365b0c0dbf0ec099847622845c48a8c08b286,local_ai,.py,codigo_configuracao,P1,KEEP_CODE
local_ai/config.py,true,4630,b36a291f109a0afc8f61af5484aa433771085b7a97b60b4ce42b2834b4b4f6c3,local_ai,.py,codigo_configuracao,P1,KEEP_CODE
local_ai/contracts.py,true,4755,2f3874ae33f93cdde8f2505dcc4504b25dc2e8c5af9b2f6d930f14952de08a85,local_ai,.py,codigo_configuracao,P1,KEEP_CODE
local_ai/extraction.py,true,48418,c106b598ca227c09a91c0764f473b3ce1a426e0638bec0df81bb2c19cad807f3,local_ai,.py,codigo_configuracao,P1,KEEP_CODE
local_ai/http_api.py,true,7484,0172253cb7d1385709759e6e98ae4d5629dd1d0c078018388e2a9b29c17f036a,local_ai,.py,codigo_configuracao,P1,KEEP_CODE
local_ai/hybrid.py,true,25973,539a4c864bc36a83332633756a80d0ce0e19eeb2784b3ebb065867515507eec4,local_ai,.py,codigo_configuracao,P1,KEEP_CODE
local_ai/inference.py,true,65029,9d34c18b17cf4ec5a77737061362f0ffea8a873201739a16078838e821d6c04b,local_ai,.py,codigo_configuracao,P1,KEEP_CODE
local_ai/models/.gitkeep,true,1,01ba4719c80b6fe911b091a7c05124b64eeece964e09c058ef8f9805daca546b,local_ai,(none),outro,P2,REVIEW_RETENTION
local_ai/models/manifest.json,true,3794,e596681fa782b49242ff60f887e000e999b7d02b5f710fa69570221f4d2bbd80,local_ai,.json,artefato_ou_evidencia,P2,REVIEW_RETENTION
local_ai/requirements-benchmark.txt,true,213,37d76acbff4cebde3ebf70797a70eed348bd2617928beaead4f0d3f6ac3d5a8b,local_ai,.txt,documentacao_historica_ou_auxiliar,P2,KEEP_HISTORICAL
local_ai/requirements-granite.txt,true,249,290c1fabc2b7e3f634dbb1209d5398e33ac080d70d0bd1c3ddd6a29d38b99d31,local_ai,.txt,documentacao_historica_ou_auxiliar,P2,KEEP_HISTORICAL
local_ai/requirements-hybrid.txt,true,143,a79848e354ed44c21ed072e827a34a750011aed644cdaddf4fb71cedb498517a,local_ai,.txt,documentacao_historica_ou_auxiliar,P2,KEEP_HISTORICAL
local_ai/requirements.txt,true,139,744e984ab7ffe2b2411ca0a4e47b58ea3f16474a7372ef33a693e994bca7d0aa,local_ai,.txt,documentacao_historica_ou_auxiliar,P2,KEEP_HISTORICAL
local_ai/run_local_ai.py,true,153,210d4dad0aabf4a79e1f3f2c8f62ddfcb48ff4cb71983e9bb4aa2a682b754941,local_ai,.py,codigo_configuracao,P1,KEEP_CODE
local_ai/run_server.py,true,1608,73c293c26b589fc79210abd396a40d6f5622310a1effd0ac2b9a4c174e001b02,local_ai,.py,codigo_configuracao,P1,KEEP_CODE
local_ai/scripts/benchmark-embedding-runtime.py,true,10899,a54aba3d9ae54a11942d266c397393d8d79de7fd02c94e55a8f5b93584173a5d,local_ai,.py,codigo_configuracao,P1,KEEP_CODE
local_ai/scripts/benchmark_robustez.py,true,18334,286f68c2d774cdf7c50d301b1f36c6c58886164555574ff929bf8ab820c84bbd,local_ai,.py,codigo_configuracao,P1,KEEP_CODE
local_ai/scripts/compare-embedding-benchmarks.py,true,5891,3f1186120b53156c4420fb7293ddeb21f274465d43f4de6fdeace71943878910,local_ai,.py,codigo_configuracao,P1,KEEP_CODE
local_ai/scripts/local-ai-common.ps1,true,6959,fdcd621e558713ea6c28f46322d39f9218152d7a9043eb2fd1adab364aec9f22,local_ai,.ps1,codigo_configuracao,P1,KEEP_CODE
local_ai/scripts/start-local-ai.ps1,true,9676,2d8490b4cdbfc91d4af13cb095f6215fc65ed36db38659139c9a014938ff1429,local_ai,.ps1,codigo_configuracao,P1,KEEP_CODE
local_ai/scripts/status-local-ai.ps1,true,3667,2378b33988840402c0b098ad0e4bfcdfb6340d49beec97e5e4a505fe04fd6350,local_ai,.ps1,codigo_configuracao,P1,KEEP_CODE
local_ai/scripts/stop-local-ai.ps1,true,1897,4a669ce13d0b58177b49ecc61ff365d36a7e0b0538e2b4bff951c7b649cdb709,local_ai,.ps1,codigo_configuracao,P1,KEEP_CODE
local_ai/tests/__init__.py,true,1,01ba4719c80b6fe911b091a7c05124b64eeece964e09c058ef8f9805daca546b,local_ai,.py,teste,P1,KEEP_CODE
local_ai/tests/helpers.py,true,678,54ed6bab3960858da8e570aee15521d5be603fa32849e2d3b45d0eb26e6a8cb2,local_ai,.py,teste,P1,KEEP_CODE
local_ai/tests/test_artifacts_and_extract.py,true,25737,d5a065d5ef9141a8bb54531c3b5be8a0c7f3cfb9d24a419054e06adbe417bbae,local_ai,.py,teste,P1,KEEP_CODE
local_ai/tests/test_contracts.py,true,7623,d99a4c38917e337ff6623b7b99d401fc357654cc9deb4d9caefb1c12a95383a4,local_ai,.py,teste,P1,KEEP_CODE
local_ai/tests/test_http_api.py,true,3748,ff70dad4a655d0ac4d43961cde1521502e434083dc62b27b000ea9200bda81eb,local_ai,.py,teste,P1,KEEP_CODE
local_ai/tests/test_hybrid_bundle_embeddings.py,true,24686,39861310b054cd9c548d6f02ec5d1b6865c9b05c560d3dd9ac71af60995e2a39,local_ai,.py,teste,P1,KEEP_CODE
local_ai/tests/test_pytorch_backend_contract.py,true,3527,5056c173b5b4151c60c73c0343a9ccd958138a9fac1da31e098249774bf2f58f,local_ai,.py,teste,P1,KEEP_CODE
local_ai/tests/test_run_server_security.py,false,874,313c56bbf9d3c758eeba2a6e0f4d06bd2322d964fbc832841b0615916d9ba91b,local_ai,.py,teste,P1,KEEP_CODE
local_ai/text.py,true,7020,c2796729ed8780e5c5761955f04baa080956a92750076d9a9a0feb8f4b072b93,local_ai,.py,codigo_configuracao,P1,KEEP_CODE
n8n/.env.example,true,2890,6e1cccac2dc760a55720685ef6d87ce0084674479c0028072d941aa56aea5826,n8n,.example,outro,P2,REVIEW_RETENTION
n8n/.env.local.example,true,45,3552dbbd6d4ddd2ac741f2f890d3b3d05c40ddea312ae1aa61307e4ff010a886,n8n,.example,outro,P2,REVIEW_RETENTION
n8n/.gitignore,true,11,10edf395121888b825269ff19c83f8531dc38df96c5927b2e09a6cfc6e86d06a,n8n,(none),outro,P2,REVIEW_RETENTION
n8n/LEIA-ME.txt,true,737,92d20748de88dede7fdf881cb41ddb9e4cf4ad17b0c8f744a6cdda5653284e31,n8n,.txt,documentacao_historica_ou_auxiliar,P2,KEEP_HISTORICAL
n8n/README_TRIAGEM_V7.md,true,6369,edbc894b71db54cdf40b35a92c71ec6dcd38add6d52639fb6310a18728d22dfa,n8n,.md,documentacao_historica_ou_auxiliar,P2,KEEP_HISTORICAL
n8n/WORKFLOW_NODES.md,true,8348,9aaa087177f36844a0ee71957203b5ec75667e00209a9a7a83baadad6e6c3d09,n8n,.md,documentacao_historica_ou_auxiliar,P2,KEEP_HISTORICAL
n8n/WORKFLOW_V7_NODES.md,true,6637,1b8539b8e1c4b73af1f13e9783fe387f77432ad883e63c7b30014bd49ff1f5be,n8n,.md,documentacao_historica_ou_auxiliar,P2,KEEP_HISTORICAL
n8n/credentials/LEIA-ME.txt,true,301,bf91165fb5c3eae4ad99bf45f7b69262d12eb003485baa1a364092c651dcb3bc,n8n,.txt,documentacao_historica_ou_auxiliar,P2,KEEP_HISTORICAL
n8n/credentials/SMTP_Mailpit_Local.json,true,417,81c679b0612c02ae0f84d7a50beba4cc424b2a8dd43902ae38667f274db2eab9,n8n,.json,artefato_ou_evidencia,P2,REVIEW_RETENTION
n8n/docker-compose.yml,true,7269,67366438513a67ce43653311c8238aca85ccfde911f69fc0bc260bf54f102e0c,n8n,.yml,codigo_configuracao,P1,KEEP_CODE
n8n/history/README.md,true,3493,5cc930ebc0a986abbb3501e691511ef908c35d0545a5606c80d2a603bd0ae5e1,n8n,.md,historico_workflows,P1,KEEP_HISTORICAL
n8n/history/VERSOES.md,true,2310,eec06fb47a15c866073fb405de57eacd5fdfa02968ef19d8edd9b7173ab8ec37,n8n,.md,historico_workflows,P1,KEEP_HISTORICAL
n8n/history/build_history.py,true,16667,b13f9182eaec75565691e2bd125c01ef83e440ad4852c400bfc991e661116fac,n8n,.py,historico_workflows,P1,KEEP_HISTORICAL
n8n/history/manifest.json,true,17969,64cba7b6ff658681c87062e0f0209b1e126aa9c698616d8e7a88a1f3d52c27af,n8n,.json,historico_workflows,P1,KEEP_HISTORICAL
n8n/history/tests/test_public_history.py,true,3895,d913fa788764c4390c355a845e3c8b7265bf82a01f634cd4380bcf39f0b038f4,n8n,.py,historico_workflows,P1,KEEP_HISTORICAL
n8n/history/validate_history.py,true,11366,a22fc35e038cc173208c6a38b2cd3ebd6f214db12fc4c6519b6a280f32cb3745,n8n,.py,historico_workflows,P1,KEEP_HISTORICAL
n8n/history/workflows/v1_triagem.json,true,24290,794180c23940558d9fcc5af388e21b6df6822a2e70e4af5dc89889b09b4f4079,n8n,.json,historico_workflows,P1,KEEP_HISTORICAL
n8n/history/workflows/v2_triagem.json,true,43979,ba901844a5d6e6733c37aa07447d460ed9d2b0f707909335156ce7e578fcbad6,n8n,.json,historico_workflows,P1,KEEP_HISTORICAL
n8n/history/workflows/v3_triagem.json,true,89814,f7cd61d671747f6b33198acb08a2e20279c9e2b6ab3cbda4e9720ba969c5c96b,n8n,.json,historico_workflows,P1,KEEP_HISTORICAL
n8n/history/workflows/v4_triagem.json,true,92410,3399539214abbb88e56d1622940616c91a4fd28e1bb2908f9df8f2c3bb422e80,n8n,.json,historico_workflows,P1,KEEP_HISTORICAL
n8n/history/workflows/v5_triagem.json,true,90501,070a13f154542cd2bd96ede152af77b5caff42960a17e5865d4bc045875fe0ad,n8n,.json,historico_workflows,P1,KEEP_HISTORICAL
n8n/history/workflows/v6_triagem_postgres.json,true,78825,c2100af1f59562f221c6c24b0d6e7762a4ee2407491ec73929855dcacbe05114,n8n,.json,historico_workflows,P1,KEEP_HISTORICAL
n8n/history/workflows/v7_triagem_postgres.json,true,104173,5c09a280d9b796a3ec3285c2ee35c286c944adda9c77398a4d93c450938ecd66,n8n,.json,historico_workflows,P1,KEEP_HISTORICAL
n8n/history/workflows/v8_wf01_orquestrador.json,true,29628,6c09ee5885d4d1f24383c6a0e384e82835d3162f1fd95c94101423c6e53d080b,n8n,.json,historico_workflows,P1,KEEP_HISTORICAL
n8n/history/workflows/v8_wf02_triagem.json,true,45730,36f47a651d84d042d3f562dd627226ae84ef60860c8740c8ee45559b3ce7c7a5,n8n,.json,historico_workflows,P1,KEEP_HISTORICAL
n8n/history/workflows/v8_wf03_fiscal.json,true,33676,3e4b949e63d9e042e73db13bfc79063b73b8cdb04f7b85fb8da5391b7d43196f,n8n,.json,historico_workflows,P1,KEEP_HISTORICAL
n8n/workflows/LEIA-ME.txt,true,689,58d2dba04c3ae112556cbacb3a686f234659a6e1a61b0f59446c937991c0bdcb,n8n,.txt,documentacao_historica_ou_auxiliar,P2,KEEP_HISTORICAL
n8n/workflows/Teste01_v1.json,true,24904,128e27cb2bc37a93a155a6e7a2cb637f6a743633b7112b887405a44b0a38ac22,n8n,.json,artefato_ou_evidencia,P2,REVIEW_RETENTION
n8n/workflows/Teste01_v2.json,true,44544,ac3d69ddb69d536e79d61cdc89daf937eb128ba87d58885d2160bdeb654f55bf,n8n,.json,artefato_ou_evidencia,P2,REVIEW_RETENTION
n8n/workflows/Teste01_v3.json,true,66082,70ef1d93a8e53f60ad918cb2f53f9c758d2f96416cc46156acbb15777e99d179,n8n,.json,artefato_ou_evidencia,P2,REVIEW_RETENTION
n8n/workflows/Teste01_v4.json,true,96281,6a9ac35a1bbd04f84b8e5b77378c0c7fde7783be1366b43b73fde286f8820431,n8n,.json,artefato_ou_evidencia,P2,REVIEW_RETENTION
n8n/workflows/Teste01_v5.json,true,90501,070a13f154542cd2bd96ede152af77b5caff42960a17e5865d4bc045875fe0ad,n8n,.json,artefato_ou_evidencia,P2,REVIEW_RETENTION
n8n/workflows/Teste01_v7.json,true,120826,7e9ffdfc0b5232d310201dc99bca81cc704245e12eed57aabbabd649ca0e525f,n8n,.json,artefato_ou_evidencia,P2,REVIEW_RETENTION
n8n/workflows/Teste01_v7_MANUTENCAO.json,true,124882,8a00e7532089479b7f541b0c7f5241078a65633e84ac7d3409d09a8740c31a94,n8n,.json,artefato_ou_evidencia,P2,REVIEW_RETENTION
n8n/workflows/Teste01_v7_TRIAGEM.json,true,124882,8a00e7532089479b7f541b0c7f5241078a65633e84ac7d3409d09a8740c31a94,n8n,.json,artefato_ou_evidencia,P2,REVIEW_RETENTION
n8n/workflows/Teste01_v7final.json,true,124882,8a00e7532089479b7f541b0c7f5241078a65633e84ac7d3409d09a8740c31a94,n8n,.json,artefato_ou_evidencia,P2,REVIEW_RETENTION
n8n/workflows/Teste01_webhook_runtime.json,true,96507,bcbc9be38406203a03ddaa881597c56386b6efe32917aedb45820b56e48b2bb4,n8n,.json,artefato_ou_evidencia,P2,REVIEW_RETENTION
n8n/workflows/Versão8/WF01_Orquestrador.json,true,31090,709ad9efba8a5e8b29d53ba3c4bef06a73c1dc2d35daf19f8cae0506c5fd6911,n8n,.json,artefato_ou_evidencia,P2,REVIEW_RETENTION
n8n/workflows/Versão8/WF02_Triagem.json,true,49015,d66a97141b6bc4fc0a80ac542381ab21e56ca1b70a8631879e4c20c979d70074,n8n,.json,artefato_ou_evidencia,P2,REVIEW_RETENTION
n8n/workflows/Versão8/WF03_Fiscal.json,true,35788,70fe4e659e2170f219444122843bf7a608872a8b812d83b742091f125295fda9,n8n,.json,artefato_ou_evidencia,P2,REVIEW_RETENTION
n8n/workflows/Versão8/wf01_export.json,true,18941,827aa894646e63cb7eb3063661e3e7dcbab6e0f08e154527b382cda4cd01d89b,n8n,.json,artefato_ou_evidencia,P2,REVIEW_RETENTION
n8n/workflows/Versão8/wf01_reimport.json,true,32181,a472f9d9798147fefa3d5c99ac587824394f2d497488821d7c8d465d9a4dcb1a,n8n,.json,artefato_ou_evidencia,P2,REVIEW_RETENTION
n8n/workflows/Versão8/wf02_export.json,true,31812,eec8429a13c9b2bd6a20289f522d53c99bc01b674c2a3e35a52b145348f5f225,n8n,.json,artefato_ou_evidencia,P2,REVIEW_RETENTION
n8n/workflows/Versão8/wf02_reimport.json,true,50099,2d3892b566cda577e5983cb38c72276342771a6b2f832d14b454cde7e84ec921,n8n,.json,artefato_ou_evidencia,P2,REVIEW_RETENTION
n8n/workflows/Versão9/LEIA-ME.txt,true,1015,1b1d4fe2dae686b94b5b35ced40b2a1560019ac0632de571754a0e9effb79beb,n8n,.txt,workflow_v9,P0,KEEP_CANONICAL
n8n/workflows/Versão9/README.md,true,7986,f5440b92bb40eb13cf87da8a4c4c0ef93f17e90c53ee6d7e0ff9a21f3b13fd07,n8n,.md,workflow_v9,P0,KEEP_CANONICAL
n8n/workflows/Versão9/TEST_REPORT.md,true,6782,dd8af55ac89ae811edf227c747faf835355c3736380c0c8ea18b6a3c3dbad096,n8n,.md,workflow_v9,P0,KEEP_CANONICAL
n8n/workflows/Versão9/V9-WF01-Sincronizador.json,true,93734,8b476a8f4dec82ba87c7a4dd5bddf5a1cc5b54a464b626fd157529664dbe5480,n8n,.json,workflow_v9,P0,KEEP_CANONICAL
n8n/workflows/Versão9/V9-WF02-Triagem.json,true,148929,cf320b70e52fcb0630fb76644549bb3bc13a9f7c456d24b9297e77f0074be212,n8n,.json,workflow_v9,P0,KEEP_CANONICAL
n8n/workflows/Versão9/V9-WF03-Classificacao.json,true,125435,846d1e16af955faa213a1a2d769f7dad1d74851cafdc39dcce5fd531b631b2cc,n8n,.json,workflow_v9,P0,KEEP_CANONICAL
n8n/workflows/Versão9/V9-WF04-Decisao-Fiscal.json,true,61103,6465b912720afa57b452e59feb74931b1b5ec0ad7348bb07dfd92a9332a691a8,n8n,.json,workflow_v9,P0,KEEP_CANONICAL
n8n/workflows/Versão9/V9-WF05-Metricas.json,true,30561,e8d450acfc9cbc680496d3bae48a78613b4de7c1bc536adbdae85619a96823c7,n8n,.json,workflow_v9,P0,KEEP_CANONICAL
n8n/workflows/Versão9/V9-WF06-Fila-IA.json,true,32642,dc78c11f6b221b8e8ba20c76069652ede5e11470e1576927f24ded7830146ab0,n8n,.json,workflow_v9,P0,KEEP_CANONICAL
n8n/workflows/Versão9/ai_gateway_builder.py,true,32726,f849c76313d3027b910a1b36a090017947879ecd8d37d7c7c6e886d21c73766e,n8n,.py,workflow_v9,P0,KEEP_CANONICAL
n8n/workflows/Versão9/build_wf01.py,true,69288,63ee835daeba48fda714965bbad96e4aa28f08bd8a21d7063767d93a8e3b43f8,n8n,.py,workflow_v9,P0,KEEP_CANONICAL
n8n/workflows/Versão9/build_wf02.py,true,138630,d3e3f67898df40843b9cc960e52fbcb9fb2f0894918be775c2bd4b0d959665a3,n8n,.py,workflow_v9,P0,KEEP_CANONICAL
n8n/workflows/Versão9/build_wf03.py,true,97091,204463175780b86b366a999b6eaf3681bb193dc507878c698652d4540242680b,n8n,.py,workflow_v9,P0,KEEP_CANONICAL
n8n/workflows/Versão9/build_wf04.py,true,79649,7a932e30c7d82800a4e4fa3600fc2c1a827a7b4802ad232b9595050571c8b370,n8n,.py,workflow_v9,P0,KEEP_CANONICAL
n8n/workflows/Versão9/build_wf05.py,true,64942,d3ebd65e0516de05b16b8130d8ff20d655c63deaeecb9217863cdf93ebdc3a98,n8n,.py,workflow_v9,P0,KEEP_CANONICAL
n8n/workflows/Versão9/build_wf06.py,true,26044,5e0ecf10a5d156df8d2e594a0114d4d1cc4106ca2aab96dad82cfd8b576f1992,n8n,.py,workflow_v9,P0,KEEP_CANONICAL
n8n/workflows/Versão9/deploy.py,true,16185,3b6766fc21d47b53154b030f48258245a87c3c0214d0f83ba3bd7ef51d5642c8,n8n,.py,workflow_v9,P0,KEEP_CANONICAL
n8n/workflows/Versão9/deploy_rest_session.py,true,11531,35ac146090b771c2855add4bccd7bd381cbf1d1648929598dec5bb1fc75d8284,n8n,.py,workflow_v9,P0,KEEP_CANONICAL
n8n/workflows/Versão9/helpers.py,true,13304,b5413f04524869f303844faa62ab6e8fa9b70f5f75d1083bb373853bb40b19df,n8n,.py,workflow_v9,P0,KEEP_CANONICAL
n8n/workflows/Versão9/retry_queue_builder.py,true,8734,48cc06ed31406c4db4293bcd0c99ca0d31a327ffc19170669971be29ec113979,n8n,.py,workflow_v9,P0,KEEP_CANONICAL
n8n/workflows/Versão9/test_v9_hard.py,true,9882,e7638ac525a3c27abc62650efd37b16b80f0e1e6f63b2d4ec9a8b1a74ac5c8ba,n8n,.py,workflow_v9,P0,KEEP_CANONICAL
n8n/workflows/Versão9/test_v9_runtime.py,true,13918,1d6f238cac99d5d9f6c75afff1d68141087fa1ed83d45634a2cb50bffe9f85c9,n8n,.py,workflow_v9,P0,KEEP_CANONICAL
n8n/workflows/Versão9/validate_v9_static.py,true,58919,167d37ebfb2c99891712eb1fa04f16ddbf09b46d94fafb6029bd152b69c9095f,n8n,.py,workflow_v9,P0,KEEP_CANONICAL
n8n/workflows/all_workflows_after_v7.json,true,940336,9f6eb0324fd322acaf04f0798c253e0962e3f11431546496bc7a7603f9a506d6,n8n,.json,artefato_ou_evidencia,P2,REVIEW_RETENTION
n8n/workflows/all_workflows_export_runtime.json,true,865575,4fd4aff1239f88e311fb4e81b9c389c85f9d6462097ea966bdab4f0371385aa7,n8n,.json,artefato_ou_evidencia,P2,REVIEW_RETENTION
n8n/workflows/v7_current.json,true,110726,701a22b4bf8cf651048849715680fa0f5c489e5fb15ac48507cfb32329f43b89,n8n,.json,artefato_ou_evidencia,P2,REVIEW_RETENTION
n8n/workflows/v7_runtime_export.json,true,74960,b269ddbb56b2c87f6f9ca5d1f67e475cb2b385f67886bb92ad8e0a09ae09bb56,n8n,.json,artefato_ou_evidencia,P2,REVIEW_RETENTION
n8n/workflows/v7_runtime_export2.json,true,110726,701a22b4bf8cf651048849715680fa0f5c489e5fb15ac48507cfb32329f43b89,n8n,.json,artefato_ou_evidencia,P2,REVIEW_RETENTION
outputs/benchmark_robustez_relatorio.json,true,9650,f6de2cab1f6a77f45adcd37a1f40f400516ee756c206d6b6adea6b65d6d9cd89,outputs,.json,artefato_ou_evidencia,P2,REVIEW_RETENTION
outputs/projeto-ic-20260716/resultados_projeto_ic_20260716.verification.json,true,9641,95268c69ea57645a723cedf08e9886c7693cb3523960e9766d000e7fb34c87a7,outputs,.json,artefato_ou_evidencia,P2,REVIEW_RETENTION
outputs/projeto-ic-20260716/resultados_projeto_ic_20260716.xlsx,true,152049,20ff13d942cf4ffe8219387d18aa75d2abeb3aa42ed98f1a1d5c747c448620b9,outputs,.xlsx,outro,P2,REVIEW_RETENTION
pytest.ini,false,99,654f1175a5f554628814df4f68b452bb15941ae279763a1e37fe6ffdf9619d66,pytest.ini,.ini,codigo_configuracao,P1,KEEP_CODE
requirements.txt,true,174,2f028475a62467ab5c25297e4f9e3a6392024075d5063570547bab32d9c6aead,requirements.txt,.txt,documentacao_historica_ou_auxiliar,P2,KEEP_HISTORICAL
scripts/README_PUBLIC_RELEASE.md,true,2492,1ac8f83d1868486710f32dad9ecfd177ac33ab33ce4cf1f9096b4bfa89d5111b,scripts,.md,documentacao_historica_ou_auxiliar,P2,KEEP_HISTORICAL
scripts/build_v7_workflow.js,true,37036,3aa368cd7bfcd05f8865d0e9e774ecf6e2a83ec3648940321a4c639c5d297145,scripts,.js,codigo_configuracao,P1,KEEP_CODE
scripts/gerar_inventario_repositorio.py,false,7334,9f6263fbe9da179723d171ad12885e108a532f24b96402ad451e1274d6328055,scripts,.py,codigo_configuracao,P1,KEEP_CODE
scripts/public_release_manifest.json,true,6594,51b1b09c47ce1e70c337de88b2aeab61e96597feff007241de4b3c8ffeab4e87,scripts,.json,artefato_ou_evidencia,P2,REVIEW_RETENTION
scripts/tests/test_validate_public_release.py,true,7258,3e96303f02fe5f6f9377a87d3b6dc15c35885b90e27f0518c1d780921a1dc326,scripts,.py,teste,P1,KEEP_CODE
scripts/validate_public_release.py,true,21703,5d1cbe55c9834ef8e0c9e26835af1c274b3bee8c7d7d8e66011a4f3c336003c9,scripts,.py,codigo_configuracao,P1,KEEP_CODE
verify.py,true,611,5b29cc05185f9982397ef2da767d559f0492b0a6b50a42e1011fe34c9549e2e8,verify.py,.py,codigo_configuracao,P1,KEEP_CODE
