2026-03-04 09:28:02 [@b2a0b1229a27]
Externo #1: Executar DomainsAlert
2026-03-04 09:28:02 [@b2a0b1229a27]
Externo #2: Executar pendingreason_autobump_autosolve
2026-03-04 09:28:02 [@b2a0b1229a27]
Externo #3: Executar createinquest
2026-03-04 09:28:02 [@b2a0b1229a27]
Externo #4: Executar queuedwebhook
2026-03-04 09:28:02 [@b2a0b1229a27]
Externo #5: Executar purgedraftforms
2026-03-04 09:28:04 [@b2a0b1229a27]
Interno #1: Executar contract
2026-03-04 09:30:02 [@b2a0b1229a27]
Externo #1: Executar queuedwebhook
2026-03-04 09:32:01 [@b2a0b1229a27]
Externo #1: Executar queuedwebhook
2026-03-04 09:34:01 [@b2a0b1229a27]
Externo #1: Executar queuedwebhook
2026-03-04 09:36:01 [@b2a0b1229a27]
Externo #1: Executar queuedwebhook
2026-03-04 09:37:10 [@b2a0b1229a27]
Interno #1: Executar infocom
2026-03-04 09:38:02 [@b2a0b1229a27]
Externo #1: Executar queuedwebhook
2026-03-04 09:40:02 [@b2a0b1229a27]
Externo #1: Executar queuedwebhook
2026-03-04 09:42:02 [@b2a0b1229a27]
Externo #1: Executar queuedwebhook
2026-03-04 09:44:02 [@b2a0b1229a27]
Externo #1: Executar queuedwebhook
2026-03-04 09:44:16 [@b2a0b1229a27]
Interno #1: Executar mailgate
2026-03-04 09:46:02 [@b2a0b1229a27]
Externo #1: Executar queuedwebhook
2026-03-04 09:48:02 [@b2a0b1229a27]
Externo #1: Executar queuedwebhook
2026-03-04 09:50:02 [@b2a0b1229a27]
Externo #1: Executar queuedwebhook
2026-03-04 09:50:38 [@b2a0b1229a27]
Interno #1: Executar session
2026-03-04 09:52:02 [@b2a0b1229a27]
Externo #1: Executar queuedwebhook
2026-03-04 09:54:03 [@b2a0b1229a27]
Externo #1: Executar queuedwebhook
2026-03-04 09:56:02 [@b2a0b1229a27]
Externo #1: Executar queuedwebhook
2026-03-04 09:58:06 [@b2a0b1229a27]
Externo #1: Executar queuedwebhook
2026-03-04 09:58:06 [@b2a0b1229a27]
Externo #2: Executar pendingreason_autobump_autosolve
2026-03-04 10:00:03 [@b2a0b1229a27]
Externo #1: Executar queuedwebhook
2026-03-04 10:02:03 [@b2a0b1229a27]
Externo #1: Executar queuedwebhook
2026-03-04 10:04:02 [@b2a0b1229a27]
Externo #1: Executar queuedwebhook
2026-03-04 10:06:02 [@b2a0b1229a27]
Externo #1: Executar queuedwebhook
2026-03-04 10:08:02 [@b2a0b1229a27]
Externo #1: Executar queuedwebhook
2026-03-04 10:10:02 [@b2a0b1229a27]
Externo #1: Executar queuedwebhook
2026-03-04 10:12:01 [@b2a0b1229a27]
Externo #1: Executar queuedwebhook
2026-03-04 10:14:01 [@b2a0b1229a27]
Externo #1: Executar queuedwebhook
2026-03-04 10:16:01 [@b2a0b1229a27]
Externo #1: Executar queuedwebhook
2026-03-04 10:18:01 [@b2a0b1229a27]
Externo #1: Executar queuedwebhook
2026-03-04 10:20:01 [@b2a0b1229a27]
Externo #1: Executar queuedwebhook
2026-03-04 10:22:01 [@b2a0b1229a27]
Externo #1: Executar queuedwebhook
2026-03-04 10:24:01 [@b2a0b1229a27]
Externo #1: Executar queuedwebhook
2026-03-04 10:26:01 [@b2a0b1229a27]
Externo #1: Executar queuedwebhook
2026-03-04 10:28:01 [@b2a0b1229a27]
Externo #1: Executar queuedwebhook
2026-03-04 10:28:01 [@b2a0b1229a27]
Externo #2: Executar pendingreason_autobump_autosolve
2026-03-04 10:30:01 [@b2a0b1229a27]
Externo #1: Executar queuedwebhook
2026-03-04 10:32:01 [@b2a0b1229a27]
Externo #1: Executar queuedwebhook
2026-03-04 10:34:01 [@b2a0b1229a27]
Externo #1: Executar queuedwebhook
2026-03-04 10:36:01 [@b2a0b1229a27]
Externo #1: Executar queuedwebhook
2026-03-04 10:38:01 [@b2a0b1229a27]
Externo #1: Executar queuedwebhook
2026-03-04 10:40:02 [@b2a0b1229a27]
Externo #1: Executar queuedwebhook
2026-03-04 10:42:01 [@b2a0b1229a27]
Externo #1: Executar queuedwebhook
2026-03-04 10:44:01 [@b2a0b1229a27]
Externo #1: Executar queuedwebhook
2026-03-04 10:46:01 [@b2a0b1229a27]
Externo #1: Executar queuedwebhook
2026-03-04 10:48:01 [@b2a0b1229a27]
Externo #1: Executar queuedwebhook
2026-03-04 10:50:01 [@b2a0b1229a27]
Externo #1: Executar queuedwebhook
2026-03-04 10:52:01 [@b2a0b1229a27]
Externo #1: Executar queuedwebhook
2026-03-04 10:54:01 [@b2a0b1229a27]
Externo #1: Executar queuedwebhook
2026-03-04 10:56:02 [@b2a0b1229a27]
Externo #1: Executar queuedwebhook
2026-03-04 10:58:02 [@b2a0b1229a27]
Externo #1: Executar queuedwebhook
2026-03-04 10:58:02 [@b2a0b1229a27]
Externo #2: Executar pendingreason_autobump_autosolve
2026-03-04 11:00:01 [@b2a0b1229a27]
Externo #1: Executar queuedwebhook
2026-03-04 11:02:01 [@b2a0b1229a27]
Externo #1: Executar queuedwebhook
2026-03-04 11:04:02 [@b2a0b1229a27]
Externo #1: Executar queuedwebhook
2026-03-04 11:06:02 [@b2a0b1229a27]
Externo #1: Executar queuedwebhook
2026-03-04 11:08:01 [@b2a0b1229a27]
Externo #1: Executar queuedwebhook
2026-03-04 11:10:02 [@b2a0b1229a27]
Externo #1: Executar queuedwebhook
2026-03-04 11:12:02 [@b2a0b1229a27]
Externo #1: Executar queuedwebhook
2026-03-04 11:14:02 [@b2a0b1229a27]
Externo #1: Executar queuedwebhook
2026-03-04 11:16:02 [@b2a0b1229a27]
Externo #1: Executar queuedwebhook
2026-03-04 11:18:02 [@b2a0b1229a27]
Externo #1: Executar queuedwebhook
2026-03-04 11:20:02 [@b2a0b1229a27]
Externo #1: Executar queuedwebhook
2026-03-04 11:22:02 [@b2a0b1229a27]
Externo #1: Executar queuedwebhook
2026-03-04 11:24:02 [@b2a0b1229a27]
Externo #1: Executar queuedwebhook
2026-03-04 11:26:02 [@b2a0b1229a27]
Externo #1: Executar queuedwebhook
2026-03-04 11:28:02 [@b2a0b1229a27]
Externo #1: Executar queuedwebhook
2026-03-04 11:28:02 [@b2a0b1229a27]
Externo #2: Executar pendingreason_autobump_autosolve
2026-03-04 11:30:02 [@b2a0b1229a27]
Externo #1: Executar queuedwebhook
2026-03-04 11:32:02 [@b2a0b1229a27]
Externo #1: Executar queuedwebhook
2026-03-04 11:34:02 [@b2a0b1229a27]
Externo #1: Executar queuedwebhook
2026-03-04 11:36:02 [@b2a0b1229a27]
Externo #1: Executar queuedwebhook
2026-03-04 11:38:02 [@b2a0b1229a27]
Externo #1: Executar queuedwebhook
2026-03-04 11:40:01 [@b2a0b1229a27]
Externo #1: Executar queuedwebhook
2026-03-04 11:42:01 [@b2a0b1229a27]
Externo #1: Executar queuedwebhook
2026-03-04 11:44:01 [@b2a0b1229a27]
Externo #1: Executar queuedwebhook
2026-03-04 11:46:01 [@b2a0b1229a27]
Externo #1: Executar queuedwebhook
2026-03-04 11:48:01 [@b2a0b1229a27]
Externo #1: Executar queuedwebhook
2026-03-04 11:50:01 [@b2a0b1229a27]
Externo #1: Executar queuedwebhook
2026-03-04 11:52:01 [@b2a0b1229a27]
Externo #1: Executar queuedwebhook
2026-03-04 11:54:01 [@b2a0b1229a27]
Externo #1: Executar queuedwebhook
2026-03-04 11:56:01 [@b2a0b1229a27]
Externo #1: Executar queuedwebhook
2026-03-04 11:58:01 [@b2a0b1229a27]
Externo #1: Executar queuedwebhook
2026-03-04 11:58:01 [@b2a0b1229a27]
Externo #2: Executar pendingreason_autobump_autosolve
2026-03-04 12:00:01 [@b2a0b1229a27]
Externo #1: Executar queuedwebhook
2026-03-04 12:02:01 [@b2a0b1229a27]
Externo #1: Executar queuedwebhook
2026-03-04 12:04:01 [@b2a0b1229a27]
Externo #1: Executar queuedwebhook
2026-03-04 12:06:01 [@b2a0b1229a27]
Externo #1: Executar queuedwebhook
2026-03-04 12:08:01 [@b2a0b1229a27]
Externo #1: Executar queuedwebhook
2026-03-04 12:10:01 [@b2a0b1229a27]
Externo #1: Executar queuedwebhook
2026-03-04 12:12:01 [@b2a0b1229a27]
Externo #1: Executar queuedwebhook
2026-03-04 12:14:01 [@b2a0b1229a27]
Externo #1: Executar queuedwebhook
2026-03-04 12:16:01 [@b2a0b1229a27]
Externo #1: Executar queuedwebhook
2026-03-04 12:18:01 [@b2a0b1229a27]
Externo #1: Executar queuedwebhook
2026-03-04 12:20:01 [@b2a0b1229a27]
Externo #1: Executar queuedwebhook
2026-03-04 12:22:01 [@b2a0b1229a27]
Externo #1: Executar queuedwebhook
2026-03-04 12:24:01 [@b2a0b1229a27]
Externo #1: Executar queuedwebhook
2026-03-04 12:26:01 [@b2a0b1229a27]
Externo #1: Executar queuedwebhook
2026-03-04 12:28:01 [@b2a0b1229a27]
Externo #1: Executar queuedwebhook
2026-03-04 12:28:01 [@b2a0b1229a27]
Externo #2: Executar pendingreason_autobump_autosolve
2026-03-04 12:30:01 [@b2a0b1229a27]
Externo #1: Executar queuedwebhook
2026-03-04 12:32:01 [@b2a0b1229a27]
Externo #1: Executar queuedwebhook
2026-03-04 12:34:01 [@b2a0b1229a27]
Externo #1: Executar queuedwebhook
2026-03-04 12:36:01 [@b2a0b1229a27]
Externo #1: Executar queuedwebhook
2026-03-04 12:38:02 [@b2a0b1229a27]
Externo #1: Executar queuedwebhook
2026-03-04 12:40:02 [@b2a0b1229a27]
Externo #1: Executar queuedwebhook
2026-03-04 12:42:02 [@b2a0b1229a27]
Externo #1: Executar queuedwebhook
2026-03-04 12:44:02 [@b2a0b1229a27]
Externo #1: Executar queuedwebhook
2026-03-04 12:46:02 [@b2a0b1229a27]
Externo #1: Executar queuedwebhook
2026-03-04 12:48:02 [@b2a0b1229a27]
Externo #1: Executar queuedwebhook
2026-03-04 12:50:02 [@b2a0b1229a27]
Externo #1: Executar queuedwebhook
2026-03-04 12:52:02 [@b2a0b1229a27]
Externo #1: Executar queuedwebhook
2026-03-04 12:54:02 [@b2a0b1229a27]
Externo #1: Executar queuedwebhook
2026-03-04 12:56:02 [@b2a0b1229a27]
Externo #1: Executar queuedwebhook
2026-03-04 12:58:02 [@b2a0b1229a27]
Externo #1: Executar queuedwebhook
2026-03-04 12:58:02 [@b2a0b1229a27]
Externo #2: Executar pendingreason_autobump_autosolve
2026-03-04 13:00:02 [@b2a0b1229a27]
Externo #1: Executar queuedwebhook
2026-03-04 13:02:02 [@b2a0b1229a27]
Externo #1: Executar queuedwebhook
2026-03-04 13:04:02 [@b2a0b1229a27]
Externo #1: Executar queuedwebhook
2026-03-04 13:06:02 [@b2a0b1229a27]
Externo #1: Executar queuedwebhook
2026-03-04 13:08:02 [@b2a0b1229a27]
Externo #1: Executar queuedwebhook
2026-03-04 13:10:01 [@b2a0b1229a27]
Externo #1: Executar queuedwebhook
2026-03-04 13:12:01 [@b2a0b1229a27]
Externo #1: Executar queuedwebhook
2026-03-04 13:12:58 [@b2a0b1229a27]
Interno #1: Executar graph
2026-03-04 13:14:01 [@b2a0b1229a27]
Externo #1: Executar queuedwebhook
2026-03-04 13:16:01 [@b2a0b1229a27]
Externo #1: Executar queuedwebhook
2026-03-04 13:18:01 [@b2a0b1229a27]
Externo #1: Executar queuedwebhook
2026-03-04 13:20:01 [@b2a0b1229a27]
Externo #1: Executar queuedwebhook
2026-03-04 13:22:01 [@b2a0b1229a27]
Externo #1: Executar queuedwebhook
2026-03-04 13:22:38 [@b2a0b1229a27]
Interno #1: Executar reservation
2026-03-04 13:24:01 [@b2a0b1229a27]
Externo #1: Executar queuedwebhook
2026-03-04 13:26:01 [@b2a0b1229a27]
Externo #1: Executar queuedwebhook
2026-03-04 13:28:01 [@b2a0b1229a27]
Externo #1: Executar queuedwebhook
2026-03-04 13:28:01 [@b2a0b1229a27]
Externo #2: Executar pendingreason_autobump_autosolve
2026-03-04 13:30:01 [@b2a0b1229a27]
Externo #1: Executar queuedwebhook
2026-03-04 13:32:01 [@b2a0b1229a27]
Externo #1: Executar queuedwebhook
2026-03-04 13:34:01 [@b2a0b1229a27]
Externo #1: Executar queuedwebhook
2026-03-04 13:36:01 [@b2a0b1229a27]
Externo #1: Executar queuedwebhook
2026-03-04 13:38:01 [@b2a0b1229a27]
Externo #1: Executar queuedwebhook
2026-03-04 13:40:02 [@b2a0b1229a27]
Externo #1: Executar queuedwebhook
2026-03-04 13:42:02 [@b2a0b1229a27]
Externo #1: Executar queuedwebhook
2026-03-04 13:44:02 [@b2a0b1229a27]
Externo #1: Executar queuedwebhook
2026-03-04 13:46:02 [@b2a0b1229a27]
Externo #1: Executar queuedwebhook
2026-03-04 13:48:02 [@b2a0b1229a27]
Externo #1: Executar queuedwebhook
2026-03-04 13:50:02 [@b2a0b1229a27]
Externo #1: Executar queuedwebhook
2026-03-04 13:52:02 [@b2a0b1229a27]
Externo #1: Executar queuedwebhook
2026-03-04 13:54:02 [@b2a0b1229a27]
Externo #1: Executar queuedwebhook
2026-03-04 13:56:02 [@b2a0b1229a27]
Externo #1: Executar queuedwebhook
2026-03-04 13:58:02 [@b2a0b1229a27]
Externo #1: Executar queuedwebhook
2026-03-04 13:58:02 [@b2a0b1229a27]
Externo #2: Executar pendingreason_autobump_autosolve
2026-03-04 14:00:02 [@b2a0b1229a27]
Externo #1: Executar queuedwebhook
2026-03-04 14:02:02 [@b2a0b1229a27]
Externo #1: Executar queuedwebhook
2026-03-04 14:04:02 [@b2a0b1229a27]
Externo #1: Executar queuedwebhook
2026-03-04 14:06:02 [@b2a0b1229a27]
Externo #1: Executar queuedwebhook
2026-03-04 14:08:02 [@b2a0b1229a27]
Externo #1: Executar queuedwebhook
2026-03-04 14:10:01 [@b2a0b1229a27]
Externo #1: Executar queuedwebhook
2026-03-04 14:12:01 [@b2a0b1229a27]
Externo #1: Executar queuedwebhook
2026-03-04 14:14:01 [@b2a0b1229a27]
Externo #1: Executar queuedwebhook
2026-03-04 14:16:01 [@b2a0b1229a27]
Externo #1: Executar queuedwebhook
2026-03-04 14:18:01 [@b2a0b1229a27]
Externo #1: Executar queuedwebhook
2026-03-04 14:20:01 [@b2a0b1229a27]
Externo #1: Executar queuedwebhook
2026-03-04 14:22:01 [@b2a0b1229a27]
Externo #1: Executar queuedwebhook
2026-03-04 14:24:01 [@b2a0b1229a27]
Externo #1: Executar queuedwebhook
2026-03-04 14:26:01 [@b2a0b1229a27]
Externo #1: Executar queuedwebhook
2026-03-04 14:28:01 [@b2a0b1229a27]
Externo #1: Executar queuedwebhook
2026-03-04 14:28:01 [@b2a0b1229a27]
Externo #2: Executar pendingreason_autobump_autosolve
2026-03-04 14:30:01 [@b2a0b1229a27]
Externo #1: Executar queuedwebhook
2026-03-04 14:32:01 [@b2a0b1229a27]
Externo #1: Executar queuedwebhook
2026-03-04 14:34:01 [@b2a0b1229a27]
Externo #1: Executar queuedwebhook
2026-03-04 14:34:43 [@b2a0b1229a27]
Interno #1: Executar closeticket
2026-03-04 14:36:01 [@b2a0b1229a27]
Externo #1: Executar queuedwebhook
2026-03-04 14:38:01 [@b2a0b1229a27]
Externo #1: Executar queuedwebhook
2026-03-04 14:40:01 [@b2a0b1229a27]
Externo #1: Executar queuedwebhook
2026-03-04 14:40:18 [@b2a0b1229a27]
Interno #1: Executar alertnotclosed
2026-03-04 14:42:01 [@b2a0b1229a27]
Externo #1: Executar queuedwebhook
2026-03-04 14:44:01 [@b2a0b1229a27]
Externo #1: Executar queuedwebhook
2026-03-04 14:46:01 [@b2a0b1229a27]
Externo #1: Executar queuedwebhook
2026-03-04 14:48:01 [@b2a0b1229a27]
Externo #1: Executar queuedwebhook
2026-03-04 14:50:01 [@b2a0b1229a27]
Externo #1: Executar queuedwebhook
2026-03-04 14:52:02 [@b2a0b1229a27]
Externo #1: Executar queuedwebhook
2026-03-04 14:54:01 [@b2a0b1229a27]
Externo #1: Executar queuedwebhook
2026-03-04 14:56:01 [@b2a0b1229a27]
Externo #1: Executar queuedwebhook
2026-03-04 14:58:01 [@b2a0b1229a27]
Externo #1: Executar queuedwebhook
2026-03-04 14:58:01 [@b2a0b1229a27]
Externo #2: Executar pendingreason_autobump_autosolve
2026-03-04 15:00:01 [@b2a0b1229a27]
Externo #1: Executar queuedwebhook
2026-03-04 15:02:01 [@b2a0b1229a27]
Externo #1: Executar queuedwebhook
2026-03-04 15:04:01 [@b2a0b1229a27]
Externo #1: Executar queuedwebhook
2026-03-04 15:06:01 [@b2a0b1229a27]
Externo #1: Executar queuedwebhook
2026-03-04 15:08:01 [@b2a0b1229a27]
Externo #1: Executar queuedwebhook
2026-03-04 15:10:02 [@b2a0b1229a27]
Externo #1: Executar queuedwebhook
2026-03-04 15:12:02 [@b2a0b1229a27]
Externo #1: Executar queuedwebhook
2026-03-04 15:14:02 [@b2a0b1229a27]
Externo #1: Executar queuedwebhook
2026-03-04 15:16:02 [@b2a0b1229a27]
Externo #1: Executar queuedwebhook
2026-03-04 15:18:02 [@b2a0b1229a27]
Externo #1: Executar queuedwebhook
2026-03-04 15:20:02 [@b2a0b1229a27]
Externo #1: Executar queuedwebhook
2026-03-04 15:22:02 [@b2a0b1229a27]
Externo #1: Executar queuedwebhook
2026-03-04 15:24:02 [@b2a0b1229a27]
Externo #1: Executar queuedwebhook
2026-03-04 15:26:02 [@b2a0b1229a27]
Externo #1: Executar queuedwebhook
2026-03-04 15:28:02 [@b2a0b1229a27]
Externo #1: Executar queuedwebhook
2026-03-04 15:28:02 [@b2a0b1229a27]
Externo #2: Executar pendingreason_autobump_autosolve
2026-03-04 15:30:02 [@b2a0b1229a27]
Externo #1: Executar queuedwebhook
2026-03-04 15:32:02 [@b2a0b1229a27]
Externo #1: Executar queuedwebhook
2026-03-04 15:34:02 [@b2a0b1229a27]
Externo #1: Executar queuedwebhook
2026-03-04 15:36:02 [@b2a0b1229a27]
Externo #1: Executar queuedwebhook
2026-03-04 15:38:02 [@b2a0b1229a27]
Externo #1: Executar queuedwebhook
2026-03-04 15:40:02 [@b2a0b1229a27]
Externo #1: Executar queuedwebhook
2026-03-04 15:41:29 [@b2a0b1229a27]
Interno #1: Executar slaticket
2026-03-04 15:42:02 [@b2a0b1229a27]
Externo #1: Executar queuedwebhook
2026-03-04 15:44:02 [@b2a0b1229a27]
Externo #1: Executar queuedwebhook
2026-03-04 15:46:02 [@b2a0b1229a27]
Externo #1: Executar queuedwebhook
2026-03-04 15:48:02 [@b2a0b1229a27]
Externo #1: Executar queuedwebhook
2026-03-04 15:50:02 [@b2a0b1229a27]
Externo #1: Executar queuedwebhook
2026-03-04 15:52:02 [@b2a0b1229a27]
Externo #1: Executar queuedwebhook
2026-03-04 15:54:02 [@b2a0b1229a27]
Externo #1: Executar queuedwebhook
2026-03-04 15:56:02 [@b2a0b1229a27]
Externo #1: Executar queuedwebhook
2026-03-04 15:58:02 [@b2a0b1229a27]
Externo #1: Executar queuedwebhook
2026-03-04 15:58:02 [@b2a0b1229a27]
Externo #2: Executar pendingreason_autobump_autosolve
2026-03-04 16:00:02 [@b2a0b1229a27]
Externo #1: Executar queuedwebhook
2026-03-04 16:02:02 [@b2a0b1229a27]
Externo #1: Executar queuedwebhook
2026-03-04 16:04:02 [@b2a0b1229a27]
Externo #1: Executar queuedwebhook
2026-03-04 16:06:02 [@b2a0b1229a27]
Externo #1: Executar queuedwebhook
2026-03-04 16:08:03 [@b2a0b1229a27]
Externo #1: Executar queuedwebhook
2026-03-04 16:10:01 [@b2a0b1229a27]
Externo #1: Executar queuedwebhook
2026-03-04 16:12:01 [@b2a0b1229a27]
Externo #1: Executar queuedwebhook
2026-03-04 16:14:01 [@b2a0b1229a27]
Externo #1: Executar queuedwebhook
2026-03-04 16:16:01 [@b2a0b1229a27]
Externo #1: Executar queuedwebhook
2026-03-04 16:18:01 [@b2a0b1229a27]
Externo #1: Executar queuedwebhook
2026-03-04 16:20:01 [@b2a0b1229a27]
Externo #1: Executar queuedwebhook
2026-03-04 16:22:01 [@b2a0b1229a27]
Externo #1: Executar queuedwebhook
2026-03-04 16:24:01 [@b2a0b1229a27]
Externo #1: Executar queuedwebhook
2026-03-04 16:26:01 [@b2a0b1229a27]
Externo #1: Executar queuedwebhook
2026-03-04 16:28:01 [@b2a0b1229a27]
Externo #1: Executar queuedwebhook
2026-03-04 16:28:01 [@b2a0b1229a27]
Externo #2: Executar pendingreason_autobump_autosolve
2026-03-04 16:30:01 [@b2a0b1229a27]
Externo #1: Executar queuedwebhook
2026-03-04 16:32:01 [@b2a0b1229a27]
Externo #1: Executar queuedwebhook
2026-03-04 16:34:01 [@b2a0b1229a27]
Externo #1: Executar queuedwebhook
2026-03-04 16:36:01 [@b2a0b1229a27]
Externo #1: Executar queuedwebhook
2026-03-04 16:38:01 [@b2a0b1229a27]
Externo #1: Executar queuedwebhook
2026-03-04 16:40:02 [@b2a0b1229a27]
Externo #1: Executar queuedwebhook
2026-03-04 16:42:02 [@b2a0b1229a27]
Externo #1: Executar queuedwebhook
2026-03-04 16:44:02 [@b2a0b1229a27]
Externo #1: Executar queuedwebhook
2026-03-04 16:46:02 [@b2a0b1229a27]
Externo #1: Executar queuedwebhook
2026-03-04 16:48:02 [@b2a0b1229a27]
Externo #1: Executar queuedwebhook
2026-03-04 16:50:02 [@b2a0b1229a27]
Externo #1: Executar queuedwebhook
2026-03-04 16:52:02 [@b2a0b1229a27]
Externo #1: Executar queuedwebhook
2026-03-04 16:54:02 [@b2a0b1229a27]
Externo #1: Executar queuedwebhook
2026-03-04 16:56:02 [@b2a0b1229a27]
Externo #1: Executar queuedwebhook
2026-03-04 16:58:02 [@b2a0b1229a27]
Externo #1: Executar queuedwebhook
2026-03-04 16:58:02 [@b2a0b1229a27]
Externo #2: Executar pendingreason_autobump_autosolve
2026-03-04 17:00:02 [@b2a0b1229a27]
Externo #1: Executar queuedwebhook
2026-03-04 17:02:01 [@b2a0b1229a27]
Externo #1: Executar queuedwebhook
2026-03-04 17:04:01 [@b2a0b1229a27]
Externo #1: Executar queuedwebhook
2026-03-04 17:06:01 [@b2a0b1229a27]
Externo #1: Executar queuedwebhook
2026-03-04 17:08:01 [@b2a0b1229a27]
Externo #1: Executar queuedwebhook
2026-03-04 17:10:02 [@b2a0b1229a27]
Externo #1: Executar queuedwebhook
2026-03-04 17:12:02 [@b2a0b1229a27]
Externo #1: Executar queuedwebhook
2026-03-04 17:14:02 [@b2a0b1229a27]
Externo #1: Executar queuedwebhook
2026-03-04 19:16:28 [@b2a0b1229a27]
Externo #1: Executar queuedwebhook
2026-03-04 19:16:28 [@b2a0b1229a27]
Externo #2: Executar pendingreason_autobump_autosolve
2026-03-04 19:18:01 [@b2a0b1229a27]
Externo #1: Executar queuedwebhook
2026-03-04 19:20:01 [@b2a0b1229a27]
Externo #1: Executar queuedwebhook
2026-03-04 19:22:01 [@b2a0b1229a27]
Externo #1: Executar queuedwebhook
2026-03-04 19:24:01 [@b2a0b1229a27]
Externo #1: Executar queuedwebhook
2026-03-04 19:26:01 [@b2a0b1229a27]
Externo #1: Executar queuedwebhook
2026-03-04 19:28:01 [@b2a0b1229a27]
Externo #1: Executar queuedwebhook
2026-03-04 19:30:01 [@b2a0b1229a27]
Externo #1: Executar queuedwebhook
2026-03-04 19:32:01 [@b2a0b1229a27]
Externo #1: Executar queuedwebhook
2026-03-04 19:34:01 [@b2a0b1229a27]
Externo #1: Executar queuedwebhook
2026-03-04 19:36:01 [@b2a0b1229a27]
Externo #1: Executar queuedwebhook
2026-03-04 19:38:01 [@b2a0b1229a27]
Externo #1: Executar queuedwebhook
2026-03-04 19:40:02 [@b2a0b1229a27]
Externo #1: Executar queuedwebhook
2026-03-04 19:42:02 [@b2a0b1229a27]
Externo #1: Executar queuedwebhook
2026-03-04 19:44:02 [@b2a0b1229a27]
Externo #1: Executar queuedwebhook
2026-03-04 19:46:02 [@b2a0b1229a27]
Externo #1: Executar queuedwebhook
2026-03-04 19:46:02 [@b2a0b1229a27]
Externo #2: Executar pendingreason_autobump_autosolve
2026-03-04 19:48:02 [@b2a0b1229a27]
Externo #1: Executar queuedwebhook
2026-03-04 19:50:02 [@b2a0b1229a27]
Externo #1: Executar queuedwebhook
2026-03-04 19:52:02 [@b2a0b1229a27]
Externo #1: Executar queuedwebhook
2026-03-04 19:54:02 [@b2a0b1229a27]
Externo #1: Executar queuedwebhook
2026-03-04 19:56:02 [@b2a0b1229a27]
Externo #1: Executar queuedwebhook
2026-03-04 19:58:02 [@b2a0b1229a27]
Externo #1: Executar queuedwebhook
2026-03-04 20:00:02 [@b2a0b1229a27]
Externo #1: Executar queuedwebhook
2026-03-04 20:02:02 [@b2a0b1229a27]
Externo #1: Executar queuedwebhook
2026-03-04 20:04:02 [@b2a0b1229a27]
Externo #1: Executar queuedwebhook
2026-03-04 20:06:02 [@b2a0b1229a27]
Externo #1: Executar queuedwebhook
2026-03-04 20:08:02 [@b2a0b1229a27]
Externo #1: Executar queuedwebhook
2026-03-04 20:10:02 [@b2a0b1229a27]
Externo #1: Executar queuedwebhook
2026-03-04 20:12:02 [@b2a0b1229a27]
Externo #1: Executar queuedwebhook
2026-03-04 20:14:02 [@b2a0b1229a27]
Externo #1: Executar queuedwebhook
2026-03-04 20:16:02 [@b2a0b1229a27]
Externo #1: Executar queuedwebhook
2026-03-04 20:16:02 [@b2a0b1229a27]
Externo #2: Executar pendingreason_autobump_autosolve
2026-03-04 20:18:01 [@b2a0b1229a27]
Externo #1: Executar queuedwebhook
2026-03-04 20:20:01 [@b2a0b1229a27]
Externo #1: Executar queuedwebhook
2026-03-04 20:22:01 [@b2a0b1229a27]
Externo #1: Executar queuedwebhook
2026-03-04 20:24:01 [@b2a0b1229a27]
Externo #1: Executar queuedwebhook
2026-03-04 20:26:03 [@b2a0b1229a27]
Externo #1: Executar queuedwebhook
2026-03-04 20:28:03 [@b2a0b1229a27]
Externo #1: Executar queuedwebhook
2026-03-04 20:30:03 [@b2a0b1229a27]
Externo #1: Executar queuedwebhook
2026-03-04 20:32:02 [@b2a0b1229a27]
Externo #1: Executar queuedwebhook
2026-03-04 20:34:02 [@b2a0b1229a27]
Externo #1: Executar queuedwebhook
2026-03-04 20:36:02 [@b2a0b1229a27]
Externo #1: Executar queuedwebhook
2026-03-04 20:38:02 [@b2a0b1229a27]
Externo #1: Executar queuedwebhook
2026-03-04 20:40:01 [@b2a0b1229a27]
Externo #1: Executar queuedwebhook
2026-03-04 20:42:01 [@b2a0b1229a27]
Externo #1: Executar queuedwebhook
2026-03-04 20:44:01 [@b2a0b1229a27]
Externo #1: Executar queuedwebhook
2026-03-04 20:46:01 [@b2a0b1229a27]
Externo #1: Executar queuedwebhook
2026-03-04 20:46:01 [@b2a0b1229a27]
Externo #2: Executar pendingreason_autobump_autosolve
2026-03-04 20:48:01 [@b2a0b1229a27]
Externo #1: Executar queuedwebhook
2026-03-04 20:50:01 [@b2a0b1229a27]
Externo #1: Executar queuedwebhook
2026-03-04 20:52:01 [@b2a0b1229a27]
Externo #1: Executar queuedwebhook
2026-03-04 20:54:01 [@b2a0b1229a27]
Externo #1: Executar queuedwebhook
2026-03-04 20:56:01 [@b2a0b1229a27]
Externo #1: Executar queuedwebhook
2026-03-04 20:58:01 [@b2a0b1229a27]
Externo #1: Executar queuedwebhook
2026-03-04 21:00:01 [@b2a0b1229a27]
Externo #1: Executar queuedwebhook
2026-03-04 21:02:01 [@b2a0b1229a27]
Externo #1: Executar queuedwebhook
2026-03-04 21:04:01 [@b2a0b1229a27]
Externo #1: Executar queuedwebhook
2026-03-04 21:06:02 [@b2a0b1229a27]
Externo #1: Executar queuedwebhook
2026-03-04 21:08:01 [@b2a0b1229a27]
Externo #1: Executar queuedwebhook
2026-03-04 21:10:02 [@b2a0b1229a27]
Externo #1: Executar queuedwebhook
2026-03-04 21:12:02 [@b2a0b1229a27]
Externo #1: Executar queuedwebhook
2026-03-04 21:14:02 [@b2a0b1229a27]
Externo #1: Executar queuedwebhook
2026-03-04 21:16:02 [@b2a0b1229a27]
Externo #1: Executar queuedwebhook
2026-03-04 21:16:02 [@b2a0b1229a27]
Externo #2: Executar pendingreason_autobump_autosolve
2026-03-04 21:18:02 [@b2a0b1229a27]
Externo #1: Executar queuedwebhook
2026-03-04 21:20:02 [@b2a0b1229a27]
Externo #1: Executar queuedwebhook
2026-03-04 21:22:02 [@b2a0b1229a27]
Externo #1: Executar queuedwebhook
2026-03-04 21:24:02 [@b2a0b1229a27]
Externo #1: Executar queuedwebhook
2026-03-04 21:26:02 [@b2a0b1229a27]
Externo #1: Executar queuedwebhook
2026-03-04 21:28:02 [@b2a0b1229a27]
Externo #1: Executar queuedwebhook
2026-03-04 21:30:02 [@b2a0b1229a27]
Externo #1: Executar queuedwebhook
2026-03-04 21:32:02 [@b2a0b1229a27]
Externo #1: Executar queuedwebhook
2026-03-04 21:34:02 [@b2a0b1229a27]
Externo #1: Executar queuedwebhook
2026-03-04 21:36:02 [@b2a0b1229a27]
Externo #1: Executar queuedwebhook
2026-03-04 21:38:02 [@b2a0b1229a27]
Externo #1: Executar queuedwebhook
2026-03-04 21:40:01 [@b2a0b1229a27]
Externo #1: Executar queuedwebhook
2026-03-04 21:42:01 [@b2a0b1229a27]
Externo #1: Executar queuedwebhook
2026-03-04 21:44:01 [@b2a0b1229a27]
Externo #1: Executar queuedwebhook
2026-03-04 21:46:01 [@b2a0b1229a27]
Externo #1: Executar queuedwebhook
2026-03-04 21:46:01 [@b2a0b1229a27]
Externo #2: Executar pendingreason_autobump_autosolve
2026-03-04 21:48:01 [@b2a0b1229a27]
Externo #1: Executar queuedwebhook
2026-03-04 21:50:01 [@b2a0b1229a27]
Externo #1: Executar queuedwebhook
2026-03-04 21:52:01 [@b2a0b1229a27]
Externo #1: Executar queuedwebhook
2026-03-04 21:54:01 [@b2a0b1229a27]
Externo #1: Executar queuedwebhook
2026-03-04 21:56:01 [@b2a0b1229a27]
Externo #1: Executar queuedwebhook
2026-03-04 21:58:01 [@b2a0b1229a27]
Externo #1: Executar queuedwebhook
2026-03-04 22:00:01 [@b2a0b1229a27]
Externo #1: Executar queuedwebhook
2026-03-04 22:02:01 [@b2a0b1229a27]
Externo #1: Executar queuedwebhook
2026-03-04 22:04:02 [@b2a0b1229a27]
Externo #1: Executar queuedwebhook
2026-03-04 22:06:01 [@b2a0b1229a27]
Externo #1: Executar queuedwebhook
2026-03-04 22:08:01 [@b2a0b1229a27]
Externo #1: Executar queuedwebhook
2026-03-04 22:10:01 [@b2a0b1229a27]
Externo #1: Executar queuedwebhook
2026-03-04 22:12:01 [@b2a0b1229a27]
Externo #1: Executar queuedwebhook
2026-03-04 22:14:01 [@b2a0b1229a27]
Externo #1: Executar queuedwebhook
2026-03-04 22:16:01 [@b2a0b1229a27]
Externo #1: Executar queuedwebhook
2026-03-04 22:16:01 [@b2a0b1229a27]
Externo #2: Executar pendingreason_autobump_autosolve
2026-03-04 22:18:01 [@b2a0b1229a27]
Externo #1: Executar queuedwebhook
2026-03-04 22:20:01 [@b2a0b1229a27]
Externo #1: Executar queuedwebhook
2026-03-04 22:22:01 [@b2a0b1229a27]
Externo #1: Executar queuedwebhook
2026-03-04 22:24:01 [@b2a0b1229a27]
Externo #1: Executar queuedwebhook
2026-03-04 22:26:01 [@b2a0b1229a27]
Externo #1: Executar queuedwebhook
2026-03-04 22:28:01 [@b2a0b1229a27]
Externo #1: Executar queuedwebhook
2026-03-04 22:30:01 [@b2a0b1229a27]
Externo #1: Executar queuedwebhook
2026-03-04 22:32:01 [@b2a0b1229a27]
Externo #1: Executar queuedwebhook
2026-03-04 22:34:01 [@b2a0b1229a27]
Externo #1: Executar queuedwebhook
2026-03-04 22:36:01 [@b2a0b1229a27]
Externo #1: Executar queuedwebhook
2026-03-04 22:38:01 [@b2a0b1229a27]
Externo #1: Executar queuedwebhook
2026-03-04 22:40:02 [@b2a0b1229a27]
Externo #1: Executar queuedwebhook
2026-03-04 22:42:02 [@b2a0b1229a27]
Externo #1: Executar queuedwebhook
2026-03-04 22:44:02 [@b2a0b1229a27]
Externo #1: Executar queuedwebhook
2026-03-04 22:46:02 [@b2a0b1229a27]
Externo #1: Executar queuedwebhook
2026-03-04 22:46:02 [@b2a0b1229a27]
Externo #2: Executar pendingreason_autobump_autosolve
2026-03-04 22:48:02 [@b2a0b1229a27]
Externo #1: Executar queuedwebhook
2026-03-04 22:50:02 [@b2a0b1229a27]
Externo #1: Executar queuedwebhook
2026-03-04 22:52:02 [@b2a0b1229a27]
Externo #1: Executar queuedwebhook
2026-03-04 22:54:02 [@b2a0b1229a27]
Externo #1: Executar queuedwebhook
2026-03-04 22:56:02 [@b2a0b1229a27]
Externo #1: Executar queuedwebhook
2026-03-04 22:58:02 [@b2a0b1229a27]
Externo #1: Executar queuedwebhook
2026-03-04 23:00:02 [@b2a0b1229a27]
Externo #1: Executar queuedwebhook
2026-03-04 23:02:02 [@b2a0b1229a27]
Externo #1: Executar queuedwebhook
2026-03-04 23:04:02 [@b2a0b1229a27]
Externo #1: Executar queuedwebhook
2026-03-04 23:06:02 [@b2a0b1229a27]
Externo #1: Executar queuedwebhook
2026-03-04 23:08:02 [@b2a0b1229a27]
Externo #1: Executar queuedwebhook
2026-03-04 23:10:01 [@b2a0b1229a27]
Externo #1: Executar queuedwebhook
2026-03-04 23:12:01 [@b2a0b1229a27]
Externo #1: Executar queuedwebhook
2026-03-04 23:14:01 [@b2a0b1229a27]
Externo #1: Executar queuedwebhook
2026-03-04 23:16:01 [@b2a0b1229a27]
Externo #1: Executar queuedwebhook
2026-03-04 23:16:01 [@b2a0b1229a27]
Externo #2: Executar pendingreason_autobump_autosolve
2026-03-04 23:18:01 [@b2a0b1229a27]
Externo #1: Executar queuedwebhook
2026-03-04 23:20:01 [@b2a0b1229a27]
Externo #1: Executar queuedwebhook
2026-03-04 23:22:01 [@b2a0b1229a27]
Externo #1: Executar queuedwebhook
2026-03-04 23:24:01 [@b2a0b1229a27]
Externo #1: Executar queuedwebhook
2026-03-04 23:26:01 [@b2a0b1229a27]
Externo #1: Executar queuedwebhook
2026-03-04 23:28:01 [@b2a0b1229a27]
Externo #1: Executar queuedwebhook
2026-03-04 23:30:01 [@b2a0b1229a27]
Externo #1: Executar queuedwebhook
2026-03-04 23:32:01 [@b2a0b1229a27]
Externo #1: Executar queuedwebhook
2026-03-04 23:34:01 [@b2a0b1229a27]
Externo #1: Executar queuedwebhook
2026-03-04 23:36:01 [@b2a0b1229a27]
Externo #1: Executar queuedwebhook
2026-03-04 23:38:01 [@b2a0b1229a27]
Externo #1: Executar queuedwebhook
2026-03-04 23:40:02 [@b2a0b1229a27]
Externo #1: Executar queuedwebhook
2026-03-04 23:42:02 [@b2a0b1229a27]
Externo #1: Executar queuedwebhook
2026-03-04 23:44:02 [@b2a0b1229a27]
Externo #1: Executar queuedwebhook
2026-03-04 23:46:02 [@b2a0b1229a27]
Externo #1: Executar queuedwebhook
2026-03-04 23:46:02 [@b2a0b1229a27]
Externo #2: Executar pendingreason_autobump_autosolve
2026-03-04 23:48:02 [@b2a0b1229a27]
Externo #1: Executar queuedwebhook
2026-03-04 23:50:02 [@b2a0b1229a27]
Externo #1: Executar queuedwebhook
2026-03-04 23:52:02 [@b2a0b1229a27]
Externo #1: Executar queuedwebhook
2026-03-04 23:54:02 [@b2a0b1229a27]
Externo #1: Executar queuedwebhook
2026-03-04 23:56:01 [@b2a0b1229a27]
Externo #1: Executar queuedwebhook
2026-03-04 23:58:02 [@b2a0b1229a27]
Externo #1: Executar queuedwebhook
2026-03-05 00:00:01 [@b2a0b1229a27]
Externo #1: Executar PurgeLogs
2026-03-05 00:00:02 [@b2a0b1229a27]
Externo #2: Executar checkAllUpdates
2026-03-05 00:00:02 [@b2a0b1229a27]
Externo #3: Executar cleanorphans
2026-03-05 00:00:02 [@b2a0b1229a27]
Externo #4: Executar Cleanoldagents
2026-03-05 00:00:02 [@b2a0b1229a27]
Externo #5: Executar queuedwebhookclean
2026-03-05 00:02:01 [@b2a0b1229a27]
Externo #1: Executar queuedwebhook
2026-03-05 00:04:03 [@b2a0b1229a27]
Externo #1: Executar queuedwebhook
2026-03-05 00:06:02 [@b2a0b1229a27]
Externo #1: Executar queuedwebhook
2026-03-05 00:08:02 [@b2a0b1229a27]
Externo #1: Executar queuedwebhook
2026-03-05 00:10:01 [@b2a0b1229a27]
Externo #1: Executar queuedwebhook
2026-03-05 00:12:01 [@b2a0b1229a27]
Externo #1: Executar queuedwebhook
2026-03-05 00:14:01 [@b2a0b1229a27]
Externo #1: Executar queuedwebhook
2026-03-05 00:16:01 [@b2a0b1229a27]
Externo #1: Executar queuedwebhook
2026-03-05 00:16:01 [@b2a0b1229a27]
Externo #2: Executar pendingreason_autobump_autosolve
2026-03-05 00:18:01 [@b2a0b1229a27]
Externo #1: Executar queuedwebhook
2026-03-05 00:20:01 [@b2a0b1229a27]
Externo #1: Executar queuedwebhook
2026-03-05 00:22:01 [@b2a0b1229a27]
Externo #1: Executar queuedwebhook
2026-03-05 00:24:01 [@b2a0b1229a27]
Externo #1: Executar queuedwebhook
2026-03-05 00:26:01 [@b2a0b1229a27]
Externo #1: Executar queuedwebhook
2026-03-05 00:28:01 [@b2a0b1229a27]
Externo #1: Executar queuedwebhook
2026-03-05 00:30:01 [@b2a0b1229a27]
Externo #1: Executar queuedwebhook
2026-03-05 00:32:02 [@b2a0b1229a27]
Externo #1: Executar queuedwebhook
2026-03-05 00:34:02 [@b2a0b1229a27]
Externo #1: Executar queuedwebhook
2026-03-05 00:36:02 [@b2a0b1229a27]
Externo #1: Executar queuedwebhook
2026-03-05 00:38:01 [@b2a0b1229a27]
Externo #1: Executar queuedwebhook
2026-03-05 00:40:02 [@b2a0b1229a27]
Externo #1: Executar queuedwebhook
2026-03-05 00:42:02 [@b2a0b1229a27]
Externo #1: Executar queuedwebhook
2026-03-05 00:44:02 [@b2a0b1229a27]
Externo #1: Executar queuedwebhook
2026-03-05 00:46:02 [@b2a0b1229a27]
Externo #1: Executar queuedwebhook
2026-03-05 00:46:02 [@b2a0b1229a27]
Externo #2: Executar pendingreason_autobump_autosolve
2026-03-05 00:48:02 [@b2a0b1229a27]
Externo #1: Executar queuedwebhook
2026-03-05 00:50:02 [@b2a0b1229a27]
Externo #1: Executar queuedwebhook
2026-03-05 00:52:02 [@b2a0b1229a27]
Externo #1: Executar queuedwebhook
2026-03-05 00:54:02 [@b2a0b1229a27]
Externo #1: Executar queuedwebhook
2026-03-05 00:56:02 [@b2a0b1229a27]
Externo #1: Executar queuedwebhook
2026-03-05 00:58:02 [@b2a0b1229a27]
Externo #1: Executar queuedwebhook
2026-03-05 01:00:02 [@b2a0b1229a27]
Externo #1: Executar queuedwebhook
2026-03-05 01:02:02 [@b2a0b1229a27]
Externo #1: Executar queuedwebhook
2026-03-05 01:04:02 [@b2a0b1229a27]
Externo #1: Executar queuedwebhook
2026-03-05 01:06:02 [@b2a0b1229a27]
Externo #1: Executar queuedwebhook
2026-03-05 01:08:02 [@b2a0b1229a27]
Externo #1: Executar queuedwebhook
2026-03-05 01:10:01 [@b2a0b1229a27]
Externo #1: Executar queuedwebhook
2026-03-05 01:12:01 [@b2a0b1229a27]
Externo #1: Executar queuedwebhook
2026-03-05 01:14:01 [@b2a0b1229a27]
Externo #1: Executar queuedwebhook
2026-03-05 01:16:01 [@b2a0b1229a27]
Externo #1: Executar queuedwebhook
2026-03-05 01:16:01 [@b2a0b1229a27]
Externo #2: Executar pendingreason_autobump_autosolve
2026-03-05 01:18:01 [@b2a0b1229a27]
Externo #1: Executar queuedwebhook
2026-03-05 01:20:01 [@b2a0b1229a27]
Externo #1: Executar queuedwebhook
2026-03-05 01:22:01 [@b2a0b1229a27]
Externo #1: Executar queuedwebhook
2026-03-05 01:24:01 [@b2a0b1229a27]
Externo #1: Executar queuedwebhook
2026-03-05 01:26:01 [@b2a0b1229a27]
Externo #1: Executar queuedwebhook
2026-03-05 01:28:01 [@b2a0b1229a27]
Externo #1: Executar queuedwebhook
2026-03-05 01:30:01 [@b2a0b1229a27]
Externo #1: Executar queuedwebhook
2026-03-05 01:32:01 [@b2a0b1229a27]
Externo #1: Executar queuedwebhook
2026-03-05 01:34:01 [@b2a0b1229a27]
Externo #1: Executar queuedwebhook
2026-03-05 01:36:01 [@b2a0b1229a27]
Externo #1: Executar queuedwebhook
2026-03-05 01:38:01 [@b2a0b1229a27]
Externo #1: Executar queuedwebhook
2026-03-05 01:40:02 [@b2a0b1229a27]
Externo #1: Executar queuedwebhook
2026-03-05 01:42:01 [@b2a0b1229a27]
Externo #1: Executar queuedwebhook
2026-03-05 01:44:01 [@b2a0b1229a27]
Externo #1: Executar queuedwebhook
2026-03-05 01:46:01 [@b2a0b1229a27]
Externo #1: Executar queuedwebhook
2026-03-05 01:46:01 [@b2a0b1229a27]
Externo #2: Executar pendingreason_autobump_autosolve
2026-03-05 01:48:01 [@b2a0b1229a27]
Externo #1: Executar queuedwebhook
2026-03-05 01:50:01 [@b2a0b1229a27]
Externo #1: Executar queuedwebhook
2026-03-05 01:52:01 [@b2a0b1229a27]
Externo #1: Executar queuedwebhook
2026-03-05 01:54:01 [@b2a0b1229a27]
Externo #1: Executar queuedwebhook
2026-03-05 01:56:01 [@b2a0b1229a27]
Externo #1: Executar queuedwebhook
2026-03-05 01:58:01 [@b2a0b1229a27]
Externo #1: Executar queuedwebhook
2026-03-05 02:00:01 [@b2a0b1229a27]
Externo #1: Executar queuedwebhook
2026-03-05 02:02:01 [@b2a0b1229a27]
Externo #1: Executar queuedwebhook
2026-03-05 02:04:01 [@b2a0b1229a27]
Externo #1: Executar queuedwebhook
2026-03-05 02:06:01 [@b2a0b1229a27]
Externo #1: Executar queuedwebhook
2026-03-05 02:08:01 [@b2a0b1229a27]
Externo #1: Executar queuedwebhook
2026-03-05 02:10:02 [@b2a0b1229a27]
Externo #1: Executar queuedwebhook
2026-03-05 02:12:02 [@b2a0b1229a27]
Externo #1: Executar queuedwebhook
2026-03-05 02:14:02 [@b2a0b1229a27]
Externo #1: Executar queuedwebhook
2026-03-05 02:16:02 [@b2a0b1229a27]
Externo #1: Executar queuedwebhook
2026-03-05 02:16:02 [@b2a0b1229a27]
Externo #2: Executar pendingreason_autobump_autosolve
2026-03-05 02:18:02 [@b2a0b1229a27]
Externo #1: Executar queuedwebhook
2026-03-05 02:20:02 [@b2a0b1229a27]
Externo #1: Executar queuedwebhook
2026-03-05 02:22:02 [@b2a0b1229a27]
Externo #1: Executar queuedwebhook
2026-03-05 02:24:02 [@b2a0b1229a27]
Externo #1: Executar queuedwebhook
2026-03-05 02:26:02 [@b2a0b1229a27]
Externo #1: Executar queuedwebhook
2026-03-05 02:28:02 [@b2a0b1229a27]
Externo #1: Executar queuedwebhook
2026-03-05 02:30:02 [@b2a0b1229a27]
Externo #1: Executar queuedwebhook
2026-03-05 06:48:01 [@b2a0b1229a27]
Externo #1: Executar queuedwebhook
2026-03-05 06:48:01 [@b2a0b1229a27]
Externo #2: Executar pendingreason_autobump_autosolve
2026-03-05 06:50:01 [@b2a0b1229a27]
Externo #1: Executar queuedwebhook
2026-03-05 06:52:01 [@b2a0b1229a27]
Externo #1: Executar queuedwebhook
2026-03-05 06:54:01 [@b2a0b1229a27]
Externo #1: Executar queuedwebhook
2026-03-05 06:56:01 [@b2a0b1229a27]
Externo #1: Executar queuedwebhook
2026-03-05 06:58:01 [@b2a0b1229a27]
Externo #1: Executar queuedwebhook
2026-03-05 07:00:02 [@b2a0b1229a27]
Externo #1: Executar queuedwebhook
2026-03-05 07:02:02 [@b2a0b1229a27]
Externo #1: Executar queuedwebhook
2026-03-05 07:04:02 [@b2a0b1229a27]
Externo #1: Executar queuedwebhook
2026-03-05 07:06:01 [@b2a0b1229a27]
Externo #1: Executar queuedwebhook
2026-03-05 07:08:02 [@b2a0b1229a27]
Externo #1: Executar queuedwebhook
2026-03-05 07:10:02 [@b2a0b1229a27]
Externo #1: Executar queuedwebhook
2026-03-05 07:12:02 [@b2a0b1229a27]
Externo #1: Executar queuedwebhook
2026-03-05 07:14:02 [@b2a0b1229a27]
Externo #1: Executar queuedwebhook
2026-03-05 07:16:01 [@b2a0b1229a27]
Externo #1: Executar queuedwebhook
2026-03-05 07:18:02 [@b2a0b1229a27]
Externo #1: Executar queuedwebhook
2026-03-05 07:18:02 [@b2a0b1229a27]
Externo #2: Executar pendingreason_autobump_autosolve
2026-03-05 07:20:02 [@b2a0b1229a27]
Externo #1: Executar queuedwebhook
2026-03-05 07:22:02 [@b2a0b1229a27]
Externo #1: Executar queuedwebhook
2026-03-05 07:24:02 [@b2a0b1229a27]
Externo #1: Executar queuedwebhook
2026-03-05 07:26:03 [@b2a0b1229a27]
Externo #1: Executar queuedwebhook
2026-03-05 07:28:03 [@b2a0b1229a27]
Externo #1: Executar queuedwebhook
2026-03-05 07:30:02 [@b2a0b1229a27]
Externo #1: Executar queuedwebhook
2026-03-05 07:32:02 [@b2a0b1229a27]
Externo #1: Executar queuedwebhook
2026-03-05 07:34:05 [@b2a0b1229a27]
Externo #1: Executar queuedwebhook
2026-03-05 07:36:03 [@b2a0b1229a27]
Externo #1: Executar queuedwebhook
2026-03-05 07:38:01 [@b2a0b1229a27]
Externo #1: Executar queuedwebhook
2026-03-05 07:40:02 [@b2a0b1229a27]
Externo #1: Executar queuedwebhook
2026-03-05 07:42:03 [@b2a0b1229a27]
Externo #1: Executar queuedwebhook
2026-03-05 07:44:02 [@b2a0b1229a27]
Externo #1: Executar queuedwebhook
2026-03-05 07:46:02 [@b2a0b1229a27]
Externo #1: Executar queuedwebhook
2026-03-05 07:48:03 [@b2a0b1229a27]
Externo #1: Executar queuedwebhook
2026-03-05 07:48:04 [@b2a0b1229a27]
Externo #2: Executar pendingreason_autobump_autosolve
2026-03-05 07:50:02 [@b2a0b1229a27]
Externo #1: Executar queuedwebhook
2026-03-05 07:52:02 [@b2a0b1229a27]
Externo #1: Executar queuedwebhook
2026-03-05 07:54:01 [@b2a0b1229a27]
Externo #1: Executar queuedwebhook
2026-03-05 07:56:01 [@b2a0b1229a27]
Externo #1: Executar queuedwebhook
2026-03-05 07:58:01 [@b2a0b1229a27]
Externo #1: Executar queuedwebhook
2026-03-05 08:08:02 [@b2a0b1229a27]
Externo #1: Executar queuedwebhook
2026-03-05 08:10:02 [@b2a0b1229a27]
Externo #1: Executar queuedwebhook
2026-03-05 08:12:02 [@b2a0b1229a27]
Externo #1: Executar queuedwebhook
2026-03-05 08:14:02 [@b2a0b1229a27]
Externo #1: Executar queuedwebhook
2026-03-05 08:16:02 [@b2a0b1229a27]
Externo #1: Executar queuedwebhook
2026-03-05 08:18:02 [@b2a0b1229a27]
Externo #1: Executar queuedwebhook
2026-03-05 08:18:02 [@b2a0b1229a27]
Externo #2: Executar pendingreason_autobump_autosolve
2026-03-05 08:20:02 [@b2a0b1229a27]
Externo #1: Executar queuedwebhook
2026-03-05 08:22:02 [@b2a0b1229a27]
Externo #1: Executar queuedwebhook
2026-03-05 08:24:02 [@b2a0b1229a27]
Externo #1: Executar queuedwebhook
2026-03-05 08:26:02 [@b2a0b1229a27]
Externo #1: Executar queuedwebhook
2026-03-05 08:28:02 [@b2a0b1229a27]
Externo #1: Executar queuedwebhook
2026-03-05 08:30:02 [@b2a0b1229a27]
Externo #1: Executar queuedwebhook
2026-03-05 08:32:02 [@b2a0b1229a27]
Externo #1: Executar queuedwebhook
2026-03-05 08:34:02 [@b2a0b1229a27]
Externo #1: Executar queuedwebhook
2026-03-05 08:36:02 [@b2a0b1229a27]
Externo #1: Executar queuedwebhook
2026-03-05 08:38:02 [@b2a0b1229a27]
Externo #1: Executar queuedwebhook
2026-03-05 08:38:32 [@b2a0b1229a27]
Interno #1: Executar createinquest
2026-03-05 08:40:02 [@b2a0b1229a27]
Externo #1: Executar queuedwebhook
2026-03-05 08:42:02 [@b2a0b1229a27]
Externo #1: Executar queuedwebhook
2026-03-05 08:44:02 [@b2a0b1229a27]
Externo #1: Executar queuedwebhook
2026-03-05 08:46:02 [@b2a0b1229a27]
Externo #1: Executar queuedwebhook
2026-03-05 08:48:02 [@b2a0b1229a27]
Externo #1: Executar queuedwebhook
2026-03-05 08:48:02 [@b2a0b1229a27]
Externo #2: Executar pendingreason_autobump_autosolve
2026-03-05 08:50:02 [@b2a0b1229a27]
Externo #1: Executar queuedwebhook
2026-03-05 08:52:02 [@b2a0b1229a27]
Externo #1: Executar queuedwebhook
2026-03-05 08:54:02 [@b2a0b1229a27]
Externo #1: Executar queuedwebhook
2026-03-05 08:56:02 [@b2a0b1229a27]
Externo #1: Executar queuedwebhook
2026-03-05 09:00:02 [@b2a0b1229a27]
Não foi possível adquirir bloqueio do DB
2026-03-05 09:00:02 [@b2a0b1229a27]
Externo #1: Executar queuedwebhook
2026-03-05 09:02:01 [@b2a0b1229a27]
Externo #1: Executar queuedwebhook
2026-03-05 09:04:01 [@b2a0b1229a27]
Externo #1: Executar queuedwebhook
2026-03-06 15:44:19 [@b2a0b1229a27]
Externo #1: Executar queuedwebhook
2026-03-06 15:44:19 [@b2a0b1229a27]
Externo #2: Executar pendingreason_autobump_autosolve
2026-03-06 15:44:21 [@b2a0b1229a27]
Externo #3: Executar DomainsAlert
2026-03-06 15:44:21 [@b2a0b1229a27]
Externo #4: Executar createinquest
2026-03-06 15:44:23 [@b2a0b1229a27]
Externo #5: Executar purgedraftforms
2026-03-06 15:46:02 [@b2a0b1229a27]
Externo #1: Executar queuedwebhook
2026-03-06 15:48:01 [@b2a0b1229a27]
Externo #1: Executar queuedwebhook
2026-03-06 15:50:02 [@b2a0b1229a27]
Externo #1: Executar queuedwebhook
2026-03-06 15:52:01 [@b2a0b1229a27]
Externo #1: Executar queuedwebhook
2026-03-06 15:54:01 [@b2a0b1229a27]
Externo #1: Executar queuedwebhook
2026-03-06 15:56:01 [@b2a0b1229a27]
Externo #1: Executar queuedwebhook
2026-03-06 15:58:01 [@b2a0b1229a27]
Externo #1: Executar queuedwebhook
2026-03-06 16:00:01 [@b2a0b1229a27]
Externo #1: Executar queuedwebhook
2026-03-06 16:02:01 [@b2a0b1229a27]
Externo #1: Executar queuedwebhook
2026-03-06 16:04:01 [@b2a0b1229a27]
Externo #1: Executar queuedwebhook
2026-03-06 16:06:01 [@b2a0b1229a27]
Externo #1: Executar queuedwebhook
2026-03-06 16:08:01 [@b2a0b1229a27]
Externo #1: Executar queuedwebhook
2026-03-06 16:10:01 [@b2a0b1229a27]
Externo #1: Executar queuedwebhook
2026-03-06 16:12:02 [@b2a0b1229a27]
Externo #1: Executar queuedwebhook
2026-03-06 16:14:02 [@b2a0b1229a27]
Externo #1: Executar queuedwebhook
2026-03-06 16:14:02 [@b2a0b1229a27]
Externo #2: Executar pendingreason_autobump_autosolve
2026-03-06 16:16:01 [@b2a0b1229a27]
Externo #1: Executar queuedwebhook
2026-03-06 16:18:04 [@b2a0b1229a27]
Externo #1: Executar queuedwebhook
2026-03-06 16:20:02 [@b2a0b1229a27]
Externo #1: Executar queuedwebhook
2026-03-06 16:22:02 [@b2a0b1229a27]
Externo #1: Executar queuedwebhook
2026-03-06 16:24:02 [@b2a0b1229a27]
Externo #1: Executar queuedwebhook
2026-03-06 16:26:02 [@b2a0b1229a27]
Externo #1: Executar queuedwebhook
2026-03-06 16:28:03 [@b2a0b1229a27]
Externo #1: Executar queuedwebhook
2026-03-06 16:30:02 [@b2a0b1229a27]
Externo #1: Executar queuedwebhook
2026-03-06 16:32:02 [@b2a0b1229a27]
Externo #1: Executar queuedwebhook
2026-03-06 16:34:02 [@b2a0b1229a27]
Externo #1: Executar queuedwebhook
2026-03-06 16:36:02 [@b2a0b1229a27]
Externo #1: Executar queuedwebhook
2026-03-06 16:38:03 [@b2a0b1229a27]
Externo #1: Executar queuedwebhook
2026-03-06 16:40:03 [@b2a0b1229a27]
Externo #1: Executar queuedwebhook
2026-03-06 16:42:03 [@b2a0b1229a27]
Externo #1: Executar queuedwebhook
2026-03-09 13:44:21 [@b2a0b1229a27]
Externo #1: Executar queuedwebhook
2026-03-09 13:44:21 [@b2a0b1229a27]
Externo #2: Executar pendingreason_autobump_autosolve
2026-03-09 13:44:21 [@b2a0b1229a27]
Externo #3: Executar DomainsAlert
2026-03-09 13:44:21 [@b2a0b1229a27]
Externo #4: Executar createinquest
2026-03-09 13:44:21 [@b2a0b1229a27]
Externo #5: Executar purgedraftforms
2026-03-09 13:46:02 [@b2a0b1229a27]
Externo #1: Executar queuedwebhook
2026-03-09 13:48:01 [@b2a0b1229a27]
Externo #1: Executar queuedwebhook
2026-03-09 13:50:03 [@b2a0b1229a27]
Externo #1: Executar queuedwebhook
2026-03-09 13:52:02 [@b2a0b1229a27]
Externo #1: Executar queuedwebhook
2026-03-09 13:54:02 [@b2a0b1229a27]
Externo #1: Executar queuedwebhook
2026-03-09 13:56:03 [@b2a0b1229a27]
Externo #1: Executar queuedwebhook
2026-03-09 13:58:03 [@b2a0b1229a27]
Externo #1: Executar queuedwebhook
2026-03-09 14:00:02 [@b2a0b1229a27]
Externo #1: Executar queuedwebhook
2026-03-09 14:02:03 [@b2a0b1229a27]
Externo #1: Executar queuedwebhook
2026-03-09 14:04:03 [@b2a0b1229a27]
Externo #1: Executar queuedwebhook
2026-03-09 14:06:03 [@b2a0b1229a27]
Externo #1: Executar queuedwebhook
2026-03-09 14:08:02 [@b2a0b1229a27]
Externo #1: Executar queuedwebhook
2026-03-09 14:10:02 [@b2a0b1229a27]
Externo #1: Executar queuedwebhook
2026-03-09 14:12:03 [@b2a0b1229a27]
Externo #1: Executar queuedwebhook
2026-03-09 14:14:02 [@b2a0b1229a27]
Externo #1: Executar queuedwebhook
2026-03-09 14:14:02 [@b2a0b1229a27]
Externo #2: Executar pendingreason_autobump_autosolve
2026-03-09 14:14:55 [@b2a0b1229a27]
Interno #1: Executar watcher
2026-03-09 14:16:02 [@b2a0b1229a27]
Externo #1: Executar queuedwebhook
2026-03-09 14:18:02 [@b2a0b1229a27]
Externo #1: Executar queuedwebhook
2026-03-09 14:20:04 [@b2a0b1229a27]
Externo #1: Executar queuedwebhook
2026-03-09 14:22:02 [@b2a0b1229a27]
Externo #1: Executar queuedwebhook
2026-03-09 14:24:02 [@b2a0b1229a27]
Externo #1: Executar queuedwebhook
2026-03-09 14:26:01 [@b2a0b1229a27]
Externo #1: Executar queuedwebhook
2026-03-09 14:28:02 [@b2a0b1229a27]
Externo #1: Executar queuedwebhook
2026-03-09 14:30:03 [@b2a0b1229a27]
Externo #1: Executar queuedwebhook
2026-03-09 14:32:02 [@b2a0b1229a27]
Externo #1: Executar queuedwebhook
2026-03-09 14:34:02 [@b2a0b1229a27]
Externo #1: Executar queuedwebhook
2026-03-09 14:36:03 [@b2a0b1229a27]
Externo #1: Executar queuedwebhook
2026-03-09 14:38:02 [@b2a0b1229a27]
Externo #1: Executar queuedwebhook
2026-03-09 14:40:02 [@b2a0b1229a27]
Externo #1: Executar queuedwebhook
2026-03-09 14:42:02 [@b2a0b1229a27]
Externo #1: Executar queuedwebhook
2026-03-09 14:44:03 [@b2a0b1229a27]
Externo #1: Executar queuedwebhook
2026-03-09 14:44:04 [@b2a0b1229a27]
Externo #2: Executar pendingreason_autobump_autosolve
2026-03-09 14:46:02 [@b2a0b1229a27]
Externo #1: Executar queuedwebhook
2026-03-09 14:48:03 [@b2a0b1229a27]
Externo #1: Executar queuedwebhook
2026-03-09 14:50:02 [@b2a0b1229a27]
Externo #1: Executar queuedwebhook
2026-03-09 14:52:02 [@b2a0b1229a27]
Externo #1: Executar queuedwebhook
2026-03-09 14:54:02 [@b2a0b1229a27]
Externo #1: Executar queuedwebhook
2026-03-09 14:56:02 [@b2a0b1229a27]
Externo #1: Executar queuedwebhook
2026-03-09 14:58:02 [@b2a0b1229a27]
Externo #1: Executar queuedwebhook
2026-03-09 15:00:02 [@b2a0b1229a27]
Externo #1: Executar queuedwebhook
2026-03-09 15:02:02 [@b2a0b1229a27]
Externo #1: Executar queuedwebhook
2026-03-09 15:04:02 [@b2a0b1229a27]
Externo #1: Executar queuedwebhook
2026-03-09 15:06:02 [@b2a0b1229a27]
Externo #1: Executar queuedwebhook
2026-03-09 15:08:02 [@b2a0b1229a27]
Externo #1: Executar queuedwebhook
2026-03-09 15:10:02 [@b2a0b1229a27]
Externo #1: Executar queuedwebhook
2026-03-09 15:12:02 [@b2a0b1229a27]
Externo #1: Executar queuedwebhook
2026-03-09 15:14:02 [@b2a0b1229a27]
Externo #1: Executar queuedwebhook
2026-03-09 15:14:02 [@b2a0b1229a27]
Externo #2: Executar pendingreason_autobump_autosolve
2026-03-09 15:16:02 [@b2a0b1229a27]
Externo #1: Executar queuedwebhook
2026-03-09 15:18:02 [@b2a0b1229a27]
Externo #1: Executar queuedwebhook
2026-03-09 15:20:02 [@b2a0b1229a27]
Externo #1: Executar queuedwebhook
2026-03-09 15:22:02 [@b2a0b1229a27]
Externo #1: Executar queuedwebhook
2026-03-09 15:24:02 [@b2a0b1229a27]
Externo #1: Executar queuedwebhook
2026-03-09 15:26:02 [@b2a0b1229a27]
Externo #1: Executar queuedwebhook
2026-03-09 15:28:02 [@b2a0b1229a27]
Externo #1: Executar queuedwebhook
2026-03-09 15:30:02 [@b2a0b1229a27]
Externo #1: Executar queuedwebhook
2026-03-09 15:32:02 [@b2a0b1229a27]
Externo #1: Executar queuedwebhook
2026-03-09 15:34:02 [@b2a0b1229a27]
Externo #1: Executar queuedwebhook
2026-03-09 15:36:02 [@b2a0b1229a27]
Externo #1: Executar queuedwebhook
2026-03-09 15:38:02 [@b2a0b1229a27]
Externo #1: Executar queuedwebhook
2026-03-09 15:40:01 [@b2a0b1229a27]
Externo #1: Executar queuedwebhook
2026-03-09 15:42:02 [@b2a0b1229a27]
Externo #1: Executar queuedwebhook
2026-03-09 15:44:02 [@b2a0b1229a27]
Externo #1: Executar queuedwebhook
2026-03-09 15:44:02 [@b2a0b1229a27]
Externo #2: Executar pendingreason_autobump_autosolve
2026-03-09 15:46:02 [@b2a0b1229a27]
Externo #1: Executar queuedwebhook
2026-03-09 15:48:02 [@b2a0b1229a27]
Externo #1: Executar queuedwebhook
2026-03-09 15:50:02 [@b2a0b1229a27]
Externo #1: Executar queuedwebhook
2026-03-09 15:52:02 [@b2a0b1229a27]
Externo #1: Executar queuedwebhook
2026-03-09 15:54:02 [@b2a0b1229a27]
Externo #1: Executar queuedwebhook
2026-03-09 15:56:02 [@b2a0b1229a27]
Externo #1: Executar queuedwebhook
2026-03-09 15:58:02 [@b2a0b1229a27]
Externo #1: Executar queuedwebhook
2026-03-09 16:00:02 [@b2a0b1229a27]
Externo #1: Executar queuedwebhook
2026-03-09 16:02:02 [@b2a0b1229a27]
Externo #1: Executar queuedwebhook
2026-03-09 16:04:02 [@b2a0b1229a27]
Externo #1: Executar queuedwebhook
2026-03-09 16:06:02 [@b2a0b1229a27]
Externo #1: Executar queuedwebhook
2026-03-09 16:08:02 [@b2a0b1229a27]
Externo #1: Executar queuedwebhook
2026-03-09 19:34:03 [@b2a0b1229a27]
Externo #1: Executar queuedwebhook
2026-03-09 19:34:03 [@b2a0b1229a27]
Externo #2: Executar pendingreason_autobump_autosolve
2026-03-09 19:36:03 [@b2a0b1229a27]
Externo #1: Executar queuedwebhook
2026-03-09 19:38:02 [@b2a0b1229a27]
Externo #1: Executar queuedwebhook
2026-03-09 19:40:02 [@b2a0b1229a27]
Externo #1: Executar queuedwebhook
2026-03-09 19:42:01 [@b2a0b1229a27]
Externo #1: Executar queuedwebhook
2026-03-09 19:44:01 [@b2a0b1229a27]
Externo #1: Executar queuedwebhook
2026-03-09 21:13:00 [@b2a0b1229a27]
Externo #1: Executar queuedwebhook
2026-03-09 21:13:00 [@b2a0b1229a27]
Externo #2: Executar pendingreason_autobump_autosolve
2026-03-09 21:14:03 [@b2a0b1229a27]
Externo #1: Executar queuedwebhook
2026-03-09 21:16:01 [@b2a0b1229a27]
Externo #1: Executar queuedwebhook
2026-03-09 21:18:02 [@b2a0b1229a27]
Externo #1: Executar queuedwebhook
2026-03-09 21:20:02 [@b2a0b1229a27]
Externo #1: Executar queuedwebhook
2026-03-09 21:22:02 [@b2a0b1229a27]
Externo #1: Executar queuedwebhook
2026-03-09 21:24:02 [@b2a0b1229a27]
Externo #1: Executar queuedwebhook
2026-03-09 21:26:02 [@b2a0b1229a27]
Externo #1: Executar queuedwebhook
2026-03-09 21:28:02 [@b2a0b1229a27]
Externo #1: Executar queuedwebhook
2026-03-09 21:30:02 [@b2a0b1229a27]
Externo #1: Executar queuedwebhook
2026-03-09 21:32:02 [@b2a0b1229a27]
Externo #1: Executar queuedwebhook
2026-03-09 21:34:02 [@b2a0b1229a27]
Externo #1: Executar queuedwebhook
2026-03-09 21:36:02 [@b2a0b1229a27]
Externo #1: Executar queuedwebhook
2026-03-09 21:38:02 [@b2a0b1229a27]
Externo #1: Executar queuedwebhook
2026-03-09 21:40:02 [@b2a0b1229a27]
Externo #1: Executar queuedwebhook
2026-03-09 21:42:02 [@b2a0b1229a27]
Externo #1: Executar queuedwebhook
2026-03-09 21:44:02 [@b2a0b1229a27]
Externo #1: Executar pendingreason_autobump_autosolve
2026-03-09 21:44:02 [@b2a0b1229a27]
Externo #2: Executar queuedwebhook
2026-03-09 21:46:02 [@b2a0b1229a27]
Externo #1: Executar queuedwebhook
2026-03-09 21:48:02 [@b2a0b1229a27]
Externo #1: Executar queuedwebhook
2026-03-09 21:50:02 [@b2a0b1229a27]
Externo #1: Executar queuedwebhook
2026-03-09 21:52:02 [@b2a0b1229a27]
Externo #1: Executar queuedwebhook
2026-03-09 21:54:02 [@b2a0b1229a27]
Externo #1: Executar queuedwebhook
2026-03-09 21:56:02 [@b2a0b1229a27]
Externo #1: Executar queuedwebhook
2026-03-09 21:58:02 [@b2a0b1229a27]
Externo #1: Executar queuedwebhook
2026-03-09 22:00:02 [@b2a0b1229a27]
Externo #1: Executar queuedwebhook
2026-03-09 22:02:02 [@b2a0b1229a27]
Externo #1: Executar queuedwebhook
2026-03-09 22:04:02 [@b2a0b1229a27]
Externo #1: Executar queuedwebhook
2026-03-09 22:06:02 [@b2a0b1229a27]
Externo #1: Executar queuedwebhook
2026-03-09 22:08:02 [@b2a0b1229a27]
Externo #1: Executar queuedwebhook
2026-03-09 22:10:02 [@b2a0b1229a27]
Externo #1: Executar queuedwebhook
2026-03-09 22:12:02 [@b2a0b1229a27]
Externo #1: Executar queuedwebhook
2026-03-09 22:14:02 [@b2a0b1229a27]
Externo #1: Executar queuedwebhook
2026-03-09 22:14:02 [@b2a0b1229a27]
Externo #2: Executar pendingreason_autobump_autosolve
2026-03-09 22:16:02 [@b2a0b1229a27]
Externo #1: Executar queuedwebhook
2026-03-09 22:18:02 [@b2a0b1229a27]
Externo #1: Executar queuedwebhook
2026-03-09 22:20:02 [@b2a0b1229a27]
Externo #1: Executar queuedwebhook
2026-03-09 22:22:02 [@b2a0b1229a27]
Externo #1: Executar queuedwebhook
2026-03-09 22:24:02 [@b2a0b1229a27]
Externo #1: Executar queuedwebhook
2026-03-09 22:26:02 [@b2a0b1229a27]
Externo #1: Executar queuedwebhook
2026-03-09 22:28:02 [@b2a0b1229a27]
Externo #1: Executar queuedwebhook
2026-03-09 22:30:02 [@b2a0b1229a27]
Externo #1: Executar queuedwebhook
2026-03-09 22:32:02 [@b2a0b1229a27]
Externo #1: Executar queuedwebhook
2026-03-09 22:34:02 [@b2a0b1229a27]
Externo #1: Executar queuedwebhook
2026-03-09 22:36:02 [@b2a0b1229a27]
Externo #1: Executar queuedwebhook
2026-03-09 22:38:02 [@b2a0b1229a27]
Externo #1: Executar queuedwebhook
2026-03-09 22:40:02 [@b2a0b1229a27]
Externo #1: Executar queuedwebhook
2026-03-09 22:42:02 [@b2a0b1229a27]
Externo #1: Executar queuedwebhook
2026-03-09 22:44:02 [@b2a0b1229a27]
Externo #1: Executar queuedwebhook
2026-03-09 22:44:02 [@b2a0b1229a27]
Externo #2: Executar pendingreason_autobump_autosolve
2026-03-09 22:46:02 [@b2a0b1229a27]
Externo #1: Executar queuedwebhook
2026-03-09 22:48:02 [@b2a0b1229a27]
Externo #1: Executar queuedwebhook
2026-03-09 22:50:02 [@b2a0b1229a27]
Externo #1: Executar queuedwebhook
2026-03-09 22:52:02 [@b2a0b1229a27]
Externo #1: Executar queuedwebhook
2026-03-09 22:54:02 [@b2a0b1229a27]
Externo #1: Executar queuedwebhook
2026-03-09 22:56:02 [@b2a0b1229a27]
Externo #1: Executar queuedwebhook
2026-03-09 22:58:02 [@b2a0b1229a27]
Externo #1: Executar queuedwebhook
2026-03-09 23:00:02 [@b2a0b1229a27]
Externo #1: Executar queuedwebhook
2026-03-09 23:02:02 [@b2a0b1229a27]
Externo #1: Executar queuedwebhook
2026-03-09 23:04:03 [@b2a0b1229a27]
Externo #1: Executar queuedwebhook
2026-03-09 23:06:03 [@b2a0b1229a27]
Externo #1: Executar queuedwebhook
2026-03-09 23:08:07 [@b2a0b1229a27]
Externo #1: Executar queuedwebhook
2026-03-09 23:10:11 [@b2a0b1229a27]
Externo #1: Executar queuedwebhook
2026-03-09 23:12:05 [@b2a0b1229a27]
Externo #1: Executar queuedwebhook
2026-03-09 23:14:04 [@b2a0b1229a27]
Externo #1: Executar queuedwebhook
2026-03-09 23:14:04 [@b2a0b1229a27]
Externo #2: Executar pendingreason_autobump_autosolve
2026-03-09 23:16:04 [@b2a0b1229a27]
Externo #1: Executar queuedwebhook
2026-03-09 23:18:05 [@b2a0b1229a27]
Externo #1: Executar queuedwebhook
2026-03-09 23:20:02 [@b2a0b1229a27]
Externo #1: Executar queuedwebhook
2026-03-09 23:22:01 [@b2a0b1229a27]
Externo #1: Executar queuedwebhook
2026-03-09 23:24:02 [@b2a0b1229a27]
Externo #1: Executar queuedwebhook
2026-03-09 23:26:01 [@b2a0b1229a27]
Externo #1: Executar queuedwebhook
2026-03-09 23:28:01 [@b2a0b1229a27]
Externo #1: Executar queuedwebhook
2026-03-09 23:30:03 [@b2a0b1229a27]
Externo #1: Executar queuedwebhook
2026-03-09 23:32:02 [@b2a0b1229a27]
Externo #1: Executar queuedwebhook
2026-03-09 23:34:03 [@b2a0b1229a27]
Externo #1: Executar queuedwebhook
2026-03-09 23:36:02 [@b2a0b1229a27]
Externo #1: Executar queuedwebhook
2026-03-09 23:38:03 [@b2a0b1229a27]
Externo #1: Executar queuedwebhook
2026-03-09 23:40:03 [@b2a0b1229a27]
Externo #1: Executar queuedwebhook
2026-03-09 23:42:02 [@b2a0b1229a27]
Externo #1: Executar queuedwebhook
2026-03-09 23:44:08 [@b2a0b1229a27]
Externo #1: Executar queuedwebhook
2026-03-09 23:44:08 [@b2a0b1229a27]
Externo #2: Executar pendingreason_autobump_autosolve
2026-03-09 23:46:02 [@b2a0b1229a27]
Externo #1: Executar queuedwebhook
2026-03-09 23:48:04 [@b2a0b1229a27]
Externo #1: Executar queuedwebhook
2026-03-09 23:50:03 [@b2a0b1229a27]
Externo #1: Executar queuedwebhook
2026-03-09 23:52:01 [@b2a0b1229a27]
Externo #1: Executar queuedwebhook
2026-03-09 23:54:01 [@b2a0b1229a27]
Externo #1: Executar queuedwebhook
2026-03-09 23:56:01 [@b2a0b1229a27]
Externo #1: Executar queuedwebhook
2026-03-09 23:58:01 [@b2a0b1229a27]
Externo #1: Executar queuedwebhook
2026-03-10 00:00:02 [@b2a0b1229a27]
Externo #1: Executar PurgeLogs
2026-03-10 00:00:02 [@b2a0b1229a27]
Externo #2: Executar checkAllUpdates
2026-03-10 00:00:02 [@b2a0b1229a27]
Externo #3: Executar cleanorphans
2026-03-10 00:00:02 [@b2a0b1229a27]
Externo #4: Executar Cleanoldagents
2026-03-10 00:00:02 [@b2a0b1229a27]
Externo #5: Executar queuedwebhookclean
2026-03-10 00:02:02 [@b2a0b1229a27]
Externo #1: Executar queuedwebhook
2026-03-10 00:04:02 [@b2a0b1229a27]
Externo #1: Executar queuedwebhook
2026-03-10 00:06:02 [@b2a0b1229a27]
Externo #1: Executar queuedwebhook
2026-03-10 00:08:02 [@b2a0b1229a27]
Externo #1: Executar queuedwebhook
2026-03-10 00:10:02 [@b2a0b1229a27]
Externo #1: Executar queuedwebhook
2026-03-10 00:12:01 [@b2a0b1229a27]
Externo #1: Executar queuedwebhook
2026-03-10 00:14:02 [@b2a0b1229a27]
Externo #1: Executar queuedwebhook
2026-03-10 00:14:02 [@b2a0b1229a27]
Externo #2: Executar pendingreason_autobump_autosolve
2026-03-10 00:16:02 [@b2a0b1229a27]
Externo #1: Executar queuedwebhook
2026-03-10 00:18:01 [@b2a0b1229a27]
Externo #1: Executar queuedwebhook
2026-03-10 00:20:02 [@b2a0b1229a27]
Externo #1: Executar queuedwebhook
2026-03-10 00:22:02 [@b2a0b1229a27]
Externo #1: Executar queuedwebhook
2026-03-10 00:24:02 [@b2a0b1229a27]
Externo #1: Executar queuedwebhook
2026-03-10 00:26:02 [@b2a0b1229a27]
Externo #1: Executar queuedwebhook
2026-03-10 00:28:02 [@b2a0b1229a27]
Externo #1: Executar queuedwebhook
2026-03-10 00:30:02 [@b2a0b1229a27]
Externo #1: Executar queuedwebhook
2026-03-10 00:32:03 [@b2a0b1229a27]
Externo #1: Executar queuedwebhook
2026-03-10 00:34:02 [@b2a0b1229a27]
Externo #1: Executar queuedwebhook
2026-03-10 00:36:02 [@b2a0b1229a27]
Externo #1: Executar queuedwebhook
2026-03-10 00:38:02 [@b2a0b1229a27]
Externo #1: Executar queuedwebhook
2026-03-10 00:40:04 [@b2a0b1229a27]
Externo #1: Executar queuedwebhook
2026-03-10 00:42:09 [@b2a0b1229a27]
Externo #1: Executar queuedwebhook
2026-03-10 00:44:02 [@b2a0b1229a27]
Externo #1: Executar queuedwebhook
2026-03-10 00:44:02 [@b2a0b1229a27]
Externo #2: Executar pendingreason_autobump_autosolve
2026-03-10 00:46:01 [@b2a0b1229a27]
Externo #1: Executar queuedwebhook
2026-03-10 00:48:01 [@b2a0b1229a27]
Externo #1: Executar queuedwebhook
2026-03-10 00:50:01 [@b2a0b1229a27]
Externo #1: Executar queuedwebhook
2026-03-10 00:52:01 [@b2a0b1229a27]
Externo #1: Executar queuedwebhook
2026-03-10 00:54:02 [@b2a0b1229a27]
Externo #1: Executar queuedwebhook
2026-03-10 00:56:04 [@b2a0b1229a27]
Externo #1: Executar queuedwebhook
2026-03-10 00:58:02 [@b2a0b1229a27]
Externo #1: Executar queuedwebhook
2026-03-10 01:00:02 [@b2a0b1229a27]
Externo #1: Executar queuedwebhook
2026-03-10 01:02:02 [@b2a0b1229a27]
Externo #1: Executar queuedwebhook
2026-03-10 01:04:02 [@b2a0b1229a27]
Externo #1: Executar queuedwebhook
2026-03-10 01:06:02 [@b2a0b1229a27]
Externo #1: Executar queuedwebhook
2026-03-10 01:08:02 [@b2a0b1229a27]
Externo #1: Executar queuedwebhook
2026-03-10 01:10:02 [@b2a0b1229a27]
Externo #1: Executar queuedwebhook
2026-03-10 01:12:02 [@b2a0b1229a27]
Externo #1: Executar queuedwebhook
2026-03-10 01:14:02 [@b2a0b1229a27]
Externo #1: Executar queuedwebhook
2026-03-10 01:14:02 [@b2a0b1229a27]
Externo #2: Executar pendingreason_autobump_autosolve
2026-03-10 01:16:02 [@b2a0b1229a27]
Externo #1: Executar queuedwebhook
2026-03-10 01:18:02 [@b2a0b1229a27]
Externo #1: Executar queuedwebhook
2026-03-10 01:20:02 [@b2a0b1229a27]
Externo #1: Executar queuedwebhook
2026-03-10 01:22:03 [@b2a0b1229a27]
Externo #1: Executar queuedwebhook
2026-03-10 01:24:26 [@b2a0b1229a27]
Externo #1: Executar queuedwebhook
2026-03-10 01:27:11 [@b2a0b1229a27]
Externo #1: Executar queuedwebhook
2026-03-10 01:28:03 [@b2a0b1229a27]
Externo #1: Executar queuedwebhook
2026-03-10 01:30:05 [@b2a0b1229a27]
Externo #1: Executar queuedwebhook
2026-03-10 01:32:01 [@b2a0b1229a27]
Externo #1: Executar queuedwebhook
2026-03-10 01:34:01 [@b2a0b1229a27]
Externo #1: Executar queuedwebhook
2026-03-10 01:36:01 [@b2a0b1229a27]
Externo #1: Executar queuedwebhook
2026-03-10 01:38:01 [@b2a0b1229a27]
Externo #1: Executar queuedwebhook
2026-03-10 01:40:01 [@b2a0b1229a27]
Externo #1: Executar queuedwebhook
2026-03-10 01:42:03 [@b2a0b1229a27]
Externo #1: Executar queuedwebhook
2026-03-10 01:44:02 [@b2a0b1229a27]
Externo #1: Executar queuedwebhook
2026-03-10 01:44:03 [@b2a0b1229a27]
Externo #2: Executar pendingreason_autobump_autosolve
2026-03-10 01:46:13 [@b2a0b1229a27]
Externo #1: Executar queuedwebhook
2026-03-10 01:49:07 [@b2a0b1229a27]
Externo #1: Executar queuedwebhook
2026-03-10 01:50:06 [@b2a0b1229a27]
Externo #1: Executar queuedwebhook
2026-03-10 01:52:04 [@b2a0b1229a27]
Externo #1: Executar queuedwebhook
2026-03-10 01:54:26 [@b2a0b1229a27]
Externo #1: Executar queuedwebhook
2026-03-10 01:56:12 [@b2a0b1229a27]
Externo #1: Executar queuedwebhook
2026-03-10 01:58:08 [@b2a0b1229a27]
Externo #1: Executar queuedwebhook
2026-03-10 02:00:06 [@b2a0b1229a27]
Externo #1: Executar queuedwebhook
2026-03-10 02:02:06 [@b2a0b1229a27]
Externo #1: Executar queuedwebhook
2026-03-10 02:04:04 [@b2a0b1229a27]
Externo #1: Executar queuedwebhook
2026-03-10 02:06:03 [@b2a0b1229a27]
Externo #1: Executar queuedwebhook
2026-03-10 02:08:14 [@b2a0b1229a27]
Externo #1: Executar queuedwebhook
2026-03-10 02:10:08 [@b2a0b1229a27]
Externo #1: Executar queuedwebhook
2026-03-10 02:12:09 [@b2a0b1229a27]
Externo #1: Executar queuedwebhook
2026-03-10 02:14:01 [@b2a0b1229a27]
Externo #1: Executar queuedwebhook
2026-03-10 02:14:01 [@b2a0b1229a27]
Externo #2: Executar pendingreason_autobump_autosolve
2026-03-10 02:16:01 [@b2a0b1229a27]
Externo #1: Executar queuedwebhook
2026-03-10 02:18:01 [@b2a0b1229a27]
Externo #1: Executar queuedwebhook
2026-03-10 02:20:03 [@b2a0b1229a27]
Externo #1: Executar queuedwebhook
2026-03-10 02:22:04 [@b2a0b1229a27]
Externo #1: Executar queuedwebhook
2026-03-10 02:24:04 [@b2a0b1229a27]
Externo #1: Executar queuedwebhook
2026-03-10 02:26:02 [@b2a0b1229a27]
Externo #1: Executar queuedwebhook
2026-03-10 02:28:02 [@b2a0b1229a27]
Externo #1: Executar queuedwebhook
2026-03-10 02:30:03 [@b2a0b1229a27]
Externo #1: Executar queuedwebhook
2026-03-10 02:32:02 [@b2a0b1229a27]
Externo #1: Executar queuedwebhook
2026-03-10 02:34:03 [@b2a0b1229a27]
Externo #1: Executar queuedwebhook
2026-03-10 02:36:02 [@b2a0b1229a27]
Externo #1: Executar queuedwebhook
2026-03-10 02:38:02 [@b2a0b1229a27]
Externo #1: Executar queuedwebhook
2026-03-10 02:40:01 [@b2a0b1229a27]
Externo #1: Executar queuedwebhook
2026-03-10 02:42:02 [@b2a0b1229a27]
Externo #1: Executar queuedwebhook
2026-03-10 02:44:02 [@b2a0b1229a27]
Externo #1: Executar queuedwebhook
2026-03-10 02:44:02 [@b2a0b1229a27]
Externo #2: Executar pendingreason_autobump_autosolve
2026-03-10 02:46:02 [@b2a0b1229a27]
Externo #1: Executar queuedwebhook
2026-03-10 02:48:02 [@b2a0b1229a27]
Externo #1: Executar queuedwebhook
2026-03-10 02:50:02 [@b2a0b1229a27]
Externo #1: Executar queuedwebhook
2026-03-10 02:52:01 [@b2a0b1229a27]
Externo #1: Executar queuedwebhook
2026-03-10 02:54:01 [@b2a0b1229a27]
Externo #1: Executar queuedwebhook
2026-03-10 02:56:01 [@b2a0b1229a27]
Externo #1: Executar queuedwebhook
2026-03-10 02:58:01 [@b2a0b1229a27]
Externo #1: Executar queuedwebhook
2026-03-10 03:00:02 [@b2a0b1229a27]
Externo #1: Executar queuedwebhook
2026-03-10 03:02:02 [@b2a0b1229a27]
Externo #1: Executar queuedwebhook
2026-03-10 03:04:01 [@b2a0b1229a27]
Externo #1: Executar queuedwebhook
2026-03-10 03:06:01 [@b2a0b1229a27]
Externo #1: Executar queuedwebhook
2026-03-10 03:08:01 [@b2a0b1229a27]
Externo #1: Executar queuedwebhook
2026-03-10 03:10:02 [@b2a0b1229a27]
Externo #1: Executar queuedwebhook
2026-03-10 03:12:02 [@b2a0b1229a27]
Externo #1: Executar queuedwebhook
2026-03-10 03:14:02 [@b2a0b1229a27]
Externo #1: Executar queuedwebhook
2026-03-10 03:14:02 [@b2a0b1229a27]
Externo #2: Executar pendingreason_autobump_autosolve
2026-03-10 03:16:02 [@b2a0b1229a27]
Externo #1: Executar queuedwebhook
2026-03-10 03:18:02 [@b2a0b1229a27]
Externo #1: Executar queuedwebhook
2026-03-10 03:20:02 [@b2a0b1229a27]
Externo #1: Executar queuedwebhook
2026-03-10 03:22:02 [@b2a0b1229a27]
Externo #1: Executar queuedwebhook
2026-03-10 03:24:02 [@b2a0b1229a27]
Externo #1: Executar queuedwebhook
2026-03-10 03:26:02 [@b2a0b1229a27]
Externo #1: Executar queuedwebhook
2026-03-10 03:28:02 [@b2a0b1229a27]
Externo #1: Executar queuedwebhook
2026-03-10 03:30:02 [@b2a0b1229a27]
Externo #1: Executar queuedwebhook
2026-03-10 03:32:02 [@b2a0b1229a27]
Externo #1: Executar queuedwebhook
2026-03-10 03:34:02 [@b2a0b1229a27]
Externo #1: Executar queuedwebhook
2026-03-10 03:36:02 [@b2a0b1229a27]
Externo #1: Executar queuedwebhook
2026-03-10 03:38:02 [@b2a0b1229a27]
Externo #1: Executar queuedwebhook
2026-03-10 03:40:01 [@b2a0b1229a27]
Externo #1: Executar queuedwebhook
2026-03-10 03:42:01 [@b2a0b1229a27]
Externo #1: Executar queuedwebhook
2026-03-10 03:44:01 [@b2a0b1229a27]
Externo #1: Executar queuedwebhook
2026-03-10 03:44:01 [@b2a0b1229a27]
Externo #2: Executar pendingreason_autobump_autosolve
2026-03-10 03:46:01 [@b2a0b1229a27]
Externo #1: Executar queuedwebhook
2026-03-10 03:48:01 [@b2a0b1229a27]
Externo #1: Executar queuedwebhook
2026-03-10 03:50:01 [@b2a0b1229a27]
Externo #1: Executar queuedwebhook
2026-03-10 03:52:01 [@b2a0b1229a27]
Externo #1: Executar queuedwebhook
2026-03-10 03:54:01 [@b2a0b1229a27]
Externo #1: Executar queuedwebhook
2026-03-10 03:56:01 [@b2a0b1229a27]
Externo #1: Executar queuedwebhook
2026-03-10 03:58:01 [@b2a0b1229a27]
Externo #1: Executar queuedwebhook
2026-03-10 04:00:01 [@b2a0b1229a27]
Externo #1: Executar queuedwebhook
2026-03-10 04:02:02 [@b2a0b1229a27]
Externo #1: Executar queuedwebhook
2026-03-10 04:04:01 [@b2a0b1229a27]
Externo #1: Executar queuedwebhook
2026-03-10 04:06:01 [@b2a0b1229a27]
Externo #1: Executar queuedwebhook
2026-03-10 04:08:01 [@b2a0b1229a27]
Externo #1: Executar queuedwebhook
2026-03-10 04:10:01 [@b2a0b1229a27]
Externo #1: Executar queuedwebhook
2026-03-10 04:12:01 [@b2a0b1229a27]
Externo #1: Executar queuedwebhook
2026-03-10 04:14:01 [@b2a0b1229a27]
Externo #1: Executar queuedwebhook
2026-03-10 04:14:01 [@b2a0b1229a27]
Externo #2: Executar pendingreason_autobump_autosolve
2026-03-10 04:16:01 [@b2a0b1229a27]
Externo #1: Executar queuedwebhook
2026-03-10 04:18:01 [@b2a0b1229a27]
Externo #1: Executar queuedwebhook
2026-03-10 04:20:01 [@b2a0b1229a27]
Externo #1: Executar queuedwebhook
2026-03-10 04:22:02 [@b2a0b1229a27]
Externo #1: Executar queuedwebhook
2026-03-10 04:24:02 [@b2a0b1229a27]
Externo #1: Executar queuedwebhook
2026-03-10 04:26:02 [@b2a0b1229a27]
Externo #1: Executar queuedwebhook
2026-03-10 04:28:01 [@b2a0b1229a27]
Externo #1: Executar queuedwebhook
2026-03-10 04:30:01 [@b2a0b1229a27]
Externo #1: Executar queuedwebhook
2026-03-10 04:32:01 [@b2a0b1229a27]
Externo #1: Executar queuedwebhook
2026-03-10 04:34:01 [@b2a0b1229a27]
Externo #1: Executar queuedwebhook
2026-03-10 04:36:01 [@b2a0b1229a27]
Externo #1: Executar queuedwebhook
2026-03-10 04:38:01 [@b2a0b1229a27]
Externo #1: Executar queuedwebhook
2026-03-10 04:40:02 [@b2a0b1229a27]
Externo #1: Executar queuedwebhook
2026-03-10 04:42:02 [@b2a0b1229a27]
Externo #1: Executar queuedwebhook
2026-03-10 04:44:02 [@b2a0b1229a27]
Externo #1: Executar queuedwebhook
2026-03-10 04:44:02 [@b2a0b1229a27]
Externo #2: Executar pendingreason_autobump_autosolve
2026-03-10 04:46:02 [@b2a0b1229a27]
Externo #1: Executar queuedwebhook
2026-03-10 04:48:02 [@b2a0b1229a27]
Externo #1: Executar queuedwebhook
2026-03-10 04:50:02 [@b2a0b1229a27]
Externo #1: Executar queuedwebhook
2026-03-10 04:52:02 [@b2a0b1229a27]
Externo #1: Executar queuedwebhook
2026-03-10 04:54:02 [@b2a0b1229a27]
Externo #1: Executar queuedwebhook
2026-03-10 04:56:02 [@b2a0b1229a27]
Externo #1: Executar queuedwebhook
2026-03-10 04:58:02 [@b2a0b1229a27]
Externo #1: Executar queuedwebhook
2026-03-10 05:00:02 [@b2a0b1229a27]
Externo #1: Executar queuedwebhook
2026-03-10 05:02:02 [@b2a0b1229a27]
Externo #1: Executar queuedwebhook
2026-03-10 05:04:02 [@b2a0b1229a27]
Externo #1: Executar queuedwebhook
2026-03-10 05:06:02 [@b2a0b1229a27]
Externo #1: Executar queuedwebhook
2026-03-10 05:08:02 [@b2a0b1229a27]
Externo #1: Executar queuedwebhook
2026-03-10 05:10:02 [@b2a0b1229a27]
Externo #1: Executar queuedwebhook
2026-03-10 05:12:01 [@b2a0b1229a27]
Externo #1: Executar queuedwebhook
2026-03-10 05:14:02 [@b2a0b1229a27]
Externo #1: Executar queuedwebhook
2026-03-10 05:14:02 [@b2a0b1229a27]
Externo #2: Executar pendingreason_autobump_autosolve
2026-03-10 05:16:02 [@b2a0b1229a27]
Externo #1: Executar queuedwebhook
2026-03-10 05:18:01 [@b2a0b1229a27]
Externo #1: Executar queuedwebhook
2026-03-10 05:20:01 [@b2a0b1229a27]
Externo #1: Executar queuedwebhook
2026-03-10 05:22:01 [@b2a0b1229a27]
Externo #1: Executar queuedwebhook
2026-03-10 05:24:01 [@b2a0b1229a27]
Externo #1: Executar queuedwebhook
2026-03-10 05:26:01 [@b2a0b1229a27]
Externo #1: Executar queuedwebhook
2026-03-10 05:28:01 [@b2a0b1229a27]
Externo #1: Executar queuedwebhook
2026-03-10 05:30:01 [@b2a0b1229a27]
Externo #1: Executar queuedwebhook
2026-03-10 05:32:02 [@b2a0b1229a27]
Externo #1: Executar queuedwebhook
2026-03-10 05:34:02 [@b2a0b1229a27]
Externo #1: Executar queuedwebhook
2026-03-10 05:36:01 [@b2a0b1229a27]
Externo #1: Executar queuedwebhook
2026-03-10 05:38:01 [@b2a0b1229a27]
Externo #1: Executar queuedwebhook
2026-03-10 05:40:02 [@b2a0b1229a27]
Externo #1: Executar queuedwebhook
2026-03-10 05:42:02 [@b2a0b1229a27]
Externo #1: Executar queuedwebhook
2026-03-10 05:44:02 [@b2a0b1229a27]
Externo #1: Executar queuedwebhook
2026-03-10 05:44:02 [@b2a0b1229a27]
Externo #2: Executar pendingreason_autobump_autosolve
2026-03-10 05:46:02 [@b2a0b1229a27]
Externo #1: Executar queuedwebhook
2026-03-10 05:48:02 [@b2a0b1229a27]
Externo #1: Executar queuedwebhook
2026-03-10 05:50:02 [@b2a0b1229a27]
Externo #1: Executar queuedwebhook
2026-03-10 05:52:02 [@b2a0b1229a27]
Externo #1: Executar queuedwebhook
2026-03-10 05:54:02 [@b2a0b1229a27]
Externo #1: Executar queuedwebhook
2026-03-10 05:56:02 [@b2a0b1229a27]
Externo #1: Executar queuedwebhook
2026-03-10 05:58:02 [@b2a0b1229a27]
Externo #1: Executar queuedwebhook
2026-03-10 06:00:02 [@b2a0b1229a27]
Externo #1: Executar queuedwebhook
2026-03-10 06:02:02 [@b2a0b1229a27]
Externo #1: Executar queuedwebhook
2026-03-10 06:04:02 [@b2a0b1229a27]
Externo #1: Executar queuedwebhook
2026-03-10 06:06:02 [@b2a0b1229a27]
Externo #1: Executar queuedwebhook
2026-03-10 06:08:02 [@b2a0b1229a27]
Externo #1: Executar queuedwebhook
2026-03-10 06:10:01 [@b2a0b1229a27]
Externo #1: Executar queuedwebhook
2026-03-10 06:12:01 [@b2a0b1229a27]
Externo #1: Executar queuedwebhook
2026-03-10 06:14:01 [@b2a0b1229a27]
Externo #1: Executar queuedwebhook
2026-03-10 06:14:01 [@b2a0b1229a27]
Externo #2: Executar pendingreason_autobump_autosolve
2026-03-10 06:16:02 [@b2a0b1229a27]
Externo #1: Executar queuedwebhook
2026-03-10 06:18:01 [@b2a0b1229a27]
Externo #1: Executar queuedwebhook
2026-03-10 06:20:01 [@b2a0b1229a27]
Externo #1: Executar queuedwebhook
2026-03-10 06:22:01 [@b2a0b1229a27]
Externo #1: Executar queuedwebhook
2026-03-10 06:24:01 [@b2a0b1229a27]
Externo #1: Executar queuedwebhook
2026-03-10 06:26:01 [@b2a0b1229a27]
Externo #1: Executar queuedwebhook
2026-03-10 06:28:01 [@b2a0b1229a27]
Externo #1: Executar queuedwebhook
2026-03-10 06:30:02 [@b2a0b1229a27]
Externo #1: Executar queuedwebhook
2026-03-10 06:32:02 [@b2a0b1229a27]
Externo #1: Executar queuedwebhook
2026-03-10 06:34:01 [@b2a0b1229a27]
Externo #1: Executar queuedwebhook
2026-03-10 06:36:01 [@b2a0b1229a27]
Externo #1: Executar queuedwebhook
2026-03-10 06:38:01 [@b2a0b1229a27]
Externo #1: Executar queuedwebhook
2026-03-10 06:40:01 [@b2a0b1229a27]
Externo #1: Executar queuedwebhook
2026-03-10 06:42:01 [@b2a0b1229a27]
Externo #1: Executar queuedwebhook
2026-03-10 06:44:02 [@b2a0b1229a27]
Externo #1: Executar queuedwebhook
2026-03-10 06:44:02 [@b2a0b1229a27]
Externo #2: Executar pendingreason_autobump_autosolve
2026-03-10 06:46:02 [@b2a0b1229a27]
Externo #1: Executar queuedwebhook
2026-03-10 06:48:02 [@b2a0b1229a27]
Externo #1: Executar queuedwebhook
2026-03-10 06:50:02 [@b2a0b1229a27]
Externo #1: Executar queuedwebhook
2026-03-10 06:52:02 [@b2a0b1229a27]
Externo #1: Executar queuedwebhook
2026-03-10 06:54:02 [@b2a0b1229a27]
Externo #1: Executar queuedwebhook
2026-03-10 06:56:02 [@b2a0b1229a27]
Externo #1: Executar queuedwebhook
2026-03-10 06:58:02 [@b2a0b1229a27]
Externo #1: Executar queuedwebhook
2026-03-10 07:00:02 [@b2a0b1229a27]
Externo #1: Executar queuedwebhook
2026-03-10 07:02:02 [@b2a0b1229a27]
Externo #1: Executar queuedwebhook
2026-03-10 07:04:02 [@b2a0b1229a27]
Externo #1: Executar queuedwebhook
2026-03-10 07:06:02 [@b2a0b1229a27]
Externo #1: Executar queuedwebhook
2026-03-10 07:08:02 [@b2a0b1229a27]
Externo #1: Executar queuedwebhook
2026-03-10 07:10:01 [@b2a0b1229a27]
Externo #1: Executar queuedwebhook
2026-03-10 07:12:01 [@b2a0b1229a27]
Externo #1: Executar queuedwebhook
2026-03-10 07:14:01 [@b2a0b1229a27]
Externo #1: Executar queuedwebhook
2026-03-10 07:14:01 [@b2a0b1229a27]
Externo #2: Executar pendingreason_autobump_autosolve
2026-03-10 07:16:01 [@b2a0b1229a27]
Externo #1: Executar queuedwebhook
2026-03-10 07:18:01 [@b2a0b1229a27]
Externo #1: Executar queuedwebhook
2026-03-10 07:20:01 [@b2a0b1229a27]
Externo #1: Executar queuedwebhook
2026-03-10 07:22:01 [@b2a0b1229a27]
Externo #1: Executar queuedwebhook
2026-03-10 07:24:01 [@b2a0b1229a27]
Externo #1: Executar queuedwebhook
2026-03-10 07:26:01 [@b2a0b1229a27]
Externo #1: Executar queuedwebhook
2026-03-10 07:28:01 [@b2a0b1229a27]
Externo #1: Executar queuedwebhook
2026-03-10 07:30:01 [@b2a0b1229a27]
Externo #1: Executar queuedwebhook
2026-03-10 07:32:01 [@b2a0b1229a27]
Externo #1: Executar queuedwebhook
2026-03-10 07:34:01 [@b2a0b1229a27]
Externo #1: Executar queuedwebhook
2026-03-10 07:36:01 [@b2a0b1229a27]
Externo #1: Executar queuedwebhook
2026-03-10 07:38:01 [@b2a0b1229a27]
Externo #1: Executar queuedwebhook
2026-03-10 07:40:05 [@b2a0b1229a27]
Externo #1: Executar queuedwebhook
2026-03-10 07:42:03 [@b2a0b1229a27]
Externo #1: Executar queuedwebhook
2026-03-10 07:44:02 [@b2a0b1229a27]
Externo #1: Executar queuedwebhook
2026-03-10 07:44:02 [@b2a0b1229a27]
Externo #2: Executar pendingreason_autobump_autosolve
2026-03-10 07:46:01 [@b2a0b1229a27]
Externo #1: Executar queuedwebhook
2026-03-10 07:48:01 [@b2a0b1229a27]
Externo #1: Executar queuedwebhook
2026-03-10 07:50:02 [@b2a0b1229a27]
Externo #1: Executar queuedwebhook
2026-03-10 07:52:03 [@b2a0b1229a27]
Externo #1: Executar queuedwebhook
2026-03-10 07:54:02 [@b2a0b1229a27]
Externo #1: Executar queuedwebhook
2026-03-10 07:56:03 [@b2a0b1229a27]
Externo #1: Executar queuedwebhook
2026-03-10 07:58:02 [@b2a0b1229a27]
Externo #1: Executar queuedwebhook
2026-03-10 08:00:02 [@b2a0b1229a27]
Externo #1: Executar queuedwebhook
2026-03-10 08:02:03 [@b2a0b1229a27]
Externo #1: Executar queuedwebhook
2026-03-10 08:04:09 [@b2a0b1229a27]
Externo #1: Executar queuedwebhook
2026-03-10 08:07:25 [@b2a0b1229a27]
Externo #1: Executar queuedwebhook
2026-03-10 08:08:02 [@b2a0b1229a27]
Externo #1: Executar queuedwebhook
2026-03-10 08:10:06 [@b2a0b1229a27]
Externo #1: Executar queuedwebhook
2026-03-10 08:12:02 [@b2a0b1229a27]
Externo #1: Executar queuedwebhook
2026-03-10 08:14:02 [@b2a0b1229a27]
Externo #1: Executar queuedwebhook
2026-03-10 08:14:02 [@b2a0b1229a27]
Externo #2: Executar pendingreason_autobump_autosolve
2026-03-10 08:16:03 [@b2a0b1229a27]
Externo #1: Executar queuedwebhook
2026-03-10 08:18:03 [@b2a0b1229a27]
Externo #1: Executar queuedwebhook
2026-03-10 08:20:02 [@b2a0b1229a27]
Externo #1: Executar queuedwebhook
2026-03-10 08:22:02 [@b2a0b1229a27]
Externo #1: Executar queuedwebhook
2026-03-10 08:24:02 [@b2a0b1229a27]
Externo #1: Executar queuedwebhook
2026-03-10 08:26:03 [@b2a0b1229a27]
Externo #1: Executar queuedwebhook
2026-03-10 08:28:02 [@b2a0b1229a27]
Externo #1: Executar queuedwebhook
2026-03-10 08:30:02 [@b2a0b1229a27]
Externo #1: Executar queuedwebhook
2026-03-10 08:32:02 [@b2a0b1229a27]
Externo #1: Executar queuedwebhook
2026-03-10 08:34:02 [@b2a0b1229a27]
Externo #1: Executar queuedwebhook
2026-03-10 08:36:02 [@b2a0b1229a27]
Externo #1: Executar queuedwebhook
2026-03-10 08:38:02 [@b2a0b1229a27]
Externo #1: Executar queuedwebhook
2026-03-10 08:40:01 [@b2a0b1229a27]
Externo #1: Executar queuedwebhook
2026-03-10 08:42:01 [@b2a0b1229a27]
Externo #1: Executar queuedwebhook
2026-03-10 08:44:01 [@b2a0b1229a27]
Externo #1: Executar queuedwebhook
2026-03-10 08:44:01 [@b2a0b1229a27]
Externo #2: Executar pendingreason_autobump_autosolve
2026-03-10 08:46:03 [@b2a0b1229a27]
Externo #1: Executar queuedwebhook
2026-03-10 08:48:02 [@b2a0b1229a27]
Externo #1: Executar queuedwebhook
2026-03-10 08:50:02 [@b2a0b1229a27]
Externo #1: Executar queuedwebhook
2026-03-10 08:52:01 [@b2a0b1229a27]
Externo #1: Executar queuedwebhook
2026-03-10 08:54:01 [@b2a0b1229a27]
Externo #1: Executar queuedwebhook
2026-03-10 08:56:02 [@b2a0b1229a27]
Externo #1: Executar queuedwebhook
2026-03-10 08:58:03 [@b2a0b1229a27]
Externo #1: Executar queuedwebhook
2026-03-10 09:00:02 [@b2a0b1229a27]
Externo #1: Executar queuedwebhook
2026-03-10 09:02:02 [@b2a0b1229a27]
Externo #1: Executar queuedwebhook
2026-03-10 09:04:02 [@b2a0b1229a27]
Externo #1: Executar queuedwebhook
2026-03-10 09:06:02 [@b2a0b1229a27]
Externo #1: Executar queuedwebhook
2026-03-10 09:08:02 [@b2a0b1229a27]
Externo #1: Executar queuedwebhook
2026-03-10 09:10:02 [@b2a0b1229a27]
Externo #1: Executar queuedwebhook
2026-03-10 09:12:03 [@b2a0b1229a27]
Externo #1: Executar queuedwebhook
2026-03-10 09:14:03 [@b2a0b1229a27]
Externo #1: Executar queuedwebhook
2026-03-10 09:14:03 [@b2a0b1229a27]
Externo #2: Executar pendingreason_autobump_autosolve
2026-03-10 09:16:02 [@b2a0b1229a27]
Externo #1: Executar queuedwebhook
2026-03-10 09:18:03 [@b2a0b1229a27]
Externo #1: Executar queuedwebhook
2026-03-10 09:20:02 [@b2a0b1229a27]
Externo #1: Executar queuedwebhook
2026-03-10 09:22:01 [@b2a0b1229a27]
Externo #1: Executar queuedwebhook
2026-03-10 09:24:01 [@b2a0b1229a27]
Externo #1: Executar queuedwebhook
2026-03-10 09:26:03 [@b2a0b1229a27]
Externo #1: Executar queuedwebhook
2026-03-10 09:28:02 [@b2a0b1229a27]
Externo #1: Executar queuedwebhook
2026-03-10 09:30:02 [@b2a0b1229a27]
Externo #1: Executar queuedwebhook
2026-03-10 09:32:02 [@b2a0b1229a27]
Externo #1: Executar queuedwebhook
2026-03-10 09:34:02 [@b2a0b1229a27]
Externo #1: Executar queuedwebhook
2026-03-10 09:36:03 [@b2a0b1229a27]
Externo #1: Executar queuedwebhook
2026-03-10 09:38:06 [@b2a0b1229a27]
Externo #1: Executar queuedwebhook
2026-03-10 09:40:03 [@b2a0b1229a27]
Externo #1: Executar queuedwebhook
2026-03-10 09:42:03 [@b2a0b1229a27]
Externo #1: Executar queuedwebhook
2026-03-10 09:44:04 [@b2a0b1229a27]
Externo #1: Executar queuedwebhook
2026-03-10 09:44:04 [@b2a0b1229a27]
Externo #2: Executar pendingreason_autobump_autosolve
2026-03-10 09:46:03 [@b2a0b1229a27]
Externo #1: Executar queuedwebhook
2026-03-10 09:48:04 [@b2a0b1229a27]
Externo #1: Executar queuedwebhook
2026-03-10 09:50:02 [@b2a0b1229a27]
Externo #1: Executar queuedwebhook
2026-03-10 09:52:03 [@b2a0b1229a27]
Externo #1: Executar queuedwebhook
2026-03-10 09:54:03 [@b2a0b1229a27]
Externo #1: Executar queuedwebhook
2026-03-10 09:56:02 [@b2a0b1229a27]
Externo #1: Executar queuedwebhook
2026-03-10 09:58:02 [@b2a0b1229a27]
Externo #1: Executar queuedwebhook
2026-03-10 10:00:03 [@b2a0b1229a27]
Externo #1: Executar queuedwebhook
2026-03-10 10:02:03 [@b2a0b1229a27]
Externo #1: Executar queuedwebhook
2026-03-10 10:04:01 [@b2a0b1229a27]
Externo #1: Executar queuedwebhook
2026-03-10 10:06:01 [@b2a0b1229a27]
Externo #1: Executar queuedwebhook
2026-03-10 10:08:01 [@b2a0b1229a27]
Externo #1: Executar queuedwebhook
2026-03-10 10:10:01 [@b2a0b1229a27]
Externo #1: Executar queuedwebhook
2026-03-10 10:12:02 [@b2a0b1229a27]
Externo #1: Executar queuedwebhook
2026-03-10 10:14:02 [@b2a0b1229a27]
Externo #1: Executar queuedwebhook
2026-03-10 10:14:02 [@b2a0b1229a27]
Externo #2: Executar pendingreason_autobump_autosolve
2026-03-10 10:16:02 [@b2a0b1229a27]
Externo #1: Executar queuedwebhook
2026-03-10 10:18:06 [@b2a0b1229a27]
Externo #1: Executar queuedwebhook
2026-03-10 10:20:02 [@b2a0b1229a27]
Externo #1: Executar queuedwebhook
2026-03-10 10:22:02 [@b2a0b1229a27]
Externo #1: Executar queuedwebhook
2026-03-10 10:24:02 [@b2a0b1229a27]
Externo #1: Executar queuedwebhook
2026-03-10 10:26:14 [@b2a0b1229a27]
Externo #1: Executar queuedwebhook
2026-03-10 10:28:03 [@b2a0b1229a27]
Externo #1: Executar queuedwebhook
2026-03-10 10:30:02 [@b2a0b1229a27]
Externo #1: Executar queuedwebhook
2026-03-10 10:32:02 [@b2a0b1229a27]
Externo #1: Executar queuedwebhook
2026-03-10 10:34:03 [@b2a0b1229a27]
Externo #1: Executar queuedwebhook
2026-03-10 10:36:02 [@b2a0b1229a27]
Externo #1: Executar queuedwebhook
2026-03-10 10:38:02 [@b2a0b1229a27]
Externo #1: Executar queuedwebhook
2026-03-10 10:40:03 [@b2a0b1229a27]
Externo #1: Executar queuedwebhook
2026-03-10 10:42:05 [@b2a0b1229a27]
Externo #1: Executar queuedwebhook
2026-03-10 10:44:10 [@b2a0b1229a27]
Externo #1: Executar queuedwebhook
2026-03-10 10:44:10 [@b2a0b1229a27]
Externo #2: Executar pendingreason_autobump_autosolve
2026-03-10 10:46:14 [@b2a0b1229a27]
Externo #1: Executar queuedwebhook
2026-03-10 10:48:07 [@b2a0b1229a27]
Externo #1: Executar queuedwebhook
2026-03-10 10:50:45 [@b2a0b1229a27]
Externo #1: Executar queuedwebhook
2026-03-10 10:52:12 [@b2a0b1229a27]
Externo #1: Executar queuedwebhook
2026-03-10 10:54:02 [@b2a0b1229a27]
Externo #1: Executar queuedwebhook
2026-03-10 10:56:06 [@b2a0b1229a27]
Externo #1: Executar queuedwebhook
2026-03-10 10:58:02 [@b2a0b1229a27]
Externo #1: Executar queuedwebhook
2026-03-10 11:00:03 [@b2a0b1229a27]
Externo #1: Executar queuedwebhook
2026-03-10 11:02:03 [@b2a0b1229a27]
Externo #1: Executar queuedwebhook
2026-03-10 11:04:02 [@b2a0b1229a27]
Externo #1: Executar queuedwebhook
2026-03-10 11:06:02 [@b2a0b1229a27]
Externo #1: Executar queuedwebhook
2026-03-10 11:08:03 [@b2a0b1229a27]
Externo #1: Executar queuedwebhook
2026-03-10 11:10:02 [@b2a0b1229a27]
Externo #1: Executar queuedwebhook
2026-03-10 11:12:02 [@b2a0b1229a27]
Externo #1: Executar queuedwebhook
2026-03-10 11:14:01 [@b2a0b1229a27]
Externo #1: Executar queuedwebhook
2026-03-10 11:14:01 [@b2a0b1229a27]
Externo #2: Executar pendingreason_autobump_autosolve
2026-03-10 11:16:05 [@b2a0b1229a27]
Externo #1: Executar queuedwebhook
2026-03-10 11:18:06 [@b2a0b1229a27]
Externo #1: Executar queuedwebhook
2026-03-10 11:20:03 [@b2a0b1229a27]
Externo #1: Executar queuedwebhook
2026-03-10 11:22:02 [@b2a0b1229a27]
Externo #1: Executar queuedwebhook
2026-03-10 11:24:07 [@b2a0b1229a27]
Externo #1: Executar queuedwebhook
2026-03-10 11:26:11 [@b2a0b1229a27]
Externo #1: Executar queuedwebhook
2026-03-10 11:28:02 [@b2a0b1229a27]
Externo #1: Executar queuedwebhook
2026-03-10 11:30:05 [@b2a0b1229a27]
Externo #1: Executar queuedwebhook
2026-03-10 11:32:07 [@b2a0b1229a27]
Externo #1: Executar queuedwebhook
2026-03-10 11:34:04 [@b2a0b1229a27]
Externo #1: Executar queuedwebhook
2026-03-10 11:36:04 [@b2a0b1229a27]
Externo #1: Executar queuedwebhook
2026-03-10 11:38:04 [@b2a0b1229a27]
Externo #1: Executar queuedwebhook
2026-03-10 11:40:07 [@b2a0b1229a27]
Externo #1: Executar queuedwebhook
2026-03-10 11:42:05 [@b2a0b1229a27]
Externo #1: Executar queuedwebhook
2026-03-10 11:44:01 [@b2a0b1229a27]
Externo #1: Executar queuedwebhook
2026-03-10 11:44:01 [@b2a0b1229a27]
Externo #2: Executar pendingreason_autobump_autosolve
2026-03-10 11:46:01 [@b2a0b1229a27]
Externo #1: Executar queuedwebhook
2026-03-10 11:48:01 [@b2a0b1229a27]
Externo #1: Executar queuedwebhook
2026-03-10 11:50:01 [@b2a0b1229a27]
Externo #1: Executar queuedwebhook
2026-03-10 11:52:02 [@b2a0b1229a27]
Externo #1: Executar queuedwebhook
2026-03-10 11:54:01 [@b2a0b1229a27]
Externo #1: Executar queuedwebhook
2026-03-10 11:56:01 [@b2a0b1229a27]
Externo #1: Executar queuedwebhook
2026-03-10 11:58:01 [@b2a0b1229a27]
Externo #1: Executar queuedwebhook
2026-03-10 12:00:01 [@b2a0b1229a27]
Externo #1: Executar queuedwebhook
2026-03-10 12:02:02 [@b2a0b1229a27]
Externo #1: Executar queuedwebhook
2026-03-10 12:04:01 [@b2a0b1229a27]
Externo #1: Executar queuedwebhook
2026-03-10 12:06:01 [@b2a0b1229a27]
Externo #1: Executar queuedwebhook
2026-03-10 12:08:01 [@b2a0b1229a27]
Externo #1: Executar queuedwebhook
2026-03-10 12:10:01 [@b2a0b1229a27]
Externo #1: Executar queuedwebhook
2026-03-10 12:12:02 [@b2a0b1229a27]
Externo #1: Executar queuedwebhook
2026-03-10 12:14:02 [@b2a0b1229a27]
Externo #1: Executar queuedwebhook
2026-03-10 12:14:02 [@b2a0b1229a27]
Externo #2: Executar pendingreason_autobump_autosolve
2026-03-10 12:16:01 [@b2a0b1229a27]
Externo #1: Executar queuedwebhook
2026-03-10 12:18:01 [@b2a0b1229a27]
Externo #1: Executar queuedwebhook
2026-03-10 12:20:01 [@b2a0b1229a27]
Externo #1: Executar queuedwebhook
2026-03-10 12:22:01 [@b2a0b1229a27]
Externo #1: Executar queuedwebhook
2026-03-10 12:24:01 [@b2a0b1229a27]
Externo #1: Executar queuedwebhook
2026-03-10 12:26:01 [@b2a0b1229a27]
Externo #1: Executar queuedwebhook
2026-03-10 12:28:01 [@b2a0b1229a27]
Externo #1: Executar queuedwebhook
2026-03-10 12:30:01 [@b2a0b1229a27]
Externo #1: Executar queuedwebhook
2026-03-10 12:32:01 [@b2a0b1229a27]
Externo #1: Executar queuedwebhook
2026-03-10 12:34:01 [@b2a0b1229a27]
Externo #1: Executar queuedwebhook
2026-03-10 12:36:01 [@b2a0b1229a27]
Externo #1: Executar queuedwebhook
2026-03-10 12:38:01 [@b2a0b1229a27]
Externo #1: Executar queuedwebhook
2026-03-10 12:40:02 [@b2a0b1229a27]
Externo #1: Executar queuedwebhook
2026-03-10 12:42:02 [@b2a0b1229a27]
Externo #1: Executar queuedwebhook
2026-03-10 12:44:02 [@b2a0b1229a27]
Externo #1: Executar queuedwebhook
2026-03-10 12:44:02 [@b2a0b1229a27]
Externo #2: Executar pendingreason_autobump_autosolve
2026-03-10 12:46:02 [@b2a0b1229a27]
Externo #1: Executar queuedwebhook
2026-03-10 12:48:02 [@b2a0b1229a27]
Externo #1: Executar queuedwebhook
2026-03-10 12:50:02 [@b2a0b1229a27]
Externo #1: Executar queuedwebhook
2026-03-10 12:52:02 [@b2a0b1229a27]
Externo #1: Executar queuedwebhook
2026-03-10 12:54:01 [@b2a0b1229a27]
Externo #1: Executar queuedwebhook
2026-03-10 12:56:01 [@b2a0b1229a27]
Externo #1: Executar queuedwebhook
2026-03-10 12:58:01 [@b2a0b1229a27]
Externo #1: Executar queuedwebhook
2026-03-10 13:00:01 [@b2a0b1229a27]
Externo #1: Executar queuedwebhook
2026-03-10 13:02:02 [@b2a0b1229a27]
Externo #1: Executar queuedwebhook
2026-03-10 13:04:02 [@b2a0b1229a27]
Externo #1: Executar queuedwebhook
2026-03-10 13:06:01 [@b2a0b1229a27]
Externo #1: Executar queuedwebhook
2026-03-10 13:08:01 [@b2a0b1229a27]
Externo #1: Executar queuedwebhook
2026-03-10 13:10:02 [@b2a0b1229a27]
Externo #1: Executar queuedwebhook
2026-03-10 13:12:02 [@b2a0b1229a27]
Externo #1: Executar queuedwebhook
2026-03-10 13:14:02 [@b2a0b1229a27]
Externo #1: Executar queuedwebhook
2026-03-10 13:14:02 [@b2a0b1229a27]
Externo #2: Executar pendingreason_autobump_autosolve
2026-03-10 13:16:02 [@b2a0b1229a27]
Externo #1: Executar queuedwebhook
2026-03-10 13:18:02 [@b2a0b1229a27]
Externo #1: Executar queuedwebhook
2026-03-10 13:20:02 [@b2a0b1229a27]
Externo #1: Executar queuedwebhook
2026-03-10 13:22:02 [@b2a0b1229a27]
Externo #1: Executar queuedwebhook
2026-03-10 13:24:02 [@b2a0b1229a27]
Externo #1: Executar queuedwebhook
2026-03-10 13:26:02 [@b2a0b1229a27]
Externo #1: Executar queuedwebhook
2026-03-10 13:28:02 [@b2a0b1229a27]
Externo #1: Executar queuedwebhook
2026-03-10 13:30:02 [@b2a0b1229a27]
Externo #1: Executar queuedwebhook
2026-03-10 13:32:02 [@b2a0b1229a27]
Externo #1: Executar queuedwebhook
2026-03-10 13:34:02 [@b2a0b1229a27]
Externo #1: Executar queuedwebhook
2026-03-10 13:36:02 [@b2a0b1229a27]
Externo #1: Executar queuedwebhook
2026-03-10 13:38:02 [@b2a0b1229a27]
Externo #1: Executar queuedwebhook
2026-03-10 13:40:01 [@b2a0b1229a27]
Externo #1: Executar queuedwebhook
2026-03-10 13:42:01 [@b2a0b1229a27]
Externo #1: Executar queuedwebhook
2026-03-10 13:44:01 [@b2a0b1229a27]
Externo #1: Executar queuedwebhook
2026-03-10 13:44:01 [@b2a0b1229a27]
Externo #2: Executar DomainsAlert
2026-03-10 13:44:01 [@b2a0b1229a27]
Externo #3: Executar pendingreason_autobump_autosolve
2026-03-10 13:44:01 [@b2a0b1229a27]
Externo #4: Executar createinquest
2026-03-10 13:44:01 [@b2a0b1229a27]
Externo #5: Executar purgedraftforms
2026-03-10 13:46:01 [@b2a0b1229a27]
Externo #1: Executar queuedwebhook
2026-03-10 13:48:01 [@b2a0b1229a27]
Externo #1: Executar queuedwebhook
2026-03-10 13:50:01 [@b2a0b1229a27]
Externo #1: Executar queuedwebhook
2026-03-10 13:52:01 [@b2a0b1229a27]
Externo #1: Executar queuedwebhook
2026-03-10 13:54:01 [@b2a0b1229a27]
Externo #1: Executar queuedwebhook
2026-03-10 13:56:02 [@b2a0b1229a27]
Externo #1: Executar queuedwebhook
2026-03-10 13:58:02 [@b2a0b1229a27]
Externo #1: Executar queuedwebhook
2026-03-10 14:00:02 [@b2a0b1229a27]
Externo #1: Executar queuedwebhook
2026-03-10 14:02:02 [@b2a0b1229a27]
Externo #1: Executar queuedwebhook
2026-03-10 14:04:02 [@b2a0b1229a27]
Externo #1: Executar queuedwebhook
2026-03-10 14:06:02 [@b2a0b1229a27]
Externo #1: Executar queuedwebhook
2026-03-10 14:08:02 [@b2a0b1229a27]
Externo #1: Executar queuedwebhook
2026-03-10 14:10:01 [@b2a0b1229a27]
Externo #1: Executar queuedwebhook
2026-03-10 14:12:01 [@b2a0b1229a27]
Externo #1: Executar queuedwebhook
2026-03-10 14:14:01 [@b2a0b1229a27]
Externo #1: Executar queuedwebhook
2026-03-10 14:14:01 [@b2a0b1229a27]
Externo #2: Executar pendingreason_autobump_autosolve
2026-03-10 14:16:01 [@b2a0b1229a27]
Externo #1: Executar queuedwebhook
2026-03-10 14:18:01 [@b2a0b1229a27]
Externo #1: Executar queuedwebhook
2026-03-10 14:20:01 [@b2a0b1229a27]
Externo #1: Executar queuedwebhook
2026-03-10 14:22:01 [@b2a0b1229a27]
Externo #1: Executar queuedwebhook
2026-03-10 14:24:01 [@b2a0b1229a27]
Externo #1: Executar queuedwebhook
2026-03-10 14:26:01 [@b2a0b1229a27]
Externo #1: Executar queuedwebhook
2026-03-10 14:28:01 [@b2a0b1229a27]
Externo #1: Executar queuedwebhook
2026-03-10 14:30:01 [@b2a0b1229a27]
Externo #1: Executar queuedwebhook
2026-03-10 14:32:01 [@b2a0b1229a27]
Externo #1: Executar queuedwebhook
2026-03-10 14:34:01 [@b2a0b1229a27]
Externo #1: Executar queuedwebhook
2026-03-10 14:36:01 [@b2a0b1229a27]
Externo #1: Executar queuedwebhook
2026-03-10 14:38:01 [@b2a0b1229a27]
Externo #1: Executar queuedwebhook
2026-03-10 14:40:01 [@b2a0b1229a27]
Externo #1: Executar queuedwebhook
2026-03-10 14:42:01 [@b2a0b1229a27]
Externo #1: Executar queuedwebhook
2026-03-10 14:44:01 [@b2a0b1229a27]
Externo #1: Executar queuedwebhook
2026-03-10 14:44:01 [@b2a0b1229a27]
Externo #2: Executar pendingreason_autobump_autosolve
2026-03-10 14:46:01 [@b2a0b1229a27]
Externo #1: Executar queuedwebhook
2026-03-10 14:48:01 [@b2a0b1229a27]
Externo #1: Executar queuedwebhook
2026-03-10 14:50:01 [@b2a0b1229a27]
Externo #1: Executar queuedwebhook
2026-03-10 14:52:03 [@b2a0b1229a27]
Externo #1: Executar queuedwebhook
2026-03-10 14:54:07 [@b2a0b1229a27]
Externo #1: Executar queuedwebhook
2026-03-10 14:56:01 [@b2a0b1229a27]
Externo #1: Executar queuedwebhook
2026-03-10 14:58:02 [@b2a0b1229a27]
Externo #1: Executar queuedwebhook
2026-03-10 15:00:02 [@b2a0b1229a27]
Externo #1: Executar queuedwebhook
2026-03-10 15:02:02 [@b2a0b1229a27]
Externo #1: Executar queuedwebhook
2026-03-10 15:04:02 [@b2a0b1229a27]
Externo #1: Executar queuedwebhook
2026-03-10 15:06:04 [@b2a0b1229a27]
Externo #1: Executar queuedwebhook
2026-03-10 15:08:02 [@b2a0b1229a27]
Externo #1: Executar queuedwebhook
2026-03-10 15:10:02 [@b2a0b1229a27]
Externo #1: Executar queuedwebhook
2026-03-10 15:12:10 [@b2a0b1229a27]
Externo #1: Executar queuedwebhook
2026-03-10 15:14:16 [@b2a0b1229a27]
Externo #1: Executar queuedwebhook
2026-03-10 15:14:17 [@b2a0b1229a27]
Externo #2: Executar pendingreason_autobump_autosolve
2026-03-10 15:16:52 [@b2a0b1229a27]
Externo #1: Executar queuedwebhook
2026-03-10 15:18:04 [@b2a0b1229a27]
Externo #1: Executar queuedwebhook
2026-03-10 15:20:03 [@b2a0b1229a27]
Externo #1: Executar queuedwebhook
2026-03-10 15:22:02 [@b2a0b1229a27]
Externo #1: Executar queuedwebhook
2026-03-10 15:24:02 [@b2a0b1229a27]
Externo #1: Executar queuedwebhook
2026-03-10 15:26:01 [@b2a0b1229a27]
Externo #1: Executar queuedwebhook
2026-03-10 15:28:01 [@b2a0b1229a27]
Externo #1: Executar queuedwebhook
2026-03-10 15:30:03 [@b2a0b1229a27]
Externo #1: Executar queuedwebhook
2026-03-10 15:32:04 [@b2a0b1229a27]
Externo #1: Executar queuedwebhook
2026-03-10 15:34:06 [@b2a0b1229a27]
Externo #1: Executar queuedwebhook
2026-03-10 15:36:10 [@b2a0b1229a27]
Externo #1: Executar queuedwebhook
2026-03-10 15:38:05 [@b2a0b1229a27]
Externo #1: Executar queuedwebhook
2026-03-10 15:40:13 [@b2a0b1229a27]
Externo #1: Executar queuedwebhook
2026-03-10 15:42:11 [@b2a0b1229a27]
Externo #1: Executar queuedwebhook
2026-03-10 15:44:06 [@b2a0b1229a27]
Externo #1: Executar queuedwebhook
2026-03-10 15:44:07 [@b2a0b1229a27]
Externo #2: Executar pendingreason_autobump_autosolve
2026-03-10 15:46:06 [@b2a0b1229a27]
Externo #1: Executar queuedwebhook
2026-03-10 15:48:04 [@b2a0b1229a27]
Externo #1: Executar queuedwebhook
2026-03-10 15:50:03 [@b2a0b1229a27]
Externo #1: Executar queuedwebhook
2026-03-10 15:52:07 [@b2a0b1229a27]
Externo #1: Executar queuedwebhook
2026-03-10 15:54:06 [@b2a0b1229a27]
Externo #1: Executar queuedwebhook
2026-03-10 15:56:08 [@b2a0b1229a27]
Externo #1: Executar queuedwebhook
2026-03-10 15:58:08 [@b2a0b1229a27]
Externo #1: Executar queuedwebhook
2026-03-10 16:00:16 [@b2a0b1229a27]
Externo #1: Executar queuedwebhook
2026-03-10 16:02:11 [@b2a0b1229a27]
Externo #1: Executar queuedwebhook
2026-03-10 16:04:22 [@b2a0b1229a27]
Externo #1: Executar queuedwebhook
2026-03-10 16:06:17 [@b2a0b1229a27]
Externo #1: Executar queuedwebhook
2026-03-10 16:08:02 [@b2a0b1229a27]
Externo #1: Executar queuedwebhook
2026-03-10 16:10:02 [@b2a0b1229a27]
Externo #1: Executar queuedwebhook
2026-03-10 16:12:21 [@b2a0b1229a27]
Externo #1: Executar queuedwebhook
2026-03-10 16:14:02 [@b2a0b1229a27]
Externo #1: Executar queuedwebhook
2026-03-10 16:14:02 [@b2a0b1229a27]
Externo #2: Executar pendingreason_autobump_autosolve
2026-03-10 16:16:02 [@b2a0b1229a27]
Externo #1: Executar queuedwebhook
2026-03-10 16:18:02 [@b2a0b1229a27]
Externo #1: Executar queuedwebhook
2026-03-10 16:20:02 [@b2a0b1229a27]
Externo #1: Executar queuedwebhook
2026-03-10 16:22:09 [@b2a0b1229a27]
Externo #1: Executar queuedwebhook
2026-03-10 16:24:17 [@b2a0b1229a27]
Externo #1: Executar queuedwebhook
2026-03-10 16:26:03 [@b2a0b1229a27]
Externo #1: Executar queuedwebhook
2026-03-10 16:28:04 [@b2a0b1229a27]
Externo #1: Executar queuedwebhook
2026-03-10 16:30:02 [@b2a0b1229a27]
Externo #1: Executar queuedwebhook
2026-03-10 16:32:11 [@b2a0b1229a27]
Externo #1: Executar queuedwebhook
2026-03-10 16:34:04 [@b2a0b1229a27]
Externo #1: Executar queuedwebhook
2026-03-10 16:36:06 [@b2a0b1229a27]
Externo #1: Executar queuedwebhook
2026-03-10 16:38:03 [@b2a0b1229a27]
Externo #1: Executar queuedwebhook
2026-03-10 16:40:07 [@b2a0b1229a27]
Externo #1: Executar queuedwebhook
2026-03-10 16:42:13 [@b2a0b1229a27]
Externo #1: Executar queuedwebhook
2026-03-10 16:44:02 [@b2a0b1229a27]
Externo #1: Executar queuedwebhook
2026-03-10 16:44:02 [@b2a0b1229a27]
Externo #2: Executar pendingreason_autobump_autosolve
2026-03-10 16:46:02 [@b2a0b1229a27]
Externo #1: Executar queuedwebhook
2026-03-10 16:48:02 [@b2a0b1229a27]
Externo #1: Executar queuedwebhook
2026-03-10 16:50:05 [@b2a0b1229a27]
Externo #1: Executar queuedwebhook
2026-03-10 16:52:10 [@b2a0b1229a27]
Externo #1: Executar queuedwebhook
2026-03-10 16:54:02 [@b2a0b1229a27]
Externo #1: Executar queuedwebhook
2026-03-10 16:56:01 [@b2a0b1229a27]
Externo #1: Executar queuedwebhook
2026-03-10 16:58:01 [@b2a0b1229a27]
Externo #1: Executar queuedwebhook
2026-03-10 17:00:01 [@b2a0b1229a27]
Externo #1: Executar queuedwebhook
2026-03-10 17:02:01 [@b2a0b1229a27]
Externo #1: Executar queuedwebhook
2026-03-10 17:04:01 [@b2a0b1229a27]
Externo #1: Executar queuedwebhook
2026-03-10 17:06:03 [@b2a0b1229a27]
Externo #1: Executar queuedwebhook
2026-03-10 17:08:03 [@b2a0b1229a27]
Externo #1: Executar queuedwebhook
2026-03-10 17:10:03 [@b2a0b1229a27]
Externo #1: Executar queuedwebhook
2026-03-10 17:12:03 [@b2a0b1229a27]
Externo #1: Executar queuedwebhook
2026-03-10 17:14:03 [@b2a0b1229a27]
Externo #1: Executar queuedwebhook
2026-03-10 17:14:04 [@b2a0b1229a27]
Externo #2: Executar pendingreason_autobump_autosolve
2026-03-10 17:16:02 [@b2a0b1229a27]
Externo #1: Executar queuedwebhook
2026-03-10 17:18:01 [@b2a0b1229a27]
Externo #1: Executar queuedwebhook
2026-03-10 17:20:02 [@b2a0b1229a27]
Externo #1: Executar queuedwebhook
2026-03-10 17:22:01 [@b2a0b1229a27]
Externo #1: Executar queuedwebhook
2026-03-10 17:24:01 [@b2a0b1229a27]
Externo #1: Executar queuedwebhook
2026-03-10 17:26:01 [@b2a0b1229a27]
Externo #1: Executar queuedwebhook
2026-03-10 17:28:01 [@b2a0b1229a27]
Externo #1: Executar queuedwebhook
2026-03-10 17:30:02 [@b2a0b1229a27]
Externo #1: Executar queuedwebhook
2026-03-10 17:32:02 [@b2a0b1229a27]
Externo #1: Executar queuedwebhook
2026-03-10 17:34:02 [@b2a0b1229a27]
Externo #1: Executar queuedwebhook
2026-03-10 17:36:01 [@b2a0b1229a27]
Externo #1: Executar queuedwebhook
2026-03-10 17:38:02 [@b2a0b1229a27]
Externo #1: Executar queuedwebhook
2026-03-10 17:40:02 [@b2a0b1229a27]
Externo #1: Executar queuedwebhook
2026-03-10 17:42:02 [@b2a0b1229a27]
Externo #1: Executar queuedwebhook
2026-03-10 17:44:03 [@b2a0b1229a27]
Externo #1: Executar queuedwebhook
2026-03-10 17:44:03 [@b2a0b1229a27]
Externo #2: Executar pendingreason_autobump_autosolve
2026-03-10 17:46:02 [@b2a0b1229a27]
Externo #1: Executar queuedwebhook
2026-03-10 17:48:02 [@b2a0b1229a27]
Externo #1: Executar queuedwebhook
2026-03-10 17:50:02 [@b2a0b1229a27]
Externo #1: Executar queuedwebhook
2026-03-10 17:52:01 [@b2a0b1229a27]
Externo #1: Executar queuedwebhook
2026-03-10 17:54:02 [@b2a0b1229a27]
Externo #1: Executar queuedwebhook
2026-03-10 17:56:03 [@b2a0b1229a27]
Externo #1: Executar queuedwebhook
2026-03-10 17:58:02 [@b2a0b1229a27]
Externo #1: Executar queuedwebhook
2026-03-10 18:00:02 [@b2a0b1229a27]
Externo #1: Executar queuedwebhook
2026-03-10 18:02:04 [@b2a0b1229a27]
Externo #1: Executar queuedwebhook
2026-03-10 18:04:02 [@b2a0b1229a27]
Externo #1: Executar queuedwebhook
2026-03-10 18:06:03 [@b2a0b1229a27]
Externo #1: Executar queuedwebhook
2026-03-10 18:08:02 [@b2a0b1229a27]
Externo #1: Executar queuedwebhook
2026-03-10 18:10:02 [@b2a0b1229a27]
Externo #1: Executar queuedwebhook
2026-03-10 18:12:01 [@b2a0b1229a27]
Externo #1: Executar queuedwebhook
2026-03-10 18:14:01 [@b2a0b1229a27]
Externo #1: Executar queuedwebhook
2026-03-10 18:14:01 [@b2a0b1229a27]
Externo #2: Executar pendingreason_autobump_autosolve
2026-03-10 18:16:01 [@b2a0b1229a27]
Externo #1: Executar queuedwebhook
2026-03-10 18:18:01 [@b2a0b1229a27]
Externo #1: Executar queuedwebhook
2026-03-10 18:20:01 [@b2a0b1229a27]
Externo #1: Executar queuedwebhook
2026-03-10 18:22:01 [@b2a0b1229a27]
Externo #1: Executar queuedwebhook
2026-03-10 18:24:01 [@b2a0b1229a27]
Externo #1: Executar queuedwebhook
2026-03-10 18:26:01 [@b2a0b1229a27]
Externo #1: Executar queuedwebhook
2026-03-10 18:28:01 [@b2a0b1229a27]
Externo #1: Executar queuedwebhook
2026-03-10 18:30:01 [@b2a0b1229a27]
Externo #1: Executar queuedwebhook
2026-03-10 18:32:01 [@b2a0b1229a27]
Externo #1: Executar queuedwebhook
2026-03-10 18:34:01 [@b2a0b1229a27]
Externo #1: Executar queuedwebhook
2026-03-10 18:36:01 [@b2a0b1229a27]
Externo #1: Executar queuedwebhook
2026-03-10 18:38:01 [@b2a0b1229a27]
Externo #1: Executar queuedwebhook
2026-03-10 18:40:02 [@b2a0b1229a27]
Externo #1: Executar queuedwebhook
2026-03-10 18:42:07 [@b2a0b1229a27]
Externo #1: Executar queuedwebhook
2026-03-10 18:44:02 [@b2a0b1229a27]
Externo #1: Executar queuedwebhook
2026-03-10 18:44:02 [@b2a0b1229a27]
Externo #2: Executar pendingreason_autobump_autosolve
2026-03-10 18:46:17 [@b2a0b1229a27]
Externo #1: Executar queuedwebhook
2026-03-10 18:48:02 [@b2a0b1229a27]
Externo #1: Executar queuedwebhook
2026-03-10 18:50:02 [@b2a0b1229a27]
Externo #1: Executar queuedwebhook
2026-03-10 18:52:02 [@b2a0b1229a27]
Externo #1: Executar queuedwebhook
2026-03-10 18:54:03 [@b2a0b1229a27]
Externo #1: Executar queuedwebhook
2026-03-10 18:56:02 [@b2a0b1229a27]
Externo #1: Executar queuedwebhook
2026-03-10 18:58:02 [@b2a0b1229a27]
Externo #1: Executar queuedwebhook
2026-03-10 19:00:01 [@b2a0b1229a27]
Externo #1: Executar queuedwebhook
2026-03-10 19:02:01 [@b2a0b1229a27]
Externo #1: Executar queuedwebhook
2026-03-10 19:04:01 [@b2a0b1229a27]
Externo #1: Executar queuedwebhook
2026-03-10 19:06:02 [@b2a0b1229a27]
Externo #1: Executar queuedwebhook
2026-03-10 19:08:01 [@b2a0b1229a27]
Externo #1: Executar queuedwebhook
2026-03-10 19:10:04 [@b2a0b1229a27]
Externo #1: Executar queuedwebhook
2026-03-10 19:12:20 [@b2a0b1229a27]
Externo #1: Executar queuedwebhook
2026-03-10 19:14:03 [@b2a0b1229a27]
Externo #1: Executar queuedwebhook
2026-03-10 19:14:03 [@b2a0b1229a27]
Externo #2: Executar pendingreason_autobump_autosolve
2026-03-10 19:16:04 [@b2a0b1229a27]
Externo #1: Executar queuedwebhook
2026-03-10 19:18:03 [@b2a0b1229a27]
Externo #1: Executar queuedwebhook
2026-03-10 19:20:02 [@b2a0b1229a27]
Externo #1: Executar queuedwebhook
2026-03-10 19:22:02 [@b2a0b1229a27]
Externo #1: Executar queuedwebhook
2026-03-10 19:24:08 [@b2a0b1229a27]
Externo #1: Executar queuedwebhook
2026-03-10 19:26:04 [@b2a0b1229a27]
Externo #1: Executar queuedwebhook
2026-03-10 19:28:01 [@b2a0b1229a27]
Externo #1: Executar queuedwebhook
2026-03-10 19:30:02 [@b2a0b1229a27]
Externo #1: Executar queuedwebhook
2026-03-10 19:32:02 [@b2a0b1229a27]
Externo #1: Executar queuedwebhook
2026-03-10 19:34:02 [@b2a0b1229a27]
Externo #1: Executar queuedwebhook
2026-03-10 19:36:03 [@b2a0b1229a27]
Externo #1: Executar queuedwebhook
2026-03-10 19:38:02 [@b2a0b1229a27]
Externo #1: Executar queuedwebhook
2026-03-10 19:40:02 [@b2a0b1229a27]
Externo #1: Executar queuedwebhook
2026-03-10 19:42:02 [@b2a0b1229a27]
Externo #1: Executar queuedwebhook
2026-03-10 19:44:04 [@b2a0b1229a27]
Externo #1: Executar queuedwebhook
2026-03-10 19:44:04 [@b2a0b1229a27]
Externo #2: Executar pendingreason_autobump_autosolve
2026-03-10 19:46:08 [@b2a0b1229a27]
Externo #1: Executar queuedwebhook
2026-03-10 19:48:02 [@b2a0b1229a27]
Externo #1: Executar queuedwebhook
2026-03-10 19:50:07 [@b2a0b1229a27]
Externo #1: Executar queuedwebhook
2026-03-10 19:52:01 [@b2a0b1229a27]
Externo #1: Executar queuedwebhook
2026-03-10 19:54:01 [@b2a0b1229a27]
Externo #1: Executar queuedwebhook
2026-03-10 19:56:01 [@b2a0b1229a27]
Externo #1: Executar queuedwebhook
2026-03-10 19:58:01 [@b2a0b1229a27]
Externo #1: Executar queuedwebhook
2026-03-10 20:00:01 [@b2a0b1229a27]
Externo #1: Executar queuedwebhook
2026-03-10 20:02:02 [@b2a0b1229a27]
Externo #1: Executar queuedwebhook
2026-03-10 20:04:01 [@b2a0b1229a27]
Externo #1: Executar queuedwebhook
2026-03-10 20:06:01 [@b2a0b1229a27]
Externo #1: Executar queuedwebhook
2026-03-10 20:08:01 [@b2a0b1229a27]
Externo #1: Executar queuedwebhook
2026-03-10 20:10:01 [@b2a0b1229a27]
Externo #1: Executar queuedwebhook
2026-03-10 20:12:01 [@b2a0b1229a27]
Externo #1: Executar queuedwebhook
2026-03-10 20:14:01 [@b2a0b1229a27]
Externo #1: Executar queuedwebhook
2026-03-10 20:14:01 [@b2a0b1229a27]
Externo #2: Executar pendingreason_autobump_autosolve
2026-03-10 20:16:04 [@b2a0b1229a27]
Externo #1: Executar queuedwebhook
2026-03-10 20:18:02 [@b2a0b1229a27]
Externo #1: Executar queuedwebhook
2026-03-10 20:20:01 [@b2a0b1229a27]
Externo #1: Executar queuedwebhook
2026-03-10 20:22:01 [@b2a0b1229a27]
Externo #1: Executar queuedwebhook
2026-03-10 20:24:01 [@b2a0b1229a27]
Externo #1: Executar queuedwebhook
2026-03-10 20:26:01 [@b2a0b1229a27]
Externo #1: Executar queuedwebhook
2026-03-10 20:28:01 [@b2a0b1229a27]
Externo #1: Executar queuedwebhook
2026-03-10 20:30:01 [@b2a0b1229a27]
Externo #1: Executar queuedwebhook
2026-03-10 20:32:01 [@b2a0b1229a27]
Externo #1: Executar queuedwebhook
2026-03-10 20:34:01 [@b2a0b1229a27]
Externo #1: Executar queuedwebhook
2026-03-10 20:36:01 [@b2a0b1229a27]
Externo #1: Executar queuedwebhook
2026-03-10 20:38:01 [@b2a0b1229a27]
Externo #1: Executar queuedwebhook
2026-03-10 20:40:02 [@b2a0b1229a27]
Externo #1: Executar queuedwebhook
2026-03-10 20:42:02 [@b2a0b1229a27]
Externo #1: Executar queuedwebhook
2026-03-10 20:44:02 [@b2a0b1229a27]
Externo #1: Executar queuedwebhook
2026-03-10 20:44:02 [@b2a0b1229a27]
Externo #2: Executar pendingreason_autobump_autosolve
2026-03-10 20:46:02 [@b2a0b1229a27]
Externo #1: Executar queuedwebhook
2026-03-10 20:48:02 [@b2a0b1229a27]
Externo #1: Executar queuedwebhook
2026-03-10 20:50:02 [@b2a0b1229a27]
Externo #1: Executar queuedwebhook
2026-03-10 20:52:02 [@b2a0b1229a27]
Externo #1: Executar queuedwebhook
2026-03-10 20:54:02 [@b2a0b1229a27]
Externo #1: Executar queuedwebhook
2026-03-10 20:56:02 [@b2a0b1229a27]
Externo #1: Executar queuedwebhook
2026-03-10 20:58:02 [@b2a0b1229a27]
Externo #1: Executar queuedwebhook
2026-03-10 21:00:02 [@b2a0b1229a27]
Externo #1: Executar queuedwebhook
2026-03-10 21:02:02 [@b2a0b1229a27]
Externo #1: Executar queuedwebhook
2026-03-10 21:04:02 [@b2a0b1229a27]
Externo #1: Executar queuedwebhook
2026-03-10 21:06:02 [@b2a0b1229a27]
Externo #1: Executar queuedwebhook
2026-03-10 21:08:02 [@b2a0b1229a27]
Externo #1: Executar queuedwebhook
2026-03-10 21:10:02 [@b2a0b1229a27]
Externo #1: Executar queuedwebhook
2026-03-10 21:12:02 [@b2a0b1229a27]
Externo #1: Executar queuedwebhook
2026-03-10 21:14:02 [@b2a0b1229a27]
Externo #1: Executar queuedwebhook
2026-03-10 21:14:02 [@b2a0b1229a27]
Externo #2: Executar pendingreason_autobump_autosolve
2026-03-10 21:16:02 [@b2a0b1229a27]
Externo #1: Executar queuedwebhook
2026-03-10 21:18:02 [@b2a0b1229a27]
Externo #1: Executar queuedwebhook
2026-03-10 21:20:02 [@b2a0b1229a27]
Externo #1: Executar queuedwebhook
2026-03-10 21:22:02 [@b2a0b1229a27]
Externo #1: Executar queuedwebhook
2026-03-10 21:24:02 [@b2a0b1229a27]
Externo #1: Executar queuedwebhook
2026-03-10 21:26:02 [@b2a0b1229a27]
Externo #1: Executar queuedwebhook
2026-03-10 21:28:02 [@b2a0b1229a27]
Externo #1: Executar queuedwebhook
2026-03-10 21:30:02 [@b2a0b1229a27]
Externo #1: Executar queuedwebhook
2026-03-10 21:32:02 [@b2a0b1229a27]
Externo #1: Executar queuedwebhook
2026-03-10 21:34:02 [@b2a0b1229a27]
Externo #1: Executar queuedwebhook
2026-03-10 21:36:02 [@b2a0b1229a27]
Externo #1: Executar queuedwebhook
2026-03-10 21:38:02 [@b2a0b1229a27]
Externo #1: Executar queuedwebhook
2026-03-10 21:40:01 [@b2a0b1229a27]
Externo #1: Executar queuedwebhook
2026-03-10 21:42:01 [@b2a0b1229a27]
Externo #1: Executar queuedwebhook
2026-03-10 21:44:01 [@b2a0b1229a27]
Externo #1: Executar queuedwebhook
2026-03-10 21:44:01 [@b2a0b1229a27]
Externo #2: Executar pendingreason_autobump_autosolve
2026-03-10 21:46:01 [@b2a0b1229a27]
Externo #1: Executar queuedwebhook
2026-03-10 21:48:02 [@b2a0b1229a27]
Externo #1: Executar queuedwebhook
2026-03-10 21:50:02 [@b2a0b1229a27]
Externo #1: Executar queuedwebhook
2026-03-10 21:52:02 [@b2a0b1229a27]
Externo #1: Executar queuedwebhook
2026-03-11 12:46:02 [@b2a0b1229a27]
Externo #1: Executar queuedwebhook
2026-03-11 12:46:03 [@b2a0b1229a27]
Externo #2: Executar pendingreason_autobump_autosolve
2026-03-11 12:48:02 [@b2a0b1229a27]
Externo #1: Executar queuedwebhook
2026-03-11 12:48:36 [@b2a0b1229a27]
Interno #1: Executar RecurrentItems
2026-03-11 12:48:40 [@b2a0b1229a27]
Interno #1: Executar planningrecall
2026-03-11 12:48:47 [@b2a0b1229a27]
Interno #1: Executar queuednotification
2026-03-11 12:48:52 [@b2a0b1229a27]
Interno #1: Executar temp
2026-03-11 12:49:14 [@b2a0b1229a27]
Interno #1: Executar mailgateerror
2026-03-11 12:50:01 [@b2a0b1229a27]
Externo #1: Executar queuedwebhook
2026-03-11 12:51:46 [@b2a0b1229a27]
Interno #1: Executar certificate
2026-03-11 12:52:02 [@b2a0b1229a27]
Externo #1: Executar queuedwebhook
2026-03-11 12:54:01 [@b2a0b1229a27]
Externo #1: Executar queuedwebhook
2026-03-11 12:56:01 [@b2a0b1229a27]
Externo #1: Executar queuedwebhook
2026-03-11 12:58:01 [@b2a0b1229a27]
Externo #1: Executar queuedwebhook
2026-03-11 12:59:40 [@b2a0b1229a27]
Interno #1: Executar olaticket
2026-03-11 13:00:01 [@b2a0b1229a27]
Externo #1: Executar queuedwebhook
2026-03-11 13:02:01 [@b2a0b1229a27]
Externo #1: Executar queuedwebhook
2026-03-11 13:03:13 [@b2a0b1229a27]
Interno #1: Executar mailgate
2026-03-11 13:04:01 [@b2a0b1229a27]
Externo #1: Executar queuedwebhook
2026-03-11 13:06:02 [@b2a0b1229a27]
Externo #1: Executar queuedwebhook
2026-03-11 13:08:02 [@b2a0b1229a27]
Externo #1: Executar queuedwebhook
2026-03-11 13:10:02 [@b2a0b1229a27]
Externo #1: Executar queuedwebhook
2026-03-11 13:12:02 [@b2a0b1229a27]
Externo #1: Executar queuedwebhook
2026-03-11 13:14:02 [@b2a0b1229a27]
Externo #1: Executar queuedwebhook
2026-03-11 13:16:02 [@b2a0b1229a27]
Externo #1: Executar queuedwebhook
2026-03-11 13:16:02 [@b2a0b1229a27]
Externo #2: Executar pendingreason_autobump_autosolve
2026-03-11 13:18:02 [@b2a0b1229a27]
Externo #1: Executar queuedwebhook
2026-03-11 13:20:02 [@b2a0b1229a27]
Externo #1: Executar queuedwebhook
2026-03-11 13:22:02 [@b2a0b1229a27]
Externo #1: Executar queuedwebhook
2026-03-11 13:24:02 [@b2a0b1229a27]
Externo #1: Executar queuedwebhook
2026-03-11 13:26:02 [@b2a0b1229a27]
Externo #1: Executar queuedwebhook
2026-03-11 13:28:02 [@b2a0b1229a27]
Externo #1: Executar queuedwebhook
2026-03-11 13:30:02 [@b2a0b1229a27]
Externo #1: Executar queuedwebhook
2026-03-11 13:32:02 [@b2a0b1229a27]
Externo #1: Executar queuedwebhook
2026-03-11 13:34:02 [@b2a0b1229a27]
Externo #1: Executar queuedwebhook
2026-03-11 13:35:17 [@b2a0b1229a27]
Interno #1: Executar graph
2026-03-11 13:36:02 [@b2a0b1229a27]
Externo #1: Executar queuedwebhook
2026-03-11 13:38:02 [@b2a0b1229a27]
Externo #1: Executar queuedwebhook
2026-03-11 13:40:01 [@b2a0b1229a27]
Externo #1: Executar queuedwebhook
2026-03-11 13:42:01 [@b2a0b1229a27]
Externo #1: Executar queuedwebhook
2026-03-11 13:44:02 [@b2a0b1229a27]
Externo #1: Executar queuedwebhook
2026-03-11 13:44:02 [@b2a0b1229a27]
Externo #2: Executar DomainsAlert
2026-03-11 13:44:02 [@b2a0b1229a27]
Externo #3: Executar createinquest
2026-03-11 13:44:02 [@b2a0b1229a27]
Externo #4: Executar purgedraftforms
2026-03-11 13:46:01 [@b2a0b1229a27]
Externo #1: Executar queuedwebhook
2026-03-11 13:46:01 [@b2a0b1229a27]
Externo #2: Executar pendingreason_autobump_autosolve
2026-03-11 13:48:01 [@b2a0b1229a27]
Externo #1: Executar queuedwebhook
2026-03-11 13:50:01 [@b2a0b1229a27]
Externo #1: Executar queuedwebhook
2026-03-11 13:52:02 [@b2a0b1229a27]
Externo #1: Executar queuedwebhook
2026-03-11 13:54:01 [@b2a0b1229a27]
Externo #1: Executar queuedwebhook
2026-03-11 13:56:01 [@b2a0b1229a27]
Externo #1: Executar queuedwebhook
2026-03-11 13:58:01 [@b2a0b1229a27]
Externo #1: Executar queuedwebhook
2026-03-11 14:00:01 [@b2a0b1229a27]
Externo #1: Executar queuedwebhook
2026-03-11 14:02:02 [@b2a0b1229a27]
Externo #1: Executar queuedwebhook
2026-03-11 14:04:01 [@b2a0b1229a27]
Externo #1: Executar queuedwebhook
2026-03-11 14:06:01 [@b2a0b1229a27]
Externo #1: Executar queuedwebhook
2026-03-11 14:08:01 [@b2a0b1229a27]
Externo #1: Executar queuedwebhook
2026-03-11 14:10:02 [@b2a0b1229a27]
Externo #1: Executar queuedwebhook
2026-03-11 14:12:02 [@b2a0b1229a27]
Externo #1: Executar queuedwebhook
2026-03-11 14:14:02 [@b2a0b1229a27]
Externo #1: Executar queuedwebhook
2026-03-11 14:16:02 [@b2a0b1229a27]
Externo #1: Executar queuedwebhook
2026-03-11 14:16:02 [@b2a0b1229a27]
Externo #2: Executar pendingreason_autobump_autosolve
2026-03-11 14:18:02 [@b2a0b1229a27]
Externo #1: Executar queuedwebhook
2026-03-11 14:20:02 [@b2a0b1229a27]
Externo #1: Executar queuedwebhook
2026-03-11 14:22:02 [@b2a0b1229a27]
Externo #1: Executar queuedwebhook
2026-03-11 14:24:02 [@b2a0b1229a27]
Externo #1: Executar queuedwebhook
2026-03-11 14:26:02 [@b2a0b1229a27]
Externo #1: Executar queuedwebhook
2026-03-11 14:28:02 [@b2a0b1229a27]
Externo #1: Executar queuedwebhook
2026-03-11 14:30:02 [@b2a0b1229a27]
Externo #1: Executar queuedwebhook
2026-03-11 14:32:02 [@b2a0b1229a27]
Externo #1: Executar queuedwebhook
2026-03-11 14:34:02 [@b2a0b1229a27]
Externo #1: Executar queuedwebhook
2026-03-11 14:36:02 [@b2a0b1229a27]
Externo #1: Executar queuedwebhook
2026-03-11 14:38:02 [@b2a0b1229a27]
Externo #1: Executar queuedwebhook
2026-03-11 14:40:01 [@b2a0b1229a27]
Externo #1: Executar queuedwebhook
2026-03-11 14:42:01 [@b2a0b1229a27]
Externo #1: Executar queuedwebhook
2026-03-11 14:44:02 [@b2a0b1229a27]
Externo #1: Executar queuedwebhook
2026-03-11 14:46:01 [@b2a0b1229a27]
Externo #1: Executar queuedwebhook
2026-03-11 14:46:01 [@b2a0b1229a27]
Externo #2: Executar pendingreason_autobump_autosolve
2026-03-11 14:48:01 [@b2a0b1229a27]
Externo #1: Executar queuedwebhook
2026-03-11 14:50:01 [@b2a0b1229a27]
Externo #1: Executar queuedwebhook
2026-03-11 14:52:01 [@b2a0b1229a27]
Externo #1: Executar queuedwebhook
2026-03-11 14:54:01 [@b2a0b1229a27]
Externo #1: Executar queuedwebhook
2026-03-11 14:56:01 [@b2a0b1229a27]
Externo #1: Executar queuedwebhook
2026-03-11 14:58:01 [@b2a0b1229a27]
Externo #1: Executar queuedwebhook
2026-03-11 15:00:01 [@b2a0b1229a27]
Externo #1: Executar queuedwebhook
2026-03-11 15:02:01 [@b2a0b1229a27]
Externo #1: Executar queuedwebhook
2026-03-11 15:04:01 [@b2a0b1229a27]
Externo #1: Executar queuedwebhook
2026-03-11 15:06:01 [@b2a0b1229a27]
Externo #1: Executar queuedwebhook
2026-03-11 15:08:01 [@b2a0b1229a27]
Externo #1: Executar queuedwebhook
2026-03-11 15:10:02 [@b2a0b1229a27]
Externo #1: Executar queuedwebhook
2026-03-11 15:12:02 [@b2a0b1229a27]
Externo #1: Executar queuedwebhook
2026-03-11 15:13:19 [@b2a0b1229a27]
Interno #1: Executar reservation
2026-03-11 15:14:02 [@b2a0b1229a27]
Externo #1: Executar queuedwebhook
2026-03-11 15:16:02 [@b2a0b1229a27]
Externo #1: Executar queuedwebhook
2026-03-11 15:16:02 [@b2a0b1229a27]
Externo #2: Executar pendingreason_autobump_autosolve
2026-03-11 15:18:02 [@b2a0b1229a27]
Externo #1: Executar queuedwebhook
2026-03-11 15:20:02 [@b2a0b1229a27]
Externo #1: Executar queuedwebhook
2026-03-11 15:22:02 [@b2a0b1229a27]
Externo #1: Executar queuedwebhook
2026-03-11 15:24:02 [@b2a0b1229a27]
Externo #1: Executar queuedwebhook
2026-03-11 15:26:02 [@b2a0b1229a27]
Externo #1: Executar queuedwebhook
2026-03-11 15:28:02 [@b2a0b1229a27]
Externo #1: Executar queuedwebhook
2026-03-11 15:30:02 [@b2a0b1229a27]
Externo #1: Executar queuedwebhook
2026-03-11 15:32:02 [@b2a0b1229a27]
Externo #1: Executar queuedwebhook
2026-03-11 15:34:02 [@b2a0b1229a27]
Externo #1: Executar queuedwebhook
2026-03-11 15:36:02 [@b2a0b1229a27]
Externo #1: Executar queuedwebhook
2026-03-11 15:38:02 [@b2a0b1229a27]
Externo #1: Executar queuedwebhook
2026-03-11 15:40:01 [@b2a0b1229a27]
Externo #1: Executar queuedwebhook
2026-03-11 15:42:01 [@b2a0b1229a27]
Externo #1: Executar queuedwebhook
2026-03-11 15:44:01 [@b2a0b1229a27]
Externo #1: Executar queuedwebhook
2026-03-11 15:46:01 [@b2a0b1229a27]
Externo #1: Executar queuedwebhook
2026-03-11 15:46:01 [@b2a0b1229a27]
Externo #2: Executar pendingreason_autobump_autosolve
2026-03-11 15:48:01 [@b2a0b1229a27]
Externo #1: Executar queuedwebhook
2026-03-11 15:50:01 [@b2a0b1229a27]
Externo #1: Executar queuedwebhook
2026-03-11 15:52:01 [@b2a0b1229a27]
Externo #1: Executar queuedwebhook
2026-03-11 15:54:01 [@b2a0b1229a27]
Externo #1: Executar queuedwebhook
2026-03-11 15:56:01 [@b2a0b1229a27]
Externo #1: Executar queuedwebhook
2026-03-11 15:58:01 [@b2a0b1229a27]
Externo #1: Executar queuedwebhook
2026-03-11 16:00:01 [@b2a0b1229a27]
Externo #1: Executar queuedwebhook
2026-03-11 16:02:01 [@b2a0b1229a27]
Externo #1: Executar queuedwebhook
2026-03-11 16:04:01 [@b2a0b1229a27]
Externo #1: Executar queuedwebhook
2026-03-11 16:06:01 [@b2a0b1229a27]
Externo #1: Executar queuedwebhook
2026-03-11 16:08:01 [@b2a0b1229a27]
Externo #1: Executar queuedwebhook
2026-03-11 16:10:01 [@b2a0b1229a27]
Externo #1: Executar queuedwebhook
2026-03-11 16:12:01 [@b2a0b1229a27]
Externo #1: Executar queuedwebhook
2026-03-11 16:14:01 [@b2a0b1229a27]
Externo #1: Executar queuedwebhook
2026-03-11 16:16:01 [@b2a0b1229a27]
Externo #1: Executar queuedwebhook
2026-03-11 16:16:01 [@b2a0b1229a27]
Externo #2: Executar pendingreason_autobump_autosolve
2026-03-11 16:18:01 [@b2a0b1229a27]
Externo #1: Executar queuedwebhook
2026-03-11 16:20:01 [@b2a0b1229a27]
Externo #1: Executar queuedwebhook
2026-03-11 16:22:01 [@b2a0b1229a27]
Externo #1: Executar queuedwebhook
2026-03-11 16:24:01 [@b2a0b1229a27]
Externo #1: Executar queuedwebhook
2026-03-11 16:26:01 [@b2a0b1229a27]
Externo #1: Executar queuedwebhook
2026-03-11 16:28:01 [@b2a0b1229a27]
Externo #1: Executar queuedwebhook
2026-03-11 16:30:01 [@b2a0b1229a27]
Externo #1: Executar queuedwebhook
2026-03-11 16:32:01 [@b2a0b1229a27]
Externo #1: Executar queuedwebhook
2026-03-11 16:34:01 [@b2a0b1229a27]
Externo #1: Executar queuedwebhook
2026-03-11 16:36:01 [@b2a0b1229a27]
Externo #1: Executar queuedwebhook
2026-03-11 16:38:01 [@b2a0b1229a27]
Externo #1: Executar queuedwebhook
2026-03-11 16:40:02 [@b2a0b1229a27]
Externo #1: Executar queuedwebhook
2026-03-11 19:34:58 [@b2a0b1229a27]
Externo #1: Executar queuedwebhook
2026-03-11 19:34:58 [@b2a0b1229a27]
Externo #2: Executar pendingreason_autobump_autosolve
2026-03-11 19:36:02 [@b2a0b1229a27]
Externo #1: Executar queuedwebhook
2026-03-11 19:38:02 [@b2a0b1229a27]
Externo #1: Executar queuedwebhook
2026-03-11 19:40:01 [@b2a0b1229a27]
Externo #1: Executar queuedwebhook
2026-03-11 19:42:01 [@b2a0b1229a27]
Externo #1: Executar queuedwebhook
2026-03-11 19:44:01 [@b2a0b1229a27]
Externo #1: Executar queuedwebhook
2026-03-11 19:46:01 [@b2a0b1229a27]
Externo #1: Executar queuedwebhook
2026-03-11 19:48:01 [@b2a0b1229a27]
Externo #1: Executar queuedwebhook
2026-03-11 19:50:01 [@b2a0b1229a27]
Externo #1: Executar queuedwebhook
2026-03-11 19:52:01 [@b2a0b1229a27]
Externo #1: Executar queuedwebhook
2026-03-11 19:54:01 [@b2a0b1229a27]
Externo #1: Executar queuedwebhook
2026-03-11 19:55:22 [@b2a0b1229a27]
Interno #1: Executar slaticket
2026-03-11 19:56:01 [@b2a0b1229a27]
Externo #1: Executar queuedwebhook
2026-03-11 19:58:01 [@b2a0b1229a27]
Externo #1: Executar queuedwebhook
2026-03-11 20:00:01 [@b2a0b1229a27]
Externo #1: Executar queuedwebhook
2026-03-11 20:02:01 [@b2a0b1229a27]
Externo #1: Executar queuedwebhook
2026-03-11 20:04:01 [@b2a0b1229a27]
Externo #1: Executar queuedwebhook
2026-03-11 20:04:01 [@b2a0b1229a27]
Externo #2: Executar pendingreason_autobump_autosolve
2026-03-11 20:06:01 [@b2a0b1229a27]
Externo #1: Executar queuedwebhook
2026-03-11 20:08:02 [@b2a0b1229a27]
Externo #1: Executar queuedwebhook
2026-03-11 20:10:03 [@b2a0b1229a27]
Externo #1: Executar queuedwebhook
2026-03-11 20:12:02 [@b2a0b1229a27]
Externo #1: Executar queuedwebhook
2026-03-11 20:14:02 [@b2a0b1229a27]
Externo #1: Executar queuedwebhook
2026-03-11 20:16:02 [@b2a0b1229a27]
Externo #1: Executar queuedwebhook
2026-03-11 20:18:02 [@b2a0b1229a27]
Externo #1: Executar queuedwebhook
2026-03-11 20:20:02 [@b2a0b1229a27]
Externo #1: Executar queuedwebhook
2026-03-11 20:22:02 [@b2a0b1229a27]
Externo #1: Executar queuedwebhook
2026-03-11 20:24:02 [@b2a0b1229a27]
Externo #1: Executar queuedwebhook
2026-03-11 20:26:02 [@b2a0b1229a27]
Externo #1: Executar queuedwebhook
2026-03-11 20:28:02 [@b2a0b1229a27]
Externo #1: Executar queuedwebhook
2026-03-11 20:30:02 [@b2a0b1229a27]
Externo #1: Executar queuedwebhook
2026-03-11 20:32:02 [@b2a0b1229a27]
Externo #1: Executar queuedwebhook
2026-03-11 20:34:02 [@b2a0b1229a27]
Externo #1: Executar queuedwebhook
2026-03-11 20:34:02 [@b2a0b1229a27]
Externo #2: Executar pendingreason_autobump_autosolve
2026-03-11 20:36:02 [@b2a0b1229a27]
Externo #1: Executar queuedwebhook
2026-03-11 20:38:02 [@b2a0b1229a27]
Externo #1: Executar queuedwebhook
2026-03-11 20:40:01 [@b2a0b1229a27]
Externo #1: Executar queuedwebhook
2026-03-11 20:42:01 [@b2a0b1229a27]
Externo #1: Executar queuedwebhook
2026-03-11 20:44:01 [@b2a0b1229a27]
Externo #1: Executar queuedwebhook
2026-03-11 20:46:01 [@b2a0b1229a27]
Externo #1: Executar queuedwebhook
2026-03-11 20:48:01 [@b2a0b1229a27]
Externo #1: Executar queuedwebhook
2026-03-11 20:50:01 [@b2a0b1229a27]
Externo #1: Executar queuedwebhook
2026-03-11 20:52:01 [@b2a0b1229a27]
Externo #1: Executar queuedwebhook
2026-03-11 20:54:01 [@b2a0b1229a27]
Externo #1: Executar queuedwebhook
2026-03-11 20:56:01 [@b2a0b1229a27]
Externo #1: Executar queuedwebhook
2026-03-11 20:58:01 [@b2a0b1229a27]
Externo #1: Executar queuedwebhook
2026-03-11 21:00:01 [@b2a0b1229a27]
Externo #1: Executar queuedwebhook
2026-03-11 21:02:01 [@b2a0b1229a27]
Externo #1: Executar queuedwebhook
2026-03-11 21:04:01 [@b2a0b1229a27]
Externo #1: Executar queuedwebhook
2026-03-11 21:04:01 [@b2a0b1229a27]
Externo #2: Executar pendingreason_autobump_autosolve
2026-03-11 21:06:01 [@b2a0b1229a27]
Externo #1: Executar queuedwebhook
2026-03-11 21:08:01 [@b2a0b1229a27]
Externo #1: Executar queuedwebhook
2026-03-11 21:10:01 [@b2a0b1229a27]
Externo #1: Executar queuedwebhook
2026-03-11 21:12:01 [@b2a0b1229a27]
Externo #1: Executar queuedwebhook
2026-03-11 21:14:01 [@b2a0b1229a27]
Externo #1: Executar queuedwebhook
2026-03-11 21:16:01 [@b2a0b1229a27]
Externo #1: Executar queuedwebhook
2026-03-11 21:18:01 [@b2a0b1229a27]
Externo #1: Executar queuedwebhook
2026-03-11 21:20:01 [@b2a0b1229a27]
Externo #1: Executar queuedwebhook
2026-03-11 21:22:01 [@b2a0b1229a27]
Externo #1: Executar queuedwebhook
2026-03-11 21:24:01 [@b2a0b1229a27]
Externo #1: Executar queuedwebhook
2026-03-11 21:26:01 [@b2a0b1229a27]
Externo #1: Executar queuedwebhook
2026-03-11 21:28:01 [@b2a0b1229a27]
Externo #1: Executar queuedwebhook
2026-03-11 21:30:01 [@b2a0b1229a27]
Externo #1: Executar queuedwebhook
2026-03-11 21:32:01 [@b2a0b1229a27]
Externo #1: Executar queuedwebhook
2026-03-11 21:34:01 [@b2a0b1229a27]
Externo #1: Executar queuedwebhook
2026-03-11 21:34:01 [@b2a0b1229a27]
Externo #2: Executar pendingreason_autobump_autosolve
2026-03-11 21:36:01 [@b2a0b1229a27]
Externo #1: Executar queuedwebhook
2026-03-11 21:38:01 [@b2a0b1229a27]
Externo #1: Executar queuedwebhook
2026-03-11 21:40:01 [@b2a0b1229a27]
Externo #1: Executar queuedwebhook
2026-03-11 21:42:01 [@b2a0b1229a27]
Externo #1: Executar queuedwebhook
2026-03-11 21:44:01 [@b2a0b1229a27]
Externo #1: Executar queuedwebhook
2026-03-11 21:46:01 [@b2a0b1229a27]
Externo #1: Executar queuedwebhook
2026-03-11 21:48:01 [@b2a0b1229a27]
Externo #1: Executar queuedwebhook
2026-03-11 21:50:01 [@b2a0b1229a27]
Externo #1: Executar queuedwebhook
2026-03-11 21:52:01 [@b2a0b1229a27]
Externo #1: Executar queuedwebhook
2026-03-11 21:54:01 [@b2a0b1229a27]
Externo #1: Executar queuedwebhook
2026-03-11 21:56:01 [@b2a0b1229a27]
Externo #1: Executar queuedwebhook
2026-03-11 21:58:01 [@b2a0b1229a27]
Externo #1: Executar queuedwebhook
2026-03-11 22:00:01 [@b2a0b1229a27]
Externo #1: Executar queuedwebhook
2026-03-11 22:02:01 [@b2a0b1229a27]
Externo #1: Executar queuedwebhook
2026-03-11 22:04:01 [@b2a0b1229a27]
Externo #1: Executar queuedwebhook
2026-03-11 22:04:02 [@b2a0b1229a27]
Externo #2: Executar pendingreason_autobump_autosolve
2026-03-11 22:06:01 [@b2a0b1229a27]
Externo #1: Executar queuedwebhook
2026-03-11 22:08:01 [@b2a0b1229a27]
Externo #1: Executar queuedwebhook
2026-03-11 22:10:02 [@b2a0b1229a27]
Externo #1: Executar queuedwebhook
2026-03-11 22:12:02 [@b2a0b1229a27]
Externo #1: Executar queuedwebhook
2026-03-11 22:14:02 [@b2a0b1229a27]
Externo #1: Executar queuedwebhook
2026-03-11 22:16:02 [@b2a0b1229a27]
Externo #1: Executar queuedwebhook
2026-03-11 22:18:02 [@b2a0b1229a27]
Externo #1: Executar queuedwebhook
2026-03-11 22:20:02 [@b2a0b1229a27]
Externo #1: Executar queuedwebhook
2026-03-11 22:22:02 [@b2a0b1229a27]
Externo #1: Executar queuedwebhook
2026-03-11 22:24:02 [@b2a0b1229a27]
Externo #1: Executar queuedwebhook
2026-03-11 22:26:02 [@b2a0b1229a27]
Externo #1: Executar queuedwebhook
2026-03-11 22:28:02 [@b2a0b1229a27]
Externo #1: Executar queuedwebhook
2026-03-11 22:30:02 [@b2a0b1229a27]
Externo #1: Executar queuedwebhook
2026-03-11 22:32:02 [@b2a0b1229a27]
Externo #1: Executar queuedwebhook
2026-03-11 22:34:02 [@b2a0b1229a27]
Externo #1: Executar queuedwebhook
2026-03-11 22:34:02 [@b2a0b1229a27]
Externo #2: Executar pendingreason_autobump_autosolve
2026-03-11 22:36:02 [@b2a0b1229a27]
Externo #1: Executar queuedwebhook
2026-03-11 22:38:02 [@b2a0b1229a27]
Externo #1: Executar queuedwebhook
2026-03-11 22:40:02 [@b2a0b1229a27]
Externo #1: Executar queuedwebhook
2026-03-11 22:42:01 [@b2a0b1229a27]
Externo #1: Executar queuedwebhook
2026-03-11 22:44:01 [@b2a0b1229a27]
Externo #1: Executar queuedwebhook
2026-03-11 22:46:01 [@b2a0b1229a27]
Externo #1: Executar queuedwebhook
2026-03-11 22:48:01 [@b2a0b1229a27]
Externo #1: Executar queuedwebhook
2026-03-11 22:50:02 [@b2a0b1229a27]
Externo #1: Executar queuedwebhook
2026-03-11 22:52:01 [@b2a0b1229a27]
Externo #1: Executar queuedwebhook
2026-03-11 22:54:01 [@b2a0b1229a27]
Externo #1: Executar queuedwebhook
2026-03-11 22:56:01 [@b2a0b1229a27]
Externo #1: Executar queuedwebhook
2026-03-11 22:58:01 [@b2a0b1229a27]
Externo #1: Executar queuedwebhook
2026-03-11 23:00:01 [@b2a0b1229a27]
Externo #1: Executar queuedwebhook
2026-03-11 23:02:01 [@b2a0b1229a27]
Externo #1: Executar queuedwebhook
2026-03-11 23:04:01 [@b2a0b1229a27]
Externo #1: Executar queuedwebhook
2026-03-11 23:04:01 [@b2a0b1229a27]
Externo #2: Executar pendingreason_autobump_autosolve
2026-03-11 23:06:02 [@b2a0b1229a27]
Externo #1: Executar queuedwebhook
2026-03-11 23:08:01 [@b2a0b1229a27]
Externo #1: Executar queuedwebhook
2026-03-11 23:10:01 [@b2a0b1229a27]
Externo #1: Executar queuedwebhook
2026-03-11 23:12:02 [@b2a0b1229a27]
Externo #1: Executar queuedwebhook
2026-03-11 23:14:01 [@b2a0b1229a27]
Externo #1: Executar queuedwebhook
2026-03-11 23:16:01 [@b2a0b1229a27]
Externo #1: Executar queuedwebhook
2026-03-11 23:18:01 [@b2a0b1229a27]
Externo #1: Executar queuedwebhook
2026-03-11 23:20:01 [@b2a0b1229a27]
Externo #1: Executar queuedwebhook
2026-03-11 23:22:01 [@b2a0b1229a27]
Externo #1: Executar queuedwebhook
2026-03-11 23:24:01 [@b2a0b1229a27]
Externo #1: Executar queuedwebhook
2026-03-11 23:26:01 [@b2a0b1229a27]
Externo #1: Executar queuedwebhook
2026-03-11 23:28:01 [@b2a0b1229a27]
Externo #1: Executar queuedwebhook
2026-03-11 23:30:01 [@b2a0b1229a27]
Externo #1: Executar queuedwebhook
2026-03-11 23:32:01 [@b2a0b1229a27]
Externo #1: Executar queuedwebhook
2026-03-11 23:34:01 [@b2a0b1229a27]
Externo #1: Executar queuedwebhook
2026-03-11 23:34:01 [@b2a0b1229a27]
Externo #2: Executar pendingreason_autobump_autosolve
2026-03-11 23:36:01 [@b2a0b1229a27]
Externo #1: Executar queuedwebhook
2026-03-11 23:38:01 [@b2a0b1229a27]
Externo #1: Executar queuedwebhook
2026-03-11 23:40:01 [@b2a0b1229a27]
Externo #1: Executar queuedwebhook
2026-03-11 23:42:02 [@b2a0b1229a27]
Externo #1: Executar queuedwebhook
2026-03-11 23:44:01 [@b2a0b1229a27]
Externo #1: Executar queuedwebhook
2026-03-11 23:46:01 [@b2a0b1229a27]
Externo #1: Executar queuedwebhook
2026-03-11 23:48:01 [@b2a0b1229a27]
Externo #1: Executar queuedwebhook
2026-03-11 23:50:01 [@b2a0b1229a27]
Externo #1: Executar queuedwebhook
2026-03-11 23:52:02 [@b2a0b1229a27]
Externo #1: Executar queuedwebhook
2026-03-11 23:54:01 [@b2a0b1229a27]
Externo #1: Executar queuedwebhook
2026-03-11 23:56:02 [@b2a0b1229a27]
Externo #1: Executar queuedwebhook
2026-03-11 23:58:01 [@b2a0b1229a27]
Externo #1: Executar queuedwebhook
2026-03-12 00:00:01 [@b2a0b1229a27]
Externo #1: Executar PurgeLogs
2026-03-12 00:00:02 [@b2a0b1229a27]
Externo #2: Executar checkAllUpdates
2026-03-12 00:00:02 [@b2a0b1229a27]
Externo #3: Executar cleanorphans
2026-03-12 00:00:02 [@b2a0b1229a27]
Externo #4: Executar Cleanoldagents
2026-03-12 00:00:02 [@b2a0b1229a27]
Externo #5: Executar queuedwebhookclean
2026-03-12 00:02:01 [@b2a0b1229a27]
Externo #1: Executar queuedwebhook
2026-03-12 00:04:01 [@b2a0b1229a27]
Externo #1: Executar queuedwebhook
2026-03-12 00:04:01 [@b2a0b1229a27]
Externo #2: Executar pendingreason_autobump_autosolve
2026-03-12 00:06:01 [@b2a0b1229a27]
Externo #1: Executar queuedwebhook
2026-03-12 00:08:01 [@b2a0b1229a27]
Externo #1: Executar queuedwebhook
2026-03-12 00:10:02 [@b2a0b1229a27]
Externo #1: Executar queuedwebhook
2026-03-12 00:12:01 [@b2a0b1229a27]
Externo #1: Executar queuedwebhook
2026-03-12 00:14:01 [@b2a0b1229a27]
Externo #1: Executar queuedwebhook
2026-03-12 00:16:01 [@b2a0b1229a27]
Externo #1: Executar queuedwebhook
2026-03-12 00:18:01 [@b2a0b1229a27]
Externo #1: Executar queuedwebhook
2026-03-12 00:20:01 [@b2a0b1229a27]
Externo #1: Executar queuedwebhook
2026-03-12 00:22:01 [@b2a0b1229a27]
Externo #1: Executar queuedwebhook
2026-03-12 00:24:02 [@b2a0b1229a27]
Externo #1: Executar queuedwebhook
2026-03-12 00:26:01 [@b2a0b1229a27]
Externo #1: Executar queuedwebhook
2026-03-12 00:28:01 [@b2a0b1229a27]
Externo #1: Executar queuedwebhook
2026-03-12 00:30:01 [@b2a0b1229a27]
Externo #1: Executar queuedwebhook
2026-03-12 00:32:03 [@b2a0b1229a27]
Externo #1: Executar queuedwebhook
2026-03-12 00:34:02 [@b2a0b1229a27]
Externo #1: Executar queuedwebhook
2026-03-12 00:34:02 [@b2a0b1229a27]
Externo #2: Executar pendingreason_autobump_autosolve
2026-03-12 00:36:03 [@b2a0b1229a27]
Externo #1: Executar queuedwebhook
2026-03-12 00:38:02 [@b2a0b1229a27]
Externo #1: Executar queuedwebhook
2026-03-12 00:40:02 [@b2a0b1229a27]
Externo #1: Executar queuedwebhook
2026-03-12 00:42:02 [@b2a0b1229a27]
Externo #1: Executar queuedwebhook
2026-03-12 00:44:02 [@b2a0b1229a27]
Externo #1: Executar queuedwebhook
2026-03-12 00:46:02 [@b2a0b1229a27]
Externo #1: Executar queuedwebhook
2026-03-12 00:48:02 [@b2a0b1229a27]
Externo #1: Executar queuedwebhook
2026-03-12 00:50:04 [@b2a0b1229a27]
Externo #1: Executar queuedwebhook
2026-03-12 00:52:02 [@b2a0b1229a27]
Externo #1: Executar queuedwebhook
2026-03-12 00:54:02 [@b2a0b1229a27]
Externo #1: Executar queuedwebhook
2026-03-12 00:56:02 [@b2a0b1229a27]
Externo #1: Executar queuedwebhook
2026-03-12 00:58:02 [@b2a0b1229a27]
Externo #1: Executar queuedwebhook
2026-03-12 01:00:02 [@b2a0b1229a27]
Externo #1: Executar queuedwebhook
2026-03-12 01:02:02 [@b2a0b1229a27]
Externo #1: Executar queuedwebhook
2026-03-12 01:04:02 [@b2a0b1229a27]
Externo #1: Executar queuedwebhook
2026-03-12 01:04:02 [@b2a0b1229a27]
Externo #2: Executar pendingreason_autobump_autosolve
2026-03-12 01:06:02 [@b2a0b1229a27]
Externo #1: Executar queuedwebhook
2026-03-12 01:08:02 [@b2a0b1229a27]
Externo #1: Executar queuedwebhook
2026-03-12 01:10:01 [@b2a0b1229a27]
Externo #1: Executar queuedwebhook
2026-03-12 01:12:01 [@b2a0b1229a27]
Externo #1: Executar queuedwebhook
2026-03-12 01:14:01 [@b2a0b1229a27]
Externo #1: Executar queuedwebhook
2026-03-12 01:16:01 [@b2a0b1229a27]
Externo #1: Executar queuedwebhook
2026-03-12 01:18:01 [@b2a0b1229a27]
Externo #1: Executar queuedwebhook
2026-03-12 01:20:01 [@b2a0b1229a27]
Externo #1: Executar queuedwebhook
2026-03-12 01:22:01 [@b2a0b1229a27]
Externo #1: Executar queuedwebhook
2026-03-12 01:24:01 [@b2a0b1229a27]
Externo #1: Executar queuedwebhook
2026-03-12 01:26:01 [@b2a0b1229a27]
Externo #1: Executar queuedwebhook
2026-03-12 01:28:01 [@b2a0b1229a27]
Externo #1: Executar queuedwebhook
2026-03-12 01:30:01 [@b2a0b1229a27]
Externo #1: Executar queuedwebhook
2026-03-12 01:32:02 [@b2a0b1229a27]
Externo #1: Executar queuedwebhook
2026-03-12 01:34:02 [@b2a0b1229a27]
Externo #1: Executar queuedwebhook
2026-03-12 01:34:02 [@b2a0b1229a27]
Externo #2: Executar pendingreason_autobump_autosolve
2026-03-12 01:36:01 [@b2a0b1229a27]
Externo #1: Executar queuedwebhook
2026-03-12 01:38:01 [@b2a0b1229a27]
Externo #1: Executar queuedwebhook
2026-03-12 01:40:02 [@b2a0b1229a27]
Externo #1: Executar queuedwebhook
2026-03-12 01:42:02 [@b2a0b1229a27]
Externo #1: Executar queuedwebhook
2026-03-12 01:44:02 [@b2a0b1229a27]
Externo #1: Executar queuedwebhook
2026-03-12 01:46:02 [@b2a0b1229a27]
Externo #1: Executar queuedwebhook
2026-03-12 01:48:02 [@b2a0b1229a27]
Externo #1: Executar queuedwebhook
2026-03-12 01:50:02 [@b2a0b1229a27]
Externo #1: Executar queuedwebhook
2026-03-12 01:52:02 [@b2a0b1229a27]
Externo #1: Executar queuedwebhook
2026-03-12 01:54:02 [@b2a0b1229a27]
Externo #1: Executar queuedwebhook
2026-03-12 01:56:02 [@b2a0b1229a27]
Externo #1: Executar queuedwebhook
2026-03-12 01:58:02 [@b2a0b1229a27]
Externo #1: Executar queuedwebhook
2026-03-12 02:00:02 [@b2a0b1229a27]
Externo #1: Executar queuedwebhook
2026-03-12 02:02:02 [@b2a0b1229a27]
Externo #1: Executar queuedwebhook
2026-03-12 02:04:02 [@b2a0b1229a27]
Externo #1: Executar queuedwebhook
2026-03-12 02:04:02 [@b2a0b1229a27]
Externo #2: Executar pendingreason_autobump_autosolve
2026-03-12 02:06:02 [@b2a0b1229a27]
Externo #1: Executar queuedwebhook
2026-03-12 02:08:02 [@b2a0b1229a27]
Externo #1: Executar queuedwebhook
2026-03-12 02:10:01 [@b2a0b1229a27]
Externo #1: Executar queuedwebhook
2026-03-12 02:12:01 [@b2a0b1229a27]
Externo #1: Executar queuedwebhook
2026-03-12 02:14:01 [@b2a0b1229a27]
Externo #1: Executar queuedwebhook
2026-03-12 02:16:01 [@b2a0b1229a27]
Externo #1: Executar queuedwebhook
2026-03-12 02:18:01 [@b2a0b1229a27]
Externo #1: Executar queuedwebhook
2026-03-12 02:20:01 [@b2a0b1229a27]
Externo #1: Executar queuedwebhook
2026-03-12 02:22:01 [@b2a0b1229a27]
Externo #1: Executar queuedwebhook
2026-03-12 02:24:01 [@b2a0b1229a27]
Externo #1: Executar queuedwebhook
2026-03-12 02:26:01 [@b2a0b1229a27]
Externo #1: Executar queuedwebhook
2026-03-12 02:28:01 [@b2a0b1229a27]
Externo #1: Executar queuedwebhook
2026-03-12 02:30:01 [@b2a0b1229a27]
Externo #1: Executar queuedwebhook
2026-03-12 02:32:01 [@b2a0b1229a27]
Externo #1: Executar queuedwebhook
2026-03-12 02:34:01 [@b2a0b1229a27]
Externo #1: Executar queuedwebhook
2026-03-12 02:34:01 [@b2a0b1229a27]
Externo #2: Executar pendingreason_autobump_autosolve
2026-03-12 02:36:01 [@b2a0b1229a27]
Externo #1: Executar queuedwebhook
2026-03-12 02:38:01 [@b2a0b1229a27]
Externo #1: Executar queuedwebhook
2026-03-12 02:40:02 [@b2a0b1229a27]
Externo #1: Executar queuedwebhook
2026-03-12 02:42:02 [@b2a0b1229a27]
Externo #1: Executar queuedwebhook
2026-03-12 02:44:02 [@b2a0b1229a27]
Externo #1: Executar queuedwebhook
2026-03-12 02:46:02 [@b2a0b1229a27]
Externo #1: Executar queuedwebhook
2026-03-12 02:48:02 [@b2a0b1229a27]
Externo #1: Executar queuedwebhook
2026-03-12 02:50:02 [@b2a0b1229a27]
Externo #1: Executar queuedwebhook
2026-03-12 02:52:02 [@b2a0b1229a27]
Externo #1: Executar queuedwebhook
2026-03-12 02:54:02 [@b2a0b1229a27]
Externo #1: Executar queuedwebhook
2026-03-12 02:56:02 [@b2a0b1229a27]
Externo #1: Executar queuedwebhook
2026-03-12 02:58:02 [@b2a0b1229a27]
Externo #1: Executar queuedwebhook
2026-03-12 03:00:02 [@b2a0b1229a27]
Externo #1: Executar queuedwebhook
2026-03-12 03:02:02 [@b2a0b1229a27]
Externo #1: Executar queuedwebhook
2026-03-12 03:04:02 [@b2a0b1229a27]
Externo #1: Executar queuedwebhook
2026-03-12 03:04:02 [@b2a0b1229a27]
Externo #2: Executar pendingreason_autobump_autosolve
2026-03-12 03:06:02 [@b2a0b1229a27]
Externo #1: Executar queuedwebhook
2026-03-12 03:08:02 [@b2a0b1229a27]
Externo #1: Executar queuedwebhook
2026-03-12 03:10:01 [@b2a0b1229a27]
Externo #1: Executar queuedwebhook
2026-03-12 03:12:01 [@b2a0b1229a27]
Externo #1: Executar queuedwebhook
2026-03-12 03:14:01 [@b2a0b1229a27]
Externo #1: Executar queuedwebhook
2026-03-12 03:16:01 [@b2a0b1229a27]
Externo #1: Executar queuedwebhook
2026-03-12 03:18:01 [@b2a0b1229a27]
Externo #1: Executar queuedwebhook
2026-03-12 03:20:01 [@b2a0b1229a27]
Externo #1: Executar queuedwebhook
2026-03-12 03:22:01 [@b2a0b1229a27]
Externo #1: Executar queuedwebhook
2026-03-12 03:24:01 [@b2a0b1229a27]
Externo #1: Executar queuedwebhook
2026-03-12 03:26:01 [@b2a0b1229a27]
Externo #1: Executar queuedwebhook
2026-03-12 03:28:01 [@b2a0b1229a27]
Externo #1: Executar queuedwebhook
2026-03-12 03:30:01 [@b2a0b1229a27]
Externo #1: Executar queuedwebhook
2026-03-12 03:32:01 [@b2a0b1229a27]
Externo #1: Executar queuedwebhook
2026-03-12 03:34:01 [@b2a0b1229a27]
Externo #1: Executar queuedwebhook
2026-03-12 03:34:01 [@b2a0b1229a27]
Externo #2: Executar pendingreason_autobump_autosolve
2026-03-12 03:36:01 [@b2a0b1229a27]
Externo #1: Executar queuedwebhook
2026-03-12 03:38:01 [@b2a0b1229a27]
Externo #1: Executar queuedwebhook
2026-03-12 03:40:02 [@b2a0b1229a27]
Externo #1: Executar queuedwebhook
2026-03-12 03:42:02 [@b2a0b1229a27]
Externo #1: Executar queuedwebhook
2026-03-12 03:44:02 [@b2a0b1229a27]
Externo #1: Executar queuedwebhook
2026-03-12 03:46:02 [@b2a0b1229a27]
Externo #1: Executar queuedwebhook
2026-03-12 03:48:02 [@b2a0b1229a27]
Externo #1: Executar queuedwebhook
2026-03-12 03:50:02 [@b2a0b1229a27]
Externo #1: Executar queuedwebhook
2026-03-12 03:52:02 [@b2a0b1229a27]
Externo #1: Executar queuedwebhook
2026-03-12 03:54:02 [@b2a0b1229a27]
Externo #1: Executar queuedwebhook
2026-03-12 03:56:02 [@b2a0b1229a27]
Externo #1: Executar queuedwebhook
2026-03-12 03:58:02 [@b2a0b1229a27]
Externo #1: Executar queuedwebhook
2026-03-12 04:00:02 [@b2a0b1229a27]
Externo #1: Executar queuedwebhook
2026-03-12 04:02:02 [@b2a0b1229a27]
Externo #1: Executar queuedwebhook
2026-03-12 04:04:02 [@b2a0b1229a27]
Externo #1: Executar queuedwebhook
2026-03-12 04:04:02 [@b2a0b1229a27]
Externo #2: Executar pendingreason_autobump_autosolve
2026-03-12 04:06:02 [@b2a0b1229a27]
Externo #1: Executar queuedwebhook
2026-03-12 04:08:02 [@b2a0b1229a27]
Externo #1: Executar queuedwebhook
2026-03-12 04:10:02 [@b2a0b1229a27]
Externo #1: Executar queuedwebhook
2026-03-12 04:12:02 [@b2a0b1229a27]
Externo #1: Executar queuedwebhook
2026-03-12 04:14:02 [@b2a0b1229a27]
Externo #1: Executar queuedwebhook
2026-03-12 04:16:02 [@b2a0b1229a27]
Externo #1: Executar queuedwebhook
2026-03-12 04:18:02 [@b2a0b1229a27]
Externo #1: Executar queuedwebhook
2026-03-12 04:20:02 [@b2a0b1229a27]
Externo #1: Executar queuedwebhook
2026-03-12 04:22:02 [@b2a0b1229a27]
Externo #1: Executar queuedwebhook
2026-03-12 04:24:02 [@b2a0b1229a27]
Externo #1: Executar queuedwebhook
2026-03-12 04:26:02 [@b2a0b1229a27]
Externo #1: Executar queuedwebhook
2026-03-12 04:28:02 [@b2a0b1229a27]
Externo #1: Executar queuedwebhook
2026-03-12 04:30:02 [@b2a0b1229a27]
Externo #1: Executar queuedwebhook
2026-03-12 04:32:02 [@b2a0b1229a27]
Externo #1: Executar queuedwebhook
2026-03-12 04:34:02 [@b2a0b1229a27]
Externo #1: Executar queuedwebhook
2026-03-12 04:34:02 [@b2a0b1229a27]
Externo #2: Executar pendingreason_autobump_autosolve
2026-03-12 04:36:02 [@b2a0b1229a27]
Externo #1: Executar queuedwebhook
2026-03-12 04:38:02 [@b2a0b1229a27]
Externo #1: Executar queuedwebhook
2026-03-12 04:40:01 [@b2a0b1229a27]
Externo #1: Executar queuedwebhook
2026-03-12 04:42:01 [@b2a0b1229a27]
Externo #1: Executar queuedwebhook
2026-03-12 04:44:01 [@b2a0b1229a27]
Externo #1: Executar queuedwebhook
2026-03-12 04:46:01 [@b2a0b1229a27]
Externo #1: Executar queuedwebhook
2026-03-12 04:48:01 [@b2a0b1229a27]
Externo #1: Executar queuedwebhook
2026-03-12 04:50:01 [@b2a0b1229a27]
Externo #1: Executar queuedwebhook
2026-03-12 04:52:01 [@b2a0b1229a27]
Externo #1: Executar queuedwebhook
2026-03-12 04:54:01 [@b2a0b1229a27]
Externo #1: Executar queuedwebhook
2026-03-12 04:56:01 [@b2a0b1229a27]
Externo #1: Executar queuedwebhook
2026-03-12 04:58:01 [@b2a0b1229a27]
Externo #1: Executar queuedwebhook
2026-03-12 05:00:01 [@b2a0b1229a27]
Externo #1: Executar queuedwebhook
2026-03-12 05:02:01 [@b2a0b1229a27]
Externo #1: Executar queuedwebhook
2026-03-12 05:04:01 [@b2a0b1229a27]
Externo #1: Executar queuedwebhook
2026-03-12 05:04:01 [@b2a0b1229a27]
Externo #2: Executar pendingreason_autobump_autosolve
2026-03-12 05:06:01 [@b2a0b1229a27]
Externo #1: Executar queuedwebhook
2026-03-12 05:08:01 [@b2a0b1229a27]
Externo #1: Executar queuedwebhook
2026-03-12 05:10:01 [@b2a0b1229a27]
Externo #1: Executar queuedwebhook
2026-03-12 05:12:01 [@b2a0b1229a27]
Externo #1: Executar queuedwebhook
2026-03-12 05:14:01 [@b2a0b1229a27]
Externo #1: Executar queuedwebhook
2026-03-12 05:16:01 [@b2a0b1229a27]
Externo #1: Executar queuedwebhook
2026-03-12 05:18:01 [@b2a0b1229a27]
Externo #1: Executar queuedwebhook
2026-03-12 05:20:01 [@b2a0b1229a27]
Externo #1: Executar queuedwebhook
2026-03-12 05:22:01 [@b2a0b1229a27]
Externo #1: Executar queuedwebhook
2026-03-12 05:24:01 [@b2a0b1229a27]
Externo #1: Executar queuedwebhook
2026-03-12 05:26:01 [@b2a0b1229a27]
Externo #1: Executar queuedwebhook
2026-03-12 05:28:01 [@b2a0b1229a27]
Externo #1: Executar queuedwebhook
2026-03-12 05:30:01 [@b2a0b1229a27]
Externo #1: Executar queuedwebhook
2026-03-12 05:32:01 [@b2a0b1229a27]
Externo #1: Executar queuedwebhook
2026-03-12 05:34:01 [@b2a0b1229a27]
Externo #1: Executar queuedwebhook
2026-03-12 05:34:01 [@b2a0b1229a27]
Externo #2: Executar pendingreason_autobump_autosolve
2026-03-12 05:36:01 [@b2a0b1229a27]
Externo #1: Executar queuedwebhook
2026-03-12 05:38:01 [@b2a0b1229a27]
Externo #1: Executar queuedwebhook
2026-03-12 05:40:01 [@b2a0b1229a27]
Externo #1: Executar queuedwebhook
2026-03-12 05:42:01 [@b2a0b1229a27]
Externo #1: Executar queuedwebhook
2026-03-12 05:44:01 [@b2a0b1229a27]
Externo #1: Executar queuedwebhook
2026-03-12 05:46:01 [@b2a0b1229a27]
Externo #1: Executar queuedwebhook
2026-03-12 05:48:01 [@b2a0b1229a27]
Externo #1: Executar queuedwebhook
2026-03-12 05:50:01 [@b2a0b1229a27]
Externo #1: Executar queuedwebhook
2026-03-12 05:52:01 [@b2a0b1229a27]
Externo #1: Executar queuedwebhook
2026-03-12 05:54:01 [@b2a0b1229a27]
Externo #1: Executar queuedwebhook
2026-03-12 05:56:01 [@b2a0b1229a27]
Externo #1: Executar queuedwebhook
2026-03-12 05:58:02 [@b2a0b1229a27]
Externo #1: Executar queuedwebhook
2026-03-12 06:00:02 [@b2a0b1229a27]
Externo #1: Executar queuedwebhook
2026-03-12 06:02:02 [@b2a0b1229a27]
Externo #1: Executar queuedwebhook
2026-03-12 06:04:02 [@b2a0b1229a27]
Externo #1: Executar queuedwebhook
2026-03-12 06:04:02 [@b2a0b1229a27]
Externo #2: Executar pendingreason_autobump_autosolve
2026-03-12 06:06:02 [@b2a0b1229a27]
Externo #1: Executar queuedwebhook
2026-03-12 06:08:02 [@b2a0b1229a27]
Externo #1: Executar queuedwebhook
2026-03-12 06:10:02 [@b2a0b1229a27]
Externo #1: Executar queuedwebhook
2026-03-12 06:12:02 [@b2a0b1229a27]
Externo #1: Executar queuedwebhook
2026-03-12 06:14:02 [@b2a0b1229a27]
Externo #1: Executar queuedwebhook
2026-03-12 06:16:02 [@b2a0b1229a27]
Externo #1: Executar queuedwebhook
2026-03-12 06:18:02 [@b2a0b1229a27]
Externo #1: Executar queuedwebhook
2026-03-12 06:20:02 [@b2a0b1229a27]
Externo #1: Executar queuedwebhook
2026-03-12 06:22:02 [@b2a0b1229a27]
Externo #1: Executar queuedwebhook
2026-03-12 06:24:02 [@b2a0b1229a27]
Externo #1: Executar queuedwebhook
2026-03-12 06:26:02 [@b2a0b1229a27]
Externo #1: Executar queuedwebhook
2026-03-12 06:28:02 [@b2a0b1229a27]
Externo #1: Executar queuedwebhook
2026-03-12 06:30:02 [@b2a0b1229a27]
Externo #1: Executar queuedwebhook
2026-03-12 06:32:02 [@b2a0b1229a27]
Externo #1: Executar queuedwebhook
2026-03-12 06:34:02 [@b2a0b1229a27]
Externo #1: Executar queuedwebhook
2026-03-12 06:34:02 [@b2a0b1229a27]
Externo #2: Executar pendingreason_autobump_autosolve
2026-03-12 06:36:02 [@b2a0b1229a27]
Externo #1: Executar queuedwebhook
2026-03-12 06:38:02 [@b2a0b1229a27]
Externo #1: Executar queuedwebhook
2026-03-12 06:40:01 [@b2a0b1229a27]
Externo #1: Executar queuedwebhook
2026-03-12 06:42:01 [@b2a0b1229a27]
Externo #1: Executar queuedwebhook
2026-03-12 06:44:01 [@b2a0b1229a27]
Externo #1: Executar queuedwebhook
2026-03-12 06:46:01 [@b2a0b1229a27]
Externo #1: Executar queuedwebhook
2026-03-12 06:48:01 [@b2a0b1229a27]
Externo #1: Executar queuedwebhook
2026-03-12 06:50:01 [@b2a0b1229a27]
Externo #1: Executar queuedwebhook
2026-03-12 06:52:01 [@b2a0b1229a27]
Externo #1: Executar queuedwebhook
2026-03-12 06:54:01 [@b2a0b1229a27]
Externo #1: Executar queuedwebhook
2026-03-12 06:56:01 [@b2a0b1229a27]
Externo #1: Executar queuedwebhook
2026-03-12 06:58:01 [@b2a0b1229a27]
Externo #1: Executar queuedwebhook
2026-03-12 07:00:02 [@b2a0b1229a27]
Externo #1: Executar queuedwebhook
2026-03-12 07:02:01 [@b2a0b1229a27]
Externo #1: Executar queuedwebhook
2026-03-12 07:04:01 [@b2a0b1229a27]
Externo #1: Executar queuedwebhook
2026-03-12 07:04:01 [@b2a0b1229a27]
Externo #2: Executar pendingreason_autobump_autosolve
2026-03-12 07:06:01 [@b2a0b1229a27]
Externo #1: Executar queuedwebhook
2026-03-12 07:08:01 [@b2a0b1229a27]
Externo #1: Executar queuedwebhook
2026-03-12 07:10:02 [@b2a0b1229a27]
Externo #1: Executar queuedwebhook
2026-03-12 07:12:01 [@b2a0b1229a27]
Externo #1: Executar queuedwebhook
2026-03-12 07:14:01 [@b2a0b1229a27]
Externo #1: Executar queuedwebhook
2026-03-12 07:16:01 [@b2a0b1229a27]
Externo #1: Executar queuedwebhook
2026-03-12 07:18:01 [@b2a0b1229a27]
Externo #1: Executar queuedwebhook
2026-03-12 07:20:01 [@b2a0b1229a27]
Externo #1: Executar queuedwebhook
2026-03-12 07:22:01 [@b2a0b1229a27]
Externo #1: Executar queuedwebhook
2026-03-12 07:24:02 [@b2a0b1229a27]
Externo #1: Executar queuedwebhook
2026-03-12 07:26:02 [@b2a0b1229a27]
Externo #1: Executar queuedwebhook
2026-03-12 07:28:01 [@b2a0b1229a27]
Externo #1: Executar queuedwebhook
2026-03-12 07:30:01 [@b2a0b1229a27]
Externo #1: Executar queuedwebhook
2026-03-12 07:32:01 [@b2a0b1229a27]
Externo #1: Executar queuedwebhook
2026-03-12 07:34:01 [@b2a0b1229a27]
Externo #1: Executar queuedwebhook
2026-03-12 07:34:01 [@b2a0b1229a27]
Externo #2: Executar pendingreason_autobump_autosolve
2026-03-12 07:36:01 [@b2a0b1229a27]
Externo #1: Executar queuedwebhook
2026-03-12 07:38:01 [@b2a0b1229a27]
Externo #1: Executar queuedwebhook
2026-03-12 07:40:02 [@b2a0b1229a27]
Externo #1: Executar queuedwebhook
2026-03-12 07:42:02 [@b2a0b1229a27]
Externo #1: Executar queuedwebhook
2026-03-12 07:44:02 [@b2a0b1229a27]
Externo #1: Executar queuedwebhook
2026-03-12 07:46:02 [@b2a0b1229a27]
Externo #1: Executar queuedwebhook
2026-03-12 07:48:02 [@b2a0b1229a27]
Externo #1: Executar queuedwebhook
2026-03-12 07:50:02 [@b2a0b1229a27]
Externo #1: Executar queuedwebhook
2026-03-12 07:52:02 [@b2a0b1229a27]
Externo #1: Executar queuedwebhook
2026-03-12 07:54:02 [@b2a0b1229a27]
Externo #1: Executar queuedwebhook
2026-03-12 07:56:02 [@b2a0b1229a27]
Externo #1: Executar queuedwebhook
2026-03-12 07:58:02 [@b2a0b1229a27]
Externo #1: Executar queuedwebhook
2026-03-12 08:00:02 [@b2a0b1229a27]
Externo #1: Executar queuedwebhook
2026-03-12 08:02:06 [@b2a0b1229a27]
Externo #1: Executar queuedwebhook
2026-03-12 08:04:02 [@b2a0b1229a27]
Externo #1: Executar queuedwebhook
2026-03-12 08:04:02 [@b2a0b1229a27]
Externo #2: Executar pendingreason_autobump_autosolve
2026-03-12 08:06:02 [@b2a0b1229a27]
Externo #1: Executar queuedwebhook
2026-03-12 08:16:02 [@b2a0b1229a27]
Externo #1: Executar queuedwebhook
2026-03-12 08:18:02 [@b2a0b1229a27]
Externo #1: Executar queuedwebhook
2026-03-12 08:20:02 [@b2a0b1229a27]
Externo #1: Executar queuedwebhook
2026-03-12 08:22:01 [@b2a0b1229a27]
Externo #1: Executar queuedwebhook
2026-03-12 08:24:01 [@b2a0b1229a27]
Externo #1: Executar queuedwebhook
2026-03-12 08:25:47 [@b2a0b1229a27]
Interno #1: Executar closeticket
2026-03-12 08:26:01 [@b2a0b1229a27]
Externo #1: Executar queuedwebhook
2026-03-12 08:28:01 [@b2a0b1229a27]
Externo #1: Executar queuedwebhook
2026-03-12 08:30:01 [@b2a0b1229a27]
Externo #1: Executar queuedwebhook
2026-03-12 08:32:01 [@b2a0b1229a27]
Externo #1: Executar queuedwebhook
2026-03-12 08:34:01 [@b2a0b1229a27]
Externo #1: Executar queuedwebhook
2026-03-12 08:34:01 [@b2a0b1229a27]
Externo #2: Executar pendingreason_autobump_autosolve
2026-03-12 08:36:01 [@b2a0b1229a27]
Externo #1: Executar queuedwebhook
2026-03-12 08:38:01 [@b2a0b1229a27]
Externo #1: Executar queuedwebhook
2026-03-12 08:40:02 [@b2a0b1229a27]
Externo #1: Executar queuedwebhook
2026-03-12 08:42:02 [@b2a0b1229a27]
Externo #1: Executar queuedwebhook
2026-03-12 08:44:02 [@b2a0b1229a27]
Externo #1: Executar queuedwebhook
2026-03-12 08:46:02 [@b2a0b1229a27]
Externo #1: Executar queuedwebhook
2026-03-12 08:48:01 [@b2a0b1229a27]
Externo #1: Executar queuedwebhook
2026-03-12 08:50:02 [@b2a0b1229a27]
Externo #1: Executar queuedwebhook
2026-03-12 08:52:02 [@b2a0b1229a27]
Externo #1: Executar queuedwebhook
2026-03-12 08:54:02 [@b2a0b1229a27]
Externo #1: Executar queuedwebhook
2026-03-12 08:56:02 [@b2a0b1229a27]
Externo #1: Executar queuedwebhook
2026-03-12 08:58:02 [@b2a0b1229a27]
Externo #1: Executar queuedwebhook
2026-03-12 09:00:02 [@b2a0b1229a27]
Externo #1: Executar queuedwebhook
2026-03-12 09:02:01 [@b2a0b1229a27]
Externo #1: Executar queuedwebhook
2026-03-12 09:04:01 [@b2a0b1229a27]
Externo #1: Executar queuedwebhook
2026-03-12 09:04:02 [@b2a0b1229a27]
Externo #2: Executar pendingreason_autobump_autosolve
2026-03-12 09:06:01 [@b2a0b1229a27]
Externo #1: Executar queuedwebhook
2026-03-12 09:08:01 [@b2a0b1229a27]
Externo #1: Executar queuedwebhook
2026-03-12 09:10:02 [@b2a0b1229a27]
Externo #1: Executar queuedwebhook
2026-03-12 09:12:02 [@b2a0b1229a27]
Externo #1: Executar queuedwebhook
2026-03-12 09:14:02 [@b2a0b1229a27]
Externo #1: Executar queuedwebhook
2026-03-12 09:16:02 [@b2a0b1229a27]
Externo #1: Executar queuedwebhook
2026-03-12 09:18:02 [@b2a0b1229a27]
Externo #1: Executar queuedwebhook
2026-03-12 09:24:19 [@b2a0b1229a27]
Externo #1: Executar queuedwebhook
2026-03-12 09:26:02 [@b2a0b1229a27]
Externo #1: Executar queuedwebhook
2026-03-12 09:28:02 [@b2a0b1229a27]
Externo #1: Executar queuedwebhook
2026-03-12 09:30:02 [@b2a0b1229a27]
Externo #1: Executar queuedwebhook
2026-03-12 09:32:02 [@b2a0b1229a27]
Externo #1: Executar queuedwebhook
2026-03-12 09:34:02 [@b2a0b1229a27]
Externo #1: Executar queuedwebhook
2026-03-12 09:34:02 [@b2a0b1229a27]
Externo #2: Executar pendingreason_autobump_autosolve
2026-03-12 09:36:02 [@b2a0b1229a27]
Externo #1: Executar queuedwebhook
2026-03-12 09:38:02 [@b2a0b1229a27]
Externo #1: Executar queuedwebhook
2026-03-12 09:40:01 [@b2a0b1229a27]
Externo #1: Executar queuedwebhook
2026-03-12 09:42:02 [@b2a0b1229a27]
Externo #1: Executar queuedwebhook
2026-03-12 09:44:01 [@b2a0b1229a27]
Externo #1: Executar queuedwebhook
2026-03-12 09:46:02 [@b2a0b1229a27]
Externo #1: Executar queuedwebhook
2026-03-19 01:43:45 [@b2a0b1229a27]
Interno #1: Executar queuednotificationclean
2026-03-19 01:43:49 [@b2a0b1229a27]
Interno #1: Executar alertnotclosed
2026-03-19 01:44:01 [@b2a0b1229a27]
Interno #1: Executar contract
2026-03-19 01:44:02 [@b2a0b1229a27]
Externo #1: Executar queuedwebhook
2026-03-19 01:44:02 [@b2a0b1229a27]
Externo #2: Executar pendingreason_autobump_autosolve
2026-03-19 01:44:02 [@b2a0b1229a27]
Externo #3: Executar DomainsAlert
2026-03-19 01:44:02 [@b2a0b1229a27]
Externo #4: Executar createinquest
2026-03-19 01:44:02 [@b2a0b1229a27]
Externo #5: Executar purgedraftforms
2026-03-19 01:46:02 [@b2a0b1229a27]
Externo #1: Executar PurgeLogs
2026-03-19 01:46:02 [@b2a0b1229a27]
Externo #2: Executar checkAllUpdates
2026-03-19 01:46:02 [@b2a0b1229a27]
Externo #3: Executar cleanorphans
2026-03-19 01:46:02 [@b2a0b1229a27]
Externo #4: Executar Cleanoldagents
2026-03-19 01:46:02 [@b2a0b1229a27]
Externo #5: Executar queuedwebhookclean
2026-03-19 01:48:02 [@b2a0b1229a27]
Externo #1: Executar queuedwebhook
2026-03-19 01:50:02 [@b2a0b1229a27]
Externo #1: Executar queuedwebhook
2026-03-19 01:52:02 [@b2a0b1229a27]
Externo #1: Executar queuedwebhook
2026-03-19 01:54:02 [@b2a0b1229a27]
Externo #1: Executar queuedwebhook
2026-03-19 01:56:02 [@b2a0b1229a27]
Externo #1: Executar queuedwebhook
2026-03-19 01:58:02 [@b2a0b1229a27]
Externo #1: Executar queuedwebhook
2026-03-19 02:00:02 [@b2a0b1229a27]
Externo #1: Executar queuedwebhook
2026-03-19 02:02:02 [@b2a0b1229a27]
Externo #1: Executar queuedwebhook
2026-03-19 02:04:02 [@b2a0b1229a27]
Externo #1: Executar queuedwebhook
2026-03-19 02:06:02 [@b2a0b1229a27]
Externo #1: Executar queuedwebhook
2026-03-19 02:08:02 [@b2a0b1229a27]
Externo #1: Executar queuedwebhook
2026-03-19 02:10:01 [@b2a0b1229a27]
Externo #1: Executar queuedwebhook
2026-03-19 02:11:36 [@b2a0b1229a27]
Interno #1: Executar infocom
2026-03-19 02:12:01 [@b2a0b1229a27]
Externo #1: Executar queuedwebhook
2026-03-19 02:14:01 [@b2a0b1229a27]
Externo #1: Executar queuedwebhook
2026-03-19 02:14:01 [@b2a0b1229a27]
Externo #2: Executar pendingreason_autobump_autosolve
2026-03-19 02:16:01 [@b2a0b1229a27]
Externo #1: Executar queuedwebhook
2026-03-19 02:18:01 [@b2a0b1229a27]
Externo #1: Executar queuedwebhook
2026-03-19 02:20:01 [@b2a0b1229a27]
Externo #1: Executar queuedwebhook
2026-03-19 02:22:01 [@b2a0b1229a27]
Externo #1: Executar queuedwebhook
2026-03-19 02:24:02 [@b2a0b1229a27]
Externo #1: Executar queuedwebhook
2026-03-19 02:26:02 [@b2a0b1229a27]
Externo #1: Executar queuedwebhook
2026-03-19 02:28:04 [@b2a0b1229a27]
Externo #1: Executar queuedwebhook
2026-03-19 02:30:03 [@b2a0b1229a27]
Externo #1: Executar queuedwebhook
2026-03-19 02:32:01 [@b2a0b1229a27]
Externo #1: Executar queuedwebhook
2026-03-19 02:34:01 [@b2a0b1229a27]
Externo #1: Executar queuedwebhook
2026-03-19 02:36:02 [@b2a0b1229a27]
Externo #1: Executar queuedwebhook
2026-03-19 02:38:02 [@b2a0b1229a27]
Externo #1: Executar queuedwebhook
2026-03-19 02:40:02 [@b2a0b1229a27]
Externo #1: Executar queuedwebhook
2026-03-19 02:42:03 [@b2a0b1229a27]
Externo #1: Executar queuedwebhook
2026-03-19 02:44:03 [@b2a0b1229a27]
Externo #1: Executar queuedwebhook
2026-03-19 02:44:03 [@b2a0b1229a27]
Externo #2: Executar pendingreason_autobump_autosolve
2026-03-19 02:46:03 [@b2a0b1229a27]
Externo #1: Executar queuedwebhook
2026-03-19 02:48:02 [@b2a0b1229a27]
Externo #1: Executar queuedwebhook
2026-03-19 02:48:14 [@b2a0b1229a27]
Interno #1: Executar session
2026-03-19 02:50:01 [@b2a0b1229a27]
Externo #1: Executar queuedwebhook
2026-03-19 02:52:01 [@b2a0b1229a27]
Externo #1: Executar queuedwebhook
2026-03-19 02:54:01 [@b2a0b1229a27]
Externo #1: Executar queuedwebhook
2026-03-19 02:56:02 [@b2a0b1229a27]
Externo #1: Executar queuedwebhook
2026-03-19 02:57:41 [@b2a0b1229a27]
Interno #1: Executar createinquest
2026-03-19 02:58:01 [@b2a0b1229a27]
Externo #1: Executar queuedwebhook
2026-03-19 03:00:02 [@b2a0b1229a27]
Externo #1: Executar queuedwebhook
2026-03-19 03:02:01 [@b2a0b1229a27]
Externo #1: Executar queuedwebhook
2026-03-19 03:04:01 [@b2a0b1229a27]
Externo #1: Executar queuedwebhook
2026-03-19 03:06:01 [@b2a0b1229a27]
Externo #1: Executar queuedwebhook
2026-03-19 03:08:02 [@b2a0b1229a27]
Externo #1: Executar queuedwebhook
2026-03-19 03:10:02 [@b2a0b1229a27]
Externo #1: Executar queuedwebhook
2026-03-19 03:12:02 [@b2a0b1229a27]
Externo #1: Executar queuedwebhook
2026-03-19 03:14:02 [@b2a0b1229a27]
Externo #1: Executar queuedwebhook
2026-03-19 03:14:02 [@b2a0b1229a27]
Externo #2: Executar pendingreason_autobump_autosolve
2026-03-19 03:16:02 [@b2a0b1229a27]
Externo #1: Executar queuedwebhook
2026-03-19 03:18:03 [@b2a0b1229a27]
Externo #1: Executar queuedwebhook
2026-03-19 03:20:02 [@b2a0b1229a27]
Externo #1: Executar queuedwebhook
2026-03-19 03:22:02 [@b2a0b1229a27]
Externo #1: Executar queuedwebhook
2026-03-19 03:24:02 [@b2a0b1229a27]
Externo #1: Executar queuedwebhook
2026-03-19 03:26:02 [@b2a0b1229a27]
Externo #1: Executar queuedwebhook
2026-03-19 03:28:01 [@b2a0b1229a27]
Externo #1: Executar queuedwebhook
2026-03-19 03:30:02 [@b2a0b1229a27]
Externo #1: Executar queuedwebhook
2026-03-19 03:32:02 [@b2a0b1229a27]
Externo #1: Executar queuedwebhook
2026-03-19 03:34:16 [@b2a0b1229a27]
Externo #1: Executar queuedwebhook
2026-03-19 03:36:02 [@b2a0b1229a27]
Externo #1: Executar queuedwebhook
2026-03-19 03:38:02 [@b2a0b1229a27]
Externo #1: Executar queuedwebhook
2026-03-19 03:40:02 [@b2a0b1229a27]
Externo #1: Executar queuedwebhook
2026-03-19 03:42:01 [@b2a0b1229a27]
Externo #1: Executar queuedwebhook
2026-03-19 03:44:01 [@b2a0b1229a27]
Externo #1: Executar queuedwebhook
2026-03-19 03:44:01 [@b2a0b1229a27]
Externo #2: Executar pendingreason_autobump_autosolve
2026-03-19 03:46:01 [@b2a0b1229a27]
Externo #1: Executar queuedwebhook
2026-03-19 03:48:01 [@b2a0b1229a27]
Externo #1: Executar queuedwebhook
2026-03-19 03:50:01 [@b2a0b1229a27]
Externo #1: Executar queuedwebhook
2026-03-19 03:52:01 [@b2a0b1229a27]
Externo #1: Executar queuedwebhook
2026-03-19 03:54:01 [@b2a0b1229a27]
Externo #1: Executar queuedwebhook
2026-03-19 03:56:01 [@b2a0b1229a27]
Externo #1: Executar queuedwebhook
2026-03-19 03:58:02 [@b2a0b1229a27]
Externo #1: Executar queuedwebhook
2026-03-19 04:00:01 [@b2a0b1229a27]
Externo #1: Executar queuedwebhook
2026-03-19 04:02:01 [@b2a0b1229a27]
Externo #1: Executar queuedwebhook
2026-03-19 04:04:01 [@b2a0b1229a27]
Externo #1: Executar queuedwebhook
2026-03-19 04:06:01 [@b2a0b1229a27]
Externo #1: Executar queuedwebhook
2026-03-19 04:08:01 [@b2a0b1229a27]
Externo #1: Executar queuedwebhook
2026-03-19 04:10:02 [@b2a0b1229a27]
Externo #1: Executar queuedwebhook
2026-03-19 04:12:02 [@b2a0b1229a27]
Externo #1: Executar queuedwebhook
2026-03-19 04:14:01 [@b2a0b1229a27]
Externo #1: Executar queuedwebhook
2026-03-19 04:14:01 [@b2a0b1229a27]
Externo #2: Executar pendingreason_autobump_autosolve
2026-03-19 04:16:01 [@b2a0b1229a27]
Externo #1: Executar queuedwebhook
2026-03-19 04:18:02 [@b2a0b1229a27]
Externo #1: Executar queuedwebhook
2026-03-19 04:20:02 [@b2a0b1229a27]
Externo #1: Executar queuedwebhook
2026-03-19 04:22:02 [@b2a0b1229a27]
Externo #1: Executar queuedwebhook
2026-03-19 04:24:02 [@b2a0b1229a27]
Externo #1: Executar queuedwebhook
2026-03-19 04:26:03 [@b2a0b1229a27]
Externo #1: Executar queuedwebhook
2026-03-19 04:28:02 [@b2a0b1229a27]
Externo #1: Executar queuedwebhook
2026-03-19 04:30:02 [@b2a0b1229a27]
Externo #1: Executar queuedwebhook
2026-03-19 04:32:02 [@b2a0b1229a27]
Externo #1: Executar queuedwebhook
2026-03-19 04:34:02 [@b2a0b1229a27]
Externo #1: Executar queuedwebhook
2026-03-19 04:36:02 [@b2a0b1229a27]
Externo #1: Executar queuedwebhook
2026-03-19 04:38:02 [@b2a0b1229a27]
Externo #1: Executar queuedwebhook
2026-03-19 04:40:01 [@b2a0b1229a27]
Externo #1: Executar queuedwebhook
2026-03-19 04:42:01 [@b2a0b1229a27]
Externo #1: Executar queuedwebhook
2026-03-19 04:44:01 [@b2a0b1229a27]
Externo #1: Executar queuedwebhook
2026-03-19 04:44:01 [@b2a0b1229a27]
Externo #2: Executar pendingreason_autobump_autosolve
2026-03-19 04:46:01 [@b2a0b1229a27]
Externo #1: Executar queuedwebhook
2026-03-19 04:48:01 [@b2a0b1229a27]
Externo #1: Executar queuedwebhook
2026-03-19 04:50:01 [@b2a0b1229a27]
Externo #1: Executar queuedwebhook
2026-03-19 04:52:01 [@b2a0b1229a27]
Externo #1: Executar queuedwebhook
2026-03-19 04:54:01 [@b2a0b1229a27]
Externo #1: Executar queuedwebhook
2026-03-19 04:56:01 [@b2a0b1229a27]
Externo #1: Executar queuedwebhook
2026-03-19 04:58:01 [@b2a0b1229a27]
Externo #1: Executar queuedwebhook
2026-03-19 05:00:01 [@b2a0b1229a27]
Externo #1: Executar queuedwebhook
2026-03-19 05:02:01 [@b2a0b1229a27]
Externo #1: Executar queuedwebhook
2026-03-19 05:04:01 [@b2a0b1229a27]
Externo #1: Executar queuedwebhook
2026-03-19 05:06:01 [@b2a0b1229a27]
Externo #1: Executar queuedwebhook
2026-03-19 05:08:01 [@b2a0b1229a27]
Externo #1: Executar queuedwebhook
2026-03-19 05:10:01 [@b2a0b1229a27]
Externo #1: Executar queuedwebhook
2026-03-19 05:12:01 [@b2a0b1229a27]
Externo #1: Executar queuedwebhook
2026-03-19 05:14:01 [@b2a0b1229a27]
Externo #1: Executar queuedwebhook
2026-03-19 05:14:01 [@b2a0b1229a27]
Externo #2: Executar pendingreason_autobump_autosolve
2026-03-19 05:16:01 [@b2a0b1229a27]
Externo #1: Executar queuedwebhook
2026-03-19 05:18:05 [@b2a0b1229a27]
Externo #1: Executar queuedwebhook
2026-03-19 05:20:02 [@b2a0b1229a27]
Externo #1: Executar queuedwebhook
2026-03-19 05:22:02 [@b2a0b1229a27]
Externo #1: Executar queuedwebhook
2026-03-19 05:24:02 [@b2a0b1229a27]
Externo #1: Executar queuedwebhook
2026-03-19 05:26:02 [@b2a0b1229a27]
Externo #1: Executar queuedwebhook
2026-03-19 05:28:02 [@b2a0b1229a27]
Externo #1: Executar queuedwebhook
2026-03-19 05:30:02 [@b2a0b1229a27]
Externo #1: Executar queuedwebhook
2026-03-19 05:32:02 [@b2a0b1229a27]
Externo #1: Executar queuedwebhook
2026-03-19 05:34:02 [@b2a0b1229a27]
Externo #1: Executar queuedwebhook
2026-03-19 05:36:02 [@b2a0b1229a27]
Externo #1: Executar queuedwebhook
2026-03-19 05:38:02 [@b2a0b1229a27]
Externo #1: Executar queuedwebhook
2026-03-19 05:40:01 [@b2a0b1229a27]
Externo #1: Executar queuedwebhook
2026-03-19 05:42:01 [@b2a0b1229a27]
Externo #1: Executar queuedwebhook
2026-03-19 05:44:01 [@b2a0b1229a27]
Externo #1: Executar queuedwebhook
2026-03-19 05:44:01 [@b2a0b1229a27]
Externo #2: Executar pendingreason_autobump_autosolve
2026-03-19 05:46:01 [@b2a0b1229a27]
Externo #1: Executar queuedwebhook
2026-03-19 05:48:01 [@b2a0b1229a27]
Externo #1: Executar queuedwebhook
2026-03-19 05:50:03 [@b2a0b1229a27]
Externo #1: Executar queuedwebhook
2026-03-19 05:52:01 [@b2a0b1229a27]
Externo #1: Executar queuedwebhook
2026-03-19 05:54:01 [@b2a0b1229a27]
Externo #1: Executar queuedwebhook
2026-03-19 05:56:01 [@b2a0b1229a27]
Externo #1: Executar queuedwebhook
2026-03-19 05:58:01 [@b2a0b1229a27]
Externo #1: Executar queuedwebhook
2026-03-19 06:00:02 [@b2a0b1229a27]
Externo #1: Executar queuedwebhook
2026-03-19 06:02:02 [@b2a0b1229a27]
Externo #1: Executar queuedwebhook
2026-03-19 06:04:02 [@b2a0b1229a27]
Externo #1: Executar queuedwebhook
2026-03-19 06:06:01 [@b2a0b1229a27]
Externo #1: Executar queuedwebhook
2026-03-19 06:08:01 [@b2a0b1229a27]
Externo #1: Executar queuedwebhook
2026-03-19 06:10:02 [@b2a0b1229a27]
Externo #1: Executar queuedwebhook
2026-03-19 06:12:02 [@b2a0b1229a27]
Externo #1: Executar queuedwebhook
2026-03-19 06:14:03 [@b2a0b1229a27]
Externo #1: Executar queuedwebhook
2026-03-19 06:14:04 [@b2a0b1229a27]
Externo #2: Executar pendingreason_autobump_autosolve
2026-03-19 06:16:02 [@b2a0b1229a27]
Externo #1: Executar queuedwebhook
2026-03-19 06:18:02 [@b2a0b1229a27]
Externo #1: Executar queuedwebhook
2026-03-19 06:20:03 [@b2a0b1229a27]
Externo #1: Executar queuedwebhook
2026-03-19 06:22:02 [@b2a0b1229a27]
Externo #1: Executar queuedwebhook
2026-03-19 06:24:02 [@b2a0b1229a27]
Externo #1: Executar queuedwebhook
2026-03-19 06:26:02 [@b2a0b1229a27]
Externo #1: Executar queuedwebhook
2026-03-19 06:28:02 [@b2a0b1229a27]
Externo #1: Executar queuedwebhook
2026-03-19 06:30:02 [@b2a0b1229a27]
Externo #1: Executar queuedwebhook
2026-03-19 06:32:02 [@b2a0b1229a27]
Externo #1: Executar queuedwebhook
2026-03-19 06:34:02 [@b2a0b1229a27]
Externo #1: Executar queuedwebhook
2026-03-19 06:36:02 [@b2a0b1229a27]
Externo #1: Executar queuedwebhook
2026-03-19 06:38:02 [@b2a0b1229a27]
Externo #1: Executar queuedwebhook
2026-03-19 06:40:01 [@b2a0b1229a27]
Externo #1: Executar queuedwebhook
2026-03-19 06:42:01 [@b2a0b1229a27]
Externo #1: Executar queuedwebhook
2026-03-19 06:44:02 [@b2a0b1229a27]
Externo #1: Executar queuedwebhook
2026-03-19 06:44:02 [@b2a0b1229a27]
Externo #2: Executar pendingreason_autobump_autosolve
2026-03-19 06:46:02 [@b2a0b1229a27]
Externo #1: Executar queuedwebhook
2026-03-19 06:48:02 [@b2a0b1229a27]
Externo #1: Executar queuedwebhook
2026-03-19 06:50:02 [@b2a0b1229a27]
Externo #1: Executar queuedwebhook
2026-03-19 06:52:02 [@b2a0b1229a27]
Externo #1: Executar queuedwebhook
2026-03-19 06:54:02 [@b2a0b1229a27]
Externo #1: Executar queuedwebhook
2026-03-19 06:56:02 [@b2a0b1229a27]
Externo #1: Executar queuedwebhook
2026-03-19 06:58:02 [@b2a0b1229a27]
Externo #1: Executar queuedwebhook
2026-03-19 07:00:02 [@b2a0b1229a27]
Externo #1: Executar queuedwebhook
2026-03-19 07:02:02 [@b2a0b1229a27]
Externo #1: Executar queuedwebhook
2026-03-19 07:04:02 [@b2a0b1229a27]
Externo #1: Executar queuedwebhook
2026-03-19 07:06:02 [@b2a0b1229a27]
Externo #1: Executar queuedwebhook
2026-03-19 07:08:02 [@b2a0b1229a27]
Externo #1: Executar queuedwebhook
2026-03-19 07:10:02 [@b2a0b1229a27]
Externo #1: Executar queuedwebhook
2026-03-19 07:12:02 [@b2a0b1229a27]
Externo #1: Executar queuedwebhook
2026-03-19 07:14:05 [@b2a0b1229a27]
Externo #1: Executar queuedwebhook
2026-03-19 07:14:05 [@b2a0b1229a27]
Externo #2: Executar pendingreason_autobump_autosolve
2026-03-19 07:16:02 [@b2a0b1229a27]
Externo #1: Executar queuedwebhook
2026-03-19 07:18:02 [@b2a0b1229a27]
Externo #1: Executar queuedwebhook
2026-03-19 07:20:02 [@b2a0b1229a27]
Externo #1: Executar queuedwebhook
2026-03-19 07:22:01 [@b2a0b1229a27]
Externo #1: Executar queuedwebhook
2026-03-19 07:24:01 [@b2a0b1229a27]
Externo #1: Executar queuedwebhook
2026-03-19 07:26:01 [@b2a0b1229a27]
Externo #1: Executar queuedwebhook
2026-03-19 07:28:02 [@b2a0b1229a27]
Externo #1: Executar queuedwebhook
2026-03-19 07:30:02 [@b2a0b1229a27]
Externo #1: Executar queuedwebhook
2026-03-19 07:32:02 [@b2a0b1229a27]
Externo #1: Executar queuedwebhook
2026-03-19 07:34:01 [@b2a0b1229a27]
Externo #1: Executar queuedwebhook
2026-03-19 07:36:01 [@b2a0b1229a27]
Externo #1: Executar queuedwebhook
2026-03-19 07:38:01 [@b2a0b1229a27]
Externo #1: Executar queuedwebhook
2026-03-19 07:40:02 [@b2a0b1229a27]
Externo #1: Executar queuedwebhook
2026-03-19 07:42:02 [@b2a0b1229a27]
Externo #1: Executar queuedwebhook
2026-03-19 07:44:01 [@b2a0b1229a27]
Externo #1: Executar queuedwebhook
2026-03-19 07:44:01 [@b2a0b1229a27]
Externo #2: Executar pendingreason_autobump_autosolve
2026-03-19 07:46:02 [@b2a0b1229a27]
Externo #1: Executar queuedwebhook
2026-03-19 07:48:02 [@b2a0b1229a27]
Externo #1: Executar queuedwebhook
2026-03-19 07:50:02 [@b2a0b1229a27]
Externo #1: Executar queuedwebhook
2026-03-19 07:52:02 [@b2a0b1229a27]
Externo #1: Executar queuedwebhook
2026-03-19 07:54:02 [@b2a0b1229a27]
Externo #1: Executar queuedwebhook
2026-03-19 07:56:03 [@b2a0b1229a27]
Externo #1: Executar queuedwebhook
2026-03-19 07:58:02 [@b2a0b1229a27]
Externo #1: Executar queuedwebhook
2026-03-19 08:14:14 [@b2a0b1229a27]
Externo #1: Executar queuedwebhook
2026-03-19 08:14:14 [@b2a0b1229a27]
Externo #2: Executar pendingreason_autobump_autosolve
2026-03-19 08:16:08 [@b2a0b1229a27]
Externo #1: Executar queuedwebhook
2026-03-19 08:18:04 [@b2a0b1229a27]
Externo #1: Executar queuedwebhook
2026-03-19 08:20:06 [@b2a0b1229a27]
Externo #1: Executar queuedwebhook
2026-03-19 08:22:04 [@b2a0b1229a27]
Externo #1: Executar queuedwebhook
2026-03-19 08:24:04 [@b2a0b1229a27]
Externo #1: Executar queuedwebhook
2026-03-19 08:26:05 [@b2a0b1229a27]
Externo #1: Executar queuedwebhook
2026-03-19 08:28:03 [@b2a0b1229a27]
Externo #1: Executar queuedwebhook
2026-03-19 08:30:04 [@b2a0b1229a27]
Externo #1: Executar queuedwebhook
2026-03-19 08:32:03 [@b2a0b1229a27]
Externo #1: Executar queuedwebhook
2026-03-19 08:34:03 [@b2a0b1229a27]
Externo #1: Executar queuedwebhook
2026-03-19 08:36:04 [@b2a0b1229a27]
Externo #1: Executar queuedwebhook
2026-03-19 08:38:03 [@b2a0b1229a27]
Externo #1: Executar queuedwebhook
2026-03-19 08:40:07 [@b2a0b1229a27]
Externo #1: Executar queuedwebhook
2026-03-19 08:42:08 [@b2a0b1229a27]
Externo #1: Executar queuedwebhook
2026-03-19 08:44:06 [@b2a0b1229a27]
Externo #1: Executar queuedwebhook
2026-03-19 08:44:06 [@b2a0b1229a27]
Externo #2: Executar pendingreason_autobump_autosolve
2026-03-19 08:46:04 [@b2a0b1229a27]
Externo #1: Executar queuedwebhook
2026-03-19 08:48:07 [@b2a0b1229a27]
Externo #1: Executar queuedwebhook
2026-03-19 08:50:07 [@b2a0b1229a27]
Externo #1: Executar queuedwebhook
2026-03-19 08:51:01 [@b2a0b1229a27]
Interno #1: Executar watcher
2026-03-19 08:52:04 [@b2a0b1229a27]
Externo #1: Executar queuedwebhook
2026-03-19 08:54:07 [@b2a0b1229a27]
Externo #1: Executar queuedwebhook
2026-03-19 08:56:03 [@b2a0b1229a27]
Externo #1: Executar queuedwebhook
2026-03-19 08:58:04 [@b2a0b1229a27]
Externo #1: Executar queuedwebhook
2026-03-19 09:00:03 [@b2a0b1229a27]
Externo #1: Executar queuedwebhook
2026-03-19 09:02:04 [@b2a0b1229a27]
Externo #1: Executar queuedwebhook
2026-03-19 09:04:04 [@b2a0b1229a27]
Externo #1: Executar queuedwebhook
2026-03-19 09:06:07 [@b2a0b1229a27]
Externo #1: Executar queuedwebhook
2026-03-19 09:06:11 [@b2a0b1229a27]
Interno #1: Executar queuednotification
2026-03-19 22:10:05 [@b2a0b1229a27]
Externo #1: Executar queuedwebhook
2026-03-19 22:10:05 [@b2a0b1229a27]
Externo #2: Executar pendingreason_autobump_autosolve
2026-03-19 22:12:02 [@b2a0b1229a27]
Externo #1: Executar queuedwebhook
2026-03-19 22:14:03 [@b2a0b1229a27]
Externo #1: Executar queuedwebhook
2026-03-19 22:16:03 [@b2a0b1229a27]
Externo #1: Executar queuedwebhook
2026-03-19 22:18:02 [@b2a0b1229a27]
Externo #1: Executar queuedwebhook
2026-03-19 22:20:01 [@b2a0b1229a27]
Externo #1: Executar queuedwebhook
2026-03-19 22:22:01 [@b2a0b1229a27]
Externo #1: Executar queuedwebhook
2026-03-19 22:24:02 [@b2a0b1229a27]
Externo #1: Executar queuedwebhook
2026-03-19 22:26:01 [@b2a0b1229a27]
Externo #1: Executar queuedwebhook
2026-03-19 22:28:02 [@b2a0b1229a27]
Externo #1: Executar queuedwebhook
2026-03-19 22:30:01 [@b2a0b1229a27]
Externo #1: Executar queuedwebhook
2026-03-19 22:32:01 [@b2a0b1229a27]
Externo #1: Executar queuedwebhook
2026-03-19 22:34:01 [@b2a0b1229a27]
Externo #1: Executar queuedwebhook
2026-03-19 22:36:01 [@b2a0b1229a27]
Externo #1: Executar queuedwebhook
2026-03-19 22:38:01 [@b2a0b1229a27]
Externo #1: Executar queuedwebhook
2026-03-19 22:40:01 [@b2a0b1229a27]
Externo #1: Executar queuedwebhook
2026-03-19 22:40:01 [@b2a0b1229a27]
Externo #2: Executar pendingreason_autobump_autosolve
2026-03-19 22:42:02 [@b2a0b1229a27]
Externo #1: Executar queuedwebhook
2026-03-19 22:44:01 [@b2a0b1229a27]
Externo #1: Executar queuedwebhook
2026-03-19 22:46:01 [@b2a0b1229a27]
Externo #1: Executar queuedwebhook
2026-03-19 22:48:01 [@b2a0b1229a27]
Externo #1: Executar queuedwebhook
2026-03-19 22:50:02 [@b2a0b1229a27]
Externo #1: Executar queuedwebhook
2026-03-19 22:52:02 [@b2a0b1229a27]
Externo #1: Executar queuedwebhook
2026-03-19 22:54:02 [@b2a0b1229a27]
Externo #1: Executar queuedwebhook
2026-03-19 22:56:02 [@b2a0b1229a27]
Externo #1: Executar queuedwebhook
2026-03-19 22:58:04 [@b2a0b1229a27]
Externo #1: Executar queuedwebhook
2026-03-25 23:32:03 [@b2a0b1229a27]
Externo #1: Executar queuedwebhook
2026-03-25 23:32:03 [@b2a0b1229a27]
Externo #2: Executar pendingreason_autobump_autosolve
2026-03-25 23:32:04 [@b2a0b1229a27]
Externo #3: Executar DomainsAlert
2026-03-25 23:32:04 [@b2a0b1229a27]
Externo #4: Executar createinquest
2026-03-25 23:32:04 [@b2a0b1229a27]
Externo #5: Executar purgedraftforms
2026-03-25 23:34:04 [@b2a0b1229a27]
Externo #1: Executar queuedwebhook
2026-03-25 23:36:05 [@b2a0b1229a27]
Externo #1: Executar queuedwebhook
2026-03-25 23:38:03 [@b2a0b1229a27]
Externo #1: Executar queuedwebhook
2026-03-25 23:40:07 [@b2a0b1229a27]
Externo #1: Executar queuedwebhook
2026-03-25 23:42:15 [@b2a0b1229a27]
Externo #1: Executar queuedwebhook
2026-03-25 23:44:05 [@b2a0b1229a27]
Externo #1: Executar queuedwebhook
2026-03-25 23:46:03 [@b2a0b1229a27]
Externo #1: Executar queuedwebhook
2026-03-25 23:48:02 [@b2a0b1229a27]
Externo #1: Executar queuedwebhook
2026-03-25 23:50:02 [@b2a0b1229a27]
Externo #1: Executar queuedwebhook
2026-03-25 23:52:02 [@b2a0b1229a27]
Externo #1: Executar queuedwebhook
2026-03-25 23:54:02 [@b2a0b1229a27]
Externo #1: Executar queuedwebhook
2026-03-25 23:56:01 [@b2a0b1229a27]
Externo #1: Executar queuedwebhook
2026-03-25 23:58:01 [@b2a0b1229a27]
Externo #1: Executar queuedwebhook
2026-03-26 00:00:01 [@b2a0b1229a27]
Externo #1: Executar PurgeLogs
2026-03-26 00:00:01 [@b2a0b1229a27]
Externo #2: Executar checkAllUpdates
2026-03-26 00:00:01 [@b2a0b1229a27]
Externo #3: Executar cleanorphans
2026-03-26 00:00:01 [@b2a0b1229a27]
Externo #4: Executar Cleanoldagents
2026-03-26 00:00:01 [@b2a0b1229a27]
Externo #5: Executar queuedwebhookclean
2026-03-26 00:02:02 [@b2a0b1229a27]
Externo #1: Executar queuedwebhook
2026-03-26 00:02:02 [@b2a0b1229a27]
Externo #2: Executar pendingreason_autobump_autosolve
2026-03-26 00:04:02 [@b2a0b1229a27]
Externo #1: Executar queuedwebhook
2026-03-26 00:06:03 [@b2a0b1229a27]
Externo #1: Executar queuedwebhook
2026-03-26 00:58:06 [@b2a0b1229a27]
Externo #1: Executar queuedwebhook
2026-03-26 00:58:06 [@b2a0b1229a27]
Externo #2: Executar pendingreason_autobump_autosolve
2026-03-26 01:00:07 [@b2a0b1229a27]
Externo #1: Executar queuedwebhook
2026-03-26 01:03:16 [@b2a0b1229a27]
Externo #1: Executar queuedwebhook
2026-03-26 01:04:23 [@b2a0b1229a27]
Externo #1: Executar queuedwebhook
2026-03-26 01:06:13 [@b2a0b1229a27]
Externo #1: Executar queuedwebhook
2026-03-26 01:08:03 [@b2a0b1229a27]
Externo #1: Executar queuedwebhook
2026-03-26 01:10:03 [@b2a0b1229a27]
Externo #1: Executar queuedwebhook
2026-03-26 01:12:04 [@b2a0b1229a27]
Externo #1: Executar queuedwebhook
2026-03-26 01:14:03 [@b2a0b1229a27]
Externo #1: Executar queuedwebhook
2026-03-26 01:16:05 [@b2a0b1229a27]
Externo #1: Executar queuedwebhook
2026-03-26 01:18:09 [@b2a0b1229a27]
Externo #1: Executar queuedwebhook
2026-03-26 01:20:04 [@b2a0b1229a27]
Externo #1: Executar queuedwebhook
2026-03-26 01:22:05 [@b2a0b1229a27]
Externo #1: Executar queuedwebhook
2026-03-26 01:24:03 [@b2a0b1229a27]
Externo #1: Executar queuedwebhook
2026-03-26 01:26:05 [@b2a0b1229a27]
Externo #1: Executar queuedwebhook
2026-03-26 01:30:02 [@b2a0b1229a27]
Externo #1: Executar queuedwebhook
2026-03-26 01:30:02 [@b2a0b1229a27]
Externo #2: Executar pendingreason_autobump_autosolve
2026-03-26 01:32:12 [@b2a0b1229a27]
Externo #1: Executar queuedwebhook
2026-03-26 01:36:04 [@b2a0b1229a27]
Externo #1: Executar queuedwebhook
2026-03-26 01:50:05 [@b2a0b1229a27]
Externo #1: Executar queuedwebhook
2026-03-26 01:52:02 [@b2a0b1229a27]
Externo #1: Executar queuedwebhook
2026-03-26 01:54:02 [@b2a0b1229a27]
Externo #1: Executar queuedwebhook
2026-03-26 01:56:04 [@b2a0b1229a27]
Externo #1: Executar queuedwebhook
2026-03-26 01:58:02 [@b2a0b1229a27]
Externo #1: Executar queuedwebhook
2026-03-26 02:00:02 [@b2a0b1229a27]
Externo #1: Executar queuedwebhook
2026-03-26 02:00:02 [@b2a0b1229a27]
Externo #2: Executar pendingreason_autobump_autosolve
2026-03-26 02:02:02 [@b2a0b1229a27]
Externo #1: Executar queuedwebhook
2026-03-26 02:04:04 [@b2a0b1229a27]
Externo #1: Executar queuedwebhook
2026-03-26 02:06:05 [@b2a0b1229a27]
Externo #1: Executar queuedwebhook
2026-03-26 02:08:06 [@b2a0b1229a27]
Externo #1: Executar queuedwebhook
2026-03-26 02:10:04 [@b2a0b1229a27]
Externo #1: Executar queuedwebhook
2026-03-26 02:12:02 [@b2a0b1229a27]
Externo #1: Executar queuedwebhook
2026-03-26 02:14:06 [@b2a0b1229a27]
Externo #1: Executar queuedwebhook
2026-03-26 02:16:06 [@b2a0b1229a27]
Externo #1: Executar queuedwebhook
2026-03-26 02:18:03 [@b2a0b1229a27]
Externo #1: Executar queuedwebhook
2026-03-26 02:20:07 [@b2a0b1229a27]
Externo #1: Executar queuedwebhook
2026-03-26 02:22:05 [@b2a0b1229a27]
Externo #1: Executar queuedwebhook
2026-03-26 02:24:03 [@b2a0b1229a27]
Externo #1: Executar queuedwebhook
2026-03-26 02:26:05 [@b2a0b1229a27]
Externo #1: Executar queuedwebhook
2026-03-26 02:28:10 [@b2a0b1229a27]
Externo #1: Executar queuedwebhook
2026-03-26 02:34:04 [@b2a0b1229a27]
Não foi possível adquirir bloqueio do DB
2026-03-26 02:34:08 [@b2a0b1229a27]
Externo #1: Executar queuedwebhook
2026-03-26 02:34:08 [@b2a0b1229a27]
Externo #2: Executar pendingreason_autobump_autosolve
2026-03-26 02:34:11 [@b2a0b1229a27]
Externo #1: Nada a ser executado
2026-03-26 02:36:12 [@b2a0b1229a27]
Externo #1: Executar queuedwebhook
2026-03-26 02:40:11 [@b2a0b1229a27]
Não foi possível adquirir bloqueio do DB
2026-03-26 02:40:12 [@b2a0b1229a27]
Externo #1: Executar queuedwebhook
2026-03-26 02:42:37 [@b2a0b1229a27]
Externo #1: Executar queuedwebhook
2026-03-26 02:45:43 [@b2a0b1229a27]
Externo #1: Executar queuedwebhook
2026-03-26 02:46:04 [@b2a0b1229a27]
Externo #1: Executar queuedwebhook
2026-03-26 02:48:21 [@b2a0b1229a27]
Externo #1: Executar queuedwebhook
2026-03-26 02:51:29 [@b2a0b1229a27]
Externo #1: Executar queuedwebhook
2026-03-26 02:55:29 [@b2a0b1229a27]
Externo #1: Executar queuedwebhook
2026-03-26 02:55:31 [@b2a0b1229a27]
Externo #1: Nada a ser executado
2026-03-26 04:24:05 [@b2a0b1229a27]
Externo #1: Executar queuedwebhook
2026-03-26 04:24:05 [@b2a0b1229a27]
Externo #2: Executar pendingreason_autobump_autosolve
2026-03-26 04:26:01 [@b2a0b1229a27]
Externo #1: Executar queuedwebhook
2026-03-26 04:28:01 [@b2a0b1229a27]
Externo #1: Executar queuedwebhook
2026-03-26 04:30:01 [@b2a0b1229a27]
Externo #1: Executar queuedwebhook
2026-03-26 04:32:01 [@b2a0b1229a27]
Externo #1: Executar queuedwebhook
2026-03-26 04:34:02 [@b2a0b1229a27]
Externo #1: Executar queuedwebhook
2026-03-26 04:36:01 [@b2a0b1229a27]
Externo #1: Executar queuedwebhook
2026-03-26 04:38:01 [@b2a0b1229a27]
Externo #1: Executar queuedwebhook
2026-03-26 04:40:01 [@b2a0b1229a27]
Externo #1: Executar queuedwebhook
2026-03-26 04:42:01 [@b2a0b1229a27]
Externo #1: Executar queuedwebhook
2026-03-26 04:43:47 [@b2a0b1229a27]
Interno #1: Executar planningrecall
2026-03-26 04:43:51 [@b2a0b1229a27]
Interno #1: Executar olaticket
2026-03-26 04:44:02 [@b2a0b1229a27]
Externo #1: Executar queuedwebhook
2026-03-26 04:46:02 [@b2a0b1229a27]
Externo #1: Executar queuedwebhook
2026-03-26 04:48:02 [@b2a0b1229a27]
Externo #1: Executar queuedwebhook
2026-03-26 04:50:01 [@b2a0b1229a27]
Externo #1: Executar queuedwebhook
2026-03-26 04:52:01 [@b2a0b1229a27]
Externo #1: Executar queuedwebhook
2026-03-26 04:54:02 [@b2a0b1229a27]
Externo #1: Executar queuedwebhook
2026-03-26 04:54:02 [@b2a0b1229a27]
Externo #2: Executar pendingreason_autobump_autosolve
2026-03-26 04:56:02 [@b2a0b1229a27]
Externo #1: Executar queuedwebhook
2026-03-26 04:58:01 [@b2a0b1229a27]
Externo #1: Executar queuedwebhook
2026-03-26 05:00:01 [@b2a0b1229a27]
Externo #1: Executar queuedwebhook
2026-03-26 05:02:01 [@b2a0b1229a27]
Externo #1: Executar queuedwebhook
2026-03-26 05:04:01 [@b2a0b1229a27]
Externo #1: Executar queuedwebhook
2026-03-26 05:06:01 [@b2a0b1229a27]
Externo #1: Executar queuedwebhook
2026-03-26 05:08:01 [@b2a0b1229a27]
Externo #1: Executar queuedwebhook
2026-03-26 05:10:02 [@b2a0b1229a27]
Externo #1: Executar queuedwebhook
2026-03-26 05:12:02 [@b2a0b1229a27]
Externo #1: Executar queuedwebhook
2026-03-26 05:14:02 [@b2a0b1229a27]
Externo #1: Executar queuedwebhook
2026-03-26 05:16:02 [@b2a0b1229a27]
Externo #1: Executar queuedwebhook
2026-03-26 05:18:02 [@b2a0b1229a27]
Externo #1: Executar queuedwebhook
2026-03-26 05:20:02 [@b2a0b1229a27]
Externo #1: Executar queuedwebhook
2026-03-26 05:22:02 [@b2a0b1229a27]
Externo #1: Executar queuedwebhook
2026-03-26 05:24:02 [@b2a0b1229a27]
Externo #1: Executar queuedwebhook
2026-03-26 05:24:02 [@b2a0b1229a27]
Externo #2: Executar pendingreason_autobump_autosolve
2026-03-26 05:26:02 [@b2a0b1229a27]
Externo #1: Executar queuedwebhook
2026-03-26 05:28:02 [@b2a0b1229a27]
Externo #1: Executar queuedwebhook
2026-03-26 05:30:02 [@b2a0b1229a27]
Externo #1: Executar queuedwebhook
2026-03-26 05:32:02 [@b2a0b1229a27]
Externo #1: Executar queuedwebhook
2026-03-26 05:34:02 [@b2a0b1229a27]
Externo #1: Executar queuedwebhook
2026-03-26 05:36:02 [@b2a0b1229a27]
Externo #1: Executar queuedwebhook
2026-03-26 05:38:02 [@b2a0b1229a27]
Externo #1: Executar queuedwebhook
2026-03-26 05:40:01 [@b2a0b1229a27]
Externo #1: Executar queuedwebhook
2026-03-26 05:42:02 [@b2a0b1229a27]
Externo #1: Executar queuedwebhook
2026-03-26 05:44:02 [@b2a0b1229a27]
Externo #1: Executar queuedwebhook
2026-03-26 05:46:01 [@b2a0b1229a27]
Externo #1: Executar queuedwebhook
2026-03-26 05:48:00 [@b2a0b1229a27]
Externo #1: Executar queuedwebhook
2026-03-26 05:50:02 [@b2a0b1229a27]
Externo #1: Executar queuedwebhook
2026-03-26 05:52:02 [@b2a0b1229a27]
Externo #1: Executar queuedwebhook
2026-03-26 05:54:02 [@b2a0b1229a27]
Externo #1: Executar queuedwebhook
2026-03-26 05:54:02 [@b2a0b1229a27]
Externo #2: Executar pendingreason_autobump_autosolve
2026-03-26 05:56:02 [@b2a0b1229a27]
Externo #1: Executar queuedwebhook
2026-03-26 05:58:02 [@b2a0b1229a27]
Externo #1: Executar queuedwebhook
2026-03-26 06:00:02 [@b2a0b1229a27]
Externo #1: Executar queuedwebhook
2026-03-26 06:02:02 [@b2a0b1229a27]
Externo #1: Executar queuedwebhook
2026-03-26 06:04:02 [@b2a0b1229a27]
Externo #1: Executar queuedwebhook
2026-03-26 06:06:02 [@b2a0b1229a27]
Externo #1: Executar queuedwebhook
2026-03-26 06:08:02 [@b2a0b1229a27]
Externo #1: Executar queuedwebhook
2026-03-26 06:10:01 [@b2a0b1229a27]
Externo #1: Executar queuedwebhook
2026-03-26 06:12:01 [@b2a0b1229a27]
Externo #1: Executar queuedwebhook
2026-03-26 06:14:01 [@b2a0b1229a27]
Externo #1: Executar queuedwebhook
2026-03-26 06:16:01 [@b2a0b1229a27]
Externo #1: Executar queuedwebhook
2026-03-26 06:18:01 [@b2a0b1229a27]
Externo #1: Executar queuedwebhook
2026-03-26 06:20:01 [@b2a0b1229a27]
Externo #1: Executar queuedwebhook
2026-03-26 06:22:01 [@b2a0b1229a27]
Externo #1: Executar queuedwebhook
2026-03-26 06:24:01 [@b2a0b1229a27]
Externo #1: Executar queuedwebhook
2026-03-26 06:24:01 [@b2a0b1229a27]
Externo #2: Executar pendingreason_autobump_autosolve
2026-03-26 06:26:01 [@b2a0b1229a27]
Externo #1: Executar queuedwebhook
2026-03-26 06:28:01 [@b2a0b1229a27]
Externo #1: Executar queuedwebhook
2026-03-26 06:30:01 [@b2a0b1229a27]
Externo #1: Executar queuedwebhook
2026-03-26 06:32:01 [@b2a0b1229a27]
Externo #1: Executar queuedwebhook
2026-03-26 06:34:01 [@b2a0b1229a27]
Externo #1: Executar queuedwebhook
2026-03-26 06:36:01 [@b2a0b1229a27]
Externo #1: Executar queuedwebhook
2026-03-26 06:38:01 [@b2a0b1229a27]
Externo #1: Executar queuedwebhook
2026-03-26 06:40:02 [@b2a0b1229a27]
Externo #1: Executar queuedwebhook
2026-03-26 06:42:01 [@b2a0b1229a27]
Externo #1: Executar queuedwebhook
2026-03-26 06:44:01 [@b2a0b1229a27]
Externo #1: Executar queuedwebhook
2026-03-26 06:46:01 [@b2a0b1229a27]
Externo #1: Executar queuedwebhook
2026-03-26 06:48:01 [@b2a0b1229a27]
Externo #1: Executar queuedwebhook
2026-03-26 06:50:01 [@b2a0b1229a27]
Externo #1: Executar queuedwebhook
2026-03-26 06:52:01 [@b2a0b1229a27]
Externo #1: Executar queuedwebhook
2026-03-26 06:54:01 [@b2a0b1229a27]
Externo #1: Executar queuedwebhook
2026-03-26 06:54:01 [@b2a0b1229a27]
Externo #2: Executar pendingreason_autobump_autosolve
2026-03-26 06:56:01 [@b2a0b1229a27]
Externo #1: Executar queuedwebhook
2026-03-26 06:58:01 [@b2a0b1229a27]
Externo #1: Executar queuedwebhook
2026-03-26 07:00:01 [@b2a0b1229a27]
Externo #1: Executar queuedwebhook
2026-03-26 07:02:01 [@b2a0b1229a27]
Externo #1: Executar queuedwebhook
2026-03-26 07:04:01 [@b2a0b1229a27]
Externo #1: Executar queuedwebhook
2026-03-26 07:06:01 [@b2a0b1229a27]
Externo #1: Executar queuedwebhook
2026-03-26 07:08:02 [@b2a0b1229a27]
Externo #1: Executar queuedwebhook
2026-03-26 07:10:02 [@b2a0b1229a27]
Externo #1: Executar queuedwebhook
2026-03-26 07:12:02 [@b2a0b1229a27]
Externo #1: Executar queuedwebhook
2026-03-26 07:14:02 [@b2a0b1229a27]
Externo #1: Executar queuedwebhook
2026-03-26 07:16:02 [@b2a0b1229a27]
Externo #1: Executar queuedwebhook
2026-03-26 07:18:02 [@b2a0b1229a27]
Externo #1: Executar queuedwebhook
2026-03-26 07:20:02 [@b2a0b1229a27]
Externo #1: Executar queuedwebhook
2026-03-26 07:22:02 [@b2a0b1229a27]
Externo #1: Executar queuedwebhook
2026-03-26 07:24:02 [@b2a0b1229a27]
Externo #1: Executar queuedwebhook
2026-03-26 07:24:02 [@b2a0b1229a27]
Externo #2: Executar pendingreason_autobump_autosolve
2026-03-26 07:26:02 [@b2a0b1229a27]
Externo #1: Executar queuedwebhook
2026-03-26 07:28:02 [@b2a0b1229a27]
Externo #1: Executar queuedwebhook
2026-03-26 07:30:02 [@b2a0b1229a27]
Externo #1: Executar queuedwebhook
2026-03-26 07:32:02 [@b2a0b1229a27]
Externo #1: Executar queuedwebhook
2026-03-26 07:34:01 [@b2a0b1229a27]
Interno #1: Executar mailgate
2026-03-26 07:34:02 [@b2a0b1229a27]
Externo #1: Executar queuedwebhook
2026-03-26 07:36:02 [@b2a0b1229a27]
Externo #1: Executar queuedwebhook
2026-03-26 07:38:02 [@b2a0b1229a27]
Externo #1: Executar queuedwebhook
2026-03-26 07:39:15 [@b2a0b1229a27]
Interno #1: Executar RecurrentItems
2026-03-26 07:40:01 [@b2a0b1229a27]
Externo #1: Executar queuedwebhook
2026-03-26 07:42:01 [@b2a0b1229a27]
Externo #1: Executar queuedwebhook
2026-03-26 07:44:01 [@b2a0b1229a27]
Externo #1: Executar queuedwebhook
2026-03-26 07:46:01 [@b2a0b1229a27]
Externo #1: Executar queuedwebhook
2026-03-26 07:47:28 [@b2a0b1229a27]
Interno #1: Executar temp
2026-03-26 07:48:01 [@b2a0b1229a27]
Externo #1: Executar queuedwebhook
2026-03-26 07:50:01 [@b2a0b1229a27]
Externo #1: Executar queuedwebhook
2026-03-26 07:52:01 [@b2a0b1229a27]
Externo #1: Executar queuedwebhook
2026-03-26 07:54:02 [@b2a0b1229a27]
Externo #1: Executar queuedwebhook
2026-03-26 07:54:02 [@b2a0b1229a27]
Externo #2: Executar pendingreason_autobump_autosolve
2026-03-26 07:56:01 [@b2a0b1229a27]
Externo #1: Executar queuedwebhook
2026-03-26 07:58:01 [@b2a0b1229a27]
Externo #1: Executar queuedwebhook
2026-03-26 08:00:01 [@b2a0b1229a27]
Externo #1: Executar queuedwebhook
2026-03-26 08:00:06 [@b2a0b1229a27]
Interno #1: Executar graph
2026-03-26 08:02:01 [@b2a0b1229a27]
Externo #1: Executar queuedwebhook
2026-03-26 08:04:01 [@b2a0b1229a27]
Externo #1: Executar queuedwebhook
2026-03-26 08:06:02 [@b2a0b1229a27]
Externo #1: Executar queuedwebhook
2026-03-26 08:06:47 [@b2a0b1229a27]
Interno #1: Executar reservation
2026-03-26 08:08:01 [@b2a0b1229a27]
Externo #1: Executar queuedwebhook
2026-03-26 08:10:03 [@b2a0b1229a27]
Externo #1: Executar queuedwebhook
2026-03-26 08:12:02 [@b2a0b1229a27]
Externo #1: Executar queuedwebhook
2026-03-26 08:22:41 [@b2a0b1229a27]
Externo #1: Executar queuedwebhook
2026-03-26 08:23:25 [@b2a0b1229a27]
Interno #1: Executar slaticket
2026-03-26 08:24:03 [@b2a0b1229a27]
Externo #1: Executar queuedwebhook
2026-03-26 08:24:03 [@b2a0b1229a27]
Externo #2: Executar pendingreason_autobump_autosolve
2026-03-26 08:26:02 [@b2a0b1229a27]
Externo #1: Executar queuedwebhook
2026-03-26 08:28:02 [@b2a0b1229a27]
Externo #1: Executar queuedwebhook
2026-03-26 08:30:02 [@b2a0b1229a27]
Externo #1: Executar queuedwebhook
2026-03-26 08:32:02 [@b2a0b1229a27]
Externo #1: Executar queuedwebhook
2026-03-26 08:34:02 [@b2a0b1229a27]
Externo #1: Executar queuedwebhook
2026-03-26 08:36:02 [@b2a0b1229a27]
Externo #1: Executar queuedwebhook
2026-03-26 08:38:01 [@b2a0b1229a27]
Interno #1: Executar mailgateerror
2026-03-26 08:38:02 [@b2a0b1229a27]
Externo #1: Executar queuedwebhook
2026-03-26 08:40:02 [@b2a0b1229a27]
Externo #1: Executar queuedwebhook
2026-03-26 08:42:01 [@b2a0b1229a27]
Externo #1: Executar queuedwebhook
2026-03-26 08:43:55 [@b2a0b1229a27]
Interno #1: Executar certificate
2026-03-26 08:44:02 [@b2a0b1229a27]
Externo #1: Executar queuedwebhook
2026-03-26 08:46:02 [@b2a0b1229a27]
Externo #1: Executar queuedwebhook
2026-03-26 08:48:02 [@b2a0b1229a27]
Externo #1: Executar queuedwebhook
2026-03-26 08:50:02 [@b2a0b1229a27]
Externo #1: Executar queuedwebhook
2026-03-26 08:52:02 [@b2a0b1229a27]
Externo #1: Executar queuedwebhook
2026-03-26 08:54:02 [@b2a0b1229a27]
Externo #1: Executar queuedwebhook
2026-03-26 08:54:02 [@b2a0b1229a27]
Externo #2: Executar pendingreason_autobump_autosolve
2026-03-26 08:56:02 [@b2a0b1229a27]
Externo #1: Executar queuedwebhook
2026-03-26 08:58:02 [@b2a0b1229a27]
Externo #1: Executar queuedwebhook
2026-03-26 09:00:02 [@b2a0b1229a27]
Externo #1: Executar queuedwebhook
2026-03-26 09:02:02 [@b2a0b1229a27]
Externo #1: Executar queuedwebhook
2026-03-26 09:04:02 [@b2a0b1229a27]
Externo #1: Executar queuedwebhook
2026-03-26 09:06:02 [@b2a0b1229a27]
Externo #1: Executar queuedwebhook
2026-03-26 09:08:02 [@b2a0b1229a27]
Externo #1: Executar queuedwebhook
2026-03-26 09:10:02 [@b2a0b1229a27]
Externo #1: Executar queuedwebhook
2026-03-26 09:12:03 [@b2a0b1229a27]
Externo #1: Executar queuedwebhook
2026-03-26 09:14:02 [@b2a0b1229a27]
Externo #1: Executar queuedwebhook
2026-03-26 09:16:02 [@b2a0b1229a27]
Externo #1: Executar queuedwebhook
2026-03-26 09:18:02 [@b2a0b1229a27]
Externo #1: Executar queuedwebhook
2026-03-26 09:20:02 [@b2a0b1229a27]
Externo #1: Executar queuedwebhook
2026-03-26 09:22:02 [@b2a0b1229a27]
Externo #1: Executar queuedwebhook
2026-03-26 09:24:02 [@b2a0b1229a27]
Externo #1: Executar queuedwebhook
2026-03-26 09:24:02 [@b2a0b1229a27]
Externo #2: Executar pendingreason_autobump_autosolve
2026-03-26 09:26:02 [@b2a0b1229a27]
Externo #1: Executar queuedwebhook
2026-03-26 09:28:02 [@b2a0b1229a27]
Externo #1: Executar queuedwebhook
2026-03-26 09:30:02 [@b2a0b1229a27]
Externo #1: Executar queuedwebhook
2026-03-26 09:32:02 [@b2a0b1229a27]
Externo #1: Executar queuedwebhook
2026-03-26 09:58:02 [@b2a0b1229a27]
Externo #1: Executar queuedwebhook
2026-03-26 09:58:02 [@b2a0b1229a27]
Externo #2: Executar pendingreason_autobump_autosolve
2026-03-26 10:00:01 [@b2a0b1229a27]
Externo #1: Executar queuedwebhook
2026-04-16 07:52:03 [@b60d4e234048]
Externo #1: Executar queuedwebhook
2026-04-16 07:52:03 [@b60d4e234048]
Externo #2: Executar pendingreason_autobump_autosolve
2026-04-16 07:52:03 [@b60d4e234048]
Externo #3: Executar DomainsAlert
2026-04-16 07:52:04 [@b60d4e234048]
Externo #4: Executar createinquest
2026-04-16 07:52:04 [@b60d4e234048]
Externo #5: Executar purgedraftforms
2026-04-16 07:54:02 [@b60d4e234048]
Externo #1: Executar queuedwebhook
2026-04-16 07:55:38 [@b60d4e234048]
Interno #1: Executar closeticket
2026-04-16 07:56:02 [@b60d4e234048]
Externo #1: Executar queuedwebhook
2026-04-16 07:58:02 [@b60d4e234048]
Externo #1: Executar queuedwebhook
2026-04-16 08:00:02 [@b60d4e234048]
Externo #1: Executar queuedwebhook
2026-04-16 08:02:02 [@b60d4e234048]
Externo #1: Executar queuedwebhook
2026-04-16 08:04:02 [@b60d4e234048]
Externo #1: Executar queuedwebhook
2026-04-16 08:06:02 [@b60d4e234048]
Externo #1: Executar queuedwebhook
2026-04-16 08:08:02 [@b60d4e234048]
Externo #1: Executar queuedwebhook
2026-04-16 08:10:01 [@b60d4e234048]
Externo #1: Executar queuedwebhook
2026-04-16 08:12:01 [@b60d4e234048]
Externo #1: Executar queuedwebhook
2026-04-16 08:12:41 [@b60d4e234048]
Interno #1: Executar queuednotification
2026-04-16 08:14:01 [@b60d4e234048]
Externo #1: Executar queuedwebhook
2026-04-16 08:16:02 [@b60d4e234048]
Externo #1: Executar queuedwebhook
2026-04-16 08:18:01 [@b60d4e234048]
Externo #1: Executar queuedwebhook
2026-04-16 08:28:59 [@b60d4e234048]
Externo #1: Executar queuedwebhook
2026-04-16 08:28:59 [@b60d4e234048]
Externo #2: Executar pendingreason_autobump_autosolve
2026-04-16 08:30:02 [@b60d4e234048]
Externo #1: Executar queuedwebhook
2026-04-16 08:32:01 [@b60d4e234048]
Externo #1: Executar queuedwebhook
2026-04-16 08:34:02 [@b60d4e234048]
Externo #1: Executar queuedwebhook
2026-04-16 08:36:01 [@b60d4e234048]
Externo #1: Executar queuedwebhook
2026-04-16 08:38:02 [@b60d4e234048]
Externo #1: Executar queuedwebhook
2026-04-16 08:40:03 [@b60d4e234048]
Externo #1: Executar queuedwebhook
2026-04-16 08:42:03 [@b60d4e234048]
Externo #1: Executar queuedwebhook
2026-04-16 08:42:39 [@b60d4e234048]
Interno #1: Executar alertnotclosed
2026-04-16 08:44:02 [@b60d4e234048]
Externo #1: Executar queuedwebhook
2026-04-16 08:46:02 [@b60d4e234048]
Externo #1: Executar queuedwebhook
2026-04-16 08:48:02 [@b60d4e234048]
Externo #1: Executar queuedwebhook
2026-04-16 08:48:19 [@b60d4e234048]
Interno #1: Executar contract
2026-04-16 08:50:02 [@b60d4e234048]
Externo #1: Executar queuedwebhook
2026-04-16 08:52:03 [@b60d4e234048]
Externo #1: Executar queuedwebhook
2026-04-16 08:54:02 [@b60d4e234048]
Externo #1: Executar queuedwebhook
2026-04-16 08:56:02 [@b60d4e234048]
Externo #1: Executar queuedwebhook
2026-04-16 08:58:02 [@b60d4e234048]
Externo #1: Executar queuedwebhook
2026-04-16 08:58:02 [@b60d4e234048]
Externo #2: Executar pendingreason_autobump_autosolve
2026-04-16 09:00:02 [@b60d4e234048]
Externo #1: Executar queuedwebhook
2026-04-16 09:02:02 [@b60d4e234048]
Externo #1: Executar queuedwebhook
2026-04-16 09:04:02 [@b60d4e234048]
Externo #1: Executar queuedwebhook
2026-04-16 09:06:02 [@b60d4e234048]
Externo #1: Executar queuedwebhook
2026-04-16 09:07:00 [@b60d4e234048]
Interno #1: Executar infocom
2026-04-16 09:08:02 [@b60d4e234048]
Externo #1: Executar queuedwebhook
2026-04-16 09:10:01 [@b60d4e234048]
Externo #1: Executar queuedwebhook
2026-04-16 09:12:02 [@b60d4e234048]
Externo #1: Executar queuedwebhook
2026-04-16 09:14:02 [@b60d4e234048]
Externo #1: Executar queuedwebhook
2026-04-16 09:16:01 [@b60d4e234048]
Externo #1: Executar queuedwebhook
2026-04-16 09:16:55 [@b60d4e234048]
Interno #1: Executar session
2026-04-16 09:18:02 [@b60d4e234048]
Externo #1: Executar queuedwebhook
2026-04-16 09:20:02 [@b60d4e234048]
Externo #1: Executar queuedwebhook
2026-04-16 09:22:02 [@b60d4e234048]
Externo #1: Executar queuedwebhook
2026-04-16 09:24:02 [@b60d4e234048]
Externo #1: Executar queuedwebhook
2026-04-16 09:26:02 [@b60d4e234048]
Externo #1: Executar queuedwebhook
2026-04-16 09:28:02 [@b60d4e234048]
Externo #1: Executar queuedwebhook
2026-04-16 09:28:02 [@b60d4e234048]
Externo #2: Executar pendingreason_autobump_autosolve
2026-04-16 09:30:02 [@b60d4e234048]
Externo #1: Executar queuedwebhook
2026-04-16 09:32:01 [@b60d4e234048]
Externo #1: Executar queuedwebhook
2026-04-16 09:34:01 [@b60d4e234048]
Externo #1: Executar queuedwebhook
2026-04-16 09:36:02 [@b60d4e234048]
Externo #1: Executar queuedwebhook
2026-04-16 09:38:02 [@b60d4e234048]
Externo #1: Executar queuedwebhook
2026-04-22 21:18:07 [@b60d4e234048]
Externo #1: Executar queuedwebhook
2026-04-22 21:18:07 [@b60d4e234048]
Externo #2: Executar pendingreason_autobump_autosolve
2026-04-22 21:18:07 [@b60d4e234048]
Externo #3: Executar DomainsAlert
2026-04-22 21:18:07 [@b60d4e234048]
Externo #4: Executar createinquest
2026-04-22 21:18:08 [@b60d4e234048]
Externo #5: Executar purgedraftforms
2026-04-22 21:20:03 [@b60d4e234048]
Externo #1: Executar queuedwebhook
2026-04-22 21:22:03 [@b60d4e234048]
Externo #1: Executar queuedwebhook
2026-04-22 21:24:02 [@b60d4e234048]
Externo #1: Executar queuedwebhook
2026-04-22 21:26:02 [@b60d4e234048]
Externo #1: Executar queuedwebhook
2026-04-22 21:28:02 [@b60d4e234048]
Externo #1: Executar queuedwebhook
2026-04-22 21:30:02 [@b60d4e234048]
Externo #1: Executar queuedwebhook
2026-04-22 21:32:02 [@b60d4e234048]
Externo #1: Executar queuedwebhook
2026-04-22 21:34:04 [@b60d4e234048]
Externo #1: Executar queuedwebhook
2026-04-22 21:36:03 [@b60d4e234048]
Externo #1: Executar queuedwebhook
2026-04-22 21:38:03 [@b60d4e234048]
Externo #1: Executar queuedwebhook
2026-04-22 21:40:03 [@b60d4e234048]
Externo #1: Executar queuedwebhook
2026-04-22 21:42:01 [@b60d4e234048]
Externo #1: Executar queuedwebhook
2026-04-22 21:44:04 [@b60d4e234048]
Externo #1: Executar queuedwebhook
2026-04-22 21:46:01 [@b60d4e234048]
Externo #1: Executar queuedwebhook
2026-04-22 21:48:01 [@b60d4e234048]
Externo #1: Executar queuedwebhook
2026-04-22 21:48:01 [@b60d4e234048]
Externo #2: Executar pendingreason_autobump_autosolve
2026-04-22 21:50:01 [@b60d4e234048]
Externo #1: Executar queuedwebhook
2026-04-22 21:52:01 [@b60d4e234048]
Externo #1: Executar queuedwebhook
2026-04-22 21:54:02 [@b60d4e234048]
Externo #1: Executar queuedwebhook
2026-04-22 21:56:01 [@b60d4e234048]
Externo #1: Executar queuedwebhook
2026-04-22 21:58:02 [@b60d4e234048]
Externo #1: Executar queuedwebhook
2026-04-22 22:00:01 [@b60d4e234048]
Externo #1: Executar queuedwebhook
2026-04-22 22:02:01 [@b60d4e234048]
Externo #1: Executar queuedwebhook
2026-04-22 22:04:01 [@b60d4e234048]
Externo #1: Executar queuedwebhook
2026-04-22 22:06:02 [@b60d4e234048]
Externo #1: Executar queuedwebhook
2026-04-22 22:08:02 [@b60d4e234048]
Externo #1: Executar queuedwebhook
2026-04-22 22:10:02 [@b60d4e234048]
Externo #1: Executar queuedwebhook
2026-04-22 22:12:02 [@b60d4e234048]
Externo #1: Executar queuedwebhook
2026-04-22 22:14:03 [@b60d4e234048]
Externo #1: Executar queuedwebhook
2026-04-22 22:16:02 [@b60d4e234048]
Externo #1: Executar queuedwebhook
2026-04-22 22:18:02 [@b60d4e234048]
Externo #1: Executar queuedwebhook
2026-04-22 22:18:02 [@b60d4e234048]
Externo #2: Executar pendingreason_autobump_autosolve
2026-04-22 22:20:02 [@b60d4e234048]
Externo #1: Executar queuedwebhook
2026-04-22 22:22:02 [@b60d4e234048]
Externo #1: Executar queuedwebhook
2026-04-22 22:24:02 [@b60d4e234048]
Externo #1: Executar queuedwebhook
2026-04-22 22:26:02 [@b60d4e234048]
Externo #1: Executar queuedwebhook
2026-04-22 22:28:04 [@b60d4e234048]
Externo #1: Executar queuedwebhook
2026-04-22 22:30:04 [@b60d4e234048]
Externo #1: Executar queuedwebhook
2026-04-22 22:32:01 [@b60d4e234048]
Externo #1: Executar queuedwebhook
2026-04-22 22:34:01 [@b60d4e234048]
Externo #1: Executar queuedwebhook
2026-04-22 22:36:02 [@b60d4e234048]
Externo #1: Executar queuedwebhook
2026-04-22 22:38:01 [@b60d4e234048]
Externo #1: Executar queuedwebhook
2026-04-22 22:40:02 [@b60d4e234048]
Externo #1: Executar queuedwebhook
2026-04-22 22:42:02 [@b60d4e234048]
Externo #1: Executar queuedwebhook
2026-04-22 22:44:04 [@b60d4e234048]
Externo #1: Executar queuedwebhook
2026-04-22 22:46:05 [@b60d4e234048]
Externo #1: Executar queuedwebhook
2026-04-22 22:48:03 [@b60d4e234048]
Externo #1: Executar queuedwebhook
2026-04-22 22:48:03 [@b60d4e234048]
Externo #2: Executar pendingreason_autobump_autosolve
2026-04-22 22:50:03 [@b60d4e234048]
Externo #1: Executar queuedwebhook
2026-04-22 22:52:03 [@b60d4e234048]
Externo #1: Executar queuedwebhook
2026-04-22 22:54:02 [@b60d4e234048]
Externo #1: Executar queuedwebhook
2026-04-22 22:56:02 [@b60d4e234048]
Externo #1: Executar queuedwebhook
2026-04-22 22:58:02 [@b60d4e234048]
Externo #1: Executar queuedwebhook
2026-04-22 23:00:03 [@b60d4e234048]
Externo #1: Executar queuedwebhook
2026-04-22 23:02:02 [@b60d4e234048]
Externo #1: Executar queuedwebhook
2026-04-22 23:04:02 [@b60d4e234048]
Externo #1: Executar queuedwebhook
2026-04-22 23:06:02 [@b60d4e234048]
Externo #1: Executar queuedwebhook
2026-04-22 23:08:01 [@b60d4e234048]
Externo #1: Executar queuedwebhook
2026-04-22 23:10:02 [@b60d4e234048]
Externo #1: Executar queuedwebhook
2026-04-22 23:12:02 [@b60d4e234048]
Externo #1: Executar queuedwebhook
2026-04-22 23:14:02 [@b60d4e234048]
Externo #1: Executar queuedwebhook
2026-04-22 23:16:02 [@b60d4e234048]
Externo #1: Executar queuedwebhook
2026-04-22 23:18:02 [@b60d4e234048]
Externo #1: Executar queuedwebhook
2026-04-22 23:18:02 [@b60d4e234048]
Externo #2: Executar pendingreason_autobump_autosolve
2026-04-22 23:20:02 [@b60d4e234048]
Externo #1: Executar queuedwebhook
2026-04-22 23:22:02 [@b60d4e234048]
Externo #1: Executar queuedwebhook
2026-04-22 23:24:02 [@b60d4e234048]
Externo #1: Executar queuedwebhook
2026-04-22 23:26:02 [@b60d4e234048]
Externo #1: Executar queuedwebhook
2026-04-22 23:28:02 [@b60d4e234048]
Externo #1: Executar queuedwebhook
2026-04-22 23:30:02 [@b60d4e234048]
Externo #1: Executar queuedwebhook
2026-04-22 23:32:02 [@b60d4e234048]
Externo #1: Executar queuedwebhook
2026-04-22 23:34:03 [@b60d4e234048]
Externo #1: Executar queuedwebhook
2026-04-22 23:36:03 [@b60d4e234048]
Externo #1: Executar queuedwebhook
2026-04-22 23:38:03 [@b60d4e234048]
Externo #1: Executar queuedwebhook
2026-04-22 23:40:02 [@b60d4e234048]
Externo #1: Executar queuedwebhook
2026-04-22 23:42:02 [@b60d4e234048]
Externo #1: Executar queuedwebhook
2026-04-22 23:44:02 [@b60d4e234048]
Externo #1: Executar queuedwebhook
2026-04-22 23:46:02 [@b60d4e234048]
Externo #1: Executar queuedwebhook
2026-04-22 23:48:02 [@b60d4e234048]
Externo #1: Executar queuedwebhook
2026-04-22 23:48:02 [@b60d4e234048]
Externo #2: Executar pendingreason_autobump_autosolve
2026-04-22 23:50:02 [@b60d4e234048]
Externo #1: Executar queuedwebhook
2026-04-22 23:52:02 [@b60d4e234048]
Externo #1: Executar queuedwebhook
2026-04-22 23:54:02 [@b60d4e234048]
Externo #1: Executar queuedwebhook
2026-04-22 23:56:02 [@b60d4e234048]
Externo #1: Executar queuedwebhook
2026-04-22 23:58:02 [@b60d4e234048]
Externo #1: Executar queuedwebhook
2026-04-23 00:00:02 [@b60d4e234048]
Externo #1: Executar PurgeLogs
2026-04-23 00:00:02 [@b60d4e234048]
Externo #2: Executar checkAllUpdates
2026-04-23 00:00:02 [@b60d4e234048]
Externo #3: Executar cleanorphans
2026-04-23 00:00:02 [@b60d4e234048]
Externo #4: Executar Cleanoldagents
2026-04-23 00:00:02 [@b60d4e234048]
Externo #5: Executar queuedwebhookclean
2026-04-23 00:02:02 [@b60d4e234048]
Externo #1: Executar queuedwebhook
2026-04-23 00:04:02 [@b60d4e234048]
Externo #1: Executar queuedwebhook
2026-04-23 00:06:01 [@b60d4e234048]
Externo #1: Executar queuedwebhook
2026-04-23 00:08:01 [@b60d4e234048]
Externo #1: Executar queuedwebhook
2026-04-23 00:10:02 [@b60d4e234048]
Externo #1: Executar queuedwebhook
2026-04-23 00:12:02 [@b60d4e234048]
Externo #1: Executar queuedwebhook
2026-04-23 00:14:02 [@b60d4e234048]
Externo #1: Executar queuedwebhook
2026-04-23 00:16:02 [@b60d4e234048]
Externo #1: Executar queuedwebhook
2026-04-23 00:18:02 [@b60d4e234048]
Externo #1: Executar queuedwebhook
2026-04-23 00:18:02 [@b60d4e234048]
Externo #2: Executar pendingreason_autobump_autosolve
2026-04-23 00:20:02 [@b60d4e234048]
Externo #1: Executar queuedwebhook
2026-04-23 00:22:02 [@b60d4e234048]
Externo #1: Executar queuedwebhook
2026-04-23 00:24:02 [@b60d4e234048]
Externo #1: Executar queuedwebhook
2026-04-23 00:26:02 [@b60d4e234048]
Externo #1: Executar queuedwebhook
2026-04-23 00:28:02 [@b60d4e234048]
Externo #1: Executar queuedwebhook
2026-04-23 00:30:02 [@b60d4e234048]
Externo #1: Executar queuedwebhook
2026-04-23 00:32:02 [@b60d4e234048]
Externo #1: Executar queuedwebhook
2026-04-23 00:34:02 [@b60d4e234048]
Externo #1: Executar queuedwebhook
2026-04-23 00:36:02 [@b60d4e234048]
Externo #1: Executar queuedwebhook
2026-04-23 00:38:02 [@b60d4e234048]
Externo #1: Executar queuedwebhook
2026-04-23 00:40:01 [@b60d4e234048]
Externo #1: Executar queuedwebhook
2026-04-23 00:42:01 [@b60d4e234048]
Externo #1: Executar queuedwebhook
2026-04-23 00:44:01 [@b60d4e234048]
Externo #1: Executar queuedwebhook
2026-04-23 00:46:01 [@b60d4e234048]
Externo #1: Executar queuedwebhook
2026-04-23 00:48:01 [@b60d4e234048]
Externo #1: Executar queuedwebhook
2026-04-23 00:48:01 [@b60d4e234048]
Externo #2: Executar pendingreason_autobump_autosolve
2026-04-23 00:50:01 [@b60d4e234048]
Externo #1: Executar queuedwebhook
2026-04-23 00:52:01 [@b60d4e234048]
Externo #1: Executar queuedwebhook
2026-04-23 00:54:01 [@b60d4e234048]
Externo #1: Executar queuedwebhook
2026-04-23 00:56:01 [@b60d4e234048]
Externo #1: Executar queuedwebhook
2026-04-23 00:58:01 [@b60d4e234048]
Externo #1: Executar queuedwebhook
2026-04-23 01:00:01 [@b60d4e234048]
Externo #1: Executar queuedwebhook
2026-04-23 01:02:01 [@b60d4e234048]
Externo #1: Executar queuedwebhook
2026-04-23 01:04:01 [@b60d4e234048]
Externo #1: Executar queuedwebhook
2026-04-23 01:06:01 [@b60d4e234048]
Externo #1: Executar queuedwebhook
2026-04-23 01:08:01 [@b60d4e234048]
Externo #1: Executar queuedwebhook
2026-04-23 01:10:01 [@b60d4e234048]
Externo #1: Executar queuedwebhook
2026-04-23 01:12:01 [@b60d4e234048]
Externo #1: Executar queuedwebhook
2026-04-23 01:14:01 [@b60d4e234048]
Externo #1: Executar queuedwebhook
2026-04-23 01:16:01 [@b60d4e234048]
Externo #1: Executar queuedwebhook
2026-04-23 01:18:01 [@b60d4e234048]
Externo #1: Executar queuedwebhook
2026-04-23 01:18:01 [@b60d4e234048]
Externo #2: Executar pendingreason_autobump_autosolve
2026-04-23 01:20:01 [@b60d4e234048]
Externo #1: Executar queuedwebhook
2026-04-23 01:22:01 [@b60d4e234048]
Externo #1: Executar queuedwebhook
2026-04-23 01:24:01 [@b60d4e234048]
Externo #1: Executar queuedwebhook
2026-04-23 01:26:01 [@b60d4e234048]
Externo #1: Executar queuedwebhook
2026-04-23 01:28:01 [@b60d4e234048]
Externo #1: Executar queuedwebhook
2026-04-23 01:30:01 [@b60d4e234048]
Externo #1: Executar queuedwebhook
2026-04-23 01:32:01 [@b60d4e234048]
Externo #1: Executar queuedwebhook
2026-04-23 01:34:01 [@b60d4e234048]
Externo #1: Executar queuedwebhook
2026-04-23 01:36:01 [@b60d4e234048]
Externo #1: Executar queuedwebhook
2026-04-23 01:38:01 [@b60d4e234048]
Externo #1: Executar queuedwebhook
2026-04-23 01:40:02 [@b60d4e234048]
Externo #1: Executar queuedwebhook
2026-04-23 01:42:01 [@b60d4e234048]
Externo #1: Executar queuedwebhook
2026-04-23 01:44:01 [@b60d4e234048]
Externo #1: Executar queuedwebhook
2026-04-23 01:46:01 [@b60d4e234048]
Externo #1: Executar queuedwebhook
2026-04-23 01:48:01 [@b60d4e234048]
Externo #1: Executar queuedwebhook
2026-04-23 01:48:01 [@b60d4e234048]
Externo #2: Executar pendingreason_autobump_autosolve
2026-04-23 01:50:01 [@b60d4e234048]
Externo #1: Executar queuedwebhook
2026-04-23 01:52:02 [@b60d4e234048]
Externo #1: Executar queuedwebhook
2026-04-23 01:54:01 [@b60d4e234048]
Externo #1: Executar queuedwebhook
2026-04-23 01:56:01 [@b60d4e234048]
Externo #1: Executar queuedwebhook
2026-04-23 01:58:02 [@b60d4e234048]
Externo #1: Executar queuedwebhook
2026-04-23 02:00:02 [@b60d4e234048]
Externo #1: Executar queuedwebhook
2026-04-23 02:02:02 [@b60d4e234048]
Externo #1: Executar queuedwebhook
2026-04-23 02:04:01 [@b60d4e234048]
Externo #1: Executar queuedwebhook
2026-04-23 02:06:01 [@b60d4e234048]
Externo #1: Executar queuedwebhook
2026-04-23 02:08:01 [@b60d4e234048]
Externo #1: Executar queuedwebhook
2026-04-23 02:10:02 [@b60d4e234048]
Externo #1: Executar queuedwebhook
2026-04-23 02:12:02 [@b60d4e234048]
Externo #1: Executar queuedwebhook
2026-04-23 02:14:02 [@b60d4e234048]
Externo #1: Executar queuedwebhook
2026-04-23 02:16:02 [@b60d4e234048]
Externo #1: Executar queuedwebhook
2026-04-23 02:18:02 [@b60d4e234048]
Externo #1: Executar queuedwebhook
2026-04-23 02:18:02 [@b60d4e234048]
Externo #2: Executar pendingreason_autobump_autosolve
2026-04-23 02:20:02 [@b60d4e234048]
Externo #1: Executar queuedwebhook
2026-04-23 02:22:02 [@b60d4e234048]
Externo #1: Executar queuedwebhook
2026-04-23 02:24:02 [@b60d4e234048]
Externo #1: Executar queuedwebhook
2026-04-23 02:26:02 [@b60d4e234048]
Externo #1: Executar queuedwebhook
2026-04-23 02:28:02 [@b60d4e234048]
Externo #1: Executar queuedwebhook
2026-04-23 02:30:02 [@b60d4e234048]
Externo #1: Executar queuedwebhook
2026-04-23 02:32:02 [@b60d4e234048]
Externo #1: Executar queuedwebhook
2026-04-23 02:34:02 [@b60d4e234048]
Externo #1: Executar queuedwebhook
2026-04-23 02:36:02 [@b60d4e234048]
Externo #1: Executar queuedwebhook
2026-04-23 02:38:02 [@b60d4e234048]
Externo #1: Executar queuedwebhook
2026-04-23 02:40:01 [@b60d4e234048]
Externo #1: Executar queuedwebhook
2026-04-23 02:42:01 [@b60d4e234048]
Externo #1: Executar queuedwebhook
2026-04-23 02:44:01 [@b60d4e234048]
Externo #1: Executar queuedwebhook
2026-04-23 02:46:01 [@b60d4e234048]
Externo #1: Executar queuedwebhook
2026-04-23 02:48:01 [@b60d4e234048]
Externo #1: Executar queuedwebhook
2026-04-23 02:48:01 [@b60d4e234048]
Externo #2: Executar pendingreason_autobump_autosolve
2026-04-23 02:50:01 [@b60d4e234048]
Externo #1: Executar queuedwebhook
2026-04-23 02:52:01 [@b60d4e234048]
Externo #1: Executar queuedwebhook
2026-04-23 02:54:01 [@b60d4e234048]
Externo #1: Executar queuedwebhook
2026-04-23 02:56:01 [@b60d4e234048]
Externo #1: Executar queuedwebhook
2026-04-23 02:58:01 [@b60d4e234048]
Externo #1: Executar queuedwebhook
2026-04-23 03:00:01 [@b60d4e234048]
Externo #1: Executar queuedwebhook
2026-04-23 03:02:01 [@b60d4e234048]
Externo #1: Executar queuedwebhook
2026-04-23 03:04:01 [@b60d4e234048]
Externo #1: Executar queuedwebhook
2026-04-23 03:06:01 [@b60d4e234048]
Externo #1: Executar queuedwebhook
2026-04-23 03:08:01 [@b60d4e234048]
Externo #1: Executar queuedwebhook
2026-04-23 03:10:01 [@b60d4e234048]
Externo #1: Executar queuedwebhook
2026-04-23 03:12:01 [@b60d4e234048]
Externo #1: Executar queuedwebhook
2026-04-23 03:14:01 [@b60d4e234048]
Externo #1: Executar queuedwebhook
2026-04-23 03:16:01 [@b60d4e234048]
Externo #1: Executar queuedwebhook
2026-04-23 03:18:01 [@b60d4e234048]
Externo #1: Executar queuedwebhook
2026-04-23 03:18:01 [@b60d4e234048]
Externo #2: Executar pendingreason_autobump_autosolve
2026-04-23 03:20:01 [@b60d4e234048]
Externo #1: Executar queuedwebhook
2026-04-23 03:22:01 [@b60d4e234048]
Externo #1: Executar queuedwebhook
2026-04-23 03:24:01 [@b60d4e234048]
Externo #1: Executar queuedwebhook
2026-04-23 03:26:01 [@b60d4e234048]
Externo #1: Executar queuedwebhook
2026-04-23 03:28:01 [@b60d4e234048]
Externo #1: Executar queuedwebhook
2026-04-23 03:30:01 [@b60d4e234048]
Externo #1: Executar queuedwebhook
2026-04-23 03:32:01 [@b60d4e234048]
Externo #1: Executar queuedwebhook
2026-04-23 03:34:01 [@b60d4e234048]
Externo #1: Executar queuedwebhook
2026-04-23 03:36:01 [@b60d4e234048]
Externo #1: Executar queuedwebhook
2026-04-23 03:38:01 [@b60d4e234048]
Externo #1: Executar queuedwebhook
2026-04-23 03:40:02 [@b60d4e234048]
Externo #1: Executar queuedwebhook
2026-04-23 03:42:02 [@b60d4e234048]
Externo #1: Executar queuedwebhook
2026-04-23 03:44:02 [@b60d4e234048]
Externo #1: Executar queuedwebhook
2026-04-23 03:46:02 [@b60d4e234048]
Externo #1: Executar queuedwebhook
2026-04-23 03:48:02 [@b60d4e234048]
Externo #1: Executar queuedwebhook
2026-04-23 03:48:02 [@b60d4e234048]
Externo #2: Executar pendingreason_autobump_autosolve
2026-04-23 03:50:01 [@b60d4e234048]
Externo #1: Executar queuedwebhook
2026-04-23 03:52:01 [@b60d4e234048]
Externo #1: Executar queuedwebhook
2026-04-23 03:54:01 [@b60d4e234048]
Externo #1: Executar queuedwebhook
2026-04-23 03:56:01 [@b60d4e234048]
Externo #1: Executar queuedwebhook
2026-04-23 03:58:01 [@b60d4e234048]
Externo #1: Executar queuedwebhook
2026-04-23 04:00:01 [@b60d4e234048]
Externo #1: Executar queuedwebhook
2026-04-23 04:02:01 [@b60d4e234048]
Externo #1: Executar queuedwebhook
2026-04-23 04:04:01 [@b60d4e234048]
Externo #1: Executar queuedwebhook
2026-04-23 04:06:01 [@b60d4e234048]
Externo #1: Executar queuedwebhook
2026-04-23 04:08:01 [@b60d4e234048]
Externo #1: Executar queuedwebhook
2026-04-23 04:10:01 [@b60d4e234048]
Externo #1: Executar queuedwebhook
2026-04-23 04:12:01 [@b60d4e234048]
Externo #1: Executar queuedwebhook
2026-04-23 04:14:01 [@b60d4e234048]
Externo #1: Executar queuedwebhook
2026-04-23 04:16:01 [@b60d4e234048]
Externo #1: Executar queuedwebhook
2026-04-23 04:18:01 [@b60d4e234048]
Externo #1: Executar queuedwebhook
2026-04-23 04:18:01 [@b60d4e234048]
Externo #2: Executar pendingreason_autobump_autosolve
2026-04-23 04:20:01 [@b60d4e234048]
Externo #1: Executar queuedwebhook
2026-04-23 04:22:01 [@b60d4e234048]
Externo #1: Executar queuedwebhook
2026-04-23 04:24:01 [@b60d4e234048]
Externo #1: Executar queuedwebhook
2026-04-23 04:26:01 [@b60d4e234048]
Externo #1: Executar queuedwebhook
2026-04-23 04:28:01 [@b60d4e234048]
Externo #1: Executar queuedwebhook
2026-04-23 04:30:01 [@b60d4e234048]
Externo #1: Executar queuedwebhook
2026-04-23 04:32:01 [@b60d4e234048]
Externo #1: Executar queuedwebhook
2026-04-23 04:34:01 [@b60d4e234048]
Externo #1: Executar queuedwebhook
2026-04-23 04:36:01 [@b60d4e234048]
Externo #1: Executar queuedwebhook
2026-04-23 04:38:01 [@b60d4e234048]
Externo #1: Executar queuedwebhook
2026-04-23 04:40:02 [@b60d4e234048]
Externo #1: Executar queuedwebhook
2026-04-23 04:42:02 [@b60d4e234048]
Externo #1: Executar queuedwebhook
2026-04-23 04:44:02 [@b60d4e234048]
Externo #1: Executar queuedwebhook
2026-04-23 04:46:02 [@b60d4e234048]
Externo #1: Executar queuedwebhook
2026-04-23 04:48:02 [@b60d4e234048]
Externo #1: Executar queuedwebhook
2026-04-23 04:48:02 [@b60d4e234048]
Externo #2: Executar pendingreason_autobump_autosolve
2026-04-23 04:50:02 [@b60d4e234048]
Externo #1: Executar queuedwebhook
2026-04-23 04:52:02 [@b60d4e234048]
Externo #1: Executar queuedwebhook
2026-04-23 04:54:02 [@b60d4e234048]
Externo #1: Executar queuedwebhook
2026-04-23 04:56:02 [@b60d4e234048]
Externo #1: Executar queuedwebhook
2026-04-23 04:58:02 [@b60d4e234048]
Externo #1: Executar queuedwebhook
2026-04-23 05:00:02 [@b60d4e234048]
Externo #1: Executar queuedwebhook
2026-04-23 05:02:02 [@b60d4e234048]
Externo #1: Executar queuedwebhook
2026-04-23 05:04:02 [@b60d4e234048]
Externo #1: Executar queuedwebhook
2026-04-23 05:06:02 [@b60d4e234048]
Externo #1: Executar queuedwebhook
2026-04-23 05:08:02 [@b60d4e234048]
Externo #1: Executar queuedwebhook
2026-04-23 05:10:02 [@b60d4e234048]
Externo #1: Executar queuedwebhook
2026-04-23 05:12:02 [@b60d4e234048]
Externo #1: Executar queuedwebhook
2026-04-23 05:14:02 [@b60d4e234048]
Externo #1: Executar queuedwebhook
2026-04-23 05:16:02 [@b60d4e234048]
Externo #1: Executar queuedwebhook
2026-04-23 05:18:02 [@b60d4e234048]
Externo #1: Executar queuedwebhook
2026-04-23 05:18:02 [@b60d4e234048]
Externo #2: Executar pendingreason_autobump_autosolve
2026-04-23 05:20:02 [@b60d4e234048]
Externo #1: Executar queuedwebhook
2026-04-23 05:22:02 [@b60d4e234048]
Externo #1: Executar queuedwebhook
2026-04-23 05:24:02 [@b60d4e234048]
Externo #1: Executar queuedwebhook
2026-04-23 05:26:02 [@b60d4e234048]
Externo #1: Executar queuedwebhook
2026-04-23 05:28:02 [@b60d4e234048]
Externo #1: Executar queuedwebhook
2026-04-23 05:30:02 [@b60d4e234048]
Externo #1: Executar queuedwebhook
2026-04-23 05:32:02 [@b60d4e234048]
Externo #1: Executar queuedwebhook
2026-04-23 05:34:02 [@b60d4e234048]
Externo #1: Executar queuedwebhook
2026-04-23 05:36:02 [@b60d4e234048]
Externo #1: Executar queuedwebhook
2026-04-23 05:38:02 [@b60d4e234048]
Externo #1: Executar queuedwebhook
2026-04-23 05:40:01 [@b60d4e234048]
Externo #1: Executar queuedwebhook
2026-04-23 05:42:01 [@b60d4e234048]
Externo #1: Executar queuedwebhook
2026-04-23 05:44:01 [@b60d4e234048]
Externo #1: Executar queuedwebhook
2026-04-23 05:46:01 [@b60d4e234048]
Externo #1: Executar queuedwebhook
2026-04-23 05:48:01 [@b60d4e234048]
Externo #1: Executar queuedwebhook
2026-04-23 05:48:01 [@b60d4e234048]
Externo #2: Executar pendingreason_autobump_autosolve
2026-04-23 05:50:01 [@b60d4e234048]
Externo #1: Executar queuedwebhook
2026-04-23 05:52:01 [@b60d4e234048]
Externo #1: Executar queuedwebhook
2026-04-23 05:54:01 [@b60d4e234048]
Externo #1: Executar queuedwebhook
2026-04-23 05:56:01 [@b60d4e234048]
Externo #1: Executar queuedwebhook
2026-04-23 05:58:01 [@b60d4e234048]
Externo #1: Executar queuedwebhook
2026-04-23 06:00:01 [@b60d4e234048]
Externo #1: Executar queuedwebhook
2026-04-23 06:02:01 [@b60d4e234048]
Externo #1: Executar queuedwebhook
2026-04-23 06:04:01 [@b60d4e234048]
Externo #1: Executar queuedwebhook
2026-04-23 06:06:01 [@b60d4e234048]
Externo #1: Executar queuedwebhook
2026-04-23 06:08:01 [@b60d4e234048]
Externo #1: Executar queuedwebhook
2026-04-23 06:10:01 [@b60d4e234048]
Externo #1: Executar queuedwebhook
2026-04-23 06:12:01 [@b60d4e234048]
Externo #1: Executar queuedwebhook
2026-04-23 06:14:01 [@b60d4e234048]
Externo #1: Executar queuedwebhook
2026-04-23 06:16:01 [@b60d4e234048]
Externo #1: Executar queuedwebhook
2026-04-23 06:18:01 [@b60d4e234048]
Externo #1: Executar queuedwebhook
2026-04-23 06:18:01 [@b60d4e234048]
Externo #2: Executar pendingreason_autobump_autosolve
2026-04-23 06:20:01 [@b60d4e234048]
Externo #1: Executar queuedwebhook
2026-04-23 06:22:01 [@b60d4e234048]
Externo #1: Executar queuedwebhook
2026-04-23 06:24:01 [@b60d4e234048]
Externo #1: Executar queuedwebhook
2026-04-23 06:26:01 [@b60d4e234048]
Externo #1: Executar queuedwebhook
2026-04-23 06:28:01 [@b60d4e234048]
Externo #1: Executar queuedwebhook
2026-04-23 06:30:01 [@b60d4e234048]
Externo #1: Executar queuedwebhook
2026-04-23 06:32:01 [@b60d4e234048]
Externo #1: Executar queuedwebhook
2026-04-23 06:34:01 [@b60d4e234048]
Externo #1: Executar queuedwebhook
2026-04-23 06:36:01 [@b60d4e234048]
Externo #1: Executar queuedwebhook
2026-04-23 06:38:01 [@b60d4e234048]
Externo #1: Executar queuedwebhook
2026-04-23 06:40:02 [@b60d4e234048]
Externo #1: Executar queuedwebhook
2026-04-23 06:42:02 [@b60d4e234048]
Externo #1: Executar queuedwebhook
2026-04-23 06:44:03 [@b60d4e234048]
Externo #1: Executar queuedwebhook
2026-04-23 06:46:02 [@b60d4e234048]
Externo #1: Executar queuedwebhook
2026-04-23 06:48:02 [@b60d4e234048]
Externo #1: Executar queuedwebhook
2026-04-23 06:48:02 [@b60d4e234048]
Externo #2: Executar pendingreason_autobump_autosolve
2026-04-23 06:50:02 [@b60d4e234048]
Externo #1: Executar queuedwebhook
2026-04-23 06:52:02 [@b60d4e234048]
Externo #1: Executar queuedwebhook
2026-04-23 06:54:02 [@b60d4e234048]
Externo #1: Executar queuedwebhook
2026-04-23 06:56:02 [@b60d4e234048]
Externo #1: Executar queuedwebhook
2026-04-23 06:58:02 [@b60d4e234048]
Externo #1: Executar queuedwebhook
2026-04-23 07:00:02 [@b60d4e234048]
Externo #1: Executar queuedwebhook
2026-04-23 07:02:02 [@b60d4e234048]
Externo #1: Executar queuedwebhook
2026-04-23 07:04:02 [@b60d4e234048]
Externo #1: Executar queuedwebhook
2026-04-23 07:06:02 [@b60d4e234048]
Externo #1: Executar queuedwebhook
2026-04-23 07:08:02 [@b60d4e234048]
Externo #1: Executar queuedwebhook
2026-04-23 07:10:01 [@b60d4e234048]
Externo #1: Executar queuedwebhook
2026-04-23 07:12:01 [@b60d4e234048]
Externo #1: Executar queuedwebhook
2026-04-23 07:14:02 [@b60d4e234048]
Externo #1: Executar queuedwebhook
2026-04-23 07:16:02 [@b60d4e234048]
Externo #1: Executar queuedwebhook
2026-04-23 07:18:01 [@b60d4e234048]
Externo #1: Executar queuedwebhook
2026-04-23 07:18:01 [@b60d4e234048]
Externo #2: Executar pendingreason_autobump_autosolve
2026-04-23 07:20:01 [@b60d4e234048]
Externo #1: Executar queuedwebhook
2026-04-23 07:22:02 [@b60d4e234048]
Externo #1: Executar queuedwebhook
2026-04-23 07:24:02 [@b60d4e234048]
Externo #1: Executar queuedwebhook
2026-04-23 07:26:01 [@b60d4e234048]
Externo #1: Executar queuedwebhook
2026-04-23 07:28:01 [@b60d4e234048]
Externo #1: Executar queuedwebhook
2026-04-23 07:30:01 [@b60d4e234048]
Externo #1: Executar queuedwebhook
2026-04-23 07:32:01 [@b60d4e234048]
Externo #1: Executar queuedwebhook
2026-04-23 07:34:01 [@b60d4e234048]
Externo #1: Executar queuedwebhook
2026-04-23 07:36:01 [@b60d4e234048]
Externo #1: Executar queuedwebhook
2026-04-23 07:38:01 [@b60d4e234048]
Externo #1: Executar queuedwebhook
2026-04-23 07:40:01 [@b60d4e234048]
Externo #1: Executar queuedwebhook
2026-04-23 07:42:02 [@b60d4e234048]
Externo #1: Executar queuedwebhook
2026-04-23 07:44:02 [@b60d4e234048]
Externo #1: Executar queuedwebhook
2026-04-23 07:46:02 [@b60d4e234048]
Externo #1: Executar queuedwebhook
2026-04-23 07:48:01 [@b60d4e234048]
Externo #1: Executar queuedwebhook
2026-04-23 07:48:02 [@b60d4e234048]
Externo #2: Executar pendingreason_autobump_autosolve
2026-04-23 07:50:02 [@b60d4e234048]
Externo #1: Executar queuedwebhook
2026-04-23 07:52:05 [@b60d4e234048]
Externo #1: Executar queuedwebhook
2026-04-23 07:54:03 [@b60d4e234048]
Externo #1: Executar queuedwebhook
2026-04-23 07:56:02 [@b60d4e234048]
Externo #1: Executar queuedwebhook
2026-04-23 07:57:11 [@b60d4e234048]
Interno #1: Executar createinquest
2026-04-23 07:58:02 [@b60d4e234048]
Externo #1: Executar queuedwebhook
2026-04-23 08:00:02 [@b60d4e234048]
Externo #1: Executar queuedwebhook
2026-04-23 09:16:37 [@b60d4e234048]
Externo #1: Executar queuedwebhook
2026-04-23 09:16:37 [@b60d4e234048]
Externo #2: Executar pendingreason_autobump_autosolve
2026-04-23 09:18:25 [@b60d4e234048]
Externo #1: Executar queuedwebhook
2026-04-23 09:20:06 [@b60d4e234048]
Externo #1: Executar queuedwebhook
2026-04-23 09:22:03 [@b60d4e234048]
Externo #1: Executar queuedwebhook
2026-04-23 09:24:03 [@b60d4e234048]
Externo #1: Executar queuedwebhook
2026-04-23 09:26:02 [@b60d4e234048]
Externo #1: Executar queuedwebhook
2026-04-23 09:28:02 [@b60d4e234048]
Externo #1: Executar queuedwebhook
2026-04-23 09:30:03 [@b60d4e234048]
Externo #1: Executar queuedwebhook
2026-04-23 09:32:05 [@b60d4e234048]
Externo #1: Executar queuedwebhook
2026-04-23 09:34:02 [@b60d4e234048]
Externo #1: Executar queuedwebhook
2026-04-23 09:36:01 [@b60d4e234048]
Externo #1: Executar queuedwebhook
2026-04-23 09:38:01 [@b60d4e234048]
Externo #1: Executar queuedwebhook
2026-04-23 09:40:02 [@b60d4e234048]
Externo #1: Executar queuedwebhook
2026-04-23 09:42:02 [@b60d4e234048]
Externo #1: Executar queuedwebhook
2026-04-23 09:44:02 [@b60d4e234048]
Externo #1: Executar queuedwebhook
2026-04-23 09:46:02 [@b60d4e234048]
Externo #1: Executar queuedwebhook
2026-04-23 09:46:03 [@b60d4e234048]
Externo #2: Executar pendingreason_autobump_autosolve
2026-04-23 09:48:02 [@b60d4e234048]
Externo #1: Executar queuedwebhook
2026-04-23 09:50:03 [@b60d4e234048]
Externo #1: Executar queuedwebhook
2026-04-23 09:52:02 [@b60d4e234048]
Externo #1: Executar queuedwebhook
2026-04-23 09:54:02 [@b60d4e234048]
Externo #1: Executar queuedwebhook
2026-04-23 09:56:02 [@b60d4e234048]
Externo #1: Executar queuedwebhook
2026-04-23 09:58:02 [@b60d4e234048]
Externo #1: Executar queuedwebhook
2026-04-23 10:00:03 [@b60d4e234048]
Externo #1: Executar queuedwebhook
2026-04-23 10:02:02 [@b60d4e234048]
Externo #1: Executar queuedwebhook
2026-04-23 10:04:02 [@b60d4e234048]
Externo #1: Executar queuedwebhook
2026-04-23 10:06:02 [@b60d4e234048]
Externo #1: Executar queuedwebhook
2026-04-23 10:08:02 [@b60d4e234048]
Externo #1: Executar queuedwebhook
2026-04-23 10:10:01 [@b60d4e234048]
Externo #1: Executar queuedwebhook
2026-04-23 10:12:01 [@b60d4e234048]
Externo #1: Executar queuedwebhook
2026-04-23 10:14:01 [@b60d4e234048]
Externo #1: Executar queuedwebhook
2026-04-23 10:16:01 [@b60d4e234048]
Externo #1: Executar queuedwebhook
2026-04-23 10:16:02 [@b60d4e234048]
Externo #2: Executar pendingreason_autobump_autosolve
2026-04-23 10:18:01 [@b60d4e234048]
Externo #1: Executar queuedwebhook
2026-04-23 10:20:02 [@b60d4e234048]
Externo #1: Executar queuedwebhook
2026-04-23 10:22:02 [@b60d4e234048]
Externo #1: Executar queuedwebhook
2026-04-23 10:24:01 [@b60d4e234048]
Externo #1: Executar queuedwebhook
2026-04-23 10:26:01 [@b60d4e234048]
Externo #1: Executar queuedwebhook
2026-04-23 10:28:01 [@b60d4e234048]
Externo #1: Executar queuedwebhook
2026-04-23 10:30:01 [@b60d4e234048]
Externo #1: Executar queuedwebhook
2026-04-23 10:32:02 [@b60d4e234048]
Externo #1: Executar queuedwebhook
2026-04-23 10:34:02 [@b60d4e234048]
Externo #1: Executar queuedwebhook
2026-04-23 10:36:01 [@b60d4e234048]
Externo #1: Executar queuedwebhook
2026-04-23 10:38:02 [@b60d4e234048]
Externo #1: Executar queuedwebhook
2026-04-23 10:40:02 [@b60d4e234048]
Externo #1: Executar queuedwebhook
2026-04-23 10:42:01 [@b60d4e234048]
Externo #1: Executar queuedwebhook
2026-04-23 10:44:02 [@b60d4e234048]
Externo #1: Executar queuedwebhook
2026-04-23 10:46:02 [@b60d4e234048]
Externo #1: Executar queuedwebhook
2026-04-23 10:46:02 [@b60d4e234048]
Externo #2: Executar pendingreason_autobump_autosolve
2026-04-23 10:48:03 [@b60d4e234048]
Externo #1: Executar queuedwebhook
2026-04-23 10:50:02 [@b60d4e234048]
Externo #1: Executar queuedwebhook
2026-04-23 10:52:02 [@b60d4e234048]
Externo #1: Executar queuedwebhook
2026-04-23 10:54:03 [@b60d4e234048]
Externo #1: Executar queuedwebhook
2026-04-23 10:56:03 [@b60d4e234048]
Externo #1: Executar queuedwebhook
2026-04-23 10:58:03 [@b60d4e234048]
Externo #1: Executar queuedwebhook
2026-04-23 11:00:03 [@b60d4e234048]
Externo #1: Executar queuedwebhook
2026-04-23 11:02:06 [@b60d4e234048]
Externo #1: Executar queuedwebhook
2026-04-23 11:04:02 [@b60d4e234048]
Externo #1: Executar queuedwebhook
2026-04-23 11:06:02 [@b60d4e234048]
Externo #1: Executar queuedwebhook
2026-04-23 11:08:03 [@b60d4e234048]
Externo #1: Executar queuedwebhook
2026-04-23 11:10:01 [@b60d4e234048]
Externo #1: Executar queuedwebhook
2026-04-23 11:12:04 [@b60d4e234048]
Externo #1: Executar queuedwebhook
2026-04-23 11:14:02 [@b60d4e234048]
Externo #1: Executar queuedwebhook
2026-04-23 11:16:02 [@b60d4e234048]
Externo #1: Executar queuedwebhook
2026-04-23 11:16:02 [@b60d4e234048]
Externo #2: Executar pendingreason_autobump_autosolve
2026-04-23 11:18:03 [@b60d4e234048]
Externo #1: Executar queuedwebhook
2026-04-23 11:20:02 [@b60d4e234048]
Externo #1: Executar queuedwebhook
2026-04-23 11:22:02 [@b60d4e234048]
Externo #1: Executar queuedwebhook
2026-04-23 11:24:02 [@b60d4e234048]
Externo #1: Executar queuedwebhook
2026-04-23 11:26:02 [@b60d4e234048]
Externo #1: Executar queuedwebhook
2026-04-23 11:28:03 [@b60d4e234048]
Externo #1: Executar queuedwebhook
2026-04-23 11:30:02 [@b60d4e234048]
Externo #1: Executar queuedwebhook
2026-04-23 11:32:02 [@b60d4e234048]
Externo #1: Executar queuedwebhook
2026-04-23 11:34:02 [@b60d4e234048]
Externo #1: Executar queuedwebhook
2026-04-23 11:36:02 [@b60d4e234048]
Externo #1: Executar queuedwebhook
2026-04-23 11:38:02 [@b60d4e234048]
Externo #1: Executar queuedwebhook
2026-04-23 11:40:02 [@b60d4e234048]
Externo #1: Executar queuedwebhook
2026-04-23 11:42:02 [@b60d4e234048]
Externo #1: Executar queuedwebhook
2026-04-23 11:44:02 [@b60d4e234048]
Externo #1: Executar queuedwebhook
2026-04-23 11:46:02 [@b60d4e234048]
Externo #1: Executar queuedwebhook
2026-04-23 11:46:02 [@b60d4e234048]
Externo #2: Executar pendingreason_autobump_autosolve
2026-04-23 11:48:02 [@b60d4e234048]
Externo #1: Executar queuedwebhook
2026-04-23 11:50:02 [@b60d4e234048]
Externo #1: Executar queuedwebhook
2026-04-23 11:52:02 [@b60d4e234048]
Externo #1: Executar queuedwebhook
2026-04-23 11:54:06 [@b60d4e234048]
Externo #1: Executar queuedwebhook
2026-04-23 11:56:02 [@b60d4e234048]
Externo #1: Executar queuedwebhook
2026-04-23 11:58:01 [@b60d4e234048]
Externo #1: Executar queuedwebhook
2026-04-23 12:00:01 [@b60d4e234048]
Externo #1: Executar queuedwebhook
2026-04-23 12:02:02 [@b60d4e234048]
Externo #1: Executar queuedwebhook
2026-04-23 12:04:03 [@b60d4e234048]
Externo #1: Executar queuedwebhook
2026-04-23 12:06:01 [@b60d4e234048]
Externo #1: Executar queuedwebhook
2026-04-23 12:08:02 [@b60d4e234048]
Externo #1: Executar queuedwebhook
2026-04-23 12:10:02 [@b60d4e234048]
Externo #1: Executar queuedwebhook
2026-04-23 12:12:02 [@b60d4e234048]
Externo #1: Executar queuedwebhook
2026-04-23 12:14:03 [@b60d4e234048]
Externo #1: Executar queuedwebhook
2026-04-23 12:16:02 [@b60d4e234048]
Externo #1: Executar queuedwebhook
2026-04-23 12:16:02 [@b60d4e234048]
Externo #2: Executar pendingreason_autobump_autosolve
2026-04-23 12:18:02 [@b60d4e234048]
Externo #1: Executar queuedwebhook
2026-04-23 12:20:02 [@b60d4e234048]
Externo #1: Executar queuedwebhook
2026-04-23 12:22:02 [@b60d4e234048]
Externo #1: Executar queuedwebhook
2026-04-23 12:24:04 [@b60d4e234048]
Externo #1: Executar queuedwebhook
2026-04-23 12:26:02 [@b60d4e234048]
Externo #1: Executar queuedwebhook
2026-04-23 12:28:03 [@b60d4e234048]
Externo #1: Executar queuedwebhook
2026-04-23 12:30:01 [@b60d4e234048]
Externo #1: Executar queuedwebhook
2026-04-23 12:32:01 [@b60d4e234048]
Externo #1: Executar queuedwebhook
2026-04-23 12:34:02 [@b60d4e234048]
Externo #1: Executar queuedwebhook
2026-04-23 12:36:01 [@b60d4e234048]
Externo #1: Executar queuedwebhook
2026-04-23 12:38:02 [@b60d4e234048]
Externo #1: Executar queuedwebhook
2026-04-23 12:40:02 [@b60d4e234048]
Externo #1: Executar queuedwebhook
2026-04-23 12:42:02 [@b60d4e234048]
Externo #1: Executar queuedwebhook
2026-04-23 12:44:03 [@b60d4e234048]
Externo #1: Executar queuedwebhook
2026-04-23 12:46:02 [@b60d4e234048]
Externo #1: Executar queuedwebhook
2026-04-23 12:46:02 [@b60d4e234048]
Externo #2: Executar pendingreason_autobump_autosolve
2026-04-23 12:48:02 [@b60d4e234048]
Externo #1: Executar queuedwebhook
2026-04-23 12:50:02 [@b60d4e234048]
Externo #1: Executar queuedwebhook
2026-04-23 12:52:01 [@b60d4e234048]
Externo #1: Executar queuedwebhook
2026-04-23 12:54:02 [@b60d4e234048]
Externo #1: Executar queuedwebhook
2026-04-23 12:56:01 [@b60d4e234048]
Externo #1: Executar queuedwebhook
2026-04-23 12:58:02 [@b60d4e234048]
Externo #1: Executar queuedwebhook
2026-04-23 13:00:02 [@b60d4e234048]
Externo #1: Executar queuedwebhook
2026-04-23 13:02:02 [@b60d4e234048]
Externo #1: Executar queuedwebhook
2026-04-23 13:04:01 [@b60d4e234048]
Externo #1: Executar queuedwebhook
2026-04-23 13:06:02 [@b60d4e234048]
Externo #1: Executar queuedwebhook
2026-04-23 13:08:02 [@b60d4e234048]
Externo #1: Executar queuedwebhook
2026-04-23 13:10:02 [@b60d4e234048]
Externo #1: Executar queuedwebhook
2026-04-23 13:12:02 [@b60d4e234048]
Externo #1: Executar queuedwebhook
2026-04-23 13:14:02 [@b60d4e234048]
Externo #1: Executar queuedwebhook
2026-04-23 13:16:02 [@b60d4e234048]
Externo #1: Executar queuedwebhook
2026-04-23 13:16:02 [@b60d4e234048]
Externo #2: Executar pendingreason_autobump_autosolve
2026-04-23 13:18:02 [@b60d4e234048]
Externo #1: Executar queuedwebhook
2026-04-23 13:20:02 [@b60d4e234048]
Externo #1: Executar queuedwebhook
2026-04-23 13:22:02 [@b60d4e234048]
Externo #1: Executar queuedwebhook
2026-04-23 13:24:02 [@b60d4e234048]
Externo #1: Executar queuedwebhook
2026-04-23 13:26:02 [@b60d4e234048]
Externo #1: Executar queuedwebhook
2026-04-23 13:28:02 [@b60d4e234048]
Externo #1: Executar queuedwebhook
2026-04-23 13:30:02 [@b60d4e234048]
Externo #1: Executar queuedwebhook
2026-04-23 13:32:02 [@b60d4e234048]
Externo #1: Executar queuedwebhook
2026-04-23 13:34:02 [@b60d4e234048]
Externo #1: Executar queuedwebhook
2026-04-23 13:36:02 [@b60d4e234048]
Externo #1: Executar queuedwebhook
2026-04-23 13:38:02 [@b60d4e234048]
Externo #1: Executar queuedwebhook
2026-04-23 13:40:01 [@b60d4e234048]
Externo #1: Executar queuedwebhook
2026-04-23 13:42:01 [@b60d4e234048]
Externo #1: Executar queuedwebhook
2026-04-23 13:44:01 [@b60d4e234048]
Externo #1: Executar queuedwebhook
2026-04-23 13:46:01 [@b60d4e234048]
Externo #1: Executar queuedwebhook
2026-04-23 13:46:01 [@b60d4e234048]
Externo #2: Executar pendingreason_autobump_autosolve
2026-04-23 13:48:01 [@b60d4e234048]
Externo #1: Executar queuedwebhook
2026-04-23 13:50:01 [@b60d4e234048]
Externo #1: Executar queuedwebhook
2026-04-23 13:52:01 [@b60d4e234048]
Externo #1: Executar queuedwebhook
2026-04-23 13:54:01 [@b60d4e234048]
Externo #1: Executar queuedwebhook
2026-04-23 13:56:01 [@b60d4e234048]
Externo #1: Executar queuedwebhook
2026-04-23 13:58:01 [@b60d4e234048]
Externo #1: Executar queuedwebhook
2026-04-23 14:00:01 [@b60d4e234048]
Externo #1: Executar queuedwebhook
2026-04-23 14:02:01 [@b60d4e234048]
Externo #1: Executar queuedwebhook
2026-04-23 14:04:01 [@b60d4e234048]
Externo #1: Executar queuedwebhook
2026-04-23 14:06:01 [@b60d4e234048]
Externo #1: Executar queuedwebhook
2026-04-23 14:08:01 [@b60d4e234048]
Externo #1: Executar queuedwebhook
2026-04-23 14:10:02 [@b60d4e234048]
Externo #1: Executar queuedwebhook
2026-04-23 14:12:02 [@b60d4e234048]
Externo #1: Executar queuedwebhook
2026-04-23 14:14:01 [@b60d4e234048]
Externo #1: Executar queuedwebhook
2026-04-23 14:16:01 [@b60d4e234048]
Externo #1: Executar queuedwebhook
2026-04-23 14:16:01 [@b60d4e234048]
Externo #2: Executar pendingreason_autobump_autosolve
2026-04-23 14:18:01 [@b60d4e234048]
Externo #1: Executar queuedwebhook
2026-04-23 14:20:02 [@b60d4e234048]
Externo #1: Executar queuedwebhook
2026-04-23 14:22:02 [@b60d4e234048]
Externo #1: Executar queuedwebhook
2026-04-23 14:24:02 [@b60d4e234048]
Externo #1: Executar queuedwebhook
2026-04-23 14:26:01 [@b60d4e234048]
Externo #1: Executar queuedwebhook
2026-04-23 14:28:02 [@b60d4e234048]
Externo #1: Executar queuedwebhook
2026-04-23 14:30:02 [@b60d4e234048]
Externo #1: Executar queuedwebhook
2026-04-23 14:32:01 [@b60d4e234048]
Externo #1: Executar queuedwebhook
2026-04-23 14:34:02 [@b60d4e234048]
Externo #1: Executar queuedwebhook
2026-04-23 14:36:02 [@b60d4e234048]
Externo #1: Executar queuedwebhook
2026-04-23 14:38:01 [@b60d4e234048]
Externo #1: Executar queuedwebhook
2026-04-23 14:40:02 [@b60d4e234048]
Externo #1: Executar queuedwebhook
2026-04-23 14:42:02 [@b60d4e234048]
Externo #1: Executar queuedwebhook
2026-04-23 14:44:02 [@b60d4e234048]
Externo #1: Executar queuedwebhook
2026-04-23 14:46:02 [@b60d4e234048]
Externo #1: Executar queuedwebhook
2026-04-23 14:46:02 [@b60d4e234048]
Externo #2: Executar pendingreason_autobump_autosolve
2026-04-23 14:48:02 [@b60d4e234048]
Externo #1: Executar queuedwebhook
2026-04-23 14:50:02 [@b60d4e234048]
Externo #1: Executar queuedwebhook
2026-04-23 14:52:02 [@b60d4e234048]
Externo #1: Executar queuedwebhook
2026-04-23 14:54:02 [@b60d4e234048]
Externo #1: Executar queuedwebhook
2026-04-23 14:56:02 [@b60d4e234048]
Externo #1: Executar queuedwebhook
2026-04-23 14:58:02 [@b60d4e234048]
Externo #1: Executar queuedwebhook
2026-04-23 15:00:02 [@b60d4e234048]
Externo #1: Executar queuedwebhook
2026-04-23 15:02:02 [@b60d4e234048]
Externo #1: Executar queuedwebhook
2026-04-23 15:04:02 [@b60d4e234048]
Externo #1: Executar queuedwebhook
2026-04-23 15:06:02 [@b60d4e234048]
Externo #1: Executar queuedwebhook
2026-04-23 15:08:02 [@b60d4e234048]
Externo #1: Executar queuedwebhook
2026-04-23 15:10:01 [@b60d4e234048]
Externo #1: Executar queuedwebhook
2026-04-23 15:12:01 [@b60d4e234048]
Externo #1: Executar queuedwebhook
2026-04-23 15:14:01 [@b60d4e234048]
Externo #1: Executar queuedwebhook
2026-04-23 15:16:01 [@b60d4e234048]
Externo #1: Executar queuedwebhook
2026-04-23 15:16:01 [@b60d4e234048]
Externo #2: Executar pendingreason_autobump_autosolve
2026-04-23 15:18:01 [@b60d4e234048]
Externo #1: Executar queuedwebhook
2026-04-23 15:20:01 [@b60d4e234048]
Externo #1: Executar queuedwebhook
2026-04-23 15:22:01 [@b60d4e234048]
Externo #1: Executar queuedwebhook
2026-04-23 15:24:01 [@b60d4e234048]
Externo #1: Executar queuedwebhook
2026-04-23 15:26:01 [@b60d4e234048]
Externo #1: Executar queuedwebhook
2026-04-23 15:28:01 [@b60d4e234048]
Externo #1: Executar queuedwebhook
2026-04-23 15:30:01 [@b60d4e234048]
Externo #1: Executar queuedwebhook
2026-04-23 15:32:01 [@b60d4e234048]
Externo #1: Executar queuedwebhook
2026-04-23 15:34:01 [@b60d4e234048]
Externo #1: Executar queuedwebhook
2026-04-23 15:36:01 [@b60d4e234048]
Externo #1: Executar queuedwebhook
2026-04-23 15:38:01 [@b60d4e234048]
Externo #1: Executar queuedwebhook
2026-04-23 15:40:01 [@b60d4e234048]
Externo #1: Executar queuedwebhook
2026-04-23 15:42:01 [@b60d4e234048]
Externo #1: Executar queuedwebhook
2026-04-23 15:44:01 [@b60d4e234048]
Externo #1: Executar queuedwebhook
2026-04-23 15:46:01 [@b60d4e234048]
Externo #1: Executar queuedwebhook
2026-04-23 15:46:01 [@b60d4e234048]
Externo #2: Executar pendingreason_autobump_autosolve
2026-04-23 15:48:01 [@b60d4e234048]
Externo #1: Executar queuedwebhook
2026-04-23 15:50:02 [@b60d4e234048]
Externo #1: Executar queuedwebhook
2026-04-23 15:52:02 [@b60d4e234048]
Externo #1: Executar queuedwebhook
2026-04-23 15:54:01 [@b60d4e234048]
Externo #1: Executar queuedwebhook
2026-04-23 15:56:02 [@b60d4e234048]
Externo #1: Executar queuedwebhook
2026-04-23 15:58:02 [@b60d4e234048]
Externo #1: Executar queuedwebhook
2026-04-23 16:00:01 [@b60d4e234048]
Externo #1: Executar queuedwebhook
2026-04-23 16:02:01 [@b60d4e234048]
Externo #1: Executar queuedwebhook
2026-04-23 16:04:01 [@b60d4e234048]
Externo #1: Executar queuedwebhook
2026-04-23 16:06:02 [@b60d4e234048]
Externo #1: Executar queuedwebhook
2026-04-23 16:08:01 [@b60d4e234048]
Externo #1: Executar queuedwebhook
2026-04-23 16:10:02 [@b60d4e234048]
Externo #1: Executar queuedwebhook
2026-04-23 16:12:45 [@b60d4e234048]
Externo #1: Executar queuedwebhook
2026-04-23 16:14:03 [@b60d4e234048]
Externo #1: Executar queuedwebhook
2026-04-23 16:16:09 [@b60d4e234048]
Externo #1: Executar queuedwebhook
2026-04-23 16:16:10 [@b60d4e234048]
Externo #2: Executar pendingreason_autobump_autosolve
2026-04-23 16:18:04 [@b60d4e234048]
Externo #1: Executar queuedwebhook
2026-04-23 16:20:08 [@b60d4e234048]
Externo #1: Executar queuedwebhook
2026-04-23 16:22:03 [@b60d4e234048]
Externo #1: Executar queuedwebhook
2026-04-23 16:24:03 [@b60d4e234048]
Externo #1: Executar queuedwebhook
2026-04-23 16:26:03 [@b60d4e234048]
Externo #1: Executar queuedwebhook
2026-04-23 16:28:02 [@b60d4e234048]
Externo #1: Executar queuedwebhook
2026-04-23 16:30:03 [@b60d4e234048]
Externo #1: Executar queuedwebhook
2026-04-23 16:32:20 [@b60d4e234048]
Externo #1: Executar queuedwebhook
2026-04-23 16:34:02 [@b60d4e234048]
Externo #1: Executar queuedwebhook
2026-04-23 16:36:03 [@b60d4e234048]
Externo #1: Executar queuedwebhook
2026-04-23 16:38:03 [@b60d4e234048]
Externo #1: Executar queuedwebhook
2026-04-23 16:40:01 [@b60d4e234048]
Externo #1: Executar queuedwebhook
2026-04-23 16:42:01 [@b60d4e234048]
Externo #1: Executar queuedwebhook
2026-04-23 16:44:07 [@b60d4e234048]
Externo #1: Executar queuedwebhook
2026-04-23 16:46:04 [@b60d4e234048]
Externo #1: Executar queuedwebhook
2026-04-23 16:46:04 [@b60d4e234048]
Externo #2: Executar pendingreason_autobump_autosolve
2026-04-23 16:48:01 [@b60d4e234048]
Externo #1: Executar queuedwebhook
2026-04-23 16:50:02 [@b60d4e234048]
Externo #1: Executar queuedwebhook
2026-04-23 16:52:06 [@b60d4e234048]
Externo #1: Executar queuedwebhook
2026-04-23 16:54:05 [@b60d4e234048]
Externo #1: Executar queuedwebhook
2026-04-23 16:56:02 [@b60d4e234048]
Externo #1: Executar queuedwebhook
2026-04-23 16:58:01 [@b60d4e234048]
Externo #1: Executar queuedwebhook
2026-04-23 17:00:01 [@b60d4e234048]
Externo #1: Executar queuedwebhook
2026-04-23 17:02:02 [@b60d4e234048]
Externo #1: Executar queuedwebhook
2026-04-23 17:04:01 [@b60d4e234048]
Externo #1: Executar queuedwebhook
2026-04-23 17:06:01 [@b60d4e234048]
Externo #1: Executar queuedwebhook
2026-04-23 17:08:01 [@b60d4e234048]
Externo #1: Executar queuedwebhook
2026-04-23 17:10:01 [@b60d4e234048]
Externo #1: Executar queuedwebhook
2026-04-23 17:12:01 [@b60d4e234048]
Externo #1: Executar queuedwebhook
2026-04-23 17:14:01 [@b60d4e234048]
Externo #1: Executar queuedwebhook
2026-04-23 17:16:01 [@b60d4e234048]
Externo #1: Executar queuedwebhook
2026-04-23 17:16:01 [@b60d4e234048]
Externo #2: Executar pendingreason_autobump_autosolve
2026-04-23 17:18:01 [@b60d4e234048]
Externo #1: Executar queuedwebhook
2026-04-23 17:20:02 [@b60d4e234048]
Externo #1: Executar queuedwebhook
2026-04-23 17:22:01 [@b60d4e234048]
Externo #1: Executar queuedwebhook
2026-04-23 17:24:02 [@b60d4e234048]
Externo #1: Executar queuedwebhook
2026-04-23 17:26:01 [@b60d4e234048]
Externo #1: Executar queuedwebhook
2026-04-23 17:28:01 [@b60d4e234048]
Externo #1: Executar queuedwebhook
2026-04-23 17:30:01 [@b60d4e234048]
Externo #1: Executar queuedwebhook
2026-04-23 17:32:01 [@b60d4e234048]
Externo #1: Executar queuedwebhook
2026-04-23 17:34:01 [@b60d4e234048]
Externo #1: Executar queuedwebhook
2026-04-23 17:36:01 [@b60d4e234048]
Externo #1: Executar queuedwebhook
2026-04-23 17:38:01 [@b60d4e234048]
Externo #1: Executar queuedwebhook
2026-04-23 17:40:02 [@b60d4e234048]
Externo #1: Executar queuedwebhook
2026-04-23 17:42:02 [@b60d4e234048]
Externo #1: Executar queuedwebhook
2026-04-23 17:44:02 [@b60d4e234048]
Externo #1: Executar queuedwebhook
2026-04-23 17:46:01 [@b60d4e234048]
Externo #1: Executar queuedwebhook
2026-04-23 17:46:01 [@b60d4e234048]
Externo #2: Executar pendingreason_autobump_autosolve
2026-04-23 17:48:01 [@b60d4e234048]
Externo #1: Executar queuedwebhook
2026-04-23 17:50:01 [@b60d4e234048]
Externo #1: Executar queuedwebhook
2026-04-23 17:52:02 [@b60d4e234048]
Externo #1: Executar queuedwebhook
2026-04-23 17:54:01 [@b60d4e234048]
Externo #1: Executar queuedwebhook
2026-04-23 17:56:01 [@b60d4e234048]
Externo #1: Executar queuedwebhook
2026-04-23 17:58:01 [@b60d4e234048]
Externo #1: Executar queuedwebhook
2026-04-23 18:00:01 [@b60d4e234048]
Externo #1: Executar queuedwebhook
2026-04-23 18:02:01 [@b60d4e234048]
Externo #1: Executar queuedwebhook
2026-04-23 18:04:01 [@b60d4e234048]
Externo #1: Executar queuedwebhook
2026-04-23 18:06:01 [@b60d4e234048]
Externo #1: Executar queuedwebhook
2026-04-23 18:08:01 [@b60d4e234048]
Externo #1: Executar queuedwebhook
2026-04-23 18:10:01 [@b60d4e234048]
Externo #1: Executar queuedwebhook
2026-04-23 18:12:02 [@b60d4e234048]
Externo #1: Executar queuedwebhook
2026-04-23 18:14:01 [@b60d4e234048]
Externo #1: Executar queuedwebhook
2026-04-23 18:16:01 [@b60d4e234048]
Externo #1: Executar queuedwebhook
2026-04-23 18:16:01 [@b60d4e234048]
Externo #2: Executar pendingreason_autobump_autosolve
2026-04-23 18:18:01 [@b60d4e234048]
Externo #1: Executar queuedwebhook
2026-04-23 18:20:01 [@b60d4e234048]
Externo #1: Executar queuedwebhook
2026-04-23 18:22:01 [@b60d4e234048]
Externo #1: Executar queuedwebhook
2026-04-23 18:24:01 [@b60d4e234048]
Externo #1: Executar queuedwebhook
2026-04-23 18:26:01 [@b60d4e234048]
Externo #1: Executar queuedwebhook
2026-04-23 18:28:01 [@b60d4e234048]
Externo #1: Executar queuedwebhook
2026-04-23 18:30:01 [@b60d4e234048]
Externo #1: Executar queuedwebhook
2026-04-23 18:32:01 [@b60d4e234048]
Externo #1: Executar queuedwebhook
2026-04-23 18:34:02 [@b60d4e234048]
Externo #1: Executar queuedwebhook
2026-04-23 18:36:02 [@b60d4e234048]
Externo #1: Executar queuedwebhook
2026-04-23 18:38:02 [@b60d4e234048]
Externo #1: Executar queuedwebhook
2026-04-23 18:40:02 [@b60d4e234048]
Externo #1: Executar queuedwebhook
2026-04-23 18:42:02 [@b60d4e234048]
Externo #1: Executar queuedwebhook
2026-04-23 18:44:02 [@b60d4e234048]
Externo #1: Executar queuedwebhook
2026-04-23 18:46:02 [@b60d4e234048]
Externo #1: Executar queuedwebhook
2026-04-23 18:46:02 [@b60d4e234048]
Externo #2: Executar pendingreason_autobump_autosolve
2026-04-23 18:48:02 [@b60d4e234048]
Externo #1: Executar queuedwebhook
2026-04-23 18:50:02 [@b60d4e234048]
Externo #1: Executar queuedwebhook
2026-04-23 18:52:02 [@b60d4e234048]
Externo #1: Executar queuedwebhook
2026-04-23 18:54:02 [@b60d4e234048]
Externo #1: Executar queuedwebhook
2026-04-23 18:56:02 [@b60d4e234048]
Externo #1: Executar queuedwebhook
2026-04-23 18:58:02 [@b60d4e234048]
Externo #1: Executar queuedwebhook
2026-04-23 19:00:02 [@b60d4e234048]
Externo #1: Executar queuedwebhook
2026-04-23 19:12:31 [@b60d4e234048]
Externo #1: Executar queuedwebhook
2026-04-23 19:14:01 [@b60d4e234048]
Externo #1: Executar queuedwebhook
2026-04-23 19:16:02 [@b60d4e234048]
Externo #1: Executar queuedwebhook
2026-04-23 19:16:02 [@b60d4e234048]
Externo #2: Executar pendingreason_autobump_autosolve
2026-04-23 19:18:02 [@b60d4e234048]
Externo #1: Executar queuedwebhook
2026-04-23 19:20:02 [@b60d4e234048]
Externo #1: Executar queuedwebhook
2026-04-23 19:22:02 [@b60d4e234048]
Externo #1: Executar queuedwebhook
2026-04-23 19:24:05 [@b60d4e234048]
Externo #1: Executar queuedwebhook
2026-04-23 19:26:02 [@b60d4e234048]
Externo #1: Executar queuedwebhook
2026-04-23 19:28:01 [@b60d4e234048]
Externo #1: Executar queuedwebhook
2026-04-23 19:30:01 [@b60d4e234048]
Externo #1: Executar queuedwebhook
2026-04-23 19:32:01 [@b60d4e234048]
Externo #1: Executar queuedwebhook
2026-04-23 19:34:01 [@b60d4e234048]
Externo #1: Executar queuedwebhook
2026-04-23 19:36:01 [@b60d4e234048]
Externo #1: Executar queuedwebhook
2026-04-23 19:38:02 [@b60d4e234048]
Externo #1: Executar queuedwebhook
2026-04-23 19:40:01 [@b60d4e234048]
Externo #1: Executar queuedwebhook
2026-04-23 19:42:01 [@b60d4e234048]
Externo #1: Executar queuedwebhook
2026-04-23 19:44:01 [@b60d4e234048]
Externo #1: Executar queuedwebhook
2026-04-23 19:46:01 [@b60d4e234048]
Externo #1: Executar queuedwebhook
2026-04-23 19:46:01 [@b60d4e234048]
Externo #2: Executar pendingreason_autobump_autosolve
2026-04-23 19:48:01 [@b60d4e234048]
Externo #1: Executar queuedwebhook
2026-04-23 19:50:01 [@b60d4e234048]
Externo #1: Executar queuedwebhook
2026-04-23 19:52:01 [@b60d4e234048]
Externo #1: Executar queuedwebhook
2026-04-23 19:54:01 [@b60d4e234048]
Externo #1: Executar queuedwebhook
2026-04-23 19:56:01 [@b60d4e234048]
Externo #1: Executar queuedwebhook
2026-04-23 19:58:01 [@b60d4e234048]
Externo #1: Executar queuedwebhook
2026-04-23 20:00:01 [@b60d4e234048]
Externo #1: Executar queuedwebhook
2026-04-23 20:02:02 [@b60d4e234048]
Externo #1: Executar queuedwebhook
2026-04-23 20:04:01 [@b60d4e234048]
Externo #1: Executar queuedwebhook
2026-04-23 20:06:01 [@b60d4e234048]
Externo #1: Executar queuedwebhook
2026-04-23 20:08:01 [@b60d4e234048]
Externo #1: Executar queuedwebhook
2026-04-23 20:10:02 [@b60d4e234048]
Externo #1: Executar queuedwebhook
2026-04-23 20:12:02 [@b60d4e234048]
Externo #1: Executar queuedwebhook
2026-04-23 20:14:02 [@b60d4e234048]
Externo #1: Executar queuedwebhook
2026-04-23 20:16:02 [@b60d4e234048]
Externo #1: Executar queuedwebhook
2026-04-23 20:16:02 [@b60d4e234048]
Externo #2: Executar pendingreason_autobump_autosolve
2026-04-23 20:18:02 [@b60d4e234048]
Externo #1: Executar queuedwebhook
2026-04-23 20:20:02 [@b60d4e234048]
Externo #1: Executar queuedwebhook
2026-04-23 20:22:02 [@b60d4e234048]
Externo #1: Executar queuedwebhook
2026-04-23 20:24:02 [@b60d4e234048]
Externo #1: Executar queuedwebhook
2026-04-23 20:26:02 [@b60d4e234048]
Externo #1: Executar queuedwebhook
2026-04-23 20:28:03 [@b60d4e234048]
Externo #1: Executar queuedwebhook
2026-04-24 15:00:55 [@b60d4e234048]
Externo #1: Executar queuedwebhook
2026-04-24 15:00:56 [@b60d4e234048]
Externo #2: Executar pendingreason_autobump_autosolve
2026-04-24 15:01:02 [@b60d4e234048]
Externo #3: Executar DomainsAlert
2026-04-24 15:01:02 [@b60d4e234048]
Externo #4: Executar createinquest
2026-04-24 15:01:06 [@b60d4e234048]
Externo #5: Executar purgedraftforms
2026-04-24 15:02:12 [@b60d4e234048]
Externo #1: Executar queuedwebhook
2026-04-24 15:04:08 [@b60d4e234048]
Externo #1: Executar queuedwebhook
2026-04-24 15:06:03 [@b60d4e234048]
Externo #1: Executar queuedwebhook
2026-04-24 15:08:04 [@b60d4e234048]
Externo #1: Executar queuedwebhook
2026-04-24 15:10:02 [@b60d4e234048]
Externo #1: Executar queuedwebhook
2026-04-24 15:12:02 [@b60d4e234048]
Externo #1: Executar queuedwebhook
2026-04-24 15:14:04 [@b60d4e234048]
Externo #1: Executar queuedwebhook
2026-04-24 15:16:02 [@b60d4e234048]
Externo #1: Executar queuedwebhook
2026-04-24 15:18:04 [@b60d4e234048]
Externo #1: Executar queuedwebhook
2026-04-24 15:20:02 [@b60d4e234048]
Externo #1: Executar queuedwebhook
2026-04-24 15:22:02 [@b60d4e234048]
Externo #1: Executar queuedwebhook
2026-04-24 15:24:02 [@b60d4e234048]
Externo #1: Executar queuedwebhook
2026-04-24 15:26:02 [@b60d4e234048]
Externo #1: Executar queuedwebhook
2026-04-24 15:28:02 [@b60d4e234048]
Externo #1: Executar queuedwebhook
2026-04-24 15:30:02 [@b60d4e234048]
Externo #1: Executar queuedwebhook
2026-04-24 15:30:02 [@b60d4e234048]
Externo #2: Executar pendingreason_autobump_autosolve
2026-04-24 15:32:02 [@b60d4e234048]
Externo #1: Executar queuedwebhook
2026-04-24 15:34:02 [@b60d4e234048]
Externo #1: Executar queuedwebhook
2026-04-24 15:36:02 [@b60d4e234048]
Externo #1: Executar queuedwebhook
2026-04-24 15:38:01 [@b60d4e234048]
Externo #1: Executar queuedwebhook
2026-04-24 15:40:02 [@b60d4e234048]
Externo #1: Executar queuedwebhook
2026-04-24 15:42:01 [@b60d4e234048]
Externo #1: Executar queuedwebhook
2026-04-24 15:44:01 [@b60d4e234048]
Externo #1: Executar queuedwebhook
2026-04-24 15:46:01 [@b60d4e234048]
Externo #1: Executar queuedwebhook
2026-04-24 15:48:01 [@b60d4e234048]
Externo #1: Executar queuedwebhook
2026-04-24 15:50:01 [@b60d4e234048]
Externo #1: Executar queuedwebhook
2026-04-24 15:52:01 [@b60d4e234048]
Externo #1: Executar queuedwebhook
2026-04-24 15:54:01 [@b60d4e234048]
Externo #1: Executar queuedwebhook
2026-04-24 15:56:01 [@b60d4e234048]
Externo #1: Executar queuedwebhook
2026-04-24 15:58:02 [@b60d4e234048]
Externo #1: Executar queuedwebhook
2026-04-24 16:00:01 [@b60d4e234048]
Externo #1: Executar queuedwebhook
2026-04-24 16:00:02 [@b60d4e234048]
Externo #2: Executar pendingreason_autobump_autosolve
2026-04-24 16:02:02 [@b60d4e234048]
Externo #1: Executar queuedwebhook
2026-04-24 16:04:02 [@b60d4e234048]
Externo #1: Executar queuedwebhook
2026-04-24 16:06:01 [@b60d4e234048]
Externo #1: Executar queuedwebhook
2026-04-24 16:08:01 [@b60d4e234048]
Externo #1: Executar queuedwebhook
2026-04-24 16:10:01 [@b60d4e234048]
Externo #1: Executar queuedwebhook
2026-04-24 16:12:01 [@b60d4e234048]
Externo #1: Executar queuedwebhook
2026-04-24 16:14:01 [@b60d4e234048]
Externo #1: Executar queuedwebhook
2026-04-24 16:16:02 [@b60d4e234048]
Externo #1: Executar queuedwebhook
2026-04-24 16:18:01 [@b60d4e234048]
Externo #1: Executar queuedwebhook
2026-04-24 16:20:01 [@b60d4e234048]
Externo #1: Executar queuedwebhook
2026-04-24 16:22:02 [@b60d4e234048]
Externo #1: Executar queuedwebhook
2026-04-27 08:28:05 [@b60d4e234048]
Externo #1: Executar queuedwebhook
2026-04-27 08:28:06 [@b60d4e234048]
Externo #2: Executar pendingreason_autobump_autosolve
2026-04-27 08:28:06 [@b60d4e234048]
Externo #3: Executar DomainsAlert
2026-04-27 08:28:06 [@b60d4e234048]
Externo #4: Executar createinquest
2026-04-27 08:28:06 [@b60d4e234048]
Externo #5: Executar purgedraftforms
2026-04-27 08:30:10 [@b60d4e234048]
Externo #1: Executar queuedwebhook
2026-04-27 08:32:06 [@b60d4e234048]
Externo #1: Executar queuedwebhook
2026-04-27 08:34:03 [@b60d4e234048]
Externo #1: Executar queuedwebhook
2026-04-27 08:36:03 [@b60d4e234048]
Externo #1: Executar queuedwebhook
2026-04-27 08:38:04 [@b60d4e234048]
Externo #1: Executar queuedwebhook
2026-04-27 08:40:04 [@b60d4e234048]
Externo #1: Executar queuedwebhook
2026-04-27 08:42:03 [@b60d4e234048]
Externo #1: Executar queuedwebhook
2026-04-27 08:44:05 [@b60d4e234048]
Externo #1: Executar queuedwebhook
2026-04-27 08:46:04 [@b60d4e234048]
Externo #1: Executar queuedwebhook
2026-04-27 08:48:03 [@b60d4e234048]
Externo #1: Executar queuedwebhook
2026-04-27 08:50:03 [@b60d4e234048]
Externo #1: Executar queuedwebhook
2026-04-27 08:52:01 [@b60d4e234048]
Externo #1: Executar queuedwebhook
2026-04-27 08:54:03 [@b60d4e234048]
Externo #1: Executar queuedwebhook
2026-04-27 08:56:03 [@b60d4e234048]
Externo #1: Executar queuedwebhook
2026-04-27 08:58:02 [@b60d4e234048]
Externo #1: Executar queuedwebhook
2026-04-27 08:58:02 [@b60d4e234048]
Externo #2: Executar pendingreason_autobump_autosolve
2026-04-27 09:00:05 [@b60d4e234048]
Externo #1: Executar queuedwebhook
2026-04-27 09:02:03 [@b60d4e234048]
Externo #1: Executar queuedwebhook
2026-04-27 09:04:02 [@b60d4e234048]
Externo #1: Executar queuedwebhook
2026-04-27 09:06:13 [@b60d4e234048]
Externo #1: Executar queuedwebhook
2026-04-27 09:08:03 [@b60d4e234048]
Externo #1: Executar queuedwebhook
2026-04-27 09:10:04 [@b60d4e234048]
Externo #1: Executar queuedwebhook
2026-04-27 09:12:03 [@b60d4e234048]
Externo #1: Executar queuedwebhook
2026-04-27 09:14:02 [@b60d4e234048]
Externo #1: Executar queuedwebhook
2026-04-27 09:16:05 [@b60d4e234048]
Externo #1: Executar queuedwebhook
2026-04-27 09:18:03 [@b60d4e234048]
Externo #1: Executar queuedwebhook
2026-04-27 09:20:07 [@b60d4e234048]
Externo #1: Executar queuedwebhook
2026-04-27 09:22:04 [@b60d4e234048]
Externo #1: Executar queuedwebhook
2026-04-27 09:24:04 [@b60d4e234048]
Externo #1: Executar queuedwebhook
2026-04-27 09:26:04 [@b60d4e234048]
Externo #1: Executar queuedwebhook
2026-04-27 09:28:03 [@b60d4e234048]
Externo #1: Executar queuedwebhook
2026-04-27 09:28:03 [@b60d4e234048]
Externo #2: Executar pendingreason_autobump_autosolve
2026-04-27 09:30:08 [@b60d4e234048]
Externo #1: Executar queuedwebhook
2026-04-27 09:32:03 [@b60d4e234048]
Externo #1: Executar queuedwebhook
2026-04-27 09:34:04 [@b60d4e234048]
Externo #1: Executar queuedwebhook
2026-04-27 09:36:07 [@b60d4e234048]
Externo #1: Executar queuedwebhook
2026-04-27 09:38:04 [@b60d4e234048]
Externo #1: Executar queuedwebhook
2026-04-27 09:40:02 [@b60d4e234048]
Externo #1: Executar queuedwebhook
2026-04-27 09:42:04 [@b60d4e234048]
Externo #1: Executar queuedwebhook
2026-04-27 09:44:03 [@b60d4e234048]
Externo #1: Executar queuedwebhook
2026-04-27 09:46:02 [@b60d4e234048]
Externo #1: Executar queuedwebhook
2026-04-27 09:48:04 [@b60d4e234048]
Externo #1: Executar queuedwebhook
2026-04-27 09:50:03 [@b60d4e234048]
Externo #1: Executar queuedwebhook
2026-04-27 09:52:03 [@b60d4e234048]
Externo #1: Executar queuedwebhook
2026-04-27 09:54:04 [@b60d4e234048]
Externo #1: Executar queuedwebhook
2026-04-27 09:56:05 [@b60d4e234048]
Externo #1: Executar queuedwebhook
2026-04-27 09:58:08 [@b60d4e234048]
Externo #1: Executar queuedwebhook
2026-04-27 09:58:08 [@b60d4e234048]
Externo #2: Executar pendingreason_autobump_autosolve
2026-04-27 10:00:02 [@b60d4e234048]
Externo #1: Executar queuedwebhook
2026-04-27 10:02:02 [@b60d4e234048]
Externo #1: Executar queuedwebhook
2026-04-27 10:04:02 [@b60d4e234048]
Externo #1: Executar queuedwebhook
2026-04-27 10:06:03 [@b60d4e234048]
Externo #1: Executar queuedwebhook
2026-04-27 10:08:02 [@b60d4e234048]
Externo #1: Executar queuedwebhook
2026-04-27 10:10:02 [@b60d4e234048]
Externo #1: Executar queuedwebhook
2026-04-27 10:12:03 [@b60d4e234048]
Externo #1: Executar queuedwebhook
2026-04-27 10:14:02 [@b60d4e234048]
Externo #1: Executar queuedwebhook
2026-04-27 10:16:02 [@b60d4e234048]
Externo #1: Executar queuedwebhook
2026-04-27 10:18:03 [@b60d4e234048]
Externo #1: Executar queuedwebhook
2026-04-27 10:20:03 [@b60d4e234048]
Externo #1: Executar queuedwebhook
2026-04-27 10:22:03 [@b60d4e234048]
Externo #1: Executar queuedwebhook
2026-04-27 10:24:02 [@b60d4e234048]
Externo #1: Executar queuedwebhook
2026-04-27 10:26:02 [@b60d4e234048]
Externo #1: Executar queuedwebhook
2026-04-27 10:28:02 [@b60d4e234048]
Externo #1: Executar queuedwebhook
2026-04-27 10:28:02 [@b60d4e234048]
Externo #2: Executar pendingreason_autobump_autosolve
2026-04-27 10:30:02 [@b60d4e234048]
Externo #1: Executar queuedwebhook
2026-04-27 10:32:03 [@b60d4e234048]
Externo #1: Executar queuedwebhook
2026-04-27 10:34:02 [@b60d4e234048]
Externo #1: Executar queuedwebhook
2026-04-27 10:36:02 [@b60d4e234048]
Externo #1: Executar queuedwebhook
2026-04-27 10:38:03 [@b60d4e234048]
Externo #1: Executar queuedwebhook
2026-04-27 10:40:02 [@b60d4e234048]
Externo #1: Executar queuedwebhook
2026-04-27 10:42:02 [@b60d4e234048]
Externo #1: Executar queuedwebhook
2026-04-27 10:44:05 [@b60d4e234048]
Externo #1: Executar queuedwebhook
2026-04-27 10:46:02 [@b60d4e234048]
Externo #1: Executar queuedwebhook
2026-04-27 10:48:04 [@b60d4e234048]
Externo #1: Executar queuedwebhook
2026-04-27 10:50:04 [@b60d4e234048]
Externo #1: Executar queuedwebhook
2026-04-27 10:52:02 [@b60d4e234048]
Externo #1: Executar queuedwebhook
2026-04-27 10:54:26 [@b60d4e234048]
Externo #1: Executar queuedwebhook
2026-04-27 10:56:04 [@b60d4e234048]
Externo #1: Executar queuedwebhook
2026-04-27 10:58:05 [@b60d4e234048]
Externo #1: Executar queuedwebhook
2026-04-27 10:58:06 [@b60d4e234048]
Externo #2: Executar pendingreason_autobump_autosolve
2026-04-27 11:00:02 [@b60d4e234048]
Externo #1: Executar queuedwebhook
2026-04-27 11:02:03 [@b60d4e234048]
Externo #1: Executar queuedwebhook
2026-04-27 11:04:04 [@b60d4e234048]
Externo #1: Executar queuedwebhook
2026-04-27 11:06:03 [@b60d4e234048]
Externo #1: Executar queuedwebhook
2026-04-27 11:08:05 [@b60d4e234048]
Externo #1: Executar queuedwebhook
2026-04-27 11:10:05 [@b60d4e234048]
Externo #1: Executar queuedwebhook
2026-04-27 11:12:06 [@b60d4e234048]
Externo #1: Executar queuedwebhook
2026-04-27 11:14:03 [@b60d4e234048]
Externo #1: Executar queuedwebhook
2026-04-27 11:16:02 [@b60d4e234048]
Externo #1: Executar queuedwebhook
2026-04-27 11:18:03 [@b60d4e234048]
Externo #1: Executar queuedwebhook
2026-04-27 11:20:03 [@b60d4e234048]
Externo #1: Executar queuedwebhook
2026-04-27 11:22:03 [@b60d4e234048]
Externo #1: Executar queuedwebhook
2026-04-27 11:24:03 [@b60d4e234048]
Externo #1: Executar queuedwebhook
2026-04-27 11:26:02 [@b60d4e234048]
Externo #1: Executar queuedwebhook
2026-04-27 11:28:04 [@b60d4e234048]
Externo #1: Executar queuedwebhook
2026-04-27 11:28:04 [@b60d4e234048]
Externo #2: Executar pendingreason_autobump_autosolve
2026-04-27 11:30:03 [@b60d4e234048]
Externo #1: Executar queuedwebhook
2026-04-27 11:32:03 [@b60d4e234048]
Externo #1: Executar queuedwebhook
2026-04-27 11:34:02 [@b60d4e234048]
Externo #1: Executar queuedwebhook
2026-04-27 11:36:04 [@b60d4e234048]
Externo #1: Executar queuedwebhook
2026-04-27 11:38:02 [@b60d4e234048]
Externo #1: Executar queuedwebhook
2026-04-27 11:40:04 [@b60d4e234048]
Externo #1: Executar queuedwebhook
2026-04-27 11:42:04 [@b60d4e234048]
Externo #1: Executar queuedwebhook
2026-04-27 11:44:03 [@b60d4e234048]
Externo #1: Executar queuedwebhook
2026-04-27 11:46:03 [@b60d4e234048]
Externo #1: Executar queuedwebhook
2026-04-27 11:48:02 [@b60d4e234048]
Externo #1: Executar queuedwebhook
2026-04-27 11:50:05 [@b60d4e234048]
Externo #1: Executar queuedwebhook
2026-04-27 11:52:04 [@b60d4e234048]
Externo #1: Executar queuedwebhook
2026-04-27 11:54:04 [@b60d4e234048]
Externo #1: Executar queuedwebhook
2026-04-27 11:56:05 [@b60d4e234048]
Externo #1: Executar queuedwebhook
2026-04-27 11:58:05 [@b60d4e234048]
Externo #1: Executar queuedwebhook
2026-04-27 11:58:05 [@b60d4e234048]
Externo #2: Executar pendingreason_autobump_autosolve
2026-04-27 12:00:06 [@b60d4e234048]
Externo #1: Executar queuedwebhook
2026-04-27 12:02:03 [@b60d4e234048]
Externo #1: Executar queuedwebhook
2026-04-27 12:04:03 [@b60d4e234048]
Externo #1: Executar queuedwebhook
2026-04-27 12:06:03 [@b60d4e234048]
Externo #1: Executar queuedwebhook
2026-04-27 12:08:05 [@b60d4e234048]
Externo #1: Executar queuedwebhook
2026-04-27 12:10:03 [@b60d4e234048]
Externo #1: Executar queuedwebhook
2026-04-27 12:12:04 [@b60d4e234048]
Externo #1: Executar queuedwebhook
2026-04-27 12:14:03 [@b60d4e234048]
Externo #1: Executar queuedwebhook
2026-04-27 12:16:03 [@b60d4e234048]
Externo #1: Executar queuedwebhook
2026-04-27 12:18:04 [@b60d4e234048]
Externo #1: Executar queuedwebhook
2026-04-27 12:20:02 [@b60d4e234048]
Externo #1: Executar queuedwebhook
2026-04-27 12:22:02 [@b60d4e234048]
Externo #1: Executar queuedwebhook
2026-04-27 12:24:03 [@b60d4e234048]
Externo #1: Executar queuedwebhook
2026-04-27 12:26:07 [@b60d4e234048]
Externo #1: Executar queuedwebhook
2026-04-27 12:28:11 [@b60d4e234048]
Externo #1: Executar queuedwebhook
2026-04-27 12:28:11 [@b60d4e234048]
Externo #2: Executar pendingreason_autobump_autosolve
2026-04-27 12:30:03 [@b60d4e234048]
Externo #1: Executar queuedwebhook
2026-04-27 12:32:03 [@b60d4e234048]
Externo #1: Executar queuedwebhook
2026-04-27 12:34:04 [@b60d4e234048]
Externo #1: Executar queuedwebhook
2026-04-27 12:36:03 [@b60d4e234048]
Externo #1: Executar queuedwebhook
2026-04-27 12:38:02 [@b60d4e234048]
Externo #1: Executar queuedwebhook
2026-04-27 12:40:02 [@b60d4e234048]
Externo #1: Executar queuedwebhook
2026-04-27 12:42:03 [@b60d4e234048]
Externo #1: Executar queuedwebhook
2026-04-27 12:44:03 [@b60d4e234048]
Externo #1: Executar queuedwebhook
2026-04-27 12:46:03 [@b60d4e234048]
Externo #1: Executar queuedwebhook
2026-04-27 12:48:02 [@b60d4e234048]
Externo #1: Executar queuedwebhook
2026-04-27 12:50:02 [@b60d4e234048]
Externo #1: Executar queuedwebhook
2026-04-27 12:52:02 [@b60d4e234048]
Externo #1: Executar queuedwebhook
2026-04-27 12:54:02 [@b60d4e234048]
Externo #1: Executar queuedwebhook
2026-04-27 12:56:02 [@b60d4e234048]
Externo #1: Executar queuedwebhook
2026-04-27 12:58:05 [@b60d4e234048]
Externo #1: Executar queuedwebhook
2026-04-27 12:58:06 [@b60d4e234048]
Externo #2: Executar pendingreason_autobump_autosolve
2026-04-27 13:00:04 [@b60d4e234048]
Externo #1: Executar queuedwebhook
2026-04-27 13:02:04 [@b60d4e234048]
Externo #1: Executar queuedwebhook
2026-04-27 13:04:04 [@b60d4e234048]
Externo #1: Executar queuedwebhook
2026-04-27 13:06:02 [@b60d4e234048]
Externo #1: Executar queuedwebhook
2026-04-27 13:08:04 [@b60d4e234048]
Externo #1: Executar queuedwebhook
2026-04-27 13:10:07 [@b60d4e234048]
Externo #1: Executar queuedwebhook
2026-04-27 13:12:04 [@b60d4e234048]
Externo #1: Executar queuedwebhook
2026-04-27 13:14:04 [@b60d4e234048]
Externo #1: Executar queuedwebhook
2026-04-27 13:16:03 [@b60d4e234048]
Externo #1: Executar queuedwebhook
2026-04-27 13:18:07 [@b60d4e234048]
Externo #1: Executar queuedwebhook
2026-04-27 13:20:05 [@b60d4e234048]
Externo #1: Executar queuedwebhook
2026-04-27 13:22:05 [@b60d4e234048]
Externo #1: Executar queuedwebhook
2026-04-27 13:24:02 [@b60d4e234048]
Externo #1: Executar queuedwebhook
2026-04-27 13:26:01 [@b60d4e234048]
Externo #1: Executar queuedwebhook
2026-04-27 13:28:04 [@b60d4e234048]
Externo #1: Executar queuedwebhook
2026-04-27 13:28:04 [@b60d4e234048]
Externo #2: Executar pendingreason_autobump_autosolve
2026-04-27 13:30:02 [@b60d4e234048]
Externo #1: Executar queuedwebhook
2026-04-27 13:32:04 [@b60d4e234048]
Externo #1: Executar queuedwebhook
2026-04-27 13:34:06 [@b60d4e234048]
Externo #1: Executar queuedwebhook
2026-04-27 13:36:12 [@b60d4e234048]
Externo #1: Executar queuedwebhook
2026-04-27 13:38:08 [@b60d4e234048]
Externo #1: Executar queuedwebhook
2026-04-27 13:40:05 [@b60d4e234048]
Externo #1: Executar queuedwebhook
2026-04-27 13:42:05 [@b60d4e234048]
Externo #1: Executar queuedwebhook
2026-04-27 13:44:03 [@b60d4e234048]
Externo #1: Executar queuedwebhook
2026-04-27 13:46:04 [@b60d4e234048]
Externo #1: Executar queuedwebhook
2026-04-27 13:48:04 [@b60d4e234048]
Externo #1: Executar queuedwebhook
2026-04-27 13:50:03 [@b60d4e234048]
Externo #1: Executar queuedwebhook
2026-04-27 13:52:03 [@b60d4e234048]
Externo #1: Executar queuedwebhook
2026-04-27 13:54:01 [@b60d4e234048]
Externo #1: Executar queuedwebhook
2026-04-27 13:56:05 [@b60d4e234048]
Externo #1: Executar queuedwebhook
2026-04-27 13:58:04 [@b60d4e234048]
Externo #1: Executar queuedwebhook
2026-04-27 13:58:04 [@b60d4e234048]
Externo #2: Executar pendingreason_autobump_autosolve
2026-04-27 14:00:04 [@b60d4e234048]
Externo #1: Executar queuedwebhook
2026-04-27 14:02:06 [@b60d4e234048]
Externo #1: Executar queuedwebhook
2026-04-27 14:04:02 [@b60d4e234048]
Externo #1: Executar queuedwebhook
2026-04-27 14:06:04 [@b60d4e234048]
Externo #1: Executar queuedwebhook
2026-04-27 14:08:03 [@b60d4e234048]
Externo #1: Executar queuedwebhook
2026-04-27 14:10:02 [@b60d4e234048]
Externo #1: Executar queuedwebhook
2026-04-27 14:12:05 [@b60d4e234048]
Externo #1: Executar queuedwebhook
2026-04-27 14:14:02 [@b60d4e234048]
Externo #1: Executar queuedwebhook
2026-04-27 14:16:02 [@b60d4e234048]
Externo #1: Executar queuedwebhook
2026-04-27 14:18:04 [@b60d4e234048]
Externo #1: Executar queuedwebhook
2026-04-27 14:20:02 [@b60d4e234048]
Externo #1: Executar queuedwebhook
2026-04-27 14:22:03 [@b60d4e234048]
Externo #1: Executar queuedwebhook
2026-04-27 14:24:03 [@b60d4e234048]
Externo #1: Executar queuedwebhook
2026-04-27 14:26:03 [@b60d4e234048]
Externo #1: Executar queuedwebhook
2026-04-27 14:28:05 [@b60d4e234048]
Externo #1: Executar queuedwebhook
2026-04-27 14:28:05 [@b60d4e234048]
Externo #2: Executar pendingreason_autobump_autosolve
2026-04-27 14:30:05 [@b60d4e234048]
Externo #1: Executar queuedwebhook
2026-04-27 14:32:04 [@b60d4e234048]
Externo #1: Executar queuedwebhook
2026-04-27 14:34:03 [@b60d4e234048]
Externo #1: Executar queuedwebhook
2026-04-27 14:36:04 [@b60d4e234048]
Externo #1: Executar queuedwebhook
2026-04-27 14:38:03 [@b60d4e234048]
Externo #1: Executar queuedwebhook
2026-04-27 14:40:04 [@b60d4e234048]
Externo #1: Executar queuedwebhook
2026-04-27 14:42:04 [@b60d4e234048]
Externo #1: Executar queuedwebhook
2026-04-27 14:44:03 [@b60d4e234048]
Externo #1: Executar queuedwebhook
2026-04-27 14:46:02 [@b60d4e234048]
Externo #1: Executar queuedwebhook
2026-04-27 14:48:02 [@b60d4e234048]
Externo #1: Executar queuedwebhook
2026-04-27 14:50:02 [@b60d4e234048]
Externo #1: Executar queuedwebhook
2026-04-27 14:52:03 [@b60d4e234048]
Externo #1: Executar queuedwebhook
2026-04-27 14:54:02 [@b60d4e234048]
Externo #1: Executar queuedwebhook
2026-04-27 14:56:02 [@b60d4e234048]
Externo #1: Executar queuedwebhook
2026-04-27 14:58:02 [@b60d4e234048]
Externo #1: Executar queuedwebhook
2026-04-27 14:58:02 [@b60d4e234048]
Externo #2: Executar pendingreason_autobump_autosolve
2026-04-27 15:00:01 [@b60d4e234048]
Externo #1: Executar queuedwebhook
2026-04-27 15:02:01 [@b60d4e234048]
Externo #1: Executar queuedwebhook
2026-04-27 15:04:01 [@b60d4e234048]
Externo #1: Executar queuedwebhook
2026-04-27 15:06:01 [@b60d4e234048]
Externo #1: Executar queuedwebhook
2026-04-27 15:08:02 [@b60d4e234048]
Externo #1: Executar queuedwebhook
2026-04-27 15:10:02 [@b60d4e234048]
Externo #1: Executar queuedwebhook
2026-04-27 15:12:05 [@b60d4e234048]
Externo #1: Executar queuedwebhook
2026-04-27 15:14:02 [@b60d4e234048]
Externo #1: Executar queuedwebhook
2026-04-27 15:16:03 [@b60d4e234048]
Externo #1: Executar queuedwebhook
2026-04-27 15:18:03 [@b60d4e234048]
Externo #1: Executar queuedwebhook
2026-04-27 15:20:02 [@b60d4e234048]
Externo #1: Executar queuedwebhook
2026-04-27 15:22:02 [@b60d4e234048]
Externo #1: Executar queuedwebhook
2026-04-27 15:24:03 [@b60d4e234048]
Externo #1: Executar queuedwebhook
2026-04-27 15:26:02 [@b60d4e234048]
Externo #1: Executar queuedwebhook
2026-04-27 15:28:02 [@b60d4e234048]
Externo #1: Executar queuedwebhook
2026-04-27 15:28:02 [@b60d4e234048]
Externo #2: Executar pendingreason_autobump_autosolve
2026-04-27 15:30:03 [@b60d4e234048]
Externo #1: Executar queuedwebhook
2026-04-27 15:32:02 [@b60d4e234048]
Externo #1: Executar queuedwebhook
2026-04-27 15:34:02 [@b60d4e234048]
Externo #1: Executar queuedwebhook
2026-04-27 15:36:02 [@b60d4e234048]
Externo #1: Executar queuedwebhook
2026-04-27 15:38:02 [@b60d4e234048]
Externo #1: Executar queuedwebhook
2026-04-27 15:40:01 [@b60d4e234048]
Externo #1: Executar queuedwebhook
2026-04-27 15:42:01 [@b60d4e234048]
Externo #1: Executar queuedwebhook
2026-04-27 15:44:01 [@b60d4e234048]
Externo #1: Executar queuedwebhook
2026-04-27 15:46:01 [@b60d4e234048]
Externo #1: Executar queuedwebhook
2026-04-27 15:48:01 [@b60d4e234048]
Externo #1: Executar queuedwebhook
2026-04-27 15:50:01 [@b60d4e234048]
Externo #1: Executar queuedwebhook
2026-04-27 15:52:01 [@b60d4e234048]
Externo #1: Executar queuedwebhook
2026-04-27 15:54:01 [@b60d4e234048]
Externo #1: Executar queuedwebhook
2026-04-27 15:56:01 [@b60d4e234048]
Externo #1: Executar queuedwebhook
2026-04-27 15:58:01 [@b60d4e234048]
Externo #1: Executar queuedwebhook
2026-04-27 15:58:01 [@b60d4e234048]
Externo #2: Executar pendingreason_autobump_autosolve
2026-04-27 16:00:01 [@b60d4e234048]
Externo #1: Executar queuedwebhook
2026-04-27 16:02:01 [@b60d4e234048]
Externo #1: Executar queuedwebhook
2026-04-27 16:04:01 [@b60d4e234048]
Externo #1: Executar queuedwebhook
2026-04-27 16:06:01 [@b60d4e234048]
Externo #1: Executar queuedwebhook
2026-04-27 16:08:01 [@b60d4e234048]
Externo #1: Executar queuedwebhook
2026-04-27 16:10:02 [@b60d4e234048]
Externo #1: Executar queuedwebhook
2026-04-27 16:12:02 [@b60d4e234048]
Externo #1: Executar queuedwebhook
2026-04-27 16:14:02 [@b60d4e234048]
Externo #1: Executar queuedwebhook
2026-04-27 16:16:03 [@b60d4e234048]
Externo #1: Executar queuedwebhook
2026-04-27 16:18:02 [@b60d4e234048]
Externo #1: Executar queuedwebhook
2026-04-27 16:20:02 [@b60d4e234048]
Externo #1: Executar queuedwebhook
2026-04-27 16:22:02 [@b60d4e234048]
Externo #1: Executar queuedwebhook
2026-04-27 16:24:02 [@b60d4e234048]
Externo #1: Executar queuedwebhook
2026-04-27 16:26:02 [@b60d4e234048]
Externo #1: Executar queuedwebhook
2026-04-27 16:28:02 [@b60d4e234048]
Externo #1: Executar queuedwebhook
2026-04-27 16:28:03 [@b60d4e234048]
Externo #2: Executar pendingreason_autobump_autosolve
2026-04-27 16:30:02 [@b60d4e234048]
Externo #1: Executar queuedwebhook
2026-04-27 16:32:02 [@b60d4e234048]
Externo #1: Executar queuedwebhook
2026-04-27 16:34:02 [@b60d4e234048]
Externo #1: Executar queuedwebhook
2026-04-27 16:36:02 [@b60d4e234048]
Externo #1: Executar queuedwebhook
2026-04-27 16:38:02 [@b60d4e234048]
Externo #1: Executar queuedwebhook
2026-04-27 16:40:01 [@b60d4e234048]
Externo #1: Executar queuedwebhook
2026-04-27 16:42:02 [@b60d4e234048]
Externo #1: Executar queuedwebhook
2026-04-27 16:44:02 [@b60d4e234048]
Externo #1: Executar queuedwebhook
2026-04-27 16:46:02 [@b60d4e234048]
Externo #1: Executar queuedwebhook
2026-04-27 16:48:02 [@b60d4e234048]
Externo #1: Executar queuedwebhook
2026-04-27 16:50:02 [@b60d4e234048]
Externo #1: Executar queuedwebhook
2026-04-27 16:52:02 [@b60d4e234048]
Externo #1: Executar queuedwebhook
2026-04-27 16:54:02 [@b60d4e234048]
Externo #1: Executar queuedwebhook
2026-04-27 16:56:02 [@b60d4e234048]
Externo #1: Executar queuedwebhook
2026-04-27 16:58:02 [@b60d4e234048]
Externo #1: Executar queuedwebhook
2026-04-27 16:58:02 [@b60d4e234048]
Externo #2: Executar pendingreason_autobump_autosolve
2026-04-27 17:00:02 [@b60d4e234048]
Externo #1: Executar queuedwebhook
2026-04-27 17:02:02 [@b60d4e234048]
Externo #1: Executar queuedwebhook
2026-04-27 17:04:02 [@b60d4e234048]
Externo #1: Executar queuedwebhook
2026-04-27 17:06:02 [@b60d4e234048]
Externo #1: Executar queuedwebhook
2026-04-27 17:08:02 [@b60d4e234048]
Externo #1: Executar queuedwebhook
2026-04-27 17:10:02 [@b60d4e234048]
Externo #1: Executar queuedwebhook
2026-04-27 17:12:03 [@b60d4e234048]
Externo #1: Executar queuedwebhook
2026-04-27 17:14:03 [@b60d4e234048]
Externo #1: Executar queuedwebhook
2026-04-27 17:16:02 [@b60d4e234048]
Externo #1: Executar queuedwebhook
2026-04-27 17:18:02 [@b60d4e234048]
Externo #1: Executar queuedwebhook
2026-04-27 17:20:01 [@b60d4e234048]
Externo #1: Executar queuedwebhook
2026-04-27 17:22:02 [@b60d4e234048]
Externo #1: Executar queuedwebhook
2026-04-27 17:24:02 [@b60d4e234048]
Externo #1: Executar queuedwebhook
2026-04-27 17:26:02 [@b60d4e234048]
Externo #1: Executar queuedwebhook
2026-04-27 17:28:03 [@b60d4e234048]
Externo #1: Executar queuedwebhook
2026-04-27 17:28:03 [@b60d4e234048]
Externo #2: Executar pendingreason_autobump_autosolve
2026-04-27 17:30:02 [@b60d4e234048]
Externo #1: Executar queuedwebhook
2026-04-27 17:32:01 [@b60d4e234048]
Externo #1: Executar queuedwebhook
2026-04-27 17:34:02 [@b60d4e234048]
Externo #1: Executar queuedwebhook
2026-04-27 17:36:02 [@b60d4e234048]
Externo #1: Executar queuedwebhook
2026-04-27 17:38:02 [@b60d4e234048]
Externo #1: Executar queuedwebhook
2026-04-27 17:40:02 [@b60d4e234048]
Externo #1: Executar queuedwebhook
2026-04-27 17:42:02 [@b60d4e234048]
Externo #1: Executar queuedwebhook
2026-04-27 17:44:02 [@b60d4e234048]
Externo #1: Executar queuedwebhook
2026-04-27 17:46:02 [@b60d4e234048]
Externo #1: Executar queuedwebhook
2026-04-27 17:48:02 [@b60d4e234048]
Externo #1: Executar queuedwebhook
2026-04-27 17:50:02 [@b60d4e234048]
Externo #1: Executar queuedwebhook
2026-04-27 17:52:02 [@b60d4e234048]
Externo #1: Executar queuedwebhook
2026-04-27 17:54:02 [@b60d4e234048]
Externo #1: Executar queuedwebhook
2026-04-27 17:56:02 [@b60d4e234048]
Externo #1: Executar queuedwebhook
2026-04-27 17:58:02 [@b60d4e234048]
Externo #1: Executar queuedwebhook
2026-04-27 17:58:02 [@b60d4e234048]
Externo #2: Executar pendingreason_autobump_autosolve
2026-04-27 18:00:03 [@b60d4e234048]
Externo #1: Executar queuedwebhook
2026-04-27 18:02:02 [@b60d4e234048]
Externo #1: Executar queuedwebhook
2026-04-27 18:04:01 [@b60d4e234048]
Externo #1: Executar queuedwebhook
2026-04-27 18:06:02 [@b60d4e234048]
Externo #1: Executar queuedwebhook
2026-04-27 18:08:02 [@b60d4e234048]
Externo #1: Executar queuedwebhook
2026-04-27 18:10:02 [@b60d4e234048]
Externo #1: Executar queuedwebhook
2026-04-27 18:12:03 [@b60d4e234048]
Externo #1: Executar queuedwebhook
2026-04-27 18:14:02 [@b60d4e234048]
Externo #1: Executar queuedwebhook
2026-04-27 18:16:02 [@b60d4e234048]
Externo #1: Executar queuedwebhook
2026-04-27 18:18:02 [@b60d4e234048]
Externo #1: Executar queuedwebhook
2026-04-27 18:20:02 [@b60d4e234048]
Externo #1: Executar queuedwebhook
2026-04-27 18:22:02 [@b60d4e234048]
Externo #1: Executar queuedwebhook
2026-04-27 18:24:01 [@b60d4e234048]
Externo #1: Executar queuedwebhook
2026-04-27 18:26:01 [@b60d4e234048]
Externo #1: Executar queuedwebhook
2026-04-27 18:28:02 [@b60d4e234048]
Externo #1: Executar queuedwebhook
2026-04-27 18:28:02 [@b60d4e234048]
Externo #2: Executar pendingreason_autobump_autosolve
2026-04-27 18:30:01 [@b60d4e234048]
Externo #1: Executar queuedwebhook
2026-04-27 18:32:02 [@b60d4e234048]
Externo #1: Executar queuedwebhook
2026-04-27 18:34:02 [@b60d4e234048]
Externo #1: Executar queuedwebhook
2026-04-27 18:36:02 [@b60d4e234048]
Externo #1: Executar queuedwebhook
2026-04-27 18:38:01 [@b60d4e234048]
Externo #1: Executar queuedwebhook
2026-04-27 18:40:02 [@b60d4e234048]
Externo #1: Executar queuedwebhook
2026-04-27 18:42:02 [@b60d4e234048]
Externo #1: Executar queuedwebhook
2026-04-27 18:44:02 [@b60d4e234048]
Externo #1: Executar queuedwebhook
2026-04-27 18:46:02 [@b60d4e234048]
Externo #1: Executar queuedwebhook
2026-04-27 18:48:02 [@b60d4e234048]
Externo #1: Executar queuedwebhook
2026-04-27 18:50:02 [@b60d4e234048]
Externo #1: Executar queuedwebhook
2026-04-27 18:52:02 [@b60d4e234048]
Externo #1: Executar queuedwebhook
2026-04-27 18:54:02 [@b60d4e234048]
Externo #1: Executar queuedwebhook
2026-04-27 18:56:02 [@b60d4e234048]
Externo #1: Executar queuedwebhook
2026-04-27 18:58:02 [@b60d4e234048]
Externo #1: Executar queuedwebhook
2026-04-27 18:58:02 [@b60d4e234048]
Externo #2: Executar pendingreason_autobump_autosolve
2026-04-27 19:00:02 [@b60d4e234048]
Externo #1: Executar queuedwebhook
2026-04-27 19:02:02 [@b60d4e234048]
Externo #1: Executar queuedwebhook
2026-04-27 19:04:02 [@b60d4e234048]
Externo #1: Executar queuedwebhook
2026-04-27 19:06:02 [@b60d4e234048]
Externo #1: Executar queuedwebhook
2026-04-27 19:08:02 [@b60d4e234048]
Externo #1: Executar queuedwebhook
2026-04-27 19:10:01 [@b60d4e234048]
Externo #1: Executar queuedwebhook
2026-04-27 19:12:02 [@b60d4e234048]
Externo #1: Executar queuedwebhook
2026-04-27 19:14:01 [@b60d4e234048]
Externo #1: Executar queuedwebhook
2026-04-27 19:16:02 [@b60d4e234048]
Externo #1: Executar queuedwebhook
2026-04-27 19:18:02 [@b60d4e234048]
Externo #1: Executar queuedwebhook
2026-04-27 19:20:01 [@b60d4e234048]
Externo #1: Executar queuedwebhook
2026-04-27 19:22:01 [@b60d4e234048]
Externo #1: Executar queuedwebhook
2026-04-27 19:24:02 [@b60d4e234048]
Externo #1: Executar queuedwebhook
2026-04-27 19:26:01 [@b60d4e234048]
Externo #1: Executar queuedwebhook
2026-04-27 19:28:02 [@b60d4e234048]
Externo #1: Executar queuedwebhook
2026-04-27 19:28:02 [@b60d4e234048]
Externo #2: Executar pendingreason_autobump_autosolve
2026-04-27 19:30:01 [@b60d4e234048]
Externo #1: Executar queuedwebhook
2026-04-27 19:32:01 [@b60d4e234048]
Externo #1: Executar queuedwebhook
2026-04-27 19:34:02 [@b60d4e234048]
Externo #1: Executar queuedwebhook
2026-04-27 19:36:02 [@b60d4e234048]
Externo #1: Executar queuedwebhook
2026-04-27 19:38:02 [@b60d4e234048]
Externo #1: Executar queuedwebhook
2026-04-27 19:40:02 [@b60d4e234048]
Externo #1: Executar queuedwebhook
2026-04-27 19:42:02 [@b60d4e234048]
Externo #1: Executar queuedwebhook
2026-04-27 19:44:02 [@b60d4e234048]
Externo #1: Executar queuedwebhook
2026-04-27 19:46:02 [@b60d4e234048]
Externo #1: Executar queuedwebhook
2026-04-27 19:48:02 [@b60d4e234048]
Externo #1: Executar queuedwebhook
2026-04-27 19:50:02 [@b60d4e234048]
Externo #1: Executar queuedwebhook
2026-04-27 19:52:02 [@b60d4e234048]
Externo #1: Executar queuedwebhook
2026-04-27 19:54:02 [@b60d4e234048]
Externo #1: Executar queuedwebhook
2026-04-27 19:56:02 [@b60d4e234048]
Externo #1: Executar queuedwebhook
2026-04-27 19:58:02 [@b60d4e234048]
Externo #1: Executar queuedwebhook
2026-04-27 19:58:02 [@b60d4e234048]
Externo #2: Executar pendingreason_autobump_autosolve
2026-04-27 20:00:02 [@b60d4e234048]
Externo #1: Executar queuedwebhook
2026-04-27 20:02:02 [@b60d4e234048]
Externo #1: Executar queuedwebhook
2026-04-27 20:04:02 [@b60d4e234048]
Externo #1: Executar queuedwebhook
2026-04-27 20:06:02 [@b60d4e234048]
Externo #1: Executar queuedwebhook
2026-04-27 20:08:02 [@b60d4e234048]
Externo #1: Executar queuedwebhook
2026-04-27 20:10:02 [@b60d4e234048]
Externo #1: Executar queuedwebhook
2026-04-27 20:12:01 [@b60d4e234048]
Externo #1: Executar queuedwebhook
2026-04-27 20:14:02 [@b60d4e234048]
Externo #1: Executar queuedwebhook
2026-04-27 20:16:01 [@b60d4e234048]
Externo #1: Executar queuedwebhook
2026-04-27 20:18:02 [@b60d4e234048]
Externo #1: Executar queuedwebhook
2026-04-27 20:20:02 [@b60d4e234048]
Externo #1: Executar queuedwebhook
2026-04-27 20:22:01 [@b60d4e234048]
Externo #1: Executar queuedwebhook
2026-04-27 20:24:01 [@b60d4e234048]
Externo #1: Executar queuedwebhook
2026-04-27 20:26:01 [@b60d4e234048]
Externo #1: Executar queuedwebhook
2026-04-27 20:28:01 [@b60d4e234048]
Externo #1: Executar queuedwebhook
2026-04-27 20:28:01 [@b60d4e234048]
Externo #2: Executar pendingreason_autobump_autosolve
2026-04-27 20:30:02 [@b60d4e234048]
Externo #1: Executar queuedwebhook
2026-04-27 20:32:02 [@b60d4e234048]
Externo #1: Executar queuedwebhook
2026-04-27 20:34:02 [@b60d4e234048]
Externo #1: Executar queuedwebhook
2026-04-27 20:36:01 [@b60d4e234048]
Externo #1: Executar queuedwebhook
2026-04-27 20:38:02 [@b60d4e234048]
Externo #1: Executar queuedwebhook
2026-04-27 20:40:02 [@b60d4e234048]
Externo #1: Executar queuedwebhook
2026-04-27 20:42:03 [@b60d4e234048]
Externo #1: Executar queuedwebhook
2026-04-27 20:44:02 [@b60d4e234048]
Externo #1: Executar queuedwebhook
2026-04-27 20:46:02 [@b60d4e234048]
Externo #1: Executar queuedwebhook
2026-04-27 20:48:02 [@b60d4e234048]
Externo #1: Executar queuedwebhook
2026-04-27 20:50:02 [@b60d4e234048]
Externo #1: Executar queuedwebhook
2026-04-27 20:52:03 [@b60d4e234048]
Externo #1: Executar queuedwebhook
2026-04-27 20:54:02 [@b60d4e234048]
Externo #1: Executar queuedwebhook
2026-04-27 20:56:02 [@b60d4e234048]
Externo #1: Executar queuedwebhook
2026-04-27 20:58:02 [@b60d4e234048]
Externo #1: Executar queuedwebhook
2026-04-27 20:58:02 [@b60d4e234048]
Externo #2: Executar pendingreason_autobump_autosolve
2026-04-27 21:00:02 [@b60d4e234048]
Externo #1: Executar queuedwebhook
2026-04-27 21:02:03 [@b60d4e234048]
Externo #1: Executar queuedwebhook
2026-04-27 21:04:23 [@b60d4e234048]
Externo #1: Executar queuedwebhook
2026-04-27 21:06:04 [@b60d4e234048]
Externo #1: Executar queuedwebhook
2026-04-27 21:08:03 [@b60d4e234048]
Externo #1: Executar queuedwebhook
2026-04-27 21:10:04 [@b60d4e234048]
Externo #1: Executar queuedwebhook
2026-04-27 21:12:03 [@b60d4e234048]
Externo #1: Executar queuedwebhook
2026-04-27 21:14:04 [@b60d4e234048]
Externo #1: Executar queuedwebhook
2026-04-27 21:16:03 [@b60d4e234048]
Externo #1: Executar queuedwebhook
2026-04-27 21:18:02 [@b60d4e234048]
Externo #1: Executar queuedwebhook
2026-04-27 21:20:02 [@b60d4e234048]
Externo #1: Executar queuedwebhook
2026-04-27 21:22:03 [@b60d4e234048]
Externo #1: Executar queuedwebhook
2026-04-27 21:24:03 [@b60d4e234048]
Externo #1: Executar queuedwebhook
2026-04-27 21:26:03 [@b60d4e234048]
Externo #1: Executar queuedwebhook
2026-04-27 21:28:04 [@b60d4e234048]
Externo #1: Executar queuedwebhook
2026-04-27 21:28:04 [@b60d4e234048]
Externo #2: Executar pendingreason_autobump_autosolve
2026-04-27 21:30:02 [@b60d4e234048]
Externo #1: Executar queuedwebhook
2026-04-27 21:32:02 [@b60d4e234048]
Externo #1: Executar queuedwebhook
2026-04-27 21:34:05 [@b60d4e234048]
Externo #1: Executar queuedwebhook
2026-04-27 21:36:03 [@b60d4e234048]
Externo #1: Executar queuedwebhook
2026-04-27 21:38:01 [@b60d4e234048]
Externo #1: Executar queuedwebhook
2026-04-27 21:40:02 [@b60d4e234048]
Externo #1: Executar queuedwebhook
2026-04-27 21:42:02 [@b60d4e234048]
Externo #1: Executar queuedwebhook
2026-04-27 21:44:03 [@b60d4e234048]
Externo #1: Executar queuedwebhook
2026-04-27 21:46:02 [@b60d4e234048]
Externo #1: Executar queuedwebhook
2026-04-27 21:48:02 [@b60d4e234048]
Externo #1: Executar queuedwebhook
2026-04-27 21:50:03 [@b60d4e234048]
Externo #1: Executar queuedwebhook
2026-04-27 21:52:02 [@b60d4e234048]
Externo #1: Executar queuedwebhook
2026-04-27 21:54:02 [@b60d4e234048]
Externo #1: Executar queuedwebhook
2026-04-27 21:56:02 [@b60d4e234048]
Externo #1: Executar queuedwebhook
2026-04-27 21:58:02 [@b60d4e234048]
Externo #1: Executar queuedwebhook
2026-04-27 21:58:02 [@b60d4e234048]
Externo #2: Executar pendingreason_autobump_autosolve
2026-04-27 22:00:03 [@b60d4e234048]
Externo #1: Executar queuedwebhook
2026-04-27 22:02:02 [@b60d4e234048]
Externo #1: Executar queuedwebhook
2026-04-27 22:04:04 [@b60d4e234048]
Externo #1: Executar queuedwebhook
2026-04-27 22:06:02 [@b60d4e234048]
Externo #1: Executar queuedwebhook
2026-04-27 22:08:01 [@b60d4e234048]
Externo #1: Executar queuedwebhook
2026-04-27 22:10:02 [@b60d4e234048]
Externo #1: Executar queuedwebhook
2026-04-27 22:12:02 [@b60d4e234048]
Externo #1: Executar queuedwebhook
2026-04-27 22:14:02 [@b60d4e234048]
Externo #1: Executar queuedwebhook
2026-04-27 22:16:02 [@b60d4e234048]
Externo #1: Executar queuedwebhook
2026-04-27 22:18:03 [@b60d4e234048]
Externo #1: Executar queuedwebhook
2026-04-27 22:20:02 [@b60d4e234048]
Externo #1: Executar queuedwebhook
2026-04-27 22:22:03 [@b60d4e234048]
Externo #1: Executar queuedwebhook
2026-04-27 22:24:02 [@b60d4e234048]
Externo #1: Executar queuedwebhook
2026-04-27 22:26:04 [@b60d4e234048]
Externo #1: Executar queuedwebhook
2026-04-27 22:28:03 [@b60d4e234048]
Externo #1: Executar queuedwebhook
2026-04-27 22:28:03 [@b60d4e234048]
Externo #2: Executar pendingreason_autobump_autosolve
2026-04-27 22:30:02 [@b60d4e234048]
Externo #1: Executar queuedwebhook
2026-04-27 22:32:02 [@b60d4e234048]
Externo #1: Executar queuedwebhook
2026-04-27 22:34:02 [@b60d4e234048]
Externo #1: Executar queuedwebhook
2026-04-27 22:36:02 [@b60d4e234048]
Externo #1: Executar queuedwebhook
2026-04-27 22:38:02 [@b60d4e234048]
Externo #1: Executar queuedwebhook
2026-04-27 22:40:02 [@b60d4e234048]
Externo #1: Executar queuedwebhook
2026-04-27 22:42:02 [@b60d4e234048]
Externo #1: Executar queuedwebhook
2026-04-27 22:44:03 [@b60d4e234048]
Externo #1: Executar queuedwebhook
2026-04-27 22:46:02 [@b60d4e234048]
Externo #1: Executar queuedwebhook
2026-04-27 22:48:03 [@b60d4e234048]
Externo #1: Executar queuedwebhook
2026-04-27 22:50:03 [@b60d4e234048]
Externo #1: Executar queuedwebhook
2026-04-27 22:52:03 [@b60d4e234048]
Externo #1: Executar queuedwebhook
2026-04-27 22:54:02 [@b60d4e234048]
Externo #1: Executar queuedwebhook
2026-04-27 22:56:02 [@b60d4e234048]
Externo #1: Executar queuedwebhook
2026-04-27 22:58:03 [@b60d4e234048]
Externo #1: Executar queuedwebhook
2026-04-27 22:58:03 [@b60d4e234048]
Externo #2: Executar pendingreason_autobump_autosolve
2026-04-27 23:00:03 [@b60d4e234048]
Externo #1: Executar queuedwebhook
2026-04-27 23:02:02 [@b60d4e234048]
Externo #1: Executar queuedwebhook
2026-04-27 23:04:02 [@b60d4e234048]
Externo #1: Executar queuedwebhook
2026-04-27 23:06:01 [@b60d4e234048]
Externo #1: Executar queuedwebhook
2026-04-27 23:08:01 [@b60d4e234048]
Externo #1: Executar queuedwebhook
2026-04-27 23:10:02 [@b60d4e234048]
Externo #1: Executar queuedwebhook
2026-04-27 23:12:02 [@b60d4e234048]
Externo #1: Executar queuedwebhook
2026-04-27 23:14:02 [@b60d4e234048]
Externo #1: Executar queuedwebhook
2026-04-27 23:16:02 [@b60d4e234048]
Externo #1: Executar queuedwebhook
2026-04-27 23:18:03 [@b60d4e234048]
Externo #1: Executar queuedwebhook
2026-04-27 23:20:02 [@b60d4e234048]
Externo #1: Executar queuedwebhook
2026-04-27 23:22:03 [@b60d4e234048]
Externo #1: Executar queuedwebhook
2026-04-27 23:24:03 [@b60d4e234048]
Externo #1: Executar queuedwebhook
2026-04-27 23:26:03 [@b60d4e234048]
Externo #1: Executar queuedwebhook
2026-04-27 23:28:03 [@b60d4e234048]
Externo #1: Executar queuedwebhook
2026-04-27 23:28:03 [@b60d4e234048]
Externo #2: Executar pendingreason_autobump_autosolve
2026-04-27 23:30:04 [@b60d4e234048]
Externo #1: Executar queuedwebhook
2026-04-27 23:32:03 [@b60d4e234048]
Externo #1: Executar queuedwebhook
2026-04-27 23:34:02 [@b60d4e234048]
Externo #1: Executar queuedwebhook
2026-04-27 23:36:03 [@b60d4e234048]
Externo #1: Executar queuedwebhook
2026-04-27 23:38:02 [@b60d4e234048]
Externo #1: Executar queuedwebhook
2026-04-27 23:40:03 [@b60d4e234048]
Externo #1: Executar queuedwebhook
2026-04-27 23:42:03 [@b60d4e234048]
Externo #1: Executar queuedwebhook
2026-04-27 23:44:02 [@b60d4e234048]
Externo #1: Executar queuedwebhook
2026-04-27 23:46:02 [@b60d4e234048]
Externo #1: Executar queuedwebhook
2026-04-27 23:48:03 [@b60d4e234048]
Externo #1: Executar queuedwebhook
2026-04-27 23:50:03 [@b60d4e234048]
Externo #1: Executar queuedwebhook
2026-04-27 23:52:02 [@b60d4e234048]
Externo #1: Executar queuedwebhook
2026-04-27 23:54:03 [@b60d4e234048]
Externo #1: Executar queuedwebhook
2026-04-27 23:56:03 [@b60d4e234048]
Externo #1: Executar queuedwebhook
2026-04-27 23:58:45 [@b60d4e234048]
Externo #1: Executar queuedwebhook
2026-04-27 23:58:45 [@b60d4e234048]
Externo #2: Executar pendingreason_autobump_autosolve
2026-04-28 00:00:13 [@b60d4e234048]
Externo #1: Executar PurgeLogs
2026-04-28 00:00:16 [@b60d4e234048]
Externo #2: Executar checkAllUpdates
2026-04-28 00:00:18 [@b60d4e234048]
Externo #3: Executar cleanorphans
2026-04-28 00:00:18 [@b60d4e234048]
Externo #4: Executar Cleanoldagents
2026-04-28 00:00:18 [@b60d4e234048]
Externo #5: Executar queuedwebhookclean
2026-04-28 00:02:02 [@b60d4e234048]
Externo #1: Executar queuedwebhook
2026-04-28 00:04:02 [@b60d4e234048]
Externo #1: Executar queuedwebhook
2026-04-28 00:06:02 [@b60d4e234048]
Externo #1: Executar queuedwebhook
2026-04-28 00:08:03 [@b60d4e234048]
Externo #1: Executar queuedwebhook
2026-04-28 00:10:02 [@b60d4e234048]
Externo #1: Executar queuedwebhook
2026-04-28 00:12:01 [@b60d4e234048]
Externo #1: Executar queuedwebhook
2026-04-28 00:14:02 [@b60d4e234048]
Externo #1: Executar queuedwebhook
2026-04-28 00:16:02 [@b60d4e234048]
Externo #1: Executar queuedwebhook
2026-04-28 00:18:02 [@b60d4e234048]
Externo #1: Executar queuedwebhook
2026-04-28 00:20:01 [@b60d4e234048]
Externo #1: Executar queuedwebhook
2026-04-28 00:22:02 [@b60d4e234048]
Externo #1: Executar queuedwebhook
2026-04-28 00:24:03 [@b60d4e234048]
Externo #1: Executar queuedwebhook
2026-04-28 00:26:02 [@b60d4e234048]
Externo #1: Executar queuedwebhook
2026-04-28 00:28:02 [@b60d4e234048]
Externo #1: Executar queuedwebhook
2026-04-28 00:28:02 [@b60d4e234048]
Externo #2: Executar pendingreason_autobump_autosolve
2026-04-28 00:30:02 [@b60d4e234048]
Externo #1: Executar queuedwebhook
2026-04-28 00:32:02 [@b60d4e234048]
Externo #1: Executar queuedwebhook
2026-04-28 00:34:01 [@b60d4e234048]
Externo #1: Executar queuedwebhook
2026-04-28 00:36:01 [@b60d4e234048]
Externo #1: Executar queuedwebhook
2026-04-28 00:38:02 [@b60d4e234048]
Externo #1: Executar queuedwebhook
2026-04-28 00:40:01 [@b60d4e234048]
Externo #1: Executar queuedwebhook
2026-04-28 00:42:01 [@b60d4e234048]
Externo #1: Executar queuedwebhook
2026-04-28 00:44:01 [@b60d4e234048]
Externo #1: Executar queuedwebhook
2026-04-28 00:46:01 [@b60d4e234048]
Externo #1: Executar queuedwebhook
2026-04-28 00:48:01 [@b60d4e234048]
Externo #1: Executar queuedwebhook
2026-04-28 00:50:01 [@b60d4e234048]
Externo #1: Executar queuedwebhook
2026-04-28 00:52:01 [@b60d4e234048]
Externo #1: Executar queuedwebhook
2026-04-28 00:54:01 [@b60d4e234048]
Externo #1: Executar queuedwebhook
2026-04-28 00:56:01 [@b60d4e234048]
Externo #1: Executar queuedwebhook
2026-04-28 00:58:01 [@b60d4e234048]
Externo #1: Executar queuedwebhook
2026-04-28 00:58:01 [@b60d4e234048]
Externo #2: Executar pendingreason_autobump_autosolve
2026-04-28 01:00:01 [@b60d4e234048]
Externo #1: Executar queuedwebhook
2026-04-28 01:02:01 [@b60d4e234048]
Externo #1: Executar queuedwebhook
2026-04-28 01:04:01 [@b60d4e234048]
Externo #1: Executar queuedwebhook
2026-04-28 01:06:01 [@b60d4e234048]
Externo #1: Executar queuedwebhook
2026-04-28 01:08:01 [@b60d4e234048]
Externo #1: Executar queuedwebhook
2026-04-28 01:10:01 [@b60d4e234048]
Externo #1: Executar queuedwebhook
2026-04-28 01:12:01 [@b60d4e234048]
Externo #1: Executar queuedwebhook
2026-04-28 01:14:01 [@b60d4e234048]
Externo #1: Executar queuedwebhook
2026-04-28 01:16:01 [@b60d4e234048]
Externo #1: Executar queuedwebhook
2026-04-28 01:18:01 [@b60d4e234048]
Externo #1: Executar queuedwebhook
2026-04-28 01:20:01 [@b60d4e234048]
Externo #1: Executar queuedwebhook
2026-04-28 01:22:01 [@b60d4e234048]
Externo #1: Executar queuedwebhook
2026-04-28 01:24:01 [@b60d4e234048]
Externo #1: Executar queuedwebhook
2026-04-28 01:26:01 [@b60d4e234048]
Externo #1: Executar queuedwebhook
2026-04-28 01:28:01 [@b60d4e234048]
Externo #1: Executar queuedwebhook
2026-04-28 01:28:01 [@b60d4e234048]
Externo #2: Executar pendingreason_autobump_autosolve
2026-04-28 01:30:01 [@b60d4e234048]
Externo #1: Executar queuedwebhook
2026-04-28 01:32:01 [@b60d4e234048]
Externo #1: Executar queuedwebhook
2026-04-28 01:34:01 [@b60d4e234048]
Externo #1: Executar queuedwebhook
2026-04-28 01:36:01 [@b60d4e234048]
Externo #1: Executar queuedwebhook
2026-04-28 01:38:01 [@b60d4e234048]
Externo #1: Executar queuedwebhook
2026-04-28 01:40:02 [@b60d4e234048]
Externo #1: Executar queuedwebhook
2026-04-28 01:42:02 [@b60d4e234048]
Externo #1: Executar queuedwebhook
2026-04-28 01:44:02 [@b60d4e234048]
Externo #1: Executar queuedwebhook
2026-04-28 01:46:02 [@b60d4e234048]
Externo #1: Executar queuedwebhook
2026-04-28 01:48:02 [@b60d4e234048]
Externo #1: Executar queuedwebhook
2026-04-28 01:50:02 [@b60d4e234048]
Externo #1: Executar queuedwebhook
2026-04-28 01:52:02 [@b60d4e234048]
Externo #1: Executar queuedwebhook
2026-04-28 01:54:02 [@b60d4e234048]
Externo #1: Executar queuedwebhook
2026-04-28 01:56:02 [@b60d4e234048]
Externo #1: Executar queuedwebhook
2026-04-28 01:58:02 [@b60d4e234048]
Externo #1: Executar queuedwebhook
2026-04-28 01:58:02 [@b60d4e234048]
Externo #2: Executar pendingreason_autobump_autosolve
2026-04-28 02:00:02 [@b60d4e234048]
Externo #1: Executar queuedwebhook
2026-04-28 02:02:02 [@b60d4e234048]
Externo #1: Executar queuedwebhook
2026-04-28 02:04:02 [@b60d4e234048]
Externo #1: Executar queuedwebhook
2026-04-28 02:06:02 [@b60d4e234048]
Externo #1: Executar queuedwebhook
2026-04-28 02:08:02 [@b60d4e234048]
Externo #1: Executar queuedwebhook
2026-04-28 02:10:02 [@b60d4e234048]
Externo #1: Executar queuedwebhook
2026-04-28 02:12:02 [@b60d4e234048]
Externo #1: Executar queuedwebhook
2026-04-28 02:14:02 [@b60d4e234048]
Externo #1: Executar queuedwebhook
2026-04-28 02:16:02 [@b60d4e234048]
Externo #1: Executar queuedwebhook
2026-04-28 02:18:02 [@b60d4e234048]
Externo #1: Executar queuedwebhook
2026-04-28 02:20:02 [@b60d4e234048]
Externo #1: Executar queuedwebhook
2026-04-28 02:22:02 [@b60d4e234048]
Externo #1: Executar queuedwebhook
2026-04-28 02:24:02 [@b60d4e234048]
Externo #1: Executar queuedwebhook
2026-04-28 02:26:02 [@b60d4e234048]
Externo #1: Executar queuedwebhook
2026-04-28 02:28:02 [@b60d4e234048]
Externo #1: Executar queuedwebhook
2026-04-28 02:28:02 [@b60d4e234048]
Externo #2: Executar pendingreason_autobump_autosolve
2026-04-28 02:30:02 [@b60d4e234048]
Externo #1: Executar queuedwebhook
2026-04-28 02:32:02 [@b60d4e234048]
Externo #1: Executar queuedwebhook
2026-04-28 02:34:02 [@b60d4e234048]
Externo #1: Executar queuedwebhook
2026-04-28 02:36:02 [@b60d4e234048]
Externo #1: Executar queuedwebhook
2026-04-28 02:38:02 [@b60d4e234048]
Externo #1: Executar queuedwebhook
2026-04-28 02:40:01 [@b60d4e234048]
Externo #1: Executar queuedwebhook
2026-04-28 02:42:01 [@b60d4e234048]
Externo #1: Executar queuedwebhook
2026-04-28 02:44:01 [@b60d4e234048]
Externo #1: Executar queuedwebhook
2026-04-28 02:46:01 [@b60d4e234048]
Externo #1: Executar queuedwebhook
2026-04-28 02:48:01 [@b60d4e234048]
Externo #1: Executar queuedwebhook
2026-04-28 02:50:01 [@b60d4e234048]
Externo #1: Executar queuedwebhook
2026-04-28 02:52:01 [@b60d4e234048]
Externo #1: Executar queuedwebhook
2026-04-28 02:54:01 [@b60d4e234048]
Externo #1: Executar queuedwebhook
2026-04-28 02:56:01 [@b60d4e234048]
Externo #1: Executar queuedwebhook
2026-04-28 02:58:01 [@b60d4e234048]
Externo #1: Executar queuedwebhook
2026-04-28 02:58:01 [@b60d4e234048]
Externo #2: Executar pendingreason_autobump_autosolve
2026-04-28 03:00:01 [@b60d4e234048]
Externo #1: Executar queuedwebhook
2026-04-28 03:02:01 [@b60d4e234048]
Externo #1: Executar queuedwebhook
2026-04-28 03:04:01 [@b60d4e234048]
Externo #1: Executar queuedwebhook
2026-04-28 03:06:01 [@b60d4e234048]
Externo #1: Executar queuedwebhook
2026-04-28 03:08:01 [@b60d4e234048]
Externo #1: Executar queuedwebhook
2026-04-28 03:10:01 [@b60d4e234048]
Externo #1: Executar queuedwebhook
2026-04-28 03:12:01 [@b60d4e234048]
Externo #1: Executar queuedwebhook
2026-04-28 03:14:01 [@b60d4e234048]
Externo #1: Executar queuedwebhook
2026-04-28 03:16:01 [@b60d4e234048]
Externo #1: Executar queuedwebhook
2026-04-28 03:18:01 [@b60d4e234048]
Externo #1: Executar queuedwebhook
2026-04-28 03:20:01 [@b60d4e234048]
Externo #1: Executar queuedwebhook
2026-04-28 03:22:01 [@b60d4e234048]
Externo #1: Executar queuedwebhook
2026-04-28 03:24:01 [@b60d4e234048]
Externo #1: Executar queuedwebhook
2026-04-28 03:26:01 [@b60d4e234048]
Externo #1: Executar queuedwebhook
2026-04-28 03:28:01 [@b60d4e234048]
Externo #1: Executar queuedwebhook
2026-04-28 03:28:01 [@b60d4e234048]
Externo #2: Executar pendingreason_autobump_autosolve
2026-04-28 03:30:01 [@b60d4e234048]
Externo #1: Executar queuedwebhook
2026-04-28 03:32:01 [@b60d4e234048]
Externo #1: Executar queuedwebhook
2026-04-28 03:34:01 [@b60d4e234048]
Externo #1: Executar queuedwebhook
2026-04-28 03:36:01 [@b60d4e234048]
Externo #1: Executar queuedwebhook
2026-04-28 03:38:01 [@b60d4e234048]
Externo #1: Executar queuedwebhook
2026-04-28 03:40:01 [@b60d4e234048]
Externo #1: Executar queuedwebhook
2026-04-28 03:42:01 [@b60d4e234048]
Externo #1: Executar queuedwebhook
2026-04-28 03:44:01 [@b60d4e234048]
Externo #1: Executar queuedwebhook
2026-04-28 03:46:01 [@b60d4e234048]
Externo #1: Executar queuedwebhook
2026-04-28 03:48:01 [@b60d4e234048]
Externo #1: Executar queuedwebhook
2026-04-28 03:50:01 [@b60d4e234048]
Externo #1: Executar queuedwebhook
2026-04-28 03:52:01 [@b60d4e234048]
Externo #1: Executar queuedwebhook
2026-04-28 03:54:01 [@b60d4e234048]
Externo #1: Executar queuedwebhook
2026-04-28 03:56:01 [@b60d4e234048]
Externo #1: Executar queuedwebhook
2026-04-28 03:58:01 [@b60d4e234048]
Externo #1: Executar queuedwebhook
2026-04-28 03:58:01 [@b60d4e234048]
Externo #2: Executar pendingreason_autobump_autosolve
2026-04-28 04:00:01 [@b60d4e234048]
Externo #1: Executar queuedwebhook
2026-04-28 04:02:01 [@b60d4e234048]
Externo #1: Executar queuedwebhook
2026-04-28 04:04:01 [@b60d4e234048]
Externo #1: Executar queuedwebhook
2026-04-28 04:06:01 [@b60d4e234048]
Externo #1: Executar queuedwebhook
2026-04-28 04:08:01 [@b60d4e234048]
Externo #1: Executar queuedwebhook
2026-04-28 04:10:01 [@b60d4e234048]
Externo #1: Executar queuedwebhook
2026-04-28 04:12:01 [@b60d4e234048]
Externo #1: Executar queuedwebhook
2026-04-28 04:14:01 [@b60d4e234048]
Externo #1: Executar queuedwebhook
2026-04-28 04:16:01 [@b60d4e234048]
Externo #1: Executar queuedwebhook
2026-04-28 04:18:01 [@b60d4e234048]
Externo #1: Executar queuedwebhook
2026-04-28 04:20:01 [@b60d4e234048]
Externo #1: Executar queuedwebhook
2026-04-28 04:22:01 [@b60d4e234048]
Externo #1: Executar queuedwebhook
2026-04-28 04:24:01 [@b60d4e234048]
Externo #1: Executar queuedwebhook
2026-04-28 04:26:01 [@b60d4e234048]
Externo #1: Executar queuedwebhook
2026-04-28 04:28:01 [@b60d4e234048]
Externo #1: Executar queuedwebhook
2026-04-28 04:28:01 [@b60d4e234048]
Externo #2: Executar pendingreason_autobump_autosolve
2026-04-28 04:30:01 [@b60d4e234048]
Externo #1: Executar queuedwebhook
2026-04-28 04:32:01 [@b60d4e234048]
Externo #1: Executar queuedwebhook
2026-04-28 04:34:01 [@b60d4e234048]
Externo #1: Executar queuedwebhook
2026-04-28 04:36:01 [@b60d4e234048]
Externo #1: Executar queuedwebhook
2026-04-28 04:38:01 [@b60d4e234048]
Externo #1: Executar queuedwebhook
2026-04-28 04:40:02 [@b60d4e234048]
Externo #1: Executar queuedwebhook
2026-04-28 04:42:02 [@b60d4e234048]
Externo #1: Executar queuedwebhook
2026-04-28 04:44:02 [@b60d4e234048]
Externo #1: Executar queuedwebhook
2026-04-28 04:46:02 [@b60d4e234048]
Externo #1: Executar queuedwebhook
2026-04-28 04:48:02 [@b60d4e234048]
Externo #1: Executar queuedwebhook
2026-04-28 04:50:02 [@b60d4e234048]
Externo #1: Executar queuedwebhook
2026-04-28 04:52:02 [@b60d4e234048]
Externo #1: Executar queuedwebhook
2026-04-28 04:54:02 [@b60d4e234048]
Externo #1: Executar queuedwebhook
2026-04-28 04:56:02 [@b60d4e234048]
Externo #1: Executar queuedwebhook
2026-04-28 04:58:02 [@b60d4e234048]
Externo #1: Executar queuedwebhook
2026-04-28 04:58:02 [@b60d4e234048]
Externo #2: Executar pendingreason_autobump_autosolve
2026-04-28 05:00:02 [@b60d4e234048]
Externo #1: Executar queuedwebhook
2026-04-28 05:02:02 [@b60d4e234048]
Externo #1: Executar queuedwebhook
2026-04-28 05:04:02 [@b60d4e234048]
Externo #1: Executar queuedwebhook
2026-04-28 05:06:02 [@b60d4e234048]
Externo #1: Executar queuedwebhook
2026-04-28 05:08:02 [@b60d4e234048]
Externo #1: Executar queuedwebhook
2026-04-28 05:10:02 [@b60d4e234048]
Externo #1: Executar queuedwebhook
2026-04-28 05:12:02 [@b60d4e234048]
Externo #1: Executar queuedwebhook
2026-04-28 05:14:02 [@b60d4e234048]
Externo #1: Executar queuedwebhook
2026-04-28 05:16:02 [@b60d4e234048]
Externo #1: Executar queuedwebhook
2026-04-28 05:18:02 [@b60d4e234048]
Externo #1: Executar queuedwebhook
2026-04-28 05:20:02 [@b60d4e234048]
Externo #1: Executar queuedwebhook
2026-04-28 05:22:02 [@b60d4e234048]
Externo #1: Executar queuedwebhook
2026-04-28 05:24:02 [@b60d4e234048]
Externo #1: Executar queuedwebhook
2026-04-28 05:26:02 [@b60d4e234048]
Externo #1: Executar queuedwebhook
2026-04-28 05:28:02 [@b60d4e234048]
Externo #1: Executar queuedwebhook
2026-04-28 05:28:02 [@b60d4e234048]
Externo #2: Executar pendingreason_autobump_autosolve
2026-04-28 05:30:02 [@b60d4e234048]
Externo #1: Executar queuedwebhook
2026-04-28 05:32:02 [@b60d4e234048]
Externo #1: Executar queuedwebhook
2026-04-28 05:34:02 [@b60d4e234048]
Externo #1: Executar queuedwebhook
2026-04-28 05:36:02 [@b60d4e234048]
Externo #1: Executar queuedwebhook
2026-04-28 05:38:02 [@b60d4e234048]
Externo #1: Executar queuedwebhook
2026-04-28 05:40:01 [@b60d4e234048]
Externo #1: Executar queuedwebhook
2026-04-28 05:42:01 [@b60d4e234048]
Externo #1: Executar queuedwebhook
2026-04-28 05:44:01 [@b60d4e234048]
Externo #1: Executar queuedwebhook
2026-04-28 05:46:01 [@b60d4e234048]
Externo #1: Executar queuedwebhook
2026-04-28 05:48:01 [@b60d4e234048]
Externo #1: Executar queuedwebhook
2026-04-28 05:50:01 [@b60d4e234048]
Externo #1: Executar queuedwebhook
2026-04-28 05:52:01 [@b60d4e234048]
Externo #1: Executar queuedwebhook
2026-04-28 05:54:01 [@b60d4e234048]
Externo #1: Executar queuedwebhook
2026-04-28 05:56:01 [@b60d4e234048]
Externo #1: Executar queuedwebhook
2026-04-28 05:58:01 [@b60d4e234048]
Externo #1: Executar queuedwebhook
2026-04-28 05:58:01 [@b60d4e234048]
Externo #2: Executar pendingreason_autobump_autosolve
2026-04-28 06:00:01 [@b60d4e234048]
Externo #1: Executar queuedwebhook
2026-04-28 06:02:01 [@b60d4e234048]
Externo #1: Executar queuedwebhook
2026-04-28 06:04:01 [@b60d4e234048]
Externo #1: Executar queuedwebhook
2026-04-28 06:06:01 [@b60d4e234048]
Externo #1: Executar queuedwebhook
2026-04-28 06:08:01 [@b60d4e234048]
Externo #1: Executar queuedwebhook
2026-04-28 06:10:01 [@b60d4e234048]
Externo #1: Executar queuedwebhook
2026-04-28 06:12:01 [@b60d4e234048]
Externo #1: Executar queuedwebhook
2026-04-28 06:14:01 [@b60d4e234048]
Externo #1: Executar queuedwebhook
2026-04-28 06:16:01 [@b60d4e234048]
Externo #1: Executar queuedwebhook
2026-04-28 06:18:01 [@b60d4e234048]
Externo #1: Executar queuedwebhook
2026-04-28 06:20:01 [@b60d4e234048]
Externo #1: Executar queuedwebhook
2026-04-28 06:22:01 [@b60d4e234048]
Externo #1: Executar queuedwebhook
2026-04-28 06:24:01 [@b60d4e234048]
Externo #1: Executar queuedwebhook
2026-04-28 06:26:01 [@b60d4e234048]
Externo #1: Executar queuedwebhook
2026-04-28 06:28:01 [@b60d4e234048]
Externo #1: Executar queuedwebhook
2026-04-28 06:28:01 [@b60d4e234048]
Externo #2: Executar pendingreason_autobump_autosolve
2026-04-28 06:30:01 [@b60d4e234048]
Externo #1: Executar queuedwebhook
2026-04-28 06:32:01 [@b60d4e234048]
Externo #1: Executar queuedwebhook
2026-04-28 06:34:01 [@b60d4e234048]
Externo #1: Executar queuedwebhook
2026-04-28 06:36:01 [@b60d4e234048]
Externo #1: Executar queuedwebhook
2026-04-28 06:38:01 [@b60d4e234048]
Externo #1: Executar queuedwebhook
2026-04-28 06:40:01 [@b60d4e234048]
Externo #1: Executar queuedwebhook
2026-04-28 06:42:01 [@b60d4e234048]
Externo #1: Executar queuedwebhook
2026-04-28 06:44:01 [@b60d4e234048]
Externo #1: Executar queuedwebhook
2026-04-28 06:46:01 [@b60d4e234048]
Externo #1: Executar queuedwebhook
2026-04-28 06:48:01 [@b60d4e234048]
Externo #1: Executar queuedwebhook
2026-04-28 06:50:01 [@b60d4e234048]
Externo #1: Executar queuedwebhook
2026-04-28 06:52:01 [@b60d4e234048]
Externo #1: Executar queuedwebhook
2026-04-28 06:54:01 [@b60d4e234048]
Externo #1: Executar queuedwebhook
2026-04-28 06:56:01 [@b60d4e234048]
Externo #1: Executar queuedwebhook
2026-04-28 06:58:01 [@b60d4e234048]
Externo #1: Executar queuedwebhook
2026-04-28 06:58:01 [@b60d4e234048]
Externo #2: Executar pendingreason_autobump_autosolve
2026-04-28 07:00:01 [@b60d4e234048]
Externo #1: Executar queuedwebhook
2026-04-28 07:02:01 [@b60d4e234048]
Externo #1: Executar queuedwebhook
2026-04-28 07:04:01 [@b60d4e234048]
Externo #1: Executar queuedwebhook
2026-04-28 07:06:01 [@b60d4e234048]
Externo #1: Executar queuedwebhook
2026-04-28 07:08:01 [@b60d4e234048]
Externo #1: Executar queuedwebhook
2026-04-28 07:10:02 [@b60d4e234048]
Externo #1: Executar queuedwebhook
2026-04-28 07:12:02 [@b60d4e234048]
Externo #1: Executar queuedwebhook
2026-04-28 07:14:02 [@b60d4e234048]
Externo #1: Executar queuedwebhook
2026-04-28 07:16:02 [@b60d4e234048]
Externo #1: Executar queuedwebhook
2026-04-28 07:18:02 [@b60d4e234048]
Externo #1: Executar queuedwebhook
2026-04-28 07:20:02 [@b60d4e234048]
Externo #1: Executar queuedwebhook
2026-04-28 07:22:02 [@b60d4e234048]
Externo #1: Executar queuedwebhook
2026-04-28 07:24:02 [@b60d4e234048]
Externo #1: Executar queuedwebhook
2026-04-28 07:26:02 [@b60d4e234048]
Externo #1: Executar queuedwebhook
2026-04-28 07:28:02 [@b60d4e234048]
Externo #1: Executar queuedwebhook
2026-04-28 07:28:02 [@b60d4e234048]
Externo #2: Executar pendingreason_autobump_autosolve
2026-04-28 07:30:02 [@b60d4e234048]
Externo #1: Executar queuedwebhook
2026-04-28 07:32:02 [@b60d4e234048]
Externo #1: Executar queuedwebhook
2026-04-28 07:34:02 [@b60d4e234048]
Externo #1: Executar queuedwebhook
2026-04-28 07:36:02 [@b60d4e234048]
Externo #1: Executar queuedwebhook
2026-04-28 07:38:02 [@b60d4e234048]
Externo #1: Executar queuedwebhook
2026-04-28 07:40:01 [@b60d4e234048]
Externo #1: Executar queuedwebhook
2026-04-28 07:42:01 [@b60d4e234048]
Externo #1: Executar queuedwebhook
2026-04-28 07:44:01 [@b60d4e234048]
Externo #1: Executar queuedwebhook
2026-04-28 07:46:01 [@b60d4e234048]
Externo #1: Executar queuedwebhook
2026-04-28 07:48:01 [@b60d4e234048]
Externo #1: Executar queuedwebhook
2026-04-28 07:50:01 [@b60d4e234048]
Externo #1: Executar queuedwebhook
2026-04-28 07:52:01 [@b60d4e234048]
Externo #1: Executar queuedwebhook
2026-04-28 07:54:01 [@b60d4e234048]
Externo #1: Executar queuedwebhook
2026-04-28 07:56:01 [@b60d4e234048]
Externo #1: Executar queuedwebhook
2026-04-28 07:58:01 [@b60d4e234048]
Externo #1: Executar queuedwebhook
2026-04-28 07:58:01 [@b60d4e234048]
Externo #2: Executar pendingreason_autobump_autosolve
2026-04-28 08:00:01 [@b60d4e234048]
Externo #1: Executar queuedwebhook
2026-04-28 08:02:02 [@b60d4e234048]
Externo #1: Executar queuedwebhook
2026-04-28 08:04:01 [@b60d4e234048]
Externo #1: Executar queuedwebhook
2026-04-28 08:06:02 [@b60d4e234048]
Externo #1: Executar queuedwebhook
2026-04-28 08:08:02 [@b60d4e234048]
Externo #1: Executar queuedwebhook
2026-04-28 08:10:01 [@b60d4e234048]
Externo #1: Executar queuedwebhook
2026-04-28 08:12:01 [@b60d4e234048]
Externo #1: Executar queuedwebhook
2026-04-28 08:14:01 [@b60d4e234048]
Externo #1: Executar queuedwebhook
2026-04-28 08:16:01 [@b60d4e234048]
Externo #1: Executar queuedwebhook
2026-04-28 08:18:01 [@b60d4e234048]
Externo #1: Executar queuedwebhook
2026-04-28 08:20:01 [@b60d4e234048]
Externo #1: Executar queuedwebhook
2026-04-28 08:22:01 [@b60d4e234048]
Externo #1: Executar queuedwebhook
2026-04-28 08:24:01 [@b60d4e234048]
Externo #1: Executar queuedwebhook
2026-04-28 08:26:01 [@b60d4e234048]
Externo #1: Executar queuedwebhook
2026-04-28 08:28:01 [@b60d4e234048]
Externo #1: Executar queuedwebhook
2026-04-28 08:28:01 [@b60d4e234048]
Externo #2: Executar DomainsAlert
2026-04-28 08:28:01 [@b60d4e234048]
Externo #3: Executar pendingreason_autobump_autosolve
2026-04-28 08:28:01 [@b60d4e234048]
Externo #4: Executar createinquest
2026-04-28 08:28:01 [@b60d4e234048]
Externo #5: Executar purgedraftforms
2026-04-28 08:30:01 [@b60d4e234048]
Externo #1: Executar queuedwebhook
2026-04-28 08:32:01 [@b60d4e234048]
Externo #1: Executar queuedwebhook
2026-04-28 08:34:01 [@b60d4e234048]
Externo #1: Executar queuedwebhook
2026-04-28 08:36:01 [@b60d4e234048]
Externo #1: Executar queuedwebhook
2026-04-28 08:38:01 [@b60d4e234048]
Externo #1: Executar queuedwebhook
2026-04-28 08:40:01 [@b60d4e234048]
Externo #1: Executar queuedwebhook
2026-04-28 08:42:01 [@b60d4e234048]
Externo #1: Executar queuedwebhook
2026-04-28 08:44:01 [@b60d4e234048]
Externo #1: Executar queuedwebhook
2026-04-28 08:46:01 [@b60d4e234048]
Externo #1: Executar queuedwebhook
2026-04-28 08:48:01 [@b60d4e234048]
Externo #1: Executar queuedwebhook
2026-04-28 08:50:01 [@b60d4e234048]
Externo #1: Executar queuedwebhook
2026-04-28 08:52:01 [@b60d4e234048]
Externo #1: Executar queuedwebhook
2026-04-28 08:54:01 [@b60d4e234048]
Externo #1: Executar queuedwebhook
2026-04-28 08:56:01 [@b60d4e234048]
Externo #1: Executar queuedwebhook
2026-04-28 08:58:01 [@b60d4e234048]
Externo #1: Executar queuedwebhook
2026-04-28 08:58:01 [@b60d4e234048]
Externo #2: Executar pendingreason_autobump_autosolve
2026-04-28 09:00:02 [@b60d4e234048]
Externo #1: Executar queuedwebhook
2026-04-28 09:02:02 [@b60d4e234048]
Externo #1: Executar queuedwebhook
2026-04-28 09:04:02 [@b60d4e234048]
Externo #1: Executar queuedwebhook
2026-04-28 09:06:01 [@b60d4e234048]
Externo #1: Executar queuedwebhook
2026-04-28 09:08:01 [@b60d4e234048]
Externo #1: Executar queuedwebhook
2026-04-28 09:10:02 [@b60d4e234048]
Externo #1: Executar queuedwebhook
2026-04-28 09:10:45 [@b60d4e234048]
Interno #1: Executar watcher
2026-04-28 09:12:02 [@b60d4e234048]
Externo #1: Executar queuedwebhook
2026-04-28 09:14:02 [@b60d4e234048]
Externo #1: Executar queuedwebhook
2026-04-28 09:16:04 [@b60d4e234048]
Externo #1: Executar queuedwebhook
2026-04-28 09:18:01 [@b60d4e234048]
Externo #1: Executar queuedwebhook
2026-04-28 09:20:01 [@b60d4e234048]
Externo #1: Executar queuedwebhook
2026-04-28 09:22:01 [@b60d4e234048]
Externo #1: Executar queuedwebhook
2026-04-28 09:24:01 [@b60d4e234048]
Externo #1: Executar queuedwebhook
2026-04-28 09:26:01 [@b60d4e234048]
Externo #1: Executar queuedwebhook
2026-04-28 09:28:01 [@b60d4e234048]
Externo #1: Executar queuedwebhook
2026-04-28 09:28:01 [@b60d4e234048]
Externo #2: Executar pendingreason_autobump_autosolve
2026-04-28 09:30:01 [@b60d4e234048]
Externo #1: Executar queuedwebhook
2026-04-28 09:32:01 [@b60d4e234048]
Externo #1: Executar queuedwebhook
2026-04-28 09:34:01 [@b60d4e234048]
Externo #1: Executar queuedwebhook
2026-04-28 09:36:01 [@b60d4e234048]
Externo #1: Executar queuedwebhook
2026-04-28 09:38:01 [@b60d4e234048]
Externo #1: Executar queuedwebhook
2026-04-28 09:40:02 [@b60d4e234048]
Externo #1: Executar queuedwebhook
2026-04-28 09:41:38 [@b60d4e234048]
Interno #1: Executar planningrecall
2026-04-28 09:42:02 [@b60d4e234048]
Externo #1: Executar queuedwebhook
2026-04-28 09:44:02 [@b60d4e234048]
Externo #1: Executar queuedwebhook
2026-04-28 09:46:02 [@b60d4e234048]
Externo #1: Executar queuedwebhook
2026-04-28 09:48:01 [@b60d4e234048]
Externo #1: Executar queuedwebhook
2026-04-28 09:50:01 [@b60d4e234048]
Externo #1: Executar queuedwebhook
2026-04-28 09:52:01 [@b60d4e234048]
Externo #1: Executar queuedwebhook
2026-04-28 09:54:02 [@b60d4e234048]
Externo #1: Executar queuedwebhook
2026-04-28 09:56:02 [@b60d4e234048]
Externo #1: Executar queuedwebhook
2026-04-28 09:58:01 [@b60d4e234048]
Externo #1: Executar queuedwebhook
2026-04-28 09:58:01 [@b60d4e234048]
Externo #2: Executar pendingreason_autobump_autosolve
2026-04-28 10:00:01 [@b60d4e234048]
Externo #1: Executar queuedwebhook
2026-04-28 10:02:02 [@b60d4e234048]
Externo #1: Executar queuedwebhook
2026-04-28 10:04:02 [@b60d4e234048]
Externo #1: Executar queuedwebhook
2026-04-28 10:06:01 [@b60d4e234048]
Externo #1: Executar queuedwebhook
2026-04-28 10:08:02 [@b60d4e234048]
Externo #1: Executar queuedwebhook
2026-04-28 10:10:02 [@b60d4e234048]
Externo #1: Executar queuedwebhook
2026-04-28 10:12:02 [@b60d4e234048]
Externo #1: Executar queuedwebhook
2026-04-28 10:14:02 [@b60d4e234048]
Externo #1: Executar queuedwebhook
2026-04-28 10:16:02 [@b60d4e234048]
Externo #1: Executar queuedwebhook
2026-04-28 10:18:01 [@b60d4e234048]
Externo #1: Executar queuedwebhook
2026-04-28 10:20:02 [@b60d4e234048]
Externo #1: Executar queuedwebhook
2026-04-28 10:22:02 [@b60d4e234048]
Externo #1: Executar queuedwebhook
2026-04-28 10:24:01 [@b60d4e234048]
Externo #1: Executar queuedwebhook
2026-04-28 10:26:02 [@b60d4e234048]
Externo #1: Executar queuedwebhook
2026-04-28 10:28:02 [@b60d4e234048]
Externo #1: Executar queuedwebhook
2026-04-28 10:28:02 [@b60d4e234048]
Externo #2: Executar pendingreason_autobump_autosolve
2026-04-28 10:30:01 [@b60d4e234048]
Externo #1: Executar queuedwebhook
2026-04-28 10:32:03 [@b60d4e234048]
Externo #1: Executar queuedwebhook
2026-04-28 10:34:01 [@b60d4e234048]
Externo #1: Executar queuedwebhook
2026-04-28 10:36:01 [@b60d4e234048]
Externo #1: Executar queuedwebhook
2026-04-28 10:38:01 [@b60d4e234048]
Externo #1: Executar queuedwebhook
2026-04-28 10:40:03 [@b60d4e234048]
Externo #1: Executar queuedwebhook
2026-04-28 10:42:02 [@b60d4e234048]
Externo #1: Executar queuedwebhook
2026-04-28 10:44:03 [@b60d4e234048]
Externo #1: Executar queuedwebhook
2026-04-28 10:46:02 [@b60d4e234048]
Externo #1: Executar queuedwebhook
2026-04-28 10:48:02 [@b60d4e234048]
Externo #1: Executar queuedwebhook
2026-04-28 10:50:02 [@b60d4e234048]
Externo #1: Executar queuedwebhook
2026-04-28 10:52:02 [@b60d4e234048]
Externo #1: Executar queuedwebhook
2026-04-28 10:54:03 [@b60d4e234048]
Externo #1: Executar queuedwebhook
2026-04-28 10:56:03 [@b60d4e234048]
Externo #1: Executar queuedwebhook
2026-04-28 10:58:03 [@b60d4e234048]
Externo #1: Executar queuedwebhook
2026-04-28 10:58:03 [@b60d4e234048]
Externo #2: Executar pendingreason_autobump_autosolve
2026-04-28 11:00:02 [@b60d4e234048]
Externo #1: Executar queuedwebhook
2026-04-28 11:02:02 [@b60d4e234048]
Externo #1: Executar queuedwebhook
2026-04-28 11:04:03 [@b60d4e234048]
Externo #1: Executar queuedwebhook
2026-04-28 11:06:02 [@b60d4e234048]
Externo #1: Executar queuedwebhook
2026-04-28 11:08:03 [@b60d4e234048]
Externo #1: Executar queuedwebhook
2026-04-28 11:10:01 [@b60d4e234048]
Externo #1: Executar queuedwebhook
2026-04-28 11:12:01 [@b60d4e234048]
Externo #1: Executar queuedwebhook
2026-04-28 11:14:01 [@b60d4e234048]
Externo #1: Executar queuedwebhook
2026-04-28 11:16:01 [@b60d4e234048]
Externo #1: Executar queuedwebhook
2026-04-28 11:18:02 [@b60d4e234048]
Externo #1: Executar queuedwebhook
2026-04-28 11:20:01 [@b60d4e234048]
Externo #1: Executar queuedwebhook
2026-04-28 11:22:02 [@b60d4e234048]
Externo #1: Executar queuedwebhook
2026-04-28 11:24:01 [@b60d4e234048]
Externo #1: Executar queuedwebhook
2026-04-28 11:26:02 [@b60d4e234048]
Externo #1: Executar queuedwebhook
2026-04-28 11:28:01 [@b60d4e234048]
Externo #1: Executar queuedwebhook
2026-04-28 11:28:01 [@b60d4e234048]
Externo #2: Executar pendingreason_autobump_autosolve
2026-04-28 11:30:02 [@b60d4e234048]
Externo #1: Executar queuedwebhook
2026-04-28 11:32:01 [@b60d4e234048]
Externo #1: Executar queuedwebhook
2026-04-28 11:34:02 [@b60d4e234048]
Externo #1: Executar queuedwebhook
2026-04-28 11:36:02 [@b60d4e234048]
Externo #1: Executar queuedwebhook
2026-04-28 11:38:03 [@b60d4e234048]
Externo #1: Executar queuedwebhook
2026-04-28 11:40:06 [@b60d4e234048]
Externo #1: Executar queuedwebhook
2026-04-28 11:42:05 [@b60d4e234048]
Externo #1: Executar queuedwebhook
2026-04-28 11:44:05 [@b60d4e234048]
Externo #1: Executar queuedwebhook
2026-04-28 11:46:04 [@b60d4e234048]
Externo #1: Executar queuedwebhook
2026-04-28 11:48:19 [@b60d4e234048]
Externo #1: Executar queuedwebhook
2026-04-28 11:50:03 [@b60d4e234048]
Externo #1: Executar queuedwebhook
2026-04-28 11:52:05 [@b60d4e234048]
Externo #1: Executar queuedwebhook
2026-04-28 11:54:11 [@b60d4e234048]
Externo #1: Executar queuedwebhook
2026-04-28 11:56:07 [@b60d4e234048]
Externo #1: Executar queuedwebhook
2026-04-28 11:58:04 [@b60d4e234048]
Externo #1: Executar queuedwebhook
2026-04-28 11:58:04 [@b60d4e234048]
Externo #2: Executar pendingreason_autobump_autosolve
2026-04-28 12:00:02 [@b60d4e234048]
Externo #1: Executar queuedwebhook
2026-04-28 12:02:07 [@b60d4e234048]
Externo #1: Executar queuedwebhook
2026-04-28 12:04:01 [@b60d4e234048]
Externo #1: Executar queuedwebhook
2026-04-28 12:06:02 [@b60d4e234048]
Externo #1: Executar queuedwebhook
2026-04-28 12:08:01 [@b60d4e234048]
Externo #1: Executar queuedwebhook
2026-04-28 12:10:01 [@b60d4e234048]
Externo #1: Executar queuedwebhook
2026-04-28 12:12:02 [@b60d4e234048]
Externo #1: Executar queuedwebhook
2026-04-28 12:12:34 [@b60d4e234048]
Interno #1: Executar olaticket
2026-04-28 12:14:01 [@b60d4e234048]
Externo #1: Executar queuedwebhook
2026-04-28 12:16:02 [@b60d4e234048]
Externo #1: Executar queuedwebhook
2026-04-28 12:18:01 [@b60d4e234048]
Externo #1: Executar queuedwebhook
2026-04-28 12:20:01 [@b60d4e234048]
Externo #1: Executar queuedwebhook
2026-04-28 12:22:01 [@b60d4e234048]
Externo #1: Executar queuedwebhook
2026-04-28 12:24:02 [@b60d4e234048]
Externo #1: Executar queuedwebhook
2026-04-28 12:26:01 [@b60d4e234048]
Externo #1: Executar queuedwebhook
2026-04-28 12:28:01 [@b60d4e234048]
Externo #1: Executar queuedwebhook
2026-04-28 12:28:01 [@b60d4e234048]
Externo #2: Executar pendingreason_autobump_autosolve
2026-04-28 12:30:01 [@b60d4e234048]
Externo #1: Executar queuedwebhook
2026-04-28 12:32:01 [@b60d4e234048]
Externo #1: Executar queuedwebhook
2026-04-28 12:34:01 [@b60d4e234048]
Externo #1: Executar queuedwebhook
2026-04-28 12:36:01 [@b60d4e234048]
Externo #1: Executar queuedwebhook
2026-04-28 12:38:01 [@b60d4e234048]
Externo #1: Executar queuedwebhook
2026-04-28 12:40:02 [@b60d4e234048]
Externo #1: Executar queuedwebhook
2026-04-28 12:42:02 [@b60d4e234048]
Externo #1: Executar queuedwebhook
2026-04-28 12:44:02 [@b60d4e234048]
Externo #1: Executar queuedwebhook
2026-04-28 12:46:02 [@b60d4e234048]
Externo #1: Executar queuedwebhook
2026-04-28 12:48:02 [@b60d4e234048]
Externo #1: Executar queuedwebhook
2026-04-28 12:50:03 [@b60d4e234048]
Externo #1: Executar queuedwebhook
2026-04-28 12:52:02 [@b60d4e234048]
Externo #1: Executar queuedwebhook
2026-04-28 12:54:02 [@b60d4e234048]
Externo #1: Executar queuedwebhook
2026-04-28 12:56:02 [@b60d4e234048]
Externo #1: Executar queuedwebhook
2026-04-28 12:58:01 [@b60d4e234048]
Externo #1: Executar queuedwebhook
2026-04-28 12:58:01 [@b60d4e234048]
Externo #2: Executar pendingreason_autobump_autosolve
2026-04-28 13:00:01 [@b60d4e234048]
Externo #1: Executar queuedwebhook
2026-04-28 13:02:01 [@b60d4e234048]
Externo #1: Executar queuedwebhook
2026-04-28 13:04:01 [@b60d4e234048]
Externo #1: Executar queuedwebhook
2026-04-28 13:06:01 [@b60d4e234048]
Externo #1: Executar queuedwebhook
2026-04-28 13:08:02 [@b60d4e234048]
Externo #1: Executar queuedwebhook
2026-04-28 13:10:01 [@b60d4e234048]
Externo #1: Executar queuedwebhook
2026-04-28 13:12:01 [@b60d4e234048]
Externo #1: Executar queuedwebhook
2026-04-28 13:14:01 [@b60d4e234048]
Externo #1: Executar queuedwebhook
2026-04-28 13:16:02 [@b60d4e234048]
Externo #1: Executar queuedwebhook
2026-04-28 13:18:02 [@b60d4e234048]
Externo #1: Executar queuedwebhook
2026-04-28 13:20:02 [@b60d4e234048]
Externo #1: Executar queuedwebhook
2026-04-28 13:22:02 [@b60d4e234048]
Externo #1: Executar queuedwebhook
2026-04-28 13:24:02 [@b60d4e234048]
Externo #1: Executar queuedwebhook
2026-04-28 13:26:02 [@b60d4e234048]
Externo #1: Executar queuedwebhook
2026-04-28 13:28:02 [@b60d4e234048]
Externo #1: Executar queuedwebhook
2026-04-28 13:28:02 [@b60d4e234048]
Externo #2: Executar pendingreason_autobump_autosolve
2026-04-28 13:30:02 [@b60d4e234048]
Externo #1: Executar queuedwebhook
2026-04-28 13:32:02 [@b60d4e234048]
Externo #1: Executar queuedwebhook
2026-04-28 13:34:01 [@b60d4e234048]
Externo #1: Executar queuedwebhook
2026-04-28 13:36:02 [@b60d4e234048]
Externo #1: Executar queuedwebhook
2026-04-28 13:38:02 [@b60d4e234048]
Externo #1: Executar queuedwebhook
2026-04-28 13:40:03 [@b60d4e234048]
Externo #1: Executar queuedwebhook
2026-04-28 13:42:02 [@b60d4e234048]
Externo #1: Executar queuedwebhook
2026-04-28 13:44:03 [@b60d4e234048]
Externo #1: Executar queuedwebhook
2026-04-28 13:46:03 [@b60d4e234048]
Externo #1: Executar queuedwebhook
2026-04-28 13:48:02 [@b60d4e234048]
Externo #1: Executar queuedwebhook
2026-04-28 13:50:02 [@b60d4e234048]
Externo #1: Executar queuedwebhook
2026-04-28 13:52:03 [@b60d4e234048]
Externo #1: Executar queuedwebhook
2026-04-28 13:54:02 [@b60d4e234048]
Externo #1: Executar queuedwebhook
2026-04-28 13:56:02 [@b60d4e234048]
Externo #1: Executar queuedwebhook
2026-04-28 13:58:02 [@b60d4e234048]
Externo #1: Executar queuedwebhook
2026-04-28 13:58:02 [@b60d4e234048]
Externo #2: Executar pendingreason_autobump_autosolve
2026-04-28 14:00:02 [@b60d4e234048]
Externo #1: Executar queuedwebhook
2026-04-28 14:02:02 [@b60d4e234048]
Externo #1: Executar queuedwebhook
2026-04-28 14:04:02 [@b60d4e234048]
Externo #1: Executar queuedwebhook
2026-04-28 14:06:02 [@b60d4e234048]
Externo #1: Executar queuedwebhook
2026-04-28 14:08:02 [@b60d4e234048]
Externo #1: Executar queuedwebhook
2026-04-28 14:10:03 [@b60d4e234048]
Externo #1: Executar queuedwebhook
2026-04-28 14:12:02 [@b60d4e234048]
Externo #1: Executar queuedwebhook
2026-04-28 14:14:02 [@b60d4e234048]
Externo #1: Executar queuedwebhook
2026-04-28 14:16:01 [@b60d4e234048]
Externo #1: Executar queuedwebhook
2026-04-28 14:18:02 [@b60d4e234048]
Externo #1: Executar queuedwebhook
2026-04-28 14:20:02 [@b60d4e234048]
Externo #1: Executar queuedwebhook
2026-04-28 14:22:01 [@b60d4e234048]
Externo #1: Executar queuedwebhook
2026-04-28 14:24:02 [@b60d4e234048]
Externo #1: Executar queuedwebhook
2026-04-28 14:26:02 [@b60d4e234048]
Externo #1: Executar queuedwebhook
2026-04-28 14:28:02 [@b60d4e234048]
Externo #1: Executar queuedwebhook
2026-04-28 14:28:02 [@b60d4e234048]
Externo #2: Executar pendingreason_autobump_autosolve
2026-04-28 14:30:02 [@b60d4e234048]
Externo #1: Executar queuedwebhook
2026-04-28 14:32:02 [@b60d4e234048]
Externo #1: Executar queuedwebhook
2026-04-28 14:34:01 [@b60d4e234048]
Externo #1: Executar queuedwebhook
2026-04-28 14:36:03 [@b60d4e234048]
Externo #1: Executar queuedwebhook
2026-04-28 14:38:01 [@b60d4e234048]
Externo #1: Executar queuedwebhook
2026-04-28 14:40:02 [@b60d4e234048]
Externo #1: Executar queuedwebhook
2026-04-28 14:42:02 [@b60d4e234048]
Externo #1: Executar queuedwebhook
2026-04-28 14:44:01 [@b60d4e234048]
Externo #1: Executar queuedwebhook
2026-04-28 14:46:01 [@b60d4e234048]
Externo #1: Executar queuedwebhook
2026-04-28 14:48:01 [@b60d4e234048]
Externo #1: Executar queuedwebhook
2026-04-28 14:50:01 [@b60d4e234048]
Externo #1: Executar queuedwebhook
2026-04-28 14:52:01 [@b60d4e234048]
Externo #1: Executar queuedwebhook
2026-04-28 14:54:01 [@b60d4e234048]
Externo #1: Executar queuedwebhook
2026-04-28 14:56:02 [@b60d4e234048]
Externo #1: Executar queuedwebhook
2026-04-28 14:58:02 [@b60d4e234048]
Externo #1: Executar queuedwebhook
2026-04-28 14:58:02 [@b60d4e234048]
Externo #2: Executar pendingreason_autobump_autosolve
2026-04-28 15:00:01 [@b60d4e234048]
Externo #1: Executar queuedwebhook
2026-04-28 15:02:02 [@b60d4e234048]
Externo #1: Executar queuedwebhook
2026-04-28 15:04:01 [@b60d4e234048]
Externo #1: Executar queuedwebhook
2026-04-28 15:06:01 [@b60d4e234048]
Externo #1: Executar queuedwebhook
2026-04-28 15:08:02 [@b60d4e234048]
Externo #1: Executar queuedwebhook
2026-04-28 15:10:02 [@b60d4e234048]
Externo #1: Executar queuedwebhook
2026-04-28 15:12:02 [@b60d4e234048]
Externo #1: Executar queuedwebhook
2026-04-28 15:14:02 [@b60d4e234048]
Externo #1: Executar queuedwebhook
2026-04-28 15:16:02 [@b60d4e234048]
Externo #1: Executar queuedwebhook
2026-04-28 15:18:01 [@b60d4e234048]
Externo #1: Executar queuedwebhook
2026-04-28 15:20:02 [@b60d4e234048]
Externo #1: Executar queuedwebhook
2026-04-28 15:22:01 [@b60d4e234048]
Externo #1: Executar queuedwebhook
2026-04-28 15:24:02 [@b60d4e234048]
Externo #1: Executar queuedwebhook
2026-04-28 15:26:02 [@b60d4e234048]
Externo #1: Executar queuedwebhook
2026-04-28 15:28:01 [@b60d4e234048]
Externo #1: Executar queuedwebhook
2026-04-28 15:28:01 [@b60d4e234048]
Externo #2: Executar pendingreason_autobump_autosolve
2026-04-28 15:30:01 [@b60d4e234048]
Externo #1: Executar queuedwebhook
2026-04-28 15:32:02 [@b60d4e234048]
Externo #1: Executar queuedwebhook
2026-04-28 15:34:02 [@b60d4e234048]
Externo #1: Executar queuedwebhook
2026-04-28 15:36:02 [@b60d4e234048]
Externo #1: Executar queuedwebhook
2026-04-28 15:38:01 [@b60d4e234048]
Externo #1: Executar queuedwebhook
2026-04-28 15:40:02 [@b60d4e234048]
Externo #1: Executar queuedwebhook
2026-04-28 15:42:02 [@b60d4e234048]
Externo #1: Executar queuedwebhook
2026-04-28 15:44:02 [@b60d4e234048]
Externo #1: Executar queuedwebhook
2026-04-28 15:46:02 [@b60d4e234048]
Externo #1: Executar queuedwebhook
2026-04-28 15:48:02 [@b60d4e234048]
Externo #1: Executar queuedwebhook
2026-04-28 15:50:02 [@b60d4e234048]
Externo #1: Executar queuedwebhook
2026-04-28 15:52:02 [@b60d4e234048]
Externo #1: Executar queuedwebhook
2026-04-28 15:54:03 [@b60d4e234048]
Externo #1: Executar queuedwebhook
2026-04-28 15:56:03 [@b60d4e234048]
Externo #1: Executar queuedwebhook
2026-04-28 15:58:02 [@b60d4e234048]
Externo #1: Executar queuedwebhook
2026-04-28 15:58:02 [@b60d4e234048]
Externo #2: Executar pendingreason_autobump_autosolve
2026-04-28 16:00:02 [@b60d4e234048]
Externo #1: Executar queuedwebhook
2026-04-28 16:02:02 [@b60d4e234048]
Externo #1: Executar queuedwebhook
2026-04-28 16:04:02 [@b60d4e234048]
Externo #1: Executar queuedwebhook
2026-04-28 16:06:02 [@b60d4e234048]
Externo #1: Executar queuedwebhook
2026-04-28 16:08:02 [@b60d4e234048]
Externo #1: Executar queuedwebhook
2026-04-28 16:10:01 [@b60d4e234048]
Externo #1: Executar queuedwebhook
2026-04-28 16:12:02 [@b60d4e234048]
Externo #1: Executar queuedwebhook
2026-04-28 16:14:01 [@b60d4e234048]
Externo #1: Executar queuedwebhook
2026-04-28 16:16:01 [@b60d4e234048]
Externo #1: Executar queuedwebhook
2026-04-28 16:18:01 [@b60d4e234048]
Externo #1: Executar queuedwebhook
2026-04-28 16:20:02 [@b60d4e234048]
Externo #1: Executar queuedwebhook
2026-04-28 16:22:01 [@b60d4e234048]
Externo #1: Executar queuedwebhook
2026-04-28 16:24:02 [@b60d4e234048]
Externo #1: Executar queuedwebhook
2026-04-28 16:26:01 [@b60d4e234048]
Externo #1: Executar queuedwebhook
2026-04-28 16:28:02 [@b60d4e234048]
Externo #1: Executar queuedwebhook
2026-04-28 16:28:02 [@b60d4e234048]
Externo #2: Executar pendingreason_autobump_autosolve
2026-04-28 16:30:02 [@b60d4e234048]
Externo #1: Executar queuedwebhook
2026-04-28 16:32:02 [@b60d4e234048]
Externo #1: Executar queuedwebhook
2026-04-28 16:34:01 [@b60d4e234048]
Externo #1: Executar queuedwebhook
2026-04-28 16:36:01 [@b60d4e234048]
Externo #1: Executar queuedwebhook
2026-04-28 16:38:02 [@b60d4e234048]
Externo #1: Executar queuedwebhook
2026-04-28 16:40:02 [@b60d4e234048]
Externo #1: Executar queuedwebhook
2026-04-28 16:42:02 [@b60d4e234048]
Externo #1: Executar queuedwebhook
2026-04-28 16:44:03 [@b60d4e234048]
Externo #1: Executar queuedwebhook
2026-04-28 16:46:02 [@b60d4e234048]
Externo #1: Executar queuedwebhook
2026-04-28 16:48:02 [@b60d4e234048]
Externo #1: Executar queuedwebhook
2026-04-28 16:50:03 [@b60d4e234048]
Externo #1: Executar queuedwebhook
2026-04-28 16:52:02 [@b60d4e234048]
Externo #1: Executar queuedwebhook
2026-04-28 16:54:02 [@b60d4e234048]
Externo #1: Executar queuedwebhook
2026-04-28 16:56:02 [@b60d4e234048]
Externo #1: Executar queuedwebhook
2026-04-28 16:58:02 [@b60d4e234048]
Externo #1: Executar queuedwebhook
2026-04-28 16:58:02 [@b60d4e234048]
Externo #2: Executar pendingreason_autobump_autosolve
2026-04-28 17:00:02 [@b60d4e234048]
Externo #1: Executar queuedwebhook
2026-04-28 17:02:02 [@b60d4e234048]
Externo #1: Executar queuedwebhook
2026-04-28 17:04:02 [@b60d4e234048]
Externo #1: Executar queuedwebhook
2026-04-28 17:06:02 [@b60d4e234048]
Externo #1: Executar queuedwebhook
2026-04-28 17:08:02 [@b60d4e234048]
Externo #1: Executar queuedwebhook
2026-04-28 17:10:01 [@b60d4e234048]
Externo #1: Executar queuedwebhook
2026-04-28 17:12:01 [@b60d4e234048]
Externo #1: Executar queuedwebhook
2026-04-28 17:14:02 [@b60d4e234048]
Externo #1: Executar queuedwebhook
2026-04-28 17:16:01 [@b60d4e234048]
Externo #1: Executar queuedwebhook
2026-04-28 17:18:01 [@b60d4e234048]
Externo #1: Executar queuedwebhook
2026-04-28 17:20:01 [@b60d4e234048]
Externo #1: Executar queuedwebhook
2026-04-28 17:22:02 [@b60d4e234048]
Externo #1: Executar queuedwebhook
2026-04-28 17:24:02 [@b60d4e234048]
Externo #1: Executar queuedwebhook
2026-04-28 17:26:02 [@b60d4e234048]
Externo #1: Executar queuedwebhook
2026-04-28 17:28:01 [@b60d4e234048]
Externo #1: Executar queuedwebhook
2026-04-28 17:28:01 [@b60d4e234048]
Externo #2: Executar pendingreason_autobump_autosolve
2026-04-28 17:30:02 [@b60d4e234048]
Externo #1: Executar queuedwebhook
2026-04-28 17:32:01 [@b60d4e234048]
Externo #1: Executar queuedwebhook
2026-04-28 17:34:02 [@b60d4e234048]
Externo #1: Executar queuedwebhook
2026-04-28 17:36:01 [@b60d4e234048]
Externo #1: Executar queuedwebhook
2026-04-28 17:38:01 [@b60d4e234048]
Externo #1: Executar queuedwebhook
2026-04-28 17:40:02 [@b60d4e234048]
Externo #1: Executar queuedwebhook
2026-04-28 17:42:02 [@b60d4e234048]
Externo #1: Executar queuedwebhook
2026-04-28 17:44:01 [@b60d4e234048]
Externo #1: Executar queuedwebhook
2026-04-28 17:46:01 [@b60d4e234048]
Externo #1: Executar queuedwebhook
2026-04-28 17:48:01 [@b60d4e234048]
Externo #1: Executar queuedwebhook
2026-04-28 17:50:01 [@b60d4e234048]
Externo #1: Executar queuedwebhook
2026-04-28 17:52:02 [@b60d4e234048]
Externo #1: Executar queuedwebhook
2026-04-28 17:54:01 [@b60d4e234048]
Externo #1: Executar queuedwebhook
2026-04-28 17:56:01 [@b60d4e234048]
Externo #1: Executar queuedwebhook
2026-04-28 17:58:02 [@b60d4e234048]
Externo #1: Executar queuedwebhook
2026-04-28 17:58:02 [@b60d4e234048]
Externo #2: Executar pendingreason_autobump_autosolve
2026-04-28 18:00:01 [@b60d4e234048]
Externo #1: Executar queuedwebhook
2026-04-28 18:02:01 [@b60d4e234048]
Externo #1: Executar queuedwebhook
2026-04-28 18:04:02 [@b60d4e234048]
Externo #1: Executar queuedwebhook
2026-04-28 18:06:01 [@b60d4e234048]
Externo #1: Executar queuedwebhook
2026-04-28 18:08:02 [@b60d4e234048]
Externo #1: Executar queuedwebhook
2026-04-28 18:10:03 [@b60d4e234048]
Externo #1: Executar queuedwebhook
2026-04-28 18:12:02 [@b60d4e234048]
Externo #1: Executar queuedwebhook
2026-04-28 18:14:03 [@b60d4e234048]
Externo #1: Executar queuedwebhook
2026-04-28 18:16:03 [@b60d4e234048]
Externo #1: Executar queuedwebhook
2026-04-28 18:18:02 [@b60d4e234048]
Externo #1: Executar queuedwebhook
2026-04-28 18:20:02 [@b60d4e234048]
Externo #1: Executar queuedwebhook
2026-04-28 18:22:02 [@b60d4e234048]
Externo #1: Executar queuedwebhook
2026-04-28 18:24:02 [@b60d4e234048]
Externo #1: Executar queuedwebhook
2026-04-28 18:26:02 [@b60d4e234048]
Externo #1: Executar queuedwebhook
2026-04-28 18:28:02 [@b60d4e234048]
Externo #1: Executar queuedwebhook
2026-04-28 18:28:02 [@b60d4e234048]
Externo #2: Executar pendingreason_autobump_autosolve
2026-04-28 18:30:02 [@b60d4e234048]
Externo #1: Executar queuedwebhook
2026-04-28 18:32:02 [@b60d4e234048]
Externo #1: Executar queuedwebhook
2026-04-28 18:34:02 [@b60d4e234048]
Externo #1: Executar queuedwebhook
2026-04-28 18:36:02 [@b60d4e234048]
Externo #1: Executar queuedwebhook
2026-04-28 18:38:02 [@b60d4e234048]
Externo #1: Executar queuedwebhook
2026-04-28 18:40:02 [@b60d4e234048]
Externo #1: Executar queuedwebhook
2026-04-28 18:42:01 [@b60d4e234048]
Externo #1: Executar queuedwebhook
2026-04-28 18:44:02 [@b60d4e234048]
Externo #1: Executar queuedwebhook
2026-04-28 18:46:02 [@b60d4e234048]
Externo #1: Executar queuedwebhook
2026-04-28 18:48:02 [@b60d4e234048]
Externo #1: Executar queuedwebhook
2026-04-28 18:50:01 [@b60d4e234048]
Externo #1: Executar queuedwebhook
2026-04-28 18:52:01 [@b60d4e234048]
Externo #1: Executar queuedwebhook
2026-04-28 18:54:01 [@b60d4e234048]
Externo #1: Executar queuedwebhook
2026-04-28 18:56:01 [@b60d4e234048]
Externo #1: Executar queuedwebhook
2026-04-28 18:58:01 [@b60d4e234048]
Externo #1: Executar queuedwebhook
2026-04-28 18:58:01 [@b60d4e234048]
Externo #2: Executar pendingreason_autobump_autosolve
2026-04-28 19:00:02 [@b60d4e234048]
Externo #1: Executar queuedwebhook
2026-04-28 19:02:02 [@b60d4e234048]
Externo #1: Executar queuedwebhook
2026-04-28 19:04:02 [@b60d4e234048]
Externo #1: Executar queuedwebhook
2026-04-28 19:06:01 [@b60d4e234048]
Externo #1: Executar queuedwebhook
2026-04-28 19:08:02 [@b60d4e234048]
Externo #1: Executar queuedwebhook
2026-04-28 19:10:02 [@b60d4e234048]
Externo #1: Executar queuedwebhook
2026-04-28 19:12:03 [@b60d4e234048]
Externo #1: Executar queuedwebhook
2026-04-28 19:14:02 [@b60d4e234048]
Externo #1: Executar queuedwebhook
2026-04-28 19:16:02 [@b60d4e234048]
Externo #1: Executar queuedwebhook
2026-04-28 19:18:03 [@b60d4e234048]
Externo #1: Executar queuedwebhook
2026-04-28 19:20:02 [@b60d4e234048]
Externo #1: Executar queuedwebhook
2026-04-28 19:22:02 [@b60d4e234048]
Externo #1: Executar queuedwebhook
2026-04-28 19:24:02 [@b60d4e234048]
Externo #1: Executar queuedwebhook
2026-04-28 19:26:02 [@b60d4e234048]
Externo #1: Executar queuedwebhook
2026-04-28 19:28:03 [@b60d4e234048]
Externo #1: Executar queuedwebhook
2026-04-28 19:28:03 [@b60d4e234048]
Externo #2: Executar pendingreason_autobump_autosolve
2026-04-28 19:30:02 [@b60d4e234048]
Externo #1: Executar queuedwebhook
2026-04-28 19:32:03 [@b60d4e234048]
Externo #1: Executar queuedwebhook
2026-04-28 19:34:02 [@b60d4e234048]
Externo #1: Executar queuedwebhook
2026-04-28 19:36:02 [@b60d4e234048]
Externo #1: Executar queuedwebhook
2026-04-28 19:38:02 [@b60d4e234048]
Externo #1: Executar queuedwebhook
2026-04-28 19:40:03 [@b60d4e234048]
Externo #1: Executar queuedwebhook
2026-04-28 19:42:01 [@b60d4e234048]
Externo #1: Executar queuedwebhook
2026-04-28 19:44:01 [@b60d4e234048]
Externo #1: Executar queuedwebhook
2026-04-28 19:46:01 [@b60d4e234048]
Externo #1: Executar queuedwebhook
2026-04-28 19:48:01 [@b60d4e234048]
Externo #1: Executar queuedwebhook
2026-04-28 19:50:01 [@b60d4e234048]
Externo #1: Executar queuedwebhook
2026-04-28 19:52:01 [@b60d4e234048]
Externo #1: Executar queuedwebhook
2026-04-28 19:54:01 [@b60d4e234048]
Externo #1: Executar queuedwebhook
2026-04-28 19:56:02 [@b60d4e234048]
Externo #1: Executar queuedwebhook
2026-04-28 19:58:01 [@b60d4e234048]
Externo #1: Executar queuedwebhook
2026-04-28 19:58:01 [@b60d4e234048]
Externo #2: Executar pendingreason_autobump_autosolve
2026-04-28 20:00:01 [@b60d4e234048]
Externo #1: Executar queuedwebhook
2026-04-28 20:02:01 [@b60d4e234048]
Externo #1: Executar queuedwebhook
2026-04-28 20:04:02 [@b60d4e234048]
Externo #1: Executar queuedwebhook
2026-04-28 20:06:01 [@b60d4e234048]
Externo #1: Executar queuedwebhook
2026-04-28 20:08:01 [@b60d4e234048]
Externo #1: Executar queuedwebhook
2026-04-28 20:10:01 [@b60d4e234048]
Externo #1: Executar queuedwebhook
2026-04-28 20:12:01 [@b60d4e234048]
Externo #1: Executar queuedwebhook
2026-04-28 20:14:01 [@b60d4e234048]
Externo #1: Executar queuedwebhook
2026-04-28 20:16:01 [@b60d4e234048]
Externo #1: Executar queuedwebhook
2026-04-28 20:18:01 [@b60d4e234048]
Externo #1: Executar queuedwebhook
2026-04-28 20:20:01 [@b60d4e234048]
Externo #1: Executar queuedwebhook
2026-04-28 20:22:01 [@b60d4e234048]
Externo #1: Executar queuedwebhook
2026-04-28 20:24:01 [@b60d4e234048]
Externo #1: Executar queuedwebhook
2026-04-28 20:26:01 [@b60d4e234048]
Externo #1: Executar queuedwebhook
2026-04-28 20:28:01 [@b60d4e234048]
Externo #1: Executar queuedwebhook
2026-04-28 20:28:01 [@b60d4e234048]
Externo #2: Executar pendingreason_autobump_autosolve
2026-04-28 20:30:01 [@b60d4e234048]
Externo #1: Executar queuedwebhook
2026-04-28 20:32:02 [@b60d4e234048]
Externo #1: Executar queuedwebhook
2026-04-28 20:34:02 [@b60d4e234048]
Externo #1: Executar queuedwebhook
2026-04-28 20:36:02 [@b60d4e234048]
Externo #1: Executar queuedwebhook
2026-04-28 20:38:01 [@b60d4e234048]
Externo #1: Executar queuedwebhook
2026-04-28 20:40:01 [@b60d4e234048]
Externo #1: Executar queuedwebhook
2026-04-28 20:42:01 [@b60d4e234048]
Externo #1: Executar queuedwebhook
2026-04-28 20:44:01 [@b60d4e234048]
Externo #1: Executar queuedwebhook
2026-04-28 20:46:01 [@b60d4e234048]
Externo #1: Executar queuedwebhook
2026-04-28 20:48:01 [@b60d4e234048]
Externo #1: Executar queuedwebhook
2026-04-28 20:50:01 [@b60d4e234048]
Externo #1: Executar queuedwebhook
2026-04-28 20:52:01 [@b60d4e234048]
Externo #1: Executar queuedwebhook
2026-04-28 20:54:02 [@b60d4e234048]
Externo #1: Executar queuedwebhook
2026-04-28 20:56:02 [@b60d4e234048]
Externo #1: Executar queuedwebhook
2026-04-28 20:58:01 [@b60d4e234048]
Externo #1: Executar queuedwebhook
2026-04-28 20:58:01 [@b60d4e234048]
Externo #2: Executar pendingreason_autobump_autosolve
2026-04-28 21:00:02 [@b60d4e234048]
Externo #1: Executar queuedwebhook
2026-04-28 21:02:01 [@b60d4e234048]
Externo #1: Executar queuedwebhook
2026-04-28 21:04:02 [@b60d4e234048]
Externo #1: Executar queuedwebhook
2026-04-28 21:06:01 [@b60d4e234048]
Externo #1: Executar queuedwebhook
2026-04-28 21:08:02 [@b60d4e234048]
Externo #1: Executar queuedwebhook
2026-04-28 21:10:02 [@b60d4e234048]
Externo #1: Executar queuedwebhook
2026-04-28 21:12:02 [@b60d4e234048]
Externo #1: Executar queuedwebhook
2026-04-28 21:14:02 [@b60d4e234048]
Externo #1: Executar queuedwebhook
2026-04-28 21:16:01 [@b60d4e234048]
Externo #1: Executar queuedwebhook
2026-04-28 21:18:02 [@b60d4e234048]
Externo #1: Executar queuedwebhook
2026-04-28 21:20:02 [@b60d4e234048]
Externo #1: Executar queuedwebhook
2026-04-28 21:22:01 [@b60d4e234048]
Externo #1: Executar queuedwebhook
2026-04-28 21:24:02 [@b60d4e234048]
Externo #1: Executar queuedwebhook
2026-04-28 21:26:01 [@b60d4e234048]
Externo #1: Executar queuedwebhook
2026-04-28 21:28:01 [@b60d4e234048]
Externo #1: Executar queuedwebhook
2026-04-28 21:28:01 [@b60d4e234048]
Externo #2: Executar pendingreason_autobump_autosolve
2026-04-28 21:30:01 [@b60d4e234048]
Externo #1: Executar queuedwebhook
2026-04-28 21:32:01 [@b60d4e234048]
Externo #1: Executar queuedwebhook
2026-04-28 21:34:01 [@b60d4e234048]
Externo #1: Executar queuedwebhook
2026-04-28 21:36:01 [@b60d4e234048]
Externo #1: Executar queuedwebhook
2026-04-28 21:38:01 [@b60d4e234048]
Externo #1: Executar queuedwebhook
2026-04-28 21:40:01 [@b60d4e234048]
Externo #1: Executar queuedwebhook
2026-04-28 21:42:01 [@b60d4e234048]
Externo #1: Executar queuedwebhook
2026-04-28 21:44:01 [@b60d4e234048]
Externo #1: Executar queuedwebhook
2026-04-28 21:46:01 [@b60d4e234048]
Externo #1: Executar queuedwebhook
2026-04-28 21:48:01 [@b60d4e234048]
Externo #1: Executar queuedwebhook
2026-04-28 21:50:01 [@b60d4e234048]
Externo #1: Executar queuedwebhook
2026-04-28 21:52:01 [@b60d4e234048]
Externo #1: Executar queuedwebhook
2026-04-28 21:54:01 [@b60d4e234048]
Externo #1: Executar queuedwebhook
2026-04-28 21:56:01 [@b60d4e234048]
Externo #1: Executar queuedwebhook
2026-04-28 21:58:01 [@b60d4e234048]
Externo #1: Executar queuedwebhook
2026-04-28 21:58:01 [@b60d4e234048]
Externo #2: Executar pendingreason_autobump_autosolve
2026-04-28 22:00:01 [@b60d4e234048]
Externo #1: Executar queuedwebhook
2026-04-28 22:02:01 [@b60d4e234048]
Externo #1: Executar queuedwebhook
2026-04-28 22:04:01 [@b60d4e234048]
Externo #1: Executar queuedwebhook
2026-04-28 22:06:01 [@b60d4e234048]
Externo #1: Executar queuedwebhook
2026-04-28 22:08:01 [@b60d4e234048]
Externo #1: Executar queuedwebhook
2026-04-28 22:10:02 [@b60d4e234048]
Externo #1: Executar queuedwebhook
2026-04-28 22:12:01 [@b60d4e234048]
Externo #1: Executar queuedwebhook
2026-04-28 22:14:01 [@b60d4e234048]
Externo #1: Executar queuedwebhook
2026-04-28 22:16:02 [@b60d4e234048]
Externo #1: Executar queuedwebhook
2026-04-28 22:18:01 [@b60d4e234048]
Externo #1: Executar queuedwebhook
2026-04-28 22:20:02 [@b60d4e234048]
Externo #1: Executar queuedwebhook
2026-04-28 22:22:01 [@b60d4e234048]
Externo #1: Executar queuedwebhook
2026-04-28 22:24:02 [@b60d4e234048]
Externo #1: Executar queuedwebhook
2026-04-28 22:26:02 [@b60d4e234048]
Externo #1: Executar queuedwebhook
2026-04-28 22:28:01 [@b60d4e234048]
Externo #1: Executar queuedwebhook
2026-04-28 22:28:01 [@b60d4e234048]
Externo #2: Executar pendingreason_autobump_autosolve
2026-04-28 22:30:02 [@b60d4e234048]
Externo #1: Executar queuedwebhook
2026-04-28 22:32:02 [@b60d4e234048]
Externo #1: Executar queuedwebhook
2026-04-28 22:34:01 [@b60d4e234048]
Externo #1: Executar queuedwebhook
2026-04-28 22:36:01 [@b60d4e234048]
Externo #1: Executar queuedwebhook
2026-04-28 22:38:01 [@b60d4e234048]
Externo #1: Executar queuedwebhook
2026-04-28 22:40:02 [@b60d4e234048]
Externo #1: Executar queuedwebhook
2026-04-28 22:42:02 [@b60d4e234048]
Externo #1: Executar queuedwebhook
2026-04-28 22:44:02 [@b60d4e234048]
Externo #1: Executar queuedwebhook
2026-04-28 22:46:02 [@b60d4e234048]
Externo #1: Executar queuedwebhook
2026-04-28 22:48:02 [@b60d4e234048]
Externo #1: Executar queuedwebhook
2026-04-28 22:50:03 [@b60d4e234048]
Externo #1: Executar queuedwebhook
2026-04-28 22:52:02 [@b60d4e234048]
Externo #1: Executar queuedwebhook
2026-04-28 22:54:03 [@b60d4e234048]
Externo #1: Executar queuedwebhook
2026-04-28 22:56:02 [@b60d4e234048]
Externo #1: Executar queuedwebhook
2026-04-28 22:58:02 [@b60d4e234048]
Externo #1: Executar queuedwebhook
2026-04-28 22:58:02 [@b60d4e234048]
Externo #2: Executar pendingreason_autobump_autosolve
2026-04-28 23:00:02 [@b60d4e234048]
Externo #1: Executar queuedwebhook
2026-04-28 23:02:02 [@b60d4e234048]
Externo #1: Executar queuedwebhook
2026-04-28 23:04:02 [@b60d4e234048]
Externo #1: Executar queuedwebhook
2026-04-28 23:06:02 [@b60d4e234048]
Externo #1: Executar queuedwebhook
2026-04-28 23:08:02 [@b60d4e234048]
Externo #1: Executar queuedwebhook
2026-04-28 23:10:01 [@b60d4e234048]
Externo #1: Executar queuedwebhook
2026-04-28 23:12:01 [@b60d4e234048]
Externo #1: Executar queuedwebhook
2026-04-28 23:14:01 [@b60d4e234048]
Externo #1: Executar queuedwebhook
2026-04-28 23:16:01 [@b60d4e234048]
Externo #1: Executar queuedwebhook
2026-04-28 23:18:02 [@b60d4e234048]
Externo #1: Executar queuedwebhook
2026-04-28 23:20:01 [@b60d4e234048]
Externo #1: Executar queuedwebhook
2026-04-28 23:22:02 [@b60d4e234048]
Externo #1: Executar queuedwebhook
2026-04-28 23:24:01 [@b60d4e234048]
Externo #1: Executar queuedwebhook
2026-04-28 23:26:01 [@b60d4e234048]
Externo #1: Executar queuedwebhook
2026-04-28 23:28:02 [@b60d4e234048]
Externo #1: Executar queuedwebhook
2026-04-28 23:28:02 [@b60d4e234048]
Externo #2: Executar pendingreason_autobump_autosolve
2026-04-28 23:30:02 [@b60d4e234048]
Externo #1: Executar queuedwebhook
2026-04-28 23:32:02 [@b60d4e234048]
Externo #1: Executar queuedwebhook
2026-04-28 23:34:01 [@b60d4e234048]
Externo #1: Executar queuedwebhook
2026-04-28 23:36:01 [@b60d4e234048]
Externo #1: Executar queuedwebhook
2026-04-28 23:38:01 [@b60d4e234048]
Externo #1: Executar queuedwebhook
2026-04-28 23:40:02 [@b60d4e234048]
Externo #1: Executar queuedwebhook
2026-04-28 23:42:02 [@b60d4e234048]
Externo #1: Executar queuedwebhook
2026-04-28 23:44:02 [@b60d4e234048]
Externo #1: Executar queuedwebhook
2026-04-28 23:46:02 [@b60d4e234048]
Externo #1: Executar queuedwebhook
2026-04-28 23:48:02 [@b60d4e234048]
Externo #1: Executar queuedwebhook
2026-04-28 23:50:03 [@b60d4e234048]
Externo #1: Executar queuedwebhook
2026-04-28 23:52:02 [@b60d4e234048]
Externo #1: Executar queuedwebhook
2026-04-28 23:54:02 [@b60d4e234048]
Externo #1: Executar queuedwebhook
2026-04-28 23:56:02 [@b60d4e234048]
Externo #1: Executar queuedwebhook
2026-04-28 23:58:02 [@b60d4e234048]
Externo #1: Executar queuedwebhook
2026-04-28 23:58:02 [@b60d4e234048]
Externo #2: Executar pendingreason_autobump_autosolve
2026-04-29 00:00:02 [@b60d4e234048]
Externo #1: Executar queuedwebhook
2026-04-29 00:00:02 [@b60d4e234048]
Externo #2: Executar PurgeLogs
2026-04-29 00:00:02 [@b60d4e234048]
Externo #3: Executar checkAllUpdates
2026-04-29 00:00:02 [@b60d4e234048]
Externo #4: Executar cleanorphans
2026-04-29 00:00:02 [@b60d4e234048]
Externo #5: Executar Cleanoldagents
2026-04-29 00:02:02 [@b60d4e234048]
Externo #1: Executar queuedwebhookclean
2026-04-29 00:02:02 [@b60d4e234048]
Externo #2: Executar queuedwebhook
2026-04-29 00:04:03 [@b60d4e234048]
Externo #1: Executar queuedwebhook
2026-04-29 00:06:02 [@b60d4e234048]
Externo #1: Executar queuedwebhook
2026-04-29 00:08:02 [@b60d4e234048]
Externo #1: Executar queuedwebhook
2026-04-29 00:10:01 [@b60d4e234048]
Externo #1: Executar queuedwebhook
2026-04-29 00:12:01 [@b60d4e234048]
Externo #1: Executar queuedwebhook
2026-04-29 00:14:01 [@b60d4e234048]
Externo #1: Executar queuedwebhook
2026-04-29 00:16:02 [@b60d4e234048]
Externo #1: Executar queuedwebhook
2026-04-29 00:18:02 [@b60d4e234048]
Externo #1: Executar queuedwebhook
2026-04-29 00:20:02 [@b60d4e234048]
Externo #1: Executar queuedwebhook
2026-04-29 00:22:02 [@b60d4e234048]
Externo #1: Executar queuedwebhook
2026-04-29 00:24:02 [@b60d4e234048]
Externo #1: Executar queuedwebhook
2026-04-29 00:26:02 [@b60d4e234048]
Externo #1: Executar queuedwebhook
2026-04-29 00:28:02 [@b60d4e234048]
Externo #1: Executar queuedwebhook
2026-04-29 00:28:02 [@b60d4e234048]
Externo #2: Executar pendingreason_autobump_autosolve
2026-04-29 00:30:02 [@b60d4e234048]
Externo #1: Executar queuedwebhook
2026-04-29 00:32:02 [@b60d4e234048]
Externo #1: Executar queuedwebhook
2026-04-29 00:34:02 [@b60d4e234048]
Externo #1: Executar queuedwebhook
2026-04-29 00:36:03 [@b60d4e234048]
Externo #1: Executar queuedwebhook
2026-04-29 00:38:02 [@b60d4e234048]
Externo #1: Executar queuedwebhook
2026-04-29 00:40:01 [@b60d4e234048]
Externo #1: Executar queuedwebhook
2026-04-29 00:42:02 [@b60d4e234048]
Externo #1: Executar queuedwebhook
2026-04-29 00:44:01 [@b60d4e234048]
Externo #1: Executar queuedwebhook
2026-04-29 00:46:01 [@b60d4e234048]
Externo #1: Executar queuedwebhook
2026-04-29 00:48:01 [@b60d4e234048]
Externo #1: Executar queuedwebhook
2026-04-29 00:50:01 [@b60d4e234048]
Externo #1: Executar queuedwebhook
2026-04-29 00:52:01 [@b60d4e234048]
Externo #1: Executar queuedwebhook
2026-04-29 00:54:01 [@b60d4e234048]
Externo #1: Executar queuedwebhook
2026-04-29 00:56:01 [@b60d4e234048]
Externo #1: Executar queuedwebhook
2026-04-29 00:58:02 [@b60d4e234048]
Externo #1: Executar queuedwebhook
2026-04-29 00:58:02 [@b60d4e234048]
Externo #2: Executar pendingreason_autobump_autosolve
2026-04-29 01:00:02 [@b60d4e234048]
Externo #1: Executar queuedwebhook
2026-04-29 01:02:01 [@b60d4e234048]
Externo #1: Executar queuedwebhook
2026-04-29 01:04:02 [@b60d4e234048]
Externo #1: Executar queuedwebhook
2026-04-29 01:06:01 [@b60d4e234048]
Externo #1: Executar queuedwebhook
2026-04-29 01:08:01 [@b60d4e234048]
Externo #1: Executar queuedwebhook
2026-04-29 01:10:02 [@b60d4e234048]
Externo #1: Executar queuedwebhook
2026-04-29 01:12:02 [@b60d4e234048]
Externo #1: Executar queuedwebhook
2026-04-29 01:14:01 [@b60d4e234048]
Externo #1: Executar queuedwebhook
2026-04-29 01:16:02 [@b60d4e234048]
Externo #1: Executar queuedwebhook
2026-04-29 01:18:01 [@b60d4e234048]
Externo #1: Executar queuedwebhook
2026-04-29 01:20:03 [@b60d4e234048]
Externo #1: Executar queuedwebhook
2026-04-29 01:22:02 [@b60d4e234048]
Externo #1: Executar queuedwebhook
2026-04-29 01:24:02 [@b60d4e234048]
Externo #1: Executar queuedwebhook
2026-04-29 01:26:01 [@b60d4e234048]
Externo #1: Executar queuedwebhook
2026-04-29 01:28:02 [@b60d4e234048]
Externo #1: Executar queuedwebhook
2026-04-29 01:28:03 [@b60d4e234048]
Externo #2: Executar pendingreason_autobump_autosolve
2026-04-29 01:30:03 [@b60d4e234048]
Externo #1: Executar queuedwebhook
2026-04-29 01:32:01 [@b60d4e234048]
Externo #1: Executar queuedwebhook
2026-04-29 01:34:01 [@b60d4e234048]
Externo #1: Executar queuedwebhook
2026-04-29 01:36:02 [@b60d4e234048]
Externo #1: Executar queuedwebhook
2026-04-29 01:38:02 [@b60d4e234048]
Externo #1: Executar queuedwebhook
2026-04-29 01:40:01 [@b60d4e234048]
Externo #1: Executar queuedwebhook
2026-04-29 01:42:02 [@b60d4e234048]
Externo #1: Executar queuedwebhook
2026-04-29 01:44:02 [@b60d4e234048]
Externo #1: Executar queuedwebhook
2026-04-29 01:46:01 [@b60d4e234048]
Externo #1: Executar queuedwebhook
2026-04-29 01:48:01 [@b60d4e234048]
Externo #1: Executar queuedwebhook
2026-04-29 01:50:02 [@b60d4e234048]
Externo #1: Executar queuedwebhook
2026-04-29 01:52:02 [@b60d4e234048]
Externo #1: Executar queuedwebhook
2026-04-29 01:54:01 [@b60d4e234048]
Externo #1: Executar queuedwebhook
2026-04-29 01:56:01 [@b60d4e234048]
Externo #1: Executar queuedwebhook
2026-04-29 01:58:02 [@b60d4e234048]
Externo #1: Executar queuedwebhook
2026-04-29 01:58:02 [@b60d4e234048]
Externo #2: Executar pendingreason_autobump_autosolve
2026-04-29 02:00:01 [@b60d4e234048]
Externo #1: Executar queuedwebhook
2026-04-29 02:02:02 [@b60d4e234048]
Externo #1: Executar queuedwebhook
2026-04-29 02:04:02 [@b60d4e234048]
Externo #1: Executar queuedwebhook
2026-04-29 02:06:01 [@b60d4e234048]
Externo #1: Executar queuedwebhook
2026-04-29 02:08:02 [@b60d4e234048]
Externo #1: Executar queuedwebhook
2026-04-29 02:10:01 [@b60d4e234048]
Externo #1: Executar queuedwebhook
2026-04-29 02:12:01 [@b60d4e234048]
Externo #1: Executar queuedwebhook
2026-04-29 02:14:01 [@b60d4e234048]
Externo #1: Executar queuedwebhook
2026-04-29 02:16:01 [@b60d4e234048]
Externo #1: Executar queuedwebhook
2026-04-29 02:18:01 [@b60d4e234048]
Externo #1: Executar queuedwebhook
2026-04-29 02:20:01 [@b60d4e234048]
Externo #1: Executar queuedwebhook
2026-04-29 02:22:02 [@b60d4e234048]
Externo #1: Executar queuedwebhook
2026-04-29 02:24:01 [@b60d4e234048]
Externo #1: Executar queuedwebhook
2026-04-29 02:26:01 [@b60d4e234048]
Externo #1: Executar queuedwebhook
2026-04-29 02:28:01 [@b60d4e234048]
Externo #1: Executar queuedwebhook
2026-04-29 02:28:01 [@b60d4e234048]
Externo #2: Executar pendingreason_autobump_autosolve
2026-04-29 02:30:01 [@b60d4e234048]
Externo #1: Executar queuedwebhook
2026-04-29 02:32:01 [@b60d4e234048]
Externo #1: Executar queuedwebhook
2026-04-29 02:34:02 [@b60d4e234048]
Externo #1: Executar queuedwebhook
2026-04-29 02:36:01 [@b60d4e234048]
Externo #1: Executar queuedwebhook
2026-04-29 02:38:01 [@b60d4e234048]
Externo #1: Executar queuedwebhook
2026-04-29 02:40:01 [@b60d4e234048]
Externo #1: Executar queuedwebhook
2026-04-29 02:42:01 [@b60d4e234048]
Externo #1: Executar queuedwebhook
2026-04-29 02:44:01 [@b60d4e234048]
Externo #1: Executar queuedwebhook
2026-04-29 02:46:01 [@b60d4e234048]
Externo #1: Executar queuedwebhook
2026-04-29 02:48:02 [@b60d4e234048]
Externo #1: Executar queuedwebhook
2026-04-29 02:50:02 [@b60d4e234048]
Externo #1: Executar queuedwebhook
2026-04-29 02:52:01 [@b60d4e234048]
Externo #1: Executar queuedwebhook
2026-04-29 02:54:01 [@b60d4e234048]
Externo #1: Executar queuedwebhook
2026-04-29 02:56:01 [@b60d4e234048]
Externo #1: Executar queuedwebhook
2026-04-29 02:58:01 [@b60d4e234048]
Externo #1: Executar queuedwebhook
2026-04-29 02:58:01 [@b60d4e234048]
Externo #2: Executar pendingreason_autobump_autosolve
2026-04-29 03:00:01 [@b60d4e234048]
Externo #1: Executar queuedwebhook
2026-04-29 03:02:01 [@b60d4e234048]
Externo #1: Executar queuedwebhook
2026-04-29 03:04:02 [@b60d4e234048]
Externo #1: Executar queuedwebhook
2026-04-29 03:06:01 [@b60d4e234048]
Externo #1: Executar queuedwebhook
2026-04-29 03:08:02 [@b60d4e234048]
Externo #1: Executar queuedwebhook
2026-04-29 03:10:01 [@b60d4e234048]
Externo #1: Executar queuedwebhook
2026-04-29 03:12:01 [@b60d4e234048]
Externo #1: Executar queuedwebhook
2026-04-29 03:14:01 [@b60d4e234048]
Externo #1: Executar queuedwebhook
2026-04-29 03:16:01 [@b60d4e234048]
Externo #1: Executar queuedwebhook
2026-04-29 03:18:02 [@b60d4e234048]
Externo #1: Executar queuedwebhook
2026-04-29 03:20:02 [@b60d4e234048]
Externo #1: Executar queuedwebhook
2026-04-29 03:22:01 [@b60d4e234048]
Externo #1: Executar queuedwebhook
2026-04-29 03:24:02 [@b60d4e234048]
Externo #1: Executar queuedwebhook
2026-04-29 03:26:01 [@b60d4e234048]
Externo #1: Executar queuedwebhook
2026-04-29 03:28:01 [@b60d4e234048]
Externo #1: Executar queuedwebhook
2026-04-29 03:28:01 [@b60d4e234048]
Externo #2: Executar pendingreason_autobump_autosolve
2026-04-29 03:30:01 [@b60d4e234048]
Externo #1: Executar queuedwebhook
2026-04-29 03:32:01 [@b60d4e234048]
Externo #1: Executar queuedwebhook
2026-04-29 03:34:01 [@b60d4e234048]
Externo #1: Executar queuedwebhook
2026-04-29 03:36:01 [@b60d4e234048]
Externo #1: Executar queuedwebhook
2026-04-29 03:38:02 [@b60d4e234048]
Externo #1: Executar queuedwebhook
2026-04-29 03:40:01 [@b60d4e234048]
Externo #1: Executar queuedwebhook
2026-04-29 03:42:01 [@b60d4e234048]
Externo #1: Executar queuedwebhook
2026-04-29 03:44:01 [@b60d4e234048]
Externo #1: Executar queuedwebhook
2026-04-29 03:46:01 [@b60d4e234048]
Externo #1: Executar queuedwebhook
2026-04-29 03:48:01 [@b60d4e234048]
Externo #1: Executar queuedwebhook
2026-04-29 03:50:01 [@b60d4e234048]
Externo #1: Executar queuedwebhook
2026-04-29 03:52:01 [@b60d4e234048]
Externo #1: Executar queuedwebhook
2026-04-29 03:54:01 [@b60d4e234048]
Externo #1: Executar queuedwebhook
2026-04-29 03:56:01 [@b60d4e234048]
Externo #1: Executar queuedwebhook
2026-04-29 03:58:01 [@b60d4e234048]
Externo #1: Executar queuedwebhook
2026-04-29 03:58:01 [@b60d4e234048]
Externo #2: Executar pendingreason_autobump_autosolve
2026-04-29 04:00:01 [@b60d4e234048]
Externo #1: Executar queuedwebhook
2026-04-29 04:02:01 [@b60d4e234048]
Externo #1: Executar queuedwebhook
2026-04-29 04:04:01 [@b60d4e234048]
Externo #1: Executar queuedwebhook
2026-04-29 04:06:01 [@b60d4e234048]
Externo #1: Executar queuedwebhook
2026-04-29 04:08:01 [@b60d4e234048]
Externo #1: Executar queuedwebhook
2026-04-29 04:10:02 [@b60d4e234048]
Externo #1: Executar queuedwebhook
2026-04-29 04:12:02 [@b60d4e234048]
Externo #1: Executar queuedwebhook
2026-04-29 04:14:02 [@b60d4e234048]
Externo #1: Executar queuedwebhook
2026-04-29 04:16:02 [@b60d4e234048]
Externo #1: Executar queuedwebhook
2026-04-29 04:18:02 [@b60d4e234048]
Externo #1: Executar queuedwebhook
2026-04-29 04:20:03 [@b60d4e234048]
Externo #1: Executar queuedwebhook
2026-04-29 04:22:02 [@b60d4e234048]
Externo #1: Executar queuedwebhook
2026-04-29 04:24:02 [@b60d4e234048]
Externo #1: Executar queuedwebhook
2026-04-29 04:26:02 [@b60d4e234048]
Externo #1: Executar queuedwebhook
2026-04-29 04:28:03 [@b60d4e234048]
Externo #1: Executar queuedwebhook
2026-04-29 04:28:03 [@b60d4e234048]
Externo #2: Executar pendingreason_autobump_autosolve
2026-04-29 04:30:02 [@b60d4e234048]
Externo #1: Executar queuedwebhook
2026-04-29 04:32:03 [@b60d4e234048]
Externo #1: Executar queuedwebhook
2026-04-29 04:34:02 [@b60d4e234048]
Externo #1: Executar queuedwebhook
2026-04-29 04:36:03 [@b60d4e234048]
Externo #1: Executar queuedwebhook
2026-04-29 04:38:02 [@b60d4e234048]
Externo #1: Executar queuedwebhook
2026-04-29 04:40:01 [@b60d4e234048]
Externo #1: Executar queuedwebhook
2026-04-29 04:42:01 [@b60d4e234048]
Externo #1: Executar queuedwebhook
2026-04-29 04:44:01 [@b60d4e234048]
Externo #1: Executar queuedwebhook
2026-04-29 04:46:02 [@b60d4e234048]
Externo #1: Executar queuedwebhook
2026-04-29 04:48:02 [@b60d4e234048]
Externo #1: Executar queuedwebhook
2026-04-29 04:50:02 [@b60d4e234048]
Externo #1: Executar queuedwebhook
2026-04-29 04:52:01 [@b60d4e234048]
Externo #1: Executar queuedwebhook
2026-04-29 04:54:01 [@b60d4e234048]
Externo #1: Executar queuedwebhook
2026-04-29 04:56:02 [@b60d4e234048]
Externo #1: Executar queuedwebhook
2026-04-29 04:58:01 [@b60d4e234048]
Externo #1: Executar queuedwebhook
2026-04-29 04:58:01 [@b60d4e234048]
Externo #2: Executar pendingreason_autobump_autosolve
2026-04-29 05:00:02 [@b60d4e234048]
Externo #1: Executar queuedwebhook
2026-04-29 05:02:02 [@b60d4e234048]
Externo #1: Executar queuedwebhook
2026-04-29 05:04:02 [@b60d4e234048]
Externo #1: Executar queuedwebhook
2026-04-29 05:06:02 [@b60d4e234048]
Externo #1: Executar queuedwebhook
2026-04-29 05:08:01 [@b60d4e234048]
Externo #1: Executar queuedwebhook
2026-04-29 05:10:01 [@b60d4e234048]
Externo #1: Executar queuedwebhook
2026-04-29 05:12:01 [@b60d4e234048]
Externo #1: Executar queuedwebhook
2026-04-29 05:14:01 [@b60d4e234048]
Externo #1: Executar queuedwebhook
2026-04-29 05:16:01 [@b60d4e234048]
Externo #1: Executar queuedwebhook
2026-04-29 05:18:01 [@b60d4e234048]
Externo #1: Executar queuedwebhook
2026-04-29 05:20:01 [@b60d4e234048]
Externo #1: Executar queuedwebhook
2026-04-29 05:22:01 [@b60d4e234048]
Externo #1: Executar queuedwebhook
2026-04-29 05:24:01 [@b60d4e234048]
Externo #1: Executar queuedwebhook
2026-04-29 05:26:01 [@b60d4e234048]
Externo #1: Executar queuedwebhook
2026-04-29 05:28:02 [@b60d4e234048]
Externo #1: Executar queuedwebhook
2026-04-29 05:28:02 [@b60d4e234048]
Externo #2: Executar pendingreason_autobump_autosolve
2026-04-29 05:30:02 [@b60d4e234048]
Externo #1: Executar queuedwebhook
2026-04-29 05:32:02 [@b60d4e234048]
Externo #1: Executar queuedwebhook
2026-04-29 05:34:02 [@b60d4e234048]
Externo #1: Executar queuedwebhook
2026-04-29 05:36:01 [@b60d4e234048]
Externo #1: Executar queuedwebhook
2026-04-29 05:38:02 [@b60d4e234048]
Externo #1: Executar queuedwebhook
2026-04-29 05:40:03 [@b60d4e234048]
Externo #1: Executar queuedwebhook
2026-04-29 05:42:02 [@b60d4e234048]
Externo #1: Executar queuedwebhook
2026-04-29 05:44:02 [@b60d4e234048]
Externo #1: Executar queuedwebhook
2026-04-29 05:46:02 [@b60d4e234048]
Externo #1: Executar queuedwebhook
2026-04-29 05:48:02 [@b60d4e234048]
Externo #1: Executar queuedwebhook
2026-04-29 05:50:02 [@b60d4e234048]
Externo #1: Executar queuedwebhook
2026-04-29 05:52:02 [@b60d4e234048]
Externo #1: Executar queuedwebhook
2026-04-29 05:54:02 [@b60d4e234048]
Externo #1: Executar queuedwebhook
2026-04-29 05:56:02 [@b60d4e234048]
Externo #1: Executar queuedwebhook
2026-04-29 05:58:02 [@b60d4e234048]
Externo #1: Executar queuedwebhook
2026-04-29 05:58:02 [@b60d4e234048]
Externo #2: Executar pendingreason_autobump_autosolve
2026-04-29 06:00:02 [@b60d4e234048]
Externo #1: Executar queuedwebhook
2026-04-29 06:02:02 [@b60d4e234048]
Externo #1: Executar queuedwebhook
2026-04-29 06:04:02 [@b60d4e234048]
Externo #1: Executar queuedwebhook
2026-04-29 06:06:02 [@b60d4e234048]
Externo #1: Executar queuedwebhook
2026-04-29 06:08:02 [@b60d4e234048]
Externo #1: Executar queuedwebhook
2026-04-29 06:10:02 [@b60d4e234048]
Externo #1: Executar queuedwebhook
2026-04-29 06:12:02 [@b60d4e234048]
Externo #1: Executar queuedwebhook
2026-04-29 06:14:02 [@b60d4e234048]
Externo #1: Executar queuedwebhook
2026-04-29 06:16:02 [@b60d4e234048]
Externo #1: Executar queuedwebhook
2026-04-29 06:18:01 [@b60d4e234048]
Externo #1: Executar queuedwebhook
2026-04-29 06:20:01 [@b60d4e234048]
Externo #1: Executar queuedwebhook
2026-04-29 06:22:02 [@b60d4e234048]
Externo #1: Executar queuedwebhook
2026-04-29 06:24:01 [@b60d4e234048]
Externo #1: Executar queuedwebhook
2026-04-29 06:26:01 [@b60d4e234048]
Externo #1: Executar queuedwebhook
2026-04-29 06:28:01 [@b60d4e234048]
Externo #1: Executar queuedwebhook
2026-04-29 06:28:01 [@b60d4e234048]
Externo #2: Executar pendingreason_autobump_autosolve
2026-04-29 06:30:01 [@b60d4e234048]
Externo #1: Executar queuedwebhook
2026-04-29 06:32:02 [@b60d4e234048]
Externo #1: Executar queuedwebhook
2026-04-29 06:34:01 [@b60d4e234048]
Externo #1: Executar queuedwebhook
2026-04-29 06:36:02 [@b60d4e234048]
Externo #1: Executar queuedwebhook
2026-04-29 06:38:02 [@b60d4e234048]
Externo #1: Executar queuedwebhook
2026-04-29 06:40:01 [@b60d4e234048]
Externo #1: Executar queuedwebhook
2026-04-29 06:42:01 [@b60d4e234048]
Externo #1: Executar queuedwebhook
2026-04-29 06:44:01 [@b60d4e234048]
Externo #1: Executar queuedwebhook
2026-04-29 06:46:01 [@b60d4e234048]
Externo #1: Executar queuedwebhook
2026-04-29 06:48:01 [@b60d4e234048]
Externo #1: Executar queuedwebhook
2026-04-29 06:50:01 [@b60d4e234048]
Externo #1: Executar queuedwebhook
2026-04-29 06:52:01 [@b60d4e234048]
Externo #1: Executar queuedwebhook
2026-04-29 06:54:01 [@b60d4e234048]
Externo #1: Executar queuedwebhook
2026-04-29 06:56:02 [@b60d4e234048]
Externo #1: Executar queuedwebhook
2026-04-29 06:58:02 [@b60d4e234048]
Externo #1: Executar queuedwebhook
2026-04-29 06:58:02 [@b60d4e234048]
Externo #2: Executar pendingreason_autobump_autosolve
2026-04-29 07:00:02 [@b60d4e234048]
Externo #1: Executar queuedwebhook
2026-04-29 07:02:02 [@b60d4e234048]
Externo #1: Executar queuedwebhook
2026-04-29 07:04:01 [@b60d4e234048]
Externo #1: Executar queuedwebhook
2026-04-29 07:06:01 [@b60d4e234048]
Externo #1: Executar queuedwebhook
2026-04-29 07:08:01 [@b60d4e234048]
Externo #1: Executar queuedwebhook
2026-04-29 07:10:02 [@b60d4e234048]
Externo #1: Executar queuedwebhook
2026-04-29 07:12:01 [@b60d4e234048]
Externo #1: Executar queuedwebhook
2026-04-29 07:14:01 [@b60d4e234048]
Externo #1: Executar queuedwebhook
2026-04-29 07:16:01 [@b60d4e234048]
Externo #1: Executar queuedwebhook
2026-04-29 07:18:01 [@b60d4e234048]
Externo #1: Executar queuedwebhook
2026-04-29 07:20:01 [@b60d4e234048]
Externo #1: Executar queuedwebhook
2026-04-29 07:22:01 [@b60d4e234048]
Externo #1: Executar queuedwebhook
2026-04-29 07:24:01 [@b60d4e234048]
Externo #1: Executar queuedwebhook
2026-04-29 07:26:01 [@b60d4e234048]
Externo #1: Executar queuedwebhook
2026-04-29 07:28:02 [@b60d4e234048]
Externo #1: Executar queuedwebhook
2026-04-29 07:28:02 [@b60d4e234048]
Externo #2: Executar pendingreason_autobump_autosolve
2026-04-29 07:30:02 [@b60d4e234048]
Externo #1: Executar queuedwebhook
2026-04-29 07:32:01 [@b60d4e234048]
Externo #1: Executar queuedwebhook
2026-04-29 07:34:02 [@b60d4e234048]
Externo #1: Executar queuedwebhook
2026-04-29 07:36:01 [@b60d4e234048]
Externo #1: Executar queuedwebhook
2026-04-29 07:38:02 [@b60d4e234048]
Externo #1: Executar queuedwebhook
2026-04-29 07:40:02 [@b60d4e234048]
Externo #1: Executar queuedwebhook
2026-04-29 07:42:02 [@b60d4e234048]
Externo #1: Executar queuedwebhook
2026-04-29 07:44:02 [@b60d4e234048]
Externo #1: Executar queuedwebhook
2026-04-29 07:46:03 [@b60d4e234048]
Externo #1: Executar queuedwebhook
2026-04-29 07:48:02 [@b60d4e234048]
Externo #1: Executar queuedwebhook
2026-04-29 07:50:02 [@b60d4e234048]
Externo #1: Executar queuedwebhook
2026-04-29 07:52:02 [@b60d4e234048]
Externo #1: Executar queuedwebhook
2026-04-29 07:54:02 [@b60d4e234048]
Externo #1: Executar queuedwebhook
2026-04-29 07:56:02 [@b60d4e234048]
Externo #1: Executar queuedwebhook
2026-04-29 07:58:02 [@b60d4e234048]
Externo #1: Executar queuedwebhook
2026-04-29 07:58:02 [@b60d4e234048]
Externo #2: Executar pendingreason_autobump_autosolve
2026-04-29 08:00:03 [@b60d4e234048]
Externo #1: Executar queuedwebhook
2026-04-29 08:02:02 [@b60d4e234048]
Externo #1: Executar queuedwebhook
2026-04-29 08:04:03 [@b60d4e234048]
Externo #1: Executar queuedwebhook
2026-04-29 08:06:02 [@b60d4e234048]
Externo #1: Executar queuedwebhook
2026-04-29 08:08:02 [@b60d4e234048]
Externo #1: Executar queuedwebhook
2026-04-29 08:10:02 [@b60d4e234048]
Externo #1: Executar queuedwebhook
2026-04-29 08:12:02 [@b60d4e234048]
Externo #1: Executar queuedwebhook
2026-04-29 08:14:01 [@b60d4e234048]
Externo #1: Executar queuedwebhook
2026-04-29 08:16:01 [@b60d4e234048]
Externo #1: Executar queuedwebhook
2026-04-29 08:18:02 [@b60d4e234048]
Externo #1: Executar queuedwebhook
2026-04-29 08:20:01 [@b60d4e234048]
Externo #1: Executar queuedwebhook
2026-04-29 08:22:01 [@b60d4e234048]
Externo #1: Executar queuedwebhook
2026-04-29 08:24:02 [@b60d4e234048]
Externo #1: Executar queuedwebhook
2026-04-29 08:26:01 [@b60d4e234048]
Externo #1: Executar queuedwebhook
2026-04-29 08:28:01 [@b60d4e234048]
Externo #1: Executar queuedwebhook
2026-04-29 08:28:01 [@b60d4e234048]
Externo #2: Executar DomainsAlert
2026-04-29 08:28:01 [@b60d4e234048]
Externo #3: Executar pendingreason_autobump_autosolve
2026-04-29 08:28:01 [@b60d4e234048]
Externo #4: Executar createinquest
2026-04-29 08:28:02 [@b60d4e234048]
Externo #5: Executar purgedraftforms
2026-04-29 08:30:02 [@b60d4e234048]
Externo #1: Executar queuedwebhook
2026-04-29 08:32:01 [@b60d4e234048]
Externo #1: Executar queuedwebhook
2026-04-29 08:34:02 [@b60d4e234048]
Externo #1: Executar queuedwebhook
2026-04-29 08:36:01 [@b60d4e234048]
Externo #1: Executar queuedwebhook
2026-04-29 08:38:01 [@b60d4e234048]
Externo #1: Executar queuedwebhook
2026-04-29 08:40:01 [@b60d4e234048]
Externo #1: Executar queuedwebhook
2026-04-29 08:42:02 [@b60d4e234048]
Externo #1: Executar queuedwebhook
2026-04-29 08:44:01 [@b60d4e234048]
Externo #1: Executar queuedwebhook
2026-04-29 08:46:01 [@b60d4e234048]
Externo #1: Executar queuedwebhook
2026-04-29 08:48:02 [@b60d4e234048]
Externo #1: Executar queuedwebhook
2026-04-29 08:50:02 [@b60d4e234048]
Externo #1: Executar queuedwebhook
2026-04-29 08:52:01 [@b60d4e234048]
Externo #1: Executar queuedwebhook
2026-04-29 08:54:01 [@b60d4e234048]
Externo #1: Executar queuedwebhook
2026-04-29 08:56:01 [@b60d4e234048]
Externo #1: Executar queuedwebhook
2026-04-29 08:58:01 [@b60d4e234048]
Externo #1: Executar queuedwebhook
2026-04-29 08:58:01 [@b60d4e234048]
Externo #2: Executar pendingreason_autobump_autosolve
2026-04-29 09:00:01 [@b60d4e234048]
Externo #1: Executar queuedwebhook
2026-04-29 09:02:02 [@b60d4e234048]
Externo #1: Executar queuedwebhook
2026-04-29 09:04:01 [@b60d4e234048]
Externo #1: Executar queuedwebhook
2026-04-29 09:06:01 [@b60d4e234048]
Externo #1: Executar queuedwebhook
2026-04-29 09:08:01 [@b60d4e234048]
Externo #1: Executar queuedwebhook
2026-04-29 09:10:02 [@b60d4e234048]
Externo #1: Executar queuedwebhook
2026-04-29 09:12:02 [@b60d4e234048]
Externo #1: Executar queuedwebhook
2026-04-29 09:14:02 [@b60d4e234048]
Externo #1: Executar queuedwebhook
2026-04-29 09:16:02 [@b60d4e234048]
Externo #1: Executar queuedwebhook
2026-04-29 09:18:02 [@b60d4e234048]
Externo #1: Executar queuedwebhook
2026-04-29 09:20:02 [@b60d4e234048]
Externo #1: Executar queuedwebhook
2026-04-29 09:22:02 [@b60d4e234048]
Externo #1: Executar queuedwebhook
2026-04-29 09:24:02 [@b60d4e234048]
Externo #1: Executar queuedwebhook
2026-04-29 09:26:02 [@b60d4e234048]
Externo #1: Executar queuedwebhook
2026-04-29 09:28:02 [@b60d4e234048]
Externo #1: Executar queuedwebhook
2026-04-29 09:28:02 [@b60d4e234048]
Externo #2: Executar pendingreason_autobump_autosolve
2026-04-29 09:30:02 [@b60d4e234048]
Externo #1: Executar queuedwebhook
2026-04-29 09:32:02 [@b60d4e234048]
Externo #1: Executar queuedwebhook
2026-04-29 09:34:03 [@b60d4e234048]
Externo #1: Executar queuedwebhook
2026-04-29 09:36:02 [@b60d4e234048]
Externo #1: Executar queuedwebhook
2026-04-29 09:38:03 [@b60d4e234048]
Externo #1: Executar queuedwebhook
2026-04-29 09:40:01 [@b60d4e234048]
Externo #1: Executar queuedwebhook
2026-04-29 09:42:02 [@b60d4e234048]
Externo #1: Executar queuedwebhook
2026-04-29 09:44:01 [@b60d4e234048]
Externo #1: Executar queuedwebhook
2026-04-29 09:46:01 [@b60d4e234048]
Externo #1: Executar queuedwebhook
2026-04-29 09:48:01 [@b60d4e234048]
Externo #1: Executar queuedwebhook
2026-04-29 09:50:02 [@b60d4e234048]
Externo #1: Executar queuedwebhook
2026-04-29 09:52:02 [@b60d4e234048]
Externo #1: Executar queuedwebhook
2026-04-29 09:54:01 [@b60d4e234048]
Externo #1: Executar queuedwebhook
2026-04-29 09:56:01 [@b60d4e234048]
Externo #1: Executar queuedwebhook
2026-04-29 09:58:01 [@b60d4e234048]
Externo #1: Executar queuedwebhook
2026-04-29 09:58:01 [@b60d4e234048]
Externo #2: Executar pendingreason_autobump_autosolve
2026-04-29 10:00:01 [@b60d4e234048]
Externo #1: Executar queuedwebhook
2026-04-29 10:02:01 [@b60d4e234048]
Externo #1: Executar queuedwebhook
2026-04-29 10:04:02 [@b60d4e234048]
Externo #1: Executar queuedwebhook
2026-04-29 10:06:01 [@b60d4e234048]
Externo #1: Executar queuedwebhook
2026-04-29 10:08:02 [@b60d4e234048]
Externo #1: Executar queuedwebhook
2026-04-29 10:10:01 [@b60d4e234048]
Externo #1: Executar queuedwebhook
2026-04-29 10:12:01 [@b60d4e234048]
Externo #1: Executar queuedwebhook
2026-04-29 10:14:02 [@b60d4e234048]
Externo #1: Executar queuedwebhook
2026-04-29 10:16:01 [@b60d4e234048]
Externo #1: Executar queuedwebhook
2026-04-29 10:18:01 [@b60d4e234048]
Externo #1: Executar queuedwebhook
2026-04-29 10:20:01 [@b60d4e234048]
Externo #1: Executar queuedwebhook
2026-04-29 10:22:01 [@b60d4e234048]
Externo #1: Executar queuedwebhook
2026-04-29 10:24:02 [@b60d4e234048]
Externo #1: Executar queuedwebhook
2026-04-29 10:26:01 [@b60d4e234048]
Externo #1: Executar queuedwebhook
2026-04-29 10:28:02 [@b60d4e234048]
Externo #1: Executar queuedwebhook
2026-04-29 10:28:02 [@b60d4e234048]
Externo #2: Executar pendingreason_autobump_autosolve
2026-04-29 10:30:01 [@b60d4e234048]
Externo #1: Executar queuedwebhook
2026-04-29 10:32:02 [@b60d4e234048]
Externo #1: Executar queuedwebhook
2026-04-29 10:34:01 [@b60d4e234048]
Externo #1: Executar queuedwebhook
2026-04-29 10:36:02 [@b60d4e234048]
Externo #1: Executar queuedwebhook
2026-04-29 10:38:02 [@b60d4e234048]
Externo #1: Executar queuedwebhook
2026-04-29 10:40:01 [@b60d4e234048]
Externo #1: Executar queuedwebhook
2026-04-29 10:42:01 [@b60d4e234048]
Externo #1: Executar queuedwebhook
2026-04-29 10:44:01 [@b60d4e234048]
Externo #1: Executar queuedwebhook
2026-04-29 10:46:01 [@b60d4e234048]
Externo #1: Executar queuedwebhook
2026-04-29 10:48:02 [@b60d4e234048]
Externo #1: Executar queuedwebhook
2026-04-29 10:50:01 [@b60d4e234048]
Externo #1: Executar queuedwebhook
2026-04-29 10:52:01 [@b60d4e234048]
Externo #1: Executar queuedwebhook
2026-04-29 10:54:01 [@b60d4e234048]
Externo #1: Executar queuedwebhook
2026-04-29 10:56:01 [@b60d4e234048]
Externo #1: Executar queuedwebhook
2026-04-29 10:58:01 [@b60d4e234048]
Externo #1: Executar queuedwebhook
2026-04-29 10:58:01 [@b60d4e234048]
Externo #2: Executar pendingreason_autobump_autosolve
2026-04-29 11:00:01 [@b60d4e234048]
Externo #1: Executar queuedwebhook
2026-04-29 11:02:01 [@b60d4e234048]
Externo #1: Executar queuedwebhook
2026-04-29 11:04:02 [@b60d4e234048]
Externo #1: Executar queuedwebhook
2026-04-29 11:06:01 [@b60d4e234048]
Externo #1: Executar queuedwebhook
2026-04-29 11:08:01 [@b60d4e234048]
Externo #1: Executar queuedwebhook
2026-04-29 11:10:02 [@b60d4e234048]
Externo #1: Executar queuedwebhook
2026-04-29 11:12:03 [@b60d4e234048]
Externo #1: Executar queuedwebhook
2026-04-29 11:14:02 [@b60d4e234048]
Externo #1: Executar queuedwebhook
2026-04-29 11:16:02 [@b60d4e234048]
Externo #1: Executar queuedwebhook
2026-04-29 11:18:02 [@b60d4e234048]
Externo #1: Executar queuedwebhook
2026-04-29 11:20:02 [@b60d4e234048]
Externo #1: Executar queuedwebhook
2026-04-29 11:22:02 [@b60d4e234048]
Externo #1: Executar queuedwebhook
2026-04-29 11:24:03 [@b60d4e234048]
Externo #1: Executar queuedwebhook
2026-04-29 11:26:02 [@b60d4e234048]
Externo #1: Executar queuedwebhook
2026-04-29 11:28:02 [@b60d4e234048]
Externo #1: Executar queuedwebhook
2026-04-29 11:28:02 [@b60d4e234048]
Externo #2: Executar pendingreason_autobump_autosolve
2026-04-29 11:30:02 [@b60d4e234048]
Externo #1: Executar queuedwebhook
2026-04-29 11:32:02 [@b60d4e234048]
Externo #1: Executar queuedwebhook
2026-04-29 11:34:02 [@b60d4e234048]
Externo #1: Executar queuedwebhook
2026-04-29 11:36:02 [@b60d4e234048]
Externo #1: Executar queuedwebhook
2026-04-29 11:38:03 [@b60d4e234048]
Externo #1: Executar queuedwebhook
2026-04-29 11:40:02 [@b60d4e234048]
Externo #1: Executar queuedwebhook
2026-04-29 11:42:01 [@b60d4e234048]
Externo #1: Executar queuedwebhook
2026-04-29 11:44:01 [@b60d4e234048]
Externo #1: Executar queuedwebhook
2026-04-29 11:46:02 [@b60d4e234048]
Externo #1: Executar queuedwebhook
2026-04-29 11:48:02 [@b60d4e234048]
Externo #1: Executar queuedwebhook
2026-04-29 11:50:02 [@b60d4e234048]
Externo #1: Executar queuedwebhook
2026-04-29 11:52:01 [@b60d4e234048]
Externo #1: Executar queuedwebhook
2026-04-29 11:54:01 [@b60d4e234048]
Externo #1: Executar queuedwebhook
2026-04-29 11:56:01 [@b60d4e234048]
Externo #1: Executar queuedwebhook
2026-04-29 11:58:02 [@b60d4e234048]
Externo #1: Executar queuedwebhook
2026-04-29 11:58:02 [@b60d4e234048]
Externo #2: Executar pendingreason_autobump_autosolve
2026-04-29 12:00:02 [@b60d4e234048]
Externo #1: Executar queuedwebhook
2026-04-29 12:02:02 [@b60d4e234048]
Externo #1: Executar queuedwebhook
2026-04-29 12:04:02 [@b60d4e234048]
Externo #1: Executar queuedwebhook
2026-04-29 12:06:02 [@b60d4e234048]
Externo #1: Executar queuedwebhook
2026-04-29 12:08:02 [@b60d4e234048]
Externo #1: Executar queuedwebhook
2026-04-29 12:10:02 [@b60d4e234048]
Externo #1: Executar queuedwebhook
2026-04-29 12:12:02 [@b60d4e234048]
Externo #1: Executar queuedwebhook
2026-04-29 12:14:01 [@b60d4e234048]
Externo #1: Executar queuedwebhook
2026-04-29 12:16:01 [@b60d4e234048]
Externo #1: Executar queuedwebhook
2026-04-29 12:18:01 [@b60d4e234048]
Externo #1: Executar queuedwebhook
2026-04-29 12:20:02 [@b60d4e234048]
Externo #1: Executar queuedwebhook
2026-04-29 12:22:02 [@b60d4e234048]
Externo #1: Executar queuedwebhook
2026-04-29 12:24:01 [@b60d4e234048]
Externo #1: Executar queuedwebhook
2026-04-29 12:26:01 [@b60d4e234048]
Externo #1: Executar queuedwebhook
2026-04-29 12:28:01 [@b60d4e234048]
Externo #1: Executar queuedwebhook
2026-04-29 12:28:01 [@b60d4e234048]
Externo #2: Executar pendingreason_autobump_autosolve
2026-04-29 12:30:01 [@b60d4e234048]
Externo #1: Executar queuedwebhook
2026-04-29 12:32:02 [@b60d4e234048]
Externo #1: Executar queuedwebhook
2026-04-29 12:34:01 [@b60d4e234048]
Externo #1: Executar queuedwebhook
2026-04-29 12:36:01 [@b60d4e234048]
Externo #1: Executar queuedwebhook
2026-04-29 12:38:01 [@b60d4e234048]
Externo #1: Executar queuedwebhook
2026-04-29 12:40:02 [@b60d4e234048]
Externo #1: Executar queuedwebhook
2026-04-29 12:42:02 [@b60d4e234048]
Externo #1: Executar queuedwebhook
2026-04-29 12:44:02 [@b60d4e234048]
Externo #1: Executar queuedwebhook
2026-04-29 12:46:01 [@b60d4e234048]
Externo #1: Executar queuedwebhook
2026-04-29 12:48:01 [@b60d4e234048]
Externo #1: Executar queuedwebhook
2026-04-29 12:50:02 [@b60d4e234048]
Externo #1: Executar queuedwebhook
2026-04-29 12:52:02 [@b60d4e234048]
Externo #1: Executar queuedwebhook
2026-04-29 12:54:02 [@b60d4e234048]
Externo #1: Executar queuedwebhook
2026-04-29 12:56:01 [@b60d4e234048]
Externo #1: Executar queuedwebhook
2026-04-29 12:58:01 [@b60d4e234048]
Externo #1: Executar queuedwebhook
2026-04-29 12:58:01 [@b60d4e234048]
Externo #2: Executar pendingreason_autobump_autosolve
2026-04-29 13:00:02 [@b60d4e234048]
Externo #1: Executar queuedwebhook
2026-04-29 13:02:02 [@b60d4e234048]
Externo #1: Executar queuedwebhook
2026-04-29 13:04:02 [@b60d4e234048]
Externo #1: Executar queuedwebhook
2026-04-29 13:06:01 [@b60d4e234048]
Externo #1: Executar queuedwebhook
2026-04-29 13:08:02 [@b60d4e234048]
Externo #1: Executar queuedwebhook
2026-04-29 13:10:01 [@b60d4e234048]
Externo #1: Executar queuedwebhook
2026-04-29 13:12:01 [@b60d4e234048]
Externo #1: Executar queuedwebhook
2026-04-29 13:14:01 [@b60d4e234048]
Externo #1: Executar queuedwebhook
2026-04-29 13:16:02 [@b60d4e234048]
Externo #1: Executar queuedwebhook
2026-04-29 13:18:01 [@b60d4e234048]
Externo #1: Executar queuedwebhook
2026-04-29 13:20:01 [@b60d4e234048]
Externo #1: Executar queuedwebhook
2026-04-29 13:22:02 [@b60d4e234048]
Externo #1: Executar queuedwebhook
2026-04-29 13:24:01 [@b60d4e234048]
Externo #1: Executar queuedwebhook
2026-04-29 13:26:01 [@b60d4e234048]
Externo #1: Executar queuedwebhook
2026-04-29 13:28:01 [@b60d4e234048]
Externo #1: Executar queuedwebhook
2026-04-29 13:28:01 [@b60d4e234048]
Externo #2: Executar pendingreason_autobump_autosolve
2026-04-29 13:30:02 [@b60d4e234048]
Externo #1: Executar queuedwebhook
2026-04-29 13:32:02 [@b60d4e234048]
Externo #1: Executar queuedwebhook
2026-04-29 13:34:01 [@b60d4e234048]
Externo #1: Executar queuedwebhook
2026-04-29 13:36:02 [@b60d4e234048]
Externo #1: Executar queuedwebhook
2026-04-29 13:38:01 [@b60d4e234048]
Externo #1: Executar queuedwebhook
2026-04-29 13:40:01 [@b60d4e234048]
Externo #1: Executar queuedwebhook
2026-04-29 13:42:02 [@b60d4e234048]
Externo #1: Executar queuedwebhook
2026-04-29 13:44:01 [@b60d4e234048]
Externo #1: Executar queuedwebhook
2026-04-29 13:46:01 [@b60d4e234048]
Externo #1: Executar queuedwebhook
2026-04-29 13:48:01 [@b60d4e234048]
Externo #1: Executar queuedwebhook
2026-04-29 13:50:01 [@b60d4e234048]
Externo #1: Executar queuedwebhook
2026-04-29 13:52:02 [@b60d4e234048]
Externo #1: Executar queuedwebhook
2026-04-29 13:54:02 [@b60d4e234048]
Externo #1: Executar queuedwebhook
2026-04-29 13:56:01 [@b60d4e234048]
Externo #1: Executar queuedwebhook
2026-04-29 13:58:02 [@b60d4e234048]
Externo #1: Executar queuedwebhook
2026-04-29 13:58:02 [@b60d4e234048]
Externo #2: Executar pendingreason_autobump_autosolve
2026-04-29 14:00:02 [@b60d4e234048]
Externo #1: Executar queuedwebhook
2026-04-29 14:02:01 [@b60d4e234048]
Externo #1: Executar queuedwebhook
2026-04-29 14:04:01 [@b60d4e234048]
Externo #1: Executar queuedwebhook
2026-04-29 14:06:01 [@b60d4e234048]
Externo #1: Executar queuedwebhook
2026-04-29 14:08:01 [@b60d4e234048]
Externo #1: Executar queuedwebhook
2026-04-29 14:10:01 [@b60d4e234048]
Externo #1: Executar queuedwebhook
2026-04-29 14:12:02 [@b60d4e234048]
Externo #1: Executar queuedwebhook
2026-04-29 14:14:01 [@b60d4e234048]
Externo #1: Executar queuedwebhook
2026-04-29 14:16:02 [@b60d4e234048]
Externo #1: Executar queuedwebhook
2026-04-29 14:18:01 [@b60d4e234048]
Externo #1: Executar queuedwebhook
2026-04-29 14:20:01 [@b60d4e234048]
Externo #1: Executar queuedwebhook
2026-04-29 14:22:01 [@b60d4e234048]
Externo #1: Executar queuedwebhook
2026-04-29 14:24:01 [@b60d4e234048]
Externo #1: Executar queuedwebhook
2026-04-29 14:26:02 [@b60d4e234048]
Externo #1: Executar queuedwebhook
2026-04-29 14:28:42 [@b60d4e234048]
Externo #1: Executar queuedwebhook
2026-04-29 14:28:42 [@b60d4e234048]
Externo #2: Executar pendingreason_autobump_autosolve
2026-04-29 14:30:03 [@b60d4e234048]
Externo #1: Executar queuedwebhook
2026-04-29 14:32:06 [@b60d4e234048]
Externo #1: Executar queuedwebhook
2026-04-29 14:34:01 [@b60d4e234048]
Externo #1: Executar queuedwebhook
2026-04-29 14:36:05 [@b60d4e234048]
Externo #1: Executar queuedwebhook
2026-04-29 14:38:05 [@b60d4e234048]
Externo #1: Executar queuedwebhook
2026-04-29 14:40:04 [@b60d4e234048]
Externo #1: Executar queuedwebhook
2026-04-29 14:42:03 [@b60d4e234048]
Externo #1: Executar queuedwebhook
2026-04-29 14:44:16 [@b60d4e234048]
Externo #1: Executar queuedwebhook
2026-04-29 14:46:04 [@b60d4e234048]
Externo #1: Executar queuedwebhook
2026-04-29 14:48:04 [@b60d4e234048]
Externo #1: Executar queuedwebhook
2026-04-29 14:50:03 [@b60d4e234048]
Externo #1: Executar queuedwebhook
2026-04-29 14:52:02 [@b60d4e234048]
Externo #1: Executar queuedwebhook
2026-04-29 14:54:06 [@b60d4e234048]
Externo #1: Executar queuedwebhook
2026-04-29 14:56:24 [@b60d4e234048]
Externo #1: Executar queuedwebhook
2026-04-29 14:58:07 [@b60d4e234048]
Externo #1: Executar queuedwebhook
2026-04-29 14:58:07 [@b60d4e234048]
Externo #2: Executar pendingreason_autobump_autosolve
2026-04-29 15:00:07 [@b60d4e234048]
Externo #1: Executar queuedwebhook
2026-04-29 15:02:11 [@b60d4e234048]
Externo #1: Executar queuedwebhook
2026-04-29 15:04:23 [@b60d4e234048]
Externo #1: Executar queuedwebhook
2026-04-29 15:06:21 [@b60d4e234048]
Externo #1: Executar queuedwebhook
2026-04-29 15:08:13 [@b60d4e234048]
Externo #1: Executar queuedwebhook
2026-04-29 15:10:08 [@b60d4e234048]
Externo #1: Executar queuedwebhook
2026-04-29 15:12:11 [@b60d4e234048]
Externo #1: Executar queuedwebhook
2026-04-29 15:14:14 [@b60d4e234048]
Externo #1: Executar queuedwebhook
2026-04-29 15:16:05 [@b60d4e234048]
Externo #1: Executar queuedwebhook
2026-04-29 15:18:14 [@b60d4e234048]
Externo #1: Executar queuedwebhook
2026-04-29 15:20:06 [@b60d4e234048]
Externo #1: Executar queuedwebhook
2026-04-29 15:22:04 [@b60d4e234048]
Externo #1: Executar queuedwebhook
2026-04-29 15:24:03 [@b60d4e234048]
Externo #1: Executar queuedwebhook
2026-04-29 15:26:05 [@b60d4e234048]
Externo #1: Executar queuedwebhook
2026-04-29 15:28:04 [@b60d4e234048]
Externo #1: Executar queuedwebhook
2026-04-29 15:28:04 [@b60d4e234048]
Externo #2: Executar pendingreason_autobump_autosolve
2026-04-29 15:30:04 [@b60d4e234048]
Externo #1: Executar queuedwebhook
2026-04-29 15:32:05 [@b60d4e234048]
Externo #1: Executar queuedwebhook
2026-04-29 15:34:02 [@b60d4e234048]
Externo #1: Executar queuedwebhook
2026-04-29 15:36:07 [@b60d4e234048]
Externo #1: Executar queuedwebhook
2026-04-29 15:38:05 [@b60d4e234048]
Externo #1: Executar queuedwebhook
2026-04-29 15:40:04 [@b60d4e234048]
Externo #1: Executar queuedwebhook
2026-04-29 15:42:03 [@b60d4e234048]
Externo #1: Executar queuedwebhook
2026-04-29 15:44:02 [@b60d4e234048]
Externo #1: Executar queuedwebhook
2026-04-29 15:46:01 [@b60d4e234048]
Externo #1: Executar queuedwebhook
2026-04-29 15:48:02 [@b60d4e234048]
Externo #1: Executar queuedwebhook
2026-04-29 15:50:01 [@b60d4e234048]
Externo #1: Executar queuedwebhook
2026-04-29 15:52:01 [@b60d4e234048]
Externo #1: Executar queuedwebhook
2026-04-29 15:54:02 [@b60d4e234048]
Externo #1: Executar queuedwebhook
2026-04-29 15:56:15 [@b60d4e234048]
Externo #1: Executar queuedwebhook
2026-04-29 15:58:02 [@b60d4e234048]
Externo #1: Executar queuedwebhook
2026-04-29 15:58:02 [@b60d4e234048]
Externo #2: Executar pendingreason_autobump_autosolve
2026-04-29 16:00:03 [@b60d4e234048]
Externo #1: Executar queuedwebhook
2026-04-29 16:02:03 [@b60d4e234048]
Externo #1: Executar queuedwebhook
2026-04-29 16:04:03 [@b60d4e234048]
Externo #1: Executar queuedwebhook
2026-04-29 16:06:11 [@b60d4e234048]
Externo #1: Executar queuedwebhook
2026-04-29 16:08:04 [@b60d4e234048]
Externo #1: Executar queuedwebhook
2026-04-29 16:10:02 [@b60d4e234048]
Externo #1: Executar queuedwebhook
2026-04-29 16:12:03 [@b60d4e234048]
Externo #1: Executar queuedwebhook
2026-04-29 16:14:04 [@b60d4e234048]
Externo #1: Executar queuedwebhook
2026-04-29 16:16:03 [@b60d4e234048]
Externo #1: Executar queuedwebhook
2026-04-29 16:18:02 [@b60d4e234048]
Externo #1: Executar queuedwebhook
2026-04-29 16:20:02 [@b60d4e234048]
Externo #1: Executar queuedwebhook
2026-04-29 16:22:02 [@b60d4e234048]
Externo #1: Executar queuedwebhook
2026-04-29 16:24:02 [@b60d4e234048]
Externo #1: Executar queuedwebhook
2026-04-29 16:26:02 [@b60d4e234048]
Externo #1: Executar queuedwebhook
2026-04-29 16:28:02 [@b60d4e234048]
Externo #1: Executar queuedwebhook
2026-04-29 16:28:02 [@b60d4e234048]
Externo #2: Executar pendingreason_autobump_autosolve
2026-04-29 16:30:03 [@b60d4e234048]
Externo #1: Executar queuedwebhook
2026-04-29 16:32:02 [@b60d4e234048]
Externo #1: Executar queuedwebhook
2026-04-29 16:34:02 [@b60d4e234048]
Externo #1: Executar queuedwebhook
2026-04-29 16:36:02 [@b60d4e234048]
Externo #1: Executar queuedwebhook
2026-04-29 16:38:02 [@b60d4e234048]
Externo #1: Executar queuedwebhook
2026-04-29 16:40:01 [@b60d4e234048]
Externo #1: Executar queuedwebhook
2026-04-29 16:42:01 [@b60d4e234048]
Externo #1: Executar queuedwebhook
2026-04-29 16:44:01 [@b60d4e234048]
Externo #1: Executar queuedwebhook
2026-04-29 16:46:01 [@b60d4e234048]
Externo #1: Executar queuedwebhook
2026-04-29 16:48:01 [@b60d4e234048]
Externo #1: Executar queuedwebhook
2026-04-29 16:50:01 [@b60d4e234048]
Externo #1: Executar queuedwebhook
2026-04-29 16:52:01 [@b60d4e234048]
Externo #1: Executar queuedwebhook
2026-04-29 16:54:01 [@b60d4e234048]
Externo #1: Executar queuedwebhook
2026-04-29 16:56:01 [@b60d4e234048]
Externo #1: Executar queuedwebhook
2026-04-29 16:58:01 [@b60d4e234048]
Externo #1: Executar queuedwebhook
2026-04-29 16:58:01 [@b60d4e234048]
Externo #2: Executar pendingreason_autobump_autosolve
2026-04-29 17:00:01 [@b60d4e234048]
Externo #1: Executar queuedwebhook
2026-04-29 17:02:01 [@b60d4e234048]
Externo #1: Executar queuedwebhook
2026-04-29 17:04:01 [@b60d4e234048]
Externo #1: Executar queuedwebhook
2026-04-29 17:06:01 [@b60d4e234048]
Externo #1: Executar queuedwebhook
2026-04-29 17:08:01 [@b60d4e234048]
Externo #1: Executar queuedwebhook
2026-04-29 17:10:02 [@b60d4e234048]
Externo #1: Executar queuedwebhook
2026-04-29 17:12:01 [@b60d4e234048]
Externo #1: Executar queuedwebhook
2026-04-29 17:14:01 [@b60d4e234048]
Externo #1: Executar queuedwebhook
2026-04-29 17:16:02 [@b60d4e234048]
Externo #1: Executar queuedwebhook
2026-04-29 17:18:02 [@b60d4e234048]
Externo #1: Executar queuedwebhook
2026-04-29 17:20:02 [@b60d4e234048]
Externo #1: Executar queuedwebhook
2026-04-29 17:22:01 [@b60d4e234048]
Externo #1: Executar queuedwebhook
2026-04-29 17:24:02 [@b60d4e234048]
Externo #1: Executar queuedwebhook
2026-04-29 17:26:02 [@b60d4e234048]
Externo #1: Executar queuedwebhook
2026-04-29 17:28:01 [@b60d4e234048]
Externo #1: Executar queuedwebhook
2026-04-29 17:28:01 [@b60d4e234048]
Externo #2: Executar pendingreason_autobump_autosolve
2026-04-29 17:30:02 [@b60d4e234048]
Externo #1: Executar queuedwebhook
2026-04-29 17:32:07 [@b60d4e234048]
Externo #1: Executar queuedwebhook
2026-04-29 17:34:07 [@b60d4e234048]
Externo #1: Executar queuedwebhook
2026-04-29 17:36:03 [@b60d4e234048]
Externo #1: Executar queuedwebhook
2026-04-29 17:38:03 [@b60d4e234048]
Externo #1: Executar queuedwebhook
2026-04-29 17:40:01 [@b60d4e234048]
Externo #1: Executar queuedwebhook
2026-04-29 17:42:01 [@b60d4e234048]
Externo #1: Executar queuedwebhook
2026-04-29 17:44:02 [@b60d4e234048]
Externo #1: Executar queuedwebhook
2026-04-29 17:46:02 [@b60d4e234048]
Externo #1: Executar queuedwebhook
2026-04-29 17:48:02 [@b60d4e234048]
Externo #1: Executar queuedwebhook
2026-04-29 17:50:02 [@b60d4e234048]
Externo #1: Executar queuedwebhook
2026-04-29 17:52:02 [@b60d4e234048]
Externo #1: Executar queuedwebhook
2026-04-29 17:54:02 [@b60d4e234048]
Externo #1: Executar queuedwebhook
2026-04-29 17:56:02 [@b60d4e234048]
Externo #1: Executar queuedwebhook
2026-04-29 17:58:02 [@b60d4e234048]
Externo #1: Executar queuedwebhook
2026-04-29 17:58:02 [@b60d4e234048]
Externo #2: Executar pendingreason_autobump_autosolve
2026-04-29 18:00:02 [@b60d4e234048]
Externo #1: Executar queuedwebhook
2026-04-29 18:02:01 [@b60d4e234048]
Externo #1: Executar queuedwebhook
2026-04-29 18:04:03 [@b60d4e234048]
Externo #1: Executar queuedwebhook
2026-04-29 18:06:03 [@b60d4e234048]
Externo #1: Executar queuedwebhook
2026-04-29 18:08:02 [@b60d4e234048]
Externo #1: Executar queuedwebhook
2026-04-29 18:10:01 [@b60d4e234048]
Externo #1: Executar queuedwebhook
2026-04-29 18:12:02 [@b60d4e234048]
Externo #1: Executar queuedwebhook
2026-04-29 18:14:01 [@b60d4e234048]
Externo #1: Executar queuedwebhook
2026-04-29 18:16:02 [@b60d4e234048]
Externo #1: Executar queuedwebhook
2026-04-29 18:18:01 [@b60d4e234048]
Externo #1: Executar queuedwebhook
2026-04-29 18:20:02 [@b60d4e234048]
Externo #1: Executar queuedwebhook
2026-04-29 18:22:01 [@b60d4e234048]
Externo #1: Executar queuedwebhook
2026-04-29 18:24:01 [@b60d4e234048]
Externo #1: Executar queuedwebhook
2026-04-29 18:26:01 [@b60d4e234048]
Externo #1: Executar queuedwebhook
2026-04-29 18:28:01 [@b60d4e234048]
Externo #1: Executar queuedwebhook
2026-04-29 18:28:01 [@b60d4e234048]
Externo #2: Executar pendingreason_autobump_autosolve
2026-04-29 18:30:01 [@b60d4e234048]
Externo #1: Executar queuedwebhook
2026-04-29 18:32:01 [@b60d4e234048]
Externo #1: Executar queuedwebhook
2026-04-29 18:34:01 [@b60d4e234048]
Externo #1: Executar queuedwebhook
2026-04-29 18:36:01 [@b60d4e234048]
Externo #1: Executar queuedwebhook
2026-04-29 18:38:01 [@b60d4e234048]
Externo #1: Executar queuedwebhook
2026-04-29 18:40:02 [@b60d4e234048]
Externo #1: Executar queuedwebhook
2026-04-29 18:42:01 [@b60d4e234048]
Externo #1: Executar queuedwebhook
2026-04-29 18:44:01 [@b60d4e234048]
Externo #1: Executar queuedwebhook
2026-04-29 18:46:02 [@b60d4e234048]
Externo #1: Executar queuedwebhook
2026-04-29 18:48:02 [@b60d4e234048]
Externo #1: Executar queuedwebhook
2026-04-29 18:50:03 [@b60d4e234048]
Externo #1: Executar queuedwebhook
2026-04-29 18:52:02 [@b60d4e234048]
Externo #1: Executar queuedwebhook
2026-04-29 18:54:02 [@b60d4e234048]
Externo #1: Executar queuedwebhook
2026-04-29 18:56:02 [@b60d4e234048]
Externo #1: Executar queuedwebhook
2026-04-29 18:58:03 [@b60d4e234048]
Externo #1: Executar queuedwebhook
2026-04-29 18:58:03 [@b60d4e234048]
Externo #2: Executar pendingreason_autobump_autosolve
2026-04-29 19:00:08 [@b60d4e234048]
Externo #1: Executar queuedwebhook
2026-04-29 19:02:03 [@b60d4e234048]
Externo #1: Executar queuedwebhook
2026-04-29 19:04:02 [@b60d4e234048]
Externo #1: Executar queuedwebhook
2026-04-29 19:06:02 [@b60d4e234048]
Externo #1: Executar queuedwebhook
2026-04-29 19:08:02 [@b60d4e234048]
Externo #1: Executar queuedwebhook
2026-04-29 19:10:04 [@b60d4e234048]
Externo #1: Executar queuedwebhook
2026-04-29 19:12:03 [@b60d4e234048]
Externo #1: Executar queuedwebhook
2026-04-29 19:14:01 [@b60d4e234048]
Externo #1: Executar queuedwebhook
2026-04-29 19:16:01 [@b60d4e234048]
Externo #1: Executar queuedwebhook
2026-04-29 19:18:02 [@b60d4e234048]
Externo #1: Executar queuedwebhook
2026-04-29 19:20:02 [@b60d4e234048]
Externo #1: Executar queuedwebhook
2026-04-29 19:22:01 [@b60d4e234048]
Externo #1: Executar queuedwebhook
2026-04-29 19:24:01 [@b60d4e234048]
Externo #1: Executar queuedwebhook
2026-04-29 19:26:01 [@b60d4e234048]
Externo #1: Executar queuedwebhook
2026-04-29 19:28:01 [@b60d4e234048]
Externo #1: Executar queuedwebhook
2026-04-29 19:28:01 [@b60d4e234048]
Externo #2: Executar pendingreason_autobump_autosolve
2026-04-29 19:30:02 [@b60d4e234048]
Externo #1: Executar queuedwebhook
2026-04-29 19:32:02 [@b60d4e234048]
Externo #1: Executar queuedwebhook
2026-04-29 19:34:01 [@b60d4e234048]
Externo #1: Executar queuedwebhook
2026-04-29 19:36:01 [@b60d4e234048]
Externo #1: Executar queuedwebhook
2026-04-29 19:38:02 [@b60d4e234048]
Externo #1: Executar queuedwebhook
2026-04-29 19:40:02 [@b60d4e234048]
Externo #1: Executar queuedwebhook
2026-04-29 19:42:03 [@b60d4e234048]
Externo #1: Executar queuedwebhook
2026-04-29 19:44:02 [@b60d4e234048]
Externo #1: Executar queuedwebhook
2026-04-29 19:46:02 [@b60d4e234048]
Externo #1: Executar queuedwebhook
2026-04-29 19:48:03 [@b60d4e234048]
Externo #1: Executar queuedwebhook
2026-04-29 19:50:03 [@b60d4e234048]
Externo #1: Executar queuedwebhook
2026-04-29 19:52:03 [@b60d4e234048]
Externo #1: Executar queuedwebhook
2026-04-29 19:54:02 [@b60d4e234048]
Externo #1: Executar queuedwebhook
2026-04-29 19:56:02 [@b60d4e234048]
Externo #1: Executar queuedwebhook
2026-04-29 19:58:02 [@b60d4e234048]
Externo #1: Executar queuedwebhook
2026-04-29 19:58:02 [@b60d4e234048]
Externo #2: Executar pendingreason_autobump_autosolve
2026-04-29 20:00:02 [@b60d4e234048]
Externo #1: Executar queuedwebhook
2026-04-29 20:02:02 [@b60d4e234048]
Externo #1: Executar queuedwebhook
2026-04-29 20:04:02 [@b60d4e234048]
Externo #1: Executar queuedwebhook
2026-04-29 20:06:02 [@b60d4e234048]
Externo #1: Executar queuedwebhook
2026-04-29 20:08:02 [@b60d4e234048]
Externo #1: Executar queuedwebhook
2026-04-29 20:10:02 [@b60d4e234048]
Externo #1: Executar queuedwebhook
2026-04-29 20:12:04 [@b60d4e234048]
Externo #1: Executar queuedwebhook
2026-04-29 20:14:02 [@b60d4e234048]
Externo #1: Executar queuedwebhook
2026-04-29 20:16:01 [@b60d4e234048]
Externo #1: Executar queuedwebhook
2026-04-29 20:18:01 [@b60d4e234048]
Externo #1: Executar queuedwebhook
2026-04-29 20:20:01 [@b60d4e234048]
Externo #1: Executar queuedwebhook
2026-04-29 20:22:01 [@b60d4e234048]
Externo #1: Executar queuedwebhook
2026-04-29 20:24:08 [@b60d4e234048]
Externo #1: Executar queuedwebhook
2026-04-29 20:26:03 [@b60d4e234048]
Externo #1: Executar queuedwebhook
2026-04-29 20:28:02 [@b60d4e234048]
Externo #1: Executar queuedwebhook
2026-04-29 20:28:02 [@b60d4e234048]
Externo #2: Executar pendingreason_autobump_autosolve
2026-04-29 20:30:02 [@b60d4e234048]
Externo #1: Executar queuedwebhook
2026-04-29 20:32:02 [@b60d4e234048]
Externo #1: Executar queuedwebhook
2026-04-29 20:34:02 [@b60d4e234048]
Externo #1: Executar queuedwebhook
2026-04-29 20:36:01 [@b60d4e234048]
Externo #1: Executar queuedwebhook
2026-04-29 20:38:02 [@b60d4e234048]
Externo #1: Executar queuedwebhook
2026-04-29 20:40:02 [@b60d4e234048]
Externo #1: Executar queuedwebhook
2026-04-29 20:42:02 [@b60d4e234048]
Externo #1: Executar queuedwebhook
2026-04-29 20:44:02 [@b60d4e234048]
Externo #1: Executar queuedwebhook
2026-04-29 20:46:02 [@b60d4e234048]
Externo #1: Executar queuedwebhook
2026-04-29 20:48:02 [@b60d4e234048]
Externo #1: Executar queuedwebhook
2026-04-29 20:50:02 [@b60d4e234048]
Externo #1: Executar queuedwebhook
2026-04-29 20:52:01 [@b60d4e234048]
Externo #1: Executar queuedwebhook
2026-04-29 20:54:01 [@b60d4e234048]
Externo #1: Executar queuedwebhook
2026-04-29 20:56:01 [@b60d4e234048]
Externo #1: Executar queuedwebhook
2026-04-29 20:58:02 [@b60d4e234048]
Externo #1: Executar queuedwebhook
2026-04-29 20:58:02 [@b60d4e234048]
Externo #2: Executar pendingreason_autobump_autosolve
2026-04-29 21:00:06 [@b60d4e234048]
Externo #1: Executar queuedwebhook
2026-04-29 21:02:02 [@b60d4e234048]
Externo #1: Executar queuedwebhook
2026-04-29 21:04:01 [@b60d4e234048]
Externo #1: Executar queuedwebhook
2026-04-29 21:06:01 [@b60d4e234048]
Externo #1: Executar queuedwebhook
2026-04-29 21:08:01 [@b60d4e234048]
Externo #1: Executar queuedwebhook
2026-04-29 21:10:01 [@b60d4e234048]
Externo #1: Executar queuedwebhook
2026-04-29 21:12:02 [@b60d4e234048]
Externo #1: Executar queuedwebhook
2026-04-29 21:14:01 [@b60d4e234048]
Externo #1: Executar queuedwebhook
2026-04-29 21:16:02 [@b60d4e234048]
Externo #1: Executar queuedwebhook
2026-04-29 21:18:01 [@b60d4e234048]
Externo #1: Executar queuedwebhook
2026-04-29 21:20:02 [@b60d4e234048]
Externo #1: Executar queuedwebhook
2026-04-29 21:22:01 [@b60d4e234048]
Externo #1: Executar queuedwebhook
2026-04-29 21:24:02 [@b60d4e234048]
Externo #1: Executar queuedwebhook
2026-04-29 21:26:01 [@b60d4e234048]
Externo #1: Executar queuedwebhook
2026-04-29 21:28:01 [@b60d4e234048]
Externo #1: Executar queuedwebhook
2026-04-29 21:28:01 [@b60d4e234048]
Externo #2: Executar pendingreason_autobump_autosolve
2026-04-29 21:30:01 [@b60d4e234048]
Externo #1: Executar queuedwebhook
2026-04-29 21:32:02 [@b60d4e234048]
Externo #1: Executar queuedwebhook
2026-04-29 21:34:01 [@b60d4e234048]
Externo #1: Executar queuedwebhook
2026-04-29 21:36:02 [@b60d4e234048]
Externo #1: Executar queuedwebhook
2026-04-29 21:38:01 [@b60d4e234048]
Externo #1: Executar queuedwebhook
2026-04-29 21:40:02 [@b60d4e234048]
Externo #1: Executar queuedwebhook
2026-04-29 21:42:02 [@b60d4e234048]
Externo #1: Executar queuedwebhook
2026-04-29 21:44:02 [@b60d4e234048]
Externo #1: Executar queuedwebhook
2026-04-29 21:46:02 [@b60d4e234048]
Externo #1: Executar queuedwebhook
2026-04-29 21:48:02 [@b60d4e234048]
Externo #1: Executar queuedwebhook
2026-04-29 21:50:02 [@b60d4e234048]
Externo #1: Executar queuedwebhook
2026-04-29 21:52:02 [@b60d4e234048]
Externo #1: Executar queuedwebhook
2026-04-29 21:54:02 [@b60d4e234048]
Externo #1: Executar queuedwebhook
2026-04-29 21:56:02 [@b60d4e234048]
Externo #1: Executar queuedwebhook
2026-04-29 21:58:02 [@b60d4e234048]
Externo #1: Executar queuedwebhook
2026-04-29 21:58:02 [@b60d4e234048]
Externo #2: Executar pendingreason_autobump_autosolve
2026-04-29 22:00:02 [@b60d4e234048]
Externo #1: Executar queuedwebhook
2026-04-29 22:02:02 [@b60d4e234048]
Externo #1: Executar queuedwebhook
2026-04-29 22:04:02 [@b60d4e234048]
Externo #1: Executar queuedwebhook
2026-04-29 22:06:03 [@b60d4e234048]
Externo #1: Executar queuedwebhook
2026-04-29 22:08:02 [@b60d4e234048]
Externo #1: Executar queuedwebhook
2026-04-29 22:10:02 [@b60d4e234048]
Externo #1: Executar queuedwebhook
2026-04-29 22:12:02 [@b60d4e234048]
Externo #1: Executar queuedwebhook
2026-04-29 22:14:01 [@b60d4e234048]
Externo #1: Executar queuedwebhook
2026-04-29 22:16:01 [@b60d4e234048]
Externo #1: Executar queuedwebhook
2026-04-29 22:18:01 [@b60d4e234048]
Externo #1: Executar queuedwebhook
2026-04-29 22:20:02 [@b60d4e234048]
Externo #1: Executar queuedwebhook
2026-04-29 22:22:02 [@b60d4e234048]
Externo #1: Executar queuedwebhook
2026-04-29 22:24:03 [@b60d4e234048]
Externo #1: Executar queuedwebhook
2026-04-29 22:26:02 [@b60d4e234048]
Externo #1: Executar queuedwebhook
2026-04-29 22:28:01 [@b60d4e234048]
Externo #1: Executar queuedwebhook
2026-04-29 22:28:01 [@b60d4e234048]
Externo #2: Executar pendingreason_autobump_autosolve
2026-04-29 22:30:01 [@b60d4e234048]
Externo #1: Executar queuedwebhook
2026-04-29 22:32:01 [@b60d4e234048]
Externo #1: Executar queuedwebhook
2026-04-29 22:34:02 [@b60d4e234048]
Externo #1: Executar queuedwebhook
2026-04-29 22:36:01 [@b60d4e234048]
Externo #1: Executar queuedwebhook
2026-04-29 22:38:01 [@b60d4e234048]
Externo #1: Executar queuedwebhook
2026-04-29 22:40:02 [@b60d4e234048]
Externo #1: Executar queuedwebhook
2026-04-29 22:42:02 [@b60d4e234048]
Externo #1: Executar queuedwebhook
2026-04-29 22:44:02 [@b60d4e234048]
Externo #1: Executar queuedwebhook
2026-04-29 22:46:02 [@b60d4e234048]
Externo #1: Executar queuedwebhook
2026-04-29 22:48:02 [@b60d4e234048]
Externo #1: Executar queuedwebhook
2026-04-29 22:50:02 [@b60d4e234048]
Externo #1: Executar queuedwebhook
2026-04-29 22:52:02 [@b60d4e234048]
Externo #1: Executar queuedwebhook
2026-04-29 22:54:02 [@b60d4e234048]
Externo #1: Executar queuedwebhook
2026-04-29 22:56:02 [@b60d4e234048]
Externo #1: Executar queuedwebhook
2026-04-29 22:58:02 [@b60d4e234048]
Externo #1: Executar queuedwebhook
2026-04-29 22:58:02 [@b60d4e234048]
Externo #2: Executar pendingreason_autobump_autosolve
2026-04-29 23:00:02 [@b60d4e234048]
Externo #1: Executar queuedwebhook
2026-04-29 23:02:02 [@b60d4e234048]
Externo #1: Executar queuedwebhook
2026-04-29 23:04:02 [@b60d4e234048]
Externo #1: Executar queuedwebhook
2026-04-29 23:06:02 [@b60d4e234048]
Externo #1: Executar queuedwebhook
2026-04-29 23:08:02 [@b60d4e234048]
Externo #1: Executar queuedwebhook
2026-04-29 23:10:01 [@b60d4e234048]
Externo #1: Executar queuedwebhook
2026-04-29 23:12:01 [@b60d4e234048]
Externo #1: Executar queuedwebhook
2026-04-29 23:14:01 [@b60d4e234048]
Externo #1: Executar queuedwebhook
2026-04-29 23:16:01 [@b60d4e234048]
Externo #1: Executar queuedwebhook
2026-04-29 23:18:01 [@b60d4e234048]
Externo #1: Executar queuedwebhook
2026-04-29 23:20:01 [@b60d4e234048]
Externo #1: Executar queuedwebhook
2026-04-29 23:22:01 [@b60d4e234048]
Externo #1: Executar queuedwebhook
2026-04-29 23:24:01 [@b60d4e234048]
Externo #1: Executar queuedwebhook
2026-04-29 23:26:01 [@b60d4e234048]
Externo #1: Executar queuedwebhook
2026-04-29 23:28:01 [@b60d4e234048]
Externo #1: Executar queuedwebhook
2026-04-29 23:28:01 [@b60d4e234048]
Externo #2: Executar pendingreason_autobump_autosolve
2026-04-29 23:30:01 [@b60d4e234048]
Externo #1: Executar queuedwebhook
2026-04-29 23:32:01 [@b60d4e234048]
Externo #1: Executar queuedwebhook
2026-04-29 23:34:01 [@b60d4e234048]
Externo #1: Executar queuedwebhook
2026-04-29 23:36:01 [@b60d4e234048]
Externo #1: Executar queuedwebhook
2026-04-29 23:38:01 [@b60d4e234048]
Externo #1: Executar queuedwebhook
2026-04-29 23:40:01 [@b60d4e234048]
Externo #1: Executar queuedwebhook
2026-04-29 23:42:01 [@b60d4e234048]
Externo #1: Executar queuedwebhook
2026-04-29 23:44:01 [@b60d4e234048]
Externo #1: Executar queuedwebhook
2026-04-29 23:46:01 [@b60d4e234048]
Externo #1: Executar queuedwebhook
2026-04-29 23:48:01 [@b60d4e234048]
Externo #1: Executar queuedwebhook
2026-04-29 23:50:01 [@b60d4e234048]
Externo #1: Executar queuedwebhook
2026-04-29 23:52:01 [@b60d4e234048]
Externo #1: Executar queuedwebhook
2026-04-29 23:54:01 [@b60d4e234048]
Externo #1: Executar queuedwebhook
2026-04-29 23:56:01 [@b60d4e234048]
Externo #1: Executar queuedwebhook
2026-04-29 23:58:01 [@b60d4e234048]
Externo #1: Executar queuedwebhook
2026-04-29 23:58:01 [@b60d4e234048]
Externo #2: Executar pendingreason_autobump_autosolve
2026-04-30 00:00:01 [@b60d4e234048]
Externo #1: Executar queuedwebhook
2026-04-30 00:00:01 [@b60d4e234048]
Externo #2: Executar PurgeLogs
2026-04-30 00:00:01 [@b60d4e234048]
Externo #3: Executar checkAllUpdates
2026-04-30 00:00:01 [@b60d4e234048]
Externo #4: Executar cleanorphans
2026-04-30 00:00:01 [@b60d4e234048]
Externo #5: Executar Cleanoldagents
2026-04-30 00:02:01 [@b60d4e234048]
Externo #1: Executar queuedwebhook
2026-04-30 00:02:01 [@b60d4e234048]
Externo #2: Executar queuedwebhookclean
2026-04-30 00:04:01 [@b60d4e234048]
Externo #1: Executar queuedwebhook
2026-04-30 00:06:01 [@b60d4e234048]
Externo #1: Executar queuedwebhook
2026-04-30 00:08:01 [@b60d4e234048]
Externo #1: Executar queuedwebhook
2026-04-30 00:10:02 [@b60d4e234048]
Externo #1: Executar queuedwebhook
2026-04-30 00:12:02 [@b60d4e234048]
Externo #1: Executar queuedwebhook
2026-04-30 00:14:02 [@b60d4e234048]
Externo #1: Executar queuedwebhook
2026-04-30 00:16:02 [@b60d4e234048]
Externo #1: Executar queuedwebhook
2026-04-30 00:18:02 [@b60d4e234048]
Externo #1: Executar queuedwebhook
2026-04-30 00:20:02 [@b60d4e234048]
Externo #1: Executar queuedwebhook
2026-04-30 00:22:02 [@b60d4e234048]
Externo #1: Executar queuedwebhook
2026-04-30 00:24:02 [@b60d4e234048]
Externo #1: Executar queuedwebhook
2026-04-30 00:26:02 [@b60d4e234048]
Externo #1: Executar queuedwebhook
2026-04-30 00:28:02 [@b60d4e234048]
Externo #1: Executar queuedwebhook
2026-04-30 00:28:02 [@b60d4e234048]
Externo #2: Executar pendingreason_autobump_autosolve
2026-04-30 00:30:02 [@b60d4e234048]
Externo #1: Executar queuedwebhook
2026-04-30 00:32:02 [@b60d4e234048]
Externo #1: Executar queuedwebhook
2026-04-30 00:34:02 [@b60d4e234048]
Externo #1: Executar queuedwebhook
2026-04-30 00:36:02 [@b60d4e234048]
Externo #1: Executar queuedwebhook
2026-04-30 00:38:02 [@b60d4e234048]
Externo #1: Executar queuedwebhook
2026-04-30 00:40:01 [@b60d4e234048]
Externo #1: Executar queuedwebhook
2026-04-30 00:42:01 [@b60d4e234048]
Externo #1: Executar queuedwebhook
2026-04-30 00:44:01 [@b60d4e234048]
Externo #1: Executar queuedwebhook
2026-04-30 00:46:01 [@b60d4e234048]
Externo #1: Executar queuedwebhook
2026-04-30 00:48:01 [@b60d4e234048]
Externo #1: Executar queuedwebhook
2026-04-30 00:50:01 [@b60d4e234048]
Externo #1: Executar queuedwebhook
2026-04-30 00:52:01 [@b60d4e234048]
Externo #1: Executar queuedwebhook
2026-04-30 00:54:02 [@b60d4e234048]
Externo #1: Executar queuedwebhook
2026-04-30 00:56:01 [@b60d4e234048]
Externo #1: Executar queuedwebhook
2026-04-30 00:58:01 [@b60d4e234048]
Externo #1: Executar queuedwebhook
2026-04-30 00:58:01 [@b60d4e234048]
Externo #2: Executar pendingreason_autobump_autosolve
2026-04-30 01:00:01 [@b60d4e234048]
Externo #1: Executar queuedwebhook
2026-04-30 01:02:01 [@b60d4e234048]
Externo #1: Executar queuedwebhook
2026-04-30 01:04:01 [@b60d4e234048]
Externo #1: Executar queuedwebhook
2026-04-30 01:06:01 [@b60d4e234048]
Externo #1: Executar queuedwebhook
2026-04-30 01:08:01 [@b60d4e234048]
Externo #1: Executar queuedwebhook
2026-04-30 01:10:05 [@b60d4e234048]
Externo #1: Executar queuedwebhook
2026-04-30 01:12:02 [@b60d4e234048]
Externo #1: Executar queuedwebhook
2026-04-30 01:14:02 [@b60d4e234048]
Externo #1: Executar queuedwebhook
2026-04-30 01:16:02 [@b60d4e234048]
Externo #1: Executar queuedwebhook
2026-04-30 01:18:02 [@b60d4e234048]
Externo #1: Executar queuedwebhook
2026-04-30 01:20:02 [@b60d4e234048]
Externo #1: Executar queuedwebhook
2026-04-30 01:22:02 [@b60d4e234048]
Externo #1: Executar queuedwebhook
2026-04-30 01:24:02 [@b60d4e234048]
Externo #1: Executar queuedwebhook
2026-04-30 01:26:02 [@b60d4e234048]
Externo #1: Executar queuedwebhook
2026-04-30 01:28:02 [@b60d4e234048]
Externo #1: Executar queuedwebhook
2026-04-30 01:28:02 [@b60d4e234048]
Externo #2: Executar pendingreason_autobump_autosolve
2026-04-30 01:30:02 [@b60d4e234048]
Externo #1: Executar queuedwebhook
2026-04-30 01:32:02 [@b60d4e234048]
Externo #1: Executar queuedwebhook
2026-04-30 01:34:02 [@b60d4e234048]
Externo #1: Executar queuedwebhook
2026-04-30 01:36:02 [@b60d4e234048]
Externo #1: Executar queuedwebhook
2026-04-30 01:38:02 [@b60d4e234048]
Externo #1: Executar queuedwebhook
2026-04-30 01:40:01 [@b60d4e234048]
Externo #1: Executar queuedwebhook
2026-04-30 01:42:01 [@b60d4e234048]
Externo #1: Executar queuedwebhook
2026-04-30 01:44:01 [@b60d4e234048]
Externo #1: Executar queuedwebhook
2026-04-30 01:46:01 [@b60d4e234048]
Externo #1: Executar queuedwebhook
2026-04-30 01:48:01 [@b60d4e234048]
Externo #1: Executar queuedwebhook
2026-04-30 01:50:01 [@b60d4e234048]
Externo #1: Executar queuedwebhook
2026-04-30 01:52:01 [@b60d4e234048]
Externo #1: Executar queuedwebhook
2026-04-30 01:54:01 [@b60d4e234048]
Externo #1: Executar queuedwebhook
2026-04-30 01:56:01 [@b60d4e234048]
Externo #1: Executar queuedwebhook
2026-04-30 01:58:01 [@b60d4e234048]
Externo #1: Executar queuedwebhook
2026-04-30 01:58:01 [@b60d4e234048]
Externo #2: Executar pendingreason_autobump_autosolve
2026-04-30 02:00:01 [@b60d4e234048]
Externo #1: Executar queuedwebhook
2026-04-30 02:02:01 [@b60d4e234048]
Externo #1: Executar queuedwebhook
2026-04-30 02:04:01 [@b60d4e234048]
Externo #1: Executar queuedwebhook
2026-04-30 02:06:01 [@b60d4e234048]
Externo #1: Executar queuedwebhook
2026-04-30 02:08:01 [@b60d4e234048]
Externo #1: Executar queuedwebhook
2026-04-30 02:10:01 [@b60d4e234048]
Externo #1: Executar queuedwebhook
2026-04-30 02:12:01 [@b60d4e234048]
Externo #1: Executar queuedwebhook
2026-04-30 02:14:01 [@b60d4e234048]
Externo #1: Executar queuedwebhook
2026-04-30 02:16:01 [@b60d4e234048]
Externo #1: Executar queuedwebhook
2026-04-30 02:18:01 [@b60d4e234048]
Externo #1: Executar queuedwebhook
2026-04-30 02:20:01 [@b60d4e234048]
Externo #1: Executar queuedwebhook
2026-04-30 02:22:01 [@b60d4e234048]
Externo #1: Executar queuedwebhook
2026-04-30 02:24:01 [@b60d4e234048]
Externo #1: Executar queuedwebhook
2026-04-30 02:26:01 [@b60d4e234048]
Externo #1: Executar queuedwebhook
2026-04-30 02:28:01 [@b60d4e234048]
Externo #1: Executar queuedwebhook
2026-04-30 02:28:01 [@b60d4e234048]
Externo #2: Executar pendingreason_autobump_autosolve
2026-04-30 02:30:01 [@b60d4e234048]
Externo #1: Executar queuedwebhook
2026-04-30 02:32:01 [@b60d4e234048]
Externo #1: Executar queuedwebhook
2026-04-30 02:34:01 [@b60d4e234048]
Externo #1: Executar queuedwebhook
2026-04-30 02:36:01 [@b60d4e234048]
Externo #1: Executar queuedwebhook
2026-04-30 02:38:01 [@b60d4e234048]
Externo #1: Executar queuedwebhook
2026-04-30 02:40:01 [@b60d4e234048]
Externo #1: Executar queuedwebhook
2026-04-30 02:42:01 [@b60d4e234048]
Externo #1: Executar queuedwebhook
2026-04-30 02:44:01 [@b60d4e234048]
Externo #1: Executar queuedwebhook
2026-04-30 02:46:01 [@b60d4e234048]
Externo #1: Executar queuedwebhook
2026-04-30 02:48:01 [@b60d4e234048]
Externo #1: Executar queuedwebhook
2026-04-30 02:50:01 [@b60d4e234048]
Externo #1: Executar queuedwebhook
2026-04-30 02:52:01 [@b60d4e234048]
Externo #1: Executar queuedwebhook
2026-04-30 02:54:01 [@b60d4e234048]
Externo #1: Executar queuedwebhook
2026-04-30 02:56:01 [@b60d4e234048]
Externo #1: Executar queuedwebhook
2026-04-30 02:58:01 [@b60d4e234048]
Externo #1: Executar queuedwebhook
2026-04-30 02:58:01 [@b60d4e234048]
Externo #2: Executar pendingreason_autobump_autosolve
2026-04-30 03:00:01 [@b60d4e234048]
Externo #1: Executar queuedwebhook
2026-04-30 03:02:01 [@b60d4e234048]
Externo #1: Executar queuedwebhook
2026-04-30 03:04:01 [@b60d4e234048]
Externo #1: Executar queuedwebhook
2026-04-30 03:06:01 [@b60d4e234048]
Externo #1: Executar queuedwebhook
2026-04-30 03:08:01 [@b60d4e234048]
Externo #1: Executar queuedwebhook
2026-04-30 03:10:02 [@b60d4e234048]
Externo #1: Executar queuedwebhook
2026-04-30 03:12:02 [@b60d4e234048]
Externo #1: Executar queuedwebhook
2026-04-30 03:14:02 [@b60d4e234048]
Externo #1: Executar queuedwebhook
2026-04-30 03:16:02 [@b60d4e234048]
Externo #1: Executar queuedwebhook
2026-04-30 03:18:02 [@b60d4e234048]
Externo #1: Executar queuedwebhook
2026-04-30 03:20:02 [@b60d4e234048]
Externo #1: Executar queuedwebhook
2026-04-30 03:22:02 [@b60d4e234048]
Externo #1: Executar queuedwebhook
2026-04-30 03:24:02 [@b60d4e234048]
Externo #1: Executar queuedwebhook
2026-04-30 03:26:02 [@b60d4e234048]
Externo #1: Executar queuedwebhook
2026-04-30 03:28:02 [@b60d4e234048]
Externo #1: Executar queuedwebhook
2026-04-30 03:28:02 [@b60d4e234048]
Externo #2: Executar pendingreason_autobump_autosolve
2026-04-30 03:30:02 [@b60d4e234048]
Externo #1: Executar queuedwebhook
2026-04-30 03:32:02 [@b60d4e234048]
Externo #1: Executar queuedwebhook
2026-04-30 03:34:02 [@b60d4e234048]
Externo #1: Executar queuedwebhook
2026-04-30 03:36:02 [@b60d4e234048]
Externo #1: Executar queuedwebhook
2026-04-30 03:38:02 [@b60d4e234048]
Externo #1: Executar queuedwebhook
2026-04-30 03:40:01 [@b60d4e234048]
Externo #1: Executar queuedwebhook
2026-04-30 03:42:01 [@b60d4e234048]
Externo #1: Executar queuedwebhook
2026-04-30 03:44:01 [@b60d4e234048]
Externo #1: Executar queuedwebhook
2026-04-30 03:46:01 [@b60d4e234048]
Externo #1: Executar queuedwebhook
2026-04-30 03:48:01 [@b60d4e234048]
Externo #1: Executar queuedwebhook
2026-04-30 03:50:01 [@b60d4e234048]
Externo #1: Executar queuedwebhook
2026-04-30 03:52:01 [@b60d4e234048]
Externo #1: Executar queuedwebhook
2026-04-30 03:54:01 [@b60d4e234048]
Externo #1: Executar queuedwebhook
2026-04-30 03:56:01 [@b60d4e234048]
Externo #1: Executar queuedwebhook
2026-04-30 03:58:01 [@b60d4e234048]
Externo #1: Executar queuedwebhook
2026-04-30 03:58:01 [@b60d4e234048]
Externo #2: Executar pendingreason_autobump_autosolve
2026-04-30 04:00:01 [@b60d4e234048]
Externo #1: Executar queuedwebhook
2026-04-30 04:02:01 [@b60d4e234048]
Externo #1: Executar queuedwebhook
2026-04-30 04:04:01 [@b60d4e234048]
Externo #1: Executar queuedwebhook
2026-04-30 04:06:01 [@b60d4e234048]
Externo #1: Executar queuedwebhook
2026-04-30 04:08:01 [@b60d4e234048]
Externo #1: Executar queuedwebhook
2026-04-30 04:10:01 [@b60d4e234048]
Externo #1: Executar queuedwebhook
2026-04-30 04:12:01 [@b60d4e234048]
Externo #1: Executar queuedwebhook
2026-04-30 04:14:01 [@b60d4e234048]
Externo #1: Executar queuedwebhook
2026-04-30 04:16:01 [@b60d4e234048]
Externo #1: Executar queuedwebhook
2026-04-30 04:18:01 [@b60d4e234048]
Externo #1: Executar queuedwebhook
2026-04-30 04:20:01 [@b60d4e234048]
Externo #1: Executar queuedwebhook
2026-04-30 04:22:01 [@b60d4e234048]
Externo #1: Executar queuedwebhook
2026-04-30 04:24:01 [@b60d4e234048]
Externo #1: Executar queuedwebhook
2026-04-30 04:26:01 [@b60d4e234048]
Externo #1: Executar queuedwebhook
2026-04-30 04:28:01 [@b60d4e234048]
Externo #1: Executar queuedwebhook
2026-04-30 04:28:01 [@b60d4e234048]
Externo #2: Executar pendingreason_autobump_autosolve
2026-04-30 04:30:01 [@b60d4e234048]
Externo #1: Executar queuedwebhook
2026-04-30 04:32:01 [@b60d4e234048]
Externo #1: Executar queuedwebhook
2026-04-30 04:34:01 [@b60d4e234048]
Externo #1: Executar queuedwebhook
2026-04-30 04:36:01 [@b60d4e234048]
Externo #1: Executar queuedwebhook
2026-04-30 04:38:01 [@b60d4e234048]
Externo #1: Executar queuedwebhook
2026-04-30 04:40:02 [@b60d4e234048]
Externo #1: Executar queuedwebhook
2026-04-30 04:42:02 [@b60d4e234048]
Externo #1: Executar queuedwebhook
2026-04-30 04:44:02 [@b60d4e234048]
Externo #1: Executar queuedwebhook
2026-04-30 04:46:02 [@b60d4e234048]
Externo #1: Executar queuedwebhook
2026-04-30 04:48:02 [@b60d4e234048]
Externo #1: Executar queuedwebhook
2026-04-30 04:50:02 [@b60d4e234048]
Externo #1: Executar queuedwebhook
2026-04-30 04:52:02 [@b60d4e234048]
Externo #1: Executar queuedwebhook
2026-04-30 04:54:02 [@b60d4e234048]
Externo #1: Executar queuedwebhook
2026-04-30 04:56:02 [@b60d4e234048]
Externo #1: Executar queuedwebhook
2026-04-30 04:58:02 [@b60d4e234048]
Externo #1: Executar queuedwebhook
2026-04-30 04:58:02 [@b60d4e234048]
Externo #2: Executar pendingreason_autobump_autosolve
2026-04-30 05:00:02 [@b60d4e234048]
Externo #1: Executar queuedwebhook
2026-04-30 05:02:02 [@b60d4e234048]
Externo #1: Executar queuedwebhook
2026-04-30 05:04:02 [@b60d4e234048]
Externo #1: Executar queuedwebhook
2026-04-30 05:06:02 [@b60d4e234048]
Externo #1: Executar queuedwebhook
2026-04-30 05:08:02 [@b60d4e234048]
Externo #1: Executar queuedwebhook
2026-04-30 05:10:01 [@b60d4e234048]
Externo #1: Executar queuedwebhook
2026-04-30 05:12:01 [@b60d4e234048]
Externo #1: Executar queuedwebhook
2026-04-30 05:14:01 [@b60d4e234048]
Externo #1: Executar queuedwebhook
2026-04-30 05:16:01 [@b60d4e234048]
Externo #1: Executar queuedwebhook
2026-04-30 05:18:01 [@b60d4e234048]
Externo #1: Executar queuedwebhook
2026-04-30 05:20:01 [@b60d4e234048]
Externo #1: Executar queuedwebhook
2026-04-30 05:22:01 [@b60d4e234048]
Externo #1: Executar queuedwebhook
2026-04-30 05:24:01 [@b60d4e234048]
Externo #1: Executar queuedwebhook
2026-04-30 05:26:01 [@b60d4e234048]
Externo #1: Executar queuedwebhook
2026-04-30 05:28:01 [@b60d4e234048]
Externo #1: Executar queuedwebhook
2026-04-30 05:28:01 [@b60d4e234048]
Externo #2: Executar pendingreason_autobump_autosolve
2026-04-30 05:30:01 [@b60d4e234048]
Externo #1: Executar queuedwebhook
2026-04-30 05:32:01 [@b60d4e234048]
Externo #1: Executar queuedwebhook
2026-04-30 05:34:01 [@b60d4e234048]
Externo #1: Executar queuedwebhook
2026-04-30 05:36:01 [@b60d4e234048]
Externo #1: Executar queuedwebhook
2026-04-30 05:38:01 [@b60d4e234048]
Externo #1: Executar queuedwebhook
2026-04-30 05:40:01 [@b60d4e234048]
Externo #1: Executar queuedwebhook
2026-04-30 05:42:01 [@b60d4e234048]
Externo #1: Executar queuedwebhook
2026-04-30 05:44:01 [@b60d4e234048]
Externo #1: Executar queuedwebhook
2026-04-30 05:46:01 [@b60d4e234048]
Externo #1: Executar queuedwebhook
2026-04-30 05:48:01 [@b60d4e234048]
Externo #1: Executar queuedwebhook
2026-04-30 05:50:01 [@b60d4e234048]
Externo #1: Executar queuedwebhook
2026-04-30 05:52:01 [@b60d4e234048]
Externo #1: Executar queuedwebhook
2026-04-30 05:54:01 [@b60d4e234048]
Externo #1: Executar queuedwebhook
2026-04-30 05:56:01 [@b60d4e234048]
Externo #1: Executar queuedwebhook
2026-04-30 05:58:01 [@b60d4e234048]
Externo #1: Executar queuedwebhook
2026-04-30 05:58:01 [@b60d4e234048]
Externo #2: Executar pendingreason_autobump_autosolve
2026-04-30 06:00:01 [@b60d4e234048]
Externo #1: Executar queuedwebhook
2026-04-30 06:02:01 [@b60d4e234048]
Externo #1: Executar queuedwebhook
2026-04-30 06:04:01 [@b60d4e234048]
Externo #1: Executar queuedwebhook
2026-04-30 06:06:01 [@b60d4e234048]
Externo #1: Executar queuedwebhook
2026-04-30 06:08:01 [@b60d4e234048]
Externo #1: Executar queuedwebhook
2026-04-30 06:10:01 [@b60d4e234048]
Externo #1: Executar queuedwebhook
2026-04-30 06:12:01 [@b60d4e234048]
Externo #1: Executar queuedwebhook
2026-04-30 06:14:01 [@b60d4e234048]
Externo #1: Executar queuedwebhook
2026-04-30 06:16:01 [@b60d4e234048]
Externo #1: Executar queuedwebhook
2026-04-30 06:18:01 [@b60d4e234048]
Externo #1: Executar queuedwebhook
2026-04-30 06:20:01 [@b60d4e234048]
Externo #1: Executar queuedwebhook
2026-04-30 06:22:01 [@b60d4e234048]
Externo #1: Executar queuedwebhook
2026-04-30 06:24:01 [@b60d4e234048]
Externo #1: Executar queuedwebhook
2026-04-30 06:26:01 [@b60d4e234048]
Externo #1: Executar queuedwebhook
2026-04-30 06:28:01 [@b60d4e234048]
Externo #1: Executar queuedwebhook
2026-04-30 06:28:01 [@b60d4e234048]
Externo #2: Executar pendingreason_autobump_autosolve
2026-04-30 06:30:01 [@b60d4e234048]
Externo #1: Executar queuedwebhook
2026-04-30 06:32:01 [@b60d4e234048]
Externo #1: Executar queuedwebhook
2026-04-30 06:34:01 [@b60d4e234048]
Externo #1: Executar queuedwebhook
2026-04-30 06:36:01 [@b60d4e234048]
Externo #1: Executar queuedwebhook
2026-04-30 06:38:01 [@b60d4e234048]
Externo #1: Executar queuedwebhook
2026-04-30 06:40:02 [@b60d4e234048]
Externo #1: Executar queuedwebhook
2026-04-30 06:42:02 [@b60d4e234048]
Externo #1: Executar queuedwebhook
2026-04-30 06:44:02 [@b60d4e234048]
Externo #1: Executar queuedwebhook
2026-04-30 06:46:02 [@b60d4e234048]
Externo #1: Executar queuedwebhook
2026-04-30 06:48:02 [@b60d4e234048]
Externo #1: Executar queuedwebhook
2026-04-30 06:50:02 [@b60d4e234048]
Externo #1: Executar queuedwebhook
2026-04-30 06:52:02 [@b60d4e234048]
Externo #1: Executar queuedwebhook
2026-04-30 06:54:02 [@b60d4e234048]
Externo #1: Executar queuedwebhook
2026-04-30 06:56:02 [@b60d4e234048]
Externo #1: Executar queuedwebhook
2026-04-30 06:58:02 [@b60d4e234048]
Externo #1: Executar queuedwebhook
2026-04-30 06:58:02 [@b60d4e234048]
Externo #2: Executar pendingreason_autobump_autosolve
2026-04-30 07:00:02 [@b60d4e234048]
Externo #1: Executar queuedwebhook
2026-04-30 07:02:02 [@b60d4e234048]
Externo #1: Executar queuedwebhook
2026-04-30 07:04:02 [@b60d4e234048]
Externo #1: Executar queuedwebhook
2026-04-30 07:06:02 [@b60d4e234048]
Externo #1: Executar queuedwebhook
2026-04-30 07:08:02 [@b60d4e234048]
Externo #1: Executar queuedwebhook
2026-04-30 07:10:01 [@b60d4e234048]
Externo #1: Executar queuedwebhook
2026-04-30 07:12:01 [@b60d4e234048]
Externo #1: Executar queuedwebhook
2026-04-30 07:14:01 [@b60d4e234048]
Externo #1: Executar queuedwebhook
2026-04-30 07:16:01 [@b60d4e234048]
Externo #1: Executar queuedwebhook
2026-04-30 07:18:01 [@b60d4e234048]
Externo #1: Executar queuedwebhook
2026-04-30 07:20:01 [@b60d4e234048]
Externo #1: Executar queuedwebhook
2026-04-30 07:22:01 [@b60d4e234048]
Externo #1: Executar queuedwebhook
2026-04-30 07:24:01 [@b60d4e234048]
Externo #1: Executar queuedwebhook
2026-04-30 07:26:01 [@b60d4e234048]
Externo #1: Executar queuedwebhook
2026-04-30 07:28:01 [@b60d4e234048]
Externo #1: Executar queuedwebhook
2026-04-30 07:28:01 [@b60d4e234048]
Externo #2: Executar pendingreason_autobump_autosolve
2026-04-30 07:30:01 [@b60d4e234048]
Externo #1: Executar queuedwebhook
2026-04-30 07:32:01 [@b60d4e234048]
Externo #1: Executar queuedwebhook
2026-04-30 07:34:01 [@b60d4e234048]
Externo #1: Executar queuedwebhook
2026-04-30 07:36:01 [@b60d4e234048]
Externo #1: Executar queuedwebhook
2026-04-30 07:38:02 [@b60d4e234048]
Externo #1: Executar queuedwebhook
2026-04-30 07:40:02 [@b60d4e234048]
Externo #1: Executar queuedwebhook
2026-04-30 07:42:02 [@b60d4e234048]
Externo #1: Executar queuedwebhook
2026-04-30 07:44:09 [@b60d4e234048]
Externo #1: Executar queuedwebhook
2026-04-30 07:46:02 [@b60d4e234048]
Externo #1: Executar queuedwebhook
2026-04-30 07:48:02 [@b60d4e234048]
Externo #1: Executar queuedwebhook
2026-04-30 07:50:02 [@b60d4e234048]
Externo #1: Executar queuedwebhook
2026-04-30 07:52:02 [@b60d4e234048]
Externo #1: Executar queuedwebhook
2026-04-30 07:54:02 [@b60d4e234048]
Externo #1: Executar queuedwebhook
2026-04-30 07:56:02 [@b60d4e234048]
Externo #1: Executar queuedwebhook
2026-04-30 07:58:03 [@b60d4e234048]
Externo #1: Executar queuedwebhook
2026-04-30 07:58:03 [@b60d4e234048]
Externo #2: Executar pendingreason_autobump_autosolve
2026-04-30 08:00:02 [@b60d4e234048]
Externo #1: Executar queuedwebhook
2026-04-30 08:02:02 [@b60d4e234048]
Externo #1: Executar queuedwebhook
2026-04-30 08:04:02 [@b60d4e234048]
Externo #1: Executar queuedwebhook
2026-04-30 08:06:02 [@b60d4e234048]
Externo #1: Executar queuedwebhook
2026-04-30 08:08:02 [@b60d4e234048]
Externo #1: Executar queuedwebhook
2026-04-30 08:10:02 [@b60d4e234048]
Externo #1: Executar queuedwebhook
2026-04-30 08:12:01 [@b60d4e234048]
Externo #1: Executar queuedwebhook
2026-04-30 08:30:48 [@b60d4e234048]
Externo #1: Executar queuedwebhook
2026-04-30 08:30:48 [@b60d4e234048]
Externo #2: Executar DomainsAlert
2026-04-30 08:30:48 [@b60d4e234048]
Externo #3: Executar pendingreason_autobump_autosolve
2026-04-30 08:30:49 [@b60d4e234048]
Externo #4: Executar createinquest
2026-04-30 08:30:49 [@b60d4e234048]
Externo #5: Executar purgedraftforms
2026-04-30 08:32:02 [@b60d4e234048]
Externo #1: Executar queuedwebhook
2026-04-30 08:46:01 [@b60d4e234048]
Externo #1: Executar queuedwebhook
2026-04-30 08:48:01 [@b60d4e234048]
Externo #1: Executar queuedwebhook
2026-04-30 08:50:01 [@b60d4e234048]
Externo #1: Executar queuedwebhook
2026-04-30 08:52:01 [@b60d4e234048]
Externo #1: Executar queuedwebhook
2026-04-30 08:54:01 [@b60d4e234048]
Externo #1: Executar queuedwebhook
2026-04-30 08:56:01 [@b60d4e234048]
Externo #1: Executar queuedwebhook
2026-04-30 08:58:01 [@b60d4e234048]
Externo #1: Executar queuedwebhook
2026-04-30 09:00:01 [@b60d4e234048]
Externo #1: Executar queuedwebhook
2026-04-30 09:00:01 [@b60d4e234048]
Externo #2: Executar pendingreason_autobump_autosolve
2026-04-30 09:02:01 [@b60d4e234048]
Externo #1: Executar queuedwebhook
2026-04-30 09:04:01 [@b60d4e234048]
Externo #1: Executar queuedwebhook
2026-04-30 09:06:01 [@b60d4e234048]
Externo #1: Executar queuedwebhook
2026-04-30 09:08:01 [@b60d4e234048]
Externo #1: Executar queuedwebhook
2026-04-30 09:10:02 [@b60d4e234048]
Externo #1: Executar queuedwebhook
2026-04-30 09:12:02 [@b60d4e234048]
Externo #1: Executar queuedwebhook
2026-04-30 09:14:02 [@b60d4e234048]
Externo #1: Executar queuedwebhook
2026-04-30 16:00:58 [@b60d4e234048]
Externo #1: Executar queuedwebhook
2026-04-30 16:00:58 [@b60d4e234048]
Externo #2: Executar pendingreason_autobump_autosolve
2026-04-30 16:02:02 [@b60d4e234048]
Externo #1: Executar queuedwebhook
2026-04-30 16:04:01 [@b60d4e234048]
Externo #1: Executar queuedwebhook
2026-04-30 16:06:01 [@b60d4e234048]
Externo #1: Executar queuedwebhook
2026-04-30 16:08:01 [@b60d4e234048]
Externo #1: Executar queuedwebhook
2026-04-30 16:10:02 [@b60d4e234048]
Externo #1: Executar queuedwebhook
2026-04-30 16:12:02 [@b60d4e234048]
Externo #1: Executar queuedwebhook
2026-04-30 16:14:02 [@b60d4e234048]
Externo #1: Executar queuedwebhook
2026-04-30 16:16:02 [@b60d4e234048]
Externo #1: Executar queuedwebhook
2026-04-30 16:18:02 [@b60d4e234048]
Externo #1: Executar queuedwebhook
2026-04-30 16:20:02 [@b60d4e234048]
Externo #1: Executar queuedwebhook
2026-04-30 16:22:02 [@b60d4e234048]
Externo #1: Executar queuedwebhook
2026-04-30 16:24:02 [@b60d4e234048]
Externo #1: Executar queuedwebhook
2026-04-30 16:26:02 [@b60d4e234048]
Externo #1: Executar queuedwebhook
2026-04-30 16:28:02 [@b60d4e234048]
Externo #1: Executar queuedwebhook
2026-04-30 16:30:02 [@b60d4e234048]
Externo #1: Executar queuedwebhook
2026-04-30 16:30:02 [@b60d4e234048]
Externo #2: Executar pendingreason_autobump_autosolve
2026-04-30 16:32:02 [@b60d4e234048]
Externo #1: Executar queuedwebhook
2026-04-30 16:34:02 [@b60d4e234048]
Externo #1: Executar queuedwebhook
2026-04-30 16:36:02 [@b60d4e234048]
Externo #1: Executar queuedwebhook
2026-04-30 16:38:02 [@b60d4e234048]
Externo #1: Executar queuedwebhook
2026-04-30 16:40:01 [@b60d4e234048]
Externo #1: Executar queuedwebhook
2026-04-30 16:42:01 [@b60d4e234048]
Externo #1: Executar queuedwebhook
2026-04-30 16:44:01 [@b60d4e234048]
Externo #1: Executar queuedwebhook
2026-04-30 16:46:01 [@b60d4e234048]
Externo #1: Executar queuedwebhook
2026-04-30 16:48:01 [@b60d4e234048]
Externo #1: Executar queuedwebhook
2026-04-30 16:50:01 [@b60d4e234048]
Externo #1: Executar queuedwebhook
2026-04-30 16:52:01 [@b60d4e234048]
Externo #1: Executar queuedwebhook
2026-04-30 16:54:01 [@b60d4e234048]
Externo #1: Executar queuedwebhook
2026-04-30 16:56:01 [@b60d4e234048]
Externo #1: Executar queuedwebhook
2026-04-30 16:58:01 [@b60d4e234048]
Externo #1: Executar queuedwebhook
2026-04-30 17:00:01 [@b60d4e234048]
Externo #1: Executar queuedwebhook
2026-04-30 17:00:01 [@b60d4e234048]
Externo #2: Executar pendingreason_autobump_autosolve
2026-04-30 17:02:01 [@b60d4e234048]
Externo #1: Executar queuedwebhook
2026-04-30 17:04:01 [@b60d4e234048]
Externo #1: Executar queuedwebhook
2026-04-30 17:06:01 [@b60d4e234048]
Externo #1: Executar queuedwebhook
2026-04-30 17:08:01 [@b60d4e234048]
Externo #1: Executar queuedwebhook
2026-04-30 17:10:01 [@b60d4e234048]
Externo #1: Executar queuedwebhook
2026-04-30 17:12:01 [@b60d4e234048]
Externo #1: Executar queuedwebhook
2026-04-30 17:14:01 [@b60d4e234048]
Externo #1: Executar queuedwebhook
2026-04-30 17:16:01 [@b60d4e234048]
Externo #1: Executar queuedwebhook
2026-04-30 17:18:01 [@b60d4e234048]
Externo #1: Executar queuedwebhook
2026-04-30 17:20:01 [@b60d4e234048]
Externo #1: Executar queuedwebhook
2026-04-30 17:22:01 [@b60d4e234048]
Externo #1: Executar queuedwebhook
2026-04-30 17:24:01 [@b60d4e234048]
Externo #1: Executar queuedwebhook
2026-04-30 17:26:01 [@b60d4e234048]
Externo #1: Executar queuedwebhook
2026-04-30 17:28:01 [@b60d4e234048]
Externo #1: Executar queuedwebhook
2026-04-30 17:30:01 [@b60d4e234048]
Externo #1: Executar queuedwebhook
2026-04-30 17:30:01 [@b60d4e234048]
Externo #2: Executar pendingreason_autobump_autosolve
2026-04-30 17:32:01 [@b60d4e234048]
Externo #1: Executar queuedwebhook
2026-04-30 17:34:01 [@b60d4e234048]
Externo #1: Executar queuedwebhook
2026-04-30 17:36:01 [@b60d4e234048]
Externo #1: Executar queuedwebhook
2026-04-30 17:38:01 [@b60d4e234048]
Externo #1: Executar queuedwebhook
2026-04-30 17:40:01 [@b60d4e234048]
Externo #1: Executar queuedwebhook
2026-04-30 17:42:01 [@b60d4e234048]
Externo #1: Executar queuedwebhook
2026-04-30 17:44:01 [@b60d4e234048]
Externo #1: Executar queuedwebhook
2026-04-30 17:46:01 [@b60d4e234048]
Externo #1: Executar queuedwebhook
2026-04-30 17:48:01 [@b60d4e234048]
Externo #1: Executar queuedwebhook
2026-04-30 17:50:01 [@b60d4e234048]
Externo #1: Executar queuedwebhook
2026-04-30 17:52:01 [@b60d4e234048]
Externo #1: Executar queuedwebhook
2026-04-30 17:54:01 [@b60d4e234048]
Externo #1: Executar queuedwebhook
2026-04-30 17:56:01 [@b60d4e234048]
Externo #1: Executar queuedwebhook
2026-04-30 17:58:01 [@b60d4e234048]
Externo #1: Executar queuedwebhook
2026-04-30 18:00:01 [@b60d4e234048]
Externo #1: Executar queuedwebhook
2026-04-30 18:00:01 [@b60d4e234048]
Externo #2: Executar pendingreason_autobump_autosolve
2026-04-30 18:02:01 [@b60d4e234048]
Externo #1: Executar queuedwebhook
2026-04-30 18:04:01 [@b60d4e234048]
Externo #1: Executar queuedwebhook
2026-04-30 18:06:01 [@b60d4e234048]
Externo #1: Executar queuedwebhook
2026-04-30 18:08:01 [@b60d4e234048]
Externo #1: Executar queuedwebhook
2026-04-30 18:10:02 [@b60d4e234048]
Externo #1: Executar queuedwebhook
2026-04-30 18:12:02 [@b60d4e234048]
Externo #1: Executar queuedwebhook
2026-04-30 18:14:02 [@b60d4e234048]
Externo #1: Executar queuedwebhook
2026-04-30 18:16:02 [@b60d4e234048]
Externo #1: Executar queuedwebhook
2026-04-30 18:18:02 [@b60d4e234048]
Externo #1: Executar queuedwebhook
2026-04-30 18:20:02 [@b60d4e234048]
Externo #1: Executar queuedwebhook
2026-04-30 18:22:02 [@b60d4e234048]
Externo #1: Executar queuedwebhook
2026-04-30 18:24:02 [@b60d4e234048]
Externo #1: Executar queuedwebhook
2026-04-30 18:26:02 [@b60d4e234048]
Externo #1: Executar queuedwebhook
2026-04-30 18:28:02 [@b60d4e234048]
Externo #1: Executar queuedwebhook
2026-04-30 18:30:02 [@b60d4e234048]
Externo #1: Executar queuedwebhook
2026-04-30 18:30:02 [@b60d4e234048]
Externo #2: Executar pendingreason_autobump_autosolve
2026-04-30 18:32:02 [@b60d4e234048]
Externo #1: Executar queuedwebhook
2026-04-30 18:34:02 [@b60d4e234048]
Externo #1: Executar queuedwebhook
2026-04-30 18:36:02 [@b60d4e234048]
Externo #1: Executar queuedwebhook
2026-04-30 18:38:02 [@b60d4e234048]
Externo #1: Executar queuedwebhook
2026-04-30 18:40:02 [@b60d4e234048]
Externo #1: Executar queuedwebhook
2026-04-30 18:42:02 [@b60d4e234048]
Externo #1: Executar queuedwebhook
2026-04-30 18:44:02 [@b60d4e234048]
Externo #1: Executar queuedwebhook
2026-04-30 18:46:02 [@b60d4e234048]
Externo #1: Executar queuedwebhook
2026-04-30 18:48:02 [@b60d4e234048]
Externo #1: Executar queuedwebhook
2026-04-30 18:50:02 [@b60d4e234048]
Externo #1: Executar queuedwebhook
2026-04-30 18:52:02 [@b60d4e234048]
Externo #1: Executar queuedwebhook
2026-04-30 18:54:02 [@b60d4e234048]
Externo #1: Executar queuedwebhook
2026-04-30 18:56:02 [@b60d4e234048]
Externo #1: Executar queuedwebhook
2026-04-30 18:58:02 [@b60d4e234048]
Externo #1: Executar queuedwebhook
2026-04-30 19:00:02 [@b60d4e234048]
Externo #1: Executar queuedwebhook
2026-04-30 19:00:02 [@b60d4e234048]
Externo #2: Executar pendingreason_autobump_autosolve
2026-04-30 19:02:02 [@b60d4e234048]
Externo #1: Executar queuedwebhook
2026-04-30 19:04:02 [@b60d4e234048]
Externo #1: Executar queuedwebhook
2026-04-30 19:06:02 [@b60d4e234048]
Externo #1: Executar queuedwebhook
2026-04-30 19:08:02 [@b60d4e234048]
Externo #1: Executar queuedwebhook
2026-04-30 19:10:01 [@b60d4e234048]
Externo #1: Executar queuedwebhook
2026-04-30 19:12:01 [@b60d4e234048]
Externo #1: Executar queuedwebhook
2026-04-30 19:14:01 [@b60d4e234048]
Externo #1: Executar queuedwebhook
2026-04-30 19:16:01 [@b60d4e234048]
Externo #1: Executar queuedwebhook
2026-04-30 19:18:01 [@b60d4e234048]
Externo #1: Executar queuedwebhook
2026-04-30 19:20:01 [@b60d4e234048]
Externo #1: Executar queuedwebhook
2026-04-30 19:22:01 [@b60d4e234048]
Externo #1: Executar queuedwebhook
2026-04-30 19:24:01 [@b60d4e234048]
Externo #1: Executar queuedwebhook
2026-04-30 19:26:01 [@b60d4e234048]
Externo #1: Executar queuedwebhook
2026-04-30 19:28:01 [@b60d4e234048]
Externo #1: Executar queuedwebhook
2026-04-30 19:30:01 [@b60d4e234048]
Externo #1: Executar queuedwebhook
2026-04-30 19:30:01 [@b60d4e234048]
Externo #2: Executar pendingreason_autobump_autosolve
2026-04-30 19:32:01 [@b60d4e234048]
Externo #1: Executar queuedwebhook
2026-04-30 19:34:01 [@b60d4e234048]
Externo #1: Executar queuedwebhook
2026-04-30 19:36:01 [@b60d4e234048]
Externo #1: Executar queuedwebhook
2026-04-30 19:38:01 [@b60d4e234048]
Externo #1: Executar queuedwebhook
2026-04-30 19:40:01 [@b60d4e234048]
Externo #1: Executar queuedwebhook
2026-04-30 19:42:01 [@b60d4e234048]
Externo #1: Executar queuedwebhook
2026-04-30 19:44:01 [@b60d4e234048]
Externo #1: Executar queuedwebhook
2026-04-30 19:46:01 [@b60d4e234048]
Externo #1: Executar queuedwebhook
2026-04-30 19:48:01 [@b60d4e234048]
Externo #1: Executar queuedwebhook
2026-04-30 19:50:01 [@b60d4e234048]
Externo #1: Executar queuedwebhook
2026-04-30 19:52:01 [@b60d4e234048]
Externo #1: Executar queuedwebhook
2026-04-30 19:54:01 [@b60d4e234048]
Externo #1: Executar queuedwebhook
2026-04-30 19:56:01 [@b60d4e234048]
Externo #1: Executar queuedwebhook
2026-04-30 19:58:01 [@b60d4e234048]
Externo #1: Executar queuedwebhook
2026-04-30 20:00:01 [@b60d4e234048]
Externo #1: Executar queuedwebhook
2026-04-30 20:00:01 [@b60d4e234048]
Externo #2: Executar pendingreason_autobump_autosolve
2026-04-30 20:02:01 [@b60d4e234048]
Externo #1: Executar queuedwebhook
2026-04-30 20:04:01 [@b60d4e234048]
Externo #1: Executar queuedwebhook
2026-04-30 20:06:01 [@b60d4e234048]
Externo #1: Executar queuedwebhook
2026-04-30 20:08:01 [@b60d4e234048]
Externo #1: Executar queuedwebhook
2026-04-30 20:10:02 [@b60d4e234048]
Externo #1: Executar queuedwebhook
2026-04-30 20:12:02 [@b60d4e234048]
Externo #1: Executar queuedwebhook
2026-04-30 20:14:02 [@b60d4e234048]
Externo #1: Executar queuedwebhook
2026-04-30 20:16:02 [@b60d4e234048]
Externo #1: Executar queuedwebhook
2026-04-30 20:18:02 [@b60d4e234048]
Externo #1: Executar queuedwebhook
2026-04-30 20:20:02 [@b60d4e234048]
Externo #1: Executar queuedwebhook
2026-04-30 20:22:02 [@b60d4e234048]
Externo #1: Executar queuedwebhook
2026-04-30 20:24:02 [@b60d4e234048]
Externo #1: Executar queuedwebhook
2026-04-30 20:26:02 [@b60d4e234048]
Externo #1: Executar queuedwebhook
2026-04-30 20:28:02 [@b60d4e234048]
Externo #1: Executar queuedwebhook
2026-04-30 20:30:02 [@b60d4e234048]
Externo #1: Executar queuedwebhook
2026-04-30 20:30:02 [@b60d4e234048]
Externo #2: Executar pendingreason_autobump_autosolve
2026-04-30 20:32:02 [@b60d4e234048]
Externo #1: Executar queuedwebhook
2026-04-30 20:34:02 [@b60d4e234048]
Externo #1: Executar queuedwebhook
2026-04-30 20:36:02 [@b60d4e234048]
Externo #1: Executar queuedwebhook
2026-04-30 20:38:02 [@b60d4e234048]
Externo #1: Executar queuedwebhook
2026-04-30 20:40:02 [@b60d4e234048]
Externo #1: Executar queuedwebhook
2026-04-30 20:42:02 [@b60d4e234048]
Externo #1: Executar queuedwebhook
2026-04-30 20:44:02 [@b60d4e234048]
Externo #1: Executar queuedwebhook
2026-04-30 20:46:02 [@b60d4e234048]
Externo #1: Executar queuedwebhook
2026-04-30 20:48:02 [@b60d4e234048]
Externo #1: Executar queuedwebhook
2026-04-30 20:50:02 [@b60d4e234048]
Externo #1: Executar queuedwebhook
2026-04-30 20:52:02 [@b60d4e234048]
Externo #1: Executar queuedwebhook
2026-04-30 20:54:02 [@b60d4e234048]
Externo #1: Executar queuedwebhook
2026-04-30 20:56:02 [@b60d4e234048]
Externo #1: Executar queuedwebhook
2026-04-30 20:58:02 [@b60d4e234048]
Externo #1: Executar queuedwebhook
2026-04-30 21:00:02 [@b60d4e234048]
Externo #1: Executar queuedwebhook
2026-04-30 21:00:02 [@b60d4e234048]
Externo #2: Executar pendingreason_autobump_autosolve
2026-04-30 21:02:02 [@b60d4e234048]
Externo #1: Executar queuedwebhook
2026-04-30 21:04:02 [@b60d4e234048]
Externo #1: Executar queuedwebhook
2026-04-30 21:06:02 [@b60d4e234048]
Externo #1: Executar queuedwebhook
2026-04-30 21:08:02 [@b60d4e234048]
Externo #1: Executar queuedwebhook
2026-04-30 21:10:01 [@b60d4e234048]
Externo #1: Executar queuedwebhook
2026-04-30 21:12:01 [@b60d4e234048]
Externo #1: Executar queuedwebhook
2026-04-30 21:14:01 [@b60d4e234048]
Externo #1: Executar queuedwebhook
2026-04-30 21:16:01 [@b60d4e234048]
Externo #1: Executar queuedwebhook
2026-04-30 21:18:01 [@b60d4e234048]
Externo #1: Executar queuedwebhook
2026-04-30 21:20:01 [@b60d4e234048]
Externo #1: Executar queuedwebhook
2026-04-30 21:22:01 [@b60d4e234048]
Externo #1: Executar queuedwebhook
2026-04-30 21:24:01 [@b60d4e234048]
Externo #1: Executar queuedwebhook
2026-04-30 21:26:01 [@b60d4e234048]
Externo #1: Executar queuedwebhook
2026-04-30 21:28:01 [@b60d4e234048]
Externo #1: Executar queuedwebhook
2026-04-30 21:30:01 [@b60d4e234048]
Externo #1: Executar queuedwebhook
2026-04-30 21:30:01 [@b60d4e234048]
Externo #2: Executar pendingreason_autobump_autosolve
2026-04-30 21:32:01 [@b60d4e234048]
Externo #1: Executar queuedwebhook
2026-04-30 21:34:01 [@b60d4e234048]
Externo #1: Executar queuedwebhook
2026-04-30 21:36:01 [@b60d4e234048]
Externo #1: Executar queuedwebhook
2026-04-30 21:38:01 [@b60d4e234048]
Externo #1: Executar queuedwebhook
2026-04-30 21:40:01 [@b60d4e234048]
Externo #1: Executar queuedwebhook
2026-04-30 21:42:01 [@b60d4e234048]
Externo #1: Executar queuedwebhook
2026-04-30 21:44:01 [@b60d4e234048]
Externo #1: Executar queuedwebhook
2026-04-30 21:46:01 [@b60d4e234048]
Externo #1: Executar queuedwebhook
2026-04-30 21:48:01 [@b60d4e234048]
Externo #1: Executar queuedwebhook
2026-04-30 21:50:01 [@b60d4e234048]
Externo #1: Executar queuedwebhook
2026-04-30 21:52:01 [@b60d4e234048]
Externo #1: Executar queuedwebhook
2026-04-30 21:54:01 [@b60d4e234048]
Externo #1: Executar queuedwebhook
2026-04-30 21:56:01 [@b60d4e234048]
Externo #1: Executar queuedwebhook
2026-04-30 21:58:01 [@b60d4e234048]
Externo #1: Executar queuedwebhook
2026-04-30 22:00:01 [@b60d4e234048]
Externo #1: Executar queuedwebhook
2026-04-30 22:00:01 [@b60d4e234048]
Externo #2: Executar pendingreason_autobump_autosolve
2026-04-30 22:02:01 [@b60d4e234048]
Externo #1: Executar queuedwebhook
2026-04-30 22:04:01 [@b60d4e234048]
Externo #1: Executar queuedwebhook
2026-04-30 22:06:01 [@b60d4e234048]
Externo #1: Executar queuedwebhook
2026-04-30 22:08:01 [@b60d4e234048]
Externo #1: Executar queuedwebhook
2026-04-30 22:10:01 [@b60d4e234048]
Externo #1: Executar queuedwebhook
2026-04-30 22:12:01 [@b60d4e234048]
Externo #1: Executar queuedwebhook
2026-04-30 22:14:01 [@b60d4e234048]
Externo #1: Executar queuedwebhook
2026-04-30 22:16:01 [@b60d4e234048]
Externo #1: Executar queuedwebhook
2026-04-30 22:18:01 [@b60d4e234048]
Externo #1: Executar queuedwebhook
2026-04-30 22:20:01 [@b60d4e234048]
Externo #1: Executar queuedwebhook
2026-04-30 22:22:01 [@b60d4e234048]
Externo #1: Executar queuedwebhook
2026-04-30 22:24:01 [@b60d4e234048]
Externo #1: Executar queuedwebhook
2026-04-30 22:26:01 [@b60d4e234048]
Externo #1: Executar queuedwebhook
2026-04-30 22:28:01 [@b60d4e234048]
Externo #1: Executar queuedwebhook
2026-04-30 22:30:01 [@b60d4e234048]
Externo #1: Executar queuedwebhook
2026-04-30 22:30:01 [@b60d4e234048]
Externo #2: Executar pendingreason_autobump_autosolve
2026-04-30 22:32:01 [@b60d4e234048]
Externo #1: Executar queuedwebhook
2026-04-30 22:34:01 [@b60d4e234048]
Externo #1: Executar queuedwebhook
2026-04-30 22:36:01 [@b60d4e234048]
Externo #1: Executar queuedwebhook
2026-04-30 22:38:01 [@b60d4e234048]
Externo #1: Executar queuedwebhook
2026-04-30 22:40:02 [@b60d4e234048]
Externo #1: Executar queuedwebhook
2026-04-30 22:42:02 [@b60d4e234048]
Externo #1: Executar queuedwebhook
2026-04-30 22:44:02 [@b60d4e234048]
Externo #1: Executar queuedwebhook
2026-04-30 22:46:02 [@b60d4e234048]
Externo #1: Executar queuedwebhook
2026-04-30 22:48:02 [@b60d4e234048]
Externo #1: Executar queuedwebhook
2026-04-30 22:50:02 [@b60d4e234048]
Externo #1: Executar queuedwebhook
2026-04-30 22:52:02 [@b60d4e234048]
Externo #1: Executar queuedwebhook
2026-04-30 22:54:02 [@b60d4e234048]
Externo #1: Executar queuedwebhook
2026-04-30 22:56:02 [@b60d4e234048]
Externo #1: Executar queuedwebhook
2026-04-30 22:58:02 [@b60d4e234048]
Externo #1: Executar queuedwebhook
2026-04-30 23:00:02 [@b60d4e234048]
Externo #1: Executar queuedwebhook
2026-04-30 23:00:02 [@b60d4e234048]
Externo #2: Executar pendingreason_autobump_autosolve
2026-04-30 23:02:02 [@b60d4e234048]
Externo #1: Executar queuedwebhook
2026-04-30 23:04:02 [@b60d4e234048]
Externo #1: Executar queuedwebhook
2026-04-30 23:06:02 [@b60d4e234048]
Externo #1: Executar queuedwebhook
2026-04-30 23:08:02 [@b60d4e234048]
Externo #1: Executar queuedwebhook
2026-04-30 23:10:01 [@b60d4e234048]
Externo #1: Executar queuedwebhook
2026-04-30 23:12:01 [@b60d4e234048]
Externo #1: Executar queuedwebhook
2026-04-30 23:14:01 [@b60d4e234048]
Externo #1: Executar queuedwebhook
2026-04-30 23:16:01 [@b60d4e234048]
Externo #1: Executar queuedwebhook
2026-04-30 23:18:01 [@b60d4e234048]
Externo #1: Executar queuedwebhook
2026-04-30 23:20:01 [@b60d4e234048]
Externo #1: Executar queuedwebhook
2026-04-30 23:22:01 [@b60d4e234048]
Externo #1: Executar queuedwebhook
2026-04-30 23:24:01 [@b60d4e234048]
Externo #1: Executar queuedwebhook
2026-04-30 23:26:01 [@b60d4e234048]
Externo #1: Executar queuedwebhook
2026-04-30 23:28:01 [@b60d4e234048]
Externo #1: Executar queuedwebhook
2026-04-30 23:30:01 [@b60d4e234048]
Externo #1: Executar queuedwebhook
2026-04-30 23:30:01 [@b60d4e234048]
Externo #2: Executar pendingreason_autobump_autosolve
2026-04-30 23:32:01 [@b60d4e234048]
Externo #1: Executar queuedwebhook
2026-04-30 23:34:01 [@b60d4e234048]
Externo #1: Executar queuedwebhook
2026-04-30 23:36:01 [@b60d4e234048]
Externo #1: Executar queuedwebhook
2026-04-30 23:38:01 [@b60d4e234048]
Externo #1: Executar queuedwebhook
2026-04-30 23:40:01 [@b60d4e234048]
Externo #1: Executar queuedwebhook
2026-04-30 23:42:01 [@b60d4e234048]
Externo #1: Executar queuedwebhook
2026-04-30 23:44:01 [@b60d4e234048]
Externo #1: Executar queuedwebhook
2026-04-30 23:46:01 [@b60d4e234048]
Externo #1: Executar queuedwebhook
2026-04-30 23:48:01 [@b60d4e234048]
Externo #1: Executar queuedwebhook
2026-04-30 23:50:01 [@b60d4e234048]
Externo #1: Executar queuedwebhook
2026-04-30 23:52:01 [@b60d4e234048]
Externo #1: Executar queuedwebhook
2026-04-30 23:54:01 [@b60d4e234048]
Externo #1: Executar queuedwebhook
2026-04-30 23:56:01 [@b60d4e234048]
Externo #1: Executar queuedwebhook
2026-04-30 23:58:01 [@b60d4e234048]
Externo #1: Executar queuedwebhook
2026-05-01 00:00:01 [@b60d4e234048]
Externo #1: Executar queuedwebhook
2026-05-01 00:00:01 [@b60d4e234048]
Externo #2: Executar PurgeLogs
2026-05-01 00:00:01 [@b60d4e234048]
Externo #3: Executar checkAllUpdates
2026-05-01 00:00:01 [@b60d4e234048]
Externo #4: Executar cleanorphans
2026-05-01 00:00:01 [@b60d4e234048]
Externo #5: Executar pendingreason_autobump_autosolve
2026-05-01 00:02:01 [@b60d4e234048]
Externo #1: Executar Cleanoldagents
2026-05-01 00:02:01 [@b60d4e234048]
Externo #2: Executar queuedwebhook
2026-05-01 00:02:01 [@b60d4e234048]
Externo #3: Executar queuedwebhookclean
2026-05-01 00:04:01 [@b60d4e234048]
Externo #1: Executar queuedwebhook
2026-05-01 00:06:01 [@b60d4e234048]
Externo #1: Executar queuedwebhook
2026-05-01 00:08:01 [@b60d4e234048]
Externo #1: Executar queuedwebhook
2026-05-01 00:10:01 [@b60d4e234048]
Externo #1: Executar queuedwebhook
2026-05-01 00:12:01 [@b60d4e234048]
Externo #1: Executar queuedwebhook
2026-05-01 00:14:01 [@b60d4e234048]
Externo #1: Executar queuedwebhook
2026-05-01 00:16:01 [@b60d4e234048]
Externo #1: Executar queuedwebhook
2026-05-01 00:18:01 [@b60d4e234048]
Externo #1: Executar queuedwebhook
2026-05-01 00:20:01 [@b60d4e234048]
Externo #1: Executar queuedwebhook
2026-05-01 00:22:01 [@b60d4e234048]
Externo #1: Executar queuedwebhook
2026-05-01 00:24:01 [@b60d4e234048]
Externo #1: Executar queuedwebhook
2026-05-01 00:26:01 [@b60d4e234048]
Externo #1: Executar queuedwebhook
2026-05-01 00:28:01 [@b60d4e234048]
Externo #1: Executar queuedwebhook
2026-05-01 00:30:01 [@b60d4e234048]
Externo #1: Executar queuedwebhook
2026-05-01 00:30:01 [@b60d4e234048]
Externo #2: Executar pendingreason_autobump_autosolve
2026-05-01 00:32:01 [@b60d4e234048]
Externo #1: Executar queuedwebhook
2026-05-01 00:34:01 [@b60d4e234048]
Externo #1: Executar queuedwebhook
2026-05-01 00:36:01 [@b60d4e234048]
Externo #1: Executar queuedwebhook
2026-05-01 00:38:01 [@b60d4e234048]
Externo #1: Executar queuedwebhook
2026-05-01 00:40:02 [@b60d4e234048]
Externo #1: Executar queuedwebhook
2026-05-01 00:42:02 [@b60d4e234048]
Externo #1: Executar queuedwebhook
2026-05-01 00:44:02 [@b60d4e234048]
Externo #1: Executar queuedwebhook
2026-05-01 00:46:02 [@b60d4e234048]
Externo #1: Executar queuedwebhook
2026-05-01 00:48:02 [@b60d4e234048]
Externo #1: Executar queuedwebhook
2026-05-01 00:50:02 [@b60d4e234048]
Externo #1: Executar queuedwebhook
2026-05-01 00:52:02 [@b60d4e234048]
Externo #1: Executar queuedwebhook
2026-05-01 00:54:02 [@b60d4e234048]
Externo #1: Executar queuedwebhook
2026-05-01 00:56:02 [@b60d4e234048]
Externo #1: Executar queuedwebhook
2026-05-01 00:58:02 [@b60d4e234048]
Externo #1: Executar queuedwebhook
2026-05-01 01:00:02 [@b60d4e234048]
Externo #1: Executar queuedwebhook
2026-05-01 01:00:02 [@b60d4e234048]
Externo #2: Executar pendingreason_autobump_autosolve
2026-05-01 01:02:02 [@b60d4e234048]
Externo #1: Executar queuedwebhook
2026-05-01 01:04:02 [@b60d4e234048]
Externo #1: Executar queuedwebhook
2026-05-01 01:06:02 [@b60d4e234048]
Externo #1: Executar queuedwebhook
2026-05-01 01:08:02 [@b60d4e234048]
Externo #1: Executar queuedwebhook
2026-05-01 01:10:01 [@b60d4e234048]
Externo #1: Executar queuedwebhook
2026-05-01 01:12:01 [@b60d4e234048]
Externo #1: Executar queuedwebhook
2026-05-01 01:14:01 [@b60d4e234048]
Externo #1: Executar queuedwebhook
2026-05-01 01:16:01 [@b60d4e234048]
Externo #1: Executar queuedwebhook
2026-05-01 01:18:01 [@b60d4e234048]
Externo #1: Executar queuedwebhook
2026-05-01 01:20:01 [@b60d4e234048]
Externo #1: Executar queuedwebhook
2026-05-01 01:22:01 [@b60d4e234048]
Externo #1: Executar queuedwebhook
2026-05-01 01:24:01 [@b60d4e234048]
Externo #1: Executar queuedwebhook
2026-05-01 01:26:01 [@b60d4e234048]
Externo #1: Executar queuedwebhook
2026-05-01 01:28:01 [@b60d4e234048]
Externo #1: Executar queuedwebhook
2026-05-01 01:30:01 [@b60d4e234048]
Externo #1: Executar queuedwebhook
2026-05-01 01:30:01 [@b60d4e234048]
Externo #2: Executar pendingreason_autobump_autosolve
2026-05-01 01:32:01 [@b60d4e234048]
Externo #1: Executar queuedwebhook
2026-05-01 01:34:01 [@b60d4e234048]
Externo #1: Executar queuedwebhook
2026-05-01 01:36:01 [@b60d4e234048]
Externo #1: Executar queuedwebhook
2026-05-01 01:38:01 [@b60d4e234048]
Externo #1: Executar queuedwebhook
2026-05-01 01:40:01 [@b60d4e234048]
Externo #1: Executar queuedwebhook
2026-05-01 01:42:01 [@b60d4e234048]
Externo #1: Executar queuedwebhook
2026-05-01 01:44:01 [@b60d4e234048]
Externo #1: Executar queuedwebhook
2026-05-01 01:46:01 [@b60d4e234048]
Externo #1: Executar queuedwebhook
2026-05-01 01:48:01 [@b60d4e234048]
Externo #1: Executar queuedwebhook
2026-05-01 01:50:01 [@b60d4e234048]
Externo #1: Executar queuedwebhook
2026-05-01 01:52:01 [@b60d4e234048]
Externo #1: Executar queuedwebhook
2026-05-01 01:54:01 [@b60d4e234048]
Externo #1: Executar queuedwebhook
2026-05-01 01:56:01 [@b60d4e234048]
Externo #1: Executar queuedwebhook
2026-05-01 01:58:01 [@b60d4e234048]
Externo #1: Executar queuedwebhook
2026-05-01 02:00:01 [@b60d4e234048]
Externo #1: Executar queuedwebhook
2026-05-01 02:00:01 [@b60d4e234048]
Externo #2: Executar pendingreason_autobump_autosolve
2026-05-01 02:02:01 [@b60d4e234048]
Externo #1: Executar queuedwebhook
2026-05-01 02:04:01 [@b60d4e234048]
Externo #1: Executar queuedwebhook
2026-05-01 02:06:01 [@b60d4e234048]
Externo #1: Executar queuedwebhook
2026-05-01 02:08:01 [@b60d4e234048]
Externo #1: Executar queuedwebhook
2026-05-01 02:10:01 [@b60d4e234048]
Externo #1: Executar queuedwebhook
2026-05-01 02:12:01 [@b60d4e234048]
Externo #1: Executar queuedwebhook
2026-05-01 02:14:01 [@b60d4e234048]
Externo #1: Executar queuedwebhook
2026-05-01 02:16:01 [@b60d4e234048]
Externo #1: Executar queuedwebhook
2026-05-01 02:18:01 [@b60d4e234048]
Externo #1: Executar queuedwebhook
2026-05-01 02:20:01 [@b60d4e234048]
Externo #1: Executar queuedwebhook
2026-05-01 02:22:01 [@b60d4e234048]
Externo #1: Executar queuedwebhook
2026-05-01 02:24:01 [@b60d4e234048]
Externo #1: Executar queuedwebhook
2026-05-01 02:26:01 [@b60d4e234048]
Externo #1: Executar queuedwebhook
2026-05-01 02:28:01 [@b60d4e234048]
Externo #1: Executar queuedwebhook
2026-05-01 02:30:01 [@b60d4e234048]
Externo #1: Executar queuedwebhook
2026-05-01 02:30:01 [@b60d4e234048]
Externo #2: Executar pendingreason_autobump_autosolve
2026-05-01 02:32:01 [@b60d4e234048]
Externo #1: Executar queuedwebhook
2026-05-01 02:34:01 [@b60d4e234048]
Externo #1: Executar queuedwebhook
2026-05-01 02:36:01 [@b60d4e234048]
Externo #1: Executar queuedwebhook
2026-05-01 02:38:01 [@b60d4e234048]
Externo #1: Executar queuedwebhook
2026-05-01 02:40:02 [@b60d4e234048]
Externo #1: Executar queuedwebhook
2026-05-01 02:42:02 [@b60d4e234048]
Externo #1: Executar queuedwebhook
2026-05-01 02:44:02 [@b60d4e234048]
Externo #1: Executar queuedwebhook
2026-05-01 02:46:02 [@b60d4e234048]
Externo #1: Executar queuedwebhook
2026-05-01 02:48:02 [@b60d4e234048]
Externo #1: Executar queuedwebhook
2026-05-01 02:50:02 [@b60d4e234048]
Externo #1: Executar queuedwebhook
2026-05-01 02:52:02 [@b60d4e234048]
Externo #1: Executar queuedwebhook
2026-05-01 02:54:02 [@b60d4e234048]
Externo #1: Executar queuedwebhook
2026-05-01 02:56:02 [@b60d4e234048]
Externo #1: Executar queuedwebhook
2026-05-01 02:58:02 [@b60d4e234048]
Externo #1: Executar queuedwebhook
2026-05-01 03:00:02 [@b60d4e234048]
Externo #1: Executar queuedwebhook
2026-05-01 03:00:02 [@b60d4e234048]
Externo #2: Executar pendingreason_autobump_autosolve
2026-05-01 03:02:02 [@b60d4e234048]
Externo #1: Executar queuedwebhook
2026-05-01 03:04:02 [@b60d4e234048]
Externo #1: Executar queuedwebhook
2026-05-01 03:06:02 [@b60d4e234048]
Externo #1: Executar queuedwebhook
2026-05-01 03:08:02 [@b60d4e234048]
Externo #1: Executar queuedwebhook
2026-05-01 03:10:02 [@b60d4e234048]
Externo #1: Executar queuedwebhook
2026-05-01 03:12:02 [@b60d4e234048]
Externo #1: Executar queuedwebhook
2026-05-01 03:14:02 [@b60d4e234048]
Externo #1: Executar queuedwebhook
2026-05-01 03:16:02 [@b60d4e234048]
Externo #1: Executar queuedwebhook
2026-05-01 03:18:02 [@b60d4e234048]
Externo #1: Executar queuedwebhook
2026-05-01 03:20:02 [@b60d4e234048]
Externo #1: Executar queuedwebhook
2026-05-01 03:22:02 [@b60d4e234048]
Externo #1: Executar queuedwebhook
2026-05-01 03:24:02 [@b60d4e234048]
Externo #1: Executar queuedwebhook
2026-05-01 03:26:02 [@b60d4e234048]
Externo #1: Executar queuedwebhook
2026-05-01 03:28:02 [@b60d4e234048]
Externo #1: Executar queuedwebhook
2026-05-01 03:30:02 [@b60d4e234048]
Externo #1: Executar queuedwebhook
2026-05-01 03:30:02 [@b60d4e234048]
Externo #2: Executar pendingreason_autobump_autosolve
2026-05-01 03:32:02 [@b60d4e234048]
Externo #1: Executar queuedwebhook
2026-05-01 03:34:02 [@b60d4e234048]
Externo #1: Executar queuedwebhook
2026-05-01 03:36:02 [@b60d4e234048]
Externo #1: Executar queuedwebhook
2026-05-01 03:38:02 [@b60d4e234048]
Externo #1: Executar queuedwebhook
2026-05-01 03:40:01 [@b60d4e234048]
Externo #1: Executar queuedwebhook
2026-05-01 03:42:01 [@b60d4e234048]
Externo #1: Executar queuedwebhook
2026-05-01 03:44:01 [@b60d4e234048]
Externo #1: Executar queuedwebhook
2026-05-01 03:46:01 [@b60d4e234048]
Externo #1: Executar queuedwebhook
2026-05-01 03:48:01 [@b60d4e234048]
Externo #1: Executar queuedwebhook
2026-05-01 03:50:01 [@b60d4e234048]
Externo #1: Executar queuedwebhook
2026-05-01 03:52:01 [@b60d4e234048]
Externo #1: Executar queuedwebhook
2026-05-01 03:54:01 [@b60d4e234048]
Externo #1: Executar queuedwebhook
2026-05-01 03:56:01 [@b60d4e234048]
Externo #1: Executar queuedwebhook
2026-05-01 03:58:01 [@b60d4e234048]
Externo #1: Executar queuedwebhook
2026-05-01 04:00:01 [@b60d4e234048]
Externo #1: Executar queuedwebhook
2026-05-01 04:00:01 [@b60d4e234048]
Externo #2: Executar pendingreason_autobump_autosolve
2026-05-01 04:02:01 [@b60d4e234048]
Externo #1: Executar queuedwebhook
2026-05-01 04:04:01 [@b60d4e234048]
Externo #1: Executar queuedwebhook
2026-05-01 04:06:01 [@b60d4e234048]
Externo #1: Executar queuedwebhook
2026-05-01 04:08:01 [@b60d4e234048]
Externo #1: Executar queuedwebhook
2026-05-01 04:10:01 [@b60d4e234048]
Externo #1: Executar queuedwebhook
2026-05-01 04:12:02 [@b60d4e234048]
Externo #1: Executar queuedwebhook
2026-05-01 04:14:02 [@b60d4e234048]
Externo #1: Executar queuedwebhook
2026-05-01 04:16:02 [@b60d4e234048]
Externo #1: Executar queuedwebhook
2026-05-01 04:18:02 [@b60d4e234048]
Externo #1: Executar queuedwebhook
2026-05-01 04:20:02 [@b60d4e234048]
Externo #1: Executar queuedwebhook
2026-05-01 04:22:02 [@b60d4e234048]
Externo #1: Executar queuedwebhook
2026-05-01 04:24:02 [@b60d4e234048]
Externo #1: Executar queuedwebhook
2026-05-01 04:26:02 [@b60d4e234048]
Externo #1: Executar queuedwebhook
2026-05-01 04:28:02 [@b60d4e234048]
Externo #1: Executar queuedwebhook
2026-05-01 04:30:02 [@b60d4e234048]
Externo #1: Executar queuedwebhook
2026-05-01 04:30:02 [@b60d4e234048]
Externo #2: Executar pendingreason_autobump_autosolve
2026-05-01 04:32:02 [@b60d4e234048]
Externo #1: Executar queuedwebhook
2026-05-01 04:34:02 [@b60d4e234048]
Externo #1: Executar queuedwebhook
2026-05-01 04:36:02 [@b60d4e234048]
Externo #1: Executar queuedwebhook
2026-05-01 04:38:02 [@b60d4e234048]
Externo #1: Executar queuedwebhook
2026-05-01 04:40:01 [@b60d4e234048]
Externo #1: Executar queuedwebhook
2026-05-01 04:42:01 [@b60d4e234048]
Externo #1: Executar queuedwebhook
2026-05-01 04:44:01 [@b60d4e234048]
Externo #1: Executar queuedwebhook
2026-05-01 04:46:01 [@b60d4e234048]
Externo #1: Executar queuedwebhook
2026-05-01 04:48:01 [@b60d4e234048]
Externo #1: Executar queuedwebhook
2026-05-01 04:50:01 [@b60d4e234048]
Externo #1: Executar queuedwebhook
2026-05-01 04:52:01 [@b60d4e234048]
Externo #1: Executar queuedwebhook
2026-05-01 04:54:01 [@b60d4e234048]
Externo #1: Executar queuedwebhook
2026-05-01 04:56:01 [@b60d4e234048]
Externo #1: Executar queuedwebhook
2026-05-01 04:58:01 [@b60d4e234048]
Externo #1: Executar queuedwebhook
2026-05-01 05:00:01 [@b60d4e234048]
Externo #1: Executar queuedwebhook
2026-05-01 05:00:01 [@b60d4e234048]
Externo #2: Executar pendingreason_autobump_autosolve
2026-05-01 05:02:01 [@b60d4e234048]
Externo #1: Executar queuedwebhook
2026-05-01 05:04:01 [@b60d4e234048]
Externo #1: Executar queuedwebhook
2026-05-01 05:06:01 [@b60d4e234048]
Externo #1: Executar queuedwebhook
2026-05-01 05:08:01 [@b60d4e234048]
Externo #1: Executar queuedwebhook
2026-05-01 05:10:01 [@b60d4e234048]
Externo #1: Executar queuedwebhook
2026-05-01 05:12:01 [@b60d4e234048]
Externo #1: Executar queuedwebhook
2026-05-01 05:14:01 [@b60d4e234048]
Externo #1: Executar queuedwebhook
2026-05-01 05:16:01 [@b60d4e234048]
Externo #1: Executar queuedwebhook
2026-05-01 05:18:01 [@b60d4e234048]
Externo #1: Executar queuedwebhook
2026-05-01 05:20:01 [@b60d4e234048]
Externo #1: Executar queuedwebhook
2026-05-01 05:22:01 [@b60d4e234048]
Externo #1: Executar queuedwebhook
2026-05-01 05:24:01 [@b60d4e234048]
Externo #1: Executar queuedwebhook
2026-05-01 05:26:01 [@b60d4e234048]
Externo #1: Executar queuedwebhook
2026-05-01 05:28:01 [@b60d4e234048]
Externo #1: Executar queuedwebhook
2026-05-01 05:30:01 [@b60d4e234048]
Externo #1: Executar queuedwebhook
2026-05-01 05:30:01 [@b60d4e234048]
Externo #2: Executar pendingreason_autobump_autosolve
2026-05-01 05:32:01 [@b60d4e234048]
Externo #1: Executar queuedwebhook
2026-05-01 05:34:01 [@b60d4e234048]
Externo #1: Executar queuedwebhook
2026-05-01 05:36:01 [@b60d4e234048]
Externo #1: Executar queuedwebhook
2026-05-01 05:38:01 [@b60d4e234048]
Externo #1: Executar queuedwebhook
2026-05-01 05:40:01 [@b60d4e234048]
Externo #1: Executar queuedwebhook
2026-05-01 05:42:01 [@b60d4e234048]
Externo #1: Executar queuedwebhook
2026-05-01 05:44:01 [@b60d4e234048]
Externo #1: Executar queuedwebhook
2026-05-01 05:46:01 [@b60d4e234048]
Externo #1: Executar queuedwebhook
2026-05-01 05:48:01 [@b60d4e234048]
Externo #1: Executar queuedwebhook
2026-05-01 05:50:01 [@b60d4e234048]
Externo #1: Executar queuedwebhook
2026-05-01 05:52:01 [@b60d4e234048]
Externo #1: Executar queuedwebhook
2026-05-01 05:54:01 [@b60d4e234048]
Externo #1: Executar queuedwebhook
2026-05-01 05:56:01 [@b60d4e234048]
Externo #1: Executar queuedwebhook
2026-05-01 05:58:01 [@b60d4e234048]
Externo #1: Executar queuedwebhook
2026-05-01 06:00:01 [@b60d4e234048]
Externo #1: Executar queuedwebhook
2026-05-01 06:00:02 [@b60d4e234048]
Externo #2: Executar pendingreason_autobump_autosolve
2026-05-01 06:02:01 [@b60d4e234048]
Externo #1: Executar queuedwebhook
2026-05-01 06:04:01 [@b60d4e234048]
Externo #1: Executar queuedwebhook
2026-05-01 06:06:01 [@b60d4e234048]
Externo #1: Executar queuedwebhook
2026-05-01 06:08:01 [@b60d4e234048]
Externo #1: Executar queuedwebhook
2026-05-01 06:10:02 [@b60d4e234048]
Externo #1: Executar queuedwebhook
2026-05-01 06:12:02 [@b60d4e234048]
Externo #1: Executar queuedwebhook
2026-05-01 06:14:02 [@b60d4e234048]
Externo #1: Executar queuedwebhook
2026-05-01 06:16:02 [@b60d4e234048]
Externo #1: Executar queuedwebhook
2026-05-01 06:18:02 [@b60d4e234048]
Externo #1: Executar queuedwebhook
2026-05-01 06:20:02 [@b60d4e234048]
Externo #1: Executar queuedwebhook
2026-05-01 06:22:02 [@b60d4e234048]
Externo #1: Executar queuedwebhook
2026-05-01 06:24:02 [@b60d4e234048]
Externo #1: Executar queuedwebhook
2026-05-01 06:26:02 [@b60d4e234048]
Externo #1: Executar queuedwebhook
2026-05-01 06:28:02 [@b60d4e234048]
Externo #1: Executar queuedwebhook
2026-05-01 06:30:02 [@b60d4e234048]
Externo #1: Executar queuedwebhook
2026-05-01 06:30:02 [@b60d4e234048]
Externo #2: Executar pendingreason_autobump_autosolve
2026-05-01 06:32:02 [@b60d4e234048]
Externo #1: Executar queuedwebhook
2026-05-01 06:34:02 [@b60d4e234048]
Externo #1: Executar queuedwebhook
2026-05-01 06:36:02 [@b60d4e234048]
Externo #1: Executar queuedwebhook
2026-05-01 06:38:02 [@b60d4e234048]
Externo #1: Executar queuedwebhook
2026-05-01 06:40:01 [@b60d4e234048]
Externo #1: Executar queuedwebhook
2026-05-01 06:42:01 [@b60d4e234048]
Externo #1: Executar queuedwebhook
2026-05-01 06:44:01 [@b60d4e234048]
Externo #1: Executar queuedwebhook
2026-05-01 06:46:01 [@b60d4e234048]
Externo #1: Executar queuedwebhook
2026-05-01 06:48:01 [@b60d4e234048]
Externo #1: Executar queuedwebhook
2026-05-01 06:50:01 [@b60d4e234048]
Externo #1: Executar queuedwebhook
2026-05-01 06:52:01 [@b60d4e234048]
Externo #1: Executar queuedwebhook
2026-05-01 06:54:01 [@b60d4e234048]
Externo #1: Executar queuedwebhook
2026-05-01 06:56:01 [@b60d4e234048]
Externo #1: Executar queuedwebhook
2026-05-01 06:58:01 [@b60d4e234048]
Externo #1: Executar queuedwebhook
2026-05-01 07:00:01 [@b60d4e234048]
Externo #1: Executar queuedwebhook
2026-05-01 07:00:01 [@b60d4e234048]
Externo #2: Executar pendingreason_autobump_autosolve
2026-05-01 07:02:01 [@b60d4e234048]
Externo #1: Executar queuedwebhook
2026-05-01 07:04:01 [@b60d4e234048]
Externo #1: Executar queuedwebhook
2026-05-01 07:06:01 [@b60d4e234048]
Externo #1: Executar queuedwebhook
2026-05-01 07:08:01 [@b60d4e234048]
Externo #1: Executar queuedwebhook
2026-05-01 07:10:01 [@b60d4e234048]
Externo #1: Executar queuedwebhook
2026-05-01 07:12:01 [@b60d4e234048]
Externo #1: Executar queuedwebhook
2026-05-01 07:14:01 [@b60d4e234048]
Externo #1: Executar queuedwebhook
2026-05-01 07:16:01 [@b60d4e234048]
Externo #1: Executar queuedwebhook
2026-05-01 07:18:01 [@b60d4e234048]
Externo #1: Executar queuedwebhook
2026-05-01 07:20:01 [@b60d4e234048]
Externo #1: Executar queuedwebhook
2026-05-01 07:22:01 [@b60d4e234048]
Externo #1: Executar queuedwebhook
2026-05-01 07:24:01 [@b60d4e234048]
Externo #1: Executar queuedwebhook
2026-05-01 07:26:01 [@b60d4e234048]
Externo #1: Executar queuedwebhook
2026-05-01 07:28:01 [@b60d4e234048]
Externo #1: Executar queuedwebhook
2026-05-01 07:30:01 [@b60d4e234048]
Externo #1: Executar queuedwebhook
2026-05-01 07:30:01 [@b60d4e234048]
Externo #2: Executar pendingreason_autobump_autosolve
2026-05-01 07:32:01 [@b60d4e234048]
Externo #1: Executar queuedwebhook
2026-05-01 07:34:01 [@b60d4e234048]
Externo #1: Executar queuedwebhook
2026-05-01 07:36:01 [@b60d4e234048]
Externo #1: Executar queuedwebhook
2026-05-01 07:38:01 [@b60d4e234048]
Externo #1: Executar queuedwebhook
2026-05-01 07:40:01 [@b60d4e234048]
Externo #1: Executar queuedwebhook
2026-05-01 07:42:01 [@b60d4e234048]
Externo #1: Executar queuedwebhook
2026-05-01 07:44:01 [@b60d4e234048]
Externo #1: Executar queuedwebhook
2026-05-01 07:46:01 [@b60d4e234048]
Externo #1: Executar queuedwebhook
2026-05-01 07:48:01 [@b60d4e234048]
Externo #1: Executar queuedwebhook
2026-05-01 07:50:01 [@b60d4e234048]
Externo #1: Executar queuedwebhook
2026-05-01 07:52:01 [@b60d4e234048]
Externo #1: Executar queuedwebhook
2026-05-01 07:54:01 [@b60d4e234048]
Externo #1: Executar queuedwebhook
2026-05-01 07:56:01 [@b60d4e234048]
Externo #1: Executar queuedwebhook
2026-05-01 07:58:01 [@b60d4e234048]
Externo #1: Executar queuedwebhook
2026-05-01 08:00:01 [@b60d4e234048]
Externo #1: Executar queuedwebhook
2026-05-01 08:00:01 [@b60d4e234048]
Externo #2: Executar pendingreason_autobump_autosolve
2026-05-01 08:02:01 [@b60d4e234048]
Externo #1: Executar queuedwebhook
2026-05-01 08:04:01 [@b60d4e234048]
Externo #1: Executar queuedwebhook
2026-05-01 08:06:01 [@b60d4e234048]
Externo #1: Executar queuedwebhook
2026-05-01 08:08:01 [@b60d4e234048]
Externo #1: Executar queuedwebhook
2026-05-01 08:10:02 [@b60d4e234048]
Externo #1: Executar queuedwebhook
2026-05-01 08:12:02 [@b60d4e234048]
Externo #1: Executar queuedwebhook
2026-05-01 08:14:02 [@b60d4e234048]
Externo #1: Executar queuedwebhook
2026-05-01 08:16:02 [@b60d4e234048]
Externo #1: Executar queuedwebhook
2026-05-01 08:18:02 [@b60d4e234048]
Externo #1: Executar queuedwebhook
2026-05-01 08:20:02 [@b60d4e234048]
Externo #1: Executar queuedwebhook
2026-05-01 08:22:02 [@b60d4e234048]
Externo #1: Executar queuedwebhook
2026-05-01 08:24:02 [@b60d4e234048]
Externo #1: Executar queuedwebhook
2026-05-01 08:26:02 [@b60d4e234048]
Externo #1: Executar queuedwebhook
2026-05-01 08:28:02 [@b60d4e234048]
Externo #1: Executar queuedwebhook
2026-05-01 08:30:02 [@b60d4e234048]
Externo #1: Executar queuedwebhook
2026-05-01 08:30:02 [@b60d4e234048]
Externo #2: Executar DomainsAlert
2026-05-01 08:30:02 [@b60d4e234048]
Externo #3: Executar pendingreason_autobump_autosolve
2026-05-01 08:30:02 [@b60d4e234048]
Externo #4: Executar createinquest
2026-05-01 08:30:02 [@b60d4e234048]
Externo #5: Executar purgedraftforms
2026-05-01 08:32:02 [@b60d4e234048]
Externo #1: Executar queuedwebhook
2026-05-01 08:34:02 [@b60d4e234048]
Externo #1: Executar queuedwebhook
2026-05-01 08:36:02 [@b60d4e234048]
Externo #1: Executar queuedwebhook
2026-05-01 08:38:02 [@b60d4e234048]
Externo #1: Executar queuedwebhook
2026-05-01 08:40:02 [@b60d4e234048]
Externo #1: Executar queuedwebhook
2026-05-01 08:42:02 [@b60d4e234048]
Externo #1: Executar queuedwebhook
2026-05-01 08:44:02 [@b60d4e234048]
Externo #1: Executar queuedwebhook
2026-05-01 08:46:02 [@b60d4e234048]
Externo #1: Executar queuedwebhook
2026-05-01 08:48:02 [@b60d4e234048]
Externo #1: Executar queuedwebhook
2026-05-01 08:50:02 [@b60d4e234048]
Externo #1: Executar queuedwebhook
2026-05-01 08:52:02 [@b60d4e234048]
Externo #1: Executar queuedwebhook
2026-05-01 08:54:02 [@b60d4e234048]
Externo #1: Executar queuedwebhook
2026-05-01 08:56:02 [@b60d4e234048]
Externo #1: Executar queuedwebhook
2026-05-01 08:58:02 [@b60d4e234048]
Externo #1: Executar queuedwebhook
2026-05-01 09:00:02 [@b60d4e234048]
Externo #1: Executar queuedwebhook
2026-05-01 09:00:02 [@b60d4e234048]
Externo #2: Executar pendingreason_autobump_autosolve
2026-05-01 09:02:02 [@b60d4e234048]
Externo #1: Executar queuedwebhook
2026-05-01 09:04:02 [@b60d4e234048]
Externo #1: Executar queuedwebhook
2026-05-01 09:06:02 [@b60d4e234048]
Externo #1: Executar queuedwebhook
2026-05-01 09:08:02 [@b60d4e234048]
Externo #1: Executar queuedwebhook
2026-05-01 09:10:01 [@b60d4e234048]
Externo #1: Executar queuedwebhook
2026-05-01 09:12:01 [@b60d4e234048]
Externo #1: Executar queuedwebhook
2026-05-01 09:14:01 [@b60d4e234048]
Externo #1: Executar queuedwebhook
2026-05-01 09:16:01 [@b60d4e234048]
Externo #1: Executar queuedwebhook
2026-05-01 09:18:01 [@b60d4e234048]
Externo #1: Executar queuedwebhook
2026-05-01 09:20:01 [@b60d4e234048]
Externo #1: Executar queuedwebhook
2026-05-01 09:22:01 [@b60d4e234048]
Externo #1: Executar queuedwebhook
2026-05-01 09:24:01 [@b60d4e234048]
Externo #1: Executar queuedwebhook
2026-05-01 09:26:01 [@b60d4e234048]
Externo #1: Executar queuedwebhook
2026-05-01 09:28:01 [@b60d4e234048]
Externo #1: Executar queuedwebhook
2026-05-01 09:30:01 [@b60d4e234048]
Externo #1: Executar queuedwebhook
2026-05-01 09:30:01 [@b60d4e234048]
Externo #2: Executar pendingreason_autobump_autosolve
2026-05-01 09:32:01 [@b60d4e234048]
Externo #1: Executar queuedwebhook
2026-05-01 09:34:01 [@b60d4e234048]
Externo #1: Executar queuedwebhook
2026-05-01 09:36:01 [@b60d4e234048]
Externo #1: Executar queuedwebhook
2026-05-01 09:38:01 [@b60d4e234048]
Externo #1: Executar queuedwebhook
2026-05-01 09:40:01 [@b60d4e234048]
Externo #1: Executar queuedwebhook
2026-05-01 09:42:01 [@b60d4e234048]
Externo #1: Executar queuedwebhook
2026-05-01 09:44:01 [@b60d4e234048]
Externo #1: Executar queuedwebhook
2026-05-01 09:46:01 [@b60d4e234048]
Externo #1: Executar queuedwebhook
2026-05-01 09:48:01 [@b60d4e234048]
Externo #1: Executar queuedwebhook
2026-05-01 09:50:01 [@b60d4e234048]
Externo #1: Executar queuedwebhook
2026-05-01 09:52:01 [@b60d4e234048]
Externo #1: Executar queuedwebhook
2026-05-01 09:54:01 [@b60d4e234048]
Externo #1: Executar queuedwebhook
2026-05-01 09:56:01 [@b60d4e234048]
Externo #1: Executar queuedwebhook
2026-05-01 09:58:01 [@b60d4e234048]
Externo #1: Executar queuedwebhook
2026-05-01 10:00:01 [@b60d4e234048]
Externo #1: Executar queuedwebhook
2026-05-01 10:00:01 [@b60d4e234048]
Externo #2: Executar pendingreason_autobump_autosolve
2026-05-01 10:02:01 [@b60d4e234048]
Externo #1: Executar queuedwebhook
2026-05-01 10:04:01 [@b60d4e234048]
Externo #1: Executar queuedwebhook
2026-05-01 10:06:01 [@b60d4e234048]
Externo #1: Executar queuedwebhook
2026-05-01 10:08:01 [@b60d4e234048]
Externo #1: Executar queuedwebhook
2026-05-01 10:10:01 [@b60d4e234048]
Externo #1: Executar queuedwebhook
2026-05-01 10:12:01 [@b60d4e234048]
Externo #1: Executar queuedwebhook
2026-05-01 10:14:02 [@b60d4e234048]
Externo #1: Executar queuedwebhook
2026-05-01 10:16:01 [@b60d4e234048]
Externo #1: Executar queuedwebhook
2026-05-01 10:18:02 [@b60d4e234048]
Externo #1: Executar queuedwebhook
2026-05-01 10:20:02 [@b60d4e234048]
Externo #1: Executar queuedwebhook
2026-05-01 10:22:01 [@b60d4e234048]
Externo #1: Executar queuedwebhook
2026-05-01 10:24:02 [@b60d4e234048]
Externo #1: Executar queuedwebhook
2026-05-01 10:26:01 [@b60d4e234048]
Externo #1: Executar queuedwebhook
2026-05-01 10:28:01 [@b60d4e234048]
Externo #1: Executar queuedwebhook
2026-05-01 10:30:01 [@b60d4e234048]
Externo #1: Executar queuedwebhook
2026-05-01 10:30:02 [@b60d4e234048]
Externo #2: Executar pendingreason_autobump_autosolve
2026-05-01 10:32:01 [@b60d4e234048]
Externo #1: Executar queuedwebhook
2026-05-01 10:34:01 [@b60d4e234048]
Externo #1: Executar queuedwebhook
2026-05-01 10:36:01 [@b60d4e234048]
Externo #1: Executar queuedwebhook
2026-05-01 10:38:01 [@b60d4e234048]
Externo #1: Executar queuedwebhook
2026-05-01 10:40:02 [@b60d4e234048]
Externo #1: Executar queuedwebhook
2026-05-01 10:42:02 [@b60d4e234048]
Externo #1: Executar queuedwebhook
2026-05-01 10:44:02 [@b60d4e234048]
Externo #1: Executar queuedwebhook
2026-05-01 10:46:02 [@b60d4e234048]
Externo #1: Executar queuedwebhook
2026-05-01 10:48:02 [@b60d4e234048]
Externo #1: Executar queuedwebhook
2026-05-01 10:50:02 [@b60d4e234048]
Externo #1: Executar queuedwebhook
2026-05-01 10:52:02 [@b60d4e234048]
Externo #1: Executar queuedwebhook
2026-05-01 10:54:02 [@b60d4e234048]
Externo #1: Executar queuedwebhook
2026-05-01 10:56:02 [@b60d4e234048]
Externo #1: Executar queuedwebhook
2026-05-01 10:58:02 [@b60d4e234048]
Externo #1: Executar queuedwebhook
2026-05-01 11:00:02 [@b60d4e234048]
Externo #1: Executar queuedwebhook
2026-05-01 11:00:02 [@b60d4e234048]
Externo #2: Executar pendingreason_autobump_autosolve
2026-05-01 11:02:02 [@b60d4e234048]
Externo #1: Executar queuedwebhook
2026-05-01 11:04:02 [@b60d4e234048]
Externo #1: Executar queuedwebhook
2026-05-01 11:06:02 [@b60d4e234048]
Externo #1: Executar queuedwebhook
2026-05-01 11:08:02 [@b60d4e234048]
Externo #1: Executar queuedwebhook
2026-05-01 11:10:01 [@b60d4e234048]
Externo #1: Executar queuedwebhook
2026-05-01 11:12:01 [@b60d4e234048]
Externo #1: Executar queuedwebhook
2026-05-01 11:14:01 [@b60d4e234048]
Externo #1: Executar queuedwebhook
2026-05-01 11:16:01 [@b60d4e234048]
Externo #1: Executar queuedwebhook
2026-05-01 11:18:01 [@b60d4e234048]
Externo #1: Executar queuedwebhook
2026-05-01 11:20:01 [@b60d4e234048]
Externo #1: Executar queuedwebhook
2026-05-01 11:22:01 [@b60d4e234048]
Externo #1: Executar queuedwebhook
2026-05-01 11:24:01 [@b60d4e234048]
Externo #1: Executar queuedwebhook
2026-05-01 11:26:01 [@b60d4e234048]
Externo #1: Executar queuedwebhook
2026-05-01 11:28:01 [@b60d4e234048]
Externo #1: Executar queuedwebhook
2026-05-01 11:30:01 [@b60d4e234048]
Externo #1: Executar queuedwebhook
2026-05-01 11:30:01 [@b60d4e234048]
Externo #2: Executar pendingreason_autobump_autosolve
2026-05-01 11:32:01 [@b60d4e234048]
Externo #1: Executar queuedwebhook
2026-05-01 11:34:01 [@b60d4e234048]
Externo #1: Executar queuedwebhook
2026-05-01 11:36:01 [@b60d4e234048]
Externo #1: Executar queuedwebhook
2026-05-01 11:38:01 [@b60d4e234048]
Externo #1: Executar queuedwebhook
2026-05-01 11:40:01 [@b60d4e234048]
Externo #1: Executar queuedwebhook
2026-05-01 11:42:01 [@b60d4e234048]
Externo #1: Executar queuedwebhook
2026-05-01 11:44:01 [@b60d4e234048]
Externo #1: Executar queuedwebhook
2026-05-01 11:46:01 [@b60d4e234048]
Externo #1: Executar queuedwebhook
2026-05-01 11:48:01 [@b60d4e234048]
Externo #1: Executar queuedwebhook
2026-05-01 11:50:01 [@b60d4e234048]
Externo #1: Executar queuedwebhook
2026-05-01 11:52:01 [@b60d4e234048]
Externo #1: Executar queuedwebhook
2026-05-01 11:54:01 [@b60d4e234048]
Externo #1: Executar queuedwebhook
2026-05-01 11:56:01 [@b60d4e234048]
Externo #1: Executar queuedwebhook
2026-05-01 11:58:01 [@b60d4e234048]
Externo #1: Executar queuedwebhook
2026-05-01 12:00:01 [@b60d4e234048]
Externo #1: Executar queuedwebhook
2026-05-01 12:00:01 [@b60d4e234048]
Externo #2: Executar pendingreason_autobump_autosolve
2026-05-01 12:02:01 [@b60d4e234048]
Externo #1: Executar queuedwebhook
2026-05-01 12:04:01 [@b60d4e234048]
Externo #1: Executar queuedwebhook
2026-05-01 12:06:01 [@b60d4e234048]
Externo #1: Executar queuedwebhook
2026-05-01 12:08:01 [@b60d4e234048]
Externo #1: Executar queuedwebhook
2026-05-01 12:10:01 [@b60d4e234048]
Externo #1: Executar queuedwebhook
2026-05-01 12:12:01 [@b60d4e234048]
Externo #1: Executar queuedwebhook
2026-05-01 12:14:01 [@b60d4e234048]
Externo #1: Executar queuedwebhook
2026-05-01 12:16:01 [@b60d4e234048]
Externo #1: Executar queuedwebhook
2026-05-01 12:18:01 [@b60d4e234048]
Externo #1: Executar queuedwebhook
2026-05-01 12:20:01 [@b60d4e234048]
Externo #1: Executar queuedwebhook
2026-05-01 12:22:01 [@b60d4e234048]
Externo #1: Executar queuedwebhook
2026-05-01 12:24:01 [@b60d4e234048]
Externo #1: Executar queuedwebhook
2026-05-01 12:26:01 [@b60d4e234048]
Externo #1: Executar queuedwebhook
2026-05-01 12:28:01 [@b60d4e234048]
Externo #1: Executar queuedwebhook
2026-05-01 12:30:01 [@b60d4e234048]
Externo #1: Executar queuedwebhook
2026-05-01 12:30:01 [@b60d4e234048]
Externo #2: Executar pendingreason_autobump_autosolve
2026-05-01 12:32:01 [@b60d4e234048]
Externo #1: Executar queuedwebhook
2026-05-01 12:34:01 [@b60d4e234048]
Externo #1: Executar queuedwebhook
2026-05-01 12:36:01 [@b60d4e234048]
Externo #1: Executar queuedwebhook
2026-05-01 12:38:01 [@b60d4e234048]
Externo #1: Executar queuedwebhook
2026-05-01 12:40:02 [@b60d4e234048]
Externo #1: Executar queuedwebhook
2026-05-01 12:42:02 [@b60d4e234048]
Externo #1: Executar queuedwebhook
2026-05-01 12:44:02 [@b60d4e234048]
Externo #1: Executar queuedwebhook
2026-05-01 12:46:02 [@b60d4e234048]
Externo #1: Executar queuedwebhook
2026-05-01 12:48:02 [@b60d4e234048]
Externo #1: Executar queuedwebhook
2026-05-01 12:50:02 [@b60d4e234048]
Externo #1: Executar queuedwebhook
2026-05-01 12:52:02 [@b60d4e234048]
Externo #1: Executar queuedwebhook
2026-05-01 12:54:02 [@b60d4e234048]
Externo #1: Executar queuedwebhook
2026-05-01 12:56:02 [@b60d4e234048]
Externo #1: Executar queuedwebhook
2026-05-01 12:58:02 [@b60d4e234048]
Externo #1: Executar queuedwebhook
2026-05-01 13:00:02 [@b60d4e234048]
Externo #1: Executar queuedwebhook
2026-05-01 13:00:02 [@b60d4e234048]
Externo #2: Executar pendingreason_autobump_autosolve
2026-05-01 13:02:02 [@b60d4e234048]
Externo #1: Executar queuedwebhook
2026-05-01 13:04:02 [@b60d4e234048]
Externo #1: Executar queuedwebhook
2026-05-01 13:06:02 [@b60d4e234048]
Externo #1: Executar queuedwebhook
2026-05-01 13:08:02 [@b60d4e234048]
Externo #1: Executar queuedwebhook
2026-05-01 13:10:02 [@b60d4e234048]
Externo #1: Executar queuedwebhook
2026-05-01 13:12:02 [@b60d4e234048]
Externo #1: Executar queuedwebhook
2026-05-01 13:14:02 [@b60d4e234048]
Externo #1: Executar queuedwebhook
2026-05-01 13:16:02 [@b60d4e234048]
Externo #1: Executar queuedwebhook
2026-05-01 13:18:02 [@b60d4e234048]
Externo #1: Executar queuedwebhook
2026-05-01 13:20:02 [@b60d4e234048]
Externo #1: Executar queuedwebhook
2026-05-01 13:22:02 [@b60d4e234048]
Externo #1: Executar queuedwebhook
2026-05-01 13:24:02 [@b60d4e234048]
Externo #1: Executar queuedwebhook
2026-05-01 13:26:02 [@b60d4e234048]
Externo #1: Executar queuedwebhook
2026-05-01 13:28:02 [@b60d4e234048]
Externo #1: Executar queuedwebhook
2026-05-01 13:30:02 [@b60d4e234048]
Externo #1: Executar queuedwebhook
2026-05-01 13:30:02 [@b60d4e234048]
Externo #2: Executar pendingreason_autobump_autosolve
2026-05-01 13:32:02 [@b60d4e234048]
Externo #1: Executar queuedwebhook
2026-05-01 13:34:02 [@b60d4e234048]
Externo #1: Executar queuedwebhook
2026-05-01 13:36:02 [@b60d4e234048]
Externo #1: Executar queuedwebhook
2026-05-01 13:38:02 [@b60d4e234048]
Externo #1: Executar queuedwebhook
2026-05-01 13:40:01 [@b60d4e234048]
Externo #1: Executar queuedwebhook
2026-05-01 13:42:01 [@b60d4e234048]
Externo #1: Executar queuedwebhook
2026-05-01 13:44:01 [@b60d4e234048]
Externo #1: Executar queuedwebhook
2026-05-01 13:46:01 [@b60d4e234048]
Externo #1: Executar queuedwebhook
2026-05-01 13:48:01 [@b60d4e234048]
Externo #1: Executar queuedwebhook
2026-05-01 13:50:01 [@b60d4e234048]
Externo #1: Executar queuedwebhook
2026-05-01 13:52:01 [@b60d4e234048]
Externo #1: Executar queuedwebhook
2026-05-01 13:54:01 [@b60d4e234048]
Externo #1: Executar queuedwebhook
2026-05-01 13:56:01 [@b60d4e234048]
Externo #1: Executar queuedwebhook
2026-05-01 13:58:01 [@b60d4e234048]
Externo #1: Executar queuedwebhook
2026-05-01 14:00:01 [@b60d4e234048]
Externo #1: Executar queuedwebhook
2026-05-01 14:00:01 [@b60d4e234048]
Externo #2: Executar pendingreason_autobump_autosolve
2026-05-01 14:02:01 [@b60d4e234048]
Externo #1: Executar queuedwebhook
2026-05-01 14:04:01 [@b60d4e234048]
Externo #1: Executar queuedwebhook
2026-05-01 14:06:01 [@b60d4e234048]
Externo #1: Executar queuedwebhook
2026-05-01 14:08:01 [@b60d4e234048]
Externo #1: Executar queuedwebhook
2026-05-01 14:10:01 [@b60d4e234048]
Externo #1: Executar queuedwebhook
2026-05-01 14:12:01 [@b60d4e234048]
Externo #1: Executar queuedwebhook
2026-05-01 14:14:01 [@b60d4e234048]
Externo #1: Executar queuedwebhook
2026-05-01 14:16:01 [@b60d4e234048]
Externo #1: Executar queuedwebhook
2026-05-01 14:18:01 [@b60d4e234048]
Externo #1: Executar queuedwebhook
2026-05-01 14:20:01 [@b60d4e234048]
Externo #1: Executar queuedwebhook
2026-05-01 14:22:01 [@b60d4e234048]
Externo #1: Executar queuedwebhook
2026-05-01 14:24:01 [@b60d4e234048]
Externo #1: Executar queuedwebhook
2026-05-01 14:26:01 [@b60d4e234048]
Externo #1: Executar queuedwebhook
2026-05-01 14:28:01 [@b60d4e234048]
Externo #1: Executar queuedwebhook
2026-05-01 14:30:01 [@b60d4e234048]
Externo #1: Executar queuedwebhook
2026-05-01 14:30:01 [@b60d4e234048]
Externo #2: Executar pendingreason_autobump_autosolve
2026-05-01 14:32:01 [@b60d4e234048]
Externo #1: Executar queuedwebhook
2026-05-01 14:34:01 [@b60d4e234048]
Externo #1: Executar queuedwebhook
2026-05-01 14:36:01 [@b60d4e234048]
Externo #1: Executar queuedwebhook
2026-05-01 14:38:01 [@b60d4e234048]
Externo #1: Executar queuedwebhook
2026-05-01 14:40:01 [@b60d4e234048]
Externo #1: Executar queuedwebhook
2026-05-01 14:42:01 [@b60d4e234048]
Externo #1: Executar queuedwebhook
2026-05-01 14:44:01 [@b60d4e234048]
Externo #1: Executar queuedwebhook
2026-05-01 14:46:01 [@b60d4e234048]
Externo #1: Executar queuedwebhook
2026-05-01 14:48:01 [@b60d4e234048]
Externo #1: Executar queuedwebhook
2026-05-01 14:50:01 [@b60d4e234048]
Externo #1: Executar queuedwebhook
2026-05-01 14:52:02 [@b60d4e234048]
Externo #1: Executar queuedwebhook
2026-05-01 14:54:01 [@b60d4e234048]
Externo #1: Executar queuedwebhook
2026-05-01 14:56:01 [@b60d4e234048]
Externo #1: Executar queuedwebhook
2026-05-01 14:58:01 [@b60d4e234048]
Externo #1: Executar queuedwebhook
2026-05-01 15:00:01 [@b60d4e234048]
Externo #1: Executar queuedwebhook
2026-05-01 15:00:01 [@b60d4e234048]
Externo #2: Executar pendingreason_autobump_autosolve
2026-05-01 15:02:01 [@b60d4e234048]
Externo #1: Executar queuedwebhook
2026-05-01 15:04:01 [@b60d4e234048]
Externo #1: Executar queuedwebhook
2026-05-01 15:06:01 [@b60d4e234048]
Externo #1: Executar queuedwebhook
2026-05-01 15:08:01 [@b60d4e234048]
Externo #1: Executar queuedwebhook
2026-05-01 15:10:02 [@b60d4e234048]
Externo #1: Executar queuedwebhook
2026-05-01 15:12:02 [@b60d4e234048]
Externo #1: Executar queuedwebhook
2026-05-01 15:14:02 [@b60d4e234048]
Externo #1: Executar queuedwebhook
2026-05-01 15:16:02 [@b60d4e234048]
Externo #1: Executar queuedwebhook
2026-05-01 15:18:02 [@b60d4e234048]
Externo #1: Executar queuedwebhook
2026-05-01 15:20:02 [@b60d4e234048]
Externo #1: Executar queuedwebhook
2026-05-01 15:22:02 [@b60d4e234048]
Externo #1: Executar queuedwebhook
2026-05-01 15:24:02 [@b60d4e234048]
Externo #1: Executar queuedwebhook
2026-05-01 15:26:02 [@b60d4e234048]
Externo #1: Executar queuedwebhook
2026-05-01 15:28:02 [@b60d4e234048]
Externo #1: Executar queuedwebhook
2026-05-01 15:30:02 [@b60d4e234048]
Externo #1: Executar queuedwebhook
2026-05-01 15:30:02 [@b60d4e234048]
Externo #2: Executar pendingreason_autobump_autosolve
2026-05-01 15:32:02 [@b60d4e234048]
Externo #1: Executar queuedwebhook
2026-05-01 15:34:02 [@b60d4e234048]
Externo #1: Executar queuedwebhook
2026-05-01 15:36:02 [@b60d4e234048]
Externo #1: Executar queuedwebhook
2026-05-01 15:38:02 [@b60d4e234048]
Externo #1: Executar queuedwebhook
2026-05-01 15:40:01 [@b60d4e234048]
Externo #1: Executar queuedwebhook
2026-05-01 15:42:01 [@b60d4e234048]
Externo #1: Executar queuedwebhook
2026-05-01 15:44:01 [@b60d4e234048]
Externo #1: Executar queuedwebhook
2026-05-01 15:46:01 [@b60d4e234048]
Externo #1: Executar queuedwebhook
2026-05-01 15:48:01 [@b60d4e234048]
Externo #1: Executar queuedwebhook
2026-05-01 15:50:01 [@b60d4e234048]
Externo #1: Executar queuedwebhook
2026-05-01 15:52:01 [@b60d4e234048]
Externo #1: Executar queuedwebhook
2026-05-01 15:54:01 [@b60d4e234048]
Externo #1: Executar queuedwebhook
2026-05-01 15:56:01 [@b60d4e234048]
Externo #1: Executar queuedwebhook
2026-05-01 15:58:01 [@b60d4e234048]
Externo #1: Executar queuedwebhook
2026-05-01 16:00:01 [@b60d4e234048]
Externo #1: Executar queuedwebhook
2026-05-01 16:00:01 [@b60d4e234048]
Externo #2: Executar pendingreason_autobump_autosolve
2026-05-01 16:02:01 [@b60d4e234048]
Externo #1: Executar queuedwebhook
2026-05-01 16:04:01 [@b60d4e234048]
Externo #1: Executar queuedwebhook
2026-05-01 16:06:01 [@b60d4e234048]
Externo #1: Executar queuedwebhook
2026-05-01 16:08:01 [@b60d4e234048]
Externo #1: Executar queuedwebhook
2026-05-01 16:10:01 [@b60d4e234048]
Externo #1: Executar queuedwebhook
2026-05-01 16:12:01 [@b60d4e234048]
Externo #1: Executar queuedwebhook
2026-05-01 16:14:01 [@b60d4e234048]
Externo #1: Executar queuedwebhook
2026-05-01 16:16:01 [@b60d4e234048]
Externo #1: Executar queuedwebhook
2026-05-01 16:18:01 [@b60d4e234048]
Externo #1: Executar queuedwebhook
2026-05-01 16:20:01 [@b60d4e234048]
Externo #1: Executar queuedwebhook
2026-05-01 16:22:01 [@b60d4e234048]
Externo #1: Executar queuedwebhook
2026-05-01 16:24:01 [@b60d4e234048]
Externo #1: Executar queuedwebhook
2026-05-01 16:26:01 [@b60d4e234048]
Externo #1: Executar queuedwebhook
2026-05-01 16:28:01 [@b60d4e234048]
Externo #1: Executar queuedwebhook
2026-05-01 16:30:01 [@b60d4e234048]
Externo #1: Executar queuedwebhook
2026-05-01 16:30:01 [@b60d4e234048]
Externo #2: Executar pendingreason_autobump_autosolve
2026-05-01 16:32:01 [@b60d4e234048]
Externo #1: Executar queuedwebhook
2026-05-01 16:34:01 [@b60d4e234048]
Externo #1: Executar queuedwebhook
2026-05-01 16:36:01 [@b60d4e234048]
Externo #1: Executar queuedwebhook
2026-05-01 16:38:01 [@b60d4e234048]
Externo #1: Executar queuedwebhook
2026-05-01 16:40:01 [@b60d4e234048]
Externo #1: Executar queuedwebhook
2026-05-01 16:42:01 [@b60d4e234048]
Externo #1: Executar queuedwebhook
2026-05-01 16:44:01 [@b60d4e234048]
Externo #1: Executar queuedwebhook
2026-05-01 16:46:01 [@b60d4e234048]
Externo #1: Executar queuedwebhook
2026-05-01 16:48:01 [@b60d4e234048]
Externo #1: Executar queuedwebhook
2026-05-01 16:50:01 [@b60d4e234048]
Externo #1: Executar queuedwebhook
2026-05-01 16:52:01 [@b60d4e234048]
Externo #1: Executar queuedwebhook
2026-05-01 16:54:01 [@b60d4e234048]
Externo #1: Executar queuedwebhook
2026-05-01 16:56:01 [@b60d4e234048]
Externo #1: Executar queuedwebhook
2026-05-01 16:58:02 [@b60d4e234048]
Externo #1: Executar queuedwebhook
2026-05-01 17:00:01 [@b60d4e234048]
Externo #1: Executar queuedwebhook
2026-05-01 17:00:02 [@b60d4e234048]
Externo #2: Executar pendingreason_autobump_autosolve
2026-05-01 17:02:01 [@b60d4e234048]
Externo #1: Executar queuedwebhook
2026-05-01 17:04:01 [@b60d4e234048]
Externo #1: Executar queuedwebhook
2026-05-01 17:06:01 [@b60d4e234048]
Externo #1: Executar queuedwebhook
2026-05-01 17:08:01 [@b60d4e234048]
Externo #1: Executar queuedwebhook
2026-05-01 17:10:02 [@b60d4e234048]
Externo #1: Executar queuedwebhook
2026-05-01 17:12:02 [@b60d4e234048]
Externo #1: Executar queuedwebhook
2026-05-01 17:14:02 [@b60d4e234048]
Externo #1: Executar queuedwebhook
2026-05-01 17:16:02 [@b60d4e234048]
Externo #1: Executar queuedwebhook
2026-05-01 17:18:02 [@b60d4e234048]
Externo #1: Executar queuedwebhook
2026-05-01 17:20:02 [@b60d4e234048]
Externo #1: Executar queuedwebhook
2026-05-01 17:22:02 [@b60d4e234048]
Externo #1: Executar queuedwebhook
2026-05-01 17:24:02 [@b60d4e234048]
Externo #1: Executar queuedwebhook
2026-05-01 17:26:02 [@b60d4e234048]
Externo #1: Executar queuedwebhook
2026-05-01 17:28:02 [@b60d4e234048]
Externo #1: Executar queuedwebhook
2026-05-01 17:30:02 [@b60d4e234048]
Externo #1: Executar queuedwebhook
2026-05-01 17:30:02 [@b60d4e234048]
Externo #2: Executar pendingreason_autobump_autosolve
2026-05-01 17:32:02 [@b60d4e234048]
Externo #1: Executar queuedwebhook
2026-05-01 17:34:02 [@b60d4e234048]
Externo #1: Executar queuedwebhook
2026-05-01 17:36:02 [@b60d4e234048]
Externo #1: Executar queuedwebhook
2026-05-01 17:38:02 [@b60d4e234048]
Externo #1: Executar queuedwebhook
2026-05-01 17:40:01 [@b60d4e234048]
Externo #1: Executar queuedwebhook
2026-05-01 17:42:01 [@b60d4e234048]
Externo #1: Executar queuedwebhook
2026-05-01 17:44:01 [@b60d4e234048]
Externo #1: Executar queuedwebhook
2026-05-01 17:46:01 [@b60d4e234048]
Externo #1: Executar queuedwebhook
2026-05-01 17:48:01 [@b60d4e234048]
Externo #1: Executar queuedwebhook
2026-05-01 17:50:01 [@b60d4e234048]
Externo #1: Executar queuedwebhook
2026-05-01 17:52:01 [@b60d4e234048]
Externo #1: Executar queuedwebhook
2026-05-01 17:54:01 [@b60d4e234048]
Externo #1: Executar queuedwebhook
2026-05-01 17:56:01 [@b60d4e234048]
Externo #1: Executar queuedwebhook
2026-05-01 17:58:01 [@b60d4e234048]
Externo #1: Executar queuedwebhook
2026-05-01 18:00:01 [@b60d4e234048]
Externo #1: Executar queuedwebhook
2026-05-01 18:00:01 [@b60d4e234048]
Externo #2: Executar pendingreason_autobump_autosolve
2026-05-01 18:02:01 [@b60d4e234048]
Externo #1: Executar queuedwebhook
2026-05-01 18:04:01 [@b60d4e234048]
Externo #1: Executar queuedwebhook
2026-05-01 18:06:01 [@b60d4e234048]
Externo #1: Executar queuedwebhook
2026-05-01 18:08:01 [@b60d4e234048]
Externo #1: Executar queuedwebhook
2026-05-01 18:10:01 [@b60d4e234048]
Externo #1: Executar queuedwebhook
2026-05-01 18:12:01 [@b60d4e234048]
Externo #1: Executar queuedwebhook
2026-05-01 18:14:01 [@b60d4e234048]
Externo #1: Executar queuedwebhook
2026-05-01 18:16:01 [@b60d4e234048]
Externo #1: Executar queuedwebhook
2026-05-01 18:18:01 [@b60d4e234048]
Externo #1: Executar queuedwebhook
2026-05-01 18:20:01 [@b60d4e234048]
Externo #1: Executar queuedwebhook
2026-05-01 18:22:01 [@b60d4e234048]
Externo #1: Executar queuedwebhook
2026-05-01 18:24:01 [@b60d4e234048]
Externo #1: Executar queuedwebhook
2026-05-01 18:26:01 [@b60d4e234048]
Externo #1: Executar queuedwebhook
2026-05-01 18:28:01 [@b60d4e234048]
Externo #1: Executar queuedwebhook
2026-05-01 18:30:01 [@b60d4e234048]
Externo #1: Executar queuedwebhook
2026-05-01 18:30:01 [@b60d4e234048]
Externo #2: Executar pendingreason_autobump_autosolve
2026-05-01 18:32:01 [@b60d4e234048]
Externo #1: Executar queuedwebhook
2026-05-01 18:34:01 [@b60d4e234048]
Externo #1: Executar queuedwebhook
2026-05-01 18:36:01 [@b60d4e234048]
Externo #1: Executar queuedwebhook
2026-05-01 18:38:01 [@b60d4e234048]
Externo #1: Executar queuedwebhook
2026-05-01 18:40:01 [@b60d4e234048]
Externo #1: Executar queuedwebhook
2026-05-01 18:42:01 [@b60d4e234048]
Externo #1: Executar queuedwebhook
2026-05-01 18:44:01 [@b60d4e234048]
Externo #1: Executar queuedwebhook
2026-05-01 18:46:01 [@b60d4e234048]
Externo #1: Executar queuedwebhook
2026-05-01 18:48:01 [@b60d4e234048]
Externo #1: Executar queuedwebhook
2026-05-01 18:50:01 [@b60d4e234048]
Externo #1: Executar queuedwebhook
2026-05-01 18:52:01 [@b60d4e234048]
Externo #1: Executar queuedwebhook
2026-05-01 18:54:01 [@b60d4e234048]
Externo #1: Executar queuedwebhook
2026-05-01 18:56:01 [@b60d4e234048]
Externo #1: Executar queuedwebhook
2026-05-01 18:58:01 [@b60d4e234048]
Externo #1: Executar queuedwebhook
2026-05-01 19:00:01 [@b60d4e234048]
Externo #1: Executar queuedwebhook
2026-05-01 19:00:01 [@b60d4e234048]
Externo #2: Executar pendingreason_autobump_autosolve
2026-05-01 19:02:01 [@b60d4e234048]
Externo #1: Executar queuedwebhook
2026-05-01 19:04:01 [@b60d4e234048]
Externo #1: Executar queuedwebhook
2026-05-01 19:06:01 [@b60d4e234048]
Externo #1: Executar queuedwebhook
2026-05-01 19:08:01 [@b60d4e234048]
Externo #1: Executar queuedwebhook
2026-05-01 19:10:02 [@b60d4e234048]
Externo #1: Executar queuedwebhook
2026-05-01 19:12:02 [@b60d4e234048]
Externo #1: Executar queuedwebhook
2026-05-01 19:14:02 [@b60d4e234048]
Externo #1: Executar queuedwebhook
2026-05-01 19:16:02 [@b60d4e234048]
Externo #1: Executar queuedwebhook
2026-05-01 19:18:02 [@b60d4e234048]
Externo #1: Executar queuedwebhook
2026-05-01 19:20:02 [@b60d4e234048]
Externo #1: Executar queuedwebhook
2026-05-01 19:22:02 [@b60d4e234048]
Externo #1: Executar queuedwebhook
2026-05-01 19:24:02 [@b60d4e234048]
Externo #1: Executar queuedwebhook
2026-05-01 19:26:02 [@b60d4e234048]
Externo #1: Executar queuedwebhook
2026-05-01 19:28:02 [@b60d4e234048]
Externo #1: Executar queuedwebhook
2026-05-01 19:30:02 [@b60d4e234048]
Externo #1: Executar queuedwebhook
2026-05-01 19:30:02 [@b60d4e234048]
Externo #2: Executar pendingreason_autobump_autosolve
2026-05-01 19:32:02 [@b60d4e234048]
Externo #1: Executar queuedwebhook
2026-05-01 19:34:02 [@b60d4e234048]
Externo #1: Executar queuedwebhook
2026-05-01 19:36:02 [@b60d4e234048]
Externo #1: Executar queuedwebhook
2026-05-01 19:38:02 [@b60d4e234048]
Externo #1: Executar queuedwebhook
2026-05-01 19:40:01 [@b60d4e234048]
Externo #1: Executar queuedwebhook
2026-05-01 19:42:01 [@b60d4e234048]
Externo #1: Executar queuedwebhook
2026-05-01 19:44:01 [@b60d4e234048]
Externo #1: Executar queuedwebhook
2026-05-01 19:46:01 [@b60d4e234048]
Externo #1: Executar queuedwebhook
2026-05-01 19:48:01 [@b60d4e234048]
Externo #1: Executar queuedwebhook
2026-05-01 19:50:01 [@b60d4e234048]
Externo #1: Executar queuedwebhook
2026-05-01 19:52:01 [@b60d4e234048]
Externo #1: Executar queuedwebhook
2026-05-01 19:54:01 [@b60d4e234048]
Externo #1: Executar queuedwebhook
2026-05-01 19:56:01 [@b60d4e234048]
Externo #1: Executar queuedwebhook
2026-05-01 19:58:01 [@b60d4e234048]
Externo #1: Executar queuedwebhook
2026-05-01 20:00:01 [@b60d4e234048]
Externo #1: Executar queuedwebhook
2026-05-01 20:00:01 [@b60d4e234048]
Externo #2: Executar pendingreason_autobump_autosolve
2026-05-01 20:02:01 [@b60d4e234048]
Externo #1: Executar queuedwebhook
2026-05-01 20:04:01 [@b60d4e234048]
Externo #1: Executar queuedwebhook
2026-05-01 20:06:01 [@b60d4e234048]
Externo #1: Executar queuedwebhook
2026-05-01 20:08:01 [@b60d4e234048]
Externo #1: Executar queuedwebhook
2026-05-01 20:10:01 [@b60d4e234048]
Externo #1: Executar queuedwebhook
2026-05-01 20:12:01 [@b60d4e234048]
Externo #1: Executar queuedwebhook
2026-05-01 20:14:01 [@b60d4e234048]
Externo #1: Executar queuedwebhook
2026-05-01 20:16:01 [@b60d4e234048]
Externo #1: Executar queuedwebhook
2026-05-01 20:18:01 [@b60d4e234048]
Externo #1: Executar queuedwebhook
2026-05-01 20:20:01 [@b60d4e234048]
Externo #1: Executar queuedwebhook
2026-05-01 20:22:01 [@b60d4e234048]
Externo #1: Executar queuedwebhook
2026-05-01 20:24:01 [@b60d4e234048]
Externo #1: Executar queuedwebhook
2026-05-01 20:26:01 [@b60d4e234048]
Externo #1: Executar queuedwebhook
2026-05-01 20:28:01 [@b60d4e234048]
Externo #1: Executar queuedwebhook
2026-05-01 20:30:01 [@b60d4e234048]
Externo #1: Executar queuedwebhook
2026-05-01 20:30:01 [@b60d4e234048]
Externo #2: Executar pendingreason_autobump_autosolve
2026-05-01 20:32:01 [@b60d4e234048]
Externo #1: Executar queuedwebhook
2026-05-01 20:34:01 [@b60d4e234048]
Externo #1: Executar queuedwebhook
2026-05-01 20:36:01 [@b60d4e234048]
Externo #1: Executar queuedwebhook
2026-05-01 20:38:01 [@b60d4e234048]
Externo #1: Executar queuedwebhook
2026-05-01 20:40:01 [@b60d4e234048]
Externo #1: Executar queuedwebhook
2026-05-01 20:42:01 [@b60d4e234048]
Externo #1: Executar queuedwebhook
2026-05-01 20:44:01 [@b60d4e234048]
Externo #1: Executar queuedwebhook
2026-05-01 20:46:01 [@b60d4e234048]
Externo #1: Executar queuedwebhook
2026-05-01 20:48:01 [@b60d4e234048]
Externo #1: Executar queuedwebhook
2026-05-01 20:50:01 [@b60d4e234048]
Externo #1: Executar queuedwebhook
2026-05-01 20:52:01 [@b60d4e234048]
Externo #1: Executar queuedwebhook
2026-05-01 20:54:01 [@b60d4e234048]
Externo #1: Executar queuedwebhook
2026-05-01 20:56:01 [@b60d4e234048]
Externo #1: Executar queuedwebhook
2026-05-01 20:58:01 [@b60d4e234048]
Externo #1: Executar queuedwebhook
2026-05-01 21:00:01 [@b60d4e234048]
Externo #1: Executar queuedwebhook
2026-05-01 21:00:01 [@b60d4e234048]
Externo #2: Executar pendingreason_autobump_autosolve
2026-05-01 21:02:01 [@b60d4e234048]
Externo #1: Executar queuedwebhook
2026-05-01 21:04:01 [@b60d4e234048]
Externo #1: Executar queuedwebhook
2026-05-01 21:06:01 [@b60d4e234048]
Externo #1: Executar queuedwebhook
2026-05-01 21:08:01 [@b60d4e234048]
Externo #1: Executar queuedwebhook
2026-05-01 21:10:02 [@b60d4e234048]
Externo #1: Executar queuedwebhook
2026-05-01 21:12:02 [@b60d4e234048]
Externo #1: Executar queuedwebhook
2026-05-01 21:14:02 [@b60d4e234048]
Externo #1: Executar queuedwebhook
2026-05-01 21:16:02 [@b60d4e234048]
Externo #1: Executar queuedwebhook
2026-05-01 21:18:02 [@b60d4e234048]
Externo #1: Executar queuedwebhook
2026-05-01 21:20:02 [@b60d4e234048]
Externo #1: Executar queuedwebhook
2026-05-01 21:22:02 [@b60d4e234048]
Externo #1: Executar queuedwebhook
2026-05-01 21:24:02 [@b60d4e234048]
Externo #1: Executar queuedwebhook
2026-05-01 21:26:02 [@b60d4e234048]
Externo #1: Executar queuedwebhook
2026-05-01 21:28:02 [@b60d4e234048]
Externo #1: Executar queuedwebhook
2026-05-01 21:30:02 [@b60d4e234048]
Externo #1: Executar queuedwebhook
2026-05-01 21:30:02 [@b60d4e234048]
Externo #2: Executar pendingreason_autobump_autosolve
2026-05-01 21:32:02 [@b60d4e234048]
Externo #1: Executar queuedwebhook
2026-05-01 21:34:02 [@b60d4e234048]
Externo #1: Executar queuedwebhook
2026-05-01 21:36:02 [@b60d4e234048]
Externo #1: Executar queuedwebhook
2026-05-01 21:38:02 [@b60d4e234048]
Externo #1: Executar queuedwebhook
2026-05-01 21:40:02 [@b60d4e234048]
Externo #1: Executar queuedwebhook
2026-05-01 21:42:02 [@b60d4e234048]
Externo #1: Executar queuedwebhook
2026-05-01 21:44:02 [@b60d4e234048]
Externo #1: Executar queuedwebhook
2026-05-01 21:46:02 [@b60d4e234048]
Externo #1: Executar queuedwebhook
2026-05-01 21:48:02 [@b60d4e234048]
Externo #1: Executar queuedwebhook
2026-05-01 21:50:02 [@b60d4e234048]
Externo #1: Executar queuedwebhook
2026-05-01 21:52:02 [@b60d4e234048]
Externo #1: Executar queuedwebhook
2026-05-01 21:54:02 [@b60d4e234048]
Externo #1: Executar queuedwebhook
2026-05-01 21:56:02 [@b60d4e234048]
Externo #1: Executar queuedwebhook
2026-05-01 21:58:02 [@b60d4e234048]
Externo #1: Executar queuedwebhook
2026-05-01 22:00:02 [@b60d4e234048]
Externo #1: Executar queuedwebhook
2026-05-01 22:00:02 [@b60d4e234048]
Externo #2: Executar pendingreason_autobump_autosolve
2026-05-01 22:02:02 [@b60d4e234048]
Externo #1: Executar queuedwebhook
2026-05-01 22:04:02 [@b60d4e234048]
Externo #1: Executar queuedwebhook
2026-05-01 22:06:02 [@b60d4e234048]
Externo #1: Executar queuedwebhook
2026-05-01 22:08:02 [@b60d4e234048]
Externo #1: Executar queuedwebhook
2026-05-01 22:10:01 [@b60d4e234048]
Externo #1: Executar queuedwebhook
2026-05-01 22:12:01 [@b60d4e234048]
Externo #1: Executar queuedwebhook
2026-05-01 22:14:01 [@b60d4e234048]
Externo #1: Executar queuedwebhook
2026-05-01 22:16:01 [@b60d4e234048]
Externo #1: Executar queuedwebhook
2026-05-01 22:18:01 [@b60d4e234048]
Externo #1: Executar queuedwebhook
2026-05-01 22:20:01 [@b60d4e234048]
Externo #1: Executar queuedwebhook
2026-05-01 22:22:01 [@b60d4e234048]
Externo #1: Executar queuedwebhook
2026-05-01 22:24:01 [@b60d4e234048]
Externo #1: Executar queuedwebhook
2026-05-01 22:26:01 [@b60d4e234048]
Externo #1: Executar queuedwebhook
2026-05-01 22:28:01 [@b60d4e234048]
Externo #1: Executar queuedwebhook
2026-05-01 22:30:01 [@b60d4e234048]
Externo #1: Executar queuedwebhook
2026-05-01 22:30:01 [@b60d4e234048]
Externo #2: Executar pendingreason_autobump_autosolve
2026-05-01 22:32:01 [@b60d4e234048]
Externo #1: Executar queuedwebhook
2026-05-01 22:34:01 [@b60d4e234048]
Externo #1: Executar queuedwebhook
2026-05-01 22:36:01 [@b60d4e234048]
Externo #1: Executar queuedwebhook
2026-05-01 22:38:01 [@b60d4e234048]
Externo #1: Executar queuedwebhook
2026-05-01 22:40:01 [@b60d4e234048]
Externo #1: Executar queuedwebhook
2026-05-01 22:42:01 [@b60d4e234048]
Externo #1: Executar queuedwebhook
2026-05-01 22:44:01 [@b60d4e234048]
Externo #1: Executar queuedwebhook
2026-05-01 22:46:01 [@b60d4e234048]
Externo #1: Executar queuedwebhook
2026-05-01 22:48:01 [@b60d4e234048]
Externo #1: Executar queuedwebhook
2026-05-01 22:50:01 [@b60d4e234048]
Externo #1: Executar queuedwebhook
2026-05-01 22:52:01 [@b60d4e234048]
Externo #1: Executar queuedwebhook
2026-05-01 22:54:01 [@b60d4e234048]
Externo #1: Executar queuedwebhook
2026-05-01 22:56:01 [@b60d4e234048]
Externo #1: Executar queuedwebhook
2026-05-01 22:58:01 [@b60d4e234048]
Externo #1: Executar queuedwebhook
2026-05-01 23:00:01 [@b60d4e234048]
Externo #1: Executar queuedwebhook
2026-05-01 23:00:01 [@b60d4e234048]
Externo #2: Executar pendingreason_autobump_autosolve
2026-05-01 23:02:01 [@b60d4e234048]
Externo #1: Executar queuedwebhook
2026-05-01 23:04:01 [@b60d4e234048]
Externo #1: Executar queuedwebhook
2026-05-01 23:06:01 [@b60d4e234048]
Externo #1: Executar queuedwebhook
2026-05-01 23:08:01 [@b60d4e234048]
Externo #1: Executar queuedwebhook
2026-05-01 23:10:01 [@b60d4e234048]
Externo #1: Executar queuedwebhook
2026-05-01 23:12:01 [@b60d4e234048]
Externo #1: Executar queuedwebhook
2026-05-01 23:14:01 [@b60d4e234048]
Externo #1: Executar queuedwebhook
2026-05-01 23:16:01 [@b60d4e234048]
Externo #1: Executar queuedwebhook
2026-05-01 23:18:01 [@b60d4e234048]
Externo #1: Executar queuedwebhook
2026-05-01 23:20:02 [@b60d4e234048]
Externo #1: Executar queuedwebhook
2026-05-01 23:22:02 [@b60d4e234048]
Externo #1: Executar queuedwebhook
2026-05-01 23:24:02 [@b60d4e234048]
Externo #1: Executar queuedwebhook
2026-05-01 23:26:02 [@b60d4e234048]
Externo #1: Executar queuedwebhook
2026-05-01 23:28:01 [@b60d4e234048]
Externo #1: Executar queuedwebhook
2026-05-01 23:30:01 [@b60d4e234048]
Externo #1: Executar queuedwebhook
2026-05-01 23:30:02 [@b60d4e234048]
Externo #2: Executar pendingreason_autobump_autosolve
2026-05-01 23:32:01 [@b60d4e234048]
Externo #1: Executar queuedwebhook
2026-05-01 23:34:01 [@b60d4e234048]
Externo #1: Executar queuedwebhook
2026-05-01 23:36:02 [@b60d4e234048]
Externo #1: Executar queuedwebhook
2026-05-01 23:38:01 [@b60d4e234048]
Externo #1: Executar queuedwebhook
2026-05-01 23:40:02 [@b60d4e234048]
Externo #1: Executar queuedwebhook
2026-05-01 23:42:02 [@b60d4e234048]
Externo #1: Executar queuedwebhook
2026-05-01 23:44:02 [@b60d4e234048]
Externo #1: Executar queuedwebhook
2026-05-01 23:46:02 [@b60d4e234048]
Externo #1: Executar queuedwebhook
2026-05-01 23:48:02 [@b60d4e234048]
Externo #1: Executar queuedwebhook
2026-05-01 23:50:02 [@b60d4e234048]
Externo #1: Executar queuedwebhook
2026-05-01 23:52:02 [@b60d4e234048]
Externo #1: Executar queuedwebhook
2026-05-01 23:54:02 [@b60d4e234048]
Externo #1: Executar queuedwebhook
2026-05-01 23:56:02 [@b60d4e234048]
Externo #1: Executar queuedwebhook
2026-05-01 23:58:02 [@b60d4e234048]
Externo #1: Executar queuedwebhook
2026-05-02 00:00:02 [@b60d4e234048]
Externo #1: Executar queuedwebhook
2026-05-02 00:00:02 [@b60d4e234048]
Externo #2: Executar PurgeLogs
2026-05-02 00:00:02 [@b60d4e234048]
Externo #3: Executar checkAllUpdates
2026-05-02 00:00:02 [@b60d4e234048]
Externo #4: Executar cleanorphans
2026-05-02 00:00:02 [@b60d4e234048]
Externo #5: Executar pendingreason_autobump_autosolve
2026-05-02 00:02:02 [@b60d4e234048]
Externo #1: Executar queuedwebhook
2026-05-02 00:02:02 [@b60d4e234048]
Externo #2: Executar Cleanoldagents
2026-05-02 00:02:02 [@b60d4e234048]
Externo #3: Executar queuedwebhookclean
2026-05-02 00:04:02 [@b60d4e234048]
Externo #1: Executar queuedwebhook
2026-05-02 00:06:02 [@b60d4e234048]
Externo #1: Executar queuedwebhook
2026-05-02 00:08:02 [@b60d4e234048]
Externo #1: Executar queuedwebhook
2026-05-02 00:10:01 [@b60d4e234048]
Externo #1: Executar queuedwebhook
2026-05-02 00:12:01 [@b60d4e234048]
Externo #1: Executar queuedwebhook
2026-05-02 00:14:01 [@b60d4e234048]
Externo #1: Executar queuedwebhook
2026-05-02 00:16:01 [@b60d4e234048]
Externo #1: Executar queuedwebhook
2026-05-02 00:18:01 [@b60d4e234048]
Externo #1: Executar queuedwebhook
2026-05-02 00:20:01 [@b60d4e234048]
Externo #1: Executar queuedwebhook
2026-05-02 00:22:01 [@b60d4e234048]
Externo #1: Executar queuedwebhook
2026-05-02 00:24:01 [@b60d4e234048]
Externo #1: Executar queuedwebhook
2026-05-02 00:26:01 [@b60d4e234048]
Externo #1: Executar queuedwebhook
2026-05-02 00:28:01 [@b60d4e234048]
Externo #1: Executar queuedwebhook
2026-05-02 00:30:01 [@b60d4e234048]
Externo #1: Executar queuedwebhook
2026-05-02 00:30:01 [@b60d4e234048]
Externo #2: Executar pendingreason_autobump_autosolve
2026-05-02 00:32:01 [@b60d4e234048]
Externo #1: Executar queuedwebhook
2026-05-02 00:34:01 [@b60d4e234048]
Externo #1: Executar queuedwebhook
2026-05-02 00:36:01 [@b60d4e234048]
Externo #1: Executar queuedwebhook
2026-05-02 00:38:01 [@b60d4e234048]
Externo #1: Executar queuedwebhook
2026-05-02 00:40:01 [@b60d4e234048]
Externo #1: Executar queuedwebhook
2026-05-02 00:42:01 [@b60d4e234048]
Externo #1: Executar queuedwebhook
2026-05-02 00:44:01 [@b60d4e234048]
Externo #1: Executar queuedwebhook
2026-05-02 00:46:01 [@b60d4e234048]
Externo #1: Executar queuedwebhook
2026-05-02 00:48:01 [@b60d4e234048]
Externo #1: Executar queuedwebhook
2026-05-02 00:50:01 [@b60d4e234048]
Externo #1: Executar queuedwebhook
2026-05-02 00:52:01 [@b60d4e234048]
Externo #1: Executar queuedwebhook
2026-05-02 00:54:01 [@b60d4e234048]
Externo #1: Executar queuedwebhook
2026-05-02 00:56:01 [@b60d4e234048]
Externo #1: Executar queuedwebhook
2026-05-02 00:58:01 [@b60d4e234048]
Externo #1: Executar queuedwebhook
2026-05-02 01:00:01 [@b60d4e234048]
Externo #1: Executar queuedwebhook
2026-05-02 01:00:01 [@b60d4e234048]
Externo #2: Executar pendingreason_autobump_autosolve
2026-05-02 01:02:01 [@b60d4e234048]
Externo #1: Executar queuedwebhook
2026-05-02 01:04:01 [@b60d4e234048]
Externo #1: Executar queuedwebhook
2026-05-02 01:06:01 [@b60d4e234048]
Externo #1: Executar queuedwebhook
2026-05-02 01:08:01 [@b60d4e234048]
Externo #1: Executar queuedwebhook
2026-05-02 01:10:01 [@b60d4e234048]
Externo #1: Executar queuedwebhook
2026-05-02 01:12:01 [@b60d4e234048]
Externo #1: Executar queuedwebhook
2026-05-02 01:14:01 [@b60d4e234048]
Externo #1: Executar queuedwebhook
2026-05-02 01:16:01 [@b60d4e234048]
Externo #1: Executar queuedwebhook
2026-05-02 01:18:01 [@b60d4e234048]
Externo #1: Executar queuedwebhook
2026-05-02 01:20:01 [@b60d4e234048]
Externo #1: Executar queuedwebhook
2026-05-02 01:22:01 [@b60d4e234048]
Externo #1: Executar queuedwebhook
2026-05-02 01:24:01 [@b60d4e234048]
Externo #1: Executar queuedwebhook
2026-05-02 01:26:01 [@b60d4e234048]
Externo #1: Executar queuedwebhook
2026-05-02 01:28:01 [@b60d4e234048]
Externo #1: Executar queuedwebhook
2026-05-02 01:30:01 [@b60d4e234048]
Externo #1: Executar queuedwebhook
2026-05-02 01:30:01 [@b60d4e234048]
Externo #2: Executar pendingreason_autobump_autosolve
2026-05-02 01:32:01 [@b60d4e234048]
Externo #1: Executar queuedwebhook
2026-05-02 01:34:01 [@b60d4e234048]
Externo #1: Executar queuedwebhook
2026-05-02 01:36:01 [@b60d4e234048]
Externo #1: Executar queuedwebhook
2026-05-02 01:38:01 [@b60d4e234048]
Externo #1: Executar queuedwebhook
2026-05-02 01:40:02 [@b60d4e234048]
Externo #1: Executar queuedwebhook
2026-05-02 01:42:02 [@b60d4e234048]
Externo #1: Executar queuedwebhook
2026-05-02 01:44:02 [@b60d4e234048]
Externo #1: Executar queuedwebhook
2026-05-02 01:46:02 [@b60d4e234048]
Externo #1: Executar queuedwebhook
2026-05-02 01:48:02 [@b60d4e234048]
Externo #1: Executar queuedwebhook
2026-05-02 01:50:02 [@b60d4e234048]
Externo #1: Executar queuedwebhook
2026-05-02 01:52:02 [@b60d4e234048]
Externo #1: Executar queuedwebhook
2026-05-02 01:54:02 [@b60d4e234048]
Externo #1: Executar queuedwebhook
2026-05-02 01:56:02 [@b60d4e234048]
Externo #1: Executar queuedwebhook
2026-05-02 01:58:02 [@b60d4e234048]
Externo #1: Executar queuedwebhook
2026-05-02 02:00:02 [@b60d4e234048]
Externo #1: Executar queuedwebhook
2026-05-02 02:00:02 [@b60d4e234048]
Externo #2: Executar pendingreason_autobump_autosolve
2026-05-02 02:02:02 [@b60d4e234048]
Externo #1: Executar queuedwebhook
2026-05-02 02:04:02 [@b60d4e234048]
Externo #1: Executar queuedwebhook
2026-05-02 02:06:02 [@b60d4e234048]
Externo #1: Executar queuedwebhook
2026-05-02 02:08:02 [@b60d4e234048]
Externo #1: Executar queuedwebhook
2026-05-02 02:10:01 [@b60d4e234048]
Externo #1: Executar queuedwebhook
2026-05-02 02:12:01 [@b60d4e234048]
Externo #1: Executar queuedwebhook
2026-05-02 02:14:01 [@b60d4e234048]
Externo #1: Executar queuedwebhook
2026-05-02 02:16:01 [@b60d4e234048]
Externo #1: Executar queuedwebhook
2026-05-02 02:18:01 [@b60d4e234048]
Externo #1: Executar queuedwebhook
2026-05-02 02:20:01 [@b60d4e234048]
Externo #1: Executar queuedwebhook
2026-05-02 02:22:01 [@b60d4e234048]
Externo #1: Executar queuedwebhook
2026-05-02 02:24:01 [@b60d4e234048]
Externo #1: Executar queuedwebhook
2026-05-02 02:26:01 [@b60d4e234048]
Externo #1: Executar queuedwebhook
2026-05-02 02:28:01 [@b60d4e234048]
Externo #1: Executar queuedwebhook
2026-05-02 02:30:01 [@b60d4e234048]
Externo #1: Executar queuedwebhook
2026-05-02 02:30:01 [@b60d4e234048]
Externo #2: Executar pendingreason_autobump_autosolve
2026-05-02 02:32:01 [@b60d4e234048]
Externo #1: Executar queuedwebhook
2026-05-02 02:34:01 [@b60d4e234048]
Externo #1: Executar queuedwebhook
2026-05-02 02:36:01 [@b60d4e234048]
Externo #1: Executar queuedwebhook
2026-05-02 02:38:01 [@b60d4e234048]
Externo #1: Executar queuedwebhook
2026-05-02 02:40:01 [@b60d4e234048]
Externo #1: Executar queuedwebhook
2026-05-02 02:42:01 [@b60d4e234048]
Externo #1: Executar queuedwebhook
2026-05-02 02:44:01 [@b60d4e234048]
Externo #1: Executar queuedwebhook
2026-05-02 02:46:01 [@b60d4e234048]
Externo #1: Executar queuedwebhook
2026-05-02 02:48:01 [@b60d4e234048]
Externo #1: Executar queuedwebhook
2026-05-02 02:50:01 [@b60d4e234048]
Externo #1: Executar queuedwebhook
2026-05-02 02:52:01 [@b60d4e234048]
Externo #1: Executar queuedwebhook
2026-05-02 02:54:01 [@b60d4e234048]
Externo #1: Executar queuedwebhook
2026-05-02 02:56:01 [@b60d4e234048]
Externo #1: Executar queuedwebhook
2026-05-02 02:58:01 [@b60d4e234048]
Externo #1: Executar queuedwebhook
2026-05-02 03:00:01 [@b60d4e234048]
Externo #1: Executar queuedwebhook
2026-05-02 03:00:01 [@b60d4e234048]
Externo #2: Executar pendingreason_autobump_autosolve
2026-05-02 03:02:01 [@b60d4e234048]
Externo #1: Executar queuedwebhook
2026-05-02 03:04:01 [@b60d4e234048]
Externo #1: Executar queuedwebhook
2026-05-02 03:06:01 [@b60d4e234048]
Externo #1: Executar queuedwebhook
2026-05-02 03:08:01 [@b60d4e234048]
Externo #1: Executar queuedwebhook
2026-05-02 03:10:01 [@b60d4e234048]
Externo #1: Executar queuedwebhook
2026-05-02 03:12:01 [@b60d4e234048]
Externo #1: Executar queuedwebhook
2026-05-02 03:14:01 [@b60d4e234048]
Externo #1: Executar queuedwebhook
2026-05-02 03:16:01 [@b60d4e234048]
Externo #1: Executar queuedwebhook
2026-05-02 03:18:01 [@b60d4e234048]
Externo #1: Executar queuedwebhook
2026-05-02 03:20:01 [@b60d4e234048]
Externo #1: Executar queuedwebhook
2026-05-02 03:22:01 [@b60d4e234048]
Externo #1: Executar queuedwebhook
2026-05-02 03:24:01 [@b60d4e234048]
Externo #1: Executar queuedwebhook
2026-05-02 03:26:01 [@b60d4e234048]
Externo #1: Executar queuedwebhook
2026-05-02 03:28:02 [@b60d4e234048]
Externo #1: Executar queuedwebhook
2026-05-02 03:30:02 [@b60d4e234048]
Externo #1: Executar queuedwebhook
2026-05-02 03:30:02 [@b60d4e234048]
Externo #2: Executar pendingreason_autobump_autosolve
2026-05-02 03:32:02 [@b60d4e234048]
Externo #1: Executar queuedwebhook
2026-05-02 03:34:02 [@b60d4e234048]
Externo #1: Executar queuedwebhook
2026-05-02 03:36:02 [@b60d4e234048]
Externo #1: Executar queuedwebhook
2026-05-02 03:38:02 [@b60d4e234048]
Externo #1: Executar queuedwebhook
2026-05-02 03:40:01 [@b60d4e234048]
Externo #1: Executar queuedwebhook
2026-05-02 03:42:01 [@b60d4e234048]
Externo #1: Executar queuedwebhook
2026-05-02 03:44:01 [@b60d4e234048]
Externo #1: Executar queuedwebhook
2026-05-02 03:46:01 [@b60d4e234048]
Externo #1: Executar queuedwebhook
2026-05-02 03:48:01 [@b60d4e234048]
Externo #1: Executar queuedwebhook
2026-05-02 03:50:01 [@b60d4e234048]
Externo #1: Executar queuedwebhook
2026-05-02 03:52:01 [@b60d4e234048]
Externo #1: Executar queuedwebhook
2026-05-02 03:54:01 [@b60d4e234048]
Externo #1: Executar queuedwebhook
2026-05-02 03:56:01 [@b60d4e234048]
Externo #1: Executar queuedwebhook
2026-05-02 03:58:01 [@b60d4e234048]
Externo #1: Executar queuedwebhook
2026-05-02 04:00:01 [@b60d4e234048]
Externo #1: Executar queuedwebhook
2026-05-02 04:00:01 [@b60d4e234048]
Externo #2: Executar pendingreason_autobump_autosolve
2026-05-02 04:02:01 [@b60d4e234048]
Externo #1: Executar queuedwebhook
2026-05-02 04:04:01 [@b60d4e234048]
Externo #1: Executar queuedwebhook
2026-05-02 04:06:01 [@b60d4e234048]
Externo #1: Executar queuedwebhook
2026-05-02 04:08:01 [@b60d4e234048]
Externo #1: Executar queuedwebhook
2026-05-02 04:10:01 [@b60d4e234048]
Externo #1: Executar queuedwebhook
2026-05-02 04:12:01 [@b60d4e234048]
Externo #1: Executar queuedwebhook
2026-05-02 04:14:01 [@b60d4e234048]
Externo #1: Executar queuedwebhook
2026-05-02 04:16:01 [@b60d4e234048]
Externo #1: Executar queuedwebhook
2026-05-02 04:18:01 [@b60d4e234048]
Externo #1: Executar queuedwebhook
2026-05-02 04:20:01 [@b60d4e234048]
Externo #1: Executar queuedwebhook
2026-05-02 04:22:01 [@b60d4e234048]
Externo #1: Executar queuedwebhook
2026-05-02 04:24:01 [@b60d4e234048]
Externo #1: Executar queuedwebhook
2026-05-02 04:26:01 [@b60d4e234048]
Externo #1: Executar queuedwebhook
2026-05-02 04:28:01 [@b60d4e234048]
Externo #1: Executar queuedwebhook
2026-05-02 04:30:01 [@b60d4e234048]
Externo #1: Executar queuedwebhook
2026-05-02 04:30:01 [@b60d4e234048]
Externo #2: Executar pendingreason_autobump_autosolve
2026-05-02 04:32:01 [@b60d4e234048]
Externo #1: Executar queuedwebhook
2026-05-02 04:34:01 [@b60d4e234048]
Externo #1: Executar queuedwebhook
2026-05-02 04:36:01 [@b60d4e234048]
Externo #1: Executar queuedwebhook
2026-05-02 04:38:01 [@b60d4e234048]
Externo #1: Executar queuedwebhook
2026-05-02 04:40:01 [@b60d4e234048]
Externo #1: Executar queuedwebhook
2026-05-02 04:42:01 [@b60d4e234048]
Externo #1: Executar queuedwebhook
2026-05-02 04:44:01 [@b60d4e234048]
Externo #1: Executar queuedwebhook
2026-05-02 04:46:01 [@b60d4e234048]
Externo #1: Executar queuedwebhook
2026-05-02 04:48:01 [@b60d4e234048]
Externo #1: Executar queuedwebhook
2026-05-02 04:50:01 [@b60d4e234048]
Externo #1: Executar queuedwebhook
2026-05-02 04:52:01 [@b60d4e234048]
Externo #1: Executar queuedwebhook
2026-05-02 04:54:01 [@b60d4e234048]
Externo #1: Executar queuedwebhook
2026-05-02 04:56:01 [@b60d4e234048]
Externo #1: Executar queuedwebhook
2026-05-02 04:58:01 [@b60d4e234048]
Externo #1: Executar queuedwebhook
2026-05-02 05:00:01 [@b60d4e234048]
Externo #1: Executar queuedwebhook
2026-05-02 05:00:01 [@b60d4e234048]
Externo #2: Executar pendingreason_autobump_autosolve
2026-05-02 05:02:01 [@b60d4e234048]
Externo #1: Executar queuedwebhook
2026-05-02 05:04:01 [@b60d4e234048]
Externo #1: Executar queuedwebhook
2026-05-02 05:06:01 [@b60d4e234048]
Externo #1: Executar queuedwebhook
2026-05-02 05:08:01 [@b60d4e234048]
Externo #1: Executar queuedwebhook
2026-05-02 05:10:02 [@b60d4e234048]
Externo #1: Executar queuedwebhook
2026-05-02 05:12:02 [@b60d4e234048]
Externo #1: Executar queuedwebhook
2026-05-02 05:14:02 [@b60d4e234048]
Externo #1: Executar queuedwebhook
2026-05-02 05:16:02 [@b60d4e234048]
Externo #1: Executar queuedwebhook
2026-05-02 05:18:02 [@b60d4e234048]
Externo #1: Executar queuedwebhook
2026-05-02 05:20:02 [@b60d4e234048]
Externo #1: Executar queuedwebhook
2026-05-02 05:22:02 [@b60d4e234048]
Externo #1: Executar queuedwebhook
2026-05-02 05:24:02 [@b60d4e234048]
Externo #1: Executar queuedwebhook
2026-05-02 05:26:02 [@b60d4e234048]
Externo #1: Executar queuedwebhook
2026-05-02 05:28:02 [@b60d4e234048]
Externo #1: Executar queuedwebhook
2026-05-02 05:30:02 [@b60d4e234048]
Externo #1: Executar queuedwebhook
2026-05-02 05:30:02 [@b60d4e234048]
Externo #2: Executar pendingreason_autobump_autosolve
2026-05-02 05:32:02 [@b60d4e234048]
Externo #1: Executar queuedwebhook
2026-05-02 05:34:02 [@b60d4e234048]
Externo #1: Executar queuedwebhook
2026-05-02 05:36:02 [@b60d4e234048]
Externo #1: Executar queuedwebhook
2026-05-02 05:38:02 [@b60d4e234048]
Externo #1: Executar queuedwebhook
2026-05-02 05:40:01 [@b60d4e234048]
Externo #1: Executar queuedwebhook
2026-05-02 05:42:01 [@b60d4e234048]
Externo #1: Executar queuedwebhook
2026-05-02 05:44:01 [@b60d4e234048]
Externo #1: Executar queuedwebhook
2026-05-02 05:46:01 [@b60d4e234048]
Externo #1: Executar queuedwebhook
2026-05-02 05:48:01 [@b60d4e234048]
Externo #1: Executar queuedwebhook
2026-05-02 05:50:01 [@b60d4e234048]
Externo #1: Executar queuedwebhook
2026-05-02 05:52:01 [@b60d4e234048]
Externo #1: Executar queuedwebhook
2026-05-02 05:54:01 [@b60d4e234048]
Externo #1: Executar queuedwebhook
2026-05-02 05:56:01 [@b60d4e234048]
Externo #1: Executar queuedwebhook
2026-05-02 05:58:01 [@b60d4e234048]
Externo #1: Executar queuedwebhook
2026-05-02 06:00:01 [@b60d4e234048]
Externo #1: Executar queuedwebhook
2026-05-02 06:00:01 [@b60d4e234048]
Externo #2: Executar pendingreason_autobump_autosolve
2026-05-02 06:02:01 [@b60d4e234048]
Externo #1: Executar queuedwebhook
2026-05-02 06:04:01 [@b60d4e234048]
Externo #1: Executar queuedwebhook
2026-05-02 06:06:01 [@b60d4e234048]
Externo #1: Executar queuedwebhook
2026-05-02 06:08:01 [@b60d4e234048]
Externo #1: Executar queuedwebhook
2026-05-02 06:10:01 [@b60d4e234048]
Externo #1: Executar queuedwebhook
2026-05-02 06:12:01 [@b60d4e234048]
Externo #1: Executar queuedwebhook
2026-05-02 06:14:01 [@b60d4e234048]
Externo #1: Executar queuedwebhook
2026-05-02 06:16:01 [@b60d4e234048]
Externo #1: Executar queuedwebhook
2026-05-02 06:18:01 [@b60d4e234048]
Externo #1: Executar queuedwebhook
2026-05-02 06:20:01 [@b60d4e234048]
Externo #1: Executar queuedwebhook
2026-05-02 06:22:01 [@b60d4e234048]
Externo #1: Executar queuedwebhook
2026-05-02 06:24:01 [@b60d4e234048]
Externo #1: Executar queuedwebhook
2026-05-02 06:26:01 [@b60d4e234048]
Externo #1: Executar queuedwebhook
2026-05-02 06:28:01 [@b60d4e234048]
Externo #1: Executar queuedwebhook
2026-05-02 06:30:01 [@b60d4e234048]
Externo #1: Executar queuedwebhook
2026-05-02 06:30:01 [@b60d4e234048]
Externo #2: Executar pendingreason_autobump_autosolve
2026-05-02 06:32:01 [@b60d4e234048]
Externo #1: Executar queuedwebhook
2026-05-02 06:34:01 [@b60d4e234048]
Externo #1: Executar queuedwebhook
2026-05-02 06:36:01 [@b60d4e234048]
Externo #1: Executar queuedwebhook
2026-05-02 06:38:01 [@b60d4e234048]
Externo #1: Executar queuedwebhook
2026-05-02 06:40:01 [@b60d4e234048]
Externo #1: Executar queuedwebhook
2026-05-02 06:42:01 [@b60d4e234048]
Externo #1: Executar queuedwebhook
2026-05-02 06:44:01 [@b60d4e234048]
Externo #1: Executar queuedwebhook
2026-05-02 06:46:01 [@b60d4e234048]
Externo #1: Executar queuedwebhook
2026-05-02 06:48:01 [@b60d4e234048]
Externo #1: Executar queuedwebhook
2026-05-02 06:50:01 [@b60d4e234048]
Externo #1: Executar queuedwebhook
2026-05-02 06:52:01 [@b60d4e234048]
Externo #1: Executar queuedwebhook
2026-05-02 06:54:01 [@b60d4e234048]
Externo #1: Executar queuedwebhook
2026-05-02 06:56:01 [@b60d4e234048]
Externo #1: Executar queuedwebhook
2026-05-02 06:58:01 [@b60d4e234048]
Externo #1: Executar queuedwebhook
2026-05-02 07:00:01 [@b60d4e234048]
Externo #1: Executar queuedwebhook
2026-05-02 07:00:01 [@b60d4e234048]
Externo #2: Executar pendingreason_autobump_autosolve
2026-05-02 07:02:01 [@b60d4e234048]
Externo #1: Executar queuedwebhook
2026-05-02 07:04:01 [@b60d4e234048]
Externo #1: Executar queuedwebhook
2026-05-02 07:06:01 [@b60d4e234048]
Externo #1: Executar queuedwebhook
2026-05-02 07:08:01 [@b60d4e234048]
Externo #1: Executar queuedwebhook
2026-05-02 07:10:02 [@b60d4e234048]
Externo #1: Executar queuedwebhook
2026-05-02 07:12:02 [@b60d4e234048]
Externo #1: Executar queuedwebhook
2026-05-02 07:14:02 [@b60d4e234048]
Externo #1: Executar queuedwebhook
2026-05-02 07:16:02 [@b60d4e234048]
Externo #1: Executar queuedwebhook
2026-05-02 07:18:02 [@b60d4e234048]
Externo #1: Executar queuedwebhook
2026-05-02 07:20:02 [@b60d4e234048]
Externo #1: Executar queuedwebhook
2026-05-02 07:22:02 [@b60d4e234048]
Externo #1: Executar queuedwebhook
2026-05-02 07:24:02 [@b60d4e234048]
Externo #1: Executar queuedwebhook
2026-05-02 07:26:02 [@b60d4e234048]
Externo #1: Executar queuedwebhook
2026-05-02 07:28:02 [@b60d4e234048]
Externo #1: Executar queuedwebhook
2026-05-02 07:30:02 [@b60d4e234048]
Externo #1: Executar queuedwebhook
2026-05-02 07:30:02 [@b60d4e234048]
Externo #2: Executar pendingreason_autobump_autosolve
2026-05-02 07:32:02 [@b60d4e234048]
Externo #1: Executar queuedwebhook
2026-05-02 07:34:02 [@b60d4e234048]
Externo #1: Executar queuedwebhook
2026-05-02 07:36:02 [@b60d4e234048]
Externo #1: Executar queuedwebhook
2026-05-02 07:38:02 [@b60d4e234048]
Externo #1: Executar queuedwebhook
2026-05-02 07:40:02 [@b60d4e234048]
Externo #1: Executar queuedwebhook
2026-05-02 07:42:02 [@b60d4e234048]
Externo #1: Executar queuedwebhook
2026-05-02 07:44:02 [@b60d4e234048]
Externo #1: Executar queuedwebhook
2026-05-02 07:46:02 [@b60d4e234048]
Externo #1: Executar queuedwebhook
2026-05-02 07:48:02 [@b60d4e234048]
Externo #1: Executar queuedwebhook
2026-05-02 07:50:02 [@b60d4e234048]
Externo #1: Executar queuedwebhook
2026-05-02 07:52:02 [@b60d4e234048]
Externo #1: Executar queuedwebhook
2026-05-02 07:54:02 [@b60d4e234048]
Externo #1: Executar queuedwebhook
2026-05-02 07:56:02 [@b60d4e234048]
Externo #1: Executar queuedwebhook
2026-05-02 07:58:02 [@b60d4e234048]
Externo #1: Executar queuedwebhook
2026-05-02 08:00:02 [@b60d4e234048]
Externo #1: Executar queuedwebhook
2026-05-02 08:00:02 [@b60d4e234048]
Externo #2: Executar pendingreason_autobump_autosolve
2026-05-02 08:02:02 [@b60d4e234048]
Externo #1: Executar queuedwebhook
2026-05-02 08:04:01 [@b60d4e234048]
Externo #1: Executar queuedwebhook
2026-05-02 08:06:02 [@b60d4e234048]
Externo #1: Executar queuedwebhook
2026-05-02 08:08:01 [@b60d4e234048]
Externo #1: Executar queuedwebhook
2026-05-02 08:10:01 [@b60d4e234048]
Externo #1: Executar queuedwebhook
2026-05-02 08:12:01 [@b60d4e234048]
Externo #1: Executar queuedwebhook
2026-05-02 08:14:01 [@b60d4e234048]
Externo #1: Executar queuedwebhook
2026-05-02 08:16:01 [@b60d4e234048]
Externo #1: Executar queuedwebhook
2026-05-02 08:18:01 [@b60d4e234048]
Externo #1: Executar queuedwebhook
2026-05-02 08:20:01 [@b60d4e234048]
Externo #1: Executar queuedwebhook
2026-05-02 08:22:01 [@b60d4e234048]
Externo #1: Executar queuedwebhook
2026-05-02 08:24:01 [@b60d4e234048]
Externo #1: Executar queuedwebhook
2026-05-02 08:26:01 [@b60d4e234048]
Externo #1: Executar queuedwebhook
2026-05-02 08:28:01 [@b60d4e234048]
Externo #1: Executar queuedwebhook
2026-05-02 08:30:01 [@b60d4e234048]
Externo #1: Executar queuedwebhook
2026-05-02 08:30:01 [@b60d4e234048]
Externo #2: Executar DomainsAlert
2026-05-02 08:30:01 [@b60d4e234048]
Externo #3: Executar pendingreason_autobump_autosolve
2026-05-02 08:30:01 [@b60d4e234048]
Externo #4: Executar createinquest
2026-05-02 08:30:01 [@b60d4e234048]
Externo #5: Executar purgedraftforms
2026-05-02 08:32:01 [@b60d4e234048]
Externo #1: Executar queuedwebhook
2026-05-02 08:34:01 [@b60d4e234048]
Externo #1: Executar queuedwebhook
2026-05-02 08:36:01 [@b60d4e234048]
Externo #1: Executar queuedwebhook
2026-05-02 08:38:01 [@b60d4e234048]
Externo #1: Executar queuedwebhook
2026-05-02 08:40:01 [@b60d4e234048]
Externo #1: Executar queuedwebhook
2026-05-02 08:42:01 [@b60d4e234048]
Externo #1: Executar queuedwebhook
2026-05-02 08:44:01 [@b60d4e234048]
Externo #1: Executar queuedwebhook
2026-05-02 08:46:01 [@b60d4e234048]
Externo #1: Executar queuedwebhook
2026-05-02 08:48:01 [@b60d4e234048]
Externo #1: Executar queuedwebhook
2026-05-02 08:50:01 [@b60d4e234048]
Externo #1: Executar queuedwebhook
2026-05-02 08:52:01 [@b60d4e234048]
Externo #1: Executar queuedwebhook
2026-05-02 08:54:01 [@b60d4e234048]
Externo #1: Executar queuedwebhook
2026-05-02 08:56:01 [@b60d4e234048]
Externo #1: Executar queuedwebhook
2026-05-02 08:58:01 [@b60d4e234048]
Externo #1: Executar queuedwebhook
2026-05-02 09:00:01 [@b60d4e234048]
Externo #1: Executar queuedwebhook
2026-05-02 09:00:01 [@b60d4e234048]
Externo #2: Executar pendingreason_autobump_autosolve
2026-05-02 09:02:01 [@b60d4e234048]
Externo #1: Executar queuedwebhook
2026-05-02 09:04:01 [@b60d4e234048]
Externo #1: Executar queuedwebhook
2026-05-02 09:06:01 [@b60d4e234048]
Externo #1: Executar queuedwebhook
2026-05-02 09:08:01 [@b60d4e234048]
Externo #1: Executar queuedwebhook
2026-05-02 09:10:01 [@b60d4e234048]
Externo #1: Executar queuedwebhook
2026-05-02 09:12:02 [@b60d4e234048]
Externo #1: Executar queuedwebhook
2026-05-02 09:14:01 [@b60d4e234048]
Externo #1: Executar queuedwebhook
2026-05-02 09:16:01 [@b60d4e234048]
Externo #1: Executar queuedwebhook
2026-05-02 09:18:01 [@b60d4e234048]
Externo #1: Executar queuedwebhook
2026-05-02 09:20:01 [@b60d4e234048]
Externo #1: Executar queuedwebhook
2026-05-02 09:22:02 [@b60d4e234048]
Externo #1: Executar queuedwebhook
2026-05-02 09:24:01 [@b60d4e234048]
Externo #1: Executar queuedwebhook
2026-05-02 09:26:01 [@b60d4e234048]
Externo #1: Executar queuedwebhook
2026-05-02 09:28:01 [@b60d4e234048]
Externo #1: Executar queuedwebhook
2026-05-02 09:30:01 [@b60d4e234048]
Externo #1: Executar queuedwebhook
2026-05-02 09:30:01 [@b60d4e234048]
Externo #2: Executar pendingreason_autobump_autosolve
2026-05-02 09:32:01 [@b60d4e234048]
Externo #1: Executar queuedwebhook
2026-05-02 09:34:01 [@b60d4e234048]
Externo #1: Executar queuedwebhook
2026-05-02 09:36:01 [@b60d4e234048]
Externo #1: Executar queuedwebhook
2026-05-02 09:38:01 [@b60d4e234048]
Externo #1: Executar queuedwebhook
2026-05-02 09:40:02 [@b60d4e234048]
Externo #1: Executar queuedwebhook
2026-05-02 09:42:02 [@b60d4e234048]
Externo #1: Executar queuedwebhook
2026-05-02 09:44:02 [@b60d4e234048]
Externo #1: Executar queuedwebhook
2026-05-02 09:46:02 [@b60d4e234048]
Externo #1: Executar queuedwebhook
2026-05-02 09:48:02 [@b60d4e234048]
Externo #1: Executar queuedwebhook
2026-05-02 09:50:02 [@b60d4e234048]
Externo #1: Executar queuedwebhook
2026-05-02 09:52:02 [@b60d4e234048]
Externo #1: Executar queuedwebhook
2026-05-02 09:54:02 [@b60d4e234048]
Externo #1: Executar queuedwebhook
2026-05-02 09:56:02 [@b60d4e234048]
Externo #1: Executar queuedwebhook
2026-05-02 09:58:02 [@b60d4e234048]
Externo #1: Executar queuedwebhook
2026-05-02 10:00:02 [@b60d4e234048]
Externo #1: Executar queuedwebhook
2026-05-02 10:00:02 [@b60d4e234048]
Externo #2: Executar pendingreason_autobump_autosolve
2026-05-02 10:02:02 [@b60d4e234048]
Externo #1: Executar queuedwebhook
2026-05-02 10:04:02 [@b60d4e234048]
Externo #1: Executar queuedwebhook
2026-05-02 10:06:02 [@b60d4e234048]
Externo #1: Executar queuedwebhook
2026-05-02 10:08:02 [@b60d4e234048]
Externo #1: Executar queuedwebhook
2026-05-02 10:10:01 [@b60d4e234048]
Externo #1: Executar queuedwebhook
2026-05-02 10:12:01 [@b60d4e234048]
Externo #1: Executar queuedwebhook
2026-05-02 10:14:01 [@b60d4e234048]
Externo #1: Executar queuedwebhook
2026-05-02 10:16:01 [@b60d4e234048]
Externo #1: Executar queuedwebhook
2026-05-02 10:18:01 [@b60d4e234048]
Externo #1: Executar queuedwebhook
2026-05-02 10:20:01 [@b60d4e234048]
Externo #1: Executar queuedwebhook
2026-05-02 10:22:01 [@b60d4e234048]
Externo #1: Executar queuedwebhook
2026-05-02 10:24:01 [@b60d4e234048]
Externo #1: Executar queuedwebhook
2026-05-02 10:26:01 [@b60d4e234048]
Externo #1: Executar queuedwebhook
2026-05-02 10:28:01 [@b60d4e234048]
Externo #1: Executar queuedwebhook
2026-05-02 10:30:01 [@b60d4e234048]
Externo #1: Executar queuedwebhook
2026-05-02 10:30:01 [@b60d4e234048]
Externo #2: Executar pendingreason_autobump_autosolve
2026-05-02 10:32:01 [@b60d4e234048]
Externo #1: Executar queuedwebhook
2026-05-02 10:34:01 [@b60d4e234048]
Externo #1: Executar queuedwebhook
2026-05-02 10:36:01 [@b60d4e234048]
Externo #1: Executar queuedwebhook
2026-05-02 10:38:01 [@b60d4e234048]
Externo #1: Executar queuedwebhook
2026-05-02 10:40:01 [@b60d4e234048]
Externo #1: Executar queuedwebhook
2026-05-02 10:42:01 [@b60d4e234048]
Externo #1: Executar queuedwebhook
2026-05-02 10:44:01 [@b60d4e234048]
Externo #1: Executar queuedwebhook
2026-05-02 10:46:01 [@b60d4e234048]
Externo #1: Executar queuedwebhook
2026-05-02 10:48:01 [@b60d4e234048]
Externo #1: Executar queuedwebhook
2026-05-02 10:50:01 [@b60d4e234048]
Externo #1: Executar queuedwebhook
2026-05-02 10:52:01 [@b60d4e234048]
Externo #1: Executar queuedwebhook
2026-05-02 10:54:01 [@b60d4e234048]
Externo #1: Executar queuedwebhook
2026-05-02 10:56:01 [@b60d4e234048]
Externo #1: Executar queuedwebhook
2026-05-02 10:58:01 [@b60d4e234048]
Externo #1: Executar queuedwebhook
2026-05-02 11:00:01 [@b60d4e234048]
Externo #1: Executar queuedwebhook
2026-05-02 11:00:01 [@b60d4e234048]
Externo #2: Executar pendingreason_autobump_autosolve
2026-05-02 11:02:01 [@b60d4e234048]
Externo #1: Executar queuedwebhook
2026-05-02 11:04:01 [@b60d4e234048]
Externo #1: Executar queuedwebhook
2026-05-02 11:06:01 [@b60d4e234048]
Externo #1: Executar queuedwebhook
2026-05-02 11:08:01 [@b60d4e234048]
Externo #1: Executar queuedwebhook
2026-05-02 11:10:01 [@b60d4e234048]
Externo #1: Executar queuedwebhook
2026-05-02 11:12:01 [@b60d4e234048]
Externo #1: Executar queuedwebhook
2026-05-02 11:14:01 [@b60d4e234048]
Externo #1: Executar queuedwebhook
2026-05-02 11:16:01 [@b60d4e234048]
Externo #1: Executar queuedwebhook
2026-05-02 11:18:01 [@b60d4e234048]
Externo #1: Executar queuedwebhook
2026-05-02 11:20:01 [@b60d4e234048]
Externo #1: Executar queuedwebhook
2026-05-02 11:22:01 [@b60d4e234048]
Externo #1: Executar queuedwebhook
2026-05-02 11:24:01 [@b60d4e234048]
Externo #1: Executar queuedwebhook
2026-05-02 11:26:01 [@b60d4e234048]
Externo #1: Executar queuedwebhook
2026-05-02 11:28:01 [@b60d4e234048]
Externo #1: Executar queuedwebhook
2026-05-02 11:30:01 [@b60d4e234048]
Externo #1: Executar queuedwebhook
2026-05-02 11:30:01 [@b60d4e234048]
Externo #2: Executar pendingreason_autobump_autosolve
2026-05-02 11:32:01 [@b60d4e234048]
Externo #1: Executar queuedwebhook
2026-05-02 11:34:01 [@b60d4e234048]
Externo #1: Executar queuedwebhook
2026-05-02 11:36:01 [@b60d4e234048]
Externo #1: Executar queuedwebhook
2026-05-02 11:38:01 [@b60d4e234048]
Externo #1: Executar queuedwebhook
2026-05-02 11:40:02 [@b60d4e234048]
Externo #1: Executar queuedwebhook
2026-05-02 11:42:02 [@b60d4e234048]
Externo #1: Executar queuedwebhook
2026-05-02 11:44:02 [@b60d4e234048]
Externo #1: Executar queuedwebhook
2026-05-02 11:46:02 [@b60d4e234048]
Externo #1: Executar queuedwebhook
2026-05-02 11:48:02 [@b60d4e234048]
Externo #1: Executar queuedwebhook
2026-05-02 11:50:02 [@b60d4e234048]
Externo #1: Executar queuedwebhook
2026-05-02 11:52:02 [@b60d4e234048]
Externo #1: Executar queuedwebhook
2026-05-02 11:54:02 [@b60d4e234048]
Externo #1: Executar queuedwebhook
2026-05-02 11:56:02 [@b60d4e234048]
Externo #1: Executar queuedwebhook
2026-05-02 11:58:02 [@b60d4e234048]
Externo #1: Executar queuedwebhook
2026-05-02 12:00:02 [@b60d4e234048]
Externo #1: Executar queuedwebhook
2026-05-02 12:00:02 [@b60d4e234048]
Externo #2: Executar pendingreason_autobump_autosolve
2026-05-02 12:02:02 [@b60d4e234048]
Externo #1: Executar queuedwebhook
2026-05-02 12:04:02 [@b60d4e234048]
Externo #1: Executar queuedwebhook
2026-05-02 12:06:02 [@b60d4e234048]
Externo #1: Executar queuedwebhook
2026-05-02 12:08:02 [@b60d4e234048]
Externo #1: Executar queuedwebhook
2026-05-02 12:10:02 [@b60d4e234048]
Externo #1: Executar queuedwebhook
2026-05-02 12:12:02 [@b60d4e234048]
Externo #1: Executar queuedwebhook
2026-05-02 12:14:02 [@b60d4e234048]
Externo #1: Executar queuedwebhook
2026-05-02 12:16:02 [@b60d4e234048]
Externo #1: Executar queuedwebhook
2026-05-02 12:18:01 [@b60d4e234048]
Externo #1: Executar queuedwebhook
2026-05-02 12:20:01 [@b60d4e234048]
Externo #1: Executar queuedwebhook
2026-05-02 12:22:01 [@b60d4e234048]
Externo #1: Executar queuedwebhook
2026-05-02 12:24:01 [@b60d4e234048]
Externo #1: Executar queuedwebhook
2026-05-02 12:26:01 [@b60d4e234048]
Externo #1: Executar queuedwebhook
2026-05-02 12:28:01 [@b60d4e234048]
Externo #1: Executar queuedwebhook
2026-05-02 12:30:01 [@b60d4e234048]
Externo #1: Executar queuedwebhook
2026-05-02 12:30:01 [@b60d4e234048]
Externo #2: Executar pendingreason_autobump_autosolve
2026-05-02 12:32:01 [@b60d4e234048]
Externo #1: Executar queuedwebhook
2026-05-02 12:34:01 [@b60d4e234048]
Externo #1: Executar queuedwebhook
2026-05-02 12:36:01 [@b60d4e234048]
Externo #1: Executar queuedwebhook
2026-05-02 12:38:01 [@b60d4e234048]
Externo #1: Executar queuedwebhook
2026-05-02 12:40:01 [@b60d4e234048]
Externo #1: Executar queuedwebhook
2026-05-02 12:42:01 [@b60d4e234048]
Externo #1: Executar queuedwebhook
2026-05-02 12:44:01 [@b60d4e234048]
Externo #1: Executar queuedwebhook
2026-05-02 12:46:01 [@b60d4e234048]
Externo #1: Executar queuedwebhook
2026-05-02 12:48:01 [@b60d4e234048]
Externo #1: Executar queuedwebhook
2026-05-02 12:50:01 [@b60d4e234048]
Externo #1: Executar queuedwebhook
2026-05-02 12:52:01 [@b60d4e234048]
Externo #1: Executar queuedwebhook
2026-05-02 12:54:01 [@b60d4e234048]
Externo #1: Executar queuedwebhook
2026-05-02 12:56:01 [@b60d4e234048]
Externo #1: Executar queuedwebhook
2026-05-02 12:58:01 [@b60d4e234048]
Externo #1: Executar queuedwebhook
2026-05-02 13:00:01 [@b60d4e234048]
Externo #1: Executar queuedwebhook
2026-05-02 13:00:01 [@b60d4e234048]
Externo #2: Executar pendingreason_autobump_autosolve
2026-05-02 13:02:01 [@b60d4e234048]
Externo #1: Executar queuedwebhook
2026-05-02 13:04:01 [@b60d4e234048]
Externo #1: Executar queuedwebhook
2026-05-02 13:06:01 [@b60d4e234048]
Externo #1: Executar queuedwebhook
2026-05-02 13:08:01 [@b60d4e234048]
Externo #1: Executar queuedwebhook
2026-05-02 13:10:01 [@b60d4e234048]
Externo #1: Executar queuedwebhook
2026-05-02 13:12:01 [@b60d4e234048]
Externo #1: Executar queuedwebhook
2026-05-02 13:14:01 [@b60d4e234048]
Externo #1: Executar queuedwebhook
2026-05-02 13:16:01 [@b60d4e234048]
Externo #1: Executar queuedwebhook
2026-05-02 13:18:01 [@b60d4e234048]
Externo #1: Executar queuedwebhook
2026-05-02 13:20:01 [@b60d4e234048]
Externo #1: Executar queuedwebhook
2026-05-02 13:22:01 [@b60d4e234048]
Externo #1: Executar queuedwebhook
2026-05-02 13:24:01 [@b60d4e234048]
Externo #1: Executar queuedwebhook
2026-05-02 13:26:01 [@b60d4e234048]
Externo #1: Executar queuedwebhook
2026-05-02 13:28:01 [@b60d4e234048]
Externo #1: Executar queuedwebhook
2026-05-02 13:30:01 [@b60d4e234048]
Externo #1: Executar queuedwebhook
2026-05-02 13:30:01 [@b60d4e234048]
Externo #2: Executar pendingreason_autobump_autosolve
2026-05-02 13:32:01 [@b60d4e234048]
Externo #1: Executar queuedwebhook
2026-05-02 13:34:01 [@b60d4e234048]
Externo #1: Executar queuedwebhook
2026-05-02 13:36:01 [@b60d4e234048]
Externo #1: Executar queuedwebhook
2026-05-02 13:38:01 [@b60d4e234048]
Externo #1: Executar queuedwebhook
2026-05-02 13:40:02 [@b60d4e234048]
Externo #1: Executar queuedwebhook
2026-05-02 13:42:02 [@b60d4e234048]
Externo #1: Executar queuedwebhook
2026-05-02 13:44:02 [@b60d4e234048]
Externo #1: Executar queuedwebhook
2026-05-02 13:46:02 [@b60d4e234048]
Externo #1: Executar queuedwebhook
2026-05-02 13:48:02 [@b60d4e234048]
Externo #1: Executar queuedwebhook
2026-05-02 13:50:02 [@b60d4e234048]
Externo #1: Executar queuedwebhook
2026-05-02 13:52:02 [@b60d4e234048]
Externo #1: Executar queuedwebhook
2026-05-02 13:54:02 [@b60d4e234048]
Externo #1: Executar queuedwebhook
2026-05-02 13:56:02 [@b60d4e234048]
Externo #1: Executar queuedwebhook
2026-05-02 13:58:02 [@b60d4e234048]
Externo #1: Executar queuedwebhook
2026-05-02 14:00:02 [@b60d4e234048]
Externo #1: Executar queuedwebhook
2026-05-02 14:00:02 [@b60d4e234048]
Externo #2: Executar pendingreason_autobump_autosolve
2026-05-02 14:02:02 [@b60d4e234048]
Externo #1: Executar queuedwebhook
2026-05-02 14:04:02 [@b60d4e234048]
Externo #1: Executar queuedwebhook
2026-05-02 14:06:02 [@b60d4e234048]
Externo #1: Executar queuedwebhook
2026-05-02 14:08:02 [@b60d4e234048]
Externo #1: Executar queuedwebhook
2026-05-02 14:10:02 [@b60d4e234048]
Externo #1: Executar queuedwebhook
2026-05-02 14:12:02 [@b60d4e234048]
Externo #1: Executar queuedwebhook
2026-05-02 14:14:02 [@b60d4e234048]
Externo #1: Executar queuedwebhook
2026-05-02 14:16:02 [@b60d4e234048]
Externo #1: Executar queuedwebhook
2026-05-02 14:18:02 [@b60d4e234048]
Externo #1: Executar queuedwebhook
2026-05-02 14:20:02 [@b60d4e234048]
Externo #1: Executar queuedwebhook
2026-05-02 14:22:02 [@b60d4e234048]
Externo #1: Executar queuedwebhook
2026-05-02 14:24:02 [@b60d4e234048]
Externo #1: Executar queuedwebhook
2026-05-02 14:26:02 [@b60d4e234048]
Externo #1: Executar queuedwebhook
2026-05-02 14:28:02 [@b60d4e234048]
Externo #1: Executar queuedwebhook
2026-05-02 14:30:02 [@b60d4e234048]
Externo #1: Executar queuedwebhook
2026-05-02 14:30:02 [@b60d4e234048]
Externo #2: Executar pendingreason_autobump_autosolve
2026-05-02 14:32:02 [@b60d4e234048]
Externo #1: Executar queuedwebhook
2026-05-02 14:34:02 [@b60d4e234048]
Externo #1: Executar queuedwebhook
2026-05-02 14:36:02 [@b60d4e234048]
Externo #1: Executar queuedwebhook
2026-05-02 14:38:02 [@b60d4e234048]
Externo #1: Executar queuedwebhook
2026-05-02 14:40:01 [@b60d4e234048]
Externo #1: Executar queuedwebhook
2026-05-02 14:42:01 [@b60d4e234048]
Externo #1: Executar queuedwebhook
2026-05-02 14:44:01 [@b60d4e234048]
Externo #1: Executar queuedwebhook
2026-05-02 14:46:01 [@b60d4e234048]
Externo #1: Executar queuedwebhook
2026-05-02 14:48:01 [@b60d4e234048]
Externo #1: Executar queuedwebhook
2026-05-02 14:50:01 [@b60d4e234048]
Externo #1: Executar queuedwebhook
2026-05-02 14:52:01 [@b60d4e234048]
Externo #1: Executar queuedwebhook
2026-05-02 14:54:01 [@b60d4e234048]
Externo #1: Executar queuedwebhook
2026-05-02 14:56:01 [@b60d4e234048]
Externo #1: Executar queuedwebhook
2026-05-02 14:58:01 [@b60d4e234048]
Externo #1: Executar queuedwebhook
2026-05-02 15:00:01 [@b60d4e234048]
Externo #1: Executar queuedwebhook
2026-05-02 15:00:01 [@b60d4e234048]
Externo #2: Executar pendingreason_autobump_autosolve
2026-05-02 15:02:01 [@b60d4e234048]
Externo #1: Executar queuedwebhook
2026-05-02 15:04:01 [@b60d4e234048]
Externo #1: Executar queuedwebhook
2026-05-02 15:06:01 [@b60d4e234048]
Externo #1: Executar queuedwebhook
2026-05-02 15:08:01 [@b60d4e234048]
Externo #1: Executar queuedwebhook
2026-05-02 15:10:01 [@b60d4e234048]
Externo #1: Executar queuedwebhook
2026-05-02 15:12:01 [@b60d4e234048]
Externo #1: Executar queuedwebhook
2026-05-02 15:14:01 [@b60d4e234048]
Externo #1: Executar queuedwebhook
2026-05-02 15:16:01 [@b60d4e234048]
Externo #1: Executar queuedwebhook
2026-05-02 15:18:01 [@b60d4e234048]
Externo #1: Executar queuedwebhook
2026-05-02 15:20:01 [@b60d4e234048]
Externo #1: Executar queuedwebhook
2026-05-02 15:22:01 [@b60d4e234048]
Externo #1: Executar queuedwebhook
2026-05-02 15:24:01 [@b60d4e234048]
Externo #1: Executar queuedwebhook
2026-05-02 15:26:01 [@b60d4e234048]
Externo #1: Executar queuedwebhook
2026-05-02 15:28:01 [@b60d4e234048]
Externo #1: Executar queuedwebhook
2026-05-02 15:30:01 [@b60d4e234048]
Externo #1: Executar queuedwebhook
2026-05-02 15:30:01 [@b60d4e234048]
Externo #2: Executar pendingreason_autobump_autosolve
2026-05-02 15:32:01 [@b60d4e234048]
Externo #1: Executar queuedwebhook
2026-05-02 15:34:01 [@b60d4e234048]
Externo #1: Executar queuedwebhook
2026-05-02 15:36:01 [@b60d4e234048]
Externo #1: Executar queuedwebhook
2026-05-02 15:38:01 [@b60d4e234048]
Externo #1: Executar queuedwebhook
2026-05-02 15:40:02 [@b60d4e234048]
Externo #1: Executar queuedwebhook
2026-05-02 15:42:02 [@b60d4e234048]
Externo #1: Executar queuedwebhook
2026-05-02 15:44:02 [@b60d4e234048]
Externo #1: Executar queuedwebhook
2026-05-02 15:46:02 [@b60d4e234048]
Externo #1: Executar queuedwebhook
2026-05-02 15:48:02 [@b60d4e234048]
Externo #1: Executar queuedwebhook
2026-05-02 15:50:02 [@b60d4e234048]
Externo #1: Executar queuedwebhook
2026-05-02 15:52:02 [@b60d4e234048]
Externo #1: Executar queuedwebhook
2026-05-02 15:54:02 [@b60d4e234048]
Externo #1: Executar queuedwebhook
2026-05-02 15:56:02 [@b60d4e234048]
Externo #1: Executar queuedwebhook
2026-05-02 15:58:02 [@b60d4e234048]
Externo #1: Executar queuedwebhook
2026-05-02 16:00:02 [@b60d4e234048]
Externo #1: Executar queuedwebhook
2026-05-02 16:00:02 [@b60d4e234048]
Externo #2: Executar pendingreason_autobump_autosolve
2026-05-02 16:02:02 [@b60d4e234048]
Externo #1: Executar queuedwebhook
2026-05-02 16:04:02 [@b60d4e234048]
Externo #1: Executar queuedwebhook
2026-05-02 16:06:02 [@b60d4e234048]
Externo #1: Executar queuedwebhook
2026-05-02 16:08:02 [@b60d4e234048]
Externo #1: Executar queuedwebhook
2026-05-02 16:10:02 [@b60d4e234048]
Externo #1: Executar queuedwebhook
2026-05-02 16:12:02 [@b60d4e234048]
Externo #1: Executar queuedwebhook
2026-05-02 16:14:02 [@b60d4e234048]
Externo #1: Executar queuedwebhook
2026-05-02 16:16:02 [@b60d4e234048]
Externo #1: Executar queuedwebhook
2026-05-02 16:18:02 [@b60d4e234048]
Externo #1: Executar queuedwebhook
2026-05-02 16:20:02 [@b60d4e234048]
Externo #1: Executar queuedwebhook
2026-05-02 16:22:02 [@b60d4e234048]
Externo #1: Executar queuedwebhook
2026-05-02 16:24:02 [@b60d4e234048]
Externo #1: Executar queuedwebhook
2026-05-02 16:26:02 [@b60d4e234048]
Externo #1: Executar queuedwebhook
2026-05-02 16:28:02 [@b60d4e234048]
Externo #1: Executar queuedwebhook
2026-05-02 16:30:02 [@b60d4e234048]
Externo #1: Executar queuedwebhook
2026-05-02 16:30:02 [@b60d4e234048]
Externo #2: Executar pendingreason_autobump_autosolve
2026-05-02 16:32:02 [@b60d4e234048]
Externo #1: Executar queuedwebhook
2026-05-02 16:34:02 [@b60d4e234048]
Externo #1: Executar queuedwebhook
2026-05-02 16:36:02 [@b60d4e234048]
Externo #1: Executar queuedwebhook
2026-05-02 16:38:02 [@b60d4e234048]
Externo #1: Executar queuedwebhook
2026-05-02 16:40:01 [@b60d4e234048]
Externo #1: Executar queuedwebhook
2026-05-02 16:42:01 [@b60d4e234048]
Externo #1: Executar queuedwebhook
2026-05-02 16:44:01 [@b60d4e234048]
Externo #1: Executar queuedwebhook
2026-05-02 16:46:01 [@b60d4e234048]
Externo #1: Executar queuedwebhook
2026-05-02 16:48:01 [@b60d4e234048]
Externo #1: Executar queuedwebhook
2026-05-02 16:50:01 [@b60d4e234048]
Externo #1: Executar queuedwebhook
2026-05-02 16:52:01 [@b60d4e234048]
Externo #1: Executar queuedwebhook
2026-05-02 16:54:01 [@b60d4e234048]
Externo #1: Executar queuedwebhook
2026-05-02 16:56:01 [@b60d4e234048]
Externo #1: Executar queuedwebhook
2026-05-02 16:58:01 [@b60d4e234048]
Externo #1: Executar queuedwebhook
2026-05-02 17:00:01 [@b60d4e234048]
Externo #1: Executar queuedwebhook
2026-05-02 17:00:01 [@b60d4e234048]
Externo #2: Executar pendingreason_autobump_autosolve
2026-05-02 17:02:01 [@b60d4e234048]
Externo #1: Executar queuedwebhook
2026-05-02 17:04:01 [@b60d4e234048]
Externo #1: Executar queuedwebhook
2026-05-02 17:06:01 [@b60d4e234048]
Externo #1: Executar queuedwebhook
2026-05-02 17:08:01 [@b60d4e234048]
Externo #1: Executar queuedwebhook
2026-05-02 17:10:01 [@b60d4e234048]
Externo #1: Executar queuedwebhook
2026-05-02 17:12:01 [@b60d4e234048]
Externo #1: Executar queuedwebhook
2026-05-02 17:14:01 [@b60d4e234048]
Externo #1: Executar queuedwebhook
2026-05-02 17:16:01 [@b60d4e234048]
Externo #1: Executar queuedwebhook
2026-05-02 17:18:01 [@b60d4e234048]
Externo #1: Executar queuedwebhook
2026-05-02 17:20:01 [@b60d4e234048]
Externo #1: Executar queuedwebhook
2026-05-02 17:22:01 [@b60d4e234048]
Externo #1: Executar queuedwebhook
2026-05-02 17:24:01 [@b60d4e234048]
Externo #1: Executar queuedwebhook
2026-05-02 17:26:01 [@b60d4e234048]
Externo #1: Executar queuedwebhook
2026-05-02 17:28:01 [@b60d4e234048]
Externo #1: Executar queuedwebhook
2026-05-02 17:30:01 [@b60d4e234048]
Externo #1: Executar queuedwebhook
2026-05-02 17:30:01 [@b60d4e234048]
Externo #2: Executar pendingreason_autobump_autosolve
2026-05-02 17:32:01 [@b60d4e234048]
Externo #1: Executar queuedwebhook
2026-05-02 17:34:01 [@b60d4e234048]
Externo #1: Executar queuedwebhook
2026-05-02 17:36:01 [@b60d4e234048]
Externo #1: Executar queuedwebhook
2026-05-02 17:38:01 [@b60d4e234048]
Externo #1: Executar queuedwebhook
2026-05-02 17:40:01 [@b60d4e234048]
Externo #1: Executar queuedwebhook
2026-05-02 17:42:02 [@b60d4e234048]
Externo #1: Executar queuedwebhook
2026-05-02 17:44:02 [@b60d4e234048]
Externo #1: Executar queuedwebhook
2026-05-02 17:46:01 [@b60d4e234048]
Externo #1: Executar queuedwebhook
2026-05-02 17:48:02 [@b60d4e234048]
Externo #1: Executar queuedwebhook
2026-05-02 17:50:01 [@b60d4e234048]
Externo #1: Executar queuedwebhook
2026-05-02 17:52:02 [@b60d4e234048]
Externo #1: Executar queuedwebhook
2026-05-02 17:54:01 [@b60d4e234048]
Externo #1: Executar queuedwebhook
2026-05-02 17:56:01 [@b60d4e234048]
Externo #1: Executar queuedwebhook
2026-05-02 17:58:01 [@b60d4e234048]
Externo #1: Executar queuedwebhook
2026-05-02 18:00:02 [@b60d4e234048]
Externo #1: Executar queuedwebhook
2026-05-02 18:00:02 [@b60d4e234048]
Externo #2: Executar pendingreason_autobump_autosolve
2026-05-02 18:02:02 [@b60d4e234048]
Externo #1: Executar queuedwebhook
2026-05-02 18:04:02 [@b60d4e234048]
Externo #1: Executar queuedwebhook
2026-05-02 18:06:01 [@b60d4e234048]
Externo #1: Executar queuedwebhook
2026-05-02 18:08:02 [@b60d4e234048]
Externo #1: Executar queuedwebhook
2026-05-02 18:10:02 [@b60d4e234048]
Externo #1: Executar queuedwebhook
2026-05-02 18:12:02 [@b60d4e234048]
Externo #1: Executar queuedwebhook
2026-05-02 18:14:02 [@b60d4e234048]
Externo #1: Executar queuedwebhook
2026-05-02 18:16:02 [@b60d4e234048]
Externo #1: Executar queuedwebhook
2026-05-02 18:18:02 [@b60d4e234048]
Externo #1: Executar queuedwebhook
2026-05-02 18:20:02 [@b60d4e234048]
Externo #1: Executar queuedwebhook
2026-05-02 18:22:02 [@b60d4e234048]
Externo #1: Executar queuedwebhook
2026-05-02 18:24:02 [@b60d4e234048]
Externo #1: Executar queuedwebhook
2026-05-02 18:26:02 [@b60d4e234048]
Externo #1: Executar queuedwebhook
2026-05-02 18:28:02 [@b60d4e234048]
Externo #1: Executar queuedwebhook
2026-05-02 18:30:02 [@b60d4e234048]
Externo #1: Executar queuedwebhook
2026-05-02 18:30:02 [@b60d4e234048]
Externo #2: Executar pendingreason_autobump_autosolve
2026-05-02 18:32:02 [@b60d4e234048]
Externo #1: Executar queuedwebhook
2026-05-02 18:34:02 [@b60d4e234048]
Externo #1: Executar queuedwebhook
2026-05-02 18:36:02 [@b60d4e234048]
Externo #1: Executar queuedwebhook
2026-05-02 18:38:02 [@b60d4e234048]
Externo #1: Executar queuedwebhook
2026-05-02 18:40:01 [@b60d4e234048]
Externo #1: Executar queuedwebhook
2026-05-02 18:42:01 [@b60d4e234048]
Externo #1: Executar queuedwebhook
2026-05-02 18:44:01 [@b60d4e234048]
Externo #1: Executar queuedwebhook
2026-05-02 18:46:01 [@b60d4e234048]
Externo #1: Executar queuedwebhook
2026-05-02 18:48:01 [@b60d4e234048]
Externo #1: Executar queuedwebhook
2026-05-02 18:50:01 [@b60d4e234048]
Externo #1: Executar queuedwebhook
2026-05-02 18:52:01 [@b60d4e234048]
Externo #1: Executar queuedwebhook
2026-05-02 18:54:01 [@b60d4e234048]
Externo #1: Executar queuedwebhook
2026-05-02 18:56:01 [@b60d4e234048]
Externo #1: Executar queuedwebhook
2026-05-02 18:58:01 [@b60d4e234048]
Externo #1: Executar queuedwebhook
2026-05-02 19:00:01 [@b60d4e234048]
Externo #1: Executar queuedwebhook
2026-05-02 19:00:01 [@b60d4e234048]
Externo #2: Executar pendingreason_autobump_autosolve
2026-05-02 19:02:01 [@b60d4e234048]
Externo #1: Executar queuedwebhook
2026-05-02 19:04:01 [@b60d4e234048]
Externo #1: Executar queuedwebhook
2026-05-02 19:06:01 [@b60d4e234048]
Externo #1: Executar queuedwebhook
2026-05-02 19:08:01 [@b60d4e234048]
Externo #1: Executar queuedwebhook
2026-05-02 19:10:01 [@b60d4e234048]
Externo #1: Executar queuedwebhook
2026-05-02 19:12:01 [@b60d4e234048]
Externo #1: Executar queuedwebhook
2026-05-02 19:14:01 [@b60d4e234048]
Externo #1: Executar queuedwebhook
2026-05-02 19:16:01 [@b60d4e234048]
Externo #1: Executar queuedwebhook
2026-05-02 19:18:01 [@b60d4e234048]
Externo #1: Executar queuedwebhook
2026-05-02 19:20:01 [@b60d4e234048]
Externo #1: Executar queuedwebhook
2026-05-02 19:22:01 [@b60d4e234048]
Externo #1: Executar queuedwebhook
2026-05-02 19:24:01 [@b60d4e234048]
Externo #1: Executar queuedwebhook
2026-05-02 19:26:01 [@b60d4e234048]
Externo #1: Executar queuedwebhook
2026-05-02 19:28:01 [@b60d4e234048]
Externo #1: Executar queuedwebhook
2026-05-02 19:30:01 [@b60d4e234048]
Externo #1: Executar queuedwebhook
2026-05-02 19:30:01 [@b60d4e234048]
Externo #2: Executar pendingreason_autobump_autosolve
2026-05-02 19:32:01 [@b60d4e234048]
Externo #1: Executar queuedwebhook
2026-05-02 19:34:01 [@b60d4e234048]
Externo #1: Executar queuedwebhook
2026-05-02 19:36:01 [@b60d4e234048]
Externo #1: Executar queuedwebhook
2026-05-02 19:38:01 [@b60d4e234048]
Externo #1: Executar queuedwebhook
2026-05-02 19:40:01 [@b60d4e234048]
Externo #1: Executar queuedwebhook
2026-05-02 19:42:01 [@b60d4e234048]
Externo #1: Executar queuedwebhook
2026-05-02 19:44:01 [@b60d4e234048]
Externo #1: Executar queuedwebhook
2026-05-02 19:46:01 [@b60d4e234048]
Externo #1: Executar queuedwebhook
2026-05-02 19:48:01 [@b60d4e234048]
Externo #1: Executar queuedwebhook
2026-05-02 19:50:01 [@b60d4e234048]
Externo #1: Executar queuedwebhook
2026-05-02 19:52:01 [@b60d4e234048]
Externo #1: Executar queuedwebhook
2026-05-02 19:54:01 [@b60d4e234048]
Externo #1: Executar queuedwebhook
2026-05-02 19:56:01 [@b60d4e234048]
Externo #1: Executar queuedwebhook
2026-05-02 19:58:01 [@b60d4e234048]
Externo #1: Executar queuedwebhook
2026-05-02 20:00:01 [@b60d4e234048]
Externo #1: Executar queuedwebhook
2026-05-02 20:00:01 [@b60d4e234048]
Externo #2: Executar pendingreason_autobump_autosolve
2026-05-02 20:02:01 [@b60d4e234048]
Externo #1: Executar queuedwebhook
2026-05-02 20:04:01 [@b60d4e234048]
Externo #1: Executar queuedwebhook
2026-05-02 20:06:01 [@b60d4e234048]
Externo #1: Executar queuedwebhook
2026-05-02 20:08:01 [@b60d4e234048]
Externo #1: Executar queuedwebhook
2026-05-02 20:10:02 [@b60d4e234048]
Externo #1: Executar queuedwebhook
2026-05-02 20:12:02 [@b60d4e234048]
Externo #1: Executar queuedwebhook
2026-05-02 20:14:02 [@b60d4e234048]
Externo #1: Executar queuedwebhook
2026-05-02 20:16:02 [@b60d4e234048]
Externo #1: Executar queuedwebhook
2026-05-02 20:18:02 [@b60d4e234048]
Externo #1: Executar queuedwebhook
2026-05-02 20:20:02 [@b60d4e234048]
Externo #1: Executar queuedwebhook
2026-05-02 20:22:02 [@b60d4e234048]
Externo #1: Executar queuedwebhook
2026-05-02 20:24:02 [@b60d4e234048]
Externo #1: Executar queuedwebhook
2026-05-02 20:26:02 [@b60d4e234048]
Externo #1: Executar queuedwebhook
2026-05-02 20:28:02 [@b60d4e234048]
Externo #1: Executar queuedwebhook
2026-05-02 20:30:02 [@b60d4e234048]
Externo #1: Executar queuedwebhook
2026-05-02 20:30:02 [@b60d4e234048]
Externo #2: Executar pendingreason_autobump_autosolve
2026-05-02 20:32:02 [@b60d4e234048]
Externo #1: Executar queuedwebhook
2026-05-02 20:34:02 [@b60d4e234048]
Externo #1: Executar queuedwebhook
2026-05-02 20:36:02 [@b60d4e234048]
Externo #1: Executar queuedwebhook
2026-05-02 20:38:02 [@b60d4e234048]
Externo #1: Executar queuedwebhook
2026-05-02 20:40:01 [@b60d4e234048]
Externo #1: Executar queuedwebhook
2026-05-02 20:42:01 [@b60d4e234048]
Externo #1: Executar queuedwebhook
2026-05-02 20:44:01 [@b60d4e234048]
Externo #1: Executar queuedwebhook
2026-05-02 20:46:01 [@b60d4e234048]
Externo #1: Executar queuedwebhook
2026-05-02 20:48:01 [@b60d4e234048]
Externo #1: Executar queuedwebhook
2026-05-02 20:50:01 [@b60d4e234048]
Externo #1: Executar queuedwebhook
2026-05-02 20:52:01 [@b60d4e234048]
Externo #1: Executar queuedwebhook
2026-05-02 20:54:01 [@b60d4e234048]
Externo #1: Executar queuedwebhook
2026-05-02 20:56:01 [@b60d4e234048]
Externo #1: Executar queuedwebhook
2026-05-02 20:58:01 [@b60d4e234048]
Externo #1: Executar queuedwebhook
2026-05-02 21:00:01 [@b60d4e234048]
Externo #1: Executar queuedwebhook
2026-05-02 21:00:01 [@b60d4e234048]
Externo #2: Executar pendingreason_autobump_autosolve
2026-05-02 21:02:01 [@b60d4e234048]
Externo #1: Executar queuedwebhook
2026-05-02 21:04:01 [@b60d4e234048]
Externo #1: Executar queuedwebhook
2026-05-02 21:06:01 [@b60d4e234048]
Externo #1: Executar queuedwebhook
2026-05-02 21:08:01 [@b60d4e234048]
Externo #1: Executar queuedwebhook
2026-05-02 21:10:01 [@b60d4e234048]
Externo #1: Executar queuedwebhook
2026-05-02 21:12:01 [@b60d4e234048]
Externo #1: Executar queuedwebhook
2026-05-02 21:14:01 [@b60d4e234048]
Externo #1: Executar queuedwebhook
2026-05-02 21:16:01 [@b60d4e234048]
Externo #1: Executar queuedwebhook
2026-05-02 21:18:01 [@b60d4e234048]
Externo #1: Executar queuedwebhook
2026-05-02 21:20:01 [@b60d4e234048]
Externo #1: Executar queuedwebhook
2026-05-02 21:22:01 [@b60d4e234048]
Externo #1: Executar queuedwebhook
2026-05-02 21:24:01 [@b60d4e234048]
Externo #1: Executar queuedwebhook
2026-05-02 21:26:01 [@b60d4e234048]
Externo #1: Executar queuedwebhook
2026-05-02 21:28:01 [@b60d4e234048]
Externo #1: Executar queuedwebhook
2026-05-02 21:30:01 [@b60d4e234048]
Externo #1: Executar queuedwebhook
2026-05-02 21:30:01 [@b60d4e234048]
Externo #2: Executar pendingreason_autobump_autosolve
2026-05-02 21:32:01 [@b60d4e234048]
Externo #1: Executar queuedwebhook
2026-05-02 21:34:01 [@b60d4e234048]
Externo #1: Executar queuedwebhook
2026-05-02 21:36:01 [@b60d4e234048]
Externo #1: Executar queuedwebhook
2026-05-02 21:38:01 [@b60d4e234048]
Externo #1: Executar queuedwebhook
2026-05-02 21:40:01 [@b60d4e234048]
Externo #1: Executar queuedwebhook
2026-05-02 21:42:01 [@b60d4e234048]
Externo #1: Executar queuedwebhook
2026-05-02 21:44:01 [@b60d4e234048]
Externo #1: Executar queuedwebhook
2026-05-02 21:46:01 [@b60d4e234048]
Externo #1: Executar queuedwebhook
2026-05-02 21:48:01 [@b60d4e234048]
Externo #1: Executar queuedwebhook
2026-05-02 21:50:01 [@b60d4e234048]
Externo #1: Executar queuedwebhook
2026-05-02 21:52:01 [@b60d4e234048]
Externo #1: Executar queuedwebhook
2026-05-02 21:54:01 [@b60d4e234048]
Externo #1: Executar queuedwebhook
2026-05-02 21:56:01 [@b60d4e234048]
Externo #1: Executar queuedwebhook
2026-05-02 21:58:01 [@b60d4e234048]
Externo #1: Executar queuedwebhook
2026-05-02 22:00:01 [@b60d4e234048]
Externo #1: Executar queuedwebhook
2026-05-02 22:00:01 [@b60d4e234048]
Externo #2: Executar pendingreason_autobump_autosolve
2026-05-02 22:02:01 [@b60d4e234048]
Externo #1: Executar queuedwebhook
2026-05-02 22:04:01 [@b60d4e234048]
Externo #1: Executar queuedwebhook
2026-05-02 22:06:01 [@b60d4e234048]
Externo #1: Executar queuedwebhook
2026-05-02 22:08:01 [@b60d4e234048]
Externo #1: Executar queuedwebhook
2026-05-02 22:10:02 [@b60d4e234048]
Externo #1: Executar queuedwebhook
2026-05-02 22:12:02 [@b60d4e234048]
Externo #1: Executar queuedwebhook
2026-05-02 22:14:02 [@b60d4e234048]
Externo #1: Executar queuedwebhook
2026-05-02 22:16:02 [@b60d4e234048]
Externo #1: Executar queuedwebhook
2026-05-02 22:18:02 [@b60d4e234048]
Externo #1: Executar queuedwebhook
2026-05-02 22:20:02 [@b60d4e234048]
Externo #1: Executar queuedwebhook
2026-05-02 22:22:02 [@b60d4e234048]
Externo #1: Executar queuedwebhook
2026-05-02 22:24:02 [@b60d4e234048]
Externo #1: Executar queuedwebhook
2026-05-02 22:26:02 [@b60d4e234048]
Externo #1: Executar queuedwebhook
2026-05-02 22:28:02 [@b60d4e234048]
Externo #1: Executar queuedwebhook
2026-05-02 22:30:02 [@b60d4e234048]
Externo #1: Executar queuedwebhook
2026-05-02 22:30:02 [@b60d4e234048]
Externo #2: Executar pendingreason_autobump_autosolve
2026-05-02 22:32:02 [@b60d4e234048]
Externo #1: Executar queuedwebhook
2026-05-02 22:34:02 [@b60d4e234048]
Externo #1: Executar queuedwebhook
2026-05-02 22:36:02 [@b60d4e234048]
Externo #1: Executar queuedwebhook
2026-05-02 22:38:02 [@b60d4e234048]
Externo #1: Executar queuedwebhook
2026-05-02 22:40:01 [@b60d4e234048]
Externo #1: Executar queuedwebhook
2026-05-02 22:42:01 [@b60d4e234048]
Externo #1: Executar queuedwebhook
2026-05-02 22:44:01 [@b60d4e234048]
Externo #1: Executar queuedwebhook
2026-05-02 22:46:01 [@b60d4e234048]
Externo #1: Executar queuedwebhook
2026-05-02 22:48:01 [@b60d4e234048]
Externo #1: Executar queuedwebhook
2026-05-02 22:50:01 [@b60d4e234048]
Externo #1: Executar queuedwebhook
2026-05-02 22:52:01 [@b60d4e234048]
Externo #1: Executar queuedwebhook
2026-05-02 22:54:01 [@b60d4e234048]
Externo #1: Executar queuedwebhook
2026-05-02 22:56:01 [@b60d4e234048]
Externo #1: Executar queuedwebhook
2026-05-02 22:58:01 [@b60d4e234048]
Externo #1: Executar queuedwebhook
2026-05-02 23:00:01 [@b60d4e234048]
Externo #1: Executar queuedwebhook
2026-05-02 23:00:01 [@b60d4e234048]
Externo #2: Executar pendingreason_autobump_autosolve
2026-05-02 23:02:01 [@b60d4e234048]
Externo #1: Executar queuedwebhook
2026-05-02 23:04:01 [@b60d4e234048]
Externo #1: Executar queuedwebhook
2026-05-02 23:06:01 [@b60d4e234048]
Externo #1: Executar queuedwebhook
2026-05-02 23:08:01 [@b60d4e234048]
Externo #1: Executar queuedwebhook
2026-05-02 23:10:01 [@b60d4e234048]
Externo #1: Executar queuedwebhook
2026-05-02 23:12:01 [@b60d4e234048]
Externo #1: Executar queuedwebhook
2026-05-02 23:14:01 [@b60d4e234048]
Externo #1: Executar queuedwebhook
2026-05-02 23:16:01 [@b60d4e234048]
Externo #1: Executar queuedwebhook
2026-05-02 23:18:01 [@b60d4e234048]
Externo #1: Executar queuedwebhook
2026-05-02 23:20:01 [@b60d4e234048]
Externo #1: Executar queuedwebhook
2026-05-02 23:22:01 [@b60d4e234048]
Externo #1: Executar queuedwebhook
2026-05-02 23:24:01 [@b60d4e234048]
Externo #1: Executar queuedwebhook
2026-05-02 23:26:01 [@b60d4e234048]
Externo #1: Executar queuedwebhook
2026-05-02 23:28:01 [@b60d4e234048]
Externo #1: Executar queuedwebhook
2026-05-02 23:30:01 [@b60d4e234048]
Externo #1: Executar queuedwebhook
2026-05-02 23:30:01 [@b60d4e234048]
Externo #2: Executar pendingreason_autobump_autosolve
2026-05-02 23:32:01 [@b60d4e234048]
Externo #1: Executar queuedwebhook
2026-05-02 23:34:01 [@b60d4e234048]
Externo #1: Executar queuedwebhook
2026-05-02 23:36:01 [@b60d4e234048]
Externo #1: Executar queuedwebhook
2026-05-02 23:38:01 [@b60d4e234048]
Externo #1: Executar queuedwebhook
2026-05-02 23:40:01 [@b60d4e234048]
Externo #1: Executar queuedwebhook
2026-05-02 23:42:01 [@b60d4e234048]
Externo #1: Executar queuedwebhook
2026-05-02 23:44:01 [@b60d4e234048]
Externo #1: Executar queuedwebhook
2026-05-02 23:46:01 [@b60d4e234048]
Externo #1: Executar queuedwebhook
2026-05-02 23:48:01 [@b60d4e234048]
Externo #1: Executar queuedwebhook
2026-05-02 23:50:01 [@b60d4e234048]
Externo #1: Executar queuedwebhook
2026-05-02 23:52:01 [@b60d4e234048]
Externo #1: Executar queuedwebhook
2026-05-02 23:54:01 [@b60d4e234048]
Externo #1: Executar queuedwebhook
2026-05-02 23:56:01 [@b60d4e234048]
Externo #1: Executar queuedwebhook
2026-05-02 23:58:01 [@b60d4e234048]
Externo #1: Executar queuedwebhook
2026-05-03 00:00:01 [@b60d4e234048]
Externo #1: Executar queuedwebhook
2026-05-03 00:00:01 [@b60d4e234048]
Externo #2: Executar PurgeLogs
2026-05-03 00:00:01 [@b60d4e234048]
Externo #3: Executar checkAllUpdates
2026-05-03 00:00:02 [@b60d4e234048]
Externo #4: Executar cleanorphans
2026-05-03 00:00:02 [@b60d4e234048]
Externo #5: Executar pendingreason_autobump_autosolve
2026-05-03 00:02:01 [@b60d4e234048]
Externo #1: Executar queuedwebhook
2026-05-03 00:02:01 [@b60d4e234048]
Externo #2: Executar Cleanoldagents
2026-05-03 00:02:01 [@b60d4e234048]
Externo #3: Executar queuedwebhookclean
2026-05-03 00:04:01 [@b60d4e234048]
Externo #1: Executar queuedwebhook
2026-05-03 00:06:01 [@b60d4e234048]
Externo #1: Executar queuedwebhook
2026-05-03 00:08:01 [@b60d4e234048]
Externo #1: Executar queuedwebhook
2026-05-03 00:10:02 [@b60d4e234048]
Externo #1: Executar queuedwebhook
2026-05-03 00:12:02 [@b60d4e234048]
Externo #1: Executar queuedwebhook
2026-05-03 00:14:02 [@b60d4e234048]
Externo #1: Executar queuedwebhook
2026-05-03 00:16:02 [@b60d4e234048]
Externo #1: Executar queuedwebhook
2026-05-03 00:18:02 [@b60d4e234048]
Externo #1: Executar queuedwebhook
2026-05-03 00:20:02 [@b60d4e234048]
Externo #1: Executar queuedwebhook
2026-05-03 00:22:02 [@b60d4e234048]
Externo #1: Executar queuedwebhook
2026-05-03 00:24:02 [@b60d4e234048]
Externo #1: Executar queuedwebhook
2026-05-03 00:26:02 [@b60d4e234048]
Externo #1: Executar queuedwebhook
2026-05-03 00:28:02 [@b60d4e234048]
Externo #1: Executar queuedwebhook
2026-05-03 00:30:02 [@b60d4e234048]
Externo #1: Executar queuedwebhook
2026-05-03 00:30:02 [@b60d4e234048]
Externo #2: Executar pendingreason_autobump_autosolve
2026-05-03 00:32:02 [@b60d4e234048]
Externo #1: Executar queuedwebhook
2026-05-03 00:34:02 [@b60d4e234048]
Externo #1: Executar queuedwebhook
2026-05-03 00:36:02 [@b60d4e234048]
Externo #1: Executar queuedwebhook
2026-05-03 00:38:02 [@b60d4e234048]
Externo #1: Executar queuedwebhook
2026-05-03 00:40:01 [@b60d4e234048]
Externo #1: Executar queuedwebhook
2026-05-03 00:42:01 [@b60d4e234048]
Externo #1: Executar queuedwebhook
2026-05-03 00:44:01 [@b60d4e234048]
Externo #1: Executar queuedwebhook
2026-05-03 00:46:01 [@b60d4e234048]
Externo #1: Executar queuedwebhook
2026-05-03 00:48:01 [@b60d4e234048]
Externo #1: Executar queuedwebhook
2026-05-03 00:50:01 [@b60d4e234048]
Externo #1: Executar queuedwebhook
2026-05-03 00:52:01 [@b60d4e234048]
Externo #1: Executar queuedwebhook
2026-05-03 00:54:01 [@b60d4e234048]
Externo #1: Executar queuedwebhook
2026-05-03 00:56:01 [@b60d4e234048]
Externo #1: Executar queuedwebhook
2026-05-03 00:58:01 [@b60d4e234048]
Externo #1: Executar queuedwebhook
2026-05-03 01:00:01 [@b60d4e234048]
Externo #1: Executar queuedwebhook
2026-05-03 01:00:01 [@b60d4e234048]
Externo #2: Executar pendingreason_autobump_autosolve
2026-05-03 01:02:01 [@b60d4e234048]
Externo #1: Executar queuedwebhook
2026-05-03 01:04:01 [@b60d4e234048]
Externo #1: Executar queuedwebhook
2026-05-03 01:06:01 [@b60d4e234048]
Externo #1: Executar queuedwebhook
2026-05-03 01:08:01 [@b60d4e234048]
Externo #1: Executar queuedwebhook
2026-05-03 01:10:01 [@b60d4e234048]
Externo #1: Executar queuedwebhook
2026-05-03 01:12:01 [@b60d4e234048]
Externo #1: Executar queuedwebhook
2026-05-03 01:14:01 [@b60d4e234048]
Externo #1: Executar queuedwebhook
2026-05-03 01:16:01 [@b60d4e234048]
Externo #1: Executar queuedwebhook
2026-05-03 01:18:01 [@b60d4e234048]
Externo #1: Executar queuedwebhook
2026-05-03 01:20:01 [@b60d4e234048]
Externo #1: Executar queuedwebhook
2026-05-03 01:22:01 [@b60d4e234048]
Externo #1: Executar queuedwebhook
2026-05-03 01:24:01 [@b60d4e234048]
Externo #1: Executar queuedwebhook
2026-05-03 01:26:01 [@b60d4e234048]
Externo #1: Executar queuedwebhook
2026-05-03 01:28:01 [@b60d4e234048]
Externo #1: Executar queuedwebhook
2026-05-03 01:30:01 [@b60d4e234048]
Externo #1: Executar queuedwebhook
2026-05-03 01:30:01 [@b60d4e234048]
Externo #2: Executar pendingreason_autobump_autosolve
2026-05-03 01:32:01 [@b60d4e234048]
Externo #1: Executar queuedwebhook
2026-05-03 01:34:01 [@b60d4e234048]
Externo #1: Executar queuedwebhook
2026-05-03 01:36:01 [@b60d4e234048]
Externo #1: Executar queuedwebhook
2026-05-03 01:38:01 [@b60d4e234048]
Externo #1: Executar queuedwebhook
2026-05-03 01:40:01 [@b60d4e234048]
Externo #1: Executar queuedwebhook
2026-05-03 01:42:01 [@b60d4e234048]
Externo #1: Executar queuedwebhook
2026-05-03 01:44:01 [@b60d4e234048]
Externo #1: Executar queuedwebhook
2026-05-03 01:46:01 [@b60d4e234048]
Externo #1: Executar queuedwebhook
2026-05-03 01:48:01 [@b60d4e234048]
Externo #1: Executar queuedwebhook
2026-05-03 01:50:01 [@b60d4e234048]
Externo #1: Executar queuedwebhook
2026-05-03 01:52:01 [@b60d4e234048]
Externo #1: Executar queuedwebhook
2026-05-03 01:54:01 [@b60d4e234048]
Externo #1: Executar queuedwebhook
2026-05-03 01:56:01 [@b60d4e234048]
Externo #1: Executar queuedwebhook
2026-05-03 01:58:01 [@b60d4e234048]
Externo #1: Executar queuedwebhook
2026-05-03 02:00:01 [@b60d4e234048]
Externo #1: Executar queuedwebhook
2026-05-03 02:00:01 [@b60d4e234048]
Externo #2: Executar pendingreason_autobump_autosolve
2026-05-03 02:02:01 [@b60d4e234048]
Externo #1: Executar queuedwebhook
2026-05-03 02:04:01 [@b60d4e234048]
Externo #1: Executar queuedwebhook
2026-05-03 02:06:01 [@b60d4e234048]
Externo #1: Executar queuedwebhook
2026-05-03 02:08:01 [@b60d4e234048]
Externo #1: Executar queuedwebhook
2026-05-03 02:10:02 [@b60d4e234048]
Externo #1: Executar queuedwebhook
2026-05-03 02:12:02 [@b60d4e234048]
Externo #1: Executar queuedwebhook
2026-05-03 02:14:02 [@b60d4e234048]
Externo #1: Executar queuedwebhook
2026-05-03 02:16:02 [@b60d4e234048]
Externo #1: Executar queuedwebhook
2026-05-03 02:18:02 [@b60d4e234048]
Externo #1: Executar queuedwebhook
2026-05-03 02:20:02 [@b60d4e234048]
Externo #1: Executar queuedwebhook
2026-05-03 02:22:02 [@b60d4e234048]
Externo #1: Executar queuedwebhook
2026-05-03 02:24:02 [@b60d4e234048]
Externo #1: Executar queuedwebhook
2026-05-03 02:26:02 [@b60d4e234048]
Externo #1: Executar queuedwebhook
2026-05-03 02:28:02 [@b60d4e234048]
Externo #1: Executar queuedwebhook
2026-05-03 02:30:02 [@b60d4e234048]
Externo #1: Executar queuedwebhook
2026-05-03 02:30:02 [@b60d4e234048]
Externo #2: Executar pendingreason_autobump_autosolve
2026-05-03 02:32:02 [@b60d4e234048]
Externo #1: Executar queuedwebhook
2026-05-03 02:34:02 [@b60d4e234048]
Externo #1: Executar queuedwebhook
2026-05-03 02:36:02 [@b60d4e234048]
Externo #1: Executar queuedwebhook
2026-05-03 02:38:02 [@b60d4e234048]
Externo #1: Executar queuedwebhook
2026-05-03 02:40:01 [@b60d4e234048]
Externo #1: Executar queuedwebhook
2026-05-03 02:42:01 [@b60d4e234048]
Externo #1: Executar queuedwebhook
2026-05-03 02:44:01 [@b60d4e234048]
Externo #1: Executar queuedwebhook
2026-05-03 02:46:01 [@b60d4e234048]
Externo #1: Executar queuedwebhook
2026-05-03 02:48:01 [@b60d4e234048]
Externo #1: Executar queuedwebhook
2026-05-03 02:50:01 [@b60d4e234048]
Externo #1: Executar queuedwebhook
2026-05-03 02:52:01 [@b60d4e234048]
Externo #1: Executar queuedwebhook
2026-05-03 02:54:01 [@b60d4e234048]
Externo #1: Executar queuedwebhook
2026-05-03 02:56:01 [@b60d4e234048]
Externo #1: Executar queuedwebhook
2026-05-03 02:58:01 [@b60d4e234048]
Externo #1: Executar queuedwebhook
2026-05-03 03:00:01 [@b60d4e234048]
Externo #1: Executar queuedwebhook
2026-05-03 03:00:01 [@b60d4e234048]
Externo #2: Executar pendingreason_autobump_autosolve
2026-05-03 03:02:01 [@b60d4e234048]
Externo #1: Executar queuedwebhook
2026-05-03 03:04:01 [@b60d4e234048]
Externo #1: Executar queuedwebhook
2026-05-03 03:06:01 [@b60d4e234048]
Externo #1: Executar queuedwebhook
2026-05-03 03:08:01 [@b60d4e234048]
Externo #1: Executar queuedwebhook
2026-05-03 03:10:01 [@b60d4e234048]
Externo #1: Executar queuedwebhook
2026-05-03 03:12:01 [@b60d4e234048]
Externo #1: Executar queuedwebhook
2026-05-03 03:14:01 [@b60d4e234048]
Externo #1: Executar queuedwebhook
2026-05-03 03:16:01 [@b60d4e234048]
Externo #1: Executar queuedwebhook
2026-05-03 03:18:01 [@b60d4e234048]
Externo #1: Executar queuedwebhook
2026-05-03 03:20:01 [@b60d4e234048]
Externo #1: Executar queuedwebhook
2026-05-03 03:22:01 [@b60d4e234048]
Externo #1: Executar queuedwebhook
2026-05-03 03:24:01 [@b60d4e234048]
Externo #1: Executar queuedwebhook
2026-05-03 03:26:01 [@b60d4e234048]
Externo #1: Executar queuedwebhook
2026-05-03 03:28:01 [@b60d4e234048]
Externo #1: Executar queuedwebhook
2026-05-03 03:30:01 [@b60d4e234048]
Externo #1: Executar queuedwebhook
2026-05-03 03:30:01 [@b60d4e234048]
Externo #2: Executar pendingreason_autobump_autosolve
2026-05-03 03:32:01 [@b60d4e234048]
Externo #1: Executar queuedwebhook
2026-05-03 03:34:02 [@b60d4e234048]
Externo #1: Executar queuedwebhook
2026-05-03 03:36:01 [@b60d4e234048]
Externo #1: Executar queuedwebhook
2026-05-03 03:38:01 [@b60d4e234048]
Externo #1: Executar queuedwebhook
2026-05-03 03:40:02 [@b60d4e234048]
Externo #1: Executar queuedwebhook
2026-05-03 03:42:02 [@b60d4e234048]
Externo #1: Executar queuedwebhook
2026-05-03 03:44:02 [@b60d4e234048]
Externo #1: Executar queuedwebhook
2026-05-03 03:46:02 [@b60d4e234048]
Externo #1: Executar queuedwebhook
2026-05-03 03:48:02 [@b60d4e234048]
Externo #1: Executar queuedwebhook
2026-05-03 03:50:02 [@b60d4e234048]
Externo #1: Executar queuedwebhook
2026-05-03 03:52:02 [@b60d4e234048]
Externo #1: Executar queuedwebhook
2026-05-03 03:54:02 [@b60d4e234048]
Externo #1: Executar queuedwebhook
2026-05-03 03:56:02 [@b60d4e234048]
Externo #1: Executar queuedwebhook
2026-05-03 03:58:02 [@b60d4e234048]
Externo #1: Executar queuedwebhook
2026-05-03 04:00:02 [@b60d4e234048]
Externo #1: Executar queuedwebhook
2026-05-03 04:00:02 [@b60d4e234048]
Externo #2: Executar pendingreason_autobump_autosolve
2026-05-03 04:02:02 [@b60d4e234048]
Externo #1: Executar queuedwebhook
2026-05-03 04:04:02 [@b60d4e234048]
Externo #1: Executar queuedwebhook
2026-05-03 04:06:02 [@b60d4e234048]
Externo #1: Executar queuedwebhook
2026-05-03 04:08:02 [@b60d4e234048]
Externo #1: Executar queuedwebhook
2026-05-03 04:10:01 [@b60d4e234048]
Externo #1: Executar queuedwebhook
2026-05-03 04:12:01 [@b60d4e234048]
Externo #1: Executar queuedwebhook
2026-05-03 04:14:01 [@b60d4e234048]
Externo #1: Executar queuedwebhook
2026-05-03 04:16:01 [@b60d4e234048]
Externo #1: Executar queuedwebhook
2026-05-03 04:18:01 [@b60d4e234048]
Externo #1: Executar queuedwebhook
2026-05-03 04:20:01 [@b60d4e234048]
Externo #1: Executar queuedwebhook
2026-05-03 04:22:01 [@b60d4e234048]
Externo #1: Executar queuedwebhook
2026-05-03 04:24:01 [@b60d4e234048]
Externo #1: Executar queuedwebhook
2026-05-03 04:26:01 [@b60d4e234048]
Externo #1: Executar queuedwebhook
2026-05-03 04:28:01 [@b60d4e234048]
Externo #1: Executar queuedwebhook
2026-05-03 04:30:01 [@b60d4e234048]
Externo #1: Executar queuedwebhook
2026-05-03 04:30:01 [@b60d4e234048]
Externo #2: Executar pendingreason_autobump_autosolve
2026-05-03 04:32:01 [@b60d4e234048]
Externo #1: Executar queuedwebhook
2026-05-03 04:34:01 [@b60d4e234048]
Externo #1: Executar queuedwebhook
2026-05-03 04:36:01 [@b60d4e234048]
Externo #1: Executar queuedwebhook
2026-05-03 04:38:01 [@b60d4e234048]
Externo #1: Executar queuedwebhook
2026-05-03 04:40:01 [@b60d4e234048]
Externo #1: Executar queuedwebhook
2026-05-03 04:42:01 [@b60d4e234048]
Externo #1: Executar queuedwebhook
2026-05-03 04:44:01 [@b60d4e234048]
Externo #1: Executar queuedwebhook
2026-05-03 04:46:01 [@b60d4e234048]
Externo #1: Executar queuedwebhook
2026-05-03 04:48:01 [@b60d4e234048]
Externo #1: Executar queuedwebhook
2026-05-03 04:50:01 [@b60d4e234048]
Externo #1: Executar queuedwebhook
2026-05-03 04:52:01 [@b60d4e234048]
Externo #1: Executar queuedwebhook
2026-05-03 04:54:02 [@b60d4e234048]
Externo #1: Executar queuedwebhook
2026-05-03 04:56:02 [@b60d4e234048]
Externo #1: Executar queuedwebhook
2026-05-03 04:58:01 [@b60d4e234048]
Externo #1: Executar queuedwebhook
2026-05-03 05:00:01 [@b60d4e234048]
Externo #1: Executar queuedwebhook
2026-05-03 05:00:01 [@b60d4e234048]
Externo #2: Executar pendingreason_autobump_autosolve
2026-05-03 05:02:01 [@b60d4e234048]
Externo #1: Executar queuedwebhook
2026-05-03 05:04:01 [@b60d4e234048]
Externo #1: Executar queuedwebhook
2026-05-03 05:06:01 [@b60d4e234048]
Externo #1: Executar queuedwebhook
2026-05-03 05:08:01 [@b60d4e234048]
Externo #1: Executar queuedwebhook
2026-05-03 05:10:02 [@b60d4e234048]
Externo #1: Executar queuedwebhook
2026-05-03 05:12:01 [@b60d4e234048]
Externo #1: Executar queuedwebhook
2026-05-03 05:14:01 [@b60d4e234048]
Externo #1: Executar queuedwebhook
2026-05-03 05:16:01 [@b60d4e234048]
Externo #1: Executar queuedwebhook
2026-05-03 05:18:01 [@b60d4e234048]
Externo #1: Executar queuedwebhook
2026-05-03 05:20:01 [@b60d4e234048]
Externo #1: Executar queuedwebhook
2026-05-03 05:22:02 [@b60d4e234048]
Externo #1: Executar queuedwebhook
2026-05-03 05:24:01 [@b60d4e234048]
Externo #1: Executar queuedwebhook
2026-05-03 05:26:02 [@b60d4e234048]
Externo #1: Executar queuedwebhook
2026-05-03 05:28:01 [@b60d4e234048]
Externo #1: Executar queuedwebhook
2026-05-03 05:30:01 [@b60d4e234048]
Externo #1: Executar queuedwebhook
2026-05-03 05:30:01 [@b60d4e234048]
Externo #2: Executar pendingreason_autobump_autosolve
2026-05-03 05:32:01 [@b60d4e234048]
Externo #1: Executar queuedwebhook
2026-05-03 05:34:01 [@b60d4e234048]
Externo #1: Executar queuedwebhook
2026-05-03 05:36:01 [@b60d4e234048]
Externo #1: Executar queuedwebhook
2026-05-03 05:38:01 [@b60d4e234048]
Externo #1: Executar queuedwebhook
2026-05-03 05:40:02 [@b60d4e234048]
Externo #1: Executar queuedwebhook
2026-05-03 05:42:02 [@b60d4e234048]
Externo #1: Executar queuedwebhook
2026-05-03 05:44:02 [@b60d4e234048]
Externo #1: Executar queuedwebhook
2026-05-03 05:46:02 [@b60d4e234048]
Externo #1: Executar queuedwebhook
2026-05-03 05:48:02 [@b60d4e234048]
Externo #1: Executar queuedwebhook
2026-05-03 05:50:02 [@b60d4e234048]
Externo #1: Executar queuedwebhook
2026-05-03 05:52:02 [@b60d4e234048]
Externo #1: Executar queuedwebhook
2026-05-03 05:54:02 [@b60d4e234048]
Externo #1: Executar queuedwebhook
2026-05-03 05:56:02 [@b60d4e234048]
Externo #1: Executar queuedwebhook
2026-05-03 05:58:02 [@b60d4e234048]
Externo #1: Executar queuedwebhook
2026-05-03 06:00:02 [@b60d4e234048]
Externo #1: Executar queuedwebhook
2026-05-03 06:00:02 [@b60d4e234048]
Externo #2: Executar pendingreason_autobump_autosolve
2026-05-03 06:02:02 [@b60d4e234048]
Externo #1: Executar queuedwebhook
2026-05-03 06:04:02 [@b60d4e234048]
Externo #1: Executar queuedwebhook
2026-05-03 06:06:02 [@b60d4e234048]
Externo #1: Executar queuedwebhook
2026-05-03 06:08:02 [@b60d4e234048]
Externo #1: Executar queuedwebhook
2026-05-03 06:10:01 [@b60d4e234048]
Externo #1: Executar queuedwebhook
2026-05-03 06:12:01 [@b60d4e234048]
Externo #1: Executar queuedwebhook
2026-05-03 06:14:01 [@b60d4e234048]
Externo #1: Executar queuedwebhook
2026-05-03 06:16:01 [@b60d4e234048]
Externo #1: Executar queuedwebhook
2026-05-03 06:18:01 [@b60d4e234048]
Externo #1: Executar queuedwebhook
2026-05-03 06:20:01 [@b60d4e234048]
Externo #1: Executar queuedwebhook
2026-05-03 06:22:01 [@b60d4e234048]
Externo #1: Executar queuedwebhook
2026-05-03 06:24:01 [@b60d4e234048]
Externo #1: Executar queuedwebhook
2026-05-03 06:26:01 [@b60d4e234048]
Externo #1: Executar queuedwebhook
2026-05-03 06:28:01 [@b60d4e234048]
Externo #1: Executar queuedwebhook
2026-05-03 06:30:01 [@b60d4e234048]
Externo #1: Executar queuedwebhook
2026-05-03 06:30:01 [@b60d4e234048]
Externo #2: Executar pendingreason_autobump_autosolve
2026-05-03 06:32:01 [@b60d4e234048]
Externo #1: Executar queuedwebhook
2026-05-03 06:34:01 [@b60d4e234048]
Externo #1: Executar queuedwebhook
2026-05-03 06:36:01 [@b60d4e234048]
Externo #1: Executar queuedwebhook
2026-05-03 06:38:01 [@b60d4e234048]
Externo #1: Executar queuedwebhook
2026-05-03 06:40:01 [@b60d4e234048]
Externo #1: Executar queuedwebhook
2026-05-03 06:42:01 [@b60d4e234048]
Externo #1: Executar queuedwebhook
2026-05-03 06:44:01 [@b60d4e234048]
Externo #1: Executar queuedwebhook
2026-05-03 06:46:01 [@b60d4e234048]
Externo #1: Executar queuedwebhook
2026-05-03 06:48:01 [@b60d4e234048]
Externo #1: Executar queuedwebhook
2026-05-03 06:50:01 [@b60d4e234048]
Externo #1: Executar queuedwebhook
2026-05-03 06:52:01 [@b60d4e234048]
Externo #1: Executar queuedwebhook
2026-05-03 06:54:01 [@b60d4e234048]
Externo #1: Executar queuedwebhook
2026-05-03 06:56:01 [@b60d4e234048]
Externo #1: Executar queuedwebhook
2026-05-03 06:58:01 [@b60d4e234048]
Externo #1: Executar queuedwebhook
2026-05-03 07:00:01 [@b60d4e234048]
Externo #1: Executar queuedwebhook
2026-05-03 07:00:01 [@b60d4e234048]
Externo #2: Executar pendingreason_autobump_autosolve
2026-05-03 07:02:01 [@b60d4e234048]
Externo #1: Executar queuedwebhook
2026-05-03 07:04:01 [@b60d4e234048]
Externo #1: Executar queuedwebhook
2026-05-03 07:06:01 [@b60d4e234048]
Externo #1: Executar queuedwebhook
2026-05-03 07:08:01 [@b60d4e234048]
Externo #1: Executar queuedwebhook
2026-05-03 07:10:01 [@b60d4e234048]
Externo #1: Executar queuedwebhook
2026-05-03 07:12:01 [@b60d4e234048]
Externo #1: Executar queuedwebhook
2026-05-03 07:14:01 [@b60d4e234048]
Externo #1: Executar queuedwebhook
2026-05-03 07:16:01 [@b60d4e234048]
Externo #1: Executar queuedwebhook
2026-05-03 07:18:01 [@b60d4e234048]
Externo #1: Executar queuedwebhook
2026-05-03 07:20:01 [@b60d4e234048]
Externo #1: Executar queuedwebhook
2026-05-03 07:22:01 [@b60d4e234048]
Externo #1: Executar queuedwebhook
2026-05-03 07:24:01 [@b60d4e234048]
Externo #1: Executar queuedwebhook
2026-05-03 07:26:01 [@b60d4e234048]
Externo #1: Executar queuedwebhook
2026-05-03 07:28:01 [@b60d4e234048]
Externo #1: Executar queuedwebhook
2026-05-03 07:30:01 [@b60d4e234048]
Externo #1: Executar queuedwebhook
2026-05-03 07:30:01 [@b60d4e234048]
Externo #2: Executar pendingreason_autobump_autosolve
2026-05-03 07:32:01 [@b60d4e234048]
Externo #1: Executar queuedwebhook
2026-05-03 07:34:01 [@b60d4e234048]
Externo #1: Executar queuedwebhook
2026-05-03 07:36:01 [@b60d4e234048]
Externo #1: Executar queuedwebhook
2026-05-03 07:38:01 [@b60d4e234048]
Externo #1: Executar queuedwebhook
2026-05-03 07:40:02 [@b60d4e234048]
Externo #1: Executar queuedwebhook
2026-05-03 07:42:02 [@b60d4e234048]
Externo #1: Executar queuedwebhook
2026-05-03 07:44:02 [@b60d4e234048]
Externo #1: Executar queuedwebhook
2026-05-03 07:46:02 [@b60d4e234048]
Externo #1: Executar queuedwebhook
2026-05-03 07:48:02 [@b60d4e234048]
Externo #1: Executar queuedwebhook
2026-05-03 07:50:02 [@b60d4e234048]
Externo #1: Executar queuedwebhook
2026-05-03 07:52:02 [@b60d4e234048]
Externo #1: Executar queuedwebhook
2026-05-03 07:54:02 [@b60d4e234048]
Externo #1: Executar queuedwebhook
2026-05-03 07:56:02 [@b60d4e234048]
Externo #1: Executar queuedwebhook
2026-05-03 07:58:02 [@b60d4e234048]
Externo #1: Executar queuedwebhook
2026-05-03 08:00:02 [@b60d4e234048]
Externo #1: Executar queuedwebhook
2026-05-03 08:00:02 [@b60d4e234048]
Externo #2: Executar pendingreason_autobump_autosolve
2026-05-03 08:02:02 [@b60d4e234048]
Externo #1: Executar queuedwebhook
2026-05-03 08:04:02 [@b60d4e234048]
Externo #1: Executar queuedwebhook
2026-05-03 08:06:02 [@b60d4e234048]
Externo #1: Executar queuedwebhook
2026-05-03 08:08:02 [@b60d4e234048]
Externo #1: Executar queuedwebhook
2026-05-03 08:10:01 [@b60d4e234048]
Externo #1: Executar queuedwebhook
2026-05-03 08:12:01 [@b60d4e234048]
Externo #1: Executar queuedwebhook
2026-05-03 08:14:01 [@b60d4e234048]
Externo #1: Executar queuedwebhook
2026-05-03 08:16:01 [@b60d4e234048]
Externo #1: Executar queuedwebhook
2026-05-03 08:18:01 [@b60d4e234048]
Externo #1: Executar queuedwebhook
2026-05-03 08:20:01 [@b60d4e234048]
Externo #1: Executar queuedwebhook
2026-05-03 08:22:01 [@b60d4e234048]
Externo #1: Executar queuedwebhook
2026-05-03 08:24:01 [@b60d4e234048]
Externo #1: Executar queuedwebhook
2026-05-03 08:26:01 [@b60d4e234048]
Externo #1: Executar queuedwebhook
2026-05-03 08:28:01 [@b60d4e234048]
Externo #1: Executar queuedwebhook
2026-05-03 08:30:01 [@b60d4e234048]
Externo #1: Executar queuedwebhook
2026-05-03 08:30:01 [@b60d4e234048]
Externo #2: Executar DomainsAlert
2026-05-03 08:30:01 [@b60d4e234048]
Externo #3: Executar pendingreason_autobump_autosolve
2026-05-03 08:30:01 [@b60d4e234048]
Externo #4: Executar createinquest
2026-05-03 08:30:01 [@b60d4e234048]
Externo #5: Executar purgedraftforms
2026-05-03 08:32:01 [@b60d4e234048]
Externo #1: Executar queuedwebhook
2026-05-03 08:34:01 [@b60d4e234048]
Externo #1: Executar queuedwebhook
2026-05-03 08:36:01 [@b60d4e234048]
Externo #1: Executar queuedwebhook
2026-05-03 08:38:01 [@b60d4e234048]
Externo #1: Executar queuedwebhook
2026-05-03 08:40:01 [@b60d4e234048]
Externo #1: Executar queuedwebhook
2026-05-03 08:42:01 [@b60d4e234048]
Externo #1: Executar queuedwebhook
2026-05-03 08:44:01 [@b60d4e234048]
Externo #1: Executar queuedwebhook
2026-05-03 08:46:01 [@b60d4e234048]
Externo #1: Executar queuedwebhook
2026-05-03 08:48:01 [@b60d4e234048]
Externo #1: Executar queuedwebhook
2026-05-03 08:50:01 [@b60d4e234048]
Externo #1: Executar queuedwebhook
2026-05-03 08:52:01 [@b60d4e234048]
Externo #1: Executar queuedwebhook
2026-05-03 08:54:01 [@b60d4e234048]
Externo #1: Executar queuedwebhook
2026-05-03 08:56:01 [@b60d4e234048]
Externo #1: Executar queuedwebhook
2026-05-03 08:58:01 [@b60d4e234048]
Externo #1: Executar queuedwebhook
2026-05-03 09:00:01 [@b60d4e234048]
Externo #1: Executar queuedwebhook
2026-05-03 09:00:01 [@b60d4e234048]
Externo #2: Executar pendingreason_autobump_autosolve
2026-05-03 09:02:01 [@b60d4e234048]
Externo #1: Executar queuedwebhook
2026-05-03 09:04:01 [@b60d4e234048]
Externo #1: Executar queuedwebhook
2026-05-03 09:06:01 [@b60d4e234048]
Externo #1: Executar queuedwebhook
2026-05-03 09:08:01 [@b60d4e234048]
Externo #1: Executar queuedwebhook
2026-05-03 09:10:01 [@b60d4e234048]
Externo #1: Executar queuedwebhook
2026-05-03 09:12:01 [@b60d4e234048]
Externo #1: Executar queuedwebhook
2026-05-03 09:14:01 [@b60d4e234048]
Externo #1: Executar queuedwebhook
2026-05-03 09:16:01 [@b60d4e234048]
Externo #1: Executar queuedwebhook
2026-05-03 09:18:01 [@b60d4e234048]
Externo #1: Executar queuedwebhook
2026-05-03 09:20:01 [@b60d4e234048]
Externo #1: Executar queuedwebhook
2026-05-03 09:22:01 [@b60d4e234048]
Externo #1: Executar queuedwebhook
2026-05-03 09:24:01 [@b60d4e234048]
Externo #1: Executar queuedwebhook
2026-05-03 09:26:01 [@b60d4e234048]
Externo #1: Executar queuedwebhook
2026-05-03 09:28:01 [@b60d4e234048]
Externo #1: Executar queuedwebhook
2026-05-03 09:30:01 [@b60d4e234048]
Externo #1: Executar queuedwebhook
2026-05-03 09:30:01 [@b60d4e234048]
Externo #2: Executar pendingreason_autobump_autosolve
2026-05-03 09:32:01 [@b60d4e234048]
Externo #1: Executar queuedwebhook
2026-05-03 09:34:01 [@b60d4e234048]
Externo #1: Executar queuedwebhook
2026-05-03 09:36:01 [@b60d4e234048]
Externo #1: Executar queuedwebhook
2026-05-03 09:38:01 [@b60d4e234048]
Externo #1: Executar queuedwebhook
2026-05-03 09:40:02 [@b60d4e234048]
Externo #1: Executar queuedwebhook
2026-05-03 09:42:02 [@b60d4e234048]
Externo #1: Executar queuedwebhook
2026-05-03 09:44:02 [@b60d4e234048]
Externo #1: Executar queuedwebhook
2026-05-03 09:46:02 [@b60d4e234048]
Externo #1: Executar queuedwebhook
2026-05-03 09:48:02 [@b60d4e234048]
Externo #1: Executar queuedwebhook
2026-05-03 09:50:02 [@b60d4e234048]
Externo #1: Executar queuedwebhook
2026-05-03 09:52:02 [@b60d4e234048]
Externo #1: Executar queuedwebhook
2026-05-03 09:54:02 [@b60d4e234048]
Externo #1: Executar queuedwebhook
2026-05-03 09:56:02 [@b60d4e234048]
Externo #1: Executar queuedwebhook
2026-05-03 09:58:02 [@b60d4e234048]
Externo #1: Executar queuedwebhook
2026-05-03 10:00:02 [@b60d4e234048]
Externo #1: Executar queuedwebhook
2026-05-03 10:00:02 [@b60d4e234048]
Externo #2: Executar pendingreason_autobump_autosolve
2026-05-03 10:02:02 [@b60d4e234048]
Externo #1: Executar queuedwebhook
2026-05-03 10:04:02 [@b60d4e234048]
Externo #1: Executar queuedwebhook
2026-05-03 10:06:02 [@b60d4e234048]
Externo #1: Executar queuedwebhook
2026-05-03 10:08:02 [@b60d4e234048]
Externo #1: Executar queuedwebhook
2026-05-03 10:10:02 [@b60d4e234048]
Externo #1: Executar queuedwebhook
2026-05-03 10:12:02 [@b60d4e234048]
Externo #1: Executar queuedwebhook
2026-05-03 10:14:02 [@b60d4e234048]
Externo #1: Executar queuedwebhook
2026-05-03 10:16:02 [@b60d4e234048]
Externo #1: Executar queuedwebhook
2026-05-03 10:18:02 [@b60d4e234048]
Externo #1: Executar queuedwebhook
2026-05-03 10:20:02 [@b60d4e234048]
Externo #1: Executar queuedwebhook
2026-05-03 10:22:02 [@b60d4e234048]
Externo #1: Executar queuedwebhook
2026-05-03 10:24:02 [@b60d4e234048]
Externo #1: Executar queuedwebhook
2026-05-03 10:26:02 [@b60d4e234048]
Externo #1: Executar queuedwebhook
2026-05-03 10:28:02 [@b60d4e234048]
Externo #1: Executar queuedwebhook
2026-05-03 10:30:02 [@b60d4e234048]
Externo #1: Executar queuedwebhook
2026-05-03 10:30:02 [@b60d4e234048]
Externo #2: Executar pendingreason_autobump_autosolve
2026-05-03 10:32:02 [@b60d4e234048]
Externo #1: Executar queuedwebhook
2026-05-03 10:34:02 [@b60d4e234048]
Externo #1: Executar queuedwebhook
2026-05-03 10:36:02 [@b60d4e234048]
Externo #1: Executar queuedwebhook
2026-05-03 10:38:02 [@b60d4e234048]
Externo #1: Executar queuedwebhook
2026-05-03 10:40:01 [@b60d4e234048]
Externo #1: Executar queuedwebhook
2026-05-03 10:42:01 [@b60d4e234048]
Externo #1: Executar queuedwebhook
2026-05-03 10:44:01 [@b60d4e234048]
Externo #1: Executar queuedwebhook
2026-05-03 10:46:01 [@b60d4e234048]
Externo #1: Executar queuedwebhook
2026-05-03 10:48:01 [@b60d4e234048]
Externo #1: Executar queuedwebhook
2026-05-03 10:50:01 [@b60d4e234048]
Externo #1: Executar queuedwebhook
2026-05-03 10:52:01 [@b60d4e234048]
Externo #1: Executar queuedwebhook
2026-05-03 10:54:01 [@b60d4e234048]
Externo #1: Executar queuedwebhook
2026-05-03 10:56:01 [@b60d4e234048]
Externo #1: Executar queuedwebhook
2026-05-03 10:58:01 [@b60d4e234048]
Externo #1: Executar queuedwebhook
2026-05-03 11:00:01 [@b60d4e234048]
Externo #1: Executar queuedwebhook
2026-05-03 11:00:01 [@b60d4e234048]
Externo #2: Executar pendingreason_autobump_autosolve
2026-05-03 11:02:01 [@b60d4e234048]
Externo #1: Executar queuedwebhook
2026-05-03 11:04:01 [@b60d4e234048]
Externo #1: Executar queuedwebhook
2026-05-03 11:06:01 [@b60d4e234048]
Externo #1: Executar queuedwebhook
2026-05-03 11:08:01 [@b60d4e234048]
Externo #1: Executar queuedwebhook
2026-05-03 11:10:01 [@b60d4e234048]
Externo #1: Executar queuedwebhook
2026-05-03 11:12:01 [@b60d4e234048]
Externo #1: Executar queuedwebhook
2026-05-03 11:14:01 [@b60d4e234048]
Externo #1: Executar queuedwebhook
2026-05-03 11:16:01 [@b60d4e234048]
Externo #1: Executar queuedwebhook
2026-05-03 11:18:01 [@b60d4e234048]
Externo #1: Executar queuedwebhook
2026-05-03 11:20:01 [@b60d4e234048]
Externo #1: Executar queuedwebhook
2026-05-03 11:22:01 [@b60d4e234048]
Externo #1: Executar queuedwebhook
2026-05-03 11:24:01 [@b60d4e234048]
Externo #1: Executar queuedwebhook
2026-05-03 11:26:01 [@b60d4e234048]
Externo #1: Executar queuedwebhook
2026-05-03 11:28:01 [@b60d4e234048]
Externo #1: Executar queuedwebhook
2026-05-03 11:30:01 [@b60d4e234048]
Externo #1: Executar queuedwebhook
2026-05-03 11:30:01 [@b60d4e234048]
Externo #2: Executar pendingreason_autobump_autosolve
2026-05-03 11:32:01 [@b60d4e234048]
Externo #1: Executar queuedwebhook
2026-05-03 11:34:01 [@b60d4e234048]
Externo #1: Executar queuedwebhook
2026-05-03 11:36:01 [@b60d4e234048]
Externo #1: Executar queuedwebhook
2026-05-03 11:38:01 [@b60d4e234048]
Externo #1: Executar queuedwebhook
2026-05-03 11:40:01 [@b60d4e234048]
Externo #1: Executar queuedwebhook
2026-05-03 11:42:02 [@b60d4e234048]
Externo #1: Executar queuedwebhook
2026-05-03 11:44:01 [@b60d4e234048]
Externo #1: Executar queuedwebhook
2026-05-03 11:46:01 [@b60d4e234048]
Externo #1: Executar queuedwebhook
2026-05-03 11:48:01 [@b60d4e234048]
Externo #1: Executar queuedwebhook
2026-05-03 11:50:01 [@b60d4e234048]
Externo #1: Executar queuedwebhook
2026-05-03 11:52:01 [@b60d4e234048]
Externo #1: Executar queuedwebhook
2026-05-03 11:54:01 [@b60d4e234048]
Externo #1: Executar queuedwebhook
2026-05-03 11:56:01 [@b60d4e234048]
Externo #1: Executar queuedwebhook
2026-05-03 11:58:01 [@b60d4e234048]
Externo #1: Executar queuedwebhook
2026-05-03 12:00:02 [@b60d4e234048]
Externo #1: Executar queuedwebhook
2026-05-03 12:00:02 [@b60d4e234048]
Externo #2: Executar pendingreason_autobump_autosolve
2026-05-03 12:02:01 [@b60d4e234048]
Externo #1: Executar queuedwebhook
2026-05-03 12:04:01 [@b60d4e234048]
Externo #1: Executar queuedwebhook
2026-05-03 12:06:01 [@b60d4e234048]
Externo #1: Executar queuedwebhook
2026-05-03 12:08:01 [@b60d4e234048]
Externo #1: Executar queuedwebhook
2026-05-03 12:10:02 [@b60d4e234048]
Externo #1: Executar queuedwebhook
2026-05-03 12:12:02 [@b60d4e234048]
Externo #1: Executar queuedwebhook
2026-05-03 12:14:02 [@b60d4e234048]
Externo #1: Executar queuedwebhook
2026-05-03 12:16:02 [@b60d4e234048]
Externo #1: Executar queuedwebhook
2026-05-03 12:18:02 [@b60d4e234048]
Externo #1: Executar queuedwebhook
2026-05-03 12:20:02 [@b60d4e234048]
Externo #1: Executar queuedwebhook
2026-05-03 12:22:02 [@b60d4e234048]
Externo #1: Executar queuedwebhook
2026-05-03 12:24:02 [@b60d4e234048]
Externo #1: Executar queuedwebhook
2026-05-03 12:26:02 [@b60d4e234048]
Externo #1: Executar queuedwebhook
2026-05-03 12:28:02 [@b60d4e234048]
Externo #1: Executar queuedwebhook
2026-05-03 12:30:02 [@b60d4e234048]
Externo #1: Executar queuedwebhook
2026-05-03 12:30:02 [@b60d4e234048]
Externo #2: Executar pendingreason_autobump_autosolve
2026-05-03 12:32:02 [@b60d4e234048]
Externo #1: Executar queuedwebhook
2026-05-03 12:34:02 [@b60d4e234048]
Externo #1: Executar queuedwebhook
2026-05-03 12:36:02 [@b60d4e234048]
Externo #1: Executar queuedwebhook
2026-05-03 12:38:02 [@b60d4e234048]
Externo #1: Executar queuedwebhook
2026-05-03 12:40:01 [@b60d4e234048]
Externo #1: Executar queuedwebhook
2026-05-03 12:42:01 [@b60d4e234048]
Externo #1: Executar queuedwebhook
2026-05-03 12:44:01 [@b60d4e234048]
Externo #1: Executar queuedwebhook
2026-05-03 12:46:01 [@b60d4e234048]
Externo #1: Executar queuedwebhook
2026-05-03 12:48:01 [@b60d4e234048]
Externo #1: Executar queuedwebhook
2026-05-03 12:50:01 [@b60d4e234048]
Externo #1: Executar queuedwebhook
2026-05-03 12:52:01 [@b60d4e234048]
Externo #1: Executar queuedwebhook
2026-05-03 12:54:01 [@b60d4e234048]
Externo #1: Executar queuedwebhook
2026-05-03 12:56:01 [@b60d4e234048]
Externo #1: Executar queuedwebhook
2026-05-03 12:58:01 [@b60d4e234048]
Externo #1: Executar queuedwebhook
2026-05-03 13:00:01 [@b60d4e234048]
Externo #1: Executar queuedwebhook
2026-05-03 13:00:01 [@b60d4e234048]
Externo #2: Executar pendingreason_autobump_autosolve
2026-05-03 13:02:01 [@b60d4e234048]
Externo #1: Executar queuedwebhook
2026-05-03 13:04:01 [@b60d4e234048]
Externo #1: Executar queuedwebhook
2026-05-03 13:06:01 [@b60d4e234048]
Externo #1: Executar queuedwebhook
2026-05-03 13:08:01 [@b60d4e234048]
Externo #1: Executar queuedwebhook
2026-05-03 13:10:01 [@b60d4e234048]
Externo #1: Executar queuedwebhook
2026-05-03 13:12:01 [@b60d4e234048]
Externo #1: Executar queuedwebhook
2026-05-03 13:14:01 [@b60d4e234048]
Externo #1: Executar queuedwebhook
2026-05-03 13:16:01 [@b60d4e234048]
Externo #1: Executar queuedwebhook
2026-05-03 13:18:01 [@b60d4e234048]
Externo #1: Executar queuedwebhook
2026-05-03 13:20:01 [@b60d4e234048]
Externo #1: Executar queuedwebhook
2026-05-03 13:22:01 [@b60d4e234048]
Externo #1: Executar queuedwebhook
2026-05-03 13:24:01 [@b60d4e234048]
Externo #1: Executar queuedwebhook
2026-05-03 13:26:01 [@b60d4e234048]
Externo #1: Executar queuedwebhook
2026-05-03 13:28:01 [@b60d4e234048]
Externo #1: Executar queuedwebhook
2026-05-03 13:30:01 [@b60d4e234048]
Externo #1: Executar queuedwebhook
2026-05-03 13:30:01 [@b60d4e234048]
Externo #2: Executar pendingreason_autobump_autosolve
2026-05-03 13:32:01 [@b60d4e234048]
Externo #1: Executar queuedwebhook
2026-05-03 13:34:01 [@b60d4e234048]
Externo #1: Executar queuedwebhook
2026-05-03 13:36:01 [@b60d4e234048]
Externo #1: Executar queuedwebhook
2026-05-03 13:38:01 [@b60d4e234048]
Externo #1: Executar queuedwebhook
2026-05-03 13:40:01 [@b60d4e234048]
Externo #1: Executar queuedwebhook
2026-05-03 13:42:01 [@b60d4e234048]
Externo #1: Executar queuedwebhook
2026-05-03 13:44:01 [@b60d4e234048]
Externo #1: Executar queuedwebhook
2026-05-03 13:46:01 [@b60d4e234048]
Externo #1: Executar queuedwebhook
2026-05-03 13:48:01 [@b60d4e234048]
Externo #1: Executar queuedwebhook
2026-05-03 13:50:01 [@b60d4e234048]
Externo #1: Executar queuedwebhook
2026-05-03 13:52:01 [@b60d4e234048]
Externo #1: Executar queuedwebhook
2026-05-03 13:54:01 [@b60d4e234048]
Externo #1: Executar queuedwebhook
2026-05-03 13:56:01 [@b60d4e234048]
Externo #1: Executar queuedwebhook
2026-05-03 13:58:01 [@b60d4e234048]
Externo #1: Executar queuedwebhook
2026-05-03 14:00:01 [@b60d4e234048]
Externo #1: Executar queuedwebhook
2026-05-03 14:00:01 [@b60d4e234048]
Externo #2: Executar pendingreason_autobump_autosolve
2026-05-03 14:02:01 [@b60d4e234048]
Externo #1: Executar queuedwebhook
2026-05-03 14:04:01 [@b60d4e234048]
Externo #1: Executar queuedwebhook
2026-05-03 14:06:01 [@b60d4e234048]
Externo #1: Executar queuedwebhook
2026-05-03 14:08:01 [@b60d4e234048]
Externo #1: Executar queuedwebhook
2026-05-03 14:10:02 [@b60d4e234048]
Externo #1: Executar queuedwebhook
2026-05-03 14:12:02 [@b60d4e234048]
Externo #1: Executar queuedwebhook
2026-05-03 14:14:02 [@b60d4e234048]
Externo #1: Executar queuedwebhook
2026-05-03 14:16:02 [@b60d4e234048]
Externo #1: Executar queuedwebhook
2026-05-03 14:18:02 [@b60d4e234048]
Externo #1: Executar queuedwebhook
2026-05-03 14:20:02 [@b60d4e234048]
Externo #1: Executar queuedwebhook
2026-05-03 14:22:02 [@b60d4e234048]
Externo #1: Executar queuedwebhook
2026-05-03 14:24:02 [@b60d4e234048]
Externo #1: Executar queuedwebhook
2026-05-03 14:26:02 [@b60d4e234048]
Externo #1: Executar queuedwebhook
2026-05-03 14:28:02 [@b60d4e234048]
Externo #1: Executar queuedwebhook
2026-05-03 14:30:02 [@b60d4e234048]
Externo #1: Executar queuedwebhook
2026-05-03 14:30:02 [@b60d4e234048]
Externo #2: Executar pendingreason_autobump_autosolve
2026-05-03 14:32:02 [@b60d4e234048]
Externo #1: Executar queuedwebhook
2026-05-03 14:34:02 [@b60d4e234048]
Externo #1: Executar queuedwebhook
2026-05-03 14:36:02 [@b60d4e234048]
Externo #1: Executar queuedwebhook
2026-05-03 14:38:02 [@b60d4e234048]
Externo #1: Executar queuedwebhook
2026-05-03 14:40:01 [@b60d4e234048]
Externo #1: Executar queuedwebhook
2026-05-03 14:42:01 [@b60d4e234048]
Externo #1: Executar queuedwebhook
2026-05-03 14:44:01 [@b60d4e234048]
Externo #1: Executar queuedwebhook
2026-05-03 14:46:01 [@b60d4e234048]
Externo #1: Executar queuedwebhook
2026-05-03 14:48:01 [@b60d4e234048]
Externo #1: Executar queuedwebhook
2026-05-03 14:50:01 [@b60d4e234048]
Externo #1: Executar queuedwebhook
2026-05-03 14:52:01 [@b60d4e234048]
Externo #1: Executar queuedwebhook
2026-05-03 14:54:01 [@b60d4e234048]
Externo #1: Executar queuedwebhook
2026-05-03 14:56:01 [@b60d4e234048]
Externo #1: Executar queuedwebhook
2026-05-03 14:58:01 [@b60d4e234048]
Externo #1: Executar queuedwebhook
2026-05-03 15:00:01 [@b60d4e234048]
Externo #1: Executar queuedwebhook
2026-05-03 15:00:01 [@b60d4e234048]
Externo #2: Executar pendingreason_autobump_autosolve
2026-05-03 15:02:01 [@b60d4e234048]
Externo #1: Executar queuedwebhook
2026-05-03 15:04:01 [@b60d4e234048]
Externo #1: Executar queuedwebhook
2026-05-03 15:06:01 [@b60d4e234048]
Externo #1: Executar queuedwebhook
2026-05-03 15:08:01 [@b60d4e234048]
Externo #1: Executar queuedwebhook
2026-05-03 15:10:01 [@b60d4e234048]
Externo #1: Executar queuedwebhook
2026-05-03 15:12:01 [@b60d4e234048]
Externo #1: Executar queuedwebhook
2026-05-03 15:14:01 [@b60d4e234048]
Externo #1: Executar queuedwebhook
2026-05-03 15:16:01 [@b60d4e234048]
Externo #1: Executar queuedwebhook
2026-05-03 15:18:01 [@b60d4e234048]
Externo #1: Executar queuedwebhook
2026-05-03 15:20:01 [@b60d4e234048]
Externo #1: Executar queuedwebhook
2026-05-03 15:22:01 [@b60d4e234048]
Externo #1: Executar queuedwebhook
2026-05-03 15:24:01 [@b60d4e234048]
Externo #1: Executar queuedwebhook
2026-05-03 15:26:01 [@b60d4e234048]
Externo #1: Executar queuedwebhook
2026-05-03 15:28:01 [@b60d4e234048]
Externo #1: Executar queuedwebhook
2026-05-03 15:30:01 [@b60d4e234048]
Externo #1: Executar queuedwebhook
2026-05-03 15:30:01 [@b60d4e234048]
Externo #2: Executar pendingreason_autobump_autosolve
2026-05-03 15:32:01 [@b60d4e234048]
Externo #1: Executar queuedwebhook
2026-05-03 15:34:01 [@b60d4e234048]
Externo #1: Executar queuedwebhook
2026-05-03 15:36:01 [@b60d4e234048]
Externo #1: Executar queuedwebhook
2026-05-03 15:38:01 [@b60d4e234048]
Externo #1: Executar queuedwebhook
2026-05-03 15:40:01 [@b60d4e234048]
Externo #1: Executar queuedwebhook
2026-05-03 15:42:01 [@b60d4e234048]
Externo #1: Executar queuedwebhook
2026-05-03 15:44:01 [@b60d4e234048]
Externo #1: Executar queuedwebhook
2026-05-03 15:46:01 [@b60d4e234048]
Externo #1: Executar queuedwebhook
2026-05-03 15:48:01 [@b60d4e234048]
Externo #1: Executar queuedwebhook
2026-05-03 15:50:01 [@b60d4e234048]
Externo #1: Executar queuedwebhook
2026-05-03 15:52:01 [@b60d4e234048]
Externo #1: Executar queuedwebhook
2026-05-03 15:54:01 [@b60d4e234048]
Externo #1: Executar queuedwebhook
2026-05-03 15:56:01 [@b60d4e234048]
Externo #1: Executar queuedwebhook
2026-05-03 15:58:01 [@b60d4e234048]
Externo #1: Executar queuedwebhook
2026-05-03 16:00:01 [@b60d4e234048]
Externo #1: Executar queuedwebhook
2026-05-03 16:00:01 [@b60d4e234048]
Externo #2: Executar pendingreason_autobump_autosolve
2026-05-03 16:02:01 [@b60d4e234048]
Externo #1: Executar queuedwebhook
2026-05-03 16:04:01 [@b60d4e234048]
Externo #1: Executar queuedwebhook
2026-05-03 16:06:01 [@b60d4e234048]
Externo #1: Executar queuedwebhook
2026-05-03 16:08:01 [@b60d4e234048]
Externo #1: Executar queuedwebhook
2026-05-03 16:10:02 [@b60d4e234048]
Externo #1: Executar queuedwebhook
2026-05-03 16:12:02 [@b60d4e234048]
Externo #1: Executar queuedwebhook
2026-05-03 16:14:02 [@b60d4e234048]
Externo #1: Executar queuedwebhook
2026-05-03 16:16:02 [@b60d4e234048]
Externo #1: Executar queuedwebhook
2026-05-03 16:18:02 [@b60d4e234048]
Externo #1: Executar queuedwebhook
2026-05-03 16:20:02 [@b60d4e234048]
Externo #1: Executar queuedwebhook
2026-05-03 16:22:02 [@b60d4e234048]
Externo #1: Executar queuedwebhook
2026-05-03 16:24:02 [@b60d4e234048]
Externo #1: Executar queuedwebhook
2026-05-03 16:26:02 [@b60d4e234048]
Externo #1: Executar queuedwebhook
2026-05-03 16:28:02 [@b60d4e234048]
Externo #1: Executar queuedwebhook
2026-05-03 16:30:02 [@b60d4e234048]
Externo #1: Executar queuedwebhook
2026-05-03 16:30:02 [@b60d4e234048]
Externo #2: Executar pendingreason_autobump_autosolve
2026-05-03 16:32:02 [@b60d4e234048]
Externo #1: Executar queuedwebhook
2026-05-03 16:34:02 [@b60d4e234048]
Externo #1: Executar queuedwebhook
2026-05-03 16:36:02 [@b60d4e234048]
Externo #1: Executar queuedwebhook
2026-05-03 16:38:02 [@b60d4e234048]
Externo #1: Executar queuedwebhook
2026-05-03 16:40:01 [@b60d4e234048]
Externo #1: Executar queuedwebhook
2026-05-03 16:42:01 [@b60d4e234048]
Externo #1: Executar queuedwebhook
2026-05-03 16:44:01 [@b60d4e234048]
Externo #1: Executar queuedwebhook
2026-05-03 16:46:01 [@b60d4e234048]
Externo #1: Executar queuedwebhook
2026-05-03 16:48:01 [@b60d4e234048]
Externo #1: Executar queuedwebhook
2026-05-03 16:50:01 [@b60d4e234048]
Externo #1: Executar queuedwebhook
2026-05-03 16:52:01 [@b60d4e234048]
Externo #1: Executar queuedwebhook
2026-05-03 16:54:01 [@b60d4e234048]
Externo #1: Executar queuedwebhook
2026-05-03 16:56:01 [@b60d4e234048]
Externo #1: Executar queuedwebhook
2026-05-03 16:58:01 [@b60d4e234048]
Externo #1: Executar queuedwebhook
2026-05-03 17:00:01 [@b60d4e234048]
Externo #1: Executar queuedwebhook
2026-05-03 17:00:01 [@b60d4e234048]
Externo #2: Executar pendingreason_autobump_autosolve
2026-05-03 17:02:01 [@b60d4e234048]
Externo #1: Executar queuedwebhook
2026-05-03 17:04:01 [@b60d4e234048]
Externo #1: Executar queuedwebhook
2026-05-03 17:06:01 [@b60d4e234048]
Externo #1: Executar queuedwebhook
2026-05-03 17:08:01 [@b60d4e234048]
Externo #1: Executar queuedwebhook
2026-05-03 17:10:01 [@b60d4e234048]
Externo #1: Executar queuedwebhook
2026-05-03 17:12:01 [@b60d4e234048]
Externo #1: Executar queuedwebhook
2026-05-03 17:14:01 [@b60d4e234048]
Externo #1: Executar queuedwebhook
2026-05-03 17:16:01 [@b60d4e234048]
Externo #1: Executar queuedwebhook
2026-05-03 17:18:01 [@b60d4e234048]
Externo #1: Executar queuedwebhook
2026-05-03 17:20:01 [@b60d4e234048]
Externo #1: Executar queuedwebhook
2026-05-03 17:22:01 [@b60d4e234048]
Externo #1: Executar queuedwebhook
2026-05-03 17:24:01 [@b60d4e234048]
Externo #1: Executar queuedwebhook
2026-05-03 17:26:01 [@b60d4e234048]
Externo #1: Executar queuedwebhook
2026-05-03 17:28:01 [@b60d4e234048]
Externo #1: Executar queuedwebhook
2026-05-03 17:30:01 [@b60d4e234048]
Externo #1: Executar queuedwebhook
2026-05-03 17:30:01 [@b60d4e234048]
Externo #2: Executar pendingreason_autobump_autosolve
2026-05-03 17:32:01 [@b60d4e234048]
Externo #1: Executar queuedwebhook
2026-05-03 17:34:01 [@b60d4e234048]
Externo #1: Executar queuedwebhook
2026-05-03 17:36:01 [@b60d4e234048]
Externo #1: Executar queuedwebhook
2026-05-03 17:38:01 [@b60d4e234048]
Externo #1: Executar queuedwebhook
2026-05-03 17:40:01 [@b60d4e234048]
Externo #1: Executar queuedwebhook
2026-05-03 17:42:01 [@b60d4e234048]
Externo #1: Executar queuedwebhook
2026-05-03 17:44:01 [@b60d4e234048]
Externo #1: Executar queuedwebhook
2026-05-03 17:46:01 [@b60d4e234048]
Externo #1: Executar queuedwebhook
2026-05-03 17:48:01 [@b60d4e234048]
Externo #1: Executar queuedwebhook
2026-05-03 17:50:01 [@b60d4e234048]
Externo #1: Executar queuedwebhook
2026-05-03 17:52:01 [@b60d4e234048]
Externo #1: Executar queuedwebhook
2026-05-03 17:54:01 [@b60d4e234048]
Externo #1: Executar queuedwebhook
2026-05-03 17:56:01 [@b60d4e234048]
Externo #1: Executar queuedwebhook
2026-05-03 17:58:01 [@b60d4e234048]
Externo #1: Executar queuedwebhook
2026-05-03 18:00:01 [@b60d4e234048]
Externo #1: Executar queuedwebhook
2026-05-03 18:00:01 [@b60d4e234048]
Externo #2: Executar pendingreason_autobump_autosolve
2026-05-03 18:02:01 [@b60d4e234048]
Externo #1: Executar queuedwebhook
2026-05-03 18:04:01 [@b60d4e234048]
Externo #1: Executar queuedwebhook
2026-05-03 18:06:01 [@b60d4e234048]
Externo #1: Executar queuedwebhook
2026-05-03 18:08:01 [@b60d4e234048]
Externo #1: Executar queuedwebhook
2026-05-03 18:10:02 [@b60d4e234048]
Externo #1: Executar queuedwebhook
2026-05-03 18:12:01 [@b60d4e234048]
Externo #1: Executar queuedwebhook
2026-05-03 18:14:01 [@b60d4e234048]
Externo #1: Executar queuedwebhook
2026-05-03 18:16:01 [@b60d4e234048]
Externo #1: Executar queuedwebhook
2026-05-03 18:18:02 [@b60d4e234048]
Externo #1: Executar queuedwebhook
2026-05-03 18:20:01 [@b60d4e234048]
Externo #1: Executar queuedwebhook
2026-05-03 18:22:01 [@b60d4e234048]
Externo #1: Executar queuedwebhook
2026-05-03 18:24:02 [@b60d4e234048]
Externo #1: Executar queuedwebhook
2026-05-03 18:26:01 [@b60d4e234048]
Externo #1: Executar queuedwebhook
2026-05-03 18:28:02 [@b60d4e234048]
Externo #1: Executar queuedwebhook
2026-05-03 18:30:01 [@b60d4e234048]
Externo #1: Executar queuedwebhook
2026-05-03 18:30:02 [@b60d4e234048]
Externo #2: Executar pendingreason_autobump_autosolve
2026-05-03 18:32:01 [@b60d4e234048]
Externo #1: Executar queuedwebhook
2026-05-03 18:34:01 [@b60d4e234048]
Externo #1: Executar queuedwebhook
2026-05-03 18:36:01 [@b60d4e234048]
Externo #1: Executar queuedwebhook
2026-05-03 18:38:01 [@b60d4e234048]
Externo #1: Executar queuedwebhook
2026-05-03 18:40:02 [@b60d4e234048]
Externo #1: Executar queuedwebhook
2026-05-03 18:42:02 [@b60d4e234048]
Externo #1: Executar queuedwebhook
2026-05-03 18:44:02 [@b60d4e234048]
Externo #1: Executar queuedwebhook
2026-05-03 18:46:02 [@b60d4e234048]
Externo #1: Executar queuedwebhook
2026-05-03 18:48:02 [@b60d4e234048]
Externo #1: Executar queuedwebhook
2026-05-03 18:50:02 [@b60d4e234048]
Externo #1: Executar queuedwebhook
2026-05-03 18:52:02 [@b60d4e234048]
Externo #1: Executar queuedwebhook
2026-05-03 18:54:02 [@b60d4e234048]
Externo #1: Executar queuedwebhook
2026-05-03 18:56:02 [@b60d4e234048]
Externo #1: Executar queuedwebhook
2026-05-03 18:58:02 [@b60d4e234048]
Externo #1: Executar queuedwebhook
2026-05-03 19:00:02 [@b60d4e234048]
Externo #1: Executar queuedwebhook
2026-05-03 19:00:02 [@b60d4e234048]
Externo #2: Executar pendingreason_autobump_autosolve
2026-05-03 19:02:02 [@b60d4e234048]
Externo #1: Executar queuedwebhook
2026-05-03 19:04:02 [@b60d4e234048]
Externo #1: Executar queuedwebhook
2026-05-03 19:06:02 [@b60d4e234048]
Externo #1: Executar queuedwebhook
2026-05-03 19:08:02 [@b60d4e234048]
Externo #1: Executar queuedwebhook
2026-05-03 19:10:01 [@b60d4e234048]
Externo #1: Executar queuedwebhook
2026-05-03 19:12:01 [@b60d4e234048]
Externo #1: Executar queuedwebhook
2026-05-03 19:14:01 [@b60d4e234048]
Externo #1: Executar queuedwebhook
2026-05-03 19:16:01 [@b60d4e234048]
Externo #1: Executar queuedwebhook
2026-05-03 19:18:01 [@b60d4e234048]
Externo #1: Executar queuedwebhook
2026-05-03 19:20:01 [@b60d4e234048]
Externo #1: Executar queuedwebhook
2026-05-03 19:22:01 [@b60d4e234048]
Externo #1: Executar queuedwebhook
2026-05-03 19:24:01 [@b60d4e234048]
Externo #1: Executar queuedwebhook
2026-05-03 19:26:01 [@b60d4e234048]
Externo #1: Executar queuedwebhook
2026-05-03 19:28:01 [@b60d4e234048]
Externo #1: Executar queuedwebhook
2026-05-03 19:30:01 [@b60d4e234048]
Externo #1: Executar queuedwebhook
2026-05-03 19:30:01 [@b60d4e234048]
Externo #2: Executar pendingreason_autobump_autosolve
2026-05-03 19:32:01 [@b60d4e234048]
Externo #1: Executar queuedwebhook
2026-05-03 19:34:01 [@b60d4e234048]
Externo #1: Executar queuedwebhook
2026-05-03 19:36:01 [@b60d4e234048]
Externo #1: Executar queuedwebhook
2026-05-03 19:38:01 [@b60d4e234048]
Externo #1: Executar queuedwebhook
2026-05-03 19:40:01 [@b60d4e234048]
Externo #1: Executar queuedwebhook
2026-05-03 19:42:01 [@b60d4e234048]
Externo #1: Executar queuedwebhook
2026-05-03 19:44:01 [@b60d4e234048]
Externo #1: Executar queuedwebhook
2026-05-03 19:46:01 [@b60d4e234048]
Externo #1: Executar queuedwebhook
2026-05-03 19:48:01 [@b60d4e234048]
Externo #1: Executar queuedwebhook
2026-05-03 19:50:01 [@b60d4e234048]
Externo #1: Executar queuedwebhook
2026-05-03 19:52:01 [@b60d4e234048]
Externo #1: Executar queuedwebhook
2026-05-03 19:54:01 [@b60d4e234048]
Externo #1: Executar queuedwebhook
2026-05-03 19:56:01 [@b60d4e234048]
Externo #1: Executar queuedwebhook
2026-05-03 19:58:01 [@b60d4e234048]
Externo #1: Executar queuedwebhook
2026-05-03 20:00:01 [@b60d4e234048]
Externo #1: Executar queuedwebhook
2026-05-03 20:00:01 [@b60d4e234048]
Externo #2: Executar pendingreason_autobump_autosolve
2026-05-03 20:02:01 [@b60d4e234048]
Externo #1: Executar queuedwebhook
2026-05-03 20:04:01 [@b60d4e234048]
Externo #1: Executar queuedwebhook
2026-05-03 20:06:01 [@b60d4e234048]
Externo #1: Executar queuedwebhook
2026-05-03 20:08:01 [@b60d4e234048]
Externo #1: Executar queuedwebhook
2026-05-03 20:10:01 [@b60d4e234048]
Externo #1: Executar queuedwebhook
2026-05-03 20:12:01 [@b60d4e234048]
Externo #1: Executar queuedwebhook
2026-05-03 20:14:01 [@b60d4e234048]
Externo #1: Executar queuedwebhook
2026-05-03 20:16:01 [@b60d4e234048]
Externo #1: Executar queuedwebhook
2026-05-03 20:18:01 [@b60d4e234048]
Externo #1: Executar queuedwebhook
2026-05-03 20:20:01 [@b60d4e234048]
Externo #1: Executar queuedwebhook
2026-05-03 20:22:01 [@b60d4e234048]
Externo #1: Executar queuedwebhook
2026-05-03 20:24:01 [@b60d4e234048]
Externo #1: Executar queuedwebhook
2026-05-03 20:26:01 [@b60d4e234048]
Externo #1: Executar queuedwebhook
2026-05-03 20:28:01 [@b60d4e234048]
Externo #1: Executar queuedwebhook
2026-05-03 20:30:01 [@b60d4e234048]
Externo #1: Executar queuedwebhook
2026-05-03 20:30:01 [@b60d4e234048]
Externo #2: Executar pendingreason_autobump_autosolve
2026-05-03 20:32:01 [@b60d4e234048]
Externo #1: Executar queuedwebhook
2026-05-03 20:34:01 [@b60d4e234048]
Externo #1: Executar queuedwebhook
2026-05-03 20:36:01 [@b60d4e234048]
Externo #1: Executar queuedwebhook
2026-05-03 20:38:01 [@b60d4e234048]
Externo #1: Executar queuedwebhook
2026-05-03 20:40:02 [@b60d4e234048]
Externo #1: Executar queuedwebhook
2026-05-03 20:42:02 [@b60d4e234048]
Externo #1: Executar queuedwebhook
2026-05-03 20:44:02 [@b60d4e234048]
Externo #1: Executar queuedwebhook
2026-05-03 20:46:02 [@b60d4e234048]
Externo #1: Executar queuedwebhook
2026-05-03 20:48:02 [@b60d4e234048]
Externo #1: Executar queuedwebhook
2026-05-03 20:50:02 [@b60d4e234048]
Externo #1: Executar queuedwebhook
2026-05-03 20:52:02 [@b60d4e234048]
Externo #1: Executar queuedwebhook
2026-05-03 20:54:02 [@b60d4e234048]
Externo #1: Executar queuedwebhook
2026-05-03 20:56:02 [@b60d4e234048]
Externo #1: Executar queuedwebhook
2026-05-03 20:58:02 [@b60d4e234048]
Externo #1: Executar queuedwebhook
2026-05-03 21:00:02 [@b60d4e234048]
Externo #1: Executar queuedwebhook
2026-05-03 21:00:02 [@b60d4e234048]
Externo #2: Executar pendingreason_autobump_autosolve
2026-05-03 21:02:02 [@b60d4e234048]
Externo #1: Executar queuedwebhook
2026-05-03 21:04:02 [@b60d4e234048]
Externo #1: Executar queuedwebhook
2026-05-03 21:06:02 [@b60d4e234048]
Externo #1: Executar queuedwebhook
2026-05-03 21:08:02 [@b60d4e234048]
Externo #1: Executar queuedwebhook
2026-05-03 21:10:01 [@b60d4e234048]
Externo #1: Executar queuedwebhook
2026-05-03 21:12:01 [@b60d4e234048]
Externo #1: Executar queuedwebhook
2026-05-03 21:14:01 [@b60d4e234048]
Externo #1: Executar queuedwebhook
2026-05-03 21:16:01 [@b60d4e234048]
Externo #1: Executar queuedwebhook
2026-05-03 21:18:01 [@b60d4e234048]
Externo #1: Executar queuedwebhook
2026-05-03 21:20:01 [@b60d4e234048]
Externo #1: Executar queuedwebhook
2026-05-03 21:22:01 [@b60d4e234048]
Externo #1: Executar queuedwebhook
2026-05-03 21:24:01 [@b60d4e234048]
Externo #1: Executar queuedwebhook
2026-05-03 21:26:01 [@b60d4e234048]
Externo #1: Executar queuedwebhook
2026-05-03 21:28:01 [@b60d4e234048]
Externo #1: Executar queuedwebhook
2026-05-03 21:30:01 [@b60d4e234048]
Externo #1: Executar queuedwebhook
2026-05-03 21:30:01 [@b60d4e234048]
Externo #2: Executar pendingreason_autobump_autosolve
2026-05-03 21:32:01 [@b60d4e234048]
Externo #1: Executar queuedwebhook
2026-05-03 21:34:01 [@b60d4e234048]
Externo #1: Executar queuedwebhook
2026-05-03 21:36:01 [@b60d4e234048]
Externo #1: Executar queuedwebhook
2026-05-03 21:38:01 [@b60d4e234048]
Externo #1: Executar queuedwebhook
2026-05-03 21:40:01 [@b60d4e234048]
Externo #1: Executar queuedwebhook
2026-05-03 21:42:01 [@b60d4e234048]
Externo #1: Executar queuedwebhook
2026-05-03 21:44:01 [@b60d4e234048]
Externo #1: Executar queuedwebhook
2026-05-03 21:46:01 [@b60d4e234048]
Externo #1: Executar queuedwebhook
2026-05-03 21:48:01 [@b60d4e234048]
Externo #1: Executar queuedwebhook
2026-05-03 21:50:01 [@b60d4e234048]
Externo #1: Executar queuedwebhook
2026-05-03 21:52:01 [@b60d4e234048]
Externo #1: Executar queuedwebhook
2026-05-03 21:54:01 [@b60d4e234048]
Externo #1: Executar queuedwebhook
2026-05-03 21:56:01 [@b60d4e234048]
Externo #1: Executar queuedwebhook
2026-05-03 21:58:01 [@b60d4e234048]
Externo #1: Executar queuedwebhook
2026-05-03 22:00:01 [@b60d4e234048]
Externo #1: Executar queuedwebhook
2026-05-03 22:00:01 [@b60d4e234048]
Externo #2: Executar pendingreason_autobump_autosolve
2026-05-03 22:02:01 [@b60d4e234048]
Externo #1: Executar queuedwebhook
2026-05-03 22:04:01 [@b60d4e234048]
Externo #1: Executar queuedwebhook
2026-05-03 22:06:01 [@b60d4e234048]
Externo #1: Executar queuedwebhook
2026-05-03 22:08:01 [@b60d4e234048]
Externo #1: Executar queuedwebhook
2026-05-03 22:10:01 [@b60d4e234048]
Externo #1: Executar queuedwebhook
2026-05-03 22:12:01 [@b60d4e234048]
Externo #1: Executar queuedwebhook
2026-05-03 22:14:01 [@b60d4e234048]
Externo #1: Executar queuedwebhook
2026-05-03 22:16:01 [@b60d4e234048]
Externo #1: Executar queuedwebhook
2026-05-03 22:18:01 [@b60d4e234048]
Externo #1: Executar queuedwebhook
2026-05-03 22:20:01 [@b60d4e234048]
Externo #1: Executar queuedwebhook
2026-05-03 22:22:01 [@b60d4e234048]
Externo #1: Executar queuedwebhook
2026-05-03 22:24:01 [@b60d4e234048]
Externo #1: Executar queuedwebhook
2026-05-03 22:26:01 [@b60d4e234048]
Externo #1: Executar queuedwebhook
2026-05-03 22:28:01 [@b60d4e234048]
Externo #1: Executar queuedwebhook
2026-05-03 22:30:01 [@b60d4e234048]
Externo #1: Executar queuedwebhook
2026-05-03 22:30:01 [@b60d4e234048]
Externo #2: Executar pendingreason_autobump_autosolve
2026-05-03 22:32:01 [@b60d4e234048]
Externo #1: Executar queuedwebhook
2026-05-03 22:34:01 [@b60d4e234048]
Externo #1: Executar queuedwebhook
2026-05-03 22:36:01 [@b60d4e234048]
Externo #1: Executar queuedwebhook
2026-05-03 22:38:01 [@b60d4e234048]
Externo #1: Executar queuedwebhook
2026-05-03 22:40:02 [@b60d4e234048]
Externo #1: Executar queuedwebhook
2026-05-03 22:42:02 [@b60d4e234048]
Externo #1: Executar queuedwebhook
2026-05-03 22:44:02 [@b60d4e234048]
Externo #1: Executar queuedwebhook
2026-05-03 22:46:02 [@b60d4e234048]
Externo #1: Executar queuedwebhook
2026-05-03 22:48:02 [@b60d4e234048]
Externo #1: Executar queuedwebhook
2026-05-03 22:50:02 [@b60d4e234048]
Externo #1: Executar queuedwebhook
2026-05-03 22:52:02 [@b60d4e234048]
Externo #1: Executar queuedwebhook
2026-05-03 22:54:02 [@b60d4e234048]
Externo #1: Executar queuedwebhook
2026-05-03 22:56:02 [@b60d4e234048]
Externo #1: Executar queuedwebhook
2026-05-03 22:58:02 [@b60d4e234048]
Externo #1: Executar queuedwebhook
2026-05-03 23:00:02 [@b60d4e234048]
Externo #1: Executar queuedwebhook
2026-05-03 23:00:02 [@b60d4e234048]
Externo #2: Executar pendingreason_autobump_autosolve
2026-05-03 23:02:02 [@b60d4e234048]
Externo #1: Executar queuedwebhook
2026-05-03 23:04:02 [@b60d4e234048]
Externo #1: Executar queuedwebhook
2026-05-03 23:06:02 [@b60d4e234048]
Externo #1: Executar queuedwebhook
2026-05-03 23:08:02 [@b60d4e234048]
Externo #1: Executar queuedwebhook
2026-05-03 23:10:01 [@b60d4e234048]
Externo #1: Executar queuedwebhook
2026-05-03 23:12:01 [@b60d4e234048]
Externo #1: Executar queuedwebhook
2026-05-03 23:14:01 [@b60d4e234048]
Externo #1: Executar queuedwebhook
2026-05-03 23:16:01 [@b60d4e234048]
Externo #1: Executar queuedwebhook
2026-05-03 23:18:01 [@b60d4e234048]
Externo #1: Executar queuedwebhook
2026-05-03 23:20:01 [@b60d4e234048]
Externo #1: Executar queuedwebhook
2026-05-03 23:22:01 [@b60d4e234048]
Externo #1: Executar queuedwebhook
2026-05-03 23:24:01 [@b60d4e234048]
Externo #1: Executar queuedwebhook
2026-05-03 23:26:01 [@b60d4e234048]
Externo #1: Executar queuedwebhook
2026-05-03 23:28:01 [@b60d4e234048]
Externo #1: Executar queuedwebhook
2026-05-03 23:30:01 [@b60d4e234048]
Externo #1: Executar queuedwebhook
2026-05-03 23:30:01 [@b60d4e234048]
Externo #2: Executar pendingreason_autobump_autosolve
2026-05-03 23:32:01 [@b60d4e234048]
Externo #1: Executar queuedwebhook
2026-05-03 23:34:01 [@b60d4e234048]
Externo #1: Executar queuedwebhook
2026-05-03 23:36:01 [@b60d4e234048]
Externo #1: Executar queuedwebhook
2026-05-03 23:38:01 [@b60d4e234048]
Externo #1: Executar queuedwebhook
2026-05-03 23:40:01 [@b60d4e234048]
Externo #1: Executar queuedwebhook
2026-05-03 23:42:01 [@b60d4e234048]
Externo #1: Executar queuedwebhook
2026-05-03 23:44:01 [@b60d4e234048]
Externo #1: Executar queuedwebhook
2026-05-03 23:46:01 [@b60d4e234048]
Externo #1: Executar queuedwebhook
2026-05-03 23:48:01 [@b60d4e234048]
Externo #1: Executar queuedwebhook
2026-05-03 23:50:01 [@b60d4e234048]
Externo #1: Executar queuedwebhook
2026-05-03 23:52:01 [@b60d4e234048]
Externo #1: Executar queuedwebhook
2026-05-03 23:54:01 [@b60d4e234048]
Externo #1: Executar queuedwebhook
2026-05-03 23:56:01 [@b60d4e234048]
Externo #1: Executar queuedwebhook
2026-05-03 23:58:01 [@b60d4e234048]
Externo #1: Executar queuedwebhook
2026-05-04 00:00:01 [@b60d4e234048]
Externo #1: Executar queuedwebhook
2026-05-04 00:00:01 [@b60d4e234048]
Externo #2: Executar PurgeLogs
2026-05-04 00:00:01 [@b60d4e234048]
Externo #3: Executar checkAllUpdates
2026-05-04 00:00:01 [@b60d4e234048]
Externo #4: Executar cleanorphans
2026-05-04 00:00:01 [@b60d4e234048]
Externo #5: Executar pendingreason_autobump_autosolve
2026-05-04 00:02:01 [@b60d4e234048]
Externo #1: Executar queuedwebhook
2026-05-04 00:02:01 [@b60d4e234048]
Externo #2: Executar Cleanoldagents
2026-05-04 00:02:01 [@b60d4e234048]
Externo #3: Executar queuedwebhookclean
2026-05-04 00:04:01 [@b60d4e234048]
Externo #1: Executar queuedwebhook
2026-05-04 00:06:01 [@b60d4e234048]
Externo #1: Executar queuedwebhook
2026-05-04 00:08:01 [@b60d4e234048]
Externo #1: Executar queuedwebhook
2026-05-04 00:10:01 [@b60d4e234048]
Externo #1: Executar queuedwebhook
2026-05-04 00:12:01 [@b60d4e234048]
Externo #1: Executar queuedwebhook
2026-05-04 00:14:01 [@b60d4e234048]
Externo #1: Executar queuedwebhook
2026-05-04 00:16:01 [@b60d4e234048]
Externo #1: Executar queuedwebhook
2026-05-04 00:18:01 [@b60d4e234048]
Externo #1: Executar queuedwebhook
2026-05-04 00:20:01 [@b60d4e234048]
Externo #1: Executar queuedwebhook
2026-05-04 00:22:01 [@b60d4e234048]
Externo #1: Executar queuedwebhook
2026-05-04 00:24:01 [@b60d4e234048]
Externo #1: Executar queuedwebhook
2026-05-04 00:26:01 [@b60d4e234048]
Externo #1: Executar queuedwebhook
2026-05-04 00:28:01 [@b60d4e234048]
Externo #1: Executar queuedwebhook
2026-05-04 00:30:01 [@b60d4e234048]
Externo #1: Executar queuedwebhook
2026-05-04 00:30:01 [@b60d4e234048]
Externo #2: Executar pendingreason_autobump_autosolve
2026-05-04 00:32:01 [@b60d4e234048]
Externo #1: Executar queuedwebhook
2026-05-04 00:34:01 [@b60d4e234048]
Externo #1: Executar queuedwebhook
2026-05-04 00:36:01 [@b60d4e234048]
Externo #1: Executar queuedwebhook
2026-05-04 00:38:01 [@b60d4e234048]
Externo #1: Executar queuedwebhook
2026-05-04 00:40:02 [@b60d4e234048]
Externo #1: Executar queuedwebhook
2026-05-04 00:42:02 [@b60d4e234048]
Externo #1: Executar queuedwebhook
2026-05-04 00:44:02 [@b60d4e234048]
Externo #1: Executar queuedwebhook
2026-05-04 00:46:02 [@b60d4e234048]
Externo #1: Executar queuedwebhook
2026-05-04 00:48:02 [@b60d4e234048]
Externo #1: Executar queuedwebhook
2026-05-04 00:50:02 [@b60d4e234048]
Externo #1: Executar queuedwebhook
2026-05-04 00:52:02 [@b60d4e234048]
Externo #1: Executar queuedwebhook
2026-05-04 00:54:02 [@b60d4e234048]
Externo #1: Executar queuedwebhook
2026-05-04 00:56:02 [@b60d4e234048]
Externo #1: Executar queuedwebhook
2026-05-04 00:58:02 [@b60d4e234048]
Externo #1: Executar queuedwebhook
2026-05-04 01:00:02 [@b60d4e234048]
Externo #1: Executar queuedwebhook
2026-05-04 01:00:02 [@b60d4e234048]
Externo #2: Executar pendingreason_autobump_autosolve
2026-05-04 01:02:02 [@b60d4e234048]
Externo #1: Executar queuedwebhook
2026-05-04 01:04:02 [@b60d4e234048]
Externo #1: Executar queuedwebhook
2026-05-04 01:06:02 [@b60d4e234048]
Externo #1: Executar queuedwebhook
2026-05-04 01:08:02 [@b60d4e234048]
Externo #1: Executar queuedwebhook
2026-05-04 01:10:01 [@b60d4e234048]
Externo #1: Executar queuedwebhook
2026-05-04 01:12:01 [@b60d4e234048]
Externo #1: Executar queuedwebhook
2026-05-04 01:14:01 [@b60d4e234048]
Externo #1: Executar queuedwebhook
2026-05-04 01:16:01 [@b60d4e234048]
Externo #1: Executar queuedwebhook
2026-05-04 01:18:01 [@b60d4e234048]
Externo #1: Executar queuedwebhook
2026-05-04 01:20:01 [@b60d4e234048]
Externo #1: Executar queuedwebhook
2026-05-04 01:22:01 [@b60d4e234048]
Externo #1: Executar queuedwebhook
2026-05-04 01:24:01 [@b60d4e234048]
Externo #1: Executar queuedwebhook
2026-05-04 01:26:01 [@b60d4e234048]
Externo #1: Executar queuedwebhook
2026-05-04 01:28:01 [@b60d4e234048]
Externo #1: Executar queuedwebhook
2026-05-04 01:30:01 [@b60d4e234048]
Externo #1: Executar queuedwebhook
2026-05-04 01:30:01 [@b60d4e234048]
Externo #2: Executar pendingreason_autobump_autosolve
2026-05-04 01:32:01 [@b60d4e234048]
Externo #1: Executar queuedwebhook
2026-05-04 01:34:01 [@b60d4e234048]
Externo #1: Executar queuedwebhook
2026-05-04 01:36:01 [@b60d4e234048]
Externo #1: Executar queuedwebhook
2026-05-04 01:38:01 [@b60d4e234048]
Externo #1: Executar queuedwebhook
2026-05-04 01:40:01 [@b60d4e234048]
Externo #1: Executar queuedwebhook
2026-05-04 01:42:01 [@b60d4e234048]
Externo #1: Executar queuedwebhook
2026-05-04 01:44:01 [@b60d4e234048]
Externo #1: Executar queuedwebhook
2026-05-04 01:46:01 [@b60d4e234048]
Externo #1: Executar queuedwebhook
2026-05-04 01:48:01 [@b60d4e234048]
Externo #1: Executar queuedwebhook
2026-05-04 01:50:01 [@b60d4e234048]
Externo #1: Executar queuedwebhook
2026-05-04 01:52:01 [@b60d4e234048]
Externo #1: Executar queuedwebhook
2026-05-04 01:54:01 [@b60d4e234048]
Externo #1: Executar queuedwebhook
2026-05-04 01:56:01 [@b60d4e234048]
Externo #1: Executar queuedwebhook
2026-05-04 01:58:01 [@b60d4e234048]
Externo #1: Executar queuedwebhook
2026-05-04 02:00:01 [@b60d4e234048]
Externo #1: Executar queuedwebhook
2026-05-04 02:00:01 [@b60d4e234048]
Externo #2: Executar pendingreason_autobump_autosolve
2026-05-04 02:02:01 [@b60d4e234048]
Externo #1: Executar queuedwebhook
2026-05-04 02:04:01 [@b60d4e234048]
Externo #1: Executar queuedwebhook
2026-05-04 02:06:01 [@b60d4e234048]
Externo #1: Executar queuedwebhook
2026-05-04 02:08:01 [@b60d4e234048]
Externo #1: Executar queuedwebhook
2026-05-04 02:10:01 [@b60d4e234048]
Externo #1: Executar queuedwebhook
2026-05-04 02:12:01 [@b60d4e234048]
Externo #1: Executar queuedwebhook
2026-05-04 02:14:01 [@b60d4e234048]
Externo #1: Executar queuedwebhook
2026-05-04 02:16:01 [@b60d4e234048]
Externo #1: Executar queuedwebhook
2026-05-04 02:18:01 [@b60d4e234048]
Externo #1: Executar queuedwebhook
2026-05-04 02:20:01 [@b60d4e234048]
Externo #1: Executar queuedwebhook
2026-05-04 02:22:01 [@b60d4e234048]
Externo #1: Executar queuedwebhook
2026-05-04 02:24:01 [@b60d4e234048]
Externo #1: Executar queuedwebhook
2026-05-04 02:26:01 [@b60d4e234048]
Externo #1: Executar queuedwebhook
2026-05-04 02:28:01 [@b60d4e234048]
Externo #1: Executar queuedwebhook
2026-05-04 02:30:01 [@b60d4e234048]
Externo #1: Executar queuedwebhook
2026-05-04 02:30:01 [@b60d4e234048]
Externo #2: Executar pendingreason_autobump_autosolve
2026-05-04 02:32:01 [@b60d4e234048]
Externo #1: Executar queuedwebhook
2026-05-04 02:34:01 [@b60d4e234048]
Externo #1: Executar queuedwebhook
2026-05-04 02:36:01 [@b60d4e234048]
Externo #1: Executar queuedwebhook
2026-05-04 02:38:01 [@b60d4e234048]
Externo #1: Executar queuedwebhook
2026-05-04 02:40:02 [@b60d4e234048]
Externo #1: Executar queuedwebhook
2026-05-04 02:42:02 [@b60d4e234048]
Externo #1: Executar queuedwebhook
2026-05-04 02:44:02 [@b60d4e234048]
Externo #1: Executar queuedwebhook
2026-05-04 02:46:02 [@b60d4e234048]
Externo #1: Executar queuedwebhook
2026-05-04 02:48:02 [@b60d4e234048]
Externo #1: Executar queuedwebhook
2026-05-04 02:50:02 [@b60d4e234048]
Externo #1: Executar queuedwebhook
2026-05-04 02:52:02 [@b60d4e234048]
Externo #1: Executar queuedwebhook
2026-05-04 02:54:02 [@b60d4e234048]
Externo #1: Executar queuedwebhook
2026-05-04 02:56:02 [@b60d4e234048]
Externo #1: Executar queuedwebhook
2026-05-04 02:58:02 [@b60d4e234048]
Externo #1: Executar queuedwebhook
2026-05-04 03:00:02 [@b60d4e234048]
Externo #1: Executar queuedwebhook
2026-05-04 03:00:02 [@b60d4e234048]
Externo #2: Executar pendingreason_autobump_autosolve
2026-05-04 03:02:02 [@b60d4e234048]
Externo #1: Executar queuedwebhook
2026-05-04 03:04:02 [@b60d4e234048]
Externo #1: Executar queuedwebhook
2026-05-04 03:06:02 [@b60d4e234048]
Externo #1: Executar queuedwebhook
2026-05-04 03:08:02 [@b60d4e234048]
Externo #1: Executar queuedwebhook
2026-05-04 03:10:02 [@b60d4e234048]
Externo #1: Executar queuedwebhook
2026-05-04 03:12:02 [@b60d4e234048]
Externo #1: Executar queuedwebhook
2026-05-04 03:14:02 [@b60d4e234048]
Externo #1: Executar queuedwebhook
2026-05-04 03:16:02 [@b60d4e234048]
Externo #1: Executar queuedwebhook
2026-05-04 03:18:02 [@b60d4e234048]
Externo #1: Executar queuedwebhook
2026-05-04 03:20:01 [@b60d4e234048]
Externo #1: Executar queuedwebhook
2026-05-04 03:22:01 [@b60d4e234048]
Externo #1: Executar queuedwebhook
2026-05-04 03:24:01 [@b60d4e234048]
Externo #1: Executar queuedwebhook
2026-05-04 03:26:02 [@b60d4e234048]
Externo #1: Executar queuedwebhook
2026-05-04 03:28:01 [@b60d4e234048]
Externo #1: Executar queuedwebhook
2026-05-04 03:30:01 [@b60d4e234048]
Externo #1: Executar queuedwebhook
2026-05-04 03:30:01 [@b60d4e234048]
Externo #2: Executar pendingreason_autobump_autosolve
2026-05-04 03:32:01 [@b60d4e234048]
Externo #1: Executar queuedwebhook
2026-05-04 03:34:01 [@b60d4e234048]
Externo #1: Executar queuedwebhook
2026-05-04 03:36:01 [@b60d4e234048]
Externo #1: Executar queuedwebhook
2026-05-04 03:38:01 [@b60d4e234048]
Externo #1: Executar queuedwebhook
2026-05-04 03:40:01 [@b60d4e234048]
Externo #1: Executar queuedwebhook
2026-05-04 03:42:01 [@b60d4e234048]
Externo #1: Executar queuedwebhook
2026-05-04 03:44:01 [@b60d4e234048]
Externo #1: Executar queuedwebhook
2026-05-04 03:46:01 [@b60d4e234048]
Externo #1: Executar queuedwebhook
2026-05-04 03:48:01 [@b60d4e234048]
Externo #1: Executar queuedwebhook
2026-05-04 03:50:01 [@b60d4e234048]
Externo #1: Executar queuedwebhook
2026-05-04 03:52:01 [@b60d4e234048]
Externo #1: Executar queuedwebhook
2026-05-04 03:54:01 [@b60d4e234048]
Externo #1: Executar queuedwebhook
2026-05-04 03:56:01 [@b60d4e234048]
Externo #1: Executar queuedwebhook
2026-05-04 03:58:01 [@b60d4e234048]
Externo #1: Executar queuedwebhook
2026-05-04 04:00:01 [@b60d4e234048]
Externo #1: Executar queuedwebhook
2026-05-04 04:00:01 [@b60d4e234048]
Externo #2: Executar pendingreason_autobump_autosolve
2026-05-04 04:02:01 [@b60d4e234048]
Externo #1: Executar queuedwebhook
2026-05-04 04:04:01 [@b60d4e234048]
Externo #1: Executar queuedwebhook
2026-05-04 04:06:01 [@b60d4e234048]
Externo #1: Executar queuedwebhook
2026-05-04 04:08:01 [@b60d4e234048]
Externo #1: Executar queuedwebhook
2026-05-04 04:10:01 [@b60d4e234048]
Externo #1: Executar queuedwebhook
2026-05-04 04:12:01 [@b60d4e234048]
Externo #1: Executar queuedwebhook
2026-05-04 04:14:01 [@b60d4e234048]
Externo #1: Executar queuedwebhook
2026-05-04 04:16:01 [@b60d4e234048]
Externo #1: Executar queuedwebhook
2026-05-04 04:18:01 [@b60d4e234048]
Externo #1: Executar queuedwebhook
2026-05-04 04:20:01 [@b60d4e234048]
Externo #1: Executar queuedwebhook
2026-05-04 04:22:01 [@b60d4e234048]
Externo #1: Executar queuedwebhook
2026-05-04 04:24:01 [@b60d4e234048]
Externo #1: Executar queuedwebhook
2026-05-04 04:26:01 [@b60d4e234048]
Externo #1: Executar queuedwebhook
2026-05-04 04:28:01 [@b60d4e234048]
Externo #1: Executar queuedwebhook
2026-05-04 04:30:01 [@b60d4e234048]
Externo #1: Executar queuedwebhook
2026-05-04 04:30:01 [@b60d4e234048]
Externo #2: Executar pendingreason_autobump_autosolve
2026-05-04 04:32:01 [@b60d4e234048]
Externo #1: Executar queuedwebhook
2026-05-04 04:34:01 [@b60d4e234048]
Externo #1: Executar queuedwebhook
2026-05-04 04:36:01 [@b60d4e234048]
Externo #1: Executar queuedwebhook
2026-05-04 04:38:01 [@b60d4e234048]
Externo #1: Executar queuedwebhook
2026-05-04 04:40:02 [@b60d4e234048]
Externo #1: Executar queuedwebhook
2026-05-04 04:42:02 [@b60d4e234048]
Externo #1: Executar queuedwebhook
2026-05-04 04:44:02 [@b60d4e234048]
Externo #1: Executar queuedwebhook
2026-05-04 04:46:02 [@b60d4e234048]
Externo #1: Executar queuedwebhook
2026-05-04 04:48:02 [@b60d4e234048]
Externo #1: Executar queuedwebhook
2026-05-04 04:50:02 [@b60d4e234048]
Externo #1: Executar queuedwebhook
2026-05-04 04:52:02 [@b60d4e234048]
Externo #1: Executar queuedwebhook
2026-05-04 04:54:02 [@b60d4e234048]
Externo #1: Executar queuedwebhook
2026-05-04 04:56:02 [@b60d4e234048]
Externo #1: Executar queuedwebhook
2026-05-04 04:58:01 [@b60d4e234048]
Externo #1: Executar queuedwebhook
2026-05-04 05:00:01 [@b60d4e234048]
Externo #1: Executar queuedwebhook
2026-05-04 05:00:02 [@b60d4e234048]
Externo #2: Executar pendingreason_autobump_autosolve
2026-05-04 05:02:02 [@b60d4e234048]
Externo #1: Executar queuedwebhook
2026-05-04 05:04:01 [@b60d4e234048]
Externo #1: Executar queuedwebhook
2026-05-04 05:06:01 [@b60d4e234048]
Externo #1: Executar queuedwebhook
2026-05-04 05:08:02 [@b60d4e234048]
Externo #1: Executar queuedwebhook
2026-05-04 05:10:02 [@b60d4e234048]
Externo #1: Executar queuedwebhook
2026-05-04 05:12:02 [@b60d4e234048]
Externo #1: Executar queuedwebhook
2026-05-04 05:14:02 [@b60d4e234048]
Externo #1: Executar queuedwebhook
2026-05-04 05:16:02 [@b60d4e234048]
Externo #1: Executar queuedwebhook
2026-05-04 05:18:02 [@b60d4e234048]
Externo #1: Executar queuedwebhook
2026-05-04 05:20:02 [@b60d4e234048]
Externo #1: Executar queuedwebhook
2026-05-04 05:22:02 [@b60d4e234048]
Externo #1: Executar queuedwebhook
2026-05-04 05:24:02 [@b60d4e234048]
Externo #1: Executar queuedwebhook
2026-05-04 05:26:02 [@b60d4e234048]
Externo #1: Executar queuedwebhook
2026-05-04 05:28:02 [@b60d4e234048]
Externo #1: Executar queuedwebhook
2026-05-04 05:30:02 [@b60d4e234048]
Externo #1: Executar queuedwebhook
2026-05-04 05:30:02 [@b60d4e234048]
Externo #2: Executar pendingreason_autobump_autosolve
2026-05-04 05:32:02 [@b60d4e234048]
Externo #1: Executar queuedwebhook
2026-05-04 05:34:02 [@b60d4e234048]
Externo #1: Executar queuedwebhook
2026-05-04 05:36:02 [@b60d4e234048]
Externo #1: Executar queuedwebhook
2026-05-04 05:38:02 [@b60d4e234048]
Externo #1: Executar queuedwebhook
2026-05-04 05:40:01 [@b60d4e234048]
Externo #1: Executar queuedwebhook
2026-05-04 05:42:01 [@b60d4e234048]
Externo #1: Executar queuedwebhook
2026-05-04 05:44:01 [@b60d4e234048]
Externo #1: Executar queuedwebhook
2026-05-04 05:46:01 [@b60d4e234048]
Externo #1: Executar queuedwebhook
2026-05-04 05:48:01 [@b60d4e234048]
Externo #1: Executar queuedwebhook
2026-05-04 05:50:01 [@b60d4e234048]
Externo #1: Executar queuedwebhook
2026-05-04 05:52:01 [@b60d4e234048]
Externo #1: Executar queuedwebhook
2026-05-04 05:54:01 [@b60d4e234048]
Externo #1: Executar queuedwebhook
2026-05-04 05:56:01 [@b60d4e234048]
Externo #1: Executar queuedwebhook
2026-05-04 05:58:01 [@b60d4e234048]
Externo #1: Executar queuedwebhook
2026-05-04 06:00:01 [@b60d4e234048]
Externo #1: Executar queuedwebhook
2026-05-04 06:00:01 [@b60d4e234048]
Externo #2: Executar pendingreason_autobump_autosolve
2026-05-04 06:02:01 [@b60d4e234048]
Externo #1: Executar queuedwebhook
2026-05-04 06:04:01 [@b60d4e234048]
Externo #1: Executar queuedwebhook
2026-05-04 06:06:01 [@b60d4e234048]
Externo #1: Executar queuedwebhook
2026-05-04 06:08:01 [@b60d4e234048]
Externo #1: Executar queuedwebhook
2026-05-04 06:10:01 [@b60d4e234048]
Externo #1: Executar queuedwebhook
2026-05-04 06:12:01 [@b60d4e234048]
Externo #1: Executar queuedwebhook
2026-05-04 06:14:01 [@b60d4e234048]
Externo #1: Executar queuedwebhook
2026-05-04 06:16:01 [@b60d4e234048]
Externo #1: Executar queuedwebhook
2026-05-04 06:18:01 [@b60d4e234048]
Externo #1: Executar queuedwebhook
2026-05-04 06:20:01 [@b60d4e234048]
Externo #1: Executar queuedwebhook
2026-05-04 06:22:01 [@b60d4e234048]
Externo #1: Executar queuedwebhook
2026-05-04 06:24:01 [@b60d4e234048]
Externo #1: Executar queuedwebhook
2026-05-04 06:26:01 [@b60d4e234048]
Externo #1: Executar queuedwebhook
2026-05-04 06:28:01 [@b60d4e234048]
Externo #1: Executar queuedwebhook
2026-05-04 06:30:01 [@b60d4e234048]
Externo #1: Executar queuedwebhook
2026-05-04 06:30:01 [@b60d4e234048]
Externo #2: Executar pendingreason_autobump_autosolve
2026-05-04 06:32:01 [@b60d4e234048]
Externo #1: Executar queuedwebhook
2026-05-04 06:34:01 [@b60d4e234048]
Externo #1: Executar queuedwebhook
2026-05-04 06:36:01 [@b60d4e234048]
Externo #1: Executar queuedwebhook
2026-05-04 06:38:01 [@b60d4e234048]
Externo #1: Executar queuedwebhook
2026-05-04 06:40:01 [@b60d4e234048]
Externo #1: Executar queuedwebhook
2026-05-04 06:42:01 [@b60d4e234048]
Externo #1: Executar queuedwebhook
2026-05-04 06:44:01 [@b60d4e234048]
Externo #1: Executar queuedwebhook
2026-05-04 06:46:01 [@b60d4e234048]
Externo #1: Executar queuedwebhook
2026-05-04 06:48:01 [@b60d4e234048]
Externo #1: Executar queuedwebhook
2026-05-04 06:50:01 [@b60d4e234048]
Externo #1: Executar queuedwebhook
2026-05-04 06:52:01 [@b60d4e234048]
Externo #1: Executar queuedwebhook
2026-05-04 06:54:01 [@b60d4e234048]
Externo #1: Executar queuedwebhook
2026-05-04 06:56:01 [@b60d4e234048]
Externo #1: Executar queuedwebhook
2026-05-04 06:58:01 [@b60d4e234048]
Externo #1: Executar queuedwebhook
2026-05-04 07:00:01 [@b60d4e234048]
Externo #1: Executar queuedwebhook
2026-05-04 07:00:01 [@b60d4e234048]
Externo #2: Executar pendingreason_autobump_autosolve
2026-05-04 07:02:02 [@b60d4e234048]
Externo #1: Executar queuedwebhook
2026-05-04 07:04:01 [@b60d4e234048]
Externo #1: Executar queuedwebhook
2026-05-04 07:06:01 [@b60d4e234048]
Externo #1: Executar queuedwebhook
2026-05-04 07:08:01 [@b60d4e234048]
Externo #1: Executar queuedwebhook
2026-05-04 07:10:02 [@b60d4e234048]
Externo #1: Executar queuedwebhook
2026-05-04 07:12:02 [@b60d4e234048]
Externo #1: Executar queuedwebhook
2026-05-04 07:14:02 [@b60d4e234048]
Externo #1: Executar queuedwebhook
2026-05-04 07:16:02 [@b60d4e234048]
Externo #1: Executar queuedwebhook
2026-05-04 07:18:02 [@b60d4e234048]
Externo #1: Executar queuedwebhook
2026-05-04 07:20:02 [@b60d4e234048]
Externo #1: Executar queuedwebhook
2026-05-04 07:22:02 [@b60d4e234048]
Externo #1: Executar queuedwebhook
2026-05-04 07:24:02 [@b60d4e234048]
Externo #1: Executar queuedwebhook
2026-05-04 07:26:02 [@b60d4e234048]
Externo #1: Executar queuedwebhook
2026-05-04 07:28:02 [@b60d4e234048]
Externo #1: Executar queuedwebhook
2026-05-04 07:30:02 [@b60d4e234048]
Externo #1: Executar queuedwebhook
2026-05-04 07:30:02 [@b60d4e234048]
Externo #2: Executar pendingreason_autobump_autosolve
2026-05-04 07:32:02 [@b60d4e234048]
Externo #1: Executar queuedwebhook
2026-05-04 07:34:02 [@b60d4e234048]
Externo #1: Executar queuedwebhook
2026-05-04 07:36:02 [@b60d4e234048]
Externo #1: Executar queuedwebhook
2026-05-04 07:38:02 [@b60d4e234048]
Externo #1: Executar queuedwebhook
2026-05-04 07:40:01 [@b60d4e234048]
Externo #1: Executar queuedwebhook
2026-05-04 07:42:01 [@b60d4e234048]
Externo #1: Executar queuedwebhook
2026-05-04 07:44:01 [@b60d4e234048]
Externo #1: Executar queuedwebhook
2026-05-04 07:46:01 [@b60d4e234048]
Externo #1: Executar queuedwebhook
2026-05-04 07:48:01 [@b60d4e234048]
Externo #1: Executar queuedwebhook
2026-05-04 07:50:01 [@b60d4e234048]
Externo #1: Executar queuedwebhook
2026-05-04 07:52:01 [@b60d4e234048]
Externo #1: Executar queuedwebhook
2026-05-04 07:54:01 [@b60d4e234048]
Externo #1: Executar queuedwebhook
2026-05-04 07:56:01 [@b60d4e234048]
Externo #1: Executar queuedwebhook
2026-05-04 07:58:01 [@b60d4e234048]
Externo #1: Executar queuedwebhook
2026-05-04 08:00:01 [@b60d4e234048]
Externo #1: Executar queuedwebhook
2026-05-04 08:00:01 [@b60d4e234048]
Externo #2: Executar pendingreason_autobump_autosolve
2026-05-04 08:02:01 [@b60d4e234048]
Externo #1: Executar queuedwebhook
2026-05-04 08:04:01 [@b60d4e234048]
Externo #1: Executar queuedwebhook
2026-05-04 08:06:01 [@b60d4e234048]
Externo #1: Executar queuedwebhook
2026-05-04 08:08:01 [@b60d4e234048]
Externo #1: Executar queuedwebhook
2026-05-04 08:10:01 [@b60d4e234048]
Externo #1: Executar queuedwebhook
2026-05-04 08:12:01 [@b60d4e234048]
Externo #1: Executar queuedwebhook
2026-05-04 08:14:01 [@b60d4e234048]
Externo #1: Executar queuedwebhook
2026-05-04 08:16:01 [@b60d4e234048]
Externo #1: Executar queuedwebhook
2026-05-04 08:18:01 [@b60d4e234048]
Externo #1: Executar queuedwebhook
2026-05-04 08:20:01 [@b60d4e234048]
Externo #1: Executar queuedwebhook
2026-05-04 08:22:01 [@b60d4e234048]
Externo #1: Executar queuedwebhook
2026-05-04 08:24:01 [@b60d4e234048]
Externo #1: Executar queuedwebhook
2026-05-04 08:26:01 [@b60d4e234048]
Externo #1: Executar queuedwebhook
2026-05-04 08:28:01 [@b60d4e234048]
Externo #1: Executar queuedwebhook
2026-05-04 08:30:01 [@b60d4e234048]
Externo #1: Executar queuedwebhook
2026-05-04 08:30:01 [@b60d4e234048]
Externo #2: Executar DomainsAlert
2026-05-04 08:30:01 [@b60d4e234048]
Externo #3: Executar pendingreason_autobump_autosolve
2026-05-04 08:30:01 [@b60d4e234048]
Externo #4: Executar createinquest
2026-05-04 08:30:01 [@b60d4e234048]
Externo #5: Executar purgedraftforms
2026-05-04 08:32:01 [@b60d4e234048]
Externo #1: Executar queuedwebhook
2026-05-04 08:34:01 [@b60d4e234048]
Externo #1: Executar queuedwebhook
2026-05-04 08:36:01 [@b60d4e234048]
Externo #1: Executar queuedwebhook
2026-05-04 08:38:01 [@b60d4e234048]
Externo #1: Executar queuedwebhook
2026-05-04 08:40:01 [@b60d4e234048]
Externo #1: Executar queuedwebhook
2026-05-04 08:42:01 [@b60d4e234048]
Externo #1: Executar queuedwebhook
2026-05-04 08:44:01 [@b60d4e234048]
Externo #1: Executar queuedwebhook
2026-05-04 08:46:01 [@b60d4e234048]
Externo #1: Executar queuedwebhook
2026-05-04 08:48:01 [@b60d4e234048]
Externo #1: Executar queuedwebhook
2026-05-04 08:50:01 [@b60d4e234048]
Externo #1: Executar queuedwebhook
2026-05-04 08:52:01 [@b60d4e234048]
Externo #1: Executar queuedwebhook
2026-05-04 08:54:01 [@b60d4e234048]
Externo #1: Executar queuedwebhook
2026-05-04 08:56:01 [@b60d4e234048]
Externo #1: Executar queuedwebhook
2026-05-04 08:58:01 [@b60d4e234048]
Externo #1: Executar queuedwebhook
2026-05-04 09:00:01 [@b60d4e234048]
Externo #1: Executar queuedwebhook
2026-05-04 09:00:01 [@b60d4e234048]
Externo #2: Executar pendingreason_autobump_autosolve
2026-05-04 09:02:01 [@b60d4e234048]
Externo #1: Executar queuedwebhook
2026-05-04 09:04:01 [@b60d4e234048]
Externo #1: Executar queuedwebhook
2026-05-04 09:06:01 [@b60d4e234048]
Externo #1: Executar queuedwebhook
2026-05-04 09:08:01 [@b60d4e234048]
Externo #1: Executar queuedwebhook
2026-05-04 09:10:02 [@b60d4e234048]
Externo #1: Executar queuedwebhook
2026-05-04 09:12:02 [@b60d4e234048]
Externo #1: Executar queuedwebhook
2026-05-04 09:14:02 [@b60d4e234048]
Externo #1: Executar queuedwebhook
2026-05-04 09:16:02 [@b60d4e234048]
Externo #1: Executar queuedwebhook
2026-05-04 09:18:02 [@b60d4e234048]
Externo #1: Executar queuedwebhook
2026-05-04 09:20:02 [@b60d4e234048]
Externo #1: Executar queuedwebhook
2026-05-04 09:22:02 [@b60d4e234048]
Externo #1: Executar queuedwebhook
2026-05-04 09:24:02 [@b60d4e234048]
Externo #1: Executar queuedwebhook
2026-05-04 09:26:02 [@b60d4e234048]
Externo #1: Executar queuedwebhook
2026-05-04 09:28:02 [@b60d4e234048]
Externo #1: Executar queuedwebhook
2026-05-04 09:30:02 [@b60d4e234048]
Externo #1: Executar queuedwebhook
2026-05-04 09:30:02 [@b60d4e234048]
Externo #2: Executar pendingreason_autobump_autosolve
2026-05-04 09:32:02 [@b60d4e234048]
Externo #1: Executar queuedwebhook
2026-05-04 09:34:02 [@b60d4e234048]
Externo #1: Executar queuedwebhook
2026-05-04 09:36:02 [@b60d4e234048]
Externo #1: Executar queuedwebhook
2026-05-04 09:38:02 [@b60d4e234048]
Externo #1: Executar queuedwebhook
2026-05-04 09:40:02 [@b60d4e234048]
Externo #1: Executar queuedwebhook
2026-05-04 09:42:02 [@b60d4e234048]
Externo #1: Executar queuedwebhook
2026-05-04 09:44:02 [@b60d4e234048]
Externo #1: Executar queuedwebhook
2026-05-04 09:46:02 [@b60d4e234048]
Externo #1: Executar queuedwebhook
2026-05-04 09:48:02 [@b60d4e234048]
Externo #1: Executar queuedwebhook
2026-05-04 09:50:02 [@b60d4e234048]
Externo #1: Executar queuedwebhook
2026-05-04 09:52:02 [@b60d4e234048]
Externo #1: Executar queuedwebhook
2026-05-04 09:54:02 [@b60d4e234048]
Externo #1: Executar queuedwebhook
2026-05-04 09:56:02 [@b60d4e234048]
Externo #1: Executar queuedwebhook
2026-05-04 09:58:02 [@b60d4e234048]
Externo #1: Executar queuedwebhook
2026-05-04 10:00:02 [@b60d4e234048]
Externo #1: Executar queuedwebhook
2026-05-04 10:00:02 [@b60d4e234048]
Externo #2: Executar pendingreason_autobump_autosolve
2026-05-04 10:02:02 [@b60d4e234048]
Externo #1: Executar queuedwebhook
2026-05-04 10:04:02 [@b60d4e234048]
Externo #1: Executar queuedwebhook
2026-05-04 10:06:02 [@b60d4e234048]
Externo #1: Executar queuedwebhook
2026-05-04 10:08:02 [@b60d4e234048]
Externo #1: Executar queuedwebhook
2026-05-04 10:10:01 [@b60d4e234048]
Externo #1: Executar queuedwebhook
2026-05-04 10:12:01 [@b60d4e234048]
Externo #1: Executar queuedwebhook
2026-05-04 10:14:01 [@b60d4e234048]
Externo #1: Executar queuedwebhook
2026-05-04 10:16:01 [@b60d4e234048]
Externo #1: Executar queuedwebhook
2026-05-04 10:18:01 [@b60d4e234048]
Externo #1: Executar queuedwebhook
2026-05-04 10:20:01 [@b60d4e234048]
Externo #1: Executar queuedwebhook
2026-05-04 10:22:01 [@b60d4e234048]
Externo #1: Executar queuedwebhook
2026-05-04 10:24:01 [@b60d4e234048]
Externo #1: Executar queuedwebhook
2026-05-04 10:26:01 [@b60d4e234048]
Externo #1: Executar queuedwebhook
2026-05-04 10:28:01 [@b60d4e234048]
Externo #1: Executar queuedwebhook
2026-05-04 10:30:01 [@b60d4e234048]
Externo #1: Executar queuedwebhook
2026-05-04 10:30:01 [@b60d4e234048]
Externo #2: Executar pendingreason_autobump_autosolve
2026-05-04 10:32:01 [@b60d4e234048]
Externo #1: Executar queuedwebhook
2026-05-04 10:34:01 [@b60d4e234048]
Externo #1: Executar queuedwebhook
2026-05-04 10:36:01 [@b60d4e234048]
Externo #1: Executar queuedwebhook
2026-05-04 10:38:01 [@b60d4e234048]
Externo #1: Executar queuedwebhook
2026-05-04 10:40:01 [@b60d4e234048]
Externo #1: Executar queuedwebhook
2026-05-04 10:42:01 [@b60d4e234048]
Externo #1: Executar queuedwebhook
2026-05-04 10:44:01 [@b60d4e234048]
Externo #1: Executar queuedwebhook
2026-05-04 10:46:01 [@b60d4e234048]
Externo #1: Executar queuedwebhook
2026-05-04 10:48:01 [@b60d4e234048]
Externo #1: Executar queuedwebhook
2026-05-04 10:50:01 [@b60d4e234048]
Externo #1: Executar queuedwebhook
2026-05-04 10:52:01 [@b60d4e234048]
Externo #1: Executar queuedwebhook
2026-05-04 10:54:01 [@b60d4e234048]
Externo #1: Executar queuedwebhook
2026-05-04 10:56:01 [@b60d4e234048]
Externo #1: Executar queuedwebhook
2026-05-04 10:58:01 [@b60d4e234048]
Externo #1: Executar queuedwebhook
2026-05-04 11:00:01 [@b60d4e234048]
Externo #1: Executar queuedwebhook
2026-05-04 11:00:01 [@b60d4e234048]
Externo #2: Executar pendingreason_autobump_autosolve
2026-05-04 11:02:01 [@b60d4e234048]
Externo #1: Executar queuedwebhook
2026-05-04 11:04:01 [@b60d4e234048]
Externo #1: Executar queuedwebhook
2026-05-04 11:06:01 [@b60d4e234048]
Externo #1: Executar queuedwebhook
2026-05-04 11:08:01 [@b60d4e234048]
Externo #1: Executar queuedwebhook
2026-05-04 11:10:01 [@b60d4e234048]
Externo #1: Executar queuedwebhook
2026-05-04 11:12:02 [@b60d4e234048]
Externo #1: Executar queuedwebhook
2026-05-04 11:14:01 [@b60d4e234048]
Externo #1: Executar queuedwebhook
2026-05-04 11:16:01 [@b60d4e234048]
Externo #1: Executar queuedwebhook
2026-05-04 11:18:01 [@b60d4e234048]
Externo #1: Executar queuedwebhook
2026-05-04 11:20:01 [@b60d4e234048]
Externo #1: Executar queuedwebhook
2026-05-04 11:22:01 [@b60d4e234048]
Externo #1: Executar queuedwebhook
2026-05-04 11:24:01 [@b60d4e234048]
Externo #1: Executar queuedwebhook
2026-05-04 11:26:01 [@b60d4e234048]
Externo #1: Executar queuedwebhook
2026-05-04 11:28:01 [@b60d4e234048]
Externo #1: Executar queuedwebhook
2026-05-04 11:30:01 [@b60d4e234048]
Externo #1: Executar queuedwebhook
2026-05-04 11:30:01 [@b60d4e234048]
Externo #2: Executar pendingreason_autobump_autosolve
2026-05-04 11:32:01 [@b60d4e234048]
Externo #1: Executar queuedwebhook
2026-05-04 11:34:01 [@b60d4e234048]
Externo #1: Executar queuedwebhook
2026-05-04 11:36:01 [@b60d4e234048]
Externo #1: Executar queuedwebhook
2026-05-04 11:38:01 [@b60d4e234048]
Externo #1: Executar queuedwebhook
2026-05-04 11:40:02 [@b60d4e234048]
Externo #1: Executar queuedwebhook
2026-05-04 11:42:02 [@b60d4e234048]
Externo #1: Executar queuedwebhook
2026-05-04 11:44:02 [@b60d4e234048]
Externo #1: Executar queuedwebhook
2026-05-04 11:46:02 [@b60d4e234048]
Externo #1: Executar queuedwebhook
2026-05-04 11:48:02 [@b60d4e234048]
Externo #1: Executar queuedwebhook
2026-05-04 11:50:02 [@b60d4e234048]
Externo #1: Executar queuedwebhook
2026-05-04 11:52:02 [@b60d4e234048]
Externo #1: Executar queuedwebhook
2026-05-04 11:54:02 [@b60d4e234048]
Externo #1: Executar queuedwebhook
2026-05-04 11:56:02 [@b60d4e234048]
Externo #1: Executar queuedwebhook
2026-05-04 11:58:02 [@b60d4e234048]
Externo #1: Executar queuedwebhook
2026-05-04 12:00:02 [@b60d4e234048]
Externo #1: Executar queuedwebhook
2026-05-04 12:00:02 [@b60d4e234048]
Externo #2: Executar pendingreason_autobump_autosolve
2026-05-04 12:02:02 [@b60d4e234048]
Externo #1: Executar queuedwebhook
2026-05-04 12:04:02 [@b60d4e234048]
Externo #1: Executar queuedwebhook
2026-05-04 12:06:02 [@b60d4e234048]
Externo #1: Executar queuedwebhook
2026-05-04 12:08:02 [@b60d4e234048]
Externo #1: Executar queuedwebhook
2026-05-04 12:10:01 [@b60d4e234048]
Externo #1: Executar queuedwebhook
2026-05-04 12:12:01 [@b60d4e234048]
Externo #1: Executar queuedwebhook
2026-05-04 12:14:01 [@b60d4e234048]
Externo #1: Executar queuedwebhook
2026-05-04 12:16:01 [@b60d4e234048]
Externo #1: Executar queuedwebhook
2026-05-04 12:18:01 [@b60d4e234048]
Externo #1: Executar queuedwebhook
2026-05-04 12:20:01 [@b60d4e234048]
Externo #1: Executar queuedwebhook
2026-05-04 12:22:01 [@b60d4e234048]
Externo #1: Executar queuedwebhook
2026-05-04 12:24:01 [@b60d4e234048]
Externo #1: Executar queuedwebhook
2026-05-04 12:26:01 [@b60d4e234048]
Externo #1: Executar queuedwebhook
2026-05-04 12:28:01 [@b60d4e234048]
Externo #1: Executar queuedwebhook
2026-05-04 12:30:01 [@b60d4e234048]
Externo #1: Executar queuedwebhook
2026-05-04 12:30:01 [@b60d4e234048]
Externo #2: Executar pendingreason_autobump_autosolve
2026-05-04 12:32:01 [@b60d4e234048]
Externo #1: Executar queuedwebhook
2026-05-04 12:34:01 [@b60d4e234048]
Externo #1: Executar queuedwebhook
2026-05-04 12:36:01 [@b60d4e234048]
Externo #1: Executar queuedwebhook
2026-05-04 12:38:01 [@b60d4e234048]
Externo #1: Executar queuedwebhook
2026-05-04 12:40:01 [@b60d4e234048]
Externo #1: Executar queuedwebhook
2026-05-04 12:42:01 [@b60d4e234048]
Externo #1: Executar queuedwebhook
2026-05-04 12:44:01 [@b60d4e234048]
Externo #1: Executar queuedwebhook
2026-05-04 12:46:01 [@b60d4e234048]
Externo #1: Executar queuedwebhook
2026-05-04 12:48:01 [@b60d4e234048]
Externo #1: Executar queuedwebhook
2026-05-04 12:50:01 [@b60d4e234048]
Externo #1: Executar queuedwebhook
2026-05-04 12:52:01 [@b60d4e234048]
Externo #1: Executar queuedwebhook
2026-05-04 12:54:01 [@b60d4e234048]
Externo #1: Executar queuedwebhook
2026-05-04 12:56:01 [@b60d4e234048]
Externo #1: Executar queuedwebhook
2026-05-04 12:58:01 [@b60d4e234048]
Externo #1: Executar queuedwebhook
2026-05-04 13:00:01 [@b60d4e234048]
Externo #1: Executar queuedwebhook
2026-05-04 13:00:01 [@b60d4e234048]
Externo #2: Executar pendingreason_autobump_autosolve
2026-05-04 13:02:01 [@b60d4e234048]
Externo #1: Executar queuedwebhook
2026-05-04 13:04:01 [@b60d4e234048]
Externo #1: Executar queuedwebhook
2026-05-04 13:06:01 [@b60d4e234048]
Externo #1: Executar queuedwebhook
2026-05-04 13:08:01 [@b60d4e234048]
Externo #1: Executar queuedwebhook
2026-05-04 13:10:01 [@b60d4e234048]
Externo #1: Executar queuedwebhook
2026-05-04 13:12:01 [@b60d4e234048]
Externo #1: Executar queuedwebhook
2026-05-04 13:14:01 [@b60d4e234048]
Externo #1: Executar queuedwebhook
2026-05-04 13:16:01 [@b60d4e234048]
Externo #1: Executar queuedwebhook
2026-05-04 13:18:01 [@b60d4e234048]
Externo #1: Executar queuedwebhook
2026-05-04 13:20:01 [@b60d4e234048]
Externo #1: Executar queuedwebhook
2026-05-04 13:22:01 [@b60d4e234048]
Externo #1: Executar queuedwebhook
2026-05-04 13:24:01 [@b60d4e234048]
Externo #1: Executar queuedwebhook
2026-05-04 13:26:01 [@b60d4e234048]
Externo #1: Executar queuedwebhook
2026-05-04 13:28:01 [@b60d4e234048]
Externo #1: Executar queuedwebhook
2026-05-04 13:30:01 [@b60d4e234048]
Externo #1: Executar queuedwebhook
2026-05-04 13:30:01 [@b60d4e234048]
Externo #2: Executar pendingreason_autobump_autosolve
2026-05-04 13:32:01 [@b60d4e234048]
Externo #1: Executar queuedwebhook
2026-05-04 13:34:01 [@b60d4e234048]
Externo #1: Executar queuedwebhook
2026-05-04 13:36:01 [@b60d4e234048]
Externo #1: Executar queuedwebhook
2026-05-04 13:38:01 [@b60d4e234048]
Externo #1: Executar queuedwebhook
2026-05-04 13:40:02 [@b60d4e234048]
Externo #1: Executar queuedwebhook
2026-05-04 13:42:02 [@b60d4e234048]
Externo #1: Executar queuedwebhook
2026-05-04 13:44:02 [@b60d4e234048]
Externo #1: Executar queuedwebhook
2026-05-04 13:46:02 [@b60d4e234048]
Externo #1: Executar queuedwebhook
2026-05-04 13:48:02 [@b60d4e234048]
Externo #1: Executar queuedwebhook
2026-05-04 13:50:02 [@b60d4e234048]
Externo #1: Executar queuedwebhook
2026-05-04 13:52:02 [@b60d4e234048]
Externo #1: Executar queuedwebhook
2026-05-04 13:54:02 [@b60d4e234048]
Externo #1: Executar queuedwebhook
2026-05-04 13:56:02 [@b60d4e234048]
Externo #1: Executar queuedwebhook
2026-05-04 13:58:02 [@b60d4e234048]
Externo #1: Executar queuedwebhook
2026-05-04 14:00:02 [@b60d4e234048]
Externo #1: Executar queuedwebhook
2026-05-04 14:00:02 [@b60d4e234048]
Externo #2: Executar pendingreason_autobump_autosolve
2026-05-04 14:02:02 [@b60d4e234048]
Externo #1: Executar queuedwebhook
2026-05-04 14:04:02 [@b60d4e234048]
Externo #1: Executar queuedwebhook
2026-05-04 14:06:02 [@b60d4e234048]
Externo #1: Executar queuedwebhook
2026-05-04 14:08:02 [@b60d4e234048]
Externo #1: Executar queuedwebhook
2026-05-04 14:10:02 [@b60d4e234048]
Externo #1: Executar queuedwebhook
2026-05-04 14:12:02 [@b60d4e234048]
Externo #1: Executar queuedwebhook
2026-05-04 14:14:02 [@b60d4e234048]
Externo #1: Executar queuedwebhook
2026-05-04 14:16:02 [@b60d4e234048]
Externo #1: Executar queuedwebhook
2026-05-04 14:18:02 [@b60d4e234048]
Externo #1: Executar queuedwebhook
2026-05-04 14:20:02 [@b60d4e234048]
Externo #1: Executar queuedwebhook
2026-05-04 14:22:02 [@b60d4e234048]
Externo #1: Executar queuedwebhook
2026-05-04 14:24:02 [@b60d4e234048]
Externo #1: Executar queuedwebhook
2026-05-04 14:26:02 [@b60d4e234048]
Externo #1: Executar queuedwebhook
2026-05-04 14:28:02 [@b60d4e234048]
Externo #1: Executar queuedwebhook
2026-05-04 14:30:02 [@b60d4e234048]
Externo #1: Executar queuedwebhook
2026-05-04 14:30:02 [@b60d4e234048]
Externo #2: Executar pendingreason_autobump_autosolve
2026-05-04 14:32:02 [@b60d4e234048]
Externo #1: Executar queuedwebhook
2026-05-04 14:34:02 [@b60d4e234048]
Externo #1: Executar queuedwebhook
2026-05-04 14:36:02 [@b60d4e234048]
Externo #1: Executar queuedwebhook
2026-05-04 14:38:02 [@b60d4e234048]
Externo #1: Executar queuedwebhook
2026-05-04 14:40:01 [@b60d4e234048]
Externo #1: Executar queuedwebhook
2026-05-04 14:42:01 [@b60d4e234048]
Externo #1: Executar queuedwebhook
2026-05-04 14:44:01 [@b60d4e234048]
Externo #1: Executar queuedwebhook
2026-05-04 14:46:01 [@b60d4e234048]
Externo #1: Executar queuedwebhook
2026-05-04 14:48:01 [@b60d4e234048]
Externo #1: Executar queuedwebhook
2026-05-04 14:50:01 [@b60d4e234048]
Externo #1: Executar queuedwebhook
2026-05-04 14:52:01 [@b60d4e234048]
Externo #1: Executar queuedwebhook
2026-05-04 14:54:01 [@b60d4e234048]
Externo #1: Executar queuedwebhook
2026-05-04 14:56:01 [@b60d4e234048]
Externo #1: Executar queuedwebhook
2026-05-04 14:58:01 [@b60d4e234048]
Externo #1: Executar queuedwebhook
2026-05-04 15:00:01 [@b60d4e234048]
Externo #1: Executar queuedwebhook
2026-05-04 15:00:01 [@b60d4e234048]
Externo #2: Executar pendingreason_autobump_autosolve
2026-05-04 15:02:01 [@b60d4e234048]
Externo #1: Executar queuedwebhook
2026-05-04 15:04:01 [@b60d4e234048]
Externo #1: Executar queuedwebhook
2026-05-04 15:06:01 [@b60d4e234048]
Externo #1: Executar queuedwebhook
2026-05-04 15:08:01 [@b60d4e234048]
Externo #1: Executar queuedwebhook
2026-05-04 15:10:01 [@b60d4e234048]
Externo #1: Executar queuedwebhook
2026-05-04 15:12:01 [@b60d4e234048]
Externo #1: Executar queuedwebhook
2026-05-04 15:14:01 [@b60d4e234048]
Externo #1: Executar queuedwebhook
2026-05-04 15:16:01 [@b60d4e234048]
Externo #1: Executar queuedwebhook
2026-05-04 15:18:01 [@b60d4e234048]
Externo #1: Executar queuedwebhook
2026-05-04 15:20:01 [@b60d4e234048]
Externo #1: Executar queuedwebhook
2026-05-04 15:22:01 [@b60d4e234048]
Externo #1: Executar queuedwebhook
2026-05-04 15:24:01 [@b60d4e234048]
Externo #1: Executar queuedwebhook
2026-05-04 15:26:01 [@b60d4e234048]
Externo #1: Executar queuedwebhook
2026-05-04 15:28:01 [@b60d4e234048]
Externo #1: Executar queuedwebhook
2026-05-04 15:30:01 [@b60d4e234048]
Externo #1: Executar queuedwebhook
2026-05-04 15:30:01 [@b60d4e234048]
Externo #2: Executar pendingreason_autobump_autosolve
2026-05-04 15:32:01 [@b60d4e234048]
Externo #1: Executar queuedwebhook
2026-05-04 15:34:01 [@b60d4e234048]
Externo #1: Executar queuedwebhook
2026-05-04 15:36:01 [@b60d4e234048]
Externo #1: Executar queuedwebhook
2026-05-04 15:38:01 [@b60d4e234048]
Externo #1: Executar queuedwebhook
2026-05-04 15:40:01 [@b60d4e234048]
Externo #1: Executar queuedwebhook
2026-05-04 15:42:01 [@b60d4e234048]
Externo #1: Executar queuedwebhook
2026-05-04 15:44:01 [@b60d4e234048]
Externo #1: Executar queuedwebhook
2026-05-04 15:46:01 [@b60d4e234048]
Externo #1: Executar queuedwebhook
2026-05-04 15:48:01 [@b60d4e234048]
Externo #1: Executar queuedwebhook
2026-05-04 15:50:01 [@b60d4e234048]
Externo #1: Executar queuedwebhook
2026-05-04 15:52:01 [@b60d4e234048]
Externo #1: Executar queuedwebhook
2026-05-04 15:54:01 [@b60d4e234048]
Externo #1: Executar queuedwebhook
2026-05-04 15:56:01 [@b60d4e234048]
Externo #1: Executar queuedwebhook
2026-05-04 15:58:01 [@b60d4e234048]
Externo #1: Executar queuedwebhook
2026-05-04 16:00:01 [@b60d4e234048]
Externo #1: Executar queuedwebhook
2026-05-04 16:00:01 [@b60d4e234048]
Externo #2: Executar pendingreason_autobump_autosolve
2026-05-04 16:02:01 [@b60d4e234048]
Externo #1: Executar queuedwebhook
2026-05-04 16:04:01 [@b60d4e234048]
Externo #1: Executar queuedwebhook
2026-05-04 16:06:01 [@b60d4e234048]
Externo #1: Executar queuedwebhook
2026-05-04 16:08:01 [@b60d4e234048]
Externo #1: Executar queuedwebhook
2026-05-04 16:10:01 [@b60d4e234048]
Externo #1: Executar queuedwebhook
2026-05-04 16:12:01 [@b60d4e234048]
Externo #1: Executar queuedwebhook
2026-05-04 16:14:01 [@b60d4e234048]
Externo #1: Executar queuedwebhook
2026-05-04 16:16:01 [@b60d4e234048]
Externo #1: Executar queuedwebhook
2026-05-04 16:18:01 [@b60d4e234048]
Externo #1: Executar queuedwebhook
2026-05-04 16:20:01 [@b60d4e234048]
Externo #1: Executar queuedwebhook
2026-05-04 16:22:01 [@b60d4e234048]
Externo #1: Executar queuedwebhook
2026-05-04 16:24:01 [@b60d4e234048]
Externo #1: Executar queuedwebhook
2026-05-04 16:26:01 [@b60d4e234048]
Externo #1: Executar queuedwebhook
2026-05-04 16:28:01 [@b60d4e234048]
Externo #1: Executar queuedwebhook
2026-05-04 16:30:01 [@b60d4e234048]
Externo #1: Executar queuedwebhook
2026-05-04 16:30:01 [@b60d4e234048]
Externo #2: Executar pendingreason_autobump_autosolve
2026-05-04 16:32:01 [@b60d4e234048]
Externo #1: Executar queuedwebhook
2026-05-04 16:34:01 [@b60d4e234048]
Externo #1: Executar queuedwebhook
2026-05-04 16:36:01 [@b60d4e234048]
Externo #1: Executar queuedwebhook
2026-05-04 16:38:01 [@b60d4e234048]
Externo #1: Executar queuedwebhook
2026-05-04 16:40:01 [@b60d4e234048]
Externo #1: Executar queuedwebhook
2026-05-04 16:42:01 [@b60d4e234048]
Externo #1: Executar queuedwebhook
2026-05-04 16:44:01 [@b60d4e234048]
Externo #1: Executar queuedwebhook
2026-05-04 16:46:01 [@b60d4e234048]
Externo #1: Executar queuedwebhook
2026-05-04 16:48:01 [@b60d4e234048]
Externo #1: Executar queuedwebhook
2026-05-04 16:50:01 [@b60d4e234048]
Externo #1: Executar queuedwebhook
2026-05-04 16:52:01 [@b60d4e234048]
Externo #1: Executar queuedwebhook
2026-05-04 16:54:01 [@b60d4e234048]
Externo #1: Executar queuedwebhook
2026-05-04 16:56:01 [@b60d4e234048]
Externo #1: Executar queuedwebhook
2026-05-04 16:58:01 [@b60d4e234048]
Externo #1: Executar queuedwebhook
2026-05-04 17:00:01 [@b60d4e234048]
Externo #1: Executar queuedwebhook
2026-05-04 17:00:01 [@b60d4e234048]
Externo #2: Executar pendingreason_autobump_autosolve
2026-05-04 17:02:01 [@b60d4e234048]
Externo #1: Executar queuedwebhook
2026-05-04 17:04:01 [@b60d4e234048]
Externo #1: Executar queuedwebhook
2026-05-04 17:06:01 [@b60d4e234048]
Externo #1: Executar queuedwebhook
2026-05-04 17:08:01 [@b60d4e234048]
Externo #1: Executar queuedwebhook
2026-05-04 17:10:01 [@b60d4e234048]
Externo #1: Executar queuedwebhook
2026-05-04 17:12:01 [@b60d4e234048]
Externo #1: Executar queuedwebhook
2026-05-04 17:14:01 [@b60d4e234048]
Externo #1: Executar queuedwebhook
2026-05-04 17:16:01 [@b60d4e234048]
Externo #1: Executar queuedwebhook
2026-05-04 17:18:01 [@b60d4e234048]
Externo #1: Executar queuedwebhook
2026-05-04 17:20:01 [@b60d4e234048]
Externo #1: Executar queuedwebhook
2026-05-04 17:22:01 [@b60d4e234048]
Externo #1: Executar queuedwebhook
2026-05-04 17:24:01 [@b60d4e234048]
Externo #1: Executar queuedwebhook
2026-05-04 17:26:01 [@b60d4e234048]
Externo #1: Executar queuedwebhook
2026-05-04 17:28:01 [@b60d4e234048]
Externo #1: Executar queuedwebhook
2026-05-04 17:30:01 [@b60d4e234048]
Externo #1: Executar queuedwebhook
2026-05-04 17:30:01 [@b60d4e234048]
Externo #2: Executar pendingreason_autobump_autosolve
2026-05-04 17:32:01 [@b60d4e234048]
Externo #1: Executar queuedwebhook
2026-05-04 17:34:01 [@b60d4e234048]
Externo #1: Executar queuedwebhook
2026-05-04 17:36:01 [@b60d4e234048]
Externo #1: Executar queuedwebhook
2026-05-04 17:38:01 [@b60d4e234048]
Externo #1: Executar queuedwebhook
2026-05-04 17:40:01 [@b60d4e234048]
Externo #1: Executar queuedwebhook
2026-05-04 17:42:01 [@b60d4e234048]
Externo #1: Executar queuedwebhook
2026-05-04 17:44:01 [@b60d4e234048]
Externo #1: Executar queuedwebhook
2026-05-04 17:46:01 [@b60d4e234048]
Externo #1: Executar queuedwebhook
2026-05-04 17:48:01 [@b60d4e234048]
Externo #1: Executar queuedwebhook
2026-05-04 17:50:01 [@b60d4e234048]
Externo #1: Executar queuedwebhook
2026-05-04 17:52:01 [@b60d4e234048]
Externo #1: Executar queuedwebhook
2026-05-04 17:54:01 [@b60d4e234048]
Externo #1: Executar queuedwebhook
2026-05-04 17:56:01 [@b60d4e234048]
Externo #1: Executar queuedwebhook
2026-05-04 17:58:01 [@b60d4e234048]
Externo #1: Executar queuedwebhook
2026-05-04 18:00:01 [@b60d4e234048]
Externo #1: Executar queuedwebhook
2026-05-04 18:00:01 [@b60d4e234048]
Externo #2: Executar pendingreason_autobump_autosolve
2026-05-04 18:02:01 [@b60d4e234048]
Externo #1: Executar queuedwebhook
2026-05-04 18:04:01 [@b60d4e234048]
Externo #1: Executar queuedwebhook
2026-05-04 18:06:01 [@b60d4e234048]
Externo #1: Executar queuedwebhook
2026-05-04 18:08:01 [@b60d4e234048]
Externo #1: Executar queuedwebhook
2026-05-04 18:10:02 [@b60d4e234048]
Externo #1: Executar queuedwebhook
2026-05-04 18:12:01 [@b60d4e234048]
Externo #1: Executar queuedwebhook
2026-05-04 18:14:01 [@b60d4e234048]
Externo #1: Executar queuedwebhook
2026-05-04 18:16:01 [@b60d4e234048]
Externo #1: Executar queuedwebhook
2026-05-04 18:18:01 [@b60d4e234048]
Externo #1: Executar queuedwebhook
2026-05-04 18:20:01 [@b60d4e234048]
Externo #1: Executar queuedwebhook
2026-05-04 18:22:02 [@b60d4e234048]
Externo #1: Executar queuedwebhook
2026-05-04 18:24:01 [@b60d4e234048]
Externo #1: Executar queuedwebhook
2026-05-04 18:26:01 [@b60d4e234048]
Externo #1: Executar queuedwebhook
2026-05-04 18:28:01 [@b60d4e234048]
Externo #1: Executar queuedwebhook
2026-05-04 18:30:01 [@b60d4e234048]
Externo #1: Executar queuedwebhook
2026-05-04 18:30:01 [@b60d4e234048]
Externo #2: Executar pendingreason_autobump_autosolve
2026-05-04 18:32:01 [@b60d4e234048]
Externo #1: Executar queuedwebhook
2026-05-04 18:34:01 [@b60d4e234048]
Externo #1: Executar queuedwebhook
2026-05-04 18:36:01 [@b60d4e234048]
Externo #1: Executar queuedwebhook
2026-05-04 18:38:01 [@b60d4e234048]
Externo #1: Executar queuedwebhook
2026-05-04 18:40:02 [@b60d4e234048]
Externo #1: Executar queuedwebhook
2026-05-04 18:42:02 [@b60d4e234048]
Externo #1: Executar queuedwebhook
2026-05-04 18:44:02 [@b60d4e234048]
Externo #1: Executar queuedwebhook
2026-05-04 18:46:02 [@b60d4e234048]
Externo #1: Executar queuedwebhook
2026-05-04 18:48:01 [@b60d4e234048]
Externo #1: Executar queuedwebhook
2026-05-04 18:50:01 [@b60d4e234048]
Externo #1: Executar queuedwebhook
2026-05-04 18:52:02 [@b60d4e234048]
Externo #1: Executar queuedwebhook
2026-05-04 18:54:01 [@b60d4e234048]
Externo #1: Executar queuedwebhook
2026-05-04 18:56:01 [@b60d4e234048]
Externo #1: Executar queuedwebhook
2026-05-04 18:58:01 [@b60d4e234048]
Externo #1: Executar queuedwebhook
2026-05-04 19:00:01 [@b60d4e234048]
Externo #1: Executar queuedwebhook
2026-05-04 19:00:01 [@b60d4e234048]
Externo #2: Executar pendingreason_autobump_autosolve
2026-05-04 19:02:01 [@b60d4e234048]
Externo #1: Executar queuedwebhook
2026-05-04 19:04:01 [@b60d4e234048]
Externo #1: Executar queuedwebhook
2026-05-04 19:06:01 [@b60d4e234048]
Externo #1: Executar queuedwebhook
2026-05-04 19:08:01 [@b60d4e234048]
Externo #1: Executar queuedwebhook
2026-05-04 19:10:02 [@b60d4e234048]
Externo #1: Executar queuedwebhook
2026-05-04 19:12:02 [@b60d4e234048]
Externo #1: Executar queuedwebhook
2026-05-04 19:14:02 [@b60d4e234048]
Externo #1: Executar queuedwebhook
2026-05-04 19:16:02 [@b60d4e234048]
Externo #1: Executar queuedwebhook
2026-05-04 19:18:02 [@b60d4e234048]
Externo #1: Executar queuedwebhook
2026-05-04 19:20:02 [@b60d4e234048]
Externo #1: Executar queuedwebhook
2026-05-04 19:22:02 [@b60d4e234048]
Externo #1: Executar queuedwebhook
2026-05-04 19:24:02 [@b60d4e234048]
Externo #1: Executar queuedwebhook
2026-05-04 19:26:02 [@b60d4e234048]
Externo #1: Executar queuedwebhook
2026-05-04 19:28:02 [@b60d4e234048]
Externo #1: Executar queuedwebhook
2026-05-04 19:30:02 [@b60d4e234048]
Externo #1: Executar queuedwebhook
2026-05-04 19:30:02 [@b60d4e234048]
Externo #2: Executar pendingreason_autobump_autosolve
2026-05-04 19:32:02 [@b60d4e234048]
Externo #1: Executar queuedwebhook
2026-05-04 19:34:02 [@b60d4e234048]
Externo #1: Executar queuedwebhook
2026-05-04 19:36:02 [@b60d4e234048]
Externo #1: Executar queuedwebhook
2026-05-04 19:38:02 [@b60d4e234048]
Externo #1: Executar queuedwebhook
2026-05-04 19:40:04 [@b60d4e234048]
Externo #1: Executar queuedwebhook
2026-05-04 19:42:03 [@b60d4e234048]
Externo #1: Executar queuedwebhook
2026-05-04 19:44:02 [@b60d4e234048]
Externo #1: Executar queuedwebhook
2026-05-04 19:46:02 [@b60d4e234048]
Externo #1: Executar queuedwebhook
2026-05-04 19:48:02 [@b60d4e234048]
Externo #1: Executar queuedwebhook
2026-05-04 19:50:01 [@b60d4e234048]
Externo #1: Executar queuedwebhook
2026-05-04 19:52:01 [@b60d4e234048]
Externo #1: Executar queuedwebhook
2026-05-04 19:54:01 [@b60d4e234048]
Externo #1: Executar queuedwebhook
2026-05-04 19:56:01 [@b60d4e234048]
Externo #1: Executar queuedwebhook
2026-05-04 19:58:01 [@b60d4e234048]
Externo #1: Executar queuedwebhook
2026-05-04 20:00:01 [@b60d4e234048]
Externo #1: Executar queuedwebhook
2026-05-04 20:00:01 [@b60d4e234048]
Externo #2: Executar pendingreason_autobump_autosolve
2026-05-04 20:02:01 [@b60d4e234048]
Externo #1: Executar queuedwebhook
2026-05-04 20:04:01 [@b60d4e234048]
Externo #1: Executar queuedwebhook
2026-05-04 20:06:01 [@b60d4e234048]
Externo #1: Executar queuedwebhook
2026-05-04 20:08:01 [@b60d4e234048]
Externo #1: Executar queuedwebhook
2026-05-04 20:10:01 [@b60d4e234048]
Externo #1: Executar queuedwebhook
2026-05-04 20:12:01 [@b60d4e234048]
Externo #1: Executar queuedwebhook
2026-05-04 20:14:01 [@b60d4e234048]
Externo #1: Executar queuedwebhook
2026-05-04 20:16:01 [@b60d4e234048]
Externo #1: Executar queuedwebhook
2026-05-04 20:18:01 [@b60d4e234048]
Externo #1: Executar queuedwebhook
2026-05-04 20:20:01 [@b60d4e234048]
Externo #1: Executar queuedwebhook
2026-05-04 20:22:01 [@b60d4e234048]
Externo #1: Executar queuedwebhook
2026-05-04 20:24:01 [@b60d4e234048]
Externo #1: Executar queuedwebhook
2026-05-04 20:26:02 [@b60d4e234048]
Externo #1: Executar queuedwebhook
2026-05-04 20:28:02 [@b60d4e234048]
Externo #1: Executar queuedwebhook
2026-05-04 20:30:01 [@b60d4e234048]
Externo #1: Executar queuedwebhook
2026-05-04 20:30:01 [@b60d4e234048]
Externo #2: Executar pendingreason_autobump_autosolve
2026-05-04 20:32:01 [@b60d4e234048]
Externo #1: Executar queuedwebhook
2026-05-04 20:34:01 [@b60d4e234048]
Externo #1: Executar queuedwebhook
2026-05-04 20:36:01 [@b60d4e234048]
Externo #1: Executar queuedwebhook
2026-05-04 20:38:01 [@b60d4e234048]
Externo #1: Executar queuedwebhook
2026-05-04 20:40:02 [@b60d4e234048]
Externo #1: Executar queuedwebhook
2026-05-04 20:42:02 [@b60d4e234048]
Externo #1: Executar queuedwebhook
2026-05-04 20:44:02 [@b60d4e234048]
Externo #1: Executar queuedwebhook
2026-05-04 20:46:02 [@b60d4e234048]
Externo #1: Executar queuedwebhook
2026-05-04 20:48:02 [@b60d4e234048]
Externo #1: Executar queuedwebhook
2026-05-04 20:50:01 [@b60d4e234048]
Externo #1: Executar queuedwebhook
2026-05-04 20:52:02 [@b60d4e234048]
Externo #1: Executar queuedwebhook
2026-05-04 20:54:02 [@b60d4e234048]
Externo #1: Executar queuedwebhook
2026-05-04 20:56:02 [@b60d4e234048]
Externo #1: Executar queuedwebhook
2026-05-04 20:58:02 [@b60d4e234048]
Externo #1: Executar queuedwebhook
2026-05-04 21:00:01 [@b60d4e234048]
Externo #1: Executar queuedwebhook
2026-05-04 21:00:02 [@b60d4e234048]
Externo #2: Executar pendingreason_autobump_autosolve
2026-05-04 21:02:02 [@b60d4e234048]
Externo #1: Executar queuedwebhook
2026-05-04 21:04:02 [@b60d4e234048]
Externo #1: Executar queuedwebhook
2026-05-04 21:06:02 [@b60d4e234048]
Externo #1: Executar queuedwebhook
2026-05-04 21:08:01 [@b60d4e234048]
Externo #1: Executar queuedwebhook
2026-05-04 21:10:02 [@b60d4e234048]
Externo #1: Executar queuedwebhook
2026-05-04 21:12:02 [@b60d4e234048]
Externo #1: Executar queuedwebhook
2026-05-04 21:14:02 [@b60d4e234048]
Externo #1: Executar queuedwebhook
2026-05-04 21:16:02 [@b60d4e234048]
Externo #1: Executar queuedwebhook
2026-05-04 21:18:02 [@b60d4e234048]
Externo #1: Executar queuedwebhook
2026-05-04 21:20:02 [@b60d4e234048]
Externo #1: Executar queuedwebhook
2026-05-04 21:22:02 [@b60d4e234048]
Externo #1: Executar queuedwebhook
2026-05-04 21:24:02 [@b60d4e234048]
Externo #1: Executar queuedwebhook
2026-05-04 21:26:02 [@b60d4e234048]
Externo #1: Executar queuedwebhook
2026-05-04 21:28:02 [@b60d4e234048]
Externo #1: Executar queuedwebhook
2026-05-04 21:30:02 [@b60d4e234048]
Externo #1: Executar queuedwebhook
2026-05-04 21:30:02 [@b60d4e234048]
Externo #2: Executar pendingreason_autobump_autosolve
2026-05-04 21:32:02 [@b60d4e234048]
Externo #1: Executar queuedwebhook
2026-05-04 21:34:02 [@b60d4e234048]
Externo #1: Executar queuedwebhook
2026-05-04 21:36:02 [@b60d4e234048]
Externo #1: Executar queuedwebhook
2026-05-04 21:38:02 [@b60d4e234048]
Externo #1: Executar queuedwebhook
2026-05-04 21:40:02 [@b60d4e234048]
Externo #1: Executar queuedwebhook
2026-05-04 21:42:02 [@b60d4e234048]
Externo #1: Executar queuedwebhook
2026-05-04 21:44:02 [@b60d4e234048]
Externo #1: Executar queuedwebhook
2026-05-04 21:46:02 [@b60d4e234048]
Externo #1: Executar queuedwebhook
2026-05-04 21:48:02 [@b60d4e234048]
Externo #1: Executar queuedwebhook
2026-05-04 21:50:02 [@b60d4e234048]
Externo #1: Executar queuedwebhook
2026-05-04 21:52:02 [@b60d4e234048]
Externo #1: Executar queuedwebhook
2026-05-04 21:54:02 [@b60d4e234048]
Externo #1: Executar queuedwebhook
2026-05-04 21:56:02 [@b60d4e234048]
Externo #1: Executar queuedwebhook
2026-05-04 21:58:02 [@b60d4e234048]
Externo #1: Executar queuedwebhook
2026-05-04 22:00:02 [@b60d4e234048]
Externo #1: Executar queuedwebhook
2026-05-04 22:00:02 [@b60d4e234048]
Externo #2: Executar pendingreason_autobump_autosolve
2026-05-04 22:02:02 [@b60d4e234048]
Externo #1: Executar queuedwebhook
2026-05-04 22:04:02 [@b60d4e234048]
Externo #1: Executar queuedwebhook
2026-05-04 22:06:02 [@b60d4e234048]
Externo #1: Executar queuedwebhook
2026-05-04 22:08:02 [@b60d4e234048]
Externo #1: Executar queuedwebhook
2026-05-04 22:10:01 [@b60d4e234048]
Externo #1: Executar queuedwebhook
2026-05-04 22:12:01 [@b60d4e234048]
Externo #1: Executar queuedwebhook
2026-05-04 22:14:02 [@b60d4e234048]
Externo #1: Executar queuedwebhook
2026-05-04 22:16:02 [@b60d4e234048]
Externo #1: Executar queuedwebhook
2026-05-04 22:18:02 [@b60d4e234048]
Externo #1: Executar queuedwebhook
2026-05-04 22:20:02 [@b60d4e234048]
Externo #1: Executar queuedwebhook
2026-05-04 22:22:02 [@b60d4e234048]
Externo #1: Executar queuedwebhook
2026-05-04 22:24:02 [@b60d4e234048]
Externo #1: Executar queuedwebhook
2026-05-04 22:26:02 [@b60d4e234048]
Externo #1: Executar queuedwebhook
2026-05-04 22:28:02 [@b60d4e234048]
Externo #1: Executar queuedwebhook
2026-05-04 22:30:02 [@b60d4e234048]
Externo #1: Executar queuedwebhook
2026-05-04 22:30:02 [@b60d4e234048]
Externo #2: Executar pendingreason_autobump_autosolve
2026-05-04 22:32:02 [@b60d4e234048]
Externo #1: Executar queuedwebhook
2026-05-04 22:34:02 [@b60d4e234048]
Externo #1: Executar queuedwebhook
2026-05-04 22:36:02 [@b60d4e234048]
Externo #1: Executar queuedwebhook
2026-05-04 22:38:02 [@b60d4e234048]
Externo #1: Executar queuedwebhook
2026-05-04 22:40:01 [@b60d4e234048]
Externo #1: Executar queuedwebhook
2026-05-04 22:42:01 [@b60d4e234048]
Externo #1: Executar queuedwebhook
2026-05-04 22:44:01 [@b60d4e234048]
Externo #1: Executar queuedwebhook
2026-05-04 22:46:01 [@b60d4e234048]
Externo #1: Executar queuedwebhook
2026-05-04 22:48:01 [@b60d4e234048]
Externo #1: Executar queuedwebhook
2026-05-04 22:50:01 [@b60d4e234048]
Externo #1: Executar queuedwebhook
2026-05-04 22:52:01 [@b60d4e234048]
Externo #1: Executar queuedwebhook
2026-05-04 22:54:01 [@b60d4e234048]
Externo #1: Executar queuedwebhook
2026-05-04 22:56:02 [@b60d4e234048]
Externo #1: Executar queuedwebhook
2026-05-04 22:58:02 [@b60d4e234048]
Externo #1: Executar queuedwebhook
2026-05-04 23:00:02 [@b60d4e234048]
Externo #1: Executar queuedwebhook
2026-05-04 23:00:02 [@b60d4e234048]
Externo #2: Executar pendingreason_autobump_autosolve
2026-05-04 23:02:02 [@b60d4e234048]
Externo #1: Executar queuedwebhook
2026-05-04 23:04:02 [@b60d4e234048]
Externo #1: Executar queuedwebhook
2026-05-04 23:06:02 [@b60d4e234048]
Externo #1: Executar queuedwebhook
2026-05-04 23:08:02 [@b60d4e234048]
Externo #1: Executar queuedwebhook
2026-05-04 23:10:01 [@b60d4e234048]
Externo #1: Executar queuedwebhook
2026-05-04 23:12:01 [@b60d4e234048]
Externo #1: Executar queuedwebhook
2026-05-04 23:14:01 [@b60d4e234048]
Externo #1: Executar queuedwebhook
2026-05-04 23:16:01 [@b60d4e234048]
Externo #1: Executar queuedwebhook
2026-05-04 23:18:01 [@b60d4e234048]
Externo #1: Executar queuedwebhook
2026-05-04 23:20:01 [@b60d4e234048]
Externo #1: Executar queuedwebhook
2026-05-04 23:22:01 [@b60d4e234048]
Externo #1: Executar queuedwebhook
2026-05-04 23:24:01 [@b60d4e234048]
Externo #1: Executar queuedwebhook
2026-05-04 23:26:01 [@b60d4e234048]
Externo #1: Executar queuedwebhook
2026-05-04 23:28:01 [@b60d4e234048]
Externo #1: Executar queuedwebhook
2026-05-04 23:30:01 [@b60d4e234048]
Externo #1: Executar queuedwebhook
2026-05-04 23:30:01 [@b60d4e234048]
Externo #2: Executar pendingreason_autobump_autosolve
2026-05-04 23:32:01 [@b60d4e234048]
Externo #1: Executar queuedwebhook
2026-05-04 23:34:01 [@b60d4e234048]
Externo #1: Executar queuedwebhook
2026-05-04 23:36:01 [@b60d4e234048]
Externo #1: Executar queuedwebhook
2026-05-04 23:38:01 [@b60d4e234048]
Externo #1: Executar queuedwebhook
2026-05-04 23:40:01 [@b60d4e234048]
Externo #1: Executar queuedwebhook
2026-05-04 23:42:01 [@b60d4e234048]
Externo #1: Executar queuedwebhook
2026-05-04 23:44:01 [@b60d4e234048]
Externo #1: Executar queuedwebhook
2026-05-04 23:46:01 [@b60d4e234048]
Externo #1: Executar queuedwebhook
2026-05-04 23:48:01 [@b60d4e234048]
Externo #1: Executar queuedwebhook
2026-05-04 23:50:01 [@b60d4e234048]
Externo #1: Executar queuedwebhook
2026-05-04 23:52:01 [@b60d4e234048]
Externo #1: Executar queuedwebhook
2026-05-04 23:54:01 [@b60d4e234048]
Externo #1: Executar queuedwebhook
2026-05-04 23:56:01 [@b60d4e234048]
Externo #1: Executar queuedwebhook
2026-05-04 23:58:01 [@b60d4e234048]
Externo #1: Executar queuedwebhook
2026-05-05 00:00:01 [@b60d4e234048]
Externo #1: Executar queuedwebhook
2026-05-05 00:00:01 [@b60d4e234048]
Externo #2: Executar PurgeLogs
2026-05-05 00:00:01 [@b60d4e234048]
Externo #3: Executar checkAllUpdates
2026-05-05 00:00:01 [@b60d4e234048]
Externo #4: Executar cleanorphans
2026-05-05 00:00:01 [@b60d4e234048]
Externo #5: Executar pendingreason_autobump_autosolve
2026-05-05 00:02:01 [@b60d4e234048]
Externo #1: Executar queuedwebhook
2026-05-05 00:02:01 [@b60d4e234048]
Externo #2: Executar Cleanoldagents
2026-05-05 00:02:01 [@b60d4e234048]
Externo #3: Executar queuedwebhookclean
2026-05-05 00:04:01 [@b60d4e234048]
Externo #1: Executar queuedwebhook
2026-05-05 00:06:01 [@b60d4e234048]
Externo #1: Executar queuedwebhook
2026-05-05 00:08:01 [@b60d4e234048]
Externo #1: Executar queuedwebhook
2026-05-05 00:10:01 [@b60d4e234048]
Externo #1: Executar queuedwebhook
2026-05-05 00:12:01 [@b60d4e234048]
Externo #1: Executar queuedwebhook
2026-05-05 00:14:01 [@b60d4e234048]
Externo #1: Executar queuedwebhook
2026-05-05 00:16:01 [@b60d4e234048]
Externo #1: Executar queuedwebhook
2026-05-05 00:18:01 [@b60d4e234048]
Externo #1: Executar queuedwebhook
2026-05-05 00:20:01 [@b60d4e234048]
Externo #1: Executar queuedwebhook
2026-05-05 00:22:01 [@b60d4e234048]
Externo #1: Executar queuedwebhook
2026-05-05 00:24:01 [@b60d4e234048]
Externo #1: Executar queuedwebhook
2026-05-05 00:26:01 [@b60d4e234048]
Externo #1: Executar queuedwebhook
2026-05-05 00:28:01 [@b60d4e234048]
Externo #1: Executar queuedwebhook
2026-05-05 00:30:01 [@b60d4e234048]
Externo #1: Executar queuedwebhook
2026-05-05 00:30:01 [@b60d4e234048]
Externo #2: Executar pendingreason_autobump_autosolve
2026-05-05 00:32:01 [@b60d4e234048]
Externo #1: Executar queuedwebhook
2026-05-05 00:34:01 [@b60d4e234048]
Externo #1: Executar queuedwebhook
2026-05-05 00:36:01 [@b60d4e234048]
Externo #1: Executar queuedwebhook
2026-05-05 00:38:01 [@b60d4e234048]
Externo #1: Executar queuedwebhook
2026-05-05 00:40:01 [@b60d4e234048]
Externo #1: Executar queuedwebhook
2026-05-05 00:42:01 [@b60d4e234048]
Externo #1: Executar queuedwebhook
2026-05-05 00:44:01 [@b60d4e234048]
Externo #1: Executar queuedwebhook
2026-05-05 00:46:01 [@b60d4e234048]
Externo #1: Executar queuedwebhook
2026-05-05 00:48:01 [@b60d4e234048]
Externo #1: Executar queuedwebhook
2026-05-05 00:50:01 [@b60d4e234048]
Externo #1: Executar queuedwebhook
2026-05-05 00:52:01 [@b60d4e234048]
Externo #1: Executar queuedwebhook
2026-05-05 00:54:01 [@b60d4e234048]
Externo #1: Executar queuedwebhook
2026-05-05 00:56:01 [@b60d4e234048]
Externo #1: Executar queuedwebhook
2026-05-05 00:58:01 [@b60d4e234048]
Externo #1: Executar queuedwebhook
2026-05-05 01:00:01 [@b60d4e234048]
Externo #1: Executar queuedwebhook
2026-05-05 01:00:01 [@b60d4e234048]
Externo #2: Executar pendingreason_autobump_autosolve
2026-05-05 01:02:01 [@b60d4e234048]
Externo #1: Executar queuedwebhook
2026-05-05 01:04:01 [@b60d4e234048]
Externo #1: Executar queuedwebhook
2026-05-05 01:06:01 [@b60d4e234048]
Externo #1: Executar queuedwebhook
2026-05-05 01:08:01 [@b60d4e234048]
Externo #1: Executar queuedwebhook
2026-05-05 01:10:01 [@b60d4e234048]
Externo #1: Executar queuedwebhook
2026-05-05 01:12:01 [@b60d4e234048]
Externo #1: Executar queuedwebhook
2026-05-05 01:14:01 [@b60d4e234048]
Externo #1: Executar queuedwebhook
2026-05-05 01:16:01 [@b60d4e234048]
Externo #1: Executar queuedwebhook
2026-05-05 01:18:01 [@b60d4e234048]
Externo #1: Executar queuedwebhook
2026-05-05 01:20:01 [@b60d4e234048]
Externo #1: Executar queuedwebhook
2026-05-05 01:22:01 [@b60d4e234048]
Externo #1: Executar queuedwebhook
2026-05-05 01:24:01 [@b60d4e234048]
Externo #1: Executar queuedwebhook
2026-05-05 01:26:01 [@b60d4e234048]
Externo #1: Executar queuedwebhook
2026-05-05 01:28:01 [@b60d4e234048]
Externo #1: Executar queuedwebhook
2026-05-05 01:30:01 [@b60d4e234048]
Externo #1: Executar queuedwebhook
2026-05-05 01:30:01 [@b60d4e234048]
Externo #2: Executar pendingreason_autobump_autosolve
2026-05-05 01:32:01 [@b60d4e234048]
Externo #1: Executar queuedwebhook
2026-05-05 01:34:01 [@b60d4e234048]
Externo #1: Executar queuedwebhook
2026-05-05 01:36:01 [@b60d4e234048]
Externo #1: Executar queuedwebhook
2026-05-05 01:38:01 [@b60d4e234048]
Externo #1: Executar queuedwebhook
2026-05-05 01:40:01 [@b60d4e234048]
Externo #1: Executar queuedwebhook
2026-05-05 01:42:01 [@b60d4e234048]
Externo #1: Executar queuedwebhook
2026-05-05 01:44:01 [@b60d4e234048]
Externo #1: Executar queuedwebhook
2026-05-05 01:46:01 [@b60d4e234048]
Externo #1: Executar queuedwebhook
2026-05-05 01:48:01 [@b60d4e234048]
Externo #1: Executar queuedwebhook
2026-05-05 01:50:01 [@b60d4e234048]
Externo #1: Executar queuedwebhook
2026-05-05 01:52:01 [@b60d4e234048]
Externo #1: Executar queuedwebhook
2026-05-05 01:54:01 [@b60d4e234048]
Externo #1: Executar queuedwebhook
2026-05-05 01:56:01 [@b60d4e234048]
Externo #1: Executar queuedwebhook
2026-05-05 01:58:01 [@b60d4e234048]
Externo #1: Executar queuedwebhook
2026-05-05 02:00:02 [@b60d4e234048]
Externo #1: Executar queuedwebhook
2026-05-05 02:00:02 [@b60d4e234048]
Externo #2: Executar pendingreason_autobump_autosolve
2026-05-05 02:02:01 [@b60d4e234048]
Externo #1: Executar queuedwebhook
2026-05-05 02:04:01 [@b60d4e234048]
Externo #1: Executar queuedwebhook
2026-05-05 02:06:01 [@b60d4e234048]
Externo #1: Executar queuedwebhook
2026-05-05 02:08:01 [@b60d4e234048]
Externo #1: Executar queuedwebhook
2026-05-05 02:10:01 [@b60d4e234048]
Externo #1: Executar queuedwebhook
2026-05-05 02:12:01 [@b60d4e234048]
Externo #1: Executar queuedwebhook
2026-05-05 02:14:01 [@b60d4e234048]
Externo #1: Executar queuedwebhook
2026-05-05 02:16:01 [@b60d4e234048]
Externo #1: Executar queuedwebhook
2026-05-05 02:18:01 [@b60d4e234048]
Externo #1: Executar queuedwebhook
2026-05-05 02:20:01 [@b60d4e234048]
Externo #1: Executar queuedwebhook
2026-05-05 02:22:01 [@b60d4e234048]
Externo #1: Executar queuedwebhook
2026-05-05 02:24:01 [@b60d4e234048]
Externo #1: Executar queuedwebhook
2026-05-05 02:26:01 [@b60d4e234048]
Externo #1: Executar queuedwebhook
2026-05-05 02:28:01 [@b60d4e234048]
Externo #1: Executar queuedwebhook
2026-05-05 02:30:02 [@b60d4e234048]
Externo #1: Executar queuedwebhook
2026-05-05 02:30:02 [@b60d4e234048]
Externo #2: Executar pendingreason_autobump_autosolve
2026-05-05 02:32:01 [@b60d4e234048]
Externo #1: Executar queuedwebhook
2026-05-05 02:34:01 [@b60d4e234048]
Externo #1: Executar queuedwebhook
2026-05-05 02:36:01 [@b60d4e234048]
Externo #1: Executar queuedwebhook
2026-05-05 02:38:01 [@b60d4e234048]
Externo #1: Executar queuedwebhook
2026-05-05 02:40:02 [@b60d4e234048]
Externo #1: Executar queuedwebhook
2026-05-05 02:42:02 [@b60d4e234048]
Externo #1: Executar queuedwebhook
2026-05-05 02:44:02 [@b60d4e234048]
Externo #1: Executar queuedwebhook
2026-05-05 02:46:02 [@b60d4e234048]
Externo #1: Executar queuedwebhook
2026-05-05 02:48:02 [@b60d4e234048]
Externo #1: Executar queuedwebhook
2026-05-05 02:50:02 [@b60d4e234048]
Externo #1: Executar queuedwebhook
2026-05-05 02:52:02 [@b60d4e234048]
Externo #1: Executar queuedwebhook
2026-05-05 02:54:01 [@b60d4e234048]
Externo #1: Executar queuedwebhook
2026-05-05 02:56:01 [@b60d4e234048]
Externo #1: Executar queuedwebhook
2026-05-05 02:58:01 [@b60d4e234048]
Externo #1: Executar queuedwebhook
2026-05-05 03:00:02 [@b60d4e234048]
Externo #1: Executar queuedwebhook
2026-05-05 03:00:02 [@b60d4e234048]
Externo #2: Executar pendingreason_autobump_autosolve
2026-05-05 03:02:01 [@b60d4e234048]
Externo #1: Executar queuedwebhook
2026-05-05 03:04:01 [@b60d4e234048]
Externo #1: Executar queuedwebhook
2026-05-05 03:06:01 [@b60d4e234048]
Externo #1: Executar queuedwebhook
2026-05-05 03:08:01 [@b60d4e234048]
Externo #1: Executar queuedwebhook
2026-05-05 03:10:02 [@b60d4e234048]
Externo #1: Executar queuedwebhook
2026-05-05 03:12:02 [@b60d4e234048]
Externo #1: Executar queuedwebhook
2026-05-05 03:14:02 [@b60d4e234048]
Externo #1: Executar queuedwebhook
2026-05-05 03:16:02 [@b60d4e234048]
Externo #1: Executar queuedwebhook
2026-05-05 03:18:02 [@b60d4e234048]
Externo #1: Executar queuedwebhook
2026-05-05 03:20:02 [@b60d4e234048]
Externo #1: Executar queuedwebhook
2026-05-05 03:22:02 [@b60d4e234048]
Externo #1: Executar queuedwebhook
2026-05-05 03:24:02 [@b60d4e234048]
Externo #1: Executar queuedwebhook
2026-05-05 03:26:02 [@b60d4e234048]
Externo #1: Executar queuedwebhook
2026-05-05 03:28:02 [@b60d4e234048]
Externo #1: Executar queuedwebhook
2026-05-05 03:30:02 [@b60d4e234048]
Externo #1: Executar queuedwebhook
2026-05-05 03:30:02 [@b60d4e234048]
Externo #2: Executar pendingreason_autobump_autosolve
2026-05-05 03:32:02 [@b60d4e234048]
Externo #1: Executar queuedwebhook
2026-05-05 03:34:02 [@b60d4e234048]
Externo #1: Executar queuedwebhook
2026-05-05 03:36:02 [@b60d4e234048]
Externo #1: Executar queuedwebhook
2026-05-05 03:38:01 [@b60d4e234048]
Externo #1: Executar queuedwebhook
2026-05-05 03:40:02 [@b60d4e234048]
Externo #1: Executar queuedwebhook
2026-05-05 03:42:02 [@b60d4e234048]
Externo #1: Executar queuedwebhook
2026-05-05 03:44:02 [@b60d4e234048]
Externo #1: Executar queuedwebhook
2026-05-05 03:46:02 [@b60d4e234048]
Externo #1: Executar queuedwebhook
2026-05-05 03:48:02 [@b60d4e234048]
Externo #1: Executar queuedwebhook
2026-05-05 03:50:02 [@b60d4e234048]
Externo #1: Executar queuedwebhook
2026-05-05 03:52:02 [@b60d4e234048]
Externo #1: Executar queuedwebhook
2026-05-05 03:54:02 [@b60d4e234048]
Externo #1: Executar queuedwebhook
2026-05-05 03:56:02 [@b60d4e234048]
Externo #1: Executar queuedwebhook
2026-05-05 03:58:02 [@b60d4e234048]
Externo #1: Executar queuedwebhook
2026-05-05 04:00:02 [@b60d4e234048]
Externo #1: Executar queuedwebhook
2026-05-05 04:00:02 [@b60d4e234048]
Externo #2: Executar pendingreason_autobump_autosolve
2026-05-05 04:02:02 [@b60d4e234048]
Externo #1: Executar queuedwebhook
2026-05-05 04:04:02 [@b60d4e234048]
Externo #1: Executar queuedwebhook
2026-05-05 04:06:02 [@b60d4e234048]
Externo #1: Executar queuedwebhook
2026-05-05 04:08:02 [@b60d4e234048]
Externo #1: Executar queuedwebhook
2026-05-05 04:10:01 [@b60d4e234048]
Externo #1: Executar queuedwebhook
2026-05-05 04:12:01 [@b60d4e234048]
Externo #1: Executar queuedwebhook
2026-05-05 04:14:02 [@b60d4e234048]
Externo #1: Executar queuedwebhook
2026-05-05 04:16:02 [@b60d4e234048]
Externo #1: Executar queuedwebhook
2026-05-05 04:18:02 [@b60d4e234048]
Externo #1: Executar queuedwebhook
2026-05-05 04:20:02 [@b60d4e234048]
Externo #1: Executar queuedwebhook
2026-05-05 04:22:02 [@b60d4e234048]
Externo #1: Executar queuedwebhook
2026-05-05 04:24:02 [@b60d4e234048]
Externo #1: Executar queuedwebhook
2026-05-05 04:26:02 [@b60d4e234048]
Externo #1: Executar queuedwebhook
2026-05-05 04:28:02 [@b60d4e234048]
Externo #1: Executar queuedwebhook
2026-05-05 04:30:02 [@b60d4e234048]
Externo #1: Executar queuedwebhook
2026-05-05 04:30:02 [@b60d4e234048]
Externo #2: Executar pendingreason_autobump_autosolve
2026-05-05 04:32:02 [@b60d4e234048]
Externo #1: Executar queuedwebhook
2026-05-05 04:34:02 [@b60d4e234048]
Externo #1: Executar queuedwebhook
2026-05-05 04:36:02 [@b60d4e234048]
Externo #1: Executar queuedwebhook
2026-05-05 04:38:02 [@b60d4e234048]
Externo #1: Executar queuedwebhook
2026-05-05 04:40:01 [@b60d4e234048]
Externo #1: Executar queuedwebhook
2026-05-05 04:42:01 [@b60d4e234048]
Externo #1: Executar queuedwebhook
2026-05-05 04:44:01 [@b60d4e234048]
Externo #1: Executar queuedwebhook
2026-05-05 04:46:01 [@b60d4e234048]
Externo #1: Executar queuedwebhook
2026-05-05 04:48:01 [@b60d4e234048]
Externo #1: Executar queuedwebhook
2026-05-05 04:50:01 [@b60d4e234048]
Externo #1: Executar queuedwebhook
2026-05-05 04:52:01 [@b60d4e234048]
Externo #1: Executar queuedwebhook
2026-05-05 04:54:01 [@b60d4e234048]
Externo #1: Executar queuedwebhook
2026-05-05 04:56:02 [@b60d4e234048]
Externo #1: Executar queuedwebhook
2026-05-05 04:58:02 [@b60d4e234048]
Externo #1: Executar queuedwebhook
2026-05-05 05:00:02 [@b60d4e234048]
Externo #1: Executar queuedwebhook
2026-05-05 05:00:02 [@b60d4e234048]
Externo #2: Executar pendingreason_autobump_autosolve
2026-05-05 05:02:02 [@b60d4e234048]
Externo #1: Executar queuedwebhook
2026-05-05 05:04:02 [@b60d4e234048]
Externo #1: Executar queuedwebhook
2026-05-05 05:06:02 [@b60d4e234048]
Externo #1: Executar queuedwebhook
2026-05-05 05:08:02 [@b60d4e234048]
Externo #1: Executar queuedwebhook
2026-05-05 05:10:01 [@b60d4e234048]
Externo #1: Executar queuedwebhook
2026-05-05 05:12:01 [@b60d4e234048]
Externo #1: Executar queuedwebhook
2026-05-05 05:14:01 [@b60d4e234048]
Externo #1: Executar queuedwebhook
2026-05-05 05:16:01 [@b60d4e234048]
Externo #1: Executar queuedwebhook
2026-05-05 05:18:01 [@b60d4e234048]
Externo #1: Executar queuedwebhook
2026-05-05 05:20:01 [@b60d4e234048]
Externo #1: Executar queuedwebhook
2026-05-05 05:22:01 [@b60d4e234048]
Externo #1: Executar queuedwebhook
2026-05-05 05:24:01 [@b60d4e234048]
Externo #1: Executar queuedwebhook
2026-05-05 05:26:01 [@b60d4e234048]
Externo #1: Executar queuedwebhook
2026-05-05 05:28:01 [@b60d4e234048]
Externo #1: Executar queuedwebhook
2026-05-05 05:30:01 [@b60d4e234048]
Externo #1: Executar queuedwebhook
2026-05-05 05:30:01 [@b60d4e234048]
Externo #2: Executar pendingreason_autobump_autosolve
2026-05-05 05:32:01 [@b60d4e234048]
Externo #1: Executar queuedwebhook
2026-05-05 05:34:01 [@b60d4e234048]
Externo #1: Executar queuedwebhook
2026-05-05 05:36:01 [@b60d4e234048]
Externo #1: Executar queuedwebhook
2026-05-05 05:38:02 [@b60d4e234048]
Externo #1: Executar queuedwebhook
2026-05-05 05:40:01 [@b60d4e234048]
Externo #1: Executar queuedwebhook
2026-05-05 05:42:01 [@b60d4e234048]
Externo #1: Executar queuedwebhook
2026-05-05 05:44:01 [@b60d4e234048]
Externo #1: Executar queuedwebhook
2026-05-05 05:46:01 [@b60d4e234048]
Externo #1: Executar queuedwebhook
2026-05-05 05:48:01 [@b60d4e234048]
Externo #1: Executar queuedwebhook
2026-05-05 05:50:01 [@b60d4e234048]
Externo #1: Executar queuedwebhook
2026-05-05 05:52:01 [@b60d4e234048]
Externo #1: Executar queuedwebhook
2026-05-05 05:54:01 [@b60d4e234048]
Externo #1: Executar queuedwebhook
2026-05-05 05:56:01 [@b60d4e234048]
Externo #1: Executar queuedwebhook
2026-05-05 05:58:01 [@b60d4e234048]
Externo #1: Executar queuedwebhook
2026-05-05 06:00:01 [@b60d4e234048]
Externo #1: Executar queuedwebhook
2026-05-05 06:00:01 [@b60d4e234048]
Externo #2: Executar pendingreason_autobump_autosolve
2026-05-05 06:02:01 [@b60d4e234048]
Externo #1: Executar queuedwebhook
2026-05-05 06:04:01 [@b60d4e234048]
Externo #1: Executar queuedwebhook
2026-05-05 06:06:01 [@b60d4e234048]
Externo #1: Executar queuedwebhook
2026-05-05 06:08:01 [@b60d4e234048]
Externo #1: Executar queuedwebhook
2026-05-05 06:10:01 [@b60d4e234048]
Externo #1: Executar queuedwebhook
2026-05-05 06:12:01 [@b60d4e234048]
Externo #1: Executar queuedwebhook
2026-05-05 06:14:01 [@b60d4e234048]
Externo #1: Executar queuedwebhook
2026-05-05 06:16:01 [@b60d4e234048]
Externo #1: Executar queuedwebhook
2026-05-05 06:18:01 [@b60d4e234048]
Externo #1: Executar queuedwebhook
2026-05-05 06:20:01 [@b60d4e234048]
Externo #1: Executar queuedwebhook
2026-05-05 06:22:01 [@b60d4e234048]
Externo #1: Executar queuedwebhook
2026-05-05 06:24:01 [@b60d4e234048]
Externo #1: Executar queuedwebhook
2026-05-05 06:26:01 [@b60d4e234048]
Externo #1: Executar queuedwebhook
2026-05-05 06:28:01 [@b60d4e234048]
Externo #1: Executar queuedwebhook
2026-05-05 06:30:01 [@b60d4e234048]
Externo #1: Executar queuedwebhook
2026-05-05 06:30:01 [@b60d4e234048]
Externo #2: Executar pendingreason_autobump_autosolve
2026-05-05 06:32:01 [@b60d4e234048]
Externo #1: Executar queuedwebhook
2026-05-05 06:34:01 [@b60d4e234048]
Externo #1: Executar queuedwebhook
2026-05-05 06:36:01 [@b60d4e234048]
Externo #1: Executar queuedwebhook
2026-05-05 06:38:01 [@b60d4e234048]
Externo #1: Executar queuedwebhook
2026-05-05 06:40:01 [@b60d4e234048]
Externo #1: Executar queuedwebhook
2026-05-05 06:42:01 [@b60d4e234048]
Externo #1: Executar queuedwebhook
2026-05-05 06:44:01 [@b60d4e234048]
Externo #1: Executar queuedwebhook
2026-05-05 06:46:01 [@b60d4e234048]
Externo #1: Executar queuedwebhook
2026-05-05 06:48:01 [@b60d4e234048]
Externo #1: Executar queuedwebhook
2026-05-05 06:50:01 [@b60d4e234048]
Externo #1: Executar queuedwebhook
2026-05-05 06:52:01 [@b60d4e234048]
Externo #1: Executar queuedwebhook
2026-05-05 06:54:01 [@b60d4e234048]
Externo #1: Executar queuedwebhook
2026-05-05 06:56:01 [@b60d4e234048]
Externo #1: Executar queuedwebhook
2026-05-05 06:58:01 [@b60d4e234048]
Externo #1: Executar queuedwebhook
2026-05-05 07:00:01 [@b60d4e234048]
Externo #1: Executar queuedwebhook
2026-05-05 07:00:01 [@b60d4e234048]
Externo #2: Executar pendingreason_autobump_autosolve
2026-05-05 07:02:01 [@b60d4e234048]
Externo #1: Executar queuedwebhook
2026-05-05 07:04:01 [@b60d4e234048]
Externo #1: Executar queuedwebhook
2026-05-05 07:06:01 [@b60d4e234048]
Externo #1: Executar queuedwebhook
2026-05-05 07:08:01 [@b60d4e234048]
Externo #1: Executar queuedwebhook
2026-05-05 07:10:01 [@b60d4e234048]
Externo #1: Executar queuedwebhook
2026-05-05 07:12:01 [@b60d4e234048]
Externo #1: Executar queuedwebhook
2026-05-05 07:14:01 [@b60d4e234048]
Externo #1: Executar queuedwebhook
2026-05-05 07:16:01 [@b60d4e234048]
Externo #1: Executar queuedwebhook
2026-05-05 07:18:01 [@b60d4e234048]
Externo #1: Executar queuedwebhook
2026-05-05 07:20:01 [@b60d4e234048]
Externo #1: Executar queuedwebhook
2026-05-05 07:22:01 [@b60d4e234048]
Externo #1: Executar queuedwebhook
2026-05-05 07:24:01 [@b60d4e234048]
Externo #1: Executar queuedwebhook
2026-05-05 07:26:01 [@b60d4e234048]
Externo #1: Executar queuedwebhook
2026-05-05 07:28:01 [@b60d4e234048]
Externo #1: Executar queuedwebhook
2026-05-05 07:30:01 [@b60d4e234048]
Externo #1: Executar queuedwebhook
2026-05-05 07:30:01 [@b60d4e234048]
Externo #2: Executar pendingreason_autobump_autosolve
2026-05-05 07:32:01 [@b60d4e234048]
Externo #1: Executar queuedwebhook
2026-05-05 07:34:01 [@b60d4e234048]
Externo #1: Executar queuedwebhook
2026-05-05 07:36:01 [@b60d4e234048]
Externo #1: Executar queuedwebhook
2026-05-05 07:38:01 [@b60d4e234048]
Externo #1: Executar queuedwebhook
2026-05-05 07:40:01 [@b60d4e234048]
Externo #1: Executar queuedwebhook
2026-05-05 07:42:01 [@b60d4e234048]
Externo #1: Executar queuedwebhook
2026-05-05 07:44:01 [@b60d4e234048]
Externo #1: Executar queuedwebhook
2026-05-05 07:46:01 [@b60d4e234048]
Externo #1: Executar queuedwebhook
2026-05-05 07:48:01 [@b60d4e234048]
Externo #1: Executar queuedwebhook
2026-05-05 07:50:01 [@b60d4e234048]
Externo #1: Executar queuedwebhook
2026-05-05 07:52:01 [@b60d4e234048]
Externo #1: Executar queuedwebhook
2026-05-05 07:54:01 [@b60d4e234048]
Externo #1: Executar queuedwebhook
2026-05-05 07:56:01 [@b60d4e234048]
Externo #1: Executar queuedwebhook
2026-05-05 07:58:01 [@b60d4e234048]
Externo #1: Executar queuedwebhook
2026-05-05 08:00:01 [@b60d4e234048]
Externo #1: Executar queuedwebhook
2026-05-05 08:00:01 [@b60d4e234048]
Externo #2: Executar pendingreason_autobump_autosolve
2026-05-05 08:02:01 [@b60d4e234048]
Externo #1: Executar queuedwebhook
2026-05-05 08:04:01 [@b60d4e234048]
Externo #1: Executar queuedwebhook
2026-05-05 08:06:01 [@b60d4e234048]
Externo #1: Executar queuedwebhook
2026-05-05 08:08:01 [@b60d4e234048]
Externo #1: Executar queuedwebhook
2026-05-05 08:10:01 [@b60d4e234048]
Externo #1: Executar queuedwebhook
2026-05-05 08:12:01 [@b60d4e234048]
Externo #1: Executar queuedwebhook
2026-05-05 08:14:01 [@b60d4e234048]
Externo #1: Executar queuedwebhook
2026-05-05 08:16:01 [@b60d4e234048]
Externo #1: Executar queuedwebhook
2026-05-05 08:18:01 [@b60d4e234048]
Externo #1: Executar queuedwebhook
2026-05-05 08:20:01 [@b60d4e234048]
Externo #1: Executar queuedwebhook
2026-05-05 08:22:01 [@b60d4e234048]
Externo #1: Executar queuedwebhook
2026-05-05 08:24:01 [@b60d4e234048]
Externo #1: Executar queuedwebhook
2026-05-05 08:26:01 [@b60d4e234048]
Externo #1: Executar queuedwebhook
2026-05-05 08:28:01 [@b60d4e234048]
Externo #1: Executar queuedwebhook
2026-05-05 08:30:01 [@b60d4e234048]
Externo #1: Executar queuedwebhook
2026-05-05 08:30:01 [@b60d4e234048]
Externo #2: Executar DomainsAlert
2026-05-05 08:30:01 [@b60d4e234048]
Externo #3: Executar pendingreason_autobump_autosolve
2026-05-05 08:30:01 [@b60d4e234048]
Externo #4: Executar createinquest
2026-05-05 08:30:01 [@b60d4e234048]
Externo #5: Executar purgedraftforms
2026-05-05 08:32:01 [@b60d4e234048]
Externo #1: Executar queuedwebhook
2026-05-05 08:34:01 [@b60d4e234048]
Externo #1: Executar queuedwebhook
2026-05-05 08:36:01 [@b60d4e234048]
Externo #1: Executar queuedwebhook
2026-05-05 08:38:01 [@b60d4e234048]
Externo #1: Executar queuedwebhook
2026-05-05 08:40:01 [@b60d4e234048]
Externo #1: Executar queuedwebhook
2026-05-05 08:42:01 [@b60d4e234048]
Externo #1: Executar queuedwebhook
2026-05-05 08:44:01 [@b60d4e234048]
Externo #1: Executar queuedwebhook
2026-05-05 08:46:01 [@b60d4e234048]
Externo #1: Executar queuedwebhook
2026-05-05 08:48:01 [@b60d4e234048]
Externo #1: Executar queuedwebhook
2026-05-05 08:50:01 [@b60d4e234048]
Externo #1: Executar queuedwebhook
2026-05-05 08:52:01 [@b60d4e234048]
Externo #1: Executar queuedwebhook
2026-05-05 08:54:01 [@b60d4e234048]
Externo #1: Executar queuedwebhook
2026-05-05 08:56:01 [@b60d4e234048]
Externo #1: Executar queuedwebhook
2026-05-05 08:58:01 [@b60d4e234048]
Externo #1: Executar queuedwebhook
2026-05-05 09:00:01 [@b60d4e234048]
Externo #1: Executar queuedwebhook
2026-05-05 09:00:01 [@b60d4e234048]
Externo #2: Executar pendingreason_autobump_autosolve
2026-05-05 09:02:01 [@b60d4e234048]
Externo #1: Executar queuedwebhook
2026-05-05 09:04:01 [@b60d4e234048]
Externo #1: Executar queuedwebhook
2026-05-05 09:06:01 [@b60d4e234048]
Externo #1: Executar queuedwebhook
2026-05-05 09:08:01 [@b60d4e234048]
Externo #1: Executar queuedwebhook
2026-05-05 09:10:01 [@b60d4e234048]
Externo #1: Executar queuedwebhook
2026-05-05 09:12:01 [@b60d4e234048]
Externo #1: Executar queuedwebhook
2026-05-05 09:14:01 [@b60d4e234048]
Externo #1: Executar queuedwebhook
2026-05-05 09:16:01 [@b60d4e234048]
Externo #1: Executar queuedwebhook
2026-05-05 09:18:01 [@b60d4e234048]
Externo #1: Executar queuedwebhook
2026-05-05 09:20:01 [@b60d4e234048]
Externo #1: Executar queuedwebhook
2026-05-05 09:22:01 [@b60d4e234048]
Externo #1: Executar queuedwebhook
2026-05-05 09:24:01 [@b60d4e234048]
Externo #1: Executar queuedwebhook
2026-05-05 09:26:01 [@b60d4e234048]
Externo #1: Executar queuedwebhook
2026-05-05 09:28:01 [@b60d4e234048]
Externo #1: Executar queuedwebhook
2026-05-05 09:30:01 [@b60d4e234048]
Externo #1: Executar queuedwebhook
2026-05-05 09:30:01 [@b60d4e234048]
Externo #2: Executar pendingreason_autobump_autosolve
2026-05-05 09:32:01 [@b60d4e234048]
Externo #1: Executar queuedwebhook
2026-05-05 09:34:01 [@b60d4e234048]
Externo #1: Executar queuedwebhook
2026-05-05 09:36:01 [@b60d4e234048]
Externo #1: Executar queuedwebhook
2026-05-05 09:38:01 [@b60d4e234048]
Externo #1: Executar queuedwebhook
2026-05-05 09:40:01 [@b60d4e234048]
Externo #1: Executar queuedwebhook
2026-05-05 09:42:01 [@b60d4e234048]
Externo #1: Executar queuedwebhook
2026-05-05 09:44:01 [@b60d4e234048]
Externo #1: Executar queuedwebhook
2026-05-05 09:46:01 [@b60d4e234048]
Externo #1: Executar queuedwebhook
2026-05-05 09:48:01 [@b60d4e234048]
Externo #1: Executar queuedwebhook
2026-05-05 09:50:01 [@b60d4e234048]
Externo #1: Executar queuedwebhook
2026-05-05 09:52:01 [@b60d4e234048]
Externo #1: Executar queuedwebhook
2026-05-05 09:54:01 [@b60d4e234048]
Externo #1: Executar queuedwebhook
2026-05-05 09:56:01 [@b60d4e234048]
Externo #1: Executar queuedwebhook
2026-05-05 09:58:01 [@b60d4e234048]
Externo #1: Executar queuedwebhook
2026-05-05 10:00:01 [@b60d4e234048]
Externo #1: Executar queuedwebhook
2026-05-05 10:00:01 [@b60d4e234048]
Externo #2: Executar pendingreason_autobump_autosolve
2026-05-05 10:02:01 [@b60d4e234048]
Externo #1: Executar queuedwebhook
2026-05-05 10:04:02 [@b60d4e234048]
Externo #1: Executar queuedwebhook
2026-05-05 10:06:01 [@b60d4e234048]
Externo #1: Executar queuedwebhook
2026-05-05 10:08:01 [@b60d4e234048]
Externo #1: Executar queuedwebhook
2026-05-05 10:10:02 [@b60d4e234048]
Externo #1: Executar queuedwebhook
2026-05-05 10:12:02 [@b60d4e234048]
Externo #1: Executar queuedwebhook
2026-05-05 10:14:02 [@b60d4e234048]
Externo #1: Executar queuedwebhook
2026-05-05 10:16:02 [@b60d4e234048]
Externo #1: Executar queuedwebhook
2026-05-05 10:18:02 [@b60d4e234048]
Externo #1: Executar queuedwebhook
2026-05-05 10:20:02 [@b60d4e234048]
Externo #1: Executar queuedwebhook
2026-05-05 10:22:02 [@b60d4e234048]
Externo #1: Executar queuedwebhook
2026-05-05 10:24:02 [@b60d4e234048]
Externo #1: Executar queuedwebhook
2026-05-05 10:26:02 [@b60d4e234048]
Externo #1: Executar queuedwebhook
2026-05-05 10:28:02 [@b60d4e234048]
Externo #1: Executar queuedwebhook
2026-05-05 10:30:02 [@b60d4e234048]
Externo #1: Executar queuedwebhook
2026-05-05 10:30:02 [@b60d4e234048]
Externo #2: Executar pendingreason_autobump_autosolve
2026-05-05 10:32:02 [@b60d4e234048]
Externo #1: Executar queuedwebhook
2026-05-05 10:34:01 [@b60d4e234048]
Externo #1: Executar queuedwebhook
2026-05-05 10:36:02 [@b60d4e234048]
Externo #1: Executar queuedwebhook
2026-05-05 10:38:02 [@b60d4e234048]
Externo #1: Executar queuedwebhook
2026-05-05 10:40:02 [@b60d4e234048]
Externo #1: Executar queuedwebhook
2026-05-05 10:42:02 [@b60d4e234048]
Externo #1: Executar queuedwebhook
2026-05-05 10:44:02 [@b60d4e234048]
Externo #1: Executar queuedwebhook
2026-05-05 10:46:02 [@b60d4e234048]
Externo #1: Executar queuedwebhook
2026-05-05 10:48:02 [@b60d4e234048]
Externo #1: Executar queuedwebhook
2026-05-05 10:50:02 [@b60d4e234048]
Externo #1: Executar queuedwebhook
2026-05-05 10:52:02 [@b60d4e234048]
Externo #1: Executar queuedwebhook
2026-05-05 10:54:02 [@b60d4e234048]
Externo #1: Executar queuedwebhook
2026-05-05 10:56:02 [@b60d4e234048]
Externo #1: Executar queuedwebhook
2026-05-05 10:58:02 [@b60d4e234048]
Externo #1: Executar queuedwebhook
2026-05-05 11:00:02 [@b60d4e234048]
Externo #1: Executar queuedwebhook
2026-05-05 11:00:02 [@b60d4e234048]
Externo #2: Executar pendingreason_autobump_autosolve
2026-05-05 11:02:02 [@b60d4e234048]
Externo #1: Executar queuedwebhook
2026-05-05 11:04:02 [@b60d4e234048]
Externo #1: Executar queuedwebhook
2026-05-05 11:06:02 [@b60d4e234048]
Externo #1: Executar queuedwebhook
2026-05-05 11:08:02 [@b60d4e234048]
Externo #1: Executar queuedwebhook
2026-05-05 11:10:01 [@b60d4e234048]
Externo #1: Executar queuedwebhook
2026-05-05 11:12:01 [@b60d4e234048]
Externo #1: Executar queuedwebhook
2026-05-05 11:14:02 [@b60d4e234048]
Externo #1: Executar queuedwebhook
2026-05-05 11:16:02 [@b60d4e234048]
Externo #1: Executar queuedwebhook
2026-05-05 11:18:02 [@b60d4e234048]
Externo #1: Executar queuedwebhook
2026-05-05 11:20:02 [@b60d4e234048]
Externo #1: Executar queuedwebhook
2026-05-05 11:22:02 [@b60d4e234048]
Externo #1: Executar queuedwebhook
2026-05-05 11:24:02 [@b60d4e234048]
Externo #1: Executar queuedwebhook
2026-05-05 11:26:02 [@b60d4e234048]
Externo #1: Executar queuedwebhook
2026-05-05 11:28:02 [@b60d4e234048]
Externo #1: Executar queuedwebhook
2026-05-05 11:30:02 [@b60d4e234048]
Externo #1: Executar queuedwebhook
2026-05-05 11:30:02 [@b60d4e234048]
Externo #2: Executar pendingreason_autobump_autosolve
2026-05-05 11:32:02 [@b60d4e234048]
Externo #1: Executar queuedwebhook
2026-05-05 11:34:02 [@b60d4e234048]
Externo #1: Executar queuedwebhook
2026-05-05 11:36:02 [@b60d4e234048]
Externo #1: Executar queuedwebhook
2026-05-05 11:38:02 [@b60d4e234048]
Externo #1: Executar queuedwebhook
2026-05-05 11:40:01 [@b60d4e234048]
Externo #1: Executar queuedwebhook
2026-05-05 11:42:01 [@b60d4e234048]
Externo #1: Executar queuedwebhook
2026-05-05 11:44:01 [@b60d4e234048]
Externo #1: Executar queuedwebhook
2026-05-05 11:46:01 [@b60d4e234048]
Externo #1: Executar queuedwebhook
2026-05-05 11:48:01 [@b60d4e234048]
Externo #1: Executar queuedwebhook
2026-05-05 11:50:01 [@b60d4e234048]
Externo #1: Executar queuedwebhook
2026-05-05 11:52:01 [@b60d4e234048]
Externo #1: Executar queuedwebhook
2026-05-05 11:54:01 [@b60d4e234048]
Externo #1: Executar queuedwebhook
2026-05-05 11:56:02 [@b60d4e234048]
Externo #1: Executar queuedwebhook
2026-05-05 11:58:02 [@b60d4e234048]
Externo #1: Executar queuedwebhook
2026-05-05 12:00:02 [@b60d4e234048]
Externo #1: Executar queuedwebhook
2026-05-05 12:00:02 [@b60d4e234048]
Externo #2: Executar pendingreason_autobump_autosolve
2026-05-05 12:02:02 [@b60d4e234048]
Externo #1: Executar queuedwebhook
2026-05-05 12:04:01 [@b60d4e234048]
Externo #1: Executar queuedwebhook
2026-05-05 12:06:02 [@b60d4e234048]
Externo #1: Executar queuedwebhook
2026-05-05 12:08:02 [@b60d4e234048]
Externo #1: Executar queuedwebhook
2026-05-05 12:10:01 [@b60d4e234048]
Externo #1: Executar queuedwebhook
2026-05-05 12:12:01 [@b60d4e234048]
Externo #1: Executar queuedwebhook
2026-05-05 12:14:01 [@b60d4e234048]
Externo #1: Executar queuedwebhook
2026-05-05 12:16:01 [@b60d4e234048]
Externo #1: Executar queuedwebhook
2026-05-05 12:18:01 [@b60d4e234048]
Externo #1: Executar queuedwebhook
2026-05-05 12:20:01 [@b60d4e234048]
Externo #1: Executar queuedwebhook
2026-05-05 12:22:01 [@b60d4e234048]
Externo #1: Executar queuedwebhook
2026-05-05 12:24:01 [@b60d4e234048]
Externo #1: Executar queuedwebhook
2026-05-05 12:26:01 [@b60d4e234048]
Externo #1: Executar queuedwebhook
2026-05-05 12:28:01 [@b60d4e234048]
Externo #1: Executar queuedwebhook
2026-05-05 12:30:01 [@b60d4e234048]
Externo #1: Executar queuedwebhook
2026-05-05 12:30:01 [@b60d4e234048]
Externo #2: Executar pendingreason_autobump_autosolve
2026-05-05 12:32:02 [@b60d4e234048]
Externo #1: Executar queuedwebhook
2026-05-05 12:34:02 [@b60d4e234048]
Externo #1: Executar queuedwebhook
2026-05-05 12:36:02 [@b60d4e234048]
Externo #1: Executar queuedwebhook
2026-05-05 12:38:02 [@b60d4e234048]
Externo #1: Executar queuedwebhook
2026-05-05 12:40:01 [@b60d4e234048]
Externo #1: Executar queuedwebhook
2026-05-05 12:42:01 [@b60d4e234048]
Externo #1: Executar queuedwebhook
2026-05-05 12:44:01 [@b60d4e234048]
Externo #1: Executar queuedwebhook
2026-05-05 12:46:01 [@b60d4e234048]
Externo #1: Executar queuedwebhook
2026-05-05 12:48:01 [@b60d4e234048]
Externo #1: Executar queuedwebhook
2026-05-05 12:50:01 [@b60d4e234048]
Externo #1: Executar queuedwebhook
2026-05-05 12:52:01 [@b60d4e234048]
Externo #1: Executar queuedwebhook
2026-05-05 12:54:01 [@b60d4e234048]
Externo #1: Executar queuedwebhook
2026-05-05 12:56:02 [@b60d4e234048]
Externo #1: Executar queuedwebhook
2026-05-05 12:58:02 [@b60d4e234048]
Externo #1: Executar queuedwebhook
2026-05-05 13:00:02 [@b60d4e234048]
Externo #1: Executar queuedwebhook
2026-05-05 13:00:02 [@b60d4e234048]
Externo #2: Executar pendingreason_autobump_autosolve
2026-05-05 13:02:02 [@b60d4e234048]
Externo #1: Executar queuedwebhook
2026-05-05 13:04:02 [@b60d4e234048]
Externo #1: Executar queuedwebhook
2026-05-05 13:06:02 [@b60d4e234048]
Externo #1: Executar queuedwebhook
2026-05-05 13:08:02 [@b60d4e234048]
Externo #1: Executar queuedwebhook
2026-05-05 13:10:01 [@b60d4e234048]
Externo #1: Executar queuedwebhook
2026-05-05 13:12:01 [@b60d4e234048]
Externo #1: Executar queuedwebhook
2026-05-05 13:14:01 [@b60d4e234048]
Externo #1: Executar queuedwebhook
2026-05-05 13:16:01 [@b60d4e234048]
Externo #1: Executar queuedwebhook
2026-05-05 13:18:01 [@b60d4e234048]
Externo #1: Executar queuedwebhook
2026-05-05 13:20:01 [@b60d4e234048]
Externo #1: Executar queuedwebhook
2026-05-05 13:22:01 [@b60d4e234048]
Externo #1: Executar queuedwebhook
2026-05-05 13:24:02 [@b60d4e234048]
Externo #1: Executar queuedwebhook
2026-05-05 13:26:02 [@b60d4e234048]
Externo #1: Executar queuedwebhook
2026-05-05 13:28:02 [@b60d4e234048]
Externo #1: Executar queuedwebhook
2026-05-05 13:30:02 [@b60d4e234048]
Externo #1: Executar queuedwebhook
2026-05-05 13:30:02 [@b60d4e234048]
Externo #2: Executar pendingreason_autobump_autosolve
2026-05-05 13:32:02 [@b60d4e234048]
Externo #1: Executar queuedwebhook
2026-05-05 13:34:02 [@b60d4e234048]
Externo #1: Executar queuedwebhook
2026-05-05 13:36:02 [@b60d4e234048]
Externo #1: Executar queuedwebhook
2026-05-05 13:38:02 [@b60d4e234048]
Externo #1: Executar queuedwebhook
2026-05-05 13:40:01 [@b60d4e234048]
Externo #1: Executar queuedwebhook
2026-05-05 13:42:01 [@b60d4e234048]
Externo #1: Executar queuedwebhook
2026-05-05 13:44:01 [@b60d4e234048]
Externo #1: Executar queuedwebhook
2026-05-05 13:46:01 [@b60d4e234048]
Externo #1: Executar queuedwebhook
2026-05-05 13:48:01 [@b60d4e234048]
Externo #1: Executar queuedwebhook
2026-05-05 13:50:01 [@b60d4e234048]
Externo #1: Executar queuedwebhook
2026-05-05 13:52:01 [@b60d4e234048]
Externo #1: Executar queuedwebhook
2026-05-05 13:54:02 [@b60d4e234048]
Externo #1: Executar queuedwebhook
2026-05-05 13:56:02 [@b60d4e234048]
Externo #1: Executar queuedwebhook
2026-05-05 13:58:02 [@b60d4e234048]
Externo #1: Executar queuedwebhook
2026-05-05 14:00:02 [@b60d4e234048]
Externo #1: Executar queuedwebhook
2026-05-05 14:00:02 [@b60d4e234048]
Externo #2: Executar pendingreason_autobump_autosolve
2026-05-05 14:02:02 [@b60d4e234048]
Externo #1: Executar queuedwebhook
2026-05-05 14:04:02 [@b60d4e234048]
Externo #1: Executar queuedwebhook
2026-05-05 14:06:02 [@b60d4e234048]
Externo #1: Executar queuedwebhook
2026-05-05 14:08:02 [@b60d4e234048]
Externo #1: Executar queuedwebhook
2026-05-05 14:10:01 [@b60d4e234048]
Externo #1: Executar queuedwebhook
2026-05-05 14:12:01 [@b60d4e234048]
Externo #1: Executar queuedwebhook
2026-05-05 14:14:01 [@b60d4e234048]
Externo #1: Executar queuedwebhook
2026-05-05 14:16:01 [@b60d4e234048]
Externo #1: Executar queuedwebhook
2026-05-05 14:18:01 [@b60d4e234048]
Externo #1: Executar queuedwebhook
2026-05-05 14:20:01 [@b60d4e234048]
Externo #1: Executar queuedwebhook
2026-05-05 14:22:01 [@b60d4e234048]
Externo #1: Executar queuedwebhook
2026-05-05 14:24:01 [@b60d4e234048]
Externo #1: Executar queuedwebhook
2026-05-05 14:26:01 [@b60d4e234048]
Externo #1: Executar queuedwebhook
2026-05-05 14:28:01 [@b60d4e234048]
Externo #1: Executar queuedwebhook
2026-05-05 14:30:02 [@b60d4e234048]
Externo #1: Executar queuedwebhook
2026-05-05 14:30:02 [@b60d4e234048]
Externo #2: Executar pendingreason_autobump_autosolve
2026-05-05 14:32:02 [@b60d4e234048]
Externo #1: Executar queuedwebhook
2026-05-05 14:34:02 [@b60d4e234048]
Externo #1: Executar queuedwebhook
2026-05-05 14:36:02 [@b60d4e234048]
Externo #1: Executar queuedwebhook
2026-05-05 14:38:02 [@b60d4e234048]
Externo #1: Executar queuedwebhook
2026-05-05 14:40:01 [@b60d4e234048]
Externo #1: Executar queuedwebhook
2026-05-05 14:42:01 [@b60d4e234048]
Externo #1: Executar queuedwebhook
2026-05-05 14:44:01 [@b60d4e234048]
Externo #1: Executar queuedwebhook
2026-05-05 14:46:01 [@b60d4e234048]
Externo #1: Executar queuedwebhook
2026-05-05 14:48:01 [@b60d4e234048]
Externo #1: Executar queuedwebhook
2026-05-05 14:50:01 [@b60d4e234048]
Externo #1: Executar queuedwebhook
2026-05-05 14:52:01 [@b60d4e234048]
Externo #1: Executar queuedwebhook
2026-05-05 14:54:01 [@b60d4e234048]
Externo #1: Executar queuedwebhook
2026-05-05 14:56:01 [@b60d4e234048]
Externo #1: Executar queuedwebhook
2026-05-05 14:58:01 [@b60d4e234048]
Externo #1: Executar queuedwebhook
2026-05-05 15:00:02 [@b60d4e234048]
Externo #1: Executar queuedwebhook
2026-05-05 15:00:02 [@b60d4e234048]
Externo #2: Executar pendingreason_autobump_autosolve
2026-05-05 15:02:02 [@b60d4e234048]
Externo #1: Executar queuedwebhook
2026-05-05 15:04:02 [@b60d4e234048]
Externo #1: Executar queuedwebhook
2026-05-05 15:06:02 [@b60d4e234048]
Externo #1: Executar queuedwebhook
2026-05-05 15:08:02 [@b60d4e234048]
Externo #1: Executar queuedwebhook
2026-05-05 15:10:01 [@b60d4e234048]
Externo #1: Executar queuedwebhook
2026-05-05 15:12:01 [@b60d4e234048]
Externo #1: Executar queuedwebhook
2026-05-05 15:14:01 [@b60d4e234048]
Externo #1: Executar queuedwebhook
2026-05-05 15:16:01 [@b60d4e234048]
Externo #1: Executar queuedwebhook
2026-05-05 15:18:01 [@b60d4e234048]
Externo #1: Executar queuedwebhook
2026-05-05 15:20:01 [@b60d4e234048]
Externo #1: Executar queuedwebhook
2026-05-05 15:22:01 [@b60d4e234048]
Externo #1: Executar queuedwebhook
2026-05-05 15:24:01 [@b60d4e234048]
Externo #1: Executar queuedwebhook
2026-05-05 15:26:01 [@b60d4e234048]
Externo #1: Executar queuedwebhook
2026-05-05 15:28:01 [@b60d4e234048]
Externo #1: Executar queuedwebhook
2026-05-05 15:30:01 [@b60d4e234048]
Externo #1: Executar queuedwebhook
2026-05-05 15:30:01 [@b60d4e234048]
Externo #2: Executar pendingreason_autobump_autosolve
2026-05-05 15:32:01 [@b60d4e234048]
Externo #1: Executar queuedwebhook
2026-05-05 15:34:01 [@b60d4e234048]
Externo #1: Executar queuedwebhook
2026-05-05 15:36:01 [@b60d4e234048]
Externo #1: Executar queuedwebhook
2026-05-05 15:38:01 [@b60d4e234048]
Externo #1: Executar queuedwebhook
2026-05-05 15:40:01 [@b60d4e234048]
Externo #1: Executar queuedwebhook
2026-05-05 15:42:01 [@b60d4e234048]
Externo #1: Executar queuedwebhook
2026-05-05 15:44:01 [@b60d4e234048]
Externo #1: Executar queuedwebhook
2026-05-05 15:46:01 [@b60d4e234048]
Externo #1: Executar queuedwebhook
2026-05-05 15:48:01 [@b60d4e234048]
Externo #1: Executar queuedwebhook
2026-05-05 15:50:01 [@b60d4e234048]
Externo #1: Executar queuedwebhook
2026-05-05 15:52:01 [@b60d4e234048]
Externo #1: Executar queuedwebhook
2026-05-05 15:54:01 [@b60d4e234048]
Externo #1: Executar queuedwebhook
2026-05-05 15:56:01 [@b60d4e234048]
Externo #1: Executar queuedwebhook
2026-05-05 15:58:01 [@b60d4e234048]
Externo #1: Executar queuedwebhook
2026-05-05 16:00:01 [@b60d4e234048]
Externo #1: Executar queuedwebhook
2026-05-05 16:00:01 [@b60d4e234048]
Externo #2: Executar pendingreason_autobump_autosolve
2026-05-05 16:02:01 [@b60d4e234048]
Externo #1: Executar queuedwebhook
2026-05-05 16:04:01 [@b60d4e234048]
Externo #1: Executar queuedwebhook
2026-05-05 16:06:01 [@b60d4e234048]
Externo #1: Executar queuedwebhook
2026-05-05 16:08:01 [@b60d4e234048]
Externo #1: Executar queuedwebhook
2026-05-05 16:10:01 [@b60d4e234048]
Externo #1: Executar queuedwebhook
2026-05-05 16:12:01 [@b60d4e234048]
Externo #1: Executar queuedwebhook
2026-05-05 16:14:01 [@b60d4e234048]
Externo #1: Executar queuedwebhook
2026-05-05 16:16:01 [@b60d4e234048]
Externo #1: Executar queuedwebhook
2026-05-05 16:18:01 [@b60d4e234048]
Externo #1: Executar queuedwebhook
2026-05-05 16:20:01 [@b60d4e234048]
Externo #1: Executar queuedwebhook
2026-05-05 16:22:01 [@b60d4e234048]
Externo #1: Executar queuedwebhook
2026-05-05 16:24:01 [@b60d4e234048]
Externo #1: Executar queuedwebhook
2026-05-05 16:26:01 [@b60d4e234048]
Externo #1: Executar queuedwebhook
2026-05-05 16:28:01 [@b60d4e234048]
Externo #1: Executar queuedwebhook
2026-05-05 16:30:01 [@b60d4e234048]
Externo #1: Executar queuedwebhook
2026-05-05 16:30:01 [@b60d4e234048]
Externo #2: Executar pendingreason_autobump_autosolve
2026-05-05 16:32:01 [@b60d4e234048]
Externo #1: Executar queuedwebhook
2026-05-05 16:34:01 [@b60d4e234048]
Externo #1: Executar queuedwebhook
2026-05-05 16:36:01 [@b60d4e234048]
Externo #1: Executar queuedwebhook
2026-05-05 16:38:01 [@b60d4e234048]
Externo #1: Executar queuedwebhook
2026-05-05 16:40:01 [@b60d4e234048]
Externo #1: Executar queuedwebhook
2026-05-05 16:42:01 [@b60d4e234048]
Externo #1: Executar queuedwebhook
2026-05-05 16:44:01 [@b60d4e234048]
Externo #1: Executar queuedwebhook
2026-05-05 16:46:01 [@b60d4e234048]
Externo #1: Executar queuedwebhook
2026-05-05 16:48:01 [@b60d4e234048]
Externo #1: Executar queuedwebhook
2026-05-05 16:50:01 [@b60d4e234048]
Externo #1: Executar queuedwebhook
2026-05-05 16:52:01 [@b60d4e234048]
Externo #1: Executar queuedwebhook
2026-05-05 16:54:01 [@b60d4e234048]
Externo #1: Executar queuedwebhook
2026-05-05 16:56:01 [@b60d4e234048]
Externo #1: Executar queuedwebhook
2026-05-05 16:58:01 [@b60d4e234048]
Externo #1: Executar queuedwebhook
2026-05-05 17:00:01 [@b60d4e234048]
Externo #1: Executar queuedwebhook
2026-05-05 17:00:01 [@b60d4e234048]
Externo #2: Executar pendingreason_autobump_autosolve
2026-05-05 17:02:01 [@b60d4e234048]
Externo #1: Executar queuedwebhook
2026-05-05 17:04:01 [@b60d4e234048]
Externo #1: Executar queuedwebhook
2026-05-05 17:06:01 [@b60d4e234048]
Externo #1: Executar queuedwebhook
2026-05-05 17:08:01 [@b60d4e234048]
Externo #1: Executar queuedwebhook
2026-05-05 17:10:01 [@b60d4e234048]
Externo #1: Executar queuedwebhook
2026-05-05 17:12:01 [@b60d4e234048]
Externo #1: Executar queuedwebhook
2026-05-05 17:14:01 [@b60d4e234048]
Externo #1: Executar queuedwebhook
2026-05-05 17:16:01 [@b60d4e234048]
Externo #1: Executar queuedwebhook
2026-05-05 17:18:01 [@b60d4e234048]
Externo #1: Executar queuedwebhook
2026-05-05 17:20:01 [@b60d4e234048]
Externo #1: Executar queuedwebhook
2026-05-05 17:22:01 [@b60d4e234048]
Externo #1: Executar queuedwebhook
2026-05-05 17:24:01 [@b60d4e234048]
Externo #1: Executar queuedwebhook
2026-05-05 17:26:01 [@b60d4e234048]
Externo #1: Executar queuedwebhook
2026-05-05 17:28:01 [@b60d4e234048]
Externo #1: Executar queuedwebhook
2026-05-05 17:30:01 [@b60d4e234048]
Externo #1: Executar queuedwebhook
2026-05-05 17:30:01 [@b60d4e234048]
Externo #2: Executar pendingreason_autobump_autosolve
2026-05-05 17:32:01 [@b60d4e234048]
Externo #1: Executar queuedwebhook
2026-05-05 17:34:01 [@b60d4e234048]
Externo #1: Executar queuedwebhook
2026-05-05 17:36:01 [@b60d4e234048]
Externo #1: Executar queuedwebhook
2026-05-05 17:38:01 [@b60d4e234048]
Externo #1: Executar queuedwebhook
2026-05-05 17:40:01 [@b60d4e234048]
Externo #1: Executar queuedwebhook
2026-05-05 17:42:01 [@b60d4e234048]
Externo #1: Executar queuedwebhook
2026-05-05 17:44:01 [@b60d4e234048]
Externo #1: Executar queuedwebhook
2026-05-05 17:46:01 [@b60d4e234048]
Externo #1: Executar queuedwebhook
2026-05-05 17:48:01 [@b60d4e234048]
Externo #1: Executar queuedwebhook
2026-05-05 17:50:01 [@b60d4e234048]
Externo #1: Executar queuedwebhook
2026-05-05 17:52:01 [@b60d4e234048]
Externo #1: Executar queuedwebhook
2026-05-05 17:54:01 [@b60d4e234048]
Externo #1: Executar queuedwebhook
2026-05-05 17:56:01 [@b60d4e234048]
Externo #1: Executar queuedwebhook
2026-05-05 17:58:01 [@b60d4e234048]
Externo #1: Executar queuedwebhook
2026-05-05 18:00:01 [@b60d4e234048]
Externo #1: Executar queuedwebhook
2026-05-05 18:00:01 [@b60d4e234048]
Externo #2: Executar pendingreason_autobump_autosolve
2026-05-05 18:02:01 [@b60d4e234048]
Externo #1: Executar queuedwebhook
2026-05-05 18:04:01 [@b60d4e234048]
Externo #1: Executar queuedwebhook
2026-05-05 18:06:01 [@b60d4e234048]
Externo #1: Executar queuedwebhook
2026-05-05 18:08:01 [@b60d4e234048]
Externo #1: Executar queuedwebhook
2026-05-05 18:10:01 [@b60d4e234048]
Externo #1: Executar queuedwebhook
2026-05-05 18:12:01 [@b60d4e234048]
Externo #1: Executar queuedwebhook
2026-05-05 18:14:01 [@b60d4e234048]
Externo #1: Executar queuedwebhook
2026-05-05 18:16:01 [@b60d4e234048]
Externo #1: Executar queuedwebhook
2026-05-05 18:18:01 [@b60d4e234048]
Externo #1: Executar queuedwebhook
2026-05-05 18:20:01 [@b60d4e234048]
Externo #1: Executar queuedwebhook
2026-05-05 18:22:01 [@b60d4e234048]
Externo #1: Executar queuedwebhook
2026-05-05 18:24:01 [@b60d4e234048]
Externo #1: Executar queuedwebhook
2026-05-05 18:26:01 [@b60d4e234048]
Externo #1: Executar queuedwebhook
2026-05-05 18:28:01 [@b60d4e234048]
Externo #1: Executar queuedwebhook
2026-05-05 18:30:01 [@b60d4e234048]
Externo #1: Executar queuedwebhook
2026-05-05 18:30:01 [@b60d4e234048]
Externo #2: Executar pendingreason_autobump_autosolve
2026-05-05 18:32:01 [@b60d4e234048]
Externo #1: Executar queuedwebhook
2026-05-05 18:34:01 [@b60d4e234048]
Externo #1: Executar queuedwebhook
2026-05-05 18:36:01 [@b60d4e234048]
Externo #1: Executar queuedwebhook
2026-05-05 18:38:01 [@b60d4e234048]
Externo #1: Executar queuedwebhook
2026-05-05 18:40:01 [@b60d4e234048]
Externo #1: Executar queuedwebhook
2026-05-05 18:42:01 [@b60d4e234048]
Externo #1: Executar queuedwebhook
2026-05-05 18:44:01 [@b60d4e234048]
Externo #1: Executar queuedwebhook
2026-05-05 18:46:01 [@b60d4e234048]
Externo #1: Executar queuedwebhook
2026-05-05 18:48:01 [@b60d4e234048]
Externo #1: Executar queuedwebhook
2026-05-05 18:50:01 [@b60d4e234048]
Externo #1: Executar queuedwebhook
2026-05-05 18:52:01 [@b60d4e234048]
Externo #1: Executar queuedwebhook
2026-05-05 18:54:01 [@b60d4e234048]
Externo #1: Executar queuedwebhook
2026-05-05 18:56:01 [@b60d4e234048]
Externo #1: Executar queuedwebhook
2026-05-05 18:58:01 [@b60d4e234048]
Externo #1: Executar queuedwebhook
2026-05-05 19:00:01 [@b60d4e234048]
Externo #1: Executar queuedwebhook
2026-05-05 19:00:01 [@b60d4e234048]
Externo #2: Executar pendingreason_autobump_autosolve
2026-05-05 19:02:01 [@b60d4e234048]
Externo #1: Executar queuedwebhook
2026-05-05 19:04:01 [@b60d4e234048]
Externo #1: Executar queuedwebhook
2026-05-05 19:06:01 [@b60d4e234048]
Externo #1: Executar queuedwebhook
2026-05-05 19:08:01 [@b60d4e234048]
Externo #1: Executar queuedwebhook
2026-05-05 19:10:01 [@b60d4e234048]
Externo #1: Executar queuedwebhook
2026-05-05 19:12:01 [@b60d4e234048]
Externo #1: Executar queuedwebhook
2026-05-05 19:14:01 [@b60d4e234048]
Externo #1: Executar queuedwebhook
2026-05-05 19:16:01 [@b60d4e234048]
Externo #1: Executar queuedwebhook
2026-05-05 19:18:01 [@b60d4e234048]
Externo #1: Executar queuedwebhook
2026-05-05 19:20:01 [@b60d4e234048]
Externo #1: Executar queuedwebhook
2026-05-05 19:22:01 [@b60d4e234048]
Externo #1: Executar queuedwebhook
2026-05-05 19:24:01 [@b60d4e234048]
Externo #1: Executar queuedwebhook
2026-05-05 19:26:01 [@b60d4e234048]
Externo #1: Executar queuedwebhook
2026-05-05 19:28:01 [@b60d4e234048]
Externo #1: Executar queuedwebhook
2026-05-05 19:30:01 [@b60d4e234048]
Externo #1: Executar queuedwebhook
2026-05-05 19:30:01 [@b60d4e234048]
Externo #2: Executar pendingreason_autobump_autosolve
2026-05-05 19:32:01 [@b60d4e234048]
Externo #1: Executar queuedwebhook
2026-05-05 19:34:01 [@b60d4e234048]
Externo #1: Executar queuedwebhook
2026-05-05 19:36:01 [@b60d4e234048]
Externo #1: Executar queuedwebhook
2026-05-05 19:38:01 [@b60d4e234048]
Externo #1: Executar queuedwebhook
2026-05-05 19:40:01 [@b60d4e234048]
Externo #1: Executar queuedwebhook
2026-05-05 19:42:01 [@b60d4e234048]
Externo #1: Executar queuedwebhook
2026-05-05 19:44:01 [@b60d4e234048]
Externo #1: Executar queuedwebhook
2026-05-05 19:46:01 [@b60d4e234048]
Externo #1: Executar queuedwebhook
2026-05-05 19:48:01 [@b60d4e234048]
Externo #1: Executar queuedwebhook
2026-05-05 19:50:01 [@b60d4e234048]
Externo #1: Executar queuedwebhook
2026-05-05 19:52:01 [@b60d4e234048]
Externo #1: Executar queuedwebhook
2026-05-05 19:54:01 [@b60d4e234048]
Externo #1: Executar queuedwebhook
2026-05-05 19:56:01 [@b60d4e234048]
Externo #1: Executar queuedwebhook
2026-05-05 19:58:01 [@b60d4e234048]
Externo #1: Executar queuedwebhook
2026-05-05 20:00:01 [@b60d4e234048]
Externo #1: Executar queuedwebhook
2026-05-05 20:00:01 [@b60d4e234048]
Externo #2: Executar pendingreason_autobump_autosolve
2026-05-05 20:02:01 [@b60d4e234048]
Externo #1: Executar queuedwebhook
2026-05-05 20:04:01 [@b60d4e234048]
Externo #1: Executar queuedwebhook
2026-05-05 20:06:01 [@b60d4e234048]
Externo #1: Executar queuedwebhook
2026-05-05 20:08:01 [@b60d4e234048]
Externo #1: Executar queuedwebhook
2026-05-05 20:10:01 [@b60d4e234048]
Externo #1: Executar queuedwebhook
2026-05-05 20:12:01 [@b60d4e234048]
Externo #1: Executar queuedwebhook
2026-05-05 20:14:01 [@b60d4e234048]
Externo #1: Executar queuedwebhook
2026-05-05 20:16:01 [@b60d4e234048]
Externo #1: Executar queuedwebhook
2026-05-05 20:18:01 [@b60d4e234048]
Externo #1: Executar queuedwebhook
2026-05-05 20:20:01 [@b60d4e234048]
Externo #1: Executar queuedwebhook
2026-05-05 20:22:01 [@b60d4e234048]
Externo #1: Executar queuedwebhook
2026-05-05 20:24:01 [@b60d4e234048]
Externo #1: Executar queuedwebhook
2026-05-05 20:26:01 [@b60d4e234048]
Externo #1: Executar queuedwebhook
2026-05-05 20:28:01 [@b60d4e234048]
Externo #1: Executar queuedwebhook
2026-05-05 20:30:01 [@b60d4e234048]
Externo #1: Executar queuedwebhook
2026-05-05 20:30:01 [@b60d4e234048]
Externo #2: Executar pendingreason_autobump_autosolve
2026-05-05 20:32:01 [@b60d4e234048]
Externo #1: Executar queuedwebhook
2026-05-05 20:34:01 [@b60d4e234048]
Externo #1: Executar queuedwebhook
2026-05-05 20:36:01 [@b60d4e234048]
Externo #1: Executar queuedwebhook
2026-05-05 20:38:01 [@b60d4e234048]
Externo #1: Executar queuedwebhook
2026-05-05 20:40:01 [@b60d4e234048]
Externo #1: Executar queuedwebhook
2026-05-05 20:42:01 [@b60d4e234048]
Externo #1: Executar queuedwebhook
2026-05-05 20:44:01 [@b60d4e234048]
Externo #1: Executar queuedwebhook
2026-05-05 20:46:01 [@b60d4e234048]
Externo #1: Executar queuedwebhook
2026-05-05 20:48:01 [@b60d4e234048]
Externo #1: Executar queuedwebhook
2026-05-05 20:50:01 [@b60d4e234048]
Externo #1: Executar queuedwebhook
2026-05-05 20:52:01 [@b60d4e234048]
Externo #1: Executar queuedwebhook
2026-05-05 20:54:01 [@b60d4e234048]
Externo #1: Executar queuedwebhook
2026-05-05 20:56:01 [@b60d4e234048]
Externo #1: Executar queuedwebhook
2026-05-05 20:58:01 [@b60d4e234048]
Externo #1: Executar queuedwebhook
2026-05-05 21:00:01 [@b60d4e234048]
Externo #1: Executar queuedwebhook
2026-05-05 21:00:01 [@b60d4e234048]
Externo #2: Executar pendingreason_autobump_autosolve
2026-05-05 21:02:01 [@b60d4e234048]
Externo #1: Executar queuedwebhook
2026-05-05 21:04:01 [@b60d4e234048]
Externo #1: Executar queuedwebhook
2026-05-05 21:06:01 [@b60d4e234048]
Externo #1: Executar queuedwebhook
2026-05-05 21:08:01 [@b60d4e234048]
Externo #1: Executar queuedwebhook
2026-05-05 21:10:01 [@b60d4e234048]
Externo #1: Executar queuedwebhook
2026-05-05 21:12:01 [@b60d4e234048]
Externo #1: Executar queuedwebhook
2026-05-05 21:14:01 [@b60d4e234048]
Externo #1: Executar queuedwebhook
2026-05-05 21:16:01 [@b60d4e234048]
Externo #1: Executar queuedwebhook
2026-05-05 21:18:01 [@b60d4e234048]
Externo #1: Executar queuedwebhook
2026-05-05 21:20:01 [@b60d4e234048]
Externo #1: Executar queuedwebhook
2026-05-05 21:22:01 [@b60d4e234048]
Externo #1: Executar queuedwebhook
2026-05-05 21:24:01 [@b60d4e234048]
Externo #1: Executar queuedwebhook
2026-05-05 21:26:01 [@b60d4e234048]
Externo #1: Executar queuedwebhook
2026-05-05 21:28:01 [@b60d4e234048]
Externo #1: Executar queuedwebhook
2026-05-05 21:30:01 [@b60d4e234048]
Externo #1: Executar queuedwebhook
2026-05-05 21:30:01 [@b60d4e234048]
Externo #2: Executar pendingreason_autobump_autosolve
2026-05-05 21:32:01 [@b60d4e234048]
Externo #1: Executar queuedwebhook
2026-05-05 21:34:01 [@b60d4e234048]
Externo #1: Executar queuedwebhook
2026-05-05 21:36:01 [@b60d4e234048]
Externo #1: Executar queuedwebhook
2026-05-05 21:38:01 [@b60d4e234048]
Externo #1: Executar queuedwebhook
2026-05-05 21:40:01 [@b60d4e234048]
Externo #1: Executar queuedwebhook
2026-05-05 21:42:01 [@b60d4e234048]
Externo #1: Executar queuedwebhook
2026-05-05 21:44:01 [@b60d4e234048]
Externo #1: Executar queuedwebhook
2026-05-05 21:46:01 [@b60d4e234048]
Externo #1: Executar queuedwebhook
2026-05-05 21:48:01 [@b60d4e234048]
Externo #1: Executar queuedwebhook
2026-05-05 21:50:01 [@b60d4e234048]
Externo #1: Executar queuedwebhook
2026-05-05 21:52:01 [@b60d4e234048]
Externo #1: Executar queuedwebhook
2026-05-05 21:54:01 [@b60d4e234048]
Externo #1: Executar queuedwebhook
2026-05-05 21:56:01 [@b60d4e234048]
Externo #1: Executar queuedwebhook
2026-05-05 21:58:01 [@b60d4e234048]
Externo #1: Executar queuedwebhook
2026-05-05 22:00:01 [@b60d4e234048]
Externo #1: Executar queuedwebhook
2026-05-05 22:00:01 [@b60d4e234048]
Externo #2: Executar pendingreason_autobump_autosolve
2026-05-05 22:02:01 [@b60d4e234048]
Externo #1: Executar queuedwebhook
2026-05-05 22:04:01 [@b60d4e234048]
Externo #1: Executar queuedwebhook
2026-05-05 22:06:01 [@b60d4e234048]
Externo #1: Executar queuedwebhook
2026-05-05 22:08:01 [@b60d4e234048]
Externo #1: Executar queuedwebhook
2026-05-05 22:10:01 [@b60d4e234048]
Externo #1: Executar queuedwebhook
2026-05-05 22:12:01 [@b60d4e234048]
Externo #1: Executar queuedwebhook
2026-05-05 22:14:01 [@b60d4e234048]
Externo #1: Executar queuedwebhook
2026-05-05 22:16:02 [@b60d4e234048]
Externo #1: Executar queuedwebhook
2026-05-05 22:18:01 [@b60d4e234048]
Externo #1: Executar queuedwebhook
2026-05-05 22:20:01 [@b60d4e234048]
Externo #1: Executar queuedwebhook
2026-05-05 22:22:01 [@b60d4e234048]
Externo #1: Executar queuedwebhook
2026-05-05 22:24:01 [@b60d4e234048]
Externo #1: Executar queuedwebhook
2026-05-05 22:26:01 [@b60d4e234048]
Externo #1: Executar queuedwebhook
2026-05-05 22:28:01 [@b60d4e234048]
Externo #1: Executar queuedwebhook
2026-05-05 22:30:01 [@b60d4e234048]
Externo #1: Executar queuedwebhook
2026-05-05 22:30:01 [@b60d4e234048]
Externo #2: Executar pendingreason_autobump_autosolve
2026-05-05 22:32:01 [@b60d4e234048]
Externo #1: Executar queuedwebhook
2026-05-05 22:34:01 [@b60d4e234048]
Externo #1: Executar queuedwebhook
2026-05-05 22:36:01 [@b60d4e234048]
Externo #1: Executar queuedwebhook
2026-05-05 22:38:01 [@b60d4e234048]
Externo #1: Executar queuedwebhook
2026-05-05 22:40:01 [@b60d4e234048]
Externo #1: Executar queuedwebhook
2026-05-05 22:42:01 [@b60d4e234048]
Externo #1: Executar queuedwebhook
2026-05-05 22:44:01 [@b60d4e234048]
Externo #1: Executar queuedwebhook
2026-05-05 22:46:01 [@b60d4e234048]
Externo #1: Executar queuedwebhook
2026-05-05 22:48:01 [@b60d4e234048]
Externo #1: Executar queuedwebhook
2026-05-05 22:50:01 [@b60d4e234048]
Externo #1: Executar queuedwebhook
2026-05-05 22:52:01 [@b60d4e234048]
Externo #1: Executar queuedwebhook
2026-05-05 22:54:01 [@b60d4e234048]
Externo #1: Executar queuedwebhook
2026-05-05 22:56:01 [@b60d4e234048]
Externo #1: Executar queuedwebhook
2026-05-05 22:58:01 [@b60d4e234048]
Externo #1: Executar queuedwebhook
2026-05-05 23:00:01 [@b60d4e234048]
Externo #1: Executar queuedwebhook
2026-05-05 23:00:01 [@b60d4e234048]
Externo #2: Executar pendingreason_autobump_autosolve
2026-05-05 23:02:01 [@b60d4e234048]
Externo #1: Executar queuedwebhook
2026-05-05 23:04:01 [@b60d4e234048]
Externo #1: Executar queuedwebhook
2026-05-05 23:06:01 [@b60d4e234048]
Externo #1: Executar queuedwebhook
2026-05-05 23:08:01 [@b60d4e234048]
Externo #1: Executar queuedwebhook
2026-05-05 23:10:02 [@b60d4e234048]
Externo #1: Executar queuedwebhook
2026-05-05 23:12:02 [@b60d4e234048]
Externo #1: Executar queuedwebhook
2026-05-05 23:14:02 [@b60d4e234048]
Externo #1: Executar queuedwebhook
2026-05-05 23:16:02 [@b60d4e234048]
Externo #1: Executar queuedwebhook
2026-05-05 23:18:02 [@b60d4e234048]
Externo #1: Executar queuedwebhook
2026-05-05 23:20:02 [@b60d4e234048]
Externo #1: Executar queuedwebhook
2026-05-05 23:22:02 [@b60d4e234048]
Externo #1: Executar queuedwebhook
2026-05-05 23:24:01 [@b60d4e234048]
Externo #1: Executar queuedwebhook
2026-05-05 23:26:01 [@b60d4e234048]
Externo #1: Executar queuedwebhook
2026-05-05 23:28:01 [@b60d4e234048]
Externo #1: Executar queuedwebhook
2026-05-05 23:30:01 [@b60d4e234048]
Externo #1: Executar queuedwebhook
2026-05-05 23:30:01 [@b60d4e234048]
Externo #2: Executar pendingreason_autobump_autosolve
2026-05-05 23:32:01 [@b60d4e234048]
Externo #1: Executar queuedwebhook
2026-05-05 23:34:01 [@b60d4e234048]
Externo #1: Executar queuedwebhook
2026-05-05 23:36:01 [@b60d4e234048]
Externo #1: Executar queuedwebhook
2026-05-05 23:38:01 [@b60d4e234048]
Externo #1: Executar queuedwebhook
2026-05-05 23:40:02 [@b60d4e234048]
Externo #1: Executar queuedwebhook
2026-05-05 23:42:02 [@b60d4e234048]
Externo #1: Executar queuedwebhook
2026-05-05 23:44:02 [@b60d4e234048]
Externo #1: Executar queuedwebhook
2026-05-05 23:46:02 [@b60d4e234048]
Externo #1: Executar queuedwebhook
2026-05-05 23:48:02 [@b60d4e234048]
Externo #1: Executar queuedwebhook
2026-05-05 23:50:02 [@b60d4e234048]
Externo #1: Executar queuedwebhook
2026-05-05 23:52:02 [@b60d4e234048]
Externo #1: Executar queuedwebhook
2026-05-05 23:54:01 [@b60d4e234048]
Externo #1: Executar queuedwebhook
2026-05-05 23:56:01 [@b60d4e234048]
Externo #1: Executar queuedwebhook
2026-05-05 23:58:01 [@b60d4e234048]
Externo #1: Executar queuedwebhook
2026-05-06 00:00:01 [@b60d4e234048]
Externo #1: Executar queuedwebhook
2026-05-06 00:00:01 [@b60d4e234048]
Externo #2: Executar PurgeLogs
2026-05-06 00:00:02 [@b60d4e234048]
Externo #3: Executar checkAllUpdates
2026-05-06 00:00:02 [@b60d4e234048]
Externo #4: Executar cleanorphans
2026-05-06 00:00:02 [@b60d4e234048]
Externo #5: Executar pendingreason_autobump_autosolve
2026-05-06 00:02:01 [@b60d4e234048]
Externo #1: Executar queuedwebhook
2026-05-06 00:02:01 [@b60d4e234048]
Externo #2: Executar Cleanoldagents
2026-05-06 00:02:01 [@b60d4e234048]
Externo #3: Executar queuedwebhookclean
2026-05-06 00:04:01 [@b60d4e234048]
Externo #1: Executar queuedwebhook
2026-05-06 00:06:01 [@b60d4e234048]
Externo #1: Executar queuedwebhook
2026-05-06 00:08:01 [@b60d4e234048]
Externo #1: Executar queuedwebhook
2026-05-06 00:10:02 [@b60d4e234048]
Externo #1: Executar queuedwebhook
2026-05-06 00:12:02 [@b60d4e234048]
Externo #1: Executar queuedwebhook
2026-05-06 00:14:02 [@b60d4e234048]
Externo #1: Executar queuedwebhook
2026-05-06 00:16:01 [@b60d4e234048]
Externo #1: Executar queuedwebhook
2026-05-06 00:18:02 [@b60d4e234048]
Externo #1: Executar queuedwebhook
2026-05-06 00:20:01 [@b60d4e234048]
Externo #1: Executar queuedwebhook
2026-05-06 00:22:01 [@b60d4e234048]
Externo #1: Executar queuedwebhook
2026-05-06 00:24:01 [@b60d4e234048]
Externo #1: Executar queuedwebhook
2026-05-06 00:26:01 [@b60d4e234048]
Externo #1: Executar queuedwebhook
2026-05-06 00:28:01 [@b60d4e234048]
Externo #1: Executar queuedwebhook
2026-05-06 00:30:01 [@b60d4e234048]
Externo #1: Executar queuedwebhook
2026-05-06 00:30:01 [@b60d4e234048]
Externo #2: Executar pendingreason_autobump_autosolve
2026-05-06 00:32:01 [@b60d4e234048]
Externo #1: Executar queuedwebhook
2026-05-06 00:34:01 [@b60d4e234048]
Externo #1: Executar queuedwebhook
2026-05-06 00:36:01 [@b60d4e234048]
Externo #1: Executar queuedwebhook
2026-05-06 00:38:01 [@b60d4e234048]
Externo #1: Executar queuedwebhook
2026-05-06 00:40:02 [@b60d4e234048]
Externo #1: Executar queuedwebhook
2026-05-06 00:42:02 [@b60d4e234048]
Externo #1: Executar queuedwebhook
2026-05-06 00:44:02 [@b60d4e234048]
Externo #1: Executar queuedwebhook
2026-05-06 00:46:02 [@b60d4e234048]
Externo #1: Executar queuedwebhook
2026-05-06 00:48:02 [@b60d4e234048]
Externo #1: Executar queuedwebhook
2026-05-06 00:50:02 [@b60d4e234048]
Externo #1: Executar queuedwebhook
2026-05-06 00:52:02 [@b60d4e234048]
Externo #1: Executar queuedwebhook
2026-05-06 00:54:02 [@b60d4e234048]
Externo #1: Executar queuedwebhook
2026-05-06 00:56:01 [@b60d4e234048]
Externo #1: Executar queuedwebhook
2026-05-06 00:58:01 [@b60d4e234048]
Externo #1: Executar queuedwebhook
2026-05-06 01:00:01 [@b60d4e234048]
Externo #1: Executar queuedwebhook
2026-05-06 01:00:01 [@b60d4e234048]
Externo #2: Executar pendingreason_autobump_autosolve
2026-05-06 01:02:01 [@b60d4e234048]
Externo #1: Executar queuedwebhook
2026-05-06 01:04:01 [@b60d4e234048]
Externo #1: Executar queuedwebhook
2026-05-06 01:06:01 [@b60d4e234048]
Externo #1: Executar queuedwebhook
2026-05-06 01:08:01 [@b60d4e234048]
Externo #1: Executar queuedwebhook
2026-05-06 01:10:02 [@b60d4e234048]
Externo #1: Executar queuedwebhook
2026-05-06 01:12:02 [@b60d4e234048]
Externo #1: Executar queuedwebhook
2026-05-06 01:14:02 [@b60d4e234048]
Externo #1: Executar queuedwebhook
2026-05-06 01:16:02 [@b60d4e234048]
Externo #1: Executar queuedwebhook
2026-05-06 01:18:02 [@b60d4e234048]
Externo #1: Executar queuedwebhook
2026-05-06 01:20:02 [@b60d4e234048]
Externo #1: Executar queuedwebhook
2026-05-06 01:22:02 [@b60d4e234048]
Externo #1: Executar queuedwebhook
2026-05-06 01:24:02 [@b60d4e234048]
Externo #1: Executar queuedwebhook
2026-05-06 01:26:02 [@b60d4e234048]
Externo #1: Executar queuedwebhook
2026-05-06 01:28:02 [@b60d4e234048]
Externo #1: Executar queuedwebhook
2026-05-06 01:30:02 [@b60d4e234048]
Externo #1: Executar queuedwebhook
2026-05-06 01:30:02 [@b60d4e234048]
Externo #2: Executar pendingreason_autobump_autosolve
2026-05-06 01:32:02 [@b60d4e234048]
Externo #1: Executar queuedwebhook
2026-05-06 01:34:02 [@b60d4e234048]
Externo #1: Executar queuedwebhook
2026-05-06 01:36:02 [@b60d4e234048]
Externo #1: Executar queuedwebhook
2026-05-06 01:38:02 [@b60d4e234048]
Externo #1: Executar queuedwebhook
2026-05-06 01:40:02 [@b60d4e234048]
Externo #1: Executar queuedwebhook
2026-05-06 01:42:02 [@b60d4e234048]
Externo #1: Executar queuedwebhook
2026-05-06 01:44:02 [@b60d4e234048]
Externo #1: Executar queuedwebhook
2026-05-06 01:46:02 [@b60d4e234048]
Externo #1: Executar queuedwebhook
2026-05-06 01:48:02 [@b60d4e234048]
Externo #1: Executar queuedwebhook
2026-05-06 01:50:02 [@b60d4e234048]
Externo #1: Executar queuedwebhook
2026-05-06 01:52:02 [@b60d4e234048]
Externo #1: Executar queuedwebhook
2026-05-06 01:54:02 [@b60d4e234048]
Externo #1: Executar queuedwebhook
2026-05-06 01:56:02 [@b60d4e234048]
Externo #1: Executar queuedwebhook
2026-05-06 01:58:02 [@b60d4e234048]
Externo #1: Executar queuedwebhook
2026-05-06 12:10:03 [@b60d4e234048]
Externo #1: Executar queuedwebhook
2026-05-06 12:10:03 [@b60d4e234048]
Externo #2: Executar pendingreason_autobump_autosolve
2026-05-06 12:10:03 [@b60d4e234048]
Externo #3: Executar DomainsAlert
2026-05-06 12:10:03 [@b60d4e234048]
Externo #4: Executar createinquest
2026-05-06 12:10:03 [@b60d4e234048]
Externo #5: Executar purgedraftforms
2026-05-06 12:12:02 [@b60d4e234048]
Externo #1: Executar queuedwebhook
2026-05-06 12:14:01 [@b60d4e234048]
Externo #1: Executar queuedwebhook
2026-05-06 12:16:01 [@b60d4e234048]
Externo #1: Executar queuedwebhook
2026-05-06 12:18:02 [@b60d4e234048]
Externo #1: Executar queuedwebhook
2026-05-06 12:20:01 [@b60d4e234048]
Externo #1: Executar queuedwebhook
2026-05-06 12:22:01 [@b60d4e234048]
Externo #1: Executar queuedwebhook
2026-05-06 12:24:01 [@b60d4e234048]
Externo #1: Executar queuedwebhook
2026-05-06 12:26:02 [@b60d4e234048]
Externo #1: Executar queuedwebhook
2026-05-06 12:28:01 [@b60d4e234048]
Externo #1: Executar queuedwebhook
2026-05-06 12:30:01 [@b60d4e234048]
Externo #1: Executar queuedwebhook
2026-05-06 12:32:02 [@b60d4e234048]
Externo #1: Executar queuedwebhook
2026-05-06 12:34:01 [@b60d4e234048]
Externo #1: Executar queuedwebhook
2026-05-06 12:36:01 [@b60d4e234048]
Externo #1: Executar queuedwebhook
2026-05-06 12:38:01 [@b60d4e234048]
Externo #1: Executar queuedwebhook
2026-05-06 12:40:02 [@b60d4e234048]
Externo #1: Executar queuedwebhook
2026-05-06 12:40:02 [@b60d4e234048]
Externo #2: Executar pendingreason_autobump_autosolve
2026-05-06 12:42:02 [@b60d4e234048]
Externo #1: Executar queuedwebhook
2026-05-06 12:44:02 [@b60d4e234048]
Externo #1: Executar queuedwebhook
2026-05-06 12:46:02 [@b60d4e234048]
Externo #1: Executar queuedwebhook
2026-05-06 12:48:02 [@b60d4e234048]
Externo #1: Executar queuedwebhook
2026-05-06 12:50:02 [@b60d4e234048]
Externo #1: Executar queuedwebhook
2026-05-06 12:52:02 [@b60d4e234048]
Externo #1: Executar queuedwebhook
2026-05-06 12:54:02 [@b60d4e234048]
Externo #1: Executar queuedwebhook
2026-05-06 12:56:02 [@b60d4e234048]
Externo #1: Executar queuedwebhook
2026-05-06 12:58:02 [@b60d4e234048]
Externo #1: Executar queuedwebhook
2026-05-06 13:00:02 [@b60d4e234048]
Externo #1: Executar queuedwebhook
2026-05-06 13:02:02 [@b60d4e234048]
Externo #1: Executar queuedwebhook
2026-05-06 13:04:02 [@b60d4e234048]
Externo #1: Executar queuedwebhook
2026-05-06 13:06:02 [@b60d4e234048]
Externo #1: Executar queuedwebhook
2026-05-06 13:08:02 [@b60d4e234048]
Externo #1: Executar queuedwebhook
2026-05-06 13:10:01 [@b60d4e234048]
Externo #1: Executar queuedwebhook
2026-05-06 13:10:01 [@b60d4e234048]
Externo #2: Executar pendingreason_autobump_autosolve
2026-05-06 13:12:01 [@b60d4e234048]
Externo #1: Executar queuedwebhook
2026-05-06 13:14:01 [@b60d4e234048]
Externo #1: Executar queuedwebhook
2026-05-06 13:14:48 [@b60d4e234048]
Interno #1: Executar mailgate
2026-05-06 13:16:01 [@b60d4e234048]
Externo #1: Executar queuedwebhook
2026-05-06 13:18:02 [@b60d4e234048]
Externo #1: Executar queuedwebhook
2026-05-06 13:20:03 [@b60d4e234048]
Externo #1: Executar queuedwebhook
2026-05-06 13:22:02 [@b60d4e234048]
Externo #1: Executar queuedwebhook
2026-05-06 13:24:02 [@b60d4e234048]
Externo #1: Executar queuedwebhook
2026-05-06 13:26:01 [@b60d4e234048]
Externo #1: Executar queuedwebhook
2026-05-06 13:28:01 [@b60d4e234048]
Externo #1: Executar queuedwebhook
2026-05-06 13:30:01 [@b60d4e234048]
Externo #1: Executar queuedwebhook
2026-05-06 13:32:01 [@b60d4e234048]
Externo #1: Executar queuedwebhook
2026-05-06 13:34:02 [@b60d4e234048]
Externo #1: Executar queuedwebhook
2026-05-06 13:36:01 [@b60d4e234048]
Externo #1: Executar queuedwebhook
2026-05-06 13:38:01 [@b60d4e234048]
Externo #1: Executar queuedwebhook
2026-05-06 13:40:01 [@b60d4e234048]
Externo #1: Executar queuedwebhook
2026-05-06 13:40:01 [@b60d4e234048]
Externo #2: Executar pendingreason_autobump_autosolve
2026-05-06 13:42:01 [@b60d4e234048]
Externo #1: Executar queuedwebhook
2026-05-06 13:44:01 [@b60d4e234048]
Externo #1: Executar queuedwebhook
2026-05-06 13:46:01 [@b60d4e234048]
Externo #1: Executar queuedwebhook
2026-05-06 13:48:01 [@b60d4e234048]
Externo #1: Executar queuedwebhook
2026-05-06 13:50:01 [@b60d4e234048]
Externo #1: Executar queuedwebhook
2026-05-06 13:52:01 [@b60d4e234048]
Externo #1: Executar queuedwebhook
2026-05-06 13:54:02 [@b60d4e234048]
Externo #1: Executar queuedwebhook
2026-05-06 13:56:01 [@b60d4e234048]
Externo #1: Executar queuedwebhook
2026-05-06 13:58:01 [@b60d4e234048]
Externo #1: Executar queuedwebhook
2026-05-06 14:00:01 [@b60d4e234048]
Externo #1: Executar queuedwebhook
2026-05-06 14:02:02 [@b60d4e234048]
Externo #1: Executar queuedwebhook
2026-05-06 14:04:03 [@b60d4e234048]
Externo #1: Executar queuedwebhook
2026-05-06 14:06:01 [@b60d4e234048]
Externo #1: Executar queuedwebhook
2026-05-06 14:08:02 [@b60d4e234048]
Externo #1: Executar queuedwebhook
2026-05-06 14:10:02 [@b60d4e234048]
Externo #1: Executar queuedwebhook
2026-05-06 14:10:02 [@b60d4e234048]
Externo #2: Executar pendingreason_autobump_autosolve
2026-05-06 14:12:02 [@b60d4e234048]
Externo #1: Executar queuedwebhook
2026-05-06 14:14:02 [@b60d4e234048]
Externo #1: Executar queuedwebhook
2026-05-06 14:16:02 [@b60d4e234048]
Externo #1: Executar queuedwebhook
2026-05-06 14:18:02 [@b60d4e234048]
Externo #1: Executar queuedwebhook
2026-05-06 14:20:02 [@b60d4e234048]
Externo #1: Executar queuedwebhook
2026-05-06 14:22:04 [@b60d4e234048]
Externo #1: Executar queuedwebhook
2026-05-06 14:24:03 [@b60d4e234048]
Externo #1: Executar queuedwebhook
2026-05-06 14:26:01 [@b60d4e234048]
Externo #1: Executar queuedwebhook
2026-05-06 14:28:01 [@b60d4e234048]
Externo #1: Executar queuedwebhook
2026-05-06 14:30:02 [@b60d4e234048]
Externo #1: Executar queuedwebhook
2026-05-06 14:32:03 [@b60d4e234048]
Externo #1: Executar queuedwebhook
2026-05-06 14:34:03 [@b60d4e234048]
Externo #1: Executar queuedwebhook
2026-05-06 14:36:02 [@b60d4e234048]
Externo #1: Executar queuedwebhook
2026-05-06 14:38:02 [@b60d4e234048]
Externo #1: Executar queuedwebhook
2026-05-06 14:40:03 [@b60d4e234048]
Externo #1: Executar queuedwebhook
2026-05-06 14:40:03 [@b60d4e234048]
Externo #2: Executar pendingreason_autobump_autosolve
2026-05-06 14:42:02 [@b60d4e234048]
Externo #1: Executar queuedwebhook
2026-05-06 14:44:03 [@b60d4e234048]
Externo #1: Executar queuedwebhook
2026-05-06 14:46:02 [@b60d4e234048]
Externo #1: Executar queuedwebhook
2026-05-06 14:48:02 [@b60d4e234048]
Externo #1: Executar queuedwebhook
2026-05-06 14:50:01 [@b60d4e234048]
Externo #1: Executar queuedwebhook
2026-05-06 14:52:02 [@b60d4e234048]
Externo #1: Executar queuedwebhook
2026-05-06 14:54:03 [@b60d4e234048]
Externo #1: Executar queuedwebhook
2026-05-06 14:56:03 [@b60d4e234048]
Externo #1: Executar queuedwebhook
2026-05-06 14:58:03 [@b60d4e234048]
Externo #1: Executar queuedwebhook
2026-05-06 15:00:02 [@b60d4e234048]
Externo #1: Executar queuedwebhook
2026-05-06 15:02:02 [@b60d4e234048]
Externo #1: Executar queuedwebhook
2026-05-06 15:04:03 [@b60d4e234048]
Externo #1: Executar queuedwebhook
2026-05-06 15:06:03 [@b60d4e234048]
Externo #1: Executar queuedwebhook
2026-05-06 15:08:02 [@b60d4e234048]
Externo #1: Executar queuedwebhook
2026-05-06 15:10:01 [@b60d4e234048]
Externo #1: Executar queuedwebhook
2026-05-06 15:10:01 [@b60d4e234048]
Externo #2: Executar pendingreason_autobump_autosolve
2026-05-06 15:12:01 [@b60d4e234048]
Externo #1: Executar queuedwebhook
2026-05-06 15:14:01 [@b60d4e234048]
Externo #1: Executar queuedwebhook
2026-05-06 15:16:05 [@b60d4e234048]
Externo #1: Executar queuedwebhook
2026-05-06 15:18:07 [@b60d4e234048]
Externo #1: Executar queuedwebhook
2026-05-06 15:20:02 [@b60d4e234048]
Externo #1: Executar queuedwebhook
2026-05-06 15:22:06 [@b60d4e234048]
Externo #1: Executar queuedwebhook
2026-05-06 15:24:06 [@b60d4e234048]
Externo #1: Executar queuedwebhook
2026-05-06 15:26:11 [@b60d4e234048]
Externo #1: Executar queuedwebhook
2026-05-06 15:28:19 [@b60d4e234048]
Externo #1: Executar queuedwebhook
2026-05-06 15:30:08 [@b60d4e234048]
Externo #1: Executar queuedwebhook
2026-05-06 15:32:04 [@b60d4e234048]
Externo #1: Executar queuedwebhook
2026-05-06 15:34:03 [@b60d4e234048]
Externo #1: Executar queuedwebhook
2026-05-06 15:36:08 [@b60d4e234048]
Externo #1: Executar queuedwebhook
2026-05-06 15:38:02 [@b60d4e234048]
Externo #1: Executar queuedwebhook
2026-05-06 15:40:01 [@b60d4e234048]
Externo #1: Executar queuedwebhook
2026-05-06 15:40:01 [@b60d4e234048]
Externo #2: Executar pendingreason_autobump_autosolve
2026-05-06 15:42:01 [@b60d4e234048]
Externo #1: Executar queuedwebhook
2026-05-06 15:44:01 [@b60d4e234048]
Externo #1: Executar queuedwebhook
2026-05-06 15:45:16 [@b60d4e234048]
Interno #1: Executar slaticket
2026-05-06 15:45:19 [@b60d4e234048]
Interno #1: Executar RecurrentItems
2026-05-06 15:45:43 [@b60d4e234048]
Interno #1: Executar temp
2026-05-06 15:46:02 [@b60d4e234048]
Interno #1: Executar graph
2026-05-06 15:46:03 [@b60d4e234048]
Externo #1: Executar queuedwebhook
2026-05-06 15:48:02 [@b60d4e234048]
Externo #1: Executar queuedwebhook
2026-05-06 15:49:31 [@b60d4e234048]
Interno #1: Executar reservation
2026-05-06 15:50:05 [@b60d4e234048]
Externo #1: Executar queuedwebhook
2026-05-06 15:50:26 [@b60d4e234048]
Interno #1: Executar mailgateerror
2026-05-06 15:52:02 [@b60d4e234048]
Externo #1: Executar queuedwebhook
2026-05-06 15:53:05 [@b60d4e234048]
Interno #1: Executar certificate
2026-05-06 15:54:03 [@b60d4e234048]
Externo #1: Executar queuedwebhook
2026-05-06 15:56:04 [@b60d4e234048]
Externo #1: Executar queuedwebhook
2026-05-06 15:58:04 [@b60d4e234048]
Externo #1: Executar queuedwebhook
2026-05-06 15:58:25 [@b60d4e234048]
Interno #1: Executar queuednotification
2026-05-06 16:00:04 [@b60d4e234048]
Externo #1: Executar queuedwebhook
2026-05-06 16:02:02 [@b60d4e234048]
Externo #1: Executar queuedwebhook
2026-05-06 16:04:03 [@b60d4e234048]
Externo #1: Executar queuedwebhook
2026-05-06 16:05:08 [@b60d4e234048]
Interno #1: Executar closeticket
2026-05-06 16:06:02 [@b60d4e234048]
Externo #1: Executar queuedwebhook
2026-05-06 16:08:02 [@b60d4e234048]
Externo #1: Executar queuedwebhook
2026-05-06 16:10:03 [@b60d4e234048]
Externo #1: Executar queuedwebhook
2026-05-06 16:10:03 [@b60d4e234048]
Externo #2: Executar pendingreason_autobump_autosolve
2026-05-06 16:12:02 [@b60d4e234048]
Externo #1: Executar queuedwebhook
2026-05-06 16:13:22 [@b60d4e234048]
Interno #1: Executar alertnotclosed
2026-05-06 16:14:02 [@b60d4e234048]
Externo #1: Executar queuedwebhook
2026-05-06 16:16:03 [@b60d4e234048]
Externo #1: Executar queuedwebhook
2026-05-06 16:18:01 [@b60d4e234048]
Externo #1: Executar queuedwebhook
2026-05-06 16:20:01 [@b60d4e234048]
Externo #1: Executar queuedwebhook
2026-05-06 16:22:01 [@b60d4e234048]
Externo #1: Executar queuedwebhook
2026-05-06 16:24:02 [@b60d4e234048]
Externo #1: Executar queuedwebhook
2026-05-06 16:24:20 [@b60d4e234048]
Interno #1: Executar contract
2026-05-06 16:26:02 [@b60d4e234048]
Externo #1: Executar queuedwebhook
2026-05-06 16:28:03 [@b60d4e234048]
Externo #1: Executar queuedwebhook
2026-05-06 16:30:02 [@b60d4e234048]
Externo #1: Executar queuedwebhook
2026-05-06 16:32:02 [@b60d4e234048]
Externo #1: Executar queuedwebhook
2026-05-06 16:34:03 [@b60d4e234048]
Externo #1: Executar queuedwebhook
2026-05-06 16:36:02 [@b60d4e234048]
Externo #1: Executar queuedwebhook
2026-05-06 16:38:01 [@b60d4e234048]
Externo #1: Executar queuedwebhook
2026-05-06 16:38:18 [@b60d4e234048]
Interno #1: Executar infocom
2026-05-06 16:40:01 [@b60d4e234048]
Externo #1: Executar queuedwebhook
2026-05-06 16:40:01 [@b60d4e234048]
Externo #2: Executar pendingreason_autobump_autosolve
2026-05-06 16:42:03 [@b60d4e234048]
Externo #1: Executar queuedwebhook
2026-05-06 16:44:02 [@b60d4e234048]
Externo #1: Executar queuedwebhook
2026-05-06 16:46:01 [@b60d4e234048]
Externo #1: Executar queuedwebhook
2026-05-06 16:48:02 [@b60d4e234048]
Externo #1: Executar queuedwebhook
2026-05-06 16:50:01 [@b60d4e234048]
Externo #1: Executar queuedwebhook
2026-05-06 16:52:02 [@b60d4e234048]
Externo #1: Executar queuedwebhook
2026-05-06 16:54:02 [@b60d4e234048]
Externo #1: Executar queuedwebhook
2026-05-06 16:56:02 [@b60d4e234048]
Externo #1: Executar queuedwebhook
2026-05-06 16:58:02 [@b60d4e234048]
Externo #1: Executar queuedwebhook
2026-05-06 17:00:01 [@b60d4e234048]
Externo #1: Executar queuedwebhook
2026-05-06 17:02:02 [@b60d4e234048]
Externo #1: Executar queuedwebhook
2026-05-06 17:04:02 [@b60d4e234048]
Externo #1: Executar queuedwebhook
2026-05-06 17:06:02 [@b60d4e234048]
Externo #1: Executar queuedwebhook
2026-05-06 17:08:02 [@b60d4e234048]
Externo #1: Executar queuedwebhook
2026-05-06 17:10:01 [@b60d4e234048]
Externo #1: Executar queuedwebhook
2026-05-06 17:10:01 [@b60d4e234048]
Externo #2: Executar pendingreason_autobump_autosolve
2026-05-06 17:12:01 [@b60d4e234048]
Externo #1: Executar queuedwebhook
2026-05-06 17:14:01 [@b60d4e234048]
Externo #1: Executar queuedwebhook
2026-05-06 17:16:01 [@b60d4e234048]
Externo #1: Executar queuedwebhook
2026-05-06 17:18:01 [@b60d4e234048]
Externo #1: Executar queuedwebhook
2026-05-06 17:20:02 [@b60d4e234048]
Externo #1: Executar queuedwebhook
2026-05-06 17:22:01 [@b60d4e234048]
Externo #1: Executar queuedwebhook
2026-05-06 17:24:02 [@b60d4e234048]
Externo #1: Executar queuedwebhook
2026-05-06 17:26:01 [@b60d4e234048]
Externo #1: Executar queuedwebhook
2026-05-06 17:28:01 [@b60d4e234048]
Externo #1: Executar queuedwebhook
2026-05-06 17:30:01 [@b60d4e234048]
Externo #1: Executar queuedwebhook
2026-05-06 17:32:01 [@b60d4e234048]
Externo #1: Executar queuedwebhook
2026-05-06 17:34:01 [@b60d4e234048]
Externo #1: Executar queuedwebhook
2026-05-06 17:36:01 [@b60d4e234048]
Externo #1: Executar queuedwebhook
2026-05-06 17:38:01 [@b60d4e234048]
Externo #1: Executar queuedwebhook
2026-05-06 17:40:01 [@b60d4e234048]
Externo #1: Executar queuedwebhook
2026-05-06 17:40:01 [@b60d4e234048]
Externo #2: Executar pendingreason_autobump_autosolve
2026-05-06 17:42:01 [@b60d4e234048]
Externo #1: Executar queuedwebhook
2026-05-06 17:44:01 [@b60d4e234048]
Externo #1: Executar queuedwebhook
2026-05-06 17:46:01 [@b60d4e234048]
Externo #1: Executar queuedwebhook
2026-05-06 17:48:01 [@b60d4e234048]
Externo #1: Executar queuedwebhook
2026-05-06 17:50:01 [@b60d4e234048]
Externo #1: Executar queuedwebhook
2026-05-06 17:52:01 [@b60d4e234048]
Externo #1: Executar queuedwebhook
2026-05-06 17:54:01 [@b60d4e234048]
Externo #1: Executar queuedwebhook
2026-05-06 17:56:01 [@b60d4e234048]
Externo #1: Executar queuedwebhook
2026-05-06 17:58:01 [@b60d4e234048]
Externo #1: Executar queuedwebhook
2026-05-06 18:00:02 [@b60d4e234048]
Externo #1: Executar queuedwebhook
2026-05-06 18:02:01 [@b60d4e234048]
Externo #1: Executar queuedwebhook
2026-05-06 18:04:01 [@b60d4e234048]
Externo #1: Executar queuedwebhook
2026-05-06 18:06:01 [@b60d4e234048]
Externo #1: Executar queuedwebhook
2026-05-06 18:08:01 [@b60d4e234048]
Externo #1: Executar queuedwebhook
2026-05-06 18:10:02 [@b60d4e234048]
Externo #1: Executar queuedwebhook
2026-05-06 18:10:02 [@b60d4e234048]
Externo #2: Executar pendingreason_autobump_autosolve
2026-05-06 18:12:02 [@b60d4e234048]
Externo #1: Executar queuedwebhook
2026-05-06 18:14:02 [@b60d4e234048]
Externo #1: Executar queuedwebhook
2026-05-06 18:16:02 [@b60d4e234048]
Externo #1: Executar queuedwebhook
2026-05-06 18:18:02 [@b60d4e234048]
Externo #1: Executar queuedwebhook
2026-05-06 18:20:02 [@b60d4e234048]
Externo #1: Executar queuedwebhook
2026-05-06 18:22:02 [@b60d4e234048]
Externo #1: Executar queuedwebhook
2026-05-06 18:24:02 [@b60d4e234048]
Externo #1: Executar queuedwebhook
2026-05-06 18:26:02 [@b60d4e234048]
Externo #1: Executar queuedwebhook
2026-05-06 18:28:02 [@b60d4e234048]
Externo #1: Executar queuedwebhook
2026-05-06 18:30:02 [@b60d4e234048]
Externo #1: Executar queuedwebhook
2026-05-06 18:32:02 [@b60d4e234048]
Externo #1: Executar queuedwebhook
2026-05-06 18:34:02 [@b60d4e234048]
Externo #1: Executar queuedwebhook
2026-05-06 18:36:02 [@b60d4e234048]
Externo #1: Executar queuedwebhook
2026-05-06 18:38:02 [@b60d4e234048]
Externo #1: Executar queuedwebhook
2026-05-06 18:40:01 [@b60d4e234048]
Externo #1: Executar queuedwebhook
2026-05-06 18:40:01 [@b60d4e234048]
Externo #2: Executar pendingreason_autobump_autosolve
2026-05-06 18:42:01 [@b60d4e234048]
Externo #1: Executar queuedwebhook
2026-05-06 18:44:01 [@b60d4e234048]
Externo #1: Executar queuedwebhook
2026-05-06 18:46:01 [@b60d4e234048]
Externo #1: Executar queuedwebhook
2026-05-06 18:48:01 [@b60d4e234048]
Externo #1: Executar queuedwebhook
2026-05-06 18:50:01 [@b60d4e234048]
Externo #1: Executar queuedwebhook
2026-05-06 18:52:01 [@b60d4e234048]
Externo #1: Executar queuedwebhook
2026-05-06 18:54:01 [@b60d4e234048]
Externo #1: Executar queuedwebhook
2026-05-06 18:56:01 [@b60d4e234048]
Externo #1: Executar queuedwebhook
2026-05-06 18:58:01 [@b60d4e234048]
Externo #1: Executar queuedwebhook
2026-05-06 19:00:01 [@b60d4e234048]
Externo #1: Executar queuedwebhook
2026-05-06 19:02:01 [@b60d4e234048]
Externo #1: Executar queuedwebhook
2026-05-06 19:04:01 [@b60d4e234048]
Externo #1: Executar queuedwebhook
2026-05-06 19:06:01 [@b60d4e234048]
Externo #1: Executar queuedwebhook
2026-05-06 19:08:01 [@b60d4e234048]
Externo #1: Executar queuedwebhook
2026-05-06 19:10:01 [@b60d4e234048]
Externo #1: Executar queuedwebhook
2026-05-06 19:10:02 [@b60d4e234048]
Externo #2: Executar pendingreason_autobump_autosolve
2026-05-06 19:12:02 [@b60d4e234048]
Externo #1: Executar queuedwebhook
2026-05-06 19:14:02 [@b60d4e234048]
Externo #1: Executar queuedwebhook
2026-05-06 19:16:02 [@b60d4e234048]
Externo #1: Executar queuedwebhook
2026-05-06 19:18:03 [@b60d4e234048]
Externo #1: Executar queuedwebhook
2026-05-06 19:20:02 [@b60d4e234048]
Externo #1: Executar queuedwebhook
2026-05-06 19:22:02 [@b60d4e234048]
Externo #1: Executar queuedwebhook
2026-05-06 19:24:02 [@b60d4e234048]
Externo #1: Executar queuedwebhook
2026-05-06 19:26:02 [@b60d4e234048]
Externo #1: Executar queuedwebhook
2026-05-06 19:28:03 [@b60d4e234048]
Externo #1: Executar queuedwebhook
2026-05-06 19:30:03 [@b60d4e234048]
Externo #1: Executar queuedwebhook
2026-05-06 19:32:02 [@b60d4e234048]
Externo #1: Executar queuedwebhook
2026-05-06 19:34:02 [@b60d4e234048]
Externo #1: Executar queuedwebhook
2026-05-06 19:36:02 [@b60d4e234048]
Externo #1: Executar queuedwebhook
2026-05-06 19:38:02 [@b60d4e234048]
Externo #1: Executar queuedwebhook
2026-05-06 19:40:02 [@b60d4e234048]
Externo #1: Executar queuedwebhook
2026-05-06 19:40:02 [@b60d4e234048]
Externo #2: Executar pendingreason_autobump_autosolve
2026-05-06 19:42:02 [@b60d4e234048]
Externo #1: Executar queuedwebhook
2026-05-06 19:44:02 [@b60d4e234048]
Externo #1: Executar queuedwebhook
2026-05-06 19:46:03 [@b60d4e234048]
Externo #1: Executar queuedwebhook
2026-05-06 19:48:02 [@b60d4e234048]
Externo #1: Executar queuedwebhook
2026-05-06 19:50:02 [@b60d4e234048]
Externo #1: Executar queuedwebhook
2026-05-06 19:52:03 [@b60d4e234048]
Externo #1: Executar queuedwebhook
2026-05-06 19:54:03 [@b60d4e234048]
Externo #1: Executar queuedwebhook
2026-05-06 19:56:01 [@b60d4e234048]
Externo #1: Executar queuedwebhook
2026-05-06 19:58:01 [@b60d4e234048]
Externo #1: Executar queuedwebhook
2026-05-06 20:00:01 [@b60d4e234048]
Externo #1: Executar queuedwebhook
2026-05-06 20:02:01 [@b60d4e234048]
Externo #1: Executar queuedwebhook
2026-05-06 20:04:01 [@b60d4e234048]
Externo #1: Executar queuedwebhook
2026-05-06 20:06:01 [@b60d4e234048]
Externo #1: Executar queuedwebhook
2026-05-06 20:08:01 [@b60d4e234048]
Externo #1: Executar queuedwebhook
2026-05-06 20:10:01 [@b60d4e234048]
Externo #1: Executar queuedwebhook
2026-05-06 20:10:01 [@b60d4e234048]
Externo #2: Executar pendingreason_autobump_autosolve
2026-05-06 20:12:01 [@b60d4e234048]
Externo #1: Executar queuedwebhook
2026-05-06 20:14:01 [@b60d4e234048]
Externo #1: Executar queuedwebhook
2026-05-06 20:16:01 [@b60d4e234048]
Externo #1: Executar queuedwebhook
2026-05-06 20:18:01 [@b60d4e234048]
Externo #1: Executar queuedwebhook
2026-05-06 20:20:01 [@b60d4e234048]
Externo #1: Executar queuedwebhook
2026-05-06 20:22:01 [@b60d4e234048]
Externo #1: Executar queuedwebhook
2026-05-06 20:24:01 [@b60d4e234048]
Externo #1: Executar queuedwebhook
2026-05-06 20:26:01 [@b60d4e234048]
Externo #1: Executar queuedwebhook
2026-05-06 20:28:02 [@b60d4e234048]
Externo #1: Executar queuedwebhook
2026-05-06 20:30:01 [@b60d4e234048]
Externo #1: Executar queuedwebhook
2026-05-06 20:32:01 [@b60d4e234048]
Externo #1: Executar queuedwebhook
2026-05-06 20:34:01 [@b60d4e234048]
Externo #1: Executar queuedwebhook
2026-05-06 20:36:01 [@b60d4e234048]
Externo #1: Executar queuedwebhook
2026-05-06 20:38:01 [@b60d4e234048]
Externo #1: Executar queuedwebhook
2026-05-06 20:40:02 [@b60d4e234048]
Externo #1: Executar queuedwebhook
2026-05-06 20:40:02 [@b60d4e234048]
Externo #2: Executar pendingreason_autobump_autosolve
2026-05-06 20:42:02 [@b60d4e234048]
Externo #1: Executar queuedwebhook
2026-05-06 20:44:02 [@b60d4e234048]
Externo #1: Executar queuedwebhook
2026-05-06 20:46:02 [@b60d4e234048]
Externo #1: Executar queuedwebhook
2026-05-06 20:48:02 [@b60d4e234048]
Externo #1: Executar queuedwebhook
2026-05-06 20:50:02 [@b60d4e234048]
Externo #1: Executar queuedwebhook
2026-05-06 20:52:02 [@b60d4e234048]
Externo #1: Executar queuedwebhook
2026-05-06 20:54:02 [@b60d4e234048]
Externo #1: Executar queuedwebhook
2026-05-06 20:56:02 [@b60d4e234048]
Externo #1: Executar queuedwebhook
2026-05-06 20:58:02 [@b60d4e234048]
Externo #1: Executar queuedwebhook
2026-05-06 21:00:02 [@b60d4e234048]
Externo #1: Executar queuedwebhook
2026-05-06 21:02:02 [@b60d4e234048]
Externo #1: Executar queuedwebhook
2026-05-06 21:04:02 [@b60d4e234048]
Externo #1: Executar queuedwebhook
2026-05-06 21:06:02 [@b60d4e234048]
Externo #1: Executar queuedwebhook
2026-05-06 21:08:02 [@b60d4e234048]
Externo #1: Executar queuedwebhook
